epoch,step,test_loss,test_renyi_lb,train_loss_epoch,train_loss_step,train_renyi_lb_epoch,train_renyi_lb_step
0,7,,,0.11198602616786957,,-0.11198602616786957,
1,15,,,0.09655648469924927,,-0.09655648469924927,
2,23,,,0.08171368390321732,,-0.08171368390321732,
3,31,,,0.06751590222120285,,-0.06751590222120285,
4,39,,,0.0536644421517849,,-0.0536644421517849,
5,47,,,0.04007294401526451,,-0.04007294401526451,
6,49,,,,0.03028002381324768,,-0.03028002381324768
6,55,,,0.02649311162531376,,-0.02649311162531376,
7,63,,,0.01289039570838213,,-0.01289039570838213,
8,71,,,-0.0007530375733040273,,0.0007530375733040273,
9,79,,,-0.014511861838400364,,0.014511861838400364,
10,87,,,-0.028330495581030846,,0.028330495581030846,
11,95,,,-0.042298320680856705,,0.042298320680856705,
12,99,,,,-0.05500359088182449,,0.05500359088182449
12,103,,,-0.05642922967672348,,0.05642922967672348,
13,111,,,-0.07100756466388702,,0.07100756466388702,
14,119,,,-0.08599213510751724,,0.08599213510751724,
15,127,,,-0.10115411877632141,,0.10115411877632141,
16,135,,,-0.11638089269399643,,0.11638089269399643,
17,143,,,-0.1311824768781662,,0.1311824768781662,
18,149,,,,-0.1472076028585434,,0.1472076028585434
18,151,,,-0.14467377960681915,,0.14467377960681915,
19,159,,,-0.15777018666267395,,0.15777018666267395,
20,167,,,-0.17099244892597198,,0.17099244892597198,
21,175,,,-0.18289229273796082,,0.18289229273796082,
22,183,,,-0.1936115026473999,,0.1936115026473999,
23,191,,,-0.20429226756095886,,0.20429226756095886,
24,199,,,,-0.22388148307800293,,0.22388148307800293
24,199,,,-0.21496586501598358,,0.21496586501598358,
25,207,,,-0.2256554216146469,,0.2256554216146469,
26,215,,,-0.23632778227329254,,0.23632778227329254,
27,223,,,-0.24697475135326385,,0.24697475135326385,
28,231,,,-0.2574669122695923,,0.2574669122695923,
29,239,,,-0.26791051030158997,,0.26791051030158997,
30,247,,,-0.27839896082878113,,0.27839896082878113,
31,249,,,,-0.2886488437652588,,0.2886488437652588
31,255,,,-0.2886603772640228,,0.2886603772640228,
32,263,,,-0.2989114224910736,,0.2989114224910736,
33,271,,,-0.30914461612701416,,0.30914461612701416,
34,279,,,-0.3192049264907837,,0.3192049264907837,
35,287,,,-0.32914987206459045,,0.32914987206459045,
36,295,,,-0.33923783898353577,,0.33923783898353577,
37,299,,,,-0.3396170139312744,,0.3396170139312744
37,303,,,-0.34915614128112793,,0.34915614128112793,
38,311,,,-0.35895073413848877,,0.35895073413848877,
39,319,,,-0.3688654601573944,,0.3688654601573944,
40,327,,,-0.37864676117897034,,0.37864676117897034,
41,335,,,-0.3884155750274658,,0.3884155750274658,
42,343,,,-0.39808905124664307,,0.39808905124664307,
43,349,,,,-0.4124894142150879,,0.4124894142150879
43,351,,,-0.4079436659812927,,0.4079436659812927,
44,359,,,-0.41730669140815735,,0.41730669140815735,
45,367,,,-0.4268853962421417,,0.4268853962421417,
46,375,,,-0.4364836812019348,,0.4364836812019348,
47,383,,,-0.4457269012928009,,0.4457269012928009,
48,391,,,-0.45487865805625916,,0.45487865805625916,
49,399,,,,-0.45852160453796387,,0.45852160453796387
49,399,,,-0.46423155069351196,,0.46423155069351196,
50,407,,,-0.47343945503234863,,0.47343945503234863,
51,415,,,-0.48262450098991394,,0.48262450098991394,
52,423,,,-0.491423100233078,,0.491423100233078,
53,431,,,-0.5011383295059204,,0.5011383295059204,
54,439,,,-0.5086686015129089,,0.5086686015129089,
55,447,,,-0.5178126096725464,,0.5178126096725464,
56,449,,,,-0.5076885223388672,,0.5076885223388672
56,455,,,-0.5262032747268677,,0.5262032747268677,
57,463,,,-0.5350242853164673,,0.5350242853164673,
58,471,,,-0.5430335998535156,,0.5430335998535156,
59,479,,,-0.5513343214988708,,0.5513343214988708,
60,487,,,-0.5594826936721802,,0.5594826936721802,
61,495,,,-0.5677940249443054,,0.5677940249443054,
62,499,,,,-0.5826113224029541,,0.5826113224029541
62,503,,,-0.5775766968727112,,0.5775766968727112,
63,511,,,-0.5838383436203003,,0.5838383436203003,
64,519,,,-0.592598557472229,,0.592598557472229,
65,527,,,-0.599041223526001,,0.599041223526001,
66,535,,,-0.6061106324195862,,0.6061106324195862,
67,543,,,-0.6131119132041931,,0.6131119132041931,
68,549,,,,-0.6540799140930176,,0.6540799140930176
68,551,,,-0.6212870478630066,,0.6212870478630066,
69,559,,,-0.6298127770423889,,0.6298127770423889,
70,567,,,-0.6351423859596252,,0.6351423859596252,
71,575,,,-0.6436646580696106,,0.6436646580696106,
72,583,,,-0.6493148803710938,,0.6493148803710938,
73,591,,,-0.6569053530693054,,0.6569053530693054,
74,599,,,,-0.6421287059783936,,0.6421287059783936
74,599,,,-0.6660597920417786,,0.6660597920417786,
75,607,,,-0.6700918674468994,,0.6700918674468994,
76,615,,,-0.6753436326980591,,0.6753436326980591,
77,623,,,-0.6800714135169983,,0.6800714135169983,
78,631,,,-0.6926072239875793,,0.6926072239875793,
79,639,,,-0.6952577829360962,,0.6952577829360962,
80,647,,,-0.7046841979026794,,0.7046841979026794,
81,649,,,,-0.7498689889907837,,0.7498689889907837
81,655,,,-0.7064688205718994,,0.7064688205718994,
82,663,,,-0.7129863500595093,,0.7129863500595093,
83,671,,,-0.7207260131835938,,0.7207260131835938,
84,679,,,-0.7214648723602295,,0.7214648723602295,
85,687,,,-0.7301571369171143,,0.7301571369171143,
86,695,,,-0.736739993095398,,0.736739993095398,
87,699,,,,-0.8101975917816162,,0.8101975917816162
87,703,,,-0.7422382235527039,,0.7422382235527039,
88,711,,,-0.7410892844200134,,0.7410892844200134,
89,719,,,-0.7466996908187866,,0.7466996908187866,
90,727,,,-0.747978687286377,,0.747978687286377,
91,735,,,-0.7676613330841064,,0.7676613330841064,
92,743,,,-0.7661646008491516,,0.7661646008491516,
93,749,,,,-0.8097896575927734,,0.8097896575927734
93,751,,,-0.7673001885414124,,0.7673001885414124,
94,759,,,-0.7789486050605774,,0.7789486050605774,
95,767,,,-0.7713128924369812,,0.7713128924369812,
96,775,,,-0.7768569588661194,,0.7768569588661194,
97,783,,,-0.7855471968650818,,0.7855471968650818,
98,791,,,-0.8006339073181152,,0.8006339073181152,
99,799,,,,-0.7963500022888184,,0.7963500022888184
99,799,,,-0.7893046140670776,,0.7893046140670776,
100,807,,,-0.8187345266342163,,0.8187345266342163,
101,815,,,-0.8023660182952881,,0.8023660182952881,
102,823,,,-0.8060900568962097,,0.8060900568962097,
103,831,,,-0.8134150505065918,,0.8134150505065918,
104,839,,,-0.8179701566696167,,0.8179701566696167,
105,847,,,-0.8106626272201538,,0.8106626272201538,
106,849,,,,-0.8884966373443604,,0.8884966373443604
106,855,,,-0.8229352831840515,,0.8229352831840515,
107,863,,,-0.824011504650116,,0.824011504650116,
108,871,,,-0.8342921137809753,,0.8342921137809753,
109,879,,,-0.8264654278755188,,0.8264654278755188,
110,887,,,-0.8328225612640381,,0.8328225612640381,
111,895,,,-0.8343483209609985,,0.8343483209609985,
112,899,,,,-0.883465051651001,,0.883465051651001
112,903,,,-0.8463718891143799,,0.8463718891143799,
113,911,,,-0.8517090678215027,,0.8517090678215027,
114,919,,,-0.870090126991272,,0.870090126991272,
115,927,,,-0.8666224479675293,,0.8666224479675293,
116,935,,,-0.8530564308166504,,0.8530564308166504,
117,943,,,-0.8646383881568909,,0.8646383881568909,
118,949,,,,-0.9073699712753296,,0.9073699712753296
118,951,,,-0.8515010476112366,,0.8515010476112366,
119,959,,,-0.867902934551239,,0.867902934551239,
120,967,,,-0.8740794062614441,,0.8740794062614441,
121,975,,,-0.8534934520721436,,0.8534934520721436,
122,983,,,-0.8902536034584045,,0.8902536034584045,
123,991,,,-0.8840287923812866,,0.8840287923812866,
124,999,,,,-0.5613844394683838,,0.5613844394683838
124,999,,,-0.8854631781578064,,0.8854631781578064,
125,1007,,,-0.8996288776397705,,0.8996288776397705,
126,1015,,,-0.878518283367157,,0.878518283367157,
127,1023,,,-0.8817760944366455,,0.8817760944366455,
128,1031,,,-0.8819878697395325,,0.8819878697395325,
129,1039,,,-0.8812676072120667,,0.8812676072120667,
130,1047,,,-0.8868281245231628,,0.8868281245231628,
131,1049,,,,-1.020463228225708,,1.020463228225708
131,1055,,,-0.8971401453018188,,0.8971401453018188,
132,1063,,,-0.9192582964897156,,0.9192582964897156,
133,1071,,,-0.9283350706100464,,0.9283350706100464,
134,1079,,,-0.8953349590301514,,0.8953349590301514,
135,1087,,,-0.8935902118682861,,0.8935902118682861,
136,1095,,,-0.940942108631134,,0.940942108631134,
137,1099,,,,-0.8926926851272583,,0.8926926851272583
137,1103,,,-0.9341543912887573,,0.9341543912887573,
138,1111,,,-0.9047299027442932,,0.9047299027442932,
139,1119,,,-0.9481871128082275,,0.9481871128082275,
140,1127,,,-0.9076831340789795,,0.9076831340789795,
141,1135,,,-0.9283018708229065,,0.9283018708229065,
142,1143,,,-0.9479262828826904,,0.9479262828826904,
143,1149,,,,-1.084221363067627,,1.084221363067627
143,1151,,,-0.9496467709541321,,0.9496467709541321,
144,1159,,,-0.9249610304832458,,0.9249610304832458,
145,1167,,,-0.9248476624488831,,0.9248476624488831,
146,1175,,,-0.9394363164901733,,0.9394363164901733,
147,1183,,,-0.937904417514801,,0.937904417514801,
148,1191,,,-0.9522268772125244,,0.9522268772125244,
149,1199,,,,-0.9997055530548096,,0.9997055530548096
149,1199,,,-0.9463772177696228,,0.9463772177696228,
150,1207,,,-0.9394921660423279,,0.9394921660423279,
151,1215,,,-0.9740262627601624,,0.9740262627601624,
152,1223,,,-0.929089367389679,,0.929089367389679,
153,1231,,,-0.9584016799926758,,0.9584016799926758,
154,1239,,,-0.9346246123313904,,0.9346246123313904,
155,1247,,,-0.988166093826294,,0.988166093826294,
156,1249,,,,-0.903828501701355,,0.903828501701355
156,1255,,,-0.9632036089897156,,0.9632036089897156,
157,1263,,,-0.9671835899353027,,0.9671835899353027,
158,1271,,,-0.9584954977035522,,0.9584954977035522,
159,1279,,,-0.9493310451507568,,0.9493310451507568,
160,1287,,,-1.0126276016235352,,1.0126276016235352,
161,1295,,,-0.9628100395202637,,0.9628100395202637,
162,1299,,,,-1.080785870552063,,1.080785870552063
162,1303,,,-0.9433885812759399,,0.9433885812759399,
163,1311,,,-0.9605414271354675,,0.9605414271354675,
164,1319,,,-0.9619182348251343,,0.9619182348251343,
165,1327,,,-0.9581436514854431,,0.9581436514854431,
166,1335,,,-0.9680012464523315,,0.9680012464523315,
167,1343,,,-0.9942906498908997,,0.9942906498908997,
168,1349,,,,-1.033036708831787,,1.033036708831787
168,1351,,,-0.977316677570343,,0.977316677570343,
169,1359,,,-1.0073970556259155,,1.0073970556259155,
170,1367,,,-0.9679831862449646,,0.9679831862449646,
171,1375,,,-0.9869883060455322,,0.9869883060455322,
172,1383,,,-0.9545081257820129,,0.9545081257820129,
173,1391,,,-0.9757319092750549,,0.9757319092750549,
174,1399,,,,-0.8769576549530029,,0.8769576549530029
174,1399,,,-1.0264027118682861,,1.0264027118682861,
175,1407,,,-0.9822381734848022,,0.9822381734848022,
176,1415,,,-0.9827576279640198,,0.9827576279640198,
177,1423,,,-0.9777104258537292,,0.9777104258537292,
178,1431,,,-0.9706991910934448,,0.9706991910934448,
179,1439,,,-1.0139816999435425,,1.0139816999435425,
180,1447,,,-0.9918482303619385,,0.9918482303619385,
181,1449,,,,-0.5786747932434082,,0.5786747932434082
181,1455,,,-0.98581463098526,,0.98581463098526,
182,1463,,,-0.9788905382156372,,0.9788905382156372,
183,1471,,,-1.0201976299285889,,1.0201976299285889,
184,1479,,,-1.0279771089553833,,1.0279771089553833,
185,1487,,,-0.9947628974914551,,0.9947628974914551,
186,1495,,,-1.0409023761749268,,1.0409023761749268,
187,1499,,,,-0.7830061912536621,,0.7830061912536621
187,1503,,,-0.9896772503852844,,0.9896772503852844,
188,1511,,,-0.997890055179596,,0.997890055179596,
189,1519,,,-1.0218579769134521,,1.0218579769134521,
190,1527,,,-1.017230749130249,,1.017230749130249,
191,1535,,,-1.0521230697631836,,1.0521230697631836,
192,1543,,,-0.9966638684272766,,0.9966638684272766,
193,1549,,,,-1.2018511295318604,,1.2018511295318604
193,1551,,,-1.031495451927185,,1.031495451927185,
194,1559,,,-0.9945166110992432,,0.9945166110992432,
195,1567,,,-1.02678644657135,,1.02678644657135,
196,1575,,,-1.011287808418274,,1.011287808418274,
197,1583,,,-1.018492579460144,,1.018492579460144,
198,1591,,,-1.092584252357483,,1.092584252357483,
199,1599,,,,-1.221789836883545,,1.221789836883545
199,1599,,,-1.088853359222412,,1.088853359222412,
200,1607,,,-1.0722475051879883,,1.0722475051879883,
201,1615,,,-1.030470371246338,,1.030470371246338,
202,1623,,,-1.0249195098876953,,1.0249195098876953,
203,1631,,,-1.0873229503631592,,1.0873229503631592,
204,1639,,,-1.0345041751861572,,1.0345041751861572,
205,1647,,,-1.1261858940124512,,1.1261858940124512,
206,1649,,,,-1.398508906364441,,1.398508906364441
206,1655,,,-1.086254596710205,,1.086254596710205,
207,1663,,,-1.0338335037231445,,1.0338335037231445,
208,1671,,,-1.0639311075210571,,1.0639311075210571,
209,1679,,,-1.0313506126403809,,1.0313506126403809,
210,1687,,,-1.038429856300354,,1.038429856300354,
211,1695,,,-1.0501177310943604,,1.0501177310943604,
212,1699,,,,-0.8665329217910767,,0.8665329217910767
212,1703,,,-1.0648894309997559,,1.0648894309997559,
213,1711,,,-1.034889817237854,,1.034889817237854,
214,1719,,,-1.060821771621704,,1.060821771621704,
215,1727,,,-1.0721443891525269,,1.0721443891525269,
216,1735,,,-1.0350327491760254,,1.0350327491760254,
217,1743,,,-1.03141450881958,,1.03141450881958,
218,1749,,,,-0.941952109336853,,0.941952109336853
218,1751,,,-1.0410435199737549,,1.0410435199737549,
219,1759,,,-1.0604588985443115,,1.0604588985443115,
220,1767,,,-1.0466209650039673,,1.0466209650039673,
221,1775,,,-1.1181886196136475,,1.1181886196136475,
222,1783,,,-1.0732228755950928,,1.0732228755950928,
223,1791,,,-1.045005440711975,,1.045005440711975,
224,1799,,,,-1.2333968877792358,,1.2333968877792358
224,1799,,,-1.0607556104660034,,1.0607556104660034,
225,1807,,,-1.0736663341522217,,1.0736663341522217,
226,1815,,,-1.1622192859649658,,1.1622192859649658,
227,1823,,,-1.055861473083496,,1.055861473083496,
228,1831,,,-1.1166906356811523,,1.1166906356811523,
229,1839,,,-1.1062116622924805,,1.1062116622924805,
230,1847,,,-1.0868513584136963,,1.0868513584136963,
231,1849,,,,-1.1989831924438477,,1.1989831924438477
231,1855,,,-1.102021336555481,,1.102021336555481,
232,1863,,,-1.0991418361663818,,1.0991418361663818,
233,1871,,,-1.0768157243728638,,1.0768157243728638,
234,1879,,,-1.095842719078064,,1.095842719078064,
235,1887,,,-1.0551139116287231,,1.0551139116287231,
236,1895,,,-1.0493462085723877,,1.0493462085723877,
237,1899,,,,-1.2409405708312988,,1.2409405708312988
237,1903,,,-1.141403079032898,,1.141403079032898,
238,1911,,,-1.0798496007919312,,1.0798496007919312,
239,1919,,,-1.140560507774353,,1.140560507774353,
240,1927,,,-1.0765738487243652,,1.0765738487243652,
241,1935,,,-1.0865628719329834,,1.0865628719329834,
242,1943,,,-1.1636402606964111,,1.1636402606964111,
243,1949,,,,-1.1501185894012451,,1.1501185894012451
243,1951,,,-1.0975561141967773,,1.0975561141967773,
244,1959,,,-1.0608580112457275,,1.0608580112457275,
245,1967,,,-1.1481109857559204,,1.1481109857559204,
246,1975,,,-1.1017255783081055,,1.1017255783081055,
247,1983,,,-1.1624072790145874,,1.1624072790145874,
248,1991,,,-1.1319842338562012,,1.1319842338562012,
249,1999,,,,-1.3296539783477783,,1.3296539783477783
249,1999,,,-1.1376209259033203,,1.1376209259033203,
250,2007,,,-1.092531681060791,,1.092531681060791,
251,2015,,,-1.1278393268585205,,1.1278393268585205,
252,2023,,,-1.0930297374725342,,1.0930297374725342,
253,2031,,,-1.1912446022033691,,1.1912446022033691,
254,2039,,,-1.0993293523788452,,1.0993293523788452,
255,2047,,,-1.157949686050415,,1.157949686050415,
256,2049,,,,-0.786670446395874,,0.786670446395874
256,2055,,,-1.1031278371810913,,1.1031278371810913,
257,2063,,,-1.1338714361190796,,1.1338714361190796,
258,2071,,,-1.1302298307418823,,1.1302298307418823,
259,2079,,,-1.114535927772522,,1.114535927772522,
260,2087,,,-1.1493096351623535,,1.1493096351623535,
261,2095,,,-1.1417533159255981,,1.1417533159255981,
262,2099,,,,-1.1654131412506104,,1.1654131412506104
262,2103,,,-1.1422330141067505,,1.1422330141067505,
263,2111,,,-1.1646125316619873,,1.1646125316619873,
264,2119,,,-1.1593549251556396,,1.1593549251556396,
265,2127,,,-1.2346835136413574,,1.2346835136413574,
266,2135,,,-1.1477940082550049,,1.1477940082550049,
267,2143,,,-1.1688191890716553,,1.1688191890716553,
268,2149,,,,-0.5632108449935913,,0.5632108449935913
268,2151,,,-1.1312587261199951,,1.1312587261199951,
269,2159,,,-1.114815592765808,,1.114815592765808,
270,2167,,,-1.110561490058899,,1.110561490058899,
271,2175,,,-1.1729165315628052,,1.1729165315628052,
272,2183,,,-1.1852973699569702,,1.1852973699569702,
273,2191,,,-1.2080830335617065,,1.2080830335617065,
274,2199,,,,-0.6682536602020264,,0.6682536602020264
274,2199,,,-1.1893383264541626,,1.1893383264541626,
275,2207,,,-1.1827731132507324,,1.1827731132507324,
276,2215,,,-1.1908029317855835,,1.1908029317855835,
277,2223,,,-1.1197896003723145,,1.1197896003723145,
278,2231,,,-1.2081403732299805,,1.2081403732299805,
279,2239,,,-1.195207953453064,,1.195207953453064,
280,2247,,,-1.1494190692901611,,1.1494190692901611,
281,2249,,,,-0.45441246032714844,,0.45441246032714844
281,2255,,,-1.2133159637451172,,1.2133159637451172,
282,2263,,,-1.1702748537063599,,1.1702748537063599,
283,2271,,,-1.20065176486969,,1.20065176486969,
284,2279,,,-1.1613436937332153,,1.1613436937332153,
285,2287,,,-1.1712373495101929,,1.1712373495101929,
286,2295,,,-1.2456446886062622,,1.2456446886062622,
287,2299,,,,-1.6697157621383667,,1.6697157621383667
287,2303,,,-1.2569901943206787,,1.2569901943206787,
288,2311,,,-1.2086207866668701,,1.2086207866668701,
289,2319,,,-1.206233024597168,,1.206233024597168,
290,2327,,,-1.1445924043655396,,1.1445924043655396,
291,2335,,,-1.1896910667419434,,1.1896910667419434,
292,2343,,,-1.1972112655639648,,1.1972112655639648,
293,2349,,,,-1.5605956315994263,,1.5605956315994263
293,2351,,,-1.2125037908554077,,1.2125037908554077,
294,2359,,,-1.174283504486084,,1.174283504486084,
295,2367,,,-1.1687109470367432,,1.1687109470367432,
296,2375,,,-1.190537691116333,,1.190537691116333,
297,2383,,,-1.24607515335083,,1.24607515335083,
298,2391,,,-1.3025587797164917,,1.3025587797164917,
299,2399,,,,-1.5780888795852661,,1.5780888795852661
299,2399,,,-1.295140027999878,,1.295140027999878,
300,2407,,,-1.174896240234375,,1.174896240234375,
301,2415,,,-1.2594727277755737,,1.2594727277755737,
302,2423,,,-1.2414519786834717,,1.2414519786834717,
303,2431,,,-1.2275859117507935,,1.2275859117507935,
304,2439,,,-1.231549859046936,,1.231549859046936,
305,2447,,,-1.2579388618469238,,1.2579388618469238,
306,2449,,,,-0.5358583927154541,,0.5358583927154541
306,2455,,,-1.2142099142074585,,1.2142099142074585,
307,2463,,,-1.2196879386901855,,1.2196879386901855,
308,2471,,,-1.2719780206680298,,1.2719780206680298,
309,2479,,,-1.2542462348937988,,1.2542462348937988,
310,2487,,,-1.2469710111618042,,1.2469710111618042,
311,2495,,,-1.1928209066390991,,1.1928209066390991,
312,2499,,,,-0.6698716878890991,,0.6698716878890991
312,2503,,,-1.245956301689148,,1.245956301689148,
313,2511,,,-1.2661465406417847,,1.2661465406417847,
314,2519,,,-1.225270390510559,,1.225270390510559,
315,2527,,,-1.193877100944519,,1.193877100944519,
316,2535,,,-1.2093876600265503,,1.2093876600265503,
317,2543,,,-1.2748804092407227,,1.2748804092407227,
318,2549,,,,-0.7132880687713623,,0.7132880687713623
318,2551,,,-1.2435275316238403,,1.2435275316238403,
319,2559,,,-1.2748968601226807,,1.2748968601226807,
320,2567,,,-1.2407394647598267,,1.2407394647598267,
321,2575,,,-1.2491440773010254,,1.2491440773010254,
322,2583,,,-1.2625501155853271,,1.2625501155853271,
323,2591,,,-1.2739940881729126,,1.2739940881729126,
324,2599,,,,-1.4438669681549072,,1.4438669681549072
324,2599,,,-1.3577685356140137,,1.3577685356140137,
325,2607,,,-1.2706907987594604,,1.2706907987594604,
326,2615,,,-1.2892190217971802,,1.2892190217971802,
327,2623,,,-1.2756941318511963,,1.2756941318511963,
328,2631,,,-1.2437039613723755,,1.2437039613723755,
329,2639,,,-1.256312370300293,,1.256312370300293,
330,2647,,,-1.2957490682601929,,1.2957490682601929,
331,2649,,,,-1.825574278831482,,1.825574278831482
331,2655,,,-1.3634499311447144,,1.3634499311447144,
332,2663,,,-1.2759850025177002,,1.2759850025177002,
333,2671,,,-1.413804292678833,,1.413804292678833,
334,2679,,,-1.229453206062317,,1.229453206062317,
335,2687,,,-1.263553261756897,,1.263553261756897,
336,2695,,,-1.2517141103744507,,1.2517141103744507,
337,2699,,,,-1.0384987592697144,,1.0384987592697144
337,2703,,,-1.3624578714370728,,1.3624578714370728,
338,2711,,,-1.223514199256897,,1.223514199256897,
339,2719,,,-1.2381582260131836,,1.2381582260131836,
340,2727,,,-1.2835458517074585,,1.2835458517074585,
341,2735,,,-1.2348345518112183,,1.2348345518112183,
342,2743,,,-1.3304684162139893,,1.3304684162139893,
343,2749,,,,-1.2289416790008545,,1.2289416790008545
343,2751,,,-1.3244061470031738,,1.3244061470031738,
344,2759,,,-1.3253484964370728,,1.3253484964370728,
345,2767,,,-1.2867428064346313,,1.2867428064346313,
346,2775,,,-1.319054126739502,,1.319054126739502,
347,2783,,,-1.353145956993103,,1.353145956993103,
348,2791,,,-1.278668761253357,,1.278668761253357,
349,2799,,,,-1.6207795143127441,,1.6207795143127441
349,2799,,,-1.4616868495941162,,1.4616868495941162,
350,2807,,,-1.3099664449691772,,1.3099664449691772,
351,2815,,,-1.3113911151885986,,1.3113911151885986,
352,2823,,,-1.283995509147644,,1.283995509147644,
353,2831,,,-1.3956387042999268,,1.3956387042999268,
354,2839,,,-1.3057878017425537,,1.3057878017425537,
355,2847,,,-1.3123396635055542,,1.3123396635055542,
356,2849,,,,-0.8369817733764648,,0.8369817733764648
356,2855,,,-1.317206859588623,,1.317206859588623,
357,2863,,,-1.3010810613632202,,1.3010810613632202,
358,2871,,,-1.3346238136291504,,1.3346238136291504,
359,2879,,,-1.3206526041030884,,1.3206526041030884,
360,2887,,,-1.2892826795578003,,1.2892826795578003,
361,2895,,,-1.4030166864395142,,1.4030166864395142,
362,2899,,,,-0.8404264450073242,,0.8404264450073242
362,2903,,,-1.3918497562408447,,1.3918497562408447,
363,2911,,,-1.3324925899505615,,1.3324925899505615,
364,2919,,,-1.4197708368301392,,1.4197708368301392,
365,2927,,,-1.420487642288208,,1.420487642288208,
366,2935,,,-1.3780628442764282,,1.3780628442764282,
367,2943,,,-1.2651230096817017,,1.2651230096817017,
368,2949,,,,-1.7803130149841309,,1.7803130149841309
368,2951,,,-1.3367177248001099,,1.3367177248001099,
369,2959,,,-1.3875727653503418,,1.3875727653503418,
370,2967,,,-1.3704814910888672,,1.3704814910888672,
371,2975,,,-1.5390400886535645,,1.5390400886535645,
372,2983,,,-1.3205482959747314,,1.3205482959747314,
373,2991,,,-1.299113392829895,,1.299113392829895,
374,2999,,,,-1.5021225214004517,,1.5021225214004517
374,2999,,,-1.298458456993103,,1.298458456993103,
375,3007,,,-1.3368247747421265,,1.3368247747421265,
376,3015,,,-1.3392877578735352,,1.3392877578735352,
377,3023,,,-1.4553948640823364,,1.4553948640823364,
378,3031,,,-1.463577389717102,,1.463577389717102,
379,3039,,,-1.4057387113571167,,1.4057387113571167,
380,3047,,,-1.502220630645752,,1.502220630645752,
381,3049,,,,-1.8916664123535156,,1.8916664123535156
381,3055,,,-1.3607319593429565,,1.3607319593429565,
382,3063,,,-1.417514443397522,,1.417514443397522,
383,3071,,,-1.4938470125198364,,1.4938470125198364,
384,3079,,,-1.4072693586349487,,1.4072693586349487,
385,3087,,,-1.3715486526489258,,1.3715486526489258,
386,3095,,,-1.3971011638641357,,1.3971011638641357,
387,3099,,,,-1.4408886432647705,,1.4408886432647705
387,3103,,,-1.3820327520370483,,1.3820327520370483,
388,3111,,,-1.438306450843811,,1.438306450843811,
389,3119,,,-1.4243186712265015,,1.4243186712265015,
390,3127,,,-1.3876334428787231,,1.3876334428787231,
391,3135,,,-1.3993433713912964,,1.3993433713912964,
392,3143,,,-1.384842038154602,,1.384842038154602,
393,3149,,,,-1.7891381978988647,,1.7891381978988647
393,3151,,,-1.4972374439239502,,1.4972374439239502,
394,3159,,,-1.4420686960220337,,1.4420686960220337,
395,3167,,,-1.4592732191085815,,1.4592732191085815,
396,3175,,,-1.3923921585083008,,1.3923921585083008,
397,3183,,,-1.3972041606903076,,1.3972041606903076,
398,3191,,,-1.3967411518096924,,1.3967411518096924,
399,3199,,,,-1.03998863697052,,1.03998863697052
399,3199,,,-1.3199747800827026,,1.3199747800827026,
400,3207,,,-1.5634199380874634,,1.5634199380874634,
401,3215,,,-1.4444841146469116,,1.4444841146469116,
402,3223,,,-1.5397800207138062,,1.5397800207138062,
403,3231,,,-1.459416389465332,,1.459416389465332,
404,3239,,,-1.4383342266082764,,1.4383342266082764,
405,3247,,,-1.4471250772476196,,1.4471250772476196,
406,3249,,,,-0.5637502670288086,,0.5637502670288086
406,3255,,,-1.3913177251815796,,1.3913177251815796,
407,3263,,,-1.5402835607528687,,1.5402835607528687,
408,3271,,,-1.41545569896698,,1.41545569896698,
409,3279,,,-1.3787959814071655,,1.3787959814071655,
410,3287,,,-1.4539554119110107,,1.4539554119110107,
411,3295,,,-1.475250244140625,,1.475250244140625,
412,3299,,,,-0.7171608209609985,,0.7171608209609985
412,3303,,,-1.4733469486236572,,1.4733469486236572,
413,3311,,,-1.429855227470398,,1.429855227470398,
414,3319,,,-1.645387053489685,,1.645387053489685,
415,3327,,,-1.4838130474090576,,1.4838130474090576,
416,3335,,,-1.5950208902359009,,1.5950208902359009,
417,3343,,,-1.5855131149291992,,1.5855131149291992,
418,3349,,,,-2.3010451793670654,,2.3010451793670654
418,3351,,,-1.5706368684768677,,1.5706368684768677,
419,3359,,,-1.4712600708007812,,1.4712600708007812,
420,3367,,,-1.4678057432174683,,1.4678057432174683,
421,3375,,,-1.4475436210632324,,1.4475436210632324,
422,3383,,,-1.4607235193252563,,1.4607235193252563,
423,3391,,,-1.5369528532028198,,1.5369528532028198,
424,3399,,,,-0.9009579420089722,,0.9009579420089722
424,3399,,,-1.5603981018066406,,1.5603981018066406,
425,3407,,,-1.4394170045852661,,1.4394170045852661,
426,3415,,,-1.572628378868103,,1.572628378868103,
427,3423,,,-1.5201365947723389,,1.5201365947723389,
428,3431,,,-1.514094352722168,,1.514094352722168,
429,3439,,,-1.546447515487671,,1.546447515487671,
430,3447,,,-1.5087337493896484,,1.5087337493896484,
431,3449,,,,-0.6743268966674805,,0.6743268966674805
431,3455,,,-1.5163896083831787,,1.5163896083831787,
432,3463,,,-1.5289325714111328,,1.5289325714111328,
433,3471,,,-1.5548487901687622,,1.5548487901687622,
434,3479,,,-1.602309226989746,,1.602309226989746,
435,3487,,,-1.555970549583435,,1.555970549583435,
436,3495,,,-1.608260989189148,,1.608260989189148,
437,3499,,,,-0.7928446531295776,,0.7928446531295776
437,3503,,,-1.522832989692688,,1.522832989692688,
438,3511,,,-1.5589570999145508,,1.5589570999145508,
439,3519,,,-1.5907505750656128,,1.5907505750656128,
440,3527,,,-1.5402195453643799,,1.5402195453643799,
441,3535,,,-1.5697062015533447,,1.5697062015533447,
442,3543,,,-1.5181152820587158,,1.5181152820587158,
443,3549,,,,-1.6975374221801758,,1.6975374221801758
443,3551,,,-1.5700318813323975,,1.5700318813323975,
444,3559,,,-1.4986908435821533,,1.4986908435821533,
445,3567,,,-1.5603691339492798,,1.5603691339492798,
446,3575,,,-1.6204564571380615,,1.6204564571380615,
447,3583,,,-1.5159006118774414,,1.5159006118774414,
448,3591,,,-1.5718995332717896,,1.5718995332717896,
449,3599,,,,-1.6178089380264282,,1.6178089380264282
449,3599,,,-1.4952222108840942,,1.4952222108840942,
450,3607,,,-1.7406560182571411,,1.7406560182571411,
451,3615,,,-1.682411551475525,,1.682411551475525,
452,3623,,,-1.5844634771347046,,1.5844634771347046,
453,3631,,,-1.6343578100204468,,1.6343578100204468,
454,3639,,,-1.6684399843215942,,1.6684399843215942,
455,3647,,,-1.640291452407837,,1.640291452407837,
456,3649,,,,-2.145573854446411,,2.145573854446411
456,3655,,,-1.6159899234771729,,1.6159899234771729,
457,3663,,,-1.5180727243423462,,1.5180727243423462,
458,3671,,,-1.6070935726165771,,1.6070935726165771,
459,3679,,,-1.6105916500091553,,1.6105916500091553,
460,3687,,,-1.7006416320800781,,1.7006416320800781,
461,3695,,,-1.611258625984192,,1.611258625984192,
462,3699,,,,-1.6953824758529663,,1.6953824758529663
462,3703,,,-1.5933343172073364,,1.5933343172073364,
463,3711,,,-1.589662790298462,,1.589662790298462,
464,3719,,,-1.6067447662353516,,1.6067447662353516,
465,3727,,,-1.7003986835479736,,1.7003986835479736,
466,3735,,,-1.5937317609786987,,1.5937317609786987,
467,3743,,,-1.7625466585159302,,1.7625466585159302,
468,3749,,,,-1.8397889137268066,,1.8397889137268066
468,3751,,,-1.7465789318084717,,1.7465789318084717,
469,3759,,,-1.5863370895385742,,1.5863370895385742,
470,3767,,,-1.5655980110168457,,1.5655980110168457,
471,3775,,,-1.6898308992385864,,1.6898308992385864,
472,3783,,,-1.7431232929229736,,1.7431232929229736,
473,3791,,,-1.5973083972930908,,1.5973083972930908,
474,3799,,,,-2.1270065307617188,,2.1270065307617188
474,3799,,,-1.7355045080184937,,1.7355045080184937,
475,3807,,,-1.6861602067947388,,1.6861602067947388,
476,3815,,,-1.6570680141448975,,1.6570680141448975,
477,3823,,,-1.7138736248016357,,1.7138736248016357,
478,3831,,,-1.6707518100738525,,1.6707518100738525,
479,3839,,,-1.7072714567184448,,1.7072714567184448,
480,3847,,,-1.6696683168411255,,1.6696683168411255,
481,3849,,,,-0.5778001546859741,,0.5778001546859741
481,3855,,,-1.7011195421218872,,1.7011195421218872,
482,3863,,,-1.708479642868042,,1.708479642868042,
483,3871,,,-1.7302964925765991,,1.7302964925765991,
484,3879,,,-1.867087483406067,,1.867087483406067,
485,3887,,,-1.5981413125991821,,1.5981413125991821,
486,3895,,,-1.6002275943756104,,1.6002275943756104,
487,3899,,,,-2.2525644302368164,,2.2525644302368164
487,3903,,,-1.693649172782898,,1.693649172782898,
488,3911,,,-1.7210437059402466,,1.7210437059402466,
489,3919,,,-1.7339097261428833,,1.7339097261428833,
490,3927,,,-1.8213509321212769,,1.8213509321212769,
491,3935,,,-1.7289750576019287,,1.7289750576019287,
492,3943,,,-1.676295518875122,,1.676295518875122,
493,3949,,,,-1.897878885269165,,1.897878885269165
493,3951,,,-1.6475892066955566,,1.6475892066955566,
494,3959,,,-1.6679461002349854,,1.6679461002349854,
495,3967,,,-1.7242385149002075,,1.7242385149002075,
496,3975,,,-1.8158140182495117,,1.8158140182495117,
497,3983,,,-1.6887123584747314,,1.6887123584747314,
498,3991,,,-1.7091954946517944,,1.7091954946517944,
499,3999,,,,-1.9525240659713745,,1.9525240659713745
499,3999,,,-1.870807409286499,,1.870807409286499,
500,4007,,,-1.7216923236846924,,1.7216923236846924,
501,4015,,,-1.8191373348236084,,1.8191373348236084,
502,4023,,,-1.6955865621566772,,1.6955865621566772,
503,4031,,,-1.7749992609024048,,1.7749992609024048,
504,4039,,,-1.8130992650985718,,1.8130992650985718,
505,4047,,,-1.8073468208312988,,1.8073468208312988,
506,4049,,,,-1.9091013669967651,,1.9091013669967651
506,4055,,,-1.6521090269088745,,1.6521090269088745,
507,4063,,,-1.7638709545135498,,1.7638709545135498,
508,4071,,,-1.777966022491455,,1.777966022491455,
509,4079,,,-1.807074785232544,,1.807074785232544,
510,4087,,,-1.7533296346664429,,1.7533296346664429,
511,4095,,,-1.7372422218322754,,1.7372422218322754,
512,4099,,,,-2.1014463901519775,,2.1014463901519775
512,4103,,,-1.931036353111267,,1.931036353111267,
513,4111,,,-1.8248478174209595,,1.8248478174209595,
514,4119,,,-1.8090355396270752,,1.8090355396270752,
515,4127,,,-1.7950503826141357,,1.7950503826141357,
516,4135,,,-1.761954665184021,,1.761954665184021,
517,4143,,,-1.7052937746047974,,1.7052937746047974,
518,4149,,,,-1.9062833786010742,,1.9062833786010742
518,4151,,,-1.9385216236114502,,1.9385216236114502,
519,4159,,,-1.9351500272750854,,1.9351500272750854,
520,4167,,,-1.8121265172958374,,1.8121265172958374,
521,4175,,,-1.808953881263733,,1.808953881263733,
522,4183,,,-1.8577525615692139,,1.8577525615692139,
523,4191,,,-1.8837623596191406,,1.8837623596191406,
524,4199,,,,-2.1847901344299316,,2.1847901344299316
524,4199,,,-1.8437237739562988,,1.8437237739562988,
525,4207,,,-1.9457371234893799,,1.9457371234893799,
526,4215,,,-1.806306004524231,,1.806306004524231,
527,4223,,,-1.8123173713684082,,1.8123173713684082,
528,4231,,,-1.9400736093521118,,1.9400736093521118,
529,4239,,,-1.9789568185806274,,1.9789568185806274,
530,4247,,,-1.7435591220855713,,1.7435591220855713,
531,4249,,,,-2.2294015884399414,,2.2294015884399414
531,4255,,,-1.828285574913025,,1.828285574913025,
532,4263,,,-1.8336652517318726,,1.8336652517318726,
533,4271,,,-1.8336941003799438,,1.8336941003799438,
534,4279,,,-1.8835978507995605,,1.8835978507995605,
535,4287,,,-1.9844753742218018,,1.9844753742218018,
536,4295,,,-1.8601211309432983,,1.8601211309432983,
537,4299,,,,-1.3673454523086548,,1.3673454523086548
537,4303,,,-1.7671152353286743,,1.7671152353286743,
538,4311,,,-1.9167464971542358,,1.9167464971542358,
539,4319,,,-1.8550416231155396,,1.8550416231155396,
540,4327,,,-1.8452359437942505,,1.8452359437942505,
541,4335,,,-2.1995620727539062,,2.1995620727539062,
542,4343,,,-1.932548999786377,,1.932548999786377,
543,4349,,,,-2.68438982963562,,2.68438982963562
543,4351,,,-1.8359540700912476,,1.8359540700912476,
544,4359,,,-1.8892468214035034,,1.8892468214035034,
545,4367,,,-1.9169864654541016,,1.9169864654541016,
546,4375,,,-1.9094154834747314,,1.9094154834747314,
547,4383,,,-1.9468348026275635,,1.9468348026275635,
548,4391,,,-1.9127622842788696,,1.9127622842788696,
549,4399,,,,-2.6454989910125732,,2.6454989910125732
549,4399,,,-1.9678994417190552,,1.9678994417190552,
550,4407,,,-1.8967554569244385,,1.8967554569244385,
551,4415,,,-2.023207902908325,,2.023207902908325,
552,4423,,,-1.8267779350280762,,1.8267779350280762,
553,4431,,,-1.8686423301696777,,1.8686423301696777,
554,4439,,,-2.0852596759796143,,2.0852596759796143,
555,4447,,,-2.1868176460266113,,2.1868176460266113,
556,4449,,,,-2.296538829803467,,2.296538829803467
556,4455,,,-2.0981204509735107,,2.0981204509735107,
557,4463,,,-1.980718731880188,,1.980718731880188,
558,4471,,,-1.869787335395813,,1.869787335395813,
559,4479,,,-2.010826826095581,,2.010826826095581,
560,4487,,,-2.0132155418395996,,2.0132155418395996,
561,4495,,,-1.9391043186187744,,1.9391043186187744,
562,4499,,,,-2.6325576305389404,,2.6325576305389404
562,4503,,,-1.944871425628662,,1.944871425628662,
563,4511,,,-2.136153221130371,,2.136153221130371,
564,4519,,,-2.1069977283477783,,2.1069977283477783,
565,4527,,,-1.8830642700195312,,1.8830642700195312,
566,4535,,,-1.9236830472946167,,1.9236830472946167,
567,4543,,,-2.0858418941497803,,2.0858418941497803,
568,4549,,,,-2.163316249847412,,2.163316249847412
568,4551,,,-1.9903523921966553,,1.9903523921966553,
569,4559,,,-1.992531657218933,,1.992531657218933,
570,4567,,,-2.1251020431518555,,2.1251020431518555,
571,4575,,,-2.137192487716675,,2.137192487716675,
572,4583,,,-2.231534481048584,,2.231534481048584,
573,4591,,,-2.1402416229248047,,2.1402416229248047,
574,4599,,,,-1.7788583040237427,,1.7788583040237427
574,4599,,,-1.9685137271881104,,1.9685137271881104,
575,4607,,,-2.0143485069274902,,2.0143485069274902,
576,4615,,,-2.187415599822998,,2.187415599822998,
577,4623,,,-2.09228515625,,2.09228515625,
578,4631,,,-2.0906739234924316,,2.0906739234924316,
579,4639,,,-2.067462682723999,,2.067462682723999,
580,4647,,,-2.061541795730591,,2.061541795730591,
581,4649,,,,-0.8652517199516296,,0.8652517199516296
581,4655,,,-2.2263362407684326,,2.2263362407684326,
582,4663,,,-2.086806535720825,,2.086806535720825,
583,4671,,,-1.9881126880645752,,1.9881126880645752,
584,4679,,,-2.2508578300476074,,2.2508578300476074,
585,4687,,,-2.128962993621826,,2.128962993621826,
586,4695,,,-2.180312156677246,,2.180312156677246,
587,4699,,,,-0.5936756134033203,,0.5936756134033203
587,4703,,,-2.10306978225708,,2.10306978225708,
588,4711,,,-2.101940393447876,,2.101940393447876,
589,4719,,,-2.029418468475342,,2.029418468475342,
590,4727,,,-2.1963067054748535,,2.1963067054748535,
591,4735,,,-2.1087419986724854,,2.1087419986724854,
592,4743,,,-2.1233792304992676,,2.1233792304992676,
593,4749,,,,-1.6125844717025757,,1.6125844717025757
593,4751,,,-2.1000375747680664,,2.1000375747680664,
594,4759,,,-2.3828752040863037,,2.3828752040863037,
595,4767,,,-2.0344016551971436,,2.0344016551971436,
596,4775,,,-2.1387195587158203,,2.1387195587158203,
597,4783,,,-2.021148920059204,,2.021148920059204,
598,4791,,,-2.298849105834961,,2.298849105834961,
599,4799,,,,-2.7100281715393066,,2.7100281715393066
599,4799,,,-2.239956855773926,,2.239956855773926,
600,4807,,,-2.140653610229492,,2.140653610229492,
601,4815,,,-1.988736867904663,,1.988736867904663,
602,4823,,,-2.231630563735962,,2.231630563735962,
603,4831,,,-2.1288461685180664,,2.1288461685180664,
604,4839,,,-2.2536733150482178,,2.2536733150482178,
605,4847,,,-2.191481113433838,,2.191481113433838,
606,4849,,,,-1.7625387907028198,,1.7625387907028198
606,4855,,,-2.141205310821533,,2.141205310821533,
607,4863,,,-2.3350889682769775,,2.3350889682769775,
608,4871,,,-2.1286590099334717,,2.1286590099334717,
609,4879,,,-2.120981454849243,,2.120981454849243,
610,4887,,,-2.0828468799591064,,2.0828468799591064,
611,4895,,,-2.2144782543182373,,2.2144782543182373,
612,4899,,,,-2.0329995155334473,,2.0329995155334473
612,4903,,,-2.1843175888061523,,2.1843175888061523,
613,4911,,,-2.196356773376465,,2.196356773376465,
614,4919,,,-2.1788876056671143,,2.1788876056671143,
615,4927,,,-2.1245357990264893,,2.1245357990264893,
616,4935,,,-2.346033811569214,,2.346033811569214,
617,4943,,,-2.2998030185699463,,2.2998030185699463,
618,4949,,,,-2.853750228881836,,2.853750228881836
618,4951,,,-2.0897016525268555,,2.0897016525268555,
619,4959,,,-2.198065757751465,,2.198065757751465,
620,4967,,,-2.1111676692962646,,2.1111676692962646,
621,4975,,,-2.1106181144714355,,2.1106181144714355,
622,4983,,,-2.2958333492279053,,2.2958333492279053,
623,4991,,,-2.361778497695923,,2.361778497695923,
624,4999,,,,-1.8048397302627563,,1.8048397302627563
624,4999,,,-2.1528279781341553,,2.1528279781341553,
625,5007,,,-2.2494454383850098,,2.2494454383850098,
626,5015,,,-2.1356420516967773,,2.1356420516967773,
627,5023,,,-2.2604830265045166,,2.2604830265045166,
628,5031,,,-2.221909523010254,,2.221909523010254,
629,5039,,,-2.4659385681152344,,2.4659385681152344,
630,5047,,,-2.1754634380340576,,2.1754634380340576,
631,5049,,,,-2.719449043273926,,2.719449043273926
631,5055,,,-2.2904515266418457,,2.2904515266418457,
632,5063,,,-2.3938076496124268,,2.3938076496124268,
633,5071,,,-2.1568543910980225,,2.1568543910980225,
634,5079,,,-2.132855176925659,,2.132855176925659,
635,5087,,,-2.152552366256714,,2.152552366256714,
636,5095,,,-2.2411608695983887,,2.2411608695983887,
637,5099,,,,-3.096386432647705,,3.096386432647705
637,5103,,,-2.3638112545013428,,2.3638112545013428,
638,5111,,,-2.380239963531494,,2.380239963531494,
639,5119,,,-2.2982702255249023,,2.2982702255249023,
640,5127,,,-2.310072898864746,,2.310072898864746,
641,5135,,,-2.2483208179473877,,2.2483208179473877,
642,5143,,,-2.2589595317840576,,2.2589595317840576,
643,5149,,,,-0.8936294913291931,,0.8936294913291931
643,5151,,,-2.3886702060699463,,2.3886702060699463,
644,5159,,,-2.231912851333618,,2.231912851333618,
645,5167,,,-2.3157284259796143,,2.3157284259796143,
646,5175,,,-2.203131914138794,,2.203131914138794,
647,5183,,,-2.2942168712615967,,2.2942168712615967,
648,5191,,,-2.303567886352539,,2.303567886352539,
649,5199,,,,-3.736250162124634,,3.736250162124634
649,5199,,,-2.4680845737457275,,2.4680845737457275,
650,5207,,,-2.4139273166656494,,2.4139273166656494,
651,5215,,,-2.28943133354187,,2.28943133354187,
652,5223,,,-2.464808940887451,,2.464808940887451,
653,5231,,,-2.485064744949341,,2.485064744949341,
654,5239,,,-2.350576877593994,,2.350576877593994,
655,5247,,,-2.487861394882202,,2.487861394882202,
656,5249,,,,-3.0219879150390625,,3.0219879150390625
656,5255,,,-2.3576979637145996,,2.3576979637145996,
657,5263,,,-2.3205785751342773,,2.3205785751342773,
658,5271,,,-2.4537110328674316,,2.4537110328674316,
659,5279,,,-2.396589517593384,,2.396589517593384,
660,5287,,,-2.3626859188079834,,2.3626859188079834,
661,5295,,,-2.3704211711883545,,2.3704211711883545,
662,5299,,,,-2.3750815391540527,,2.3750815391540527
662,5303,,,-2.7531538009643555,,2.7531538009643555,
663,5311,,,-2.513042449951172,,2.513042449951172,
664,5319,,,-2.536875009536743,,2.536875009536743,
665,5327,,,-2.532407522201538,,2.532407522201538,
666,5335,,,-2.3409979343414307,,2.3409979343414307,
667,5343,,,-2.4999358654022217,,2.4999358654022217,
668,5349,,,,-2.797114849090576,,2.797114849090576
668,5351,,,-2.879950523376465,,2.879950523376465,
669,5359,,,-2.577054738998413,,2.577054738998413,
670,5367,,,-2.35402774810791,,2.35402774810791,
671,5375,,,-2.5044453144073486,,2.5044453144073486,
672,5383,,,-2.51485013961792,,2.51485013961792,
673,5391,,,-2.440321683883667,,2.440321683883667,
674,5399,,,,-1.282196283340454,,1.282196283340454
674,5399,,,-2.3800129890441895,,2.3800129890441895,
675,5407,,,-2.4471852779388428,,2.4471852779388428,
676,5415,,,-2.613478183746338,,2.613478183746338,
677,5423,,,-2.559492588043213,,2.559492588043213,
678,5431,,,-2.4886322021484375,,2.4886322021484375,
679,5439,,,-2.5347893238067627,,2.5347893238067627,
680,5447,,,-2.4758782386779785,,2.4758782386779785,
681,5449,,,,-1.9314632415771484,,1.9314632415771484
681,5455,,,-2.5061585903167725,,2.5061585903167725,
682,5463,,,-2.618788480758667,,2.618788480758667,
683,5471,,,-2.411242723464966,,2.411242723464966,
684,5479,,,-2.4623560905456543,,2.4623560905456543,
685,5487,,,-2.7550930976867676,,2.7550930976867676,
686,5495,,,-2.4651119709014893,,2.4651119709014893,
687,5499,,,,-1.5276397466659546,,1.5276397466659546
687,5503,,,-2.5688869953155518,,2.5688869953155518,
688,5511,,,-2.435716390609741,,2.435716390609741,
689,5519,,,-2.6180901527404785,,2.6180901527404785,
690,5527,,,-2.4880127906799316,,2.4880127906799316,
691,5535,,,-2.5010058879852295,,2.5010058879852295,
692,5543,,,-2.452564239501953,,2.452564239501953,
693,5549,,,,-0.816788375377655,,0.816788375377655
693,5551,,,-2.5016839504241943,,2.5016839504241943,
694,5559,,,-2.713589668273926,,2.713589668273926,
695,5567,,,-2.6869192123413086,,2.6869192123413086,
696,5575,,,-2.6697819232940674,,2.6697819232940674,
697,5583,,,-2.563978672027588,,2.563978672027588,
698,5591,,,-2.8934388160705566,,2.8934388160705566,
699,5599,,,,-1.1937682628631592,,1.1937682628631592
699,5599,,,-2.5005125999450684,,2.5005125999450684,
700,5607,,,-2.5424695014953613,,2.5424695014953613,
701,5615,,,-2.602274179458618,,2.602274179458618,
702,5623,,,-2.526644229888916,,2.526644229888916,
703,5631,,,-2.559701919555664,,2.559701919555664,
704,5639,,,-2.7345199584960938,,2.7345199584960938,
705,5647,,,-2.651787042617798,,2.651787042617798,
706,5649,,,,-2.9055707454681396,,2.9055707454681396
706,5655,,,-2.9490628242492676,,2.9490628242492676,
707,5663,,,-2.6409878730773926,,2.6409878730773926,
708,5671,,,-2.774521827697754,,2.774521827697754,
709,5679,,,-2.6553614139556885,,2.6553614139556885,
710,5687,,,-2.515098810195923,,2.515098810195923,
711,5695,,,-2.7066125869750977,,2.7066125869750977,
712,5699,,,,-2.1686885356903076,,2.1686885356903076
712,5703,,,-2.7459094524383545,,2.7459094524383545,
713,5711,,,-2.758237838745117,,2.758237838745117,
714,5719,,,-2.8792836666107178,,2.8792836666107178,
715,5727,,,-2.8828184604644775,,2.8828184604644775,
716,5735,,,-2.5576846599578857,,2.5576846599578857,
717,5743,,,-2.877229690551758,,2.877229690551758,
718,5749,,,,-3.426353931427002,,3.426353931427002
718,5751,,,-2.8473472595214844,,2.8473472595214844,
719,5759,,,-2.710597276687622,,2.710597276687622,
720,5767,,,-2.859055519104004,,2.859055519104004,
721,5775,,,-2.634408473968506,,2.634408473968506,
722,5783,,,-2.7369132041931152,,2.7369132041931152,
723,5791,,,-2.5926380157470703,,2.5926380157470703,
724,5799,,,,-3.080535411834717,,3.080535411834717
724,5799,,,-2.9652514457702637,,2.9652514457702637,
725,5807,,,-2.7131359577178955,,2.7131359577178955,
726,5815,,,-2.952019691467285,,2.952019691467285,
727,5823,,,-2.608015537261963,,2.608015537261963,
728,5831,,,-2.658322334289551,,2.658322334289551,
729,5839,,,-2.893523693084717,,2.893523693084717,
730,5847,,,-2.645449638366699,,2.645449638366699,
731,5849,,,,-3.249150037765503,,3.249150037765503
731,5855,,,-2.6828718185424805,,2.6828718185424805,
732,5863,,,-2.7054200172424316,,2.7054200172424316,
733,5871,,,-2.656298875808716,,2.656298875808716,
734,5879,,,-2.5937211513519287,,2.5937211513519287,
735,5887,,,-2.8182241916656494,,2.8182241916656494,
736,5895,,,-2.8456647396087646,,2.8456647396087646,
737,5899,,,,-3.345553398132324,,3.345553398132324
737,5903,,,-2.7488529682159424,,2.7488529682159424,
738,5911,,,-2.7012956142425537,,2.7012956142425537,
739,5919,,,-2.728992223739624,,2.728992223739624,
740,5927,,,-2.9771335124969482,,2.9771335124969482,
741,5935,,,-2.8158881664276123,,2.8158881664276123,
742,5943,,,-2.9408276081085205,,2.9408276081085205,
743,5949,,,,-4.176743507385254,,4.176743507385254
743,5951,,,-2.9750001430511475,,2.9750001430511475,
744,5959,,,-2.745772361755371,,2.745772361755371,
745,5967,,,-2.8046867847442627,,2.8046867847442627,
746,5975,,,-2.817868947982788,,2.817868947982788,
747,5983,,,-2.8761236667633057,,2.8761236667633057,
748,5991,,,-2.9778480529785156,,2.9778480529785156,
749,5999,,,,-3.5190391540527344,,3.5190391540527344
749,5999,,,-2.858370065689087,,2.858370065689087,
750,6007,,,-3.018617630004883,,3.018617630004883,
751,6015,,,-3.0248663425445557,,3.0248663425445557,
752,6023,,,-3.095186233520508,,3.095186233520508,
753,6031,,,-3.1929752826690674,,3.1929752826690674,
754,6039,,,-2.979570150375366,,2.979570150375366,
755,6047,,,-3.21669340133667,,3.21669340133667,
756,6049,,,,-4.034981727600098,,4.034981727600098
756,6055,,,-2.9787189960479736,,2.9787189960479736,
757,6063,,,-2.9484167098999023,,2.9484167098999023,
758,6071,,,-2.8308019638061523,,2.8308019638061523,
759,6079,,,-3.1685075759887695,,3.1685075759887695,
760,6087,,,-2.8379268646240234,,2.8379268646240234,
761,6095,,,-3.0852341651916504,,3.0852341651916504,
762,6099,,,,-3.4531285762786865,,3.4531285762786865
762,6103,,,-2.8120133876800537,,2.8120133876800537,
763,6111,,,-2.87992000579834,,2.87992000579834,
764,6119,,,-2.8638546466827393,,2.8638546466827393,
765,6127,,,-2.90625262260437,,2.90625262260437,
766,6135,,,-2.9533512592315674,,2.9533512592315674,
767,6143,,,-3.0696539878845215,,3.0696539878845215,
768,6149,,,,-4.3477702140808105,,4.3477702140808105
768,6151,,,-2.8598270416259766,,2.8598270416259766,
769,6159,,,-3.2114362716674805,,3.2114362716674805,
770,6167,,,-2.8722212314605713,,2.8722212314605713,
771,6175,,,-3.0937516689300537,,3.0937516689300537,
772,6183,,,-2.8938422203063965,,2.8938422203063965,
773,6191,,,-3.1437735557556152,,3.1437735557556152,
774,6199,,,,-3.949955940246582,,3.949955940246582
774,6199,,,-2.9730887413024902,,2.9730887413024902,
775,6207,,,-3.0268971920013428,,3.0268971920013428,
776,6215,,,-2.7290680408477783,,2.7290680408477783,
777,6223,,,-3.117112398147583,,3.117112398147583,
778,6231,,,-2.9880623817443848,,2.9880623817443848,
779,6239,,,-3.1919145584106445,,3.1919145584106445,
780,6247,,,-2.884115219116211,,2.884115219116211,
781,6249,,,,-2.5112648010253906,,2.5112648010253906
781,6255,,,-2.9596710205078125,,2.9596710205078125,
782,6263,,,-2.9366066455841064,,2.9366066455841064,
783,6271,,,-3.0394225120544434,,3.0394225120544434,
784,6279,,,-3.040257453918457,,3.040257453918457,
785,6287,,,-2.9369523525238037,,2.9369523525238037,
786,6295,,,-3.114170789718628,,3.114170789718628,
787,6299,,,,-1.5004185438156128,,1.5004185438156128
787,6303,,,-2.9397435188293457,,2.9397435188293457,
788,6311,,,-3.2370214462280273,,3.2370214462280273,
789,6319,,,-2.9636127948760986,,2.9636127948760986,
790,6327,,,-3.148641586303711,,3.148641586303711,
791,6335,,,-3.308948040008545,,3.308948040008545,
792,6343,,,-3.095168352127075,,3.095168352127075,
793,6349,,,,-3.668999433517456,,3.668999433517456
793,6351,,,-3.018073081970215,,3.018073081970215,
794,6359,,,-2.9153249263763428,,2.9153249263763428,
795,6367,,,-2.991839647293091,,2.991839647293091,
796,6375,,,-2.985459089279175,,2.985459089279175,
797,6383,,,-3.121696949005127,,3.121696949005127,
798,6391,,,-2.914199113845825,,2.914199113845825,
799,6399,,,,-3.24884033203125,,3.24884033203125
799,6399,,,-3.2386906147003174,,3.2386906147003174,
800,6407,,,-3.1675891876220703,,3.1675891876220703,
801,6415,,,-3.1531617641448975,,3.1531617641448975,
802,6423,,,-3.162266731262207,,3.162266731262207,
803,6431,,,-3.4630467891693115,,3.4630467891693115,
804,6439,,,-3.4304938316345215,,3.4304938316345215,
805,6447,,,-3.3510608673095703,,3.3510608673095703,
806,6449,,,,-4.086453437805176,,4.086453437805176
806,6455,,,-3.258301258087158,,3.258301258087158,
807,6463,,,-3.5338289737701416,,3.5338289737701416,
808,6471,,,-3.063725471496582,,3.063725471496582,
809,6479,,,-3.2367045879364014,,3.2367045879364014,
810,6487,,,-3.321871042251587,,3.321871042251587,
811,6495,,,-3.3541910648345947,,3.3541910648345947,
812,6499,,,,-1.5634479522705078,,1.5634479522705078
812,6503,,,-3.1029398441314697,,3.1029398441314697,
813,6511,,,-3.0671257972717285,,3.0671257972717285,
814,6519,,,-3.575385570526123,,3.575385570526123,
815,6527,,,-3.217113733291626,,3.217113733291626,
816,6535,,,-3.3969523906707764,,3.3969523906707764,
817,6543,,,-3.169034481048584,,3.169034481048584,
818,6549,,,,-3.630408525466919,,3.630408525466919
818,6551,,,-3.5769128799438477,,3.5769128799438477,
819,6559,,,-3.1722354888916016,,3.1722354888916016,
820,6567,,,-3.5059614181518555,,3.5059614181518555,
821,6575,,,-3.373340129852295,,3.373340129852295,
822,6583,,,-3.0874223709106445,,3.0874223709106445,
823,6591,,,-3.286843776702881,,3.286843776702881,
824,6599,,,,-2.0473556518554688,,2.0473556518554688
824,6599,,,-3.2418923377990723,,3.2418923377990723,
825,6607,,,-3.21406626701355,,3.21406626701355,
826,6615,,,-3.10076642036438,,3.10076642036438,
827,6623,,,-3.325180768966675,,3.325180768966675,
828,6631,,,-3.6694531440734863,,3.6694531440734863,
829,6639,,,-3.2607686519622803,,3.2607686519622803,
830,6647,,,-3.1990554332733154,,3.1990554332733154,
831,6649,,,,-4.486228942871094,,4.486228942871094
831,6655,,,-3.2912211418151855,,3.2912211418151855,
832,6663,,,-3.250190496444702,,3.250190496444702,
833,6671,,,-3.5759055614471436,,3.5759055614471436,
834,6679,,,-3.647512197494507,,3.647512197494507,
835,6687,,,-3.2230637073516846,,3.2230637073516846,
836,6695,,,-3.220726490020752,,3.220726490020752,
837,6699,,,,-2.6046934127807617,,2.6046934127807617
837,6703,,,-3.2884764671325684,,3.2884764671325684,
838,6711,,,-3.5864086151123047,,3.5864086151123047,
839,6719,,,-3.47810435295105,,3.47810435295105,
840,6727,,,-3.544414758682251,,3.544414758682251,
841,6735,,,-3.2775065898895264,,3.2775065898895264,
842,6743,,,-3.1806018352508545,,3.1806018352508545,
843,6749,,,,-1.7628810405731201,,1.7628810405731201
843,6751,,,-3.4046339988708496,,3.4046339988708496,
844,6759,,,-3.3950114250183105,,3.3950114250183105,
845,6767,,,-3.391342878341675,,3.391342878341675,
846,6775,,,-3.198806047439575,,3.198806047439575,
847,6783,,,-3.3511879444122314,,3.3511879444122314,
848,6791,,,-3.4009366035461426,,3.4009366035461426,
849,6799,,,,-4.099130153656006,,4.099130153656006
849,6799,,,-3.4360344409942627,,3.4360344409942627,
850,6807,,,-3.52351713180542,,3.52351713180542,
851,6815,,,-3.413444995880127,,3.413444995880127,
852,6823,,,-3.3720507621765137,,3.3720507621765137,
853,6831,,,-3.4885573387145996,,3.4885573387145996,
854,6839,,,-3.3725476264953613,,3.3725476264953613,
855,6847,,,-3.4496102333068848,,3.4496102333068848,
856,6849,,,,-3.645519495010376,,3.645519495010376
856,6855,,,-3.458040714263916,,3.458040714263916,
857,6863,,,-3.4418699741363525,,3.4418699741363525,
858,6871,,,-3.454988956451416,,3.454988956451416,
859,6879,,,-3.6167593002319336,,3.6167593002319336,
860,6887,,,-3.2479424476623535,,3.2479424476623535,
861,6895,,,-3.5005249977111816,,3.5005249977111816,
862,6899,,,,-5.070171356201172,,5.070171356201172
862,6903,,,-3.457908868789673,,3.457908868789673,
863,6911,,,-3.4962007999420166,,3.4962007999420166,
864,6919,,,-3.629887580871582,,3.629887580871582,
865,6927,,,-3.7305610179901123,,3.7305610179901123,
866,6935,,,-3.617568254470825,,3.617568254470825,
867,6943,,,-3.4376542568206787,,3.4376542568206787,
868,6949,,,,-3.2820565700531006,,3.2820565700531006
868,6951,,,-3.5742733478546143,,3.5742733478546143,
869,6959,,,-3.4697585105895996,,3.4697585105895996,
870,6967,,,-3.2935757637023926,,3.2935757637023926,
871,6975,,,-3.402160167694092,,3.402160167694092,
872,6983,,,-3.5006070137023926,,3.5006070137023926,
873,6991,,,-3.578188180923462,,3.578188180923462,
874,6999,,,,-1.6912407875061035,,1.6912407875061035
874,6999,,,-3.352964401245117,,3.352964401245117,
875,7007,,,-3.6664206981658936,,3.6664206981658936,
876,7015,,,-3.4753258228302,,3.4753258228302,
877,7023,,,-3.7856531143188477,,3.7856531143188477,
878,7031,,,-3.98175048828125,,3.98175048828125,
879,7039,,,-3.5350840091705322,,3.5350840091705322,
880,7047,,,-3.559424638748169,,3.559424638748169,
881,7049,,,,-2.7468979358673096,,2.7468979358673096
881,7055,,,-3.634864091873169,,3.634864091873169,
882,7063,,,-3.75195574760437,,3.75195574760437,
883,7071,,,-3.4404194355010986,,3.4404194355010986,
884,7079,,,-3.420866012573242,,3.420866012573242,
885,7087,,,-3.881152391433716,,3.881152391433716,
886,7095,,,-3.532245635986328,,3.532245635986328,
887,7099,,,,-3.433962106704712,,3.433962106704712
887,7103,,,-3.597907304763794,,3.597907304763794,
888,7111,,,-3.941159725189209,,3.941159725189209,
889,7119,,,-3.6304163932800293,,3.6304163932800293,
890,7127,,,-3.633103609085083,,3.633103609085083,
891,7135,,,-3.8608453273773193,,3.8608453273773193,
892,7143,,,-3.5837574005126953,,3.5837574005126953,
893,7149,,,,-4.429739952087402,,4.429739952087402
893,7151,,,-3.723602294921875,,3.723602294921875,
894,7159,,,-3.790402412414551,,3.790402412414551,
895,7167,,,-3.645272731781006,,3.645272731781006,
896,7175,,,-3.872366428375244,,3.872366428375244,
897,7183,,,-3.836819887161255,,3.836819887161255,
898,7191,,,-3.640557050704956,,3.640557050704956,
899,7199,,,,-5.484229564666748,,5.484229564666748
899,7199,,,-3.809753179550171,,3.809753179550171,
900,7207,,,-3.7013614177703857,,3.7013614177703857,
901,7215,,,-3.9146969318389893,,3.9146969318389893,
902,7223,,,-4.186591625213623,,4.186591625213623,
903,7231,,,-3.439650058746338,,3.439650058746338,
904,7239,,,-4.022325038909912,,4.022325038909912,
905,7247,,,-3.659153461456299,,3.659153461456299,
906,7249,,,,-1.606479287147522,,1.606479287147522
906,7255,,,-3.8929851055145264,,3.8929851055145264,
907,7263,,,-3.876918315887451,,3.876918315887451,
908,7271,,,-4.008238792419434,,4.008238792419434,
909,7279,,,-3.537815570831299,,3.537815570831299,
910,7287,,,-3.952221393585205,,3.952221393585205,
911,7295,,,-3.562661647796631,,3.562661647796631,
912,7299,,,,-3.8455700874328613,,3.8455700874328613
912,7303,,,-3.8080973625183105,,3.8080973625183105,
913,7311,,,-3.81453800201416,,3.81453800201416,
914,7319,,,-4.036516189575195,,4.036516189575195,
915,7327,,,-3.7797484397888184,,3.7797484397888184,
916,7335,,,-3.7858433723449707,,3.7858433723449707,
917,7343,,,-3.7720961570739746,,3.7720961570739746,
918,7349,,,,-2.6166934967041016,,2.6166934967041016
918,7351,,,-4.1492486000061035,,4.1492486000061035,
919,7359,,,-4.054845333099365,,4.054845333099365,
920,7367,,,-3.7574987411499023,,3.7574987411499023,
921,7375,,,-3.909395217895508,,3.909395217895508,
922,7383,,,-3.84953236579895,,3.84953236579895,
923,7391,,,-3.743359327316284,,3.743359327316284,
924,7399,,,,-5.110518455505371,,5.110518455505371
924,7399,,,-4.126760959625244,,4.126760959625244,
925,7407,,,-3.8641090393066406,,3.8641090393066406,
926,7415,,,-4.114264965057373,,4.114264965057373,
927,7423,,,-4.040785789489746,,4.040785789489746,
928,7431,,,-4.179067611694336,,4.179067611694336,
929,7439,,,-3.8921425342559814,,3.8921425342559814,
930,7447,,,-3.7090301513671875,,3.7090301513671875,
931,7449,,,,-5.245169639587402,,5.245169639587402
931,7455,,,-3.962069511413574,,3.962069511413574,
932,7463,,,-3.8909237384796143,,3.8909237384796143,
933,7471,,,-4.273931980133057,,4.273931980133057,
934,7479,,,-4.445019721984863,,4.445019721984863,
935,7487,,,-3.84964919090271,,3.84964919090271,
936,7495,,,-3.8473141193389893,,3.8473141193389893,
937,7499,,,,-3.5213983058929443,,3.5213983058929443
937,7503,,,-3.9754223823547363,,3.9754223823547363,
938,7511,,,-4.222023963928223,,4.222023963928223,
939,7519,,,-4.1475324630737305,,4.1475324630737305,
940,7527,,,-4.041718482971191,,4.041718482971191,
941,7535,,,-4.07271671295166,,4.07271671295166,
942,7543,,,-3.9476161003112793,,3.9476161003112793,
943,7549,,,,-4.9159135818481445,,4.9159135818481445
943,7551,,,-4.041079521179199,,4.041079521179199,
944,7559,,,-4.124058723449707,,4.124058723449707,
945,7567,,,-3.970634698867798,,3.970634698867798,
946,7575,,,-4.0367431640625,,4.0367431640625,
947,7583,,,-4.020104885101318,,4.020104885101318,
948,7591,,,-3.6850180625915527,,3.6850180625915527,
949,7599,,,,-5.752903938293457,,5.752903938293457
949,7599,,,-4.217569351196289,,4.217569351196289,
950,7607,,,-4.149099349975586,,4.149099349975586,
951,7615,,,-4.578554153442383,,4.578554153442383,
952,7623,,,-4.0828447341918945,,4.0828447341918945,
953,7631,,,-4.330047607421875,,4.330047607421875,
954,7639,,,-4.2772932052612305,,4.2772932052612305,
955,7647,,,-4.20723295211792,,4.20723295211792,
956,7649,,,,-5.530611991882324,,5.530611991882324
956,7655,,,-3.9558167457580566,,3.9558167457580566,
957,7663,,,-4.037580966949463,,4.037580966949463,
958,7671,,,-4.15419864654541,,4.15419864654541,
959,7679,,,-4.115007400512695,,4.115007400512695,
960,7687,,,-3.9389636516571045,,3.9389636516571045,
961,7695,,,-4.080820560455322,,4.080820560455322,
962,7699,,,,-0.7261321544647217,,0.7261321544647217
962,7703,,,-4.085264682769775,,4.085264682769775,
963,7711,,,-4.040094375610352,,4.040094375610352,
964,7719,,,-4.516157150268555,,4.516157150268555,
965,7727,,,-4.191075801849365,,4.191075801849365,
966,7735,,,-4.228035926818848,,4.228035926818848,
967,7743,,,-4.305142879486084,,4.305142879486084,
968,7749,,,,-4.3250885009765625,,4.3250885009765625
968,7751,,,-4.187298774719238,,4.187298774719238,
969,7759,,,-4.409882545471191,,4.409882545471191,
970,7767,,,-4.468018054962158,,4.468018054962158,
971,7775,,,-4.208008766174316,,4.208008766174316,
972,7783,,,-4.4984259605407715,,4.4984259605407715,
973,7791,,,-4.203567028045654,,4.203567028045654,
974,7799,,,,-2.6409599781036377,,2.6409599781036377
974,7799,,,-4.017988681793213,,4.017988681793213,
975,7807,,,-4.397669315338135,,4.397669315338135,
976,7815,,,-3.9868249893188477,,3.9868249893188477,
977,7823,,,-3.9203362464904785,,3.9203362464904785,
978,7831,,,-4.191655158996582,,4.191655158996582,
979,7839,,,-4.226083278656006,,4.226083278656006,
980,7847,,,-4.107865810394287,,4.107865810394287,
981,7849,,,,-6.283333778381348,,6.283333778381348
981,7855,,,-4.081282138824463,,4.081282138824463,
982,7863,,,-4.426309585571289,,4.426309585571289,
983,7871,,,-4.4240312576293945,,4.4240312576293945,
984,7879,,,-4.033833026885986,,4.033833026885986,
985,7887,,,-4.118672847747803,,4.118672847747803,
986,7895,,,-4.209412097930908,,4.209412097930908,
987,7899,,,,-5.415846824645996,,5.415846824645996
987,7903,,,-4.226349830627441,,4.226349830627441,
988,7911,,,-4.175892353057861,,4.175892353057861,
989,7919,,,-4.172111511230469,,4.172111511230469,
990,7927,,,-3.9708027839660645,,3.9708027839660645,
991,7935,,,-4.283910274505615,,4.283910274505615,
992,7943,,,-4.2693190574646,,4.2693190574646,
993,7949,,,,-6.337584018707275,,6.337584018707275
993,7951,,,-4.371311187744141,,4.371311187744141,
994,7959,,,-4.307884216308594,,4.307884216308594,
995,7967,,,-4.16276741027832,,4.16276741027832,
996,7975,,,-4.2906107902526855,,4.2906107902526855,
997,7983,,,-4.345882892608643,,4.345882892608643,
998,7991,,,-4.320067405700684,,4.320067405700684,
999,7999,,,,-3.7430167198181152,,3.7430167198181152
999,7999,,,-4.2361602783203125,,4.2361602783203125,
1000,8007,,,-4.994722843170166,,4.994722843170166,
1001,8015,,,-4.500225067138672,,4.500225067138672,
1002,8023,,,-4.703447341918945,,4.703447341918945,
1003,8031,,,-4.279669284820557,,4.279669284820557,
1004,8039,,,-4.267265796661377,,4.267265796661377,
1005,8047,,,-4.5622239112854,,4.5622239112854,
1006,8049,,,,-2.4776878356933594,,2.4776878356933594
1006,8055,,,-4.60539436340332,,4.60539436340332,
1007,8063,,,-4.350384712219238,,4.350384712219238,
1008,8071,,,-4.6614460945129395,,4.6614460945129395,
1009,8079,,,-4.630698204040527,,4.630698204040527,
1010,8087,,,-4.277588844299316,,4.277588844299316,
1011,8095,,,-4.325778484344482,,4.325778484344482,
1012,8099,,,,-3.1049375534057617,,3.1049375534057617
1012,8103,,,-4.4975666999816895,,4.4975666999816895,
1013,8111,,,-4.850222587585449,,4.850222587585449,
1014,8119,,,-4.817879676818848,,4.817879676818848,
1015,8127,,,-4.985958576202393,,4.985958576202393,
1016,8135,,,-4.580893039703369,,4.580893039703369,
1017,8143,,,-4.363594055175781,,4.363594055175781,
1018,8149,,,,-2.5428171157836914,,2.5428171157836914
1018,8151,,,-4.560837268829346,,4.560837268829346,
1019,8159,,,-4.955300807952881,,4.955300807952881,
1020,8167,,,-4.460278511047363,,4.460278511047363,
1021,8175,,,-4.3084869384765625,,4.3084869384765625,
1022,8183,,,-4.412745952606201,,4.412745952606201,
1023,8191,,,-4.4451985359191895,,4.4451985359191895,
1024,8199,,,,-4.993626117706299,,4.993626117706299
1024,8199,,,-4.594095230102539,,4.594095230102539,
1025,8207,,,-4.418614387512207,,4.418614387512207,
1026,8215,,,-4.361926078796387,,4.361926078796387,
1027,8223,,,-4.649501800537109,,4.649501800537109,
1028,8231,,,-4.935295581817627,,4.935295581817627,
1029,8239,,,-4.664775371551514,,4.664775371551514,
1030,8247,,,-4.677972316741943,,4.677972316741943,
1031,8249,,,,-7.267485618591309,,7.267485618591309
1031,8255,,,-4.650964736938477,,4.650964736938477,
1032,8263,,,-5.02295446395874,,5.02295446395874,
1033,8271,,,-4.225155353546143,,4.225155353546143,
1034,8279,,,-4.550291061401367,,4.550291061401367,
1035,8287,,,-4.556168556213379,,4.556168556213379,
1036,8295,,,-5.047242164611816,,5.047242164611816,
1037,8299,,,,-5.752433776855469,,5.752433776855469
1037,8303,,,-4.671198844909668,,4.671198844909668,
1038,8311,,,-5.041295051574707,,5.041295051574707,
1039,8319,,,-4.940136909484863,,4.940136909484863,
1040,8327,,,-4.684122562408447,,4.684122562408447,
1041,8335,,,-4.6055402755737305,,4.6055402755737305,
1042,8343,,,-4.494532585144043,,4.494532585144043,
1043,8349,,,,-2.4229893684387207,,2.4229893684387207
1043,8351,,,-4.66546630859375,,4.66546630859375,
1044,8359,,,-4.521792888641357,,4.521792888641357,
1045,8367,,,-4.69605016708374,,4.69605016708374,
1046,8375,,,-4.730761528015137,,4.730761528015137,
1047,8383,,,-4.964694023132324,,4.964694023132324,
1048,8391,,,-5.106478214263916,,5.106478214263916,
1049,8399,,,,-1.49539053440094,,1.49539053440094
1049,8399,,,-5.137994289398193,,5.137994289398193,
1050,8407,,,-4.4106974601745605,,4.4106974601745605,
1051,8415,,,-4.650508880615234,,4.650508880615234,
1052,8423,,,-4.592207908630371,,4.592207908630371,
1053,8431,,,-4.758950233459473,,4.758950233459473,
1054,8439,,,-5.160685062408447,,5.160685062408447,
1055,8447,,,-4.675259590148926,,4.675259590148926,
1056,8449,,,,-5.433249473571777,,5.433249473571777
1056,8455,,,-4.887115001678467,,4.887115001678467,
1057,8463,,,-4.537501811981201,,4.537501811981201,
1058,8471,,,-4.733389854431152,,4.733389854431152,
1059,8479,,,-4.53334379196167,,4.53334379196167,
1060,8487,,,-4.495102405548096,,4.495102405548096,
1061,8495,,,-4.86763858795166,,4.86763858795166,
1062,8499,,,,-5.567538738250732,,5.567538738250732
1062,8503,,,-4.90332555770874,,4.90332555770874,
1063,8511,,,-4.873650550842285,,4.873650550842285,
1064,8519,,,-4.8366265296936035,,4.8366265296936035,
1065,8527,,,-4.826493263244629,,4.826493263244629,
1066,8535,,,-4.62950325012207,,4.62950325012207,
1067,8543,,,-4.680948257446289,,4.680948257446289,
1068,8549,,,,-4.3456196784973145,,4.3456196784973145
1068,8551,,,-4.566161155700684,,4.566161155700684,
1069,8559,,,-4.796186447143555,,4.796186447143555,
1070,8567,,,-5.17298698425293,,5.17298698425293,
1071,8575,,,-4.674894332885742,,4.674894332885742,
1072,8583,,,-4.741026878356934,,4.741026878356934,
1073,8591,,,-4.524468898773193,,4.524468898773193,
1074,8599,,,,-4.908440589904785,,4.908440589904785
1074,8599,,,-4.805844306945801,,4.805844306945801,
1075,8607,,,-4.567202091217041,,4.567202091217041,
1076,8615,,,-4.6499810218811035,,4.6499810218811035,
1077,8623,,,-4.897035598754883,,4.897035598754883,
1078,8631,,,-5.28009033203125,,5.28009033203125,
1079,8639,,,-5.3002495765686035,,5.3002495765686035,
1080,8647,,,-5.067843914031982,,5.067843914031982,
1081,8649,,,,-2.483511447906494,,2.483511447906494
1081,8655,,,-5.198753356933594,,5.198753356933594,
1082,8663,,,-4.945226669311523,,4.945226669311523,
1083,8671,,,-5.011449813842773,,5.011449813842773,
1084,8679,,,-4.761926651000977,,4.761926651000977,
1085,8687,,,-4.782453536987305,,4.782453536987305,
1086,8695,,,-5.431118965148926,,5.431118965148926,
1087,8699,,,,-2.8393421173095703,,2.8393421173095703
1087,8703,,,-5.165680408477783,,5.165680408477783,
1088,8711,,,-4.786086559295654,,4.786086559295654,
1089,8719,,,-5.09311580657959,,5.09311580657959,
1090,8727,,,-5.259218692779541,,5.259218692779541,
1091,8735,,,-4.992408752441406,,4.992408752441406,
1092,8743,,,-4.887750625610352,,4.887750625610352,
1093,8749,,,,-6.966152191162109,,6.966152191162109
1093,8751,,,-4.987366676330566,,4.987366676330566,
1094,8759,,,-4.921054840087891,,4.921054840087891,
1095,8767,,,-5.2931809425354,,5.2931809425354,
1096,8775,,,-5.3645734786987305,,5.3645734786987305,
1097,8783,,,-5.105144500732422,,5.105144500732422,
1098,8791,,,-4.867922782897949,,4.867922782897949,
1099,8799,,,,-5.63461971282959,,5.63461971282959
1099,8799,,,-5.076855659484863,,5.076855659484863,
1100,8807,,,-5.285579204559326,,5.285579204559326,
1101,8815,,,-5.014147758483887,,5.014147758483887,
1102,8823,,,-4.995522499084473,,4.995522499084473,
1103,8831,,,-5.1553449630737305,,5.1553449630737305,
1104,8839,,,-5.12929630279541,,5.12929630279541,
1105,8847,,,-5.287404537200928,,5.287404537200928,
1106,8849,,,,-5.947362899780273,,5.947362899780273
1106,8855,,,-5.229385852813721,,5.229385852813721,
1107,8863,,,-5.307275772094727,,5.307275772094727,
1108,8871,,,-5.0309038162231445,,5.0309038162231445,
1109,8879,,,-5.6879987716674805,,5.6879987716674805,
1110,8887,,,-5.304327964782715,,5.304327964782715,
1111,8895,,,-4.755540370941162,,4.755540370941162,
1112,8899,,,,-5.107977867126465,,5.107977867126465
1112,8903,,,-4.641500949859619,,4.641500949859619,
1113,8911,,,-5.715376377105713,,5.715376377105713,
1114,8919,,,-5.0738019943237305,,5.0738019943237305,
1115,8927,,,-5.012540817260742,,5.012540817260742,
1116,8935,,,-5.016358375549316,,5.016358375549316,
1117,8943,,,-5.153181076049805,,5.153181076049805,
1118,8949,,,,-4.561424255371094,,4.561424255371094
1118,8951,,,-5.439974784851074,,5.439974784851074,
1119,8959,,,-5.21728515625,,5.21728515625,
1120,8967,,,-5.1516852378845215,,5.1516852378845215,
1121,8975,,,-5.036495208740234,,5.036495208740234,
1122,8983,,,-5.04091739654541,,5.04091739654541,
1123,8991,,,-5.280581474304199,,5.280581474304199,
1124,8999,,,,-6.689647674560547,,6.689647674560547
1124,8999,,,-5.5330424308776855,,5.5330424308776855,
1125,9007,,,-5.278829097747803,,5.278829097747803,
1126,9015,,,-5.022294521331787,,5.022294521331787,
1127,9023,,,-4.990555286407471,,4.990555286407471,
1128,9031,,,-5.197249889373779,,5.197249889373779,
1129,9039,,,-5.111993789672852,,5.111993789672852,
1130,9047,,,-5.401639938354492,,5.401639938354492,
1131,9049,,,,-7.098533630371094,,7.098533630371094
1131,9055,,,-5.283829689025879,,5.283829689025879,
1132,9063,,,-5.727895736694336,,5.727895736694336,
1133,9071,,,-5.423575401306152,,5.423575401306152,
1134,9079,,,-5.3518500328063965,,5.3518500328063965,
1135,9087,,,-5.774331092834473,,5.774331092834473,
1136,9095,,,-5.040126800537109,,5.040126800537109,
1137,9099,,,,-1.7217756509780884,,1.7217756509780884
1137,9103,,,-5.631320476531982,,5.631320476531982,
1138,9111,,,-5.220333099365234,,5.220333099365234,
1139,9119,,,-5.291759014129639,,5.291759014129639,
1140,9127,,,-5.6127400398254395,,5.6127400398254395,
1141,9135,,,-5.2986860275268555,,5.2986860275268555,
1142,9143,,,-5.294135570526123,,5.294135570526123,
1143,9149,,,,-4.31996488571167,,4.31996488571167
1143,9151,,,-5.156999111175537,,5.156999111175537,
1144,9159,,,-5.045566558837891,,5.045566558837891,
1145,9167,,,-5.235163688659668,,5.235163688659668,
1146,9175,,,-5.277906894683838,,5.277906894683838,
1147,9183,,,-5.404561519622803,,5.404561519622803,
1148,9191,,,-5.568334102630615,,5.568334102630615,
1149,9199,,,,-5.125375747680664,,5.125375747680664
1149,9199,,,-5.668501377105713,,5.668501377105713,
1150,9207,,,-5.345413684844971,,5.345413684844971,
1151,9215,,,-5.636719703674316,,5.636719703674316,
1152,9223,,,-5.761925220489502,,5.761925220489502,
1153,9231,,,-5.886892795562744,,5.886892795562744,
1154,9239,,,-5.15615701675415,,5.15615701675415,
1155,9247,,,-5.366328239440918,,5.366328239440918,
1156,9249,,,,-6.785686016082764,,6.785686016082764
1156,9255,,,-5.848201751708984,,5.848201751708984,
1157,9263,,,-4.927989482879639,,4.927989482879639,
1158,9271,,,-5.562777042388916,,5.562777042388916,
1159,9279,,,-5.887113571166992,,5.887113571166992,
1160,9287,,,-5.324518203735352,,5.324518203735352,
1161,9295,,,-5.58180570602417,,5.58180570602417,
1162,9299,,,,-7.176752090454102,,7.176752090454102
1162,9303,,,-5.565828323364258,,5.565828323364258,
1163,9311,,,-5.549865245819092,,5.549865245819092,
1164,9319,,,-5.387834548950195,,5.387834548950195,
1165,9327,,,-5.684813499450684,,5.684813499450684,
1166,9335,,,-5.790195941925049,,5.790195941925049,
1167,9343,,,-5.627321720123291,,5.627321720123291,
1168,9349,,,,-3.7081985473632812,,3.7081985473632812
1168,9351,,,-5.5452446937561035,,5.5452446937561035,
1169,9359,,,-5.80820894241333,,5.80820894241333,
1170,9367,,,-5.421561241149902,,5.421561241149902,
1171,9375,,,-5.2375617027282715,,5.2375617027282715,
1172,9383,,,-5.893538475036621,,5.893538475036621,
1173,9391,,,-5.656898498535156,,5.656898498535156,
1174,9399,,,,-7.018897533416748,,7.018897533416748
1174,9399,,,-5.351246356964111,,5.351246356964111,
1175,9407,,,-5.8884968757629395,,5.8884968757629395,
1176,9415,,,-5.772084712982178,,5.772084712982178,
1177,9423,,,-5.710771083831787,,5.710771083831787,
1178,9431,,,-5.8156938552856445,,5.8156938552856445,
1179,9439,,,-5.790194034576416,,5.790194034576416,
1180,9447,,,-5.683372497558594,,5.683372497558594,
1181,9449,,,,-4.297463417053223,,4.297463417053223
1181,9455,,,-5.771636009216309,,5.771636009216309,
1182,9463,,,-5.679582595825195,,5.679582595825195,
1183,9471,,,-5.295118808746338,,5.295118808746338,
1184,9479,,,-5.197353839874268,,5.197353839874268,
1185,9487,,,-5.465972423553467,,5.465972423553467,
1186,9495,,,-5.5158514976501465,,5.5158514976501465,
1187,9499,,,,-7.77587366104126,,7.77587366104126
1187,9503,,,-6.022580623626709,,6.022580623626709,
1188,9511,,,-5.957355499267578,,5.957355499267578,
1189,9519,,,-5.268957614898682,,5.268957614898682,
1190,9527,,,-5.725623607635498,,5.725623607635498,
1191,9535,,,-5.5003485679626465,,5.5003485679626465,
1192,9543,,,-5.873497486114502,,5.873497486114502,
1193,9549,,,,-3.3514859676361084,,3.3514859676361084
1193,9551,,,-5.717733860015869,,5.717733860015869,
1194,9559,,,-6.116183757781982,,6.116183757781982,
1195,9567,,,-5.598194122314453,,5.598194122314453,
1196,9575,,,-5.480304718017578,,5.480304718017578,
1197,9583,,,-6.0634236335754395,,6.0634236335754395,
1198,9591,,,-6.096701622009277,,6.096701622009277,
1199,9599,,,,-1.6213657855987549,,1.6213657855987549
1199,9599,,,-5.702333450317383,,5.702333450317383,
1200,9607,,,-5.8899102210998535,,5.8899102210998535,
1201,9615,,,-5.590830326080322,,5.590830326080322,
1202,9623,,,-6.478024005889893,,6.478024005889893,
1203,9631,,,-6.002163410186768,,6.002163410186768,
1204,9639,,,-6.090220928192139,,6.090220928192139,
1205,9647,,,-5.976014614105225,,5.976014614105225,
1206,9649,,,,-2.801814079284668,,2.801814079284668
1206,9655,,,-5.773959159851074,,5.773959159851074,
1207,9663,,,-6.397894382476807,,6.397894382476807,
1208,9671,,,-5.835229873657227,,5.835229873657227,
1209,9679,,,-6.076284885406494,,6.076284885406494,
1210,9687,,,-6.074946880340576,,6.074946880340576,
1211,9695,,,-5.927923202514648,,5.927923202514648,
1212,9699,,,,-8.419736862182617,,8.419736862182617
1212,9703,,,-5.6669816970825195,,5.6669816970825195,
1213,9711,,,-5.998782157897949,,5.998782157897949,
1214,9719,,,-6.063913345336914,,6.063913345336914,
1215,9727,,,-6.136300563812256,,6.136300563812256,
1216,9735,,,-5.764556407928467,,5.764556407928467,
1217,9743,,,-5.792920112609863,,5.792920112609863,
1218,9749,,,,-1.3915656805038452,,1.3915656805038452
1218,9751,,,-5.946142673492432,,5.946142673492432,
1219,9759,,,-6.230649948120117,,6.230649948120117,
1220,9767,,,-6.217851161956787,,6.217851161956787,
1221,9775,,,-6.361993789672852,,6.361993789672852,
1222,9783,,,-6.0615692138671875,,6.0615692138671875,
1223,9791,,,-6.325534343719482,,6.325534343719482,
1224,9799,,,,-6.133692264556885,,6.133692264556885
1224,9799,,,-6.220293045043945,,6.220293045043945,
1225,9807,,,-6.182763576507568,,6.182763576507568,
1226,9815,,,-5.836460113525391,,5.836460113525391,
1227,9823,,,-6.125229358673096,,6.125229358673096,
1228,9831,,,-6.710888385772705,,6.710888385772705,
1229,9839,,,-6.002047538757324,,6.002047538757324,
1230,9847,,,-6.009886741638184,,6.009886741638184,
1231,9849,,,,-7.245296478271484,,7.245296478271484
1231,9855,,,-6.169804096221924,,6.169804096221924,
1232,9863,,,-5.781991958618164,,5.781991958618164,
1233,9871,,,-6.3116455078125,,6.3116455078125,
1234,9879,,,-5.938941955566406,,5.938941955566406,
1235,9887,,,-6.282136917114258,,6.282136917114258,
1236,9895,,,-5.710555553436279,,5.710555553436279,
1237,9899,,,,-7.940555572509766,,7.940555572509766
1237,9903,,,-5.972599029541016,,5.972599029541016,
1238,9911,,,-6.260982513427734,,6.260982513427734,
1239,9919,,,-6.026180267333984,,6.026180267333984,
1240,9927,,,-6.309752941131592,,6.309752941131592,
1241,9935,,,-5.899815559387207,,5.899815559387207,
1242,9943,,,-6.3397111892700195,,6.3397111892700195,
1243,9949,,,,-6.813048362731934,,6.813048362731934
1243,9951,,,-5.483077526092529,,5.483077526092529,
1244,9959,,,-6.111458778381348,,6.111458778381348,
1245,9967,,,-6.801214218139648,,6.801214218139648,
1246,9975,,,-5.879106044769287,,5.879106044769287,
1247,9983,,,-6.382000923156738,,6.382000923156738,
1248,9991,,,-6.078211784362793,,6.078211784362793,
1249,9999,,,,-8.756210327148438,,8.756210327148438
1249,9999,,,-6.218911647796631,,6.218911647796631,
1250,10007,,,-6.687730312347412,,6.687730312347412,
1251,10015,,,-6.28053092956543,,6.28053092956543,
1252,10023,,,-6.157096862792969,,6.157096862792969,
1253,10031,,,-6.091433048248291,,6.091433048248291,
1254,10039,,,-6.276247978210449,,6.276247978210449,
1255,10047,,,-6.365347862243652,,6.365347862243652,
1256,10049,,,,-3.943929433822632,,3.943929433822632
1256,10055,,,-6.13640832901001,,6.13640832901001,
1257,10063,,,-6.189742088317871,,6.189742088317871,
1258,10071,,,-6.602032661437988,,6.602032661437988,
1259,10079,,,-5.977629661560059,,5.977629661560059,
1260,10087,,,-6.482736110687256,,6.482736110687256,
1261,10095,,,-6.430917739868164,,6.430917739868164,
1262,10099,,,,-3.6600146293640137,,3.6600146293640137
1262,10103,,,-6.073800563812256,,6.073800563812256,
1263,10111,,,-5.9778032302856445,,5.9778032302856445,
1264,10119,,,-6.187826633453369,,6.187826633453369,
1265,10127,,,-6.548897743225098,,6.548897743225098,
1266,10135,,,-6.058872222900391,,6.058872222900391,
1267,10143,,,-6.969759941101074,,6.969759941101074,
1268,10149,,,,-6.776261329650879,,6.776261329650879
1268,10151,,,-6.499417781829834,,6.499417781829834,
1269,10159,,,-6.156811714172363,,6.156811714172363,
1270,10167,,,-6.483781337738037,,6.483781337738037,
1271,10175,,,-6.143500804901123,,6.143500804901123,
1272,10183,,,-6.495797157287598,,6.495797157287598,
1273,10191,,,-7.002938270568848,,7.002938270568848,
1274,10199,,,,-7.418952941894531,,7.418952941894531
1274,10199,,,-6.434545516967773,,6.434545516967773,
1275,10207,,,-6.357412338256836,,6.357412338256836,
1276,10215,,,-6.646070957183838,,6.646070957183838,
1277,10223,,,-6.284637451171875,,6.284637451171875,
1278,10231,,,-6.261276721954346,,6.261276721954346,
1279,10239,,,-5.94600248336792,,5.94600248336792,
1280,10247,,,-6.618171691894531,,6.618171691894531,
1281,10249,,,,-7.742527484893799,,7.742527484893799
1281,10255,,,-6.415448188781738,,6.415448188781738,
1282,10263,,,-6.145178318023682,,6.145178318023682,
1283,10271,,,-6.2219157218933105,,6.2219157218933105,
1284,10279,,,-6.414849281311035,,6.414849281311035,
1285,10287,,,-6.202548503875732,,6.202548503875732,
1286,10295,,,-6.505427360534668,,6.505427360534668,
1287,10299,,,,-3.65673828125,,3.65673828125
1287,10303,,,-6.5050764083862305,,6.5050764083862305,
1288,10311,,,-6.45305061340332,,6.45305061340332,
1289,10319,,,-6.752887725830078,,6.752887725830078,
1290,10327,,,-6.081833362579346,,6.081833362579346,
1291,10335,,,-6.955443859100342,,6.955443859100342,
1292,10343,,,-6.80186653137207,,6.80186653137207,
1293,10349,,,,-6.1632490158081055,,6.1632490158081055
1293,10351,,,-7.351134300231934,,7.351134300231934,
1294,10359,,,-6.46958589553833,,6.46958589553833,
1295,10367,,,-6.874650001525879,,6.874650001525879,
1296,10375,,,-6.99484920501709,,6.99484920501709,
1297,10383,,,-6.856555461883545,,6.856555461883545,
1298,10391,,,-6.389225959777832,,6.389225959777832,
1299,10399,,,,-6.849548816680908,,6.849548816680908
1299,10399,,,-6.344928741455078,,6.344928741455078,
1300,10407,,,-7.061432838439941,,7.061432838439941,
1301,10415,,,-6.165685176849365,,6.165685176849365,
1302,10423,,,-6.368100166320801,,6.368100166320801,
1303,10431,,,-6.6203694343566895,,6.6203694343566895,
1304,10439,,,-6.7520751953125,,6.7520751953125,
1305,10447,,,-6.577301502227783,,6.577301502227783,
1306,10449,,,,-7.530384540557861,,7.530384540557861
1306,10455,,,-6.320744037628174,,6.320744037628174,
1307,10463,,,-6.455352306365967,,6.455352306365967,
1308,10471,,,-6.56905460357666,,6.56905460357666,
1309,10479,,,-6.79737663269043,,6.79737663269043,
1310,10487,,,-6.895420074462891,,6.895420074462891,
1311,10495,,,-6.824535369873047,,6.824535369873047,
1312,10499,,,,-6.991139888763428,,6.991139888763428
1312,10503,,,-6.654036045074463,,6.654036045074463,
1313,10511,,,-6.909062385559082,,6.909062385559082,
1314,10519,,,-7.047467231750488,,7.047467231750488,
1315,10527,,,-6.06082010269165,,6.06082010269165,
1316,10535,,,-6.560145378112793,,6.560145378112793,
1317,10543,,,-7.147719383239746,,7.147719383239746,
1318,10549,,,,-9.708708763122559,,9.708708763122559
1318,10551,,,-6.77967643737793,,6.77967643737793,
1319,10559,,,-6.761020183563232,,6.761020183563232,
1320,10567,,,-6.568356037139893,,6.568356037139893,
1321,10575,,,-6.887113094329834,,6.887113094329834,
1322,10583,,,-7.1458420753479,,7.1458420753479,
1323,10591,,,-7.589261054992676,,7.589261054992676,
1324,10599,,,,-9.636371612548828,,9.636371612548828
1324,10599,,,-6.686038970947266,,6.686038970947266,
1325,10607,,,-6.873583793640137,,6.873583793640137,
1326,10615,,,-6.644380569458008,,6.644380569458008,
1327,10623,,,-6.4976677894592285,,6.4976677894592285,
1328,10631,,,-6.8519415855407715,,6.8519415855407715,
1329,10639,,,-7.002956390380859,,7.002956390380859,
1330,10647,,,-6.853736877441406,,6.853736877441406,
1331,10649,,,,-5.244752883911133,,5.244752883911133
1331,10655,,,-6.423508644104004,,6.423508644104004,
1332,10663,,,-6.398022174835205,,6.398022174835205,
1333,10671,,,-6.448967933654785,,6.448967933654785,
1334,10679,,,-7.348029613494873,,7.348029613494873,
1335,10687,,,-7.137757778167725,,7.137757778167725,
1336,10695,,,-6.913441181182861,,6.913441181182861,
1337,10699,,,,-2.2938361167907715,,2.2938361167907715
1337,10703,,,-6.720095157623291,,6.720095157623291,
1338,10711,,,-6.6334357261657715,,6.6334357261657715,
1339,10719,,,-6.514980792999268,,6.514980792999268,
1340,10727,,,-6.7808451652526855,,6.7808451652526855,
1341,10735,,,-7.110779762268066,,7.110779762268066,
1342,10743,,,-6.8966383934021,,6.8966383934021,
1343,10749,,,,-3.5118727684020996,,3.5118727684020996
1343,10751,,,-7.268115043640137,,7.268115043640137,
1344,10759,,,-7.679143905639648,,7.679143905639648,
1345,10767,,,-7.287619590759277,,7.287619590759277,
1346,10775,,,-6.952404499053955,,6.952404499053955,
1347,10783,,,-6.568031311035156,,6.568031311035156,
1348,10791,,,-6.602703094482422,,6.602703094482422,
1349,10799,,,,-8.895135879516602,,8.895135879516602
1349,10799,,,-7.124467372894287,,7.124467372894287,
1350,10807,,,-7.241674423217773,,7.241674423217773,
1351,10815,,,-7.220561504364014,,7.220561504364014,
1352,10823,,,-7.587946891784668,,7.587946891784668,
1353,10831,,,-7.178769588470459,,7.178769588470459,
1354,10839,,,-6.845324993133545,,6.845324993133545,
1355,10847,,,-7.348326683044434,,7.348326683044434,
1356,10849,,,,-8.382652282714844,,8.382652282714844
1356,10855,,,-7.241977214813232,,7.241977214813232,
1357,10863,,,-6.777312278747559,,6.777312278747559,
1358,10871,,,-7.1490607261657715,,7.1490607261657715,
1359,10879,,,-7.905864238739014,,7.905864238739014,
1360,10887,,,-7.0701189041137695,,7.0701189041137695,
1361,10895,,,-6.8364577293396,,6.8364577293396,
1362,10899,,,,-7.962469100952148,,7.962469100952148
1362,10903,,,-7.743989944458008,,7.743989944458008,
1363,10911,,,-6.62651252746582,,6.62651252746582,
1364,10919,,,-6.98416805267334,,6.98416805267334,
1365,10927,,,-6.826896667480469,,6.826896667480469,
1366,10935,,,-7.051389694213867,,7.051389694213867,
1367,10943,,,-7.316864967346191,,7.316864967346191,
1368,10949,,,,-5.282736301422119,,5.282736301422119
1368,10951,,,-6.934930324554443,,6.934930324554443,
1369,10959,,,-6.865911483764648,,6.865911483764648,
1370,10967,,,-6.623867034912109,,6.623867034912109,
1371,10975,,,-7.667207717895508,,7.667207717895508,
1372,10983,,,-7.180160045623779,,7.180160045623779,
1373,10991,,,-6.902808666229248,,6.902808666229248,
1374,10999,,,,-8.864399909973145,,8.864399909973145
1374,10999,,,-6.604478359222412,,6.604478359222412,
1375,11007,,,-6.97921085357666,,6.97921085357666,
1376,11015,,,-7.276091575622559,,7.276091575622559,
1377,11023,,,-7.1348185539245605,,7.1348185539245605,
1378,11031,,,-7.120184421539307,,7.120184421539307,
1379,11039,,,-7.201261043548584,,7.201261043548584,
1380,11047,,,-7.555001735687256,,7.555001735687256,
1381,11049,,,,-9.191514015197754,,9.191514015197754
1381,11055,,,-7.066517353057861,,7.066517353057861,
1382,11063,,,-7.9470038414001465,,7.9470038414001465,
1383,11071,,,-8.337383270263672,,8.337383270263672,
1384,11079,,,-7.083254814147949,,7.083254814147949,
1385,11087,,,-6.771996974945068,,6.771996974945068,
1386,11095,,,-6.907391548156738,,6.907391548156738,
1387,11099,,,,-8.243486404418945,,8.243486404418945
1387,11103,,,-7.956299304962158,,7.956299304962158,
1388,11111,,,-7.041465759277344,,7.041465759277344,
1389,11119,,,-7.248770236968994,,7.248770236968994,
1390,11127,,,-7.046770095825195,,7.046770095825195,
1391,11135,,,-7.062135219573975,,7.062135219573975,
1392,11143,,,-6.8162078857421875,,6.8162078857421875,
1393,11149,,,,-8.116777420043945,,8.116777420043945
1393,11151,,,-7.173408031463623,,7.173408031463623,
1394,11159,,,-7.259263515472412,,7.259263515472412,
1395,11167,,,-7.029767990112305,,7.029767990112305,
1396,11175,,,-7.700161933898926,,7.700161933898926,
1397,11183,,,-7.194389820098877,,7.194389820098877,
1398,11191,,,-7.440065860748291,,7.440065860748291,
1399,11199,,,,-5.719117164611816,,5.719117164611816
1399,11199,,,-6.951366424560547,,6.951366424560547,
1400,11207,,,-7.777996063232422,,7.777996063232422,
1401,11215,,,-7.643270492553711,,7.643270492553711,
1402,11223,,,-7.047628879547119,,7.047628879547119,
1403,11231,,,-7.396927356719971,,7.396927356719971,
1404,11239,,,-6.8646931648254395,,6.8646931648254395,
1405,11247,,,-8.304010391235352,,8.304010391235352,
1406,11249,,,,-10.156511306762695,,10.156511306762695
1406,11255,,,-7.206780433654785,,7.206780433654785,
1407,11263,,,-7.968559265136719,,7.968559265136719,
1408,11271,,,-7.221296787261963,,7.221296787261963,
1409,11279,,,-7.48877477645874,,7.48877477645874,
1410,11287,,,-7.541900157928467,,7.541900157928467,
1411,11295,,,-7.192203998565674,,7.192203998565674,
1412,11299,,,,-9.558233261108398,,9.558233261108398
1412,11303,,,-7.239083766937256,,7.239083766937256,
1413,11311,,,-7.982495307922363,,7.982495307922363,
1414,11319,,,-7.388859272003174,,7.388859272003174,
1415,11327,,,-7.5641608238220215,,7.5641608238220215,
1416,11335,,,-7.750521183013916,,7.750521183013916,
1417,11343,,,-7.299781799316406,,7.299781799316406,
1418,11349,,,,-9.369148254394531,,9.369148254394531
1418,11351,,,-7.651867866516113,,7.651867866516113,
1419,11359,,,-7.4713921546936035,,7.4713921546936035,
1420,11367,,,-7.0037007331848145,,7.0037007331848145,
1421,11375,,,-7.536076545715332,,7.536076545715332,
1422,11383,,,-7.497162342071533,,7.497162342071533,
1423,11391,,,-7.207558631896973,,7.207558631896973,
1424,11399,,,,-10.230032920837402,,10.230032920837402
1424,11399,,,-7.170871257781982,,7.170871257781982,
1425,11407,,,-7.894066333770752,,7.894066333770752,
1426,11415,,,-8.50748348236084,,8.50748348236084,
1427,11423,,,-7.894011497497559,,7.894011497497559,
1428,11431,,,-7.067506313323975,,7.067506313323975,
1429,11439,,,-7.551223278045654,,7.551223278045654,
1430,11447,,,-7.725339889526367,,7.725339889526367,
1431,11449,,,,-8.691460609436035,,8.691460609436035
1431,11455,,,-7.748690605163574,,7.748690605163574,
1432,11463,,,-7.768313407897949,,7.768313407897949,
1433,11471,,,-7.919337272644043,,7.919337272644043,
1434,11479,,,-8.065186500549316,,8.065186500549316,
1435,11487,,,-7.969974994659424,,7.969974994659424,
1436,11495,,,-7.966870307922363,,7.966870307922363,
1437,11499,,,,-6.551395416259766,,6.551395416259766
1437,11503,,,-7.521149158477783,,7.521149158477783,
1438,11511,,,-7.761153697967529,,7.761153697967529,
1439,11519,,,-7.983119487762451,,7.983119487762451,
1440,11527,,,-7.197443962097168,,7.197443962097168,
1441,11535,,,-8.91222095489502,,8.91222095489502,
1442,11543,,,-7.834856986999512,,7.834856986999512,
1443,11549,,,,-8.729988098144531,,8.729988098144531
1443,11551,,,-7.878435134887695,,7.878435134887695,
1444,11559,,,-7.955481052398682,,7.955481052398682,
1445,11567,,,-7.978532791137695,,7.978532791137695,
1446,11575,,,-7.5828328132629395,,7.5828328132629395,
1447,11583,,,-7.816277503967285,,7.816277503967285,
1448,11591,,,-8.623753547668457,,8.623753547668457,
1449,11599,,,,-7.592939853668213,,7.592939853668213
1449,11599,,,-8.040261268615723,,8.040261268615723,
1450,11607,,,-8.276054382324219,,8.276054382324219,
1451,11615,,,-7.558524131774902,,7.558524131774902,
1452,11623,,,-8.127357482910156,,8.127357482910156,
1453,11631,,,-7.439243793487549,,7.439243793487549,
1454,11639,,,-7.776378154754639,,7.776378154754639,
1455,11647,,,-8.462672233581543,,8.462672233581543,
1456,11649,,,,-7.194324016571045,,7.194324016571045
1456,11655,,,-7.536754608154297,,7.536754608154297,
1457,11663,,,-8.662508010864258,,8.662508010864258,
1458,11671,,,-7.904848575592041,,7.904848575592041,
1459,11679,,,-8.10753059387207,,8.10753059387207,
1460,11687,,,-7.466339111328125,,7.466339111328125,
1461,11695,,,-8.419973373413086,,8.419973373413086,
1462,11699,,,,-11.035589218139648,,11.035589218139648
1462,11703,,,-7.876984596252441,,7.876984596252441,
1463,11711,,,-8.28991985321045,,8.28991985321045,
1464,11719,,,-7.862783432006836,,7.862783432006836,
1465,11727,,,-8.290487289428711,,8.290487289428711,
1466,11735,,,-8.131865501403809,,8.131865501403809,
1467,11743,,,-8.3296480178833,,8.3296480178833,
1468,11749,,,,-12.30670166015625,,12.30670166015625
1468,11751,,,-7.882802963256836,,7.882802963256836,
1469,11759,,,-7.076624393463135,,7.076624393463135,
1470,11767,,,-7.689059257507324,,7.689059257507324,
1471,11775,,,-8.33477783203125,,8.33477783203125,
1472,11783,,,-8.305309295654297,,8.305309295654297,
1473,11791,,,-8.339370727539062,,8.339370727539062,
1474,11799,,,,-6.646908283233643,,6.646908283233643
1474,11799,,,-8.499211311340332,,8.499211311340332,
1475,11807,,,-8.290885925292969,,8.290885925292969,
1476,11815,,,-8.381665229797363,,8.381665229797363,
1477,11823,,,-8.050104141235352,,8.050104141235352,
1478,11831,,,-8.891128540039062,,8.891128540039062,
1479,11839,,,-8.341550827026367,,8.341550827026367,
1480,11847,,,-8.361193656921387,,8.361193656921387,
1481,11849,,,,-8.679328918457031,,8.679328918457031
1481,11855,,,-8.622824668884277,,8.622824668884277,
1482,11863,,,-7.918979644775391,,7.918979644775391,
1483,11871,,,-8.059971809387207,,8.059971809387207,
1484,11879,,,-8.012763977050781,,8.012763977050781,
1485,11887,,,-8.138883590698242,,8.138883590698242,
1486,11895,,,-8.331964492797852,,8.331964492797852,
1487,11899,,,,-13.074352264404297,,13.074352264404297
1487,11903,,,-9.059112548828125,,9.059112548828125,
1488,11911,,,-8.199544906616211,,8.199544906616211,
1489,11919,,,-8.741634368896484,,8.741634368896484,
1490,11927,,,-8.034521102905273,,8.034521102905273,
1491,11935,,,-8.590991020202637,,8.590991020202637,
1492,11943,,,-8.363714218139648,,8.363714218139648,
1493,11949,,,,-6.431628227233887,,6.431628227233887
1493,11951,,,-7.470870494842529,,7.470870494842529,
1494,11959,,,-8.638253211975098,,8.638253211975098,
1495,11967,,,-8.15470027923584,,8.15470027923584,
1496,11975,,,-8.602014541625977,,8.602014541625977,
1497,11983,,,-8.167623519897461,,8.167623519897461,
1498,11991,,,-7.29286003112793,,7.29286003112793,
1499,11999,,,,-7.697931289672852,,7.697931289672852
1499,11999,,,-7.900282859802246,,7.900282859802246,
1500,12007,,,-8.190070152282715,,8.190070152282715,
1501,12015,,,-8.175297737121582,,8.175297737121582,
1502,12023,,,-8.362142562866211,,8.362142562866211,
1503,12031,,,-8.348531723022461,,8.348531723022461,
1504,12039,,,-8.192848205566406,,8.192848205566406,
1505,12047,,,-7.953002452850342,,7.953002452850342,
1506,12049,,,,-9.674579620361328,,9.674579620361328
1506,12055,,,-8.246532440185547,,8.246532440185547,
1507,12063,,,-8.327256202697754,,8.327256202697754,
1508,12071,,,-8.46245288848877,,8.46245288848877,
1509,12079,,,-8.218978881835938,,8.218978881835938,
1510,12087,,,-8.339679718017578,,8.339679718017578,
1511,12095,,,-9.20047378540039,,9.20047378540039,
1512,12099,,,,-9.49211311340332,,9.49211311340332
1512,12103,,,-7.880588054656982,,7.880588054656982,
1513,12111,,,-8.248997688293457,,8.248997688293457,
1514,12119,,,-8.697651863098145,,8.697651863098145,
1515,12127,,,-7.968865394592285,,7.968865394592285,
1516,12135,,,-9.186827659606934,,9.186827659606934,
1517,12143,,,-8.514161109924316,,8.514161109924316,
1518,12149,,,,-11.182104110717773,,11.182104110717773
1518,12151,,,-9.083986282348633,,9.083986282348633,
1519,12159,,,-8.504325866699219,,8.504325866699219,
1520,12167,,,-8.173110961914062,,8.173110961914062,
1521,12175,,,-7.976663112640381,,7.976663112640381,
1522,12183,,,-8.145268440246582,,8.145268440246582,
1523,12191,,,-8.64320182800293,,8.64320182800293,
1524,12199,,,,-10.481453895568848,,10.481453895568848
1524,12199,,,-8.397941589355469,,8.397941589355469,
1525,12207,,,-9.007650375366211,,9.007650375366211,
1526,12215,,,-8.10696792602539,,8.10696792602539,
1527,12223,,,-8.710705757141113,,8.710705757141113,
1528,12231,,,-8.088984489440918,,8.088984489440918,
1529,12239,,,-8.781805992126465,,8.781805992126465,
1530,12247,,,-8.646150588989258,,8.646150588989258,
1531,12249,,,,-9.454381942749023,,9.454381942749023
1531,12255,,,-7.837884426116943,,7.837884426116943,
1532,12263,,,-8.800923347473145,,8.800923347473145,
1533,12271,,,-8.527962684631348,,8.527962684631348,
1534,12279,,,-8.862911224365234,,8.862911224365234,
1535,12287,,,-9.076595306396484,,9.076595306396484,
1536,12295,,,-8.112658500671387,,8.112658500671387,
1537,12299,,,,-10.433011054992676,,10.433011054992676
1537,12303,,,-9.1622953414917,,9.1622953414917,
1538,12311,,,-8.751799583435059,,8.751799583435059,
1539,12319,,,-8.975601196289062,,8.975601196289062,
1540,12327,,,-10.003583908081055,,10.003583908081055,
1541,12335,,,-9.34072494506836,,9.34072494506836,
1542,12343,,,-9.101344108581543,,9.101344108581543,
1543,12349,,,,-8.24692440032959,,8.24692440032959
1543,12351,,,-9.053045272827148,,9.053045272827148,
1544,12359,,,-9.254192352294922,,9.254192352294922,
1545,12367,,,-8.980627059936523,,8.980627059936523,
1546,12375,,,-8.102394104003906,,8.102394104003906,
1547,12383,,,-8.788145065307617,,8.788145065307617,
1548,12391,,,-8.299877166748047,,8.299877166748047,
1549,12399,,,,-8.430179595947266,,8.430179595947266
1549,12399,,,-8.722736358642578,,8.722736358642578,
1550,12407,,,-8.837669372558594,,8.837669372558594,
1551,12415,,,-8.994231224060059,,8.994231224060059,
1552,12423,,,-8.714924812316895,,8.714924812316895,
1553,12431,,,-8.674649238586426,,8.674649238586426,
1554,12439,,,-8.627887725830078,,8.627887725830078,
1555,12447,,,-9.400943756103516,,9.400943756103516,
1556,12449,,,,-10.990995407104492,,10.990995407104492
1556,12455,,,-8.675433158874512,,8.675433158874512,
1557,12463,,,-9.629379272460938,,9.629379272460938,
1558,12471,,,-9.095160484313965,,9.095160484313965,
1559,12479,,,-9.05754566192627,,9.05754566192627,
1560,12487,,,-8.945535659790039,,8.945535659790039,
1561,12495,,,-8.33464527130127,,8.33464527130127,
1562,12499,,,,-4.736547470092773,,4.736547470092773
1562,12503,,,-8.447813034057617,,8.447813034057617,
1563,12511,,,-8.413933753967285,,8.413933753967285,
1564,12519,,,-9.465986251831055,,9.465986251831055,
1565,12527,,,-9.36433219909668,,9.36433219909668,
1566,12535,,,-8.48478889465332,,8.48478889465332,
1567,12543,,,-9.737950325012207,,9.737950325012207,
1568,12549,,,,-2.275935411453247,,2.275935411453247
1568,12551,,,-8.759178161621094,,8.759178161621094,
1569,12559,,,-9.474871635437012,,9.474871635437012,
1570,12567,,,-9.721956253051758,,9.721956253051758,
1571,12575,,,-8.725212097167969,,8.725212097167969,
1572,12583,,,-8.987634658813477,,8.987634658813477,
1573,12591,,,-9.328916549682617,,9.328916549682617,
1574,12599,,,,-11.182304382324219,,11.182304382324219
1574,12599,,,-9.05666446685791,,9.05666446685791,
1575,12607,,,-9.009361267089844,,9.009361267089844,
1576,12615,,,-9.31360149383545,,9.31360149383545,
1577,12623,,,-9.490741729736328,,9.490741729736328,
1578,12631,,,-8.632683753967285,,8.632683753967285,
1579,12639,,,-8.851239204406738,,8.851239204406738,
1580,12647,,,-9.113842964172363,,9.113842964172363,
1581,12649,,,,-3.5843772888183594,,3.5843772888183594
1581,12655,,,-8.599071502685547,,8.599071502685547,
1582,12663,,,-9.171555519104004,,9.171555519104004,
1583,12671,,,-9.592901229858398,,9.592901229858398,
1584,12679,,,-10.060006141662598,,10.060006141662598,
1585,12687,,,-8.569074630737305,,8.569074630737305,
1586,12695,,,-9.354808807373047,,9.354808807373047,
1587,12699,,,,-7.124497890472412,,7.124497890472412
1587,12703,,,-9.192033767700195,,9.192033767700195,
1588,12711,,,-8.333251953125,,8.333251953125,
1589,12719,,,-8.73137378692627,,8.73137378692627,
1590,12727,,,-8.77021312713623,,8.77021312713623,
1591,12735,,,-9.109577178955078,,9.109577178955078,
1592,12743,,,-9.698965072631836,,9.698965072631836,
1593,12749,,,,-9.39510440826416,,9.39510440826416
1593,12751,,,-8.607925415039062,,8.607925415039062,
1594,12759,,,-10.406787872314453,,10.406787872314453,
1595,12767,,,-9.151278495788574,,9.151278495788574,
1596,12775,,,-9.477917671203613,,9.477917671203613,
1597,12783,,,-9.9986572265625,,9.9986572265625,
1598,12791,,,-10.164749145507812,,10.164749145507812,
1599,12799,,,,-9.297491073608398,,9.297491073608398
1599,12799,,,-9.687419891357422,,9.687419891357422,
1600,12807,,,-10.224037170410156,,10.224037170410156,
1601,12815,,,-9.048933982849121,,9.048933982849121,
1602,12823,,,-9.767770767211914,,9.767770767211914,
1603,12831,,,-9.304699897766113,,9.304699897766113,
1604,12839,,,-9.65091609954834,,9.65091609954834,
1605,12847,,,-8.812323570251465,,8.812323570251465,
1606,12849,,,,-11.309375762939453,,11.309375762939453
1606,12855,,,-10.111144065856934,,10.111144065856934,
1607,12863,,,-9.4844388961792,,9.4844388961792,
1608,12871,,,-9.42389965057373,,9.42389965057373,
1609,12879,,,-9.199989318847656,,9.199989318847656,
1610,12887,,,-9.210503578186035,,9.210503578186035,
1611,12895,,,-8.762044906616211,,8.762044906616211,
1612,12899,,,,-2.8989505767822266,,2.8989505767822266
1612,12903,,,-9.133362770080566,,9.133362770080566,
1613,12911,,,-9.357029914855957,,9.357029914855957,
1614,12919,,,-9.27408504486084,,9.27408504486084,
1615,12927,,,-9.657281875610352,,9.657281875610352,
1616,12935,,,-9.257648468017578,,9.257648468017578,
1617,12943,,,-9.679460525512695,,9.679460525512695,
1618,12949,,,,-13.068048477172852,,13.068048477172852
1618,12951,,,-9.034818649291992,,9.034818649291992,
1619,12959,,,-9.801165580749512,,9.801165580749512,
1620,12967,,,-9.234888076782227,,9.234888076782227,
1621,12975,,,-9.212785720825195,,9.212785720825195,
1622,12983,,,-10.142197608947754,,10.142197608947754,
1623,12991,,,-9.640819549560547,,9.640819549560547,
1624,12999,,,,-9.65376091003418,,9.65376091003418
1624,12999,,,-9.600054740905762,,9.600054740905762,
1625,13007,,,-9.421880722045898,,9.421880722045898,
1626,13015,,,-8.896674156188965,,8.896674156188965,
1627,13023,,,-9.750981330871582,,9.750981330871582,
1628,13031,,,-9.312969207763672,,9.312969207763672,
1629,13039,,,-9.125103950500488,,9.125103950500488,
1630,13047,,,-9.288944244384766,,9.288944244384766,
1631,13049,,,,-13.841885566711426,,13.841885566711426
1631,13055,,,-9.584303855895996,,9.584303855895996,
1632,13063,,,-9.19253158569336,,9.19253158569336,
1633,13071,,,-10.21247386932373,,10.21247386932373,
1634,13079,,,-9.431885719299316,,9.431885719299316,
1635,13087,,,-9.616925239562988,,9.616925239562988,
1636,13095,,,-10.002814292907715,,10.002814292907715,
1637,13099,,,,-12.00014877319336,,12.00014877319336
1637,13103,,,-10.377192497253418,,10.377192497253418,
1638,13111,,,-10.098654747009277,,10.098654747009277,
1639,13119,,,-9.992486953735352,,9.992486953735352,
1640,13127,,,-9.535067558288574,,9.535067558288574,
1641,13135,,,-9.369261741638184,,9.369261741638184,
1642,13143,,,-9.935912132263184,,9.935912132263184,
1643,13149,,,,-5.966843128204346,,5.966843128204346
1643,13151,,,-9.774626731872559,,9.774626731872559,
1644,13159,,,-9.841853141784668,,9.841853141784668,
1645,13167,,,-10.260106086730957,,10.260106086730957,
1646,13175,,,-9.726012229919434,,9.726012229919434,
1647,13183,,,-10.099167823791504,,10.099167823791504,
1648,13191,,,-9.655407905578613,,9.655407905578613,
1649,13199,,,,-12.291492462158203,,12.291492462158203
1649,13199,,,-10.774102210998535,,10.774102210998535,
1650,13207,,,-10.699938774108887,,10.699938774108887,
1651,13215,,,-10.444450378417969,,10.444450378417969,
1652,13223,,,-9.730545043945312,,9.730545043945312,
1653,13231,,,-10.5771484375,,10.5771484375,
1654,13239,,,-9.822569847106934,,9.822569847106934,
1655,13247,,,-10.417862892150879,,10.417862892150879,
1656,13249,,,,-10.85771369934082,,10.85771369934082
1656,13255,,,-9.696171760559082,,9.696171760559082,
1657,13263,,,-9.972066879272461,,9.972066879272461,
1658,13271,,,-9.54733943939209,,9.54733943939209,
1659,13279,,,-9.910693168640137,,9.910693168640137,
1660,13287,,,-10.042084693908691,,10.042084693908691,
1661,13295,,,-9.55154800415039,,9.55154800415039,
1662,13299,,,,-9.368473052978516,,9.368473052978516
1662,13303,,,-10.971380233764648,,10.971380233764648,
1663,13311,,,-10.759644508361816,,10.759644508361816,
1664,13319,,,-11.04725170135498,,11.04725170135498,
1665,13327,,,-9.975988388061523,,9.975988388061523,
1666,13335,,,-10.580412864685059,,10.580412864685059,
1667,13343,,,-9.734273910522461,,9.734273910522461,
1668,13349,,,,-13.899404525756836,,13.899404525756836
1668,13351,,,-10.265594482421875,,10.265594482421875,
1669,13359,,,-10.87837028503418,,10.87837028503418,
1670,13367,,,-11.202981948852539,,11.202981948852539,
1671,13375,,,-9.945609092712402,,9.945609092712402,
1672,13383,,,-9.360282897949219,,9.360282897949219,
1673,13391,,,-9.76776123046875,,9.76776123046875,
1674,13399,,,,-12.490787506103516,,12.490787506103516
1674,13399,,,-9.84924030303955,,9.84924030303955,
1675,13407,,,-10.619776725769043,,10.619776725769043,
1676,13415,,,-9.626659393310547,,9.626659393310547,
1677,13423,,,-10.251779556274414,,10.251779556274414,
1678,13431,,,-9.306180953979492,,9.306180953979492,
1679,13439,,,-10.291718482971191,,10.291718482971191,
1680,13447,,,-10.236857414245605,,10.236857414245605,
1681,13449,,,,-8.579511642456055,,8.579511642456055
1681,13455,,,-10.280290603637695,,10.280290603637695,
1682,13463,,,-10.514519691467285,,10.514519691467285,
1683,13471,,,-10.39466667175293,,10.39466667175293,
1684,13479,,,-9.995034217834473,,9.995034217834473,
1685,13487,,,-10.294919967651367,,10.294919967651367,
1686,13495,,,-10.165853500366211,,10.165853500366211,
1687,13499,,,,-9.676980972290039,,9.676980972290039
1687,13503,,,-9.853114128112793,,9.853114128112793,
1688,13511,,,-9.706258773803711,,9.706258773803711,
1689,13519,,,-10.91925048828125,,10.91925048828125,
1690,13527,,,-10.744363784790039,,10.744363784790039,
1691,13535,,,-10.32491683959961,,10.32491683959961,
1692,13543,,,-10.136177062988281,,10.136177062988281,
1693,13549,,,,-12.000373840332031,,12.000373840332031
1693,13551,,,-10.337679862976074,,10.337679862976074,
1694,13559,,,-10.389641761779785,,10.389641761779785,
1695,13567,,,-9.664983749389648,,9.664983749389648,
1696,13575,,,-10.390560150146484,,10.390560150146484,
1697,13583,,,-11.111723899841309,,11.111723899841309,
1698,13591,,,-10.292037963867188,,10.292037963867188,
1699,13599,,,,-5.00113582611084,,5.00113582611084
1699,13599,,,-10.070292472839355,,10.070292472839355,
1700,13607,,,-10.07304859161377,,10.07304859161377,
1701,13615,,,-10.243563652038574,,10.243563652038574,
1702,13623,,,-9.606026649475098,,9.606026649475098,
1703,13631,,,-10.810345649719238,,10.810345649719238,
1704,13639,,,-10.967081069946289,,10.967081069946289,
1705,13647,,,-10.238310813903809,,10.238310813903809,
1706,13649,,,,-14.41693115234375,,14.41693115234375
1706,13655,,,-10.447005271911621,,10.447005271911621,
1707,13663,,,-11.095158576965332,,11.095158576965332,
1708,13671,,,-10.555517196655273,,10.555517196655273,
1709,13679,,,-10.80532169342041,,10.80532169342041,
1710,13687,,,-10.627561569213867,,10.627561569213867,
1711,13695,,,-11.155364036560059,,11.155364036560059,
1712,13699,,,,-12.11407470703125,,12.11407470703125
1712,13703,,,-10.427289962768555,,10.427289962768555,
1713,13711,,,-9.632206916809082,,9.632206916809082,
1714,13719,,,-9.623991012573242,,9.623991012573242,
1715,13727,,,-9.961190223693848,,9.961190223693848,
1716,13735,,,-10.015069007873535,,10.015069007873535,
1717,13743,,,-10.939584732055664,,10.939584732055664,
1718,13749,,,,-12.023571968078613,,12.023571968078613
1718,13751,,,-10.421842575073242,,10.421842575073242,
1719,13759,,,-10.236470222473145,,10.236470222473145,
1720,13767,,,-10.55599594116211,,10.55599594116211,
1721,13775,,,-10.242631912231445,,10.242631912231445,
1722,13783,,,-10.5999116897583,,10.5999116897583,
1723,13791,,,-11.132354736328125,,11.132354736328125,
1724,13799,,,,-7.050421237945557,,7.050421237945557
1724,13799,,,-11.341829299926758,,11.341829299926758,
1725,13807,,,-10.983638763427734,,10.983638763427734,
1726,13815,,,-11.54067611694336,,11.54067611694336,
1727,13823,,,-10.689657211303711,,10.689657211303711,
1728,13831,,,-10.75101375579834,,10.75101375579834,
1729,13839,,,-10.526382446289062,,10.526382446289062,
1730,13847,,,-10.248356819152832,,10.248356819152832,
1731,13849,,,,-12.653558731079102,,12.653558731079102
1731,13855,,,-11.306560516357422,,11.306560516357422,
1732,13863,,,-10.441496849060059,,10.441496849060059,
1733,13871,,,-10.664682388305664,,10.664682388305664,
1734,13879,,,-11.921764373779297,,11.921764373779297,
1735,13887,,,-10.872977256774902,,10.872977256774902,
1736,13895,,,-10.520563125610352,,10.520563125610352,
1737,13899,,,,-9.541715621948242,,9.541715621948242
1737,13903,,,-10.82942008972168,,10.82942008972168,
1738,13911,,,-9.82953929901123,,9.82953929901123,
1739,13919,,,-10.281242370605469,,10.281242370605469,
1740,13927,,,-10.710122108459473,,10.710122108459473,
1741,13935,,,-10.013639450073242,,10.013639450073242,
1742,13943,,,-11.304752349853516,,11.304752349853516,
1743,13949,,,,-10.344256401062012,,10.344256401062012
1743,13951,,,-10.350025177001953,,10.350025177001953,
1744,13959,,,-10.817808151245117,,10.817808151245117,
1745,13967,,,-11.099998474121094,,11.099998474121094,
1746,13975,,,-11.072771072387695,,11.072771072387695,
1747,13983,,,-10.634591102600098,,10.634591102600098,
1748,13991,,,-10.036406517028809,,10.036406517028809,
1749,13999,,,,-3.0975747108459473,,3.0975747108459473
1749,13999,,,-10.471541404724121,,10.471541404724121,
1750,14007,,,-11.153512954711914,,11.153512954711914,
1751,14015,,,-11.459639549255371,,11.459639549255371,
1752,14023,,,-10.11116886138916,,10.11116886138916,
1753,14031,,,-11.037604331970215,,11.037604331970215,
1754,14039,,,-11.091073036193848,,11.091073036193848,
1755,14047,,,-11.667962074279785,,11.667962074279785,
1756,14049,,,,-6.258579730987549,,6.258579730987549
1756,14055,,,-10.244220733642578,,10.244220733642578,
1757,14063,,,-10.857095718383789,,10.857095718383789,
1758,14071,,,-10.638436317443848,,10.638436317443848,
1759,14079,,,-10.814519882202148,,10.814519882202148,
1760,14087,,,-11.30673599243164,,11.30673599243164,
1761,14095,,,-11.533748626708984,,11.533748626708984,
1762,14099,,,,-16.891477584838867,,16.891477584838867
1762,14103,,,-11.442556381225586,,11.442556381225586,
1763,14111,,,-10.941563606262207,,10.941563606262207,
1764,14119,,,-11.182463645935059,,11.182463645935059,
1765,14127,,,-10.832193374633789,,10.832193374633789,
1766,14135,,,-10.907978057861328,,10.907978057861328,
1767,14143,,,-10.858497619628906,,10.858497619628906,
1768,14149,,,,-12.001863479614258,,12.001863479614258
1768,14151,,,-11.088068962097168,,11.088068962097168,
1769,14159,,,-10.462531089782715,,10.462531089782715,
1770,14167,,,-11.554875373840332,,11.554875373840332,
1771,14175,,,-10.819746017456055,,10.819746017456055,
1772,14183,,,-11.87434196472168,,11.87434196472168,
1773,14191,,,-10.541345596313477,,10.541345596313477,
1774,14199,,,,-8.736393928527832,,8.736393928527832
1774,14199,,,-10.3838472366333,,10.3838472366333,
1775,14207,,,-10.517414093017578,,10.517414093017578,
1776,14215,,,-10.864896774291992,,10.864896774291992,
1777,14223,,,-11.003384590148926,,11.003384590148926,
1778,14231,,,-12.278325080871582,,12.278325080871582,
1779,14239,,,-11.245789527893066,,11.245789527893066,
1780,14247,,,-11.276896476745605,,11.276896476745605,
1781,14249,,,,-3.945246696472168,,3.945246696472168
1781,14255,,,-11.096145629882812,,11.096145629882812,
1782,14263,,,-11.521048545837402,,11.521048545837402,
1783,14271,,,-10.885114669799805,,10.885114669799805,
1784,14279,,,-10.937032699584961,,10.937032699584961,
1785,14287,,,-11.161262512207031,,11.161262512207031,
1786,14295,,,-11.025613784790039,,11.025613784790039,
1787,14299,,,,-7.525184154510498,,7.525184154510498
1787,14303,,,-10.656609535217285,,10.656609535217285,
1788,14311,,,-11.378752708435059,,11.378752708435059,
1789,14319,,,-11.23479175567627,,11.23479175567627,
1790,14327,,,-11.296205520629883,,11.296205520629883,
1791,14335,,,-11.296625137329102,,11.296625137329102,
1792,14343,,,-11.441526412963867,,11.441526412963867,
1793,14349,,,,-14.810558319091797,,14.810558319091797
1793,14351,,,-11.333476066589355,,11.333476066589355,
1794,14359,,,-11.959383964538574,,11.959383964538574,
1795,14367,,,-11.562304496765137,,11.562304496765137,
1796,14375,,,-11.065862655639648,,11.065862655639648,
1797,14383,,,-11.159241676330566,,11.159241676330566,
1798,14391,,,-11.195960998535156,,11.195960998535156,
1799,14399,,,,-14.894752502441406,,14.894752502441406
1799,14399,,,-12.014787673950195,,12.014787673950195,
1800,14407,,,-11.710442543029785,,11.710442543029785,
1801,14415,,,-11.00533390045166,,11.00533390045166,
1802,14423,,,-11.01115608215332,,11.01115608215332,
1803,14431,,,-11.10623550415039,,11.10623550415039,
1804,14439,,,-10.99726390838623,,10.99726390838623,
1805,14447,,,-11.546806335449219,,11.546806335449219,
1806,14449,,,,-8.246400833129883,,8.246400833129883
1806,14455,,,-10.925410270690918,,10.925410270690918,
1807,14463,,,-11.38840389251709,,11.38840389251709,
1808,14471,,,-11.710762977600098,,11.710762977600098,
1809,14479,,,-11.119475364685059,,11.119475364685059,
1810,14487,,,-11.663924217224121,,11.663924217224121,
1811,14495,,,-11.641677856445312,,11.641677856445312,
1812,14499,,,,-15.791955947875977,,15.791955947875977
1812,14503,,,-10.702489852905273,,10.702489852905273,
1813,14511,,,-11.167661666870117,,11.167661666870117,
1814,14519,,,-11.350749969482422,,11.350749969482422,
1815,14527,,,-11.267921447753906,,11.267921447753906,
1816,14535,,,-11.3925142288208,,11.3925142288208,
1817,14543,,,-12.081903457641602,,12.081903457641602,
1818,14549,,,,-8.302166938781738,,8.302166938781738
1818,14551,,,-11.907647132873535,,11.907647132873535,
1819,14559,,,-11.013398170471191,,11.013398170471191,
1820,14567,,,-12.375360488891602,,12.375360488891602,
1821,14575,,,-12.792409896850586,,12.792409896850586,
1822,14583,,,-12.004822731018066,,12.004822731018066,
1823,14591,,,-12.194889068603516,,12.194889068603516,
1824,14599,,,,-6.263092994689941,,6.263092994689941
1824,14599,,,-11.3466215133667,,11.3466215133667,
1825,14607,,,-11.364509582519531,,11.364509582519531,
1826,14615,,,-12.039591789245605,,12.039591789245605,
1827,14623,,,-11.609925270080566,,11.609925270080566,
1828,14631,,,-12.220123291015625,,12.220123291015625,
1829,14639,,,-11.407045364379883,,11.407045364379883,
1830,14647,,,-13.01011848449707,,13.01011848449707,
1831,14649,,,,-14.852036476135254,,14.852036476135254
1831,14655,,,-11.754801750183105,,11.754801750183105,
1832,14663,,,-11.982566833496094,,11.982566833496094,
1833,14671,,,-11.554866790771484,,11.554866790771484,
1834,14679,,,-11.374791145324707,,11.374791145324707,
1835,14687,,,-11.979593276977539,,11.979593276977539,
1836,14695,,,-13.379868507385254,,13.379868507385254,
1837,14699,,,,-6.166530132293701,,6.166530132293701
1837,14703,,,-11.028493881225586,,11.028493881225586,
1838,14711,,,-11.325177192687988,,11.325177192687988,
1839,14719,,,-11.551260948181152,,11.551260948181152,
1840,14727,,,-11.511268615722656,,11.511268615722656,
1841,14735,,,-12.19399642944336,,12.19399642944336,
1842,14743,,,-12.281991004943848,,12.281991004943848,
1843,14749,,,,-11.413856506347656,,11.413856506347656
1843,14751,,,-11.960536003112793,,11.960536003112793,
1844,14759,,,-13.387455940246582,,13.387455940246582,
1845,14767,,,-11.20991039276123,,11.20991039276123,
1846,14775,,,-12.123671531677246,,12.123671531677246,
1847,14783,,,-12.93270206451416,,12.93270206451416,
1848,14791,,,-11.213407516479492,,11.213407516479492,
1849,14799,,,,-3.7608184814453125,,3.7608184814453125
1849,14799,,,-12.16240119934082,,12.16240119934082,
1850,14807,,,-11.411869049072266,,11.411869049072266,
1851,14815,,,-11.65884017944336,,11.65884017944336,
1852,14823,,,-11.806608200073242,,11.806608200073242,
1853,14831,,,-12.526220321655273,,12.526220321655273,
1854,14839,,,-11.62071418762207,,11.62071418762207,
1855,14847,,,-11.523018836975098,,11.523018836975098,
1856,14849,,,,-11.092447280883789,,11.092447280883789
1856,14855,,,-11.846700668334961,,11.846700668334961,
1857,14863,,,-12.409401893615723,,12.409401893615723,
1858,14871,,,-12.696502685546875,,12.696502685546875,
1859,14879,,,-11.860007286071777,,11.860007286071777,
1860,14887,,,-11.81709098815918,,11.81709098815918,
1861,14895,,,-12.083512306213379,,12.083512306213379,
1862,14899,,,,-9.49233627319336,,9.49233627319336
1862,14903,,,-11.727176666259766,,11.727176666259766,
1863,14911,,,-13.070038795471191,,13.070038795471191,
1864,14919,,,-12.170417785644531,,12.170417785644531,
1865,14927,,,-12.580330848693848,,12.580330848693848,
1866,14935,,,-12.712672233581543,,12.712672233581543,
1867,14943,,,-11.838676452636719,,11.838676452636719,
1868,14949,,,,-13.912540435791016,,13.912540435791016
1868,14951,,,-12.903066635131836,,12.903066635131836,
1869,14959,,,-12.303295135498047,,12.303295135498047,
1870,14967,,,-12.369823455810547,,12.369823455810547,
1871,14975,,,-12.682404518127441,,12.682404518127441,
1872,14983,,,-12.415168762207031,,12.415168762207031,
1873,14991,,,-12.164196014404297,,12.164196014404297,
1874,14999,,,,-14.581110954284668,,14.581110954284668
1874,14999,,,-13.482751846313477,,13.482751846313477,
1875,15007,,,-12.408506393432617,,12.408506393432617,
1876,15015,,,-11.654778480529785,,11.654778480529785,
1877,15023,,,-12.615096092224121,,12.615096092224121,
1878,15031,,,-12.220173835754395,,12.220173835754395,
1879,15039,,,-13.119990348815918,,13.119990348815918,
1880,15047,,,-12.139447212219238,,12.139447212219238,
1881,15049,,,,-15.994098663330078,,15.994098663330078
1881,15055,,,-12.042719841003418,,12.042719841003418,
1882,15063,,,-11.354290962219238,,11.354290962219238,
1883,15071,,,-11.860776901245117,,11.860776901245117,
1884,15079,,,-12.794350624084473,,12.794350624084473,
1885,15087,,,-13.161465644836426,,13.161465644836426,
1886,15095,,,-11.995113372802734,,11.995113372802734,
1887,15099,,,,-14.859642028808594,,14.859642028808594
1887,15103,,,-12.642117500305176,,12.642117500305176,
1888,15111,,,-13.157429695129395,,13.157429695129395,
1889,15119,,,-11.400555610656738,,11.400555610656738,
1890,15127,,,-12.06220817565918,,12.06220817565918,
1891,15135,,,-12.534326553344727,,12.534326553344727,
1892,15143,,,-12.314910888671875,,12.314910888671875,
1893,15149,,,,-15.934618949890137,,15.934618949890137
1893,15151,,,-12.586017608642578,,12.586017608642578,
1894,15159,,,-12.179130554199219,,12.179130554199219,
1895,15167,,,-12.521193504333496,,12.521193504333496,
1896,15175,,,-12.476089477539062,,12.476089477539062,
1897,15183,,,-13.577256202697754,,13.577256202697754,
1898,15191,,,-12.377963066101074,,12.377963066101074,
1899,15199,,,,-12.045174598693848,,12.045174598693848
1899,15199,,,-13.067708015441895,,13.067708015441895,
1900,15207,,,-12.37186050415039,,12.37186050415039,
1901,15215,,,-12.230413436889648,,12.230413436889648,
1902,15223,,,-12.027972221374512,,12.027972221374512,
1903,15231,,,-12.123530387878418,,12.123530387878418,
1904,15239,,,-11.753602027893066,,11.753602027893066,
1905,15247,,,-12.326847076416016,,12.326847076416016,
1906,15249,,,,-15.564116477966309,,15.564116477966309
1906,15255,,,-12.356040954589844,,12.356040954589844,
1907,15263,,,-12.426071166992188,,12.426071166992188,
1908,15271,,,-12.309081077575684,,12.309081077575684,
1909,15279,,,-12.353866577148438,,12.353866577148438,
1910,15287,,,-13.612465858459473,,13.612465858459473,
1911,15295,,,-12.407441139221191,,12.407441139221191,
1912,15299,,,,-7.6146111488342285,,7.6146111488342285
1912,15303,,,-12.833239555358887,,12.833239555358887,
1913,15311,,,-12.375082969665527,,12.375082969665527,
1914,15319,,,-12.693843841552734,,12.693843841552734,
1915,15327,,,-12.6229829788208,,12.6229829788208,
1916,15335,,,-13.075255393981934,,13.075255393981934,
1917,15343,,,-13.366389274597168,,13.366389274597168,
1918,15349,,,,-13.574808120727539,,13.574808120727539
1918,15351,,,-13.006525993347168,,13.006525993347168,
1919,15359,,,-13.094192504882812,,13.094192504882812,
1920,15367,,,-13.542817115783691,,13.542817115783691,
1921,15375,,,-13.17920970916748,,13.17920970916748,
1922,15383,,,-12.51960563659668,,12.51960563659668,
1923,15391,,,-11.880704879760742,,11.880704879760742,
1924,15399,,,,-5.1152849197387695,,5.1152849197387695
1924,15399,,,-13.816542625427246,,13.816542625427246,
1925,15407,,,-13.361227035522461,,13.361227035522461,
1926,15415,,,-13.037172317504883,,13.037172317504883,
1927,15423,,,-12.665467262268066,,12.665467262268066,
1928,15431,,,-12.319911003112793,,12.319911003112793,
1929,15439,,,-12.381784439086914,,12.381784439086914,
1930,15447,,,-12.448161125183105,,12.448161125183105,
1931,15449,,,,-9.973817825317383,,9.973817825317383
1931,15455,,,-12.980751991271973,,12.980751991271973,
1932,15463,,,-12.745551109313965,,12.745551109313965,
1933,15471,,,-13.047557830810547,,13.047557830810547,
1934,15479,,,-12.586743354797363,,12.586743354797363,
1935,15487,,,-13.724721908569336,,13.724721908569336,
1936,15495,,,-13.011124610900879,,13.011124610900879,
1937,15499,,,,-15.904937744140625,,15.904937744140625
1937,15503,,,-12.588517189025879,,12.588517189025879,
1938,15511,,,-13.283173561096191,,13.283173561096191,
1939,15519,,,-13.334321975708008,,13.334321975708008,
1940,15527,,,-12.24290943145752,,12.24290943145752,
1941,15535,,,-13.133605003356934,,13.133605003356934,
1942,15543,,,-12.229117393493652,,12.229117393493652,
1943,15549,,,,-9.903955459594727,,9.903955459594727
1943,15551,,,-12.385104179382324,,12.385104179382324,
1944,15559,,,-12.798659324645996,,12.798659324645996,
1945,15567,,,-13.20750904083252,,13.20750904083252,
1946,15575,,,-12.97436809539795,,12.97436809539795,
1947,15583,,,-12.494593620300293,,12.494593620300293,
1948,15591,,,-13.05506420135498,,13.05506420135498,
1949,15599,,,,-18.771892547607422,,18.771892547607422
1949,15599,,,-13.69684886932373,,13.69684886932373,
1950,15607,,,-13.107373237609863,,13.107373237609863,
1951,15615,,,-13.346359252929688,,13.346359252929688,
1952,15623,,,-14.382462501525879,,14.382462501525879,
1953,15631,,,-14.85251235961914,,14.85251235961914,
1954,15639,,,-13.35136890411377,,13.35136890411377,
1955,15647,,,-13.19001293182373,,13.19001293182373,
1956,15649,,,,-14.901063919067383,,14.901063919067383
1956,15655,,,-13.412796974182129,,13.412796974182129,
1957,15663,,,-13.282219886779785,,13.282219886779785,
1958,15671,,,-12.927298545837402,,12.927298545837402,
1959,15679,,,-14.03190803527832,,14.03190803527832,
1960,15687,,,-14.027311325073242,,14.027311325073242,
1961,15695,,,-13.436219215393066,,13.436219215393066,
1962,15699,,,,-18.33758544921875,,18.33758544921875
1962,15703,,,-13.296789169311523,,13.296789169311523,
1963,15711,,,-13.740737915039062,,13.740737915039062,
1964,15719,,,-12.497669219970703,,12.497669219970703,
1965,15727,,,-13.524575233459473,,13.524575233459473,
1966,15735,,,-12.37282657623291,,12.37282657623291,
1967,15743,,,-13.847766876220703,,13.847766876220703,
1968,15749,,,,-14.949481964111328,,14.949481964111328
1968,15751,,,-12.821884155273438,,12.821884155273438,
1969,15759,,,-12.692198753356934,,12.692198753356934,
1970,15767,,,-12.751696586608887,,12.751696586608887,
1971,15775,,,-13.180529594421387,,13.180529594421387,
1972,15783,,,-12.546207427978516,,12.546207427978516,
1973,15791,,,-13.731893539428711,,13.731893539428711,
1974,15799,,,,-7.512869834899902,,7.512869834899902
1974,15799,,,-12.864130973815918,,12.864130973815918,
1975,15807,,,-12.872448921203613,,12.872448921203613,
1976,15815,,,-12.520155906677246,,12.520155906677246,
1977,15823,,,-14.356431007385254,,14.356431007385254,
1978,15831,,,-13.027901649475098,,13.027901649475098,
1979,15839,,,-12.781755447387695,,12.781755447387695,
1980,15847,,,-13.45557689666748,,13.45557689666748,
1981,15849,,,,-15.138025283813477,,15.138025283813477
1981,15855,,,-13.77277660369873,,13.77277660369873,
1982,15863,,,-14.690630912780762,,14.690630912780762,
1983,15871,,,-14.793037414550781,,14.793037414550781,
1984,15879,,,-13.025932312011719,,13.025932312011719,
1985,15887,,,-13.939190864562988,,13.939190864562988,
1986,15895,,,-13.624101638793945,,13.624101638793945,
1987,15899,,,,-14.587163925170898,,14.587163925170898
1987,15903,,,-12.860152244567871,,12.860152244567871,
1988,15911,,,-13.515690803527832,,13.515690803527832,
1989,15919,,,-14.306437492370605,,14.306437492370605,
1990,15927,,,-12.944960594177246,,12.944960594177246,
1991,15935,,,-14.072628021240234,,14.072628021240234,
1992,15943,,,-13.686443328857422,,13.686443328857422,
1993,15949,,,,-4.541164875030518,,4.541164875030518
1993,15951,,,-14.458039283752441,,14.458039283752441,
1994,15959,,,-14.272340774536133,,14.272340774536133,
1995,15967,,,-13.703629493713379,,13.703629493713379,
1996,15975,,,-13.598522186279297,,13.598522186279297,
1997,15983,,,-13.593437194824219,,13.593437194824219,
1998,15991,,,-13.332756042480469,,13.332756042480469,
1999,15999,,,,-4.434281349182129,,4.434281349182129
1999,15999,,,-13.279121398925781,,13.279121398925781,
2000,16000,-15.626304626464844,15.626304626464844,,,,
