epoch,step,test_loss,test_renyi_lb,train_loss_epoch,train_loss_step,train_renyi_lb_epoch,train_renyi_lb_step
0,7,,,0.2243051528930664,,-0.2243051528930664,
1,15,,,0.18988806009292603,,-0.18988806009292603,
2,23,,,0.1564076542854309,,-0.1564076542854309,
3,31,,,0.12361901998519897,,-0.12361901998519897,
4,39,,,0.09143954515457153,,-0.09143954515457153,
5,47,,,0.05976593494415283,,-0.05976593494415283,
6,49,,,,0.038298606872558594,,-0.038298606872558594
6,55,,,0.028666671365499496,,-0.028666671365499496,
7,63,,,-0.0021179320756345987,,0.0021179320756345987,
8,71,,,-0.03244525194168091,,0.03244525194168091,
9,79,,,-0.062439147382974625,,0.062439147382974625,
10,87,,,-0.09196030348539352,,0.09196030348539352,
11,95,,,-0.12104642391204834,,0.12104642391204834,
12,99,,,,-0.1487717628479004,,0.1487717628479004
12,103,,,-0.14941823482513428,,0.14941823482513428,
13,111,,,-0.17694318294525146,,0.17694318294525146,
14,119,,,-0.20375919342041016,,0.20375919342041016,
15,127,,,-0.22992682456970215,,0.22992682456970215,
16,135,,,-0.25549551844596863,,0.25549551844596863,
17,143,,,-0.28002747893333435,,0.28002747893333435,
18,149,,,,-0.3048439025878906,,0.3048439025878906
18,151,,,-0.30318117141723633,,0.30318117141723633,
19,159,,,-0.32428470253944397,,0.32428470253944397,
20,167,,,-0.3445892035961151,,0.3445892035961151,
21,175,,,-0.36448410153388977,,0.36448410153388977,
22,183,,,-0.3841760754585266,,0.3841760754585266,
23,191,,,-0.40370190143585205,,0.40370190143585205,
24,199,,,,-0.43070554733276367,,0.43070554733276367
24,199,,,-0.4230559468269348,,0.4230559468269348,
25,207,,,-0.4423331618309021,,0.4423331618309021,
26,215,,,-0.4614219665527344,,0.4614219665527344,
27,223,,,-0.48042309284210205,,0.48042309284210205,
28,231,,,-0.4993897080421448,,0.4993897080421448,
29,239,,,-0.5182401537895203,,0.5182401537895203,
30,247,,,-0.5369929075241089,,0.5369929075241089,
31,249,,,,-0.5501694679260254,,0.5501694679260254
31,255,,,-0.5556695461273193,,0.5556695461273193,
32,263,,,-0.5743201375007629,,0.5743201375007629,
33,271,,,-0.5928496718406677,,0.5928496718406677,
34,279,,,-0.6111674308776855,,0.6111674308776855,
35,287,,,-0.6297072768211365,,0.6297072768211365,
36,295,,,-0.6483861207962036,,0.6483861207962036,
37,299,,,,-0.6582248210906982,,0.6582248210906982
37,303,,,-0.6672441959381104,,0.6672441959381104,
38,311,,,-0.6859958171844482,,0.6859958171844482,
39,319,,,-0.7048410773277283,,0.7048410773277283,
40,327,,,-0.7235365509986877,,0.7235365509986877,
41,335,,,-0.7422404885292053,,0.7422404885292053,
42,343,,,-0.7605141401290894,,0.7605141401290894,
43,349,,,,-0.7683322429656982,,0.7683322429656982
43,351,,,-0.7779523730278015,,0.7779523730278015,
44,359,,,-0.7953566908836365,,0.7953566908836365,
45,367,,,-0.8125055432319641,,0.8125055432319641,
46,375,,,-0.829350471496582,,0.829350471496582,
47,383,,,-0.8462246060371399,,0.8462246060371399,
48,391,,,-0.8627672791481018,,0.8627672791481018,
49,399,,,,-0.8815646171569824,,0.8815646171569824
49,399,,,-0.8791771531105042,,0.8791771531105042,
50,407,,,-0.8955588936805725,,0.8955588936805725,
51,415,,,-0.9115424752235413,,0.9115424752235413,
52,423,,,-0.9276095628738403,,0.9276095628738403,
53,431,,,-0.9434713125228882,,0.9434713125228882,
54,439,,,-0.9590650200843811,,0.9590650200843811,
55,447,,,-0.9745796918869019,,0.9745796918869019,
56,449,,,,-0.9644649028778076,,0.9644649028778076
56,455,,,-0.9900767803192139,,0.9900767803192139,
57,463,,,-1.0052547454833984,,1.0052547454833984,
58,471,,,-1.0202863216400146,,1.0202863216400146,
59,479,,,-1.0352126359939575,,1.0352126359939575,
60,487,,,-1.0500694513320923,,1.0500694513320923,
61,495,,,-1.0645246505737305,,1.0645246505737305,
62,499,,,,-1.0819437503814697,,1.0819437503814697
62,503,,,-1.0790479183197021,,1.0790479183197021,
63,511,,,-1.0934504270553589,,1.0934504270553589,
64,519,,,-1.1076078414916992,,1.1076078414916992,
65,527,,,-1.1216388940811157,,1.1216388940811157,
66,535,,,-1.1353341341018677,,1.1353341341018677,
67,543,,,-1.14915931224823,,1.14915931224823,
68,549,,,,-1.194018840789795,,1.194018840789795
68,551,,,-1.1628413200378418,,1.1628413200378418,
69,559,,,-1.1762986183166504,,1.1762986183166504,
70,567,,,-1.1895592212677002,,1.1895592212677002,
71,575,,,-1.2028065919876099,,1.2028065919876099,
72,583,,,-1.2156565189361572,,1.2156565189361572,
73,591,,,-1.2288093566894531,,1.2288093566894531,
74,599,,,,-1.262160301208496,,1.262160301208496
74,599,,,-1.2414730787277222,,1.2414730787277222,
75,607,,,-1.2543483972549438,,1.2543483972549438,
76,615,,,-1.2665947675704956,,1.2665947675704956,
77,623,,,-1.2790006399154663,,1.2790006399154663,
78,631,,,-1.29103422164917,,1.29103422164917,
79,639,,,-1.3031651973724365,,1.3031651973724365,
80,647,,,-1.3151476383209229,,1.3151476383209229,
81,649,,,,-1.300682544708252,,1.300682544708252
81,655,,,-1.326525092124939,,1.326525092124939,
82,663,,,-1.338999629020691,,1.338999629020691,
83,671,,,-1.3494818210601807,,1.3494818210601807,
84,679,,,-1.360823392868042,,1.360823392868042,
85,687,,,-1.3720842599868774,,1.3720842599868774,
86,695,,,-1.3835976123809814,,1.3835976123809814,
87,699,,,,-1.3866286277770996,,1.3866286277770996
87,703,,,-1.3939123153686523,,1.3939123153686523,
88,711,,,-1.4044773578643799,,1.4044773578643799,
89,719,,,-1.4152965545654297,,1.4152965545654297,
90,727,,,-1.4254908561706543,,1.4254908561706543,
91,735,,,-1.436140537261963,,1.436140537261963,
92,743,,,-1.4467203617095947,,1.4467203617095947,
93,749,,,,-1.4372870922088623,,1.4372870922088623
93,751,,,-1.4560154676437378,,1.4560154676437378,
94,759,,,-1.4659242630004883,,1.4659242630004883,
95,767,,,-1.4761966466903687,,1.4761966466903687,
96,775,,,-1.4856959581375122,,1.4856959581375122,
97,783,,,-1.4956105947494507,,1.4956105947494507,
98,791,,,-1.5055922269821167,,1.5055922269821167,
99,799,,,,-1.4977035522460938,,1.4977035522460938
99,799,,,-1.5140784978866577,,1.5140784978866577,
100,807,,,-1.5228971242904663,,1.5228971242904663,
101,815,,,-1.53242027759552,,1.53242027759552,
102,823,,,-1.5406489372253418,,1.5406489372253418,
103,831,,,-1.5498936176300049,,1.5498936176300049,
104,839,,,-1.5579867362976074,,1.5579867362976074,
105,847,,,-1.566640019416809,,1.566640019416809,
106,849,,,,-1.5744249820709229,,1.5744249820709229
106,855,,,-1.5752557516098022,,1.5752557516098022,
107,863,,,-1.5833392143249512,,1.5833392143249512,
108,871,,,-1.591575026512146,,1.591575026512146,
109,879,,,-1.6012629270553589,,1.6012629270553589,
110,887,,,-1.6085244417190552,,1.6085244417190552,
111,895,,,-1.6159217357635498,,1.6159217357635498,
112,899,,,,-1.61680269241333,,1.61680269241333
112,903,,,-1.6236363649368286,,1.6236363649368286,
113,911,,,-1.6307353973388672,,1.6307353973388672,
114,919,,,-1.637953758239746,,1.637953758239746,
115,927,,,-1.6472761631011963,,1.6472761631011963,
116,935,,,-1.6569019556045532,,1.6569019556045532,
117,943,,,-1.6598631143569946,,1.6598631143569946,
118,949,,,,-1.6460142135620117,,1.6460142135620117
118,951,,,-1.6688165664672852,,1.6688165664672852,
119,959,,,-1.6733731031417847,,1.6733731031417847,
120,967,,,-1.6807478666305542,,1.6807478666305542,
121,975,,,-1.6881521940231323,,1.6881521940231323,
122,983,,,-1.6940453052520752,,1.6940453052520752,
123,991,,,-1.700879693031311,,1.700879693031311,
124,999,,,,-1.7036290168762207,,1.7036290168762207
124,999,,,-1.7077064514160156,,1.7077064514160156,
125,1007,,,-1.7148085832595825,,1.7148085832595825,
126,1015,,,-1.7197076082229614,,1.7197076082229614,
127,1023,,,-1.7261570692062378,,1.7261570692062378,
128,1031,,,-1.7322986125946045,,1.7322986125946045,
129,1039,,,-1.7369966506958008,,1.7369966506958008,
130,1047,,,-1.741585373878479,,1.741585373878479,
131,1049,,,,-1.6911375522613525,,1.6911375522613525
131,1055,,,-1.750821828842163,,1.750821828842163,
132,1063,,,-1.753400206565857,,1.753400206565857,
133,1071,,,-1.7618719339370728,,1.7618719339370728,
134,1079,,,-1.7692371606826782,,1.7692371606826782,
135,1087,,,-1.7719011306762695,,1.7719011306762695,
136,1095,,,-1.775880217552185,,1.775880217552185,
137,1099,,,,-1.6661686897277832,,1.6661686897277832
137,1103,,,-1.7826988697052002,,1.7826988697052002,
138,1111,,,-1.788424015045166,,1.788424015045166,
139,1119,,,-1.7942754030227661,,1.7942754030227661,
140,1127,,,-1.7971720695495605,,1.7971720695495605,
141,1135,,,-1.8018736839294434,,1.8018736839294434,
142,1143,,,-1.8107185363769531,,1.8107185363769531,
143,1149,,,,-1.895090103149414,,1.895090103149414
143,1151,,,-1.8148181438446045,,1.8148181438446045,
144,1159,,,-1.8166890144348145,,1.8166890144348145,
145,1167,,,-1.8195589780807495,,1.8195589780807495,
146,1175,,,-1.8279081583023071,,1.8279081583023071,
147,1183,,,-1.8281868696212769,,1.8281868696212769,
148,1191,,,-1.834974765777588,,1.834974765777588,
149,1199,,,,-1.8449597358703613,,1.8449597358703613
149,1199,,,-1.8438674211502075,,1.8438674211502075,
150,1207,,,-1.8456988334655762,,1.8456988334655762,
151,1215,,,-1.8471899032592773,,1.8471899032592773,
152,1223,,,-1.8507238626480103,,1.8507238626480103,
153,1231,,,-1.856874942779541,,1.856874942779541,
154,1239,,,-1.860658049583435,,1.860658049583435,
155,1247,,,-1.8643838167190552,,1.8643838167190552,
156,1249,,,,-1.844907283782959,,1.844907283782959
156,1255,,,-1.863508939743042,,1.863508939743042,
157,1263,,,-1.8694015741348267,,1.8694015741348267,
158,1271,,,-1.8747689723968506,,1.8747689723968506,
159,1279,,,-1.8764342069625854,,1.8764342069625854,
160,1287,,,-1.88689124584198,,1.88689124584198,
161,1295,,,-1.8871338367462158,,1.8871338367462158,
162,1299,,,,-1.9599320888519287,,1.9599320888519287
162,1303,,,-1.8888756036758423,,1.8888756036758423,
163,1311,,,-1.8955227136611938,,1.8955227136611938,
164,1319,,,-1.8989324569702148,,1.8989324569702148,
165,1327,,,-1.9069894552230835,,1.9069894552230835,
166,1335,,,-1.9017428159713745,,1.9017428159713745,
167,1343,,,-1.9070990085601807,,1.9070990085601807,
168,1349,,,,-2.027285575866699,,2.027285575866699
168,1351,,,-1.9091793298721313,,1.9091793298721313,
169,1359,,,-1.9098353385925293,,1.9098353385925293,
170,1367,,,-1.9196807146072388,,1.9196807146072388,
171,1375,,,-1.9190677404403687,,1.9190677404403687,
172,1383,,,-1.9269441366195679,,1.9269441366195679,
173,1391,,,-1.921866774559021,,1.921866774559021,
174,1399,,,,-2.0435800552368164,,2.0435800552368164
174,1399,,,-1.9258451461791992,,1.9258451461791992,
175,1407,,,-1.9330623149871826,,1.9330623149871826,
176,1415,,,-1.9460779428482056,,1.9460779428482056,
177,1423,,,-1.937848687171936,,1.937848687171936,
178,1431,,,-1.932756781578064,,1.932756781578064,
179,1439,,,-1.9392316341400146,,1.9392316341400146,
180,1447,,,-1.942164421081543,,1.942164421081543,
181,1449,,,,-1.7989616394042969,,1.7989616394042969
181,1455,,,-1.9458234310150146,,1.9458234310150146,
182,1463,,,-1.9474165439605713,,1.9474165439605713,
183,1471,,,-1.9553911685943604,,1.9553911685943604,
184,1479,,,-1.9560678005218506,,1.9560678005218506,
185,1487,,,-1.9492957592010498,,1.9492957592010498,
186,1495,,,-1.9644949436187744,,1.9644949436187744,
187,1499,,,,-2.0993752479553223,,2.0993752479553223
187,1503,,,-1.958274245262146,,1.958274245262146,
188,1511,,,-1.9594751596450806,,1.9594751596450806,
189,1519,,,-1.976604700088501,,1.976604700088501,
190,1527,,,-1.9698153734207153,,1.9698153734207153,
191,1535,,,-1.9791443347930908,,1.9791443347930908,
192,1543,,,-1.977147102355957,,1.977147102355957,
193,1549,,,,-1.9031851291656494,,1.9031851291656494
193,1551,,,-1.9750462770462036,,1.9750462770462036,
194,1559,,,-1.9824011325836182,,1.9824011325836182,
195,1567,,,-1.980796456336975,,1.980796456336975,
196,1575,,,-1.9848679304122925,,1.9848679304122925,
197,1583,,,-1.985459804534912,,1.985459804534912,
198,1591,,,-1.9956133365631104,,1.9956133365631104,
199,1599,,,,-2.0186750888824463,,2.0186750888824463
199,1599,,,-1.9931772947311401,,1.9931772947311401,
200,1607,,,-1.98726224899292,,1.98726224899292,
201,1615,,,-1.9880698919296265,,1.9880698919296265,
202,1623,,,-2.0009617805480957,,2.0009617805480957,
203,1631,,,-1.99169921875,,1.99169921875,
204,1639,,,-2.0030786991119385,,2.0030786991119385,
205,1647,,,-2.004840135574341,,2.004840135574341,
206,1649,,,,-2.066333770751953,,2.066333770751953
206,1655,,,-1.9909052848815918,,1.9909052848815918,
207,1663,,,-1.993422031402588,,1.993422031402588,
208,1671,,,-2.0007212162017822,,2.0007212162017822,
209,1679,,,-2.010483503341675,,2.010483503341675,
210,1687,,,-1.9947322607040405,,1.9947322607040405,
211,1695,,,-2.0006086826324463,,2.0006086826324463,
212,1699,,,,-2.0837950706481934,,2.0837950706481934
212,1703,,,-2.0042572021484375,,2.0042572021484375,
213,1711,,,-2.005117654800415,,2.005117654800415,
214,1719,,,-2.0130836963653564,,2.0130836963653564,
215,1727,,,-2.0305707454681396,,2.0305707454681396,
216,1735,,,-2.0231854915618896,,2.0231854915618896,
217,1743,,,-2.024522066116333,,2.024522066116333,
218,1749,,,,-2.1478376388549805,,2.1478376388549805
218,1751,,,-2.0131900310516357,,2.0131900310516357,
219,1759,,,-2.013414144515991,,2.013414144515991,
220,1767,,,-2.020301103591919,,2.020301103591919,
221,1775,,,-2.023494005203247,,2.023494005203247,
222,1783,,,-2.013019561767578,,2.013019561767578,
223,1791,,,-2.0295958518981934,,2.0295958518981934,
224,1799,,,,-1.8880479335784912,,1.8880479335784912
224,1799,,,-2.0280497074127197,,2.0280497074127197,
225,1807,,,-2.019927501678467,,2.019927501678467,
226,1815,,,-2.0495173931121826,,2.0495173931121826,
227,1823,,,-2.0429012775421143,,2.0429012775421143,
228,1831,,,-2.0232598781585693,,2.0232598781585693,
229,1839,,,-2.0578157901763916,,2.0578157901763916,
230,1847,,,-2.0435292720794678,,2.0435292720794678,
231,1849,,,,-1.9899687767028809,,1.9899687767028809
231,1855,,,-2.029947519302368,,2.029947519302368,
232,1863,,,-2.042078971862793,,2.042078971862793,
233,1871,,,-2.039306640625,,2.039306640625,
234,1879,,,-2.0415761470794678,,2.0415761470794678,
235,1887,,,-2.0627925395965576,,2.0627925395965576,
236,1895,,,-2.037869691848755,,2.037869691848755,
237,1899,,,,-1.9712390899658203,,1.9712390899658203
237,1903,,,-2.0502076148986816,,2.0502076148986816,
238,1911,,,-2.033656358718872,,2.033656358718872,
239,1919,,,-2.0436413288116455,,2.0436413288116455,
240,1927,,,-2.0550074577331543,,2.0550074577331543,
241,1935,,,-2.0418665409088135,,2.0418665409088135,
242,1943,,,-2.0770702362060547,,2.0770702362060547,
243,1949,,,,-2.13997745513916,,2.13997745513916
243,1951,,,-2.049455165863037,,2.049455165863037,
244,1959,,,-2.041590452194214,,2.041590452194214,
245,1967,,,-2.0642619132995605,,2.0642619132995605,
246,1975,,,-2.0502989292144775,,2.0502989292144775,
247,1983,,,-2.0556302070617676,,2.0556302070617676,
248,1991,,,-2.0684309005737305,,2.0684309005737305,
249,1999,,,,-1.9690489768981934,,1.9690489768981934
249,1999,,,-2.045461654663086,,2.045461654663086,
250,2007,,,-2.0575897693634033,,2.0575897693634033,
251,2015,,,-2.0482594966888428,,2.0482594966888428,
252,2023,,,-2.058202028274536,,2.058202028274536,
253,2031,,,-2.0535755157470703,,2.0535755157470703,
254,2039,,,-2.0621225833892822,,2.0621225833892822,
255,2047,,,-2.0660812854766846,,2.0660812854766846,
256,2049,,,,-1.8012580871582031,,1.8012580871582031
256,2055,,,-2.0714926719665527,,2.0714926719665527,
257,2063,,,-2.058112859725952,,2.058112859725952,
258,2071,,,-2.0618913173675537,,2.0618913173675537,
259,2079,,,-2.0701897144317627,,2.0701897144317627,
260,2087,,,-2.062364339828491,,2.062364339828491,
261,2095,,,-2.0737252235412598,,2.0737252235412598,
262,2099,,,,-2.058651924133301,,2.058651924133301
262,2103,,,-2.053805351257324,,2.053805351257324,
263,2111,,,-2.0770061016082764,,2.0770061016082764,
264,2119,,,-2.069753408432007,,2.069753408432007,
265,2127,,,-2.0911924839019775,,2.0911924839019775,
266,2135,,,-2.0963640213012695,,2.0963640213012695,
267,2143,,,-2.0907580852508545,,2.0907580852508545,
268,2149,,,,-2.038339853286743,,2.038339853286743
268,2151,,,-2.071558713912964,,2.071558713912964,
269,2159,,,-2.0583012104034424,,2.0583012104034424,
270,2167,,,-2.083448648452759,,2.083448648452759,
271,2175,,,-2.108248233795166,,2.108248233795166,
272,2183,,,-2.0809121131896973,,2.0809121131896973,
273,2191,,,-2.0639588832855225,,2.0639588832855225,
274,2199,,,,-2.5969858169555664,,2.5969858169555664
274,2199,,,-2.1137778759002686,,2.1137778759002686,
275,2207,,,-2.0705506801605225,,2.0705506801605225,
276,2215,,,-2.0690953731536865,,2.0690953731536865,
277,2223,,,-2.102527618408203,,2.102527618408203,
278,2231,,,-2.0869715213775635,,2.0869715213775635,
279,2239,,,-2.0798726081848145,,2.0798726081848145,
280,2247,,,-2.1072797775268555,,2.1072797775268555,
281,2249,,,,-1.9328970909118652,,1.9328970909118652
281,2255,,,-2.070906162261963,,2.070906162261963,
282,2263,,,-2.104093074798584,,2.104093074798584,
283,2271,,,-2.0958008766174316,,2.0958008766174316,
284,2279,,,-2.1153159141540527,,2.1153159141540527,
285,2287,,,-2.1075994968414307,,2.1075994968414307,
286,2295,,,-2.067690849304199,,2.067690849304199,
287,2299,,,,-2.2086341381073,,2.2086341381073
287,2303,,,-2.0883004665374756,,2.0883004665374756,
288,2311,,,-2.0976829528808594,,2.0976829528808594,
289,2319,,,-2.070618152618408,,2.070618152618408,
290,2327,,,-2.0932276248931885,,2.0932276248931885,
291,2335,,,-2.0947377681732178,,2.0947377681732178,
292,2343,,,-2.097334146499634,,2.097334146499634,
293,2349,,,,-2.126138210296631,,2.126138210296631
293,2351,,,-2.0830721855163574,,2.0830721855163574,
294,2359,,,-2.105907678604126,,2.105907678604126,
295,2367,,,-2.0845890045166016,,2.0845890045166016,
296,2375,,,-2.1133651733398438,,2.1133651733398438,
297,2383,,,-2.126941680908203,,2.126941680908203,
298,2391,,,-2.0945940017700195,,2.0945940017700195,
299,2399,,,,-2.268634796142578,,2.268634796142578
299,2399,,,-2.1085901260375977,,2.1085901260375977,
300,2407,,,-2.077277421951294,,2.077277421951294,
301,2415,,,-2.118185043334961,,2.118185043334961,
302,2423,,,-2.093909502029419,,2.093909502029419,
303,2431,,,-2.105207920074463,,2.105207920074463,
304,2439,,,-2.086013078689575,,2.086013078689575,
305,2447,,,-2.123961925506592,,2.123961925506592,
306,2449,,,,-2.076066255569458,,2.076066255569458
306,2455,,,-2.095853328704834,,2.095853328704834,
307,2463,,,-2.106504440307617,,2.106504440307617,
308,2471,,,-2.0930211544036865,,2.0930211544036865,
309,2479,,,-2.086169958114624,,2.086169958114624,
310,2487,,,-2.1102566719055176,,2.1102566719055176,
311,2495,,,-2.110905647277832,,2.110905647277832,
312,2499,,,,-2.332221508026123,,2.332221508026123
312,2503,,,-2.161402702331543,,2.161402702331543,
313,2511,,,-2.0815000534057617,,2.0815000534057617,
314,2519,,,-2.135833501815796,,2.135833501815796,
315,2527,,,-2.140293836593628,,2.140293836593628,
316,2535,,,-2.0953352451324463,,2.0953352451324463,
317,2543,,,-2.106186628341675,,2.106186628341675,
318,2549,,,,-2.1468796730041504,,2.1468796730041504
318,2551,,,-2.0962657928466797,,2.0962657928466797,
319,2559,,,-2.1619701385498047,,2.1619701385498047,
320,2567,,,-2.1098873615264893,,2.1098873615264893,
321,2575,,,-2.1581151485443115,,2.1581151485443115,
322,2583,,,-2.091733694076538,,2.091733694076538,
323,2591,,,-2.101419448852539,,2.101419448852539,
324,2599,,,,-2.15574312210083,,2.15574312210083
324,2599,,,-2.1119260787963867,,2.1119260787963867,
325,2607,,,-2.145808219909668,,2.145808219909668,
326,2615,,,-2.1086926460266113,,2.1086926460266113,
327,2623,,,-2.122582197189331,,2.122582197189331,
328,2631,,,-2.1033449172973633,,2.1033449172973633,
329,2639,,,-2.1258113384246826,,2.1258113384246826,
330,2647,,,-2.1241445541381836,,2.1241445541381836,
331,2649,,,,-1.9024991989135742,,1.9024991989135742
331,2655,,,-2.145092010498047,,2.145092010498047,
332,2663,,,-2.1414573192596436,,2.1414573192596436,
333,2671,,,-2.1691672801971436,,2.1691672801971436,
334,2679,,,-2.098627805709839,,2.098627805709839,
335,2687,,,-2.1074461936950684,,2.1074461936950684,
336,2695,,,-2.10724139213562,,2.10724139213562,
337,2699,,,,-2.503488540649414,,2.503488540649414
337,2703,,,-2.138051986694336,,2.138051986694336,
338,2711,,,-2.1426639556884766,,2.1426639556884766,
339,2719,,,-2.136817216873169,,2.136817216873169,
340,2727,,,-2.11847186088562,,2.11847186088562,
341,2735,,,-2.133341073989868,,2.133341073989868,
342,2743,,,-2.1363768577575684,,2.1363768577575684,
343,2749,,,,-2.104783535003662,,2.104783535003662
343,2751,,,-2.147989273071289,,2.147989273071289,
344,2759,,,-2.098022937774658,,2.098022937774658,
345,2767,,,-2.1325604915618896,,2.1325604915618896,
346,2775,,,-2.1238808631896973,,2.1238808631896973,
347,2783,,,-2.104815721511841,,2.104815721511841,
348,2791,,,-2.1278891563415527,,2.1278891563415527,
349,2799,,,,-2.072389602661133,,2.072389602661133
349,2799,,,-2.12048602104187,,2.12048602104187,
350,2807,,,-2.1120617389678955,,2.1120617389678955,
351,2815,,,-2.1338696479797363,,2.1338696479797363,
352,2823,,,-2.1276633739471436,,2.1276633739471436,
353,2831,,,-2.1243443489074707,,2.1243443489074707,
354,2839,,,-2.1245176792144775,,2.1245176792144775,
355,2847,,,-2.139824867248535,,2.139824867248535,
356,2849,,,,-2.1280107498168945,,2.1280107498168945
356,2855,,,-2.1461238861083984,,2.1461238861083984,
357,2863,,,-2.1476852893829346,,2.1476852893829346,
358,2871,,,-2.112360954284668,,2.112360954284668,
359,2879,,,-2.1947696208953857,,2.1947696208953857,
360,2887,,,-2.1485235691070557,,2.1485235691070557,
361,2895,,,-2.153463125228882,,2.153463125228882,
362,2899,,,,-1.6646902561187744,,1.6646902561187744
362,2903,,,-2.1515514850616455,,2.1515514850616455,
363,2911,,,-2.1721415519714355,,2.1721415519714355,
364,2919,,,-2.1121997833251953,,2.1121997833251953,
365,2927,,,-2.136723518371582,,2.136723518371582,
366,2935,,,-2.1565332412719727,,2.1565332412719727,
367,2943,,,-2.1372530460357666,,2.1372530460357666,
368,2949,,,,-2.257230281829834,,2.257230281829834
368,2951,,,-2.178950309753418,,2.178950309753418,
369,2959,,,-2.2063546180725098,,2.2063546180725098,
370,2967,,,-2.1409873962402344,,2.1409873962402344,
371,2975,,,-2.1526947021484375,,2.1526947021484375,
372,2983,,,-2.1368942260742188,,2.1368942260742188,
373,2991,,,-2.140401840209961,,2.140401840209961,
374,2999,,,,-1.806105136871338,,1.806105136871338
374,2999,,,-2.1590476036071777,,2.1590476036071777,
375,3007,,,-2.1571483612060547,,2.1571483612060547,
376,3015,,,-2.1528871059417725,,2.1528871059417725,
377,3023,,,-2.165131092071533,,2.165131092071533,
378,3031,,,-2.1349613666534424,,2.1349613666534424,
379,3039,,,-2.146146059036255,,2.146146059036255,
380,3047,,,-2.1570863723754883,,2.1570863723754883,
381,3049,,,,-1.7902774810791016,,1.7902774810791016
381,3055,,,-2.1572704315185547,,2.1572704315185547,
382,3063,,,-2.1670985221862793,,2.1670985221862793,
383,3071,,,-2.1941089630126953,,2.1941089630126953,
384,3079,,,-2.1495463848114014,,2.1495463848114014,
385,3087,,,-2.130910873413086,,2.130910873413086,
386,3095,,,-2.1866025924682617,,2.1866025924682617,
387,3099,,,,-1.9219939708709717,,1.9219939708709717
387,3103,,,-2.1472206115722656,,2.1472206115722656,
388,3111,,,-2.1335012912750244,,2.1335012912750244,
389,3119,,,-2.1273834705352783,,2.1273834705352783,
390,3127,,,-2.162719488143921,,2.162719488143921,
391,3135,,,-2.1347358226776123,,2.1347358226776123,
392,3143,,,-2.1839518547058105,,2.1839518547058105,
393,3149,,,,-2.0267441272735596,,2.0267441272735596
393,3151,,,-2.1496598720550537,,2.1496598720550537,
394,3159,,,-2.141770601272583,,2.141770601272583,
395,3167,,,-2.1573102474212646,,2.1573102474212646,
396,3175,,,-2.1560134887695312,,2.1560134887695312,
397,3183,,,-2.209986925125122,,2.209986925125122,
398,3191,,,-2.1959211826324463,,2.1959211826324463,
399,3199,,,,-2.1858479976654053,,2.1858479976654053
399,3199,,,-2.1783971786499023,,2.1783971786499023,
400,3207,,,-2.144857883453369,,2.144857883453369,
401,3215,,,-2.1459577083587646,,2.1459577083587646,
402,3223,,,-2.1420483589172363,,2.1420483589172363,
403,3231,,,-2.199904203414917,,2.199904203414917,
404,3239,,,-2.1579694747924805,,2.1579694747924805,
405,3247,,,-2.1703782081604004,,2.1703782081604004,
406,3249,,,,-2.339887857437134,,2.339887857437134
406,3255,,,-2.173128366470337,,2.173128366470337,
407,3263,,,-2.1217856407165527,,2.1217856407165527,
408,3271,,,-2.1464929580688477,,2.1464929580688477,
409,3279,,,-2.175982713699341,,2.175982713699341,
410,3287,,,-2.1786890029907227,,2.1786890029907227,
411,3295,,,-2.18574595451355,,2.18574595451355,
412,3299,,,,-2.0861873626708984,,2.0861873626708984
412,3303,,,-2.2095067501068115,,2.2095067501068115,
413,3311,,,-2.172499418258667,,2.172499418258667,
414,3319,,,-2.194643259048462,,2.194643259048462,
415,3327,,,-2.147644519805908,,2.147644519805908,
416,3335,,,-2.1559526920318604,,2.1559526920318604,
417,3343,,,-2.157621383666992,,2.157621383666992,
418,3349,,,,-2.36594557762146,,2.36594557762146
418,3351,,,-2.2013821601867676,,2.2013821601867676,
419,3359,,,-2.1378252506256104,,2.1378252506256104,
420,3367,,,-2.2501370906829834,,2.2501370906829834,
421,3375,,,-2.1787731647491455,,2.1787731647491455,
422,3383,,,-2.18237042427063,,2.18237042427063,
423,3391,,,-2.1771810054779053,,2.1771810054779053,
424,3399,,,,-1.9783098697662354,,1.9783098697662354
424,3399,,,-2.1474833488464355,,2.1474833488464355,
425,3407,,,-2.190201997756958,,2.190201997756958,
426,3415,,,-2.1630847454071045,,2.1630847454071045,
427,3423,,,-2.2096779346466064,,2.2096779346466064,
428,3431,,,-2.1287848949432373,,2.1287848949432373,
429,3439,,,-2.170316696166992,,2.170316696166992,
430,3447,,,-2.154625654220581,,2.154625654220581,
431,3449,,,,-1.9184496402740479,,1.9184496402740479
431,3455,,,-2.168309450149536,,2.168309450149536,
432,3463,,,-2.134532928466797,,2.134532928466797,
433,3471,,,-2.152398109436035,,2.152398109436035,
434,3479,,,-2.145061731338501,,2.145061731338501,
435,3487,,,-2.1885128021240234,,2.1885128021240234,
436,3495,,,-2.1584486961364746,,2.1584486961364746,
437,3499,,,,-1.901259183883667,,1.901259183883667
437,3503,,,-2.199854612350464,,2.199854612350464,
438,3511,,,-2.1644065380096436,,2.1644065380096436,
439,3519,,,-2.147144317626953,,2.147144317626953,
440,3527,,,-2.178081750869751,,2.178081750869751,
441,3535,,,-2.171412467956543,,2.171412467956543,
442,3543,,,-2.220959186553955,,2.220959186553955,
443,3549,,,,-1.9093647003173828,,1.9093647003173828
443,3551,,,-2.1861953735351562,,2.1861953735351562,
444,3559,,,-2.212890625,,2.212890625,
445,3567,,,-2.153935432434082,,2.153935432434082,
446,3575,,,-2.1709814071655273,,2.1709814071655273,
447,3583,,,-2.1633052825927734,,2.1633052825927734,
448,3591,,,-2.140101432800293,,2.140101432800293,
449,3599,,,,-2.0572924613952637,,2.0572924613952637
449,3599,,,-2.15873384475708,,2.15873384475708,
450,3607,,,-2.2033891677856445,,2.2033891677856445,
451,3615,,,-2.160264015197754,,2.160264015197754,
452,3623,,,-2.225332736968994,,2.225332736968994,
453,3631,,,-2.175893783569336,,2.175893783569336,
454,3639,,,-2.2392053604125977,,2.2392053604125977,
455,3647,,,-2.204711675643921,,2.204711675643921,
456,3649,,,,-2.238884449005127,,2.238884449005127
456,3655,,,-2.1895956993103027,,2.1895956993103027,
457,3663,,,-2.1629762649536133,,2.1629762649536133,
458,3671,,,-2.154548406600952,,2.154548406600952,
459,3679,,,-2.1901369094848633,,2.1901369094848633,
460,3687,,,-2.1405961513519287,,2.1405961513519287,
461,3695,,,-2.1872456073760986,,2.1872456073760986,
462,3699,,,,-2.296923875808716,,2.296923875808716
462,3703,,,-2.1509549617767334,,2.1509549617767334,
463,3711,,,-2.192922592163086,,2.192922592163086,
464,3719,,,-2.182307004928589,,2.182307004928589,
465,3727,,,-2.1740684509277344,,2.1740684509277344,
466,3735,,,-2.212902784347534,,2.212902784347534,
467,3743,,,-2.1615540981292725,,2.1615540981292725,
468,3749,,,,-1.7382993698120117,,1.7382993698120117
468,3751,,,-2.1739346981048584,,2.1739346981048584,
469,3759,,,-2.170154094696045,,2.170154094696045,
470,3767,,,-2.1908698081970215,,2.1908698081970215,
471,3775,,,-2.201136350631714,,2.201136350631714,
472,3783,,,-2.199514627456665,,2.199514627456665,
473,3791,,,-2.137517213821411,,2.137517213821411,
474,3799,,,,-2.0054731369018555,,2.0054731369018555
474,3799,,,-2.2048356533050537,,2.2048356533050537,
475,3807,,,-2.185892105102539,,2.185892105102539,
476,3815,,,-2.2412493228912354,,2.2412493228912354,
477,3823,,,-2.153801918029785,,2.153801918029785,
478,3831,,,-2.2182514667510986,,2.2182514667510986,
479,3839,,,-2.1391489505767822,,2.1391489505767822,
480,3847,,,-2.1977901458740234,,2.1977901458740234,
481,3849,,,,-2.435358762741089,,2.435358762741089
481,3855,,,-2.192514657974243,,2.192514657974243,
482,3863,,,-2.2009618282318115,,2.2009618282318115,
483,3871,,,-2.198418617248535,,2.198418617248535,
484,3879,,,-2.1835532188415527,,2.1835532188415527,
485,3887,,,-2.180778980255127,,2.180778980255127,
486,3895,,,-2.1843321323394775,,2.1843321323394775,
487,3899,,,,-1.8599865436553955,,1.8599865436553955
487,3903,,,-2.1374917030334473,,2.1374917030334473,
488,3911,,,-2.2273340225219727,,2.2273340225219727,
489,3919,,,-2.1573309898376465,,2.1573309898376465,
490,3927,,,-2.1953961849212646,,2.1953961849212646,
491,3935,,,-2.1967692375183105,,2.1967692375183105,
492,3943,,,-2.177258014678955,,2.177258014678955,
493,3949,,,,-2.4445791244506836,,2.4445791244506836
493,3951,,,-2.192885637283325,,2.192885637283325,
494,3959,,,-2.202763319015503,,2.202763319015503,
495,3967,,,-2.240016460418701,,2.240016460418701,
496,3975,,,-2.1471190452575684,,2.1471190452575684,
497,3983,,,-2.211195707321167,,2.211195707321167,
498,3991,,,-2.1737723350524902,,2.1737723350524902,
499,3999,,,,-2.4916701316833496,,2.4916701316833496
499,3999,,,-2.273947238922119,,2.273947238922119,
500,4007,,,-2.173645257949829,,2.173645257949829,
501,4015,,,-2.1659350395202637,,2.1659350395202637,
502,4023,,,-2.1645376682281494,,2.1645376682281494,
503,4031,,,-2.233794689178467,,2.233794689178467,
504,4039,,,-2.1660361289978027,,2.1660361289978027,
505,4047,,,-2.2331013679504395,,2.2331013679504395,
506,4049,,,,-1.9830551147460938,,1.9830551147460938
506,4055,,,-2.2447288036346436,,2.2447288036346436,
507,4063,,,-2.2897589206695557,,2.2897589206695557,
508,4071,,,-2.1773877143859863,,2.1773877143859863,
509,4079,,,-2.1826541423797607,,2.1826541423797607,
510,4087,,,-2.155355453491211,,2.155355453491211,
511,4095,,,-2.217101573944092,,2.217101573944092,
512,4099,,,,-2.0293664932250977,,2.0293664932250977
512,4103,,,-2.170163154602051,,2.170163154602051,
513,4111,,,-2.2201874256134033,,2.2201874256134033,
514,4119,,,-2.197056770324707,,2.197056770324707,
515,4127,,,-2.1710104942321777,,2.1710104942321777,
516,4135,,,-2.258037567138672,,2.258037567138672,
517,4143,,,-2.2113747596740723,,2.2113747596740723,
518,4149,,,,-1.9983854293823242,,1.9983854293823242
518,4151,,,-2.190847635269165,,2.190847635269165,
519,4159,,,-2.1935501098632812,,2.1935501098632812,
520,4167,,,-2.2012226581573486,,2.2012226581573486,
521,4175,,,-2.1791980266571045,,2.1791980266571045,
522,4183,,,-2.144277811050415,,2.144277811050415,
523,4191,,,-2.216705560684204,,2.216705560684204,
524,4199,,,,-1.7099063396453857,,1.7099063396453857
524,4199,,,-2.2578465938568115,,2.2578465938568115,
525,4207,,,-2.206362247467041,,2.206362247467041,
526,4215,,,-2.180569648742676,,2.180569648742676,
527,4223,,,-2.20001220703125,,2.20001220703125,
528,4231,,,-2.2065532207489014,,2.2065532207489014,
529,4239,,,-2.229832649230957,,2.229832649230957,
530,4247,,,-2.269078493118286,,2.269078493118286,
531,4249,,,,-2.2860801219940186,,2.2860801219940186
531,4255,,,-2.228163957595825,,2.228163957595825,
532,4263,,,-2.1838974952697754,,2.1838974952697754,
533,4271,,,-2.301452875137329,,2.301452875137329,
534,4279,,,-2.178820848464966,,2.178820848464966,
535,4287,,,-2.1792914867401123,,2.1792914867401123,
536,4295,,,-2.2376065254211426,,2.2376065254211426,
537,4299,,,,-2.969052791595459,,2.969052791595459
537,4303,,,-2.223025321960449,,2.223025321960449,
538,4311,,,-2.2252721786499023,,2.2252721786499023,
539,4319,,,-2.210765838623047,,2.210765838623047,
540,4327,,,-2.2738680839538574,,2.2738680839538574,
541,4335,,,-2.2574374675750732,,2.2574374675750732,
542,4343,,,-2.1845741271972656,,2.1845741271972656,
543,4349,,,,-2.2849628925323486,,2.2849628925323486
543,4351,,,-2.140082597732544,,2.140082597732544,
544,4359,,,-2.2451295852661133,,2.2451295852661133,
545,4367,,,-2.2498719692230225,,2.2498719692230225,
546,4375,,,-2.2297139167785645,,2.2297139167785645,
547,4383,,,-2.2388596534729004,,2.2388596534729004,
548,4391,,,-2.2375543117523193,,2.2375543117523193,
549,4399,,,,-1.6713995933532715,,1.6713995933532715
549,4399,,,-2.2285561561584473,,2.2285561561584473,
550,4407,,,-2.2598719596862793,,2.2598719596862793,
551,4415,,,-2.162060260772705,,2.162060260772705,
552,4423,,,-2.229792594909668,,2.229792594909668,
553,4431,,,-2.19042706489563,,2.19042706489563,
554,4439,,,-2.232530355453491,,2.232530355453491,
555,4447,,,-2.2267096042633057,,2.2267096042633057,
556,4449,,,,-2.1013331413269043,,2.1013331413269043
556,4455,,,-2.2018556594848633,,2.2018556594848633,
557,4463,,,-2.281683921813965,,2.281683921813965,
558,4471,,,-2.259286880493164,,2.259286880493164,
559,4479,,,-2.2017791271209717,,2.2017791271209717,
560,4487,,,-2.2225534915924072,,2.2225534915924072,
561,4495,,,-2.2592077255249023,,2.2592077255249023,
562,4499,,,,-2.2514281272888184,,2.2514281272888184
562,4503,,,-2.19963002204895,,2.19963002204895,
563,4511,,,-2.1833198070526123,,2.1833198070526123,
564,4519,,,-2.1895530223846436,,2.1895530223846436,
565,4527,,,-2.254441738128662,,2.254441738128662,
566,4535,,,-2.2414839267730713,,2.2414839267730713,
567,4543,,,-2.252922534942627,,2.252922534942627,
568,4549,,,,-1.6332178115844727,,1.6332178115844727
568,4551,,,-2.271066665649414,,2.271066665649414,
569,4559,,,-2.261031150817871,,2.261031150817871,
570,4567,,,-2.2378194332122803,,2.2378194332122803,
571,4575,,,-2.1661438941955566,,2.1661438941955566,
572,4583,,,-2.2178878784179688,,2.2178878784179688,
573,4591,,,-2.186022996902466,,2.186022996902466,
574,4599,,,,-2.483945369720459,,2.483945369720459
574,4599,,,-2.2241005897521973,,2.2241005897521973,
575,4607,,,-2.223292827606201,,2.223292827606201,
576,4615,,,-2.2031517028808594,,2.2031517028808594,
577,4623,,,-2.214803457260132,,2.214803457260132,
578,4631,,,-2.219489336013794,,2.219489336013794,
579,4639,,,-2.179495334625244,,2.179495334625244,
580,4647,,,-2.186225652694702,,2.186225652694702,
581,4649,,,,-2.2826614379882812,,2.2826614379882812
581,4655,,,-2.2108945846557617,,2.2108945846557617,
582,4663,,,-2.200958251953125,,2.200958251953125,
583,4671,,,-2.201573133468628,,2.201573133468628,
584,4679,,,-2.161100387573242,,2.161100387573242,
585,4687,,,-2.2597603797912598,,2.2597603797912598,
586,4695,,,-2.213529586791992,,2.213529586791992,
587,4699,,,,-2.506676197052002,,2.506676197052002
587,4703,,,-2.2184793949127197,,2.2184793949127197,
588,4711,,,-2.2252142429351807,,2.2252142429351807,
589,4719,,,-2.1861677169799805,,2.1861677169799805,
590,4727,,,-2.2210700511932373,,2.2210700511932373,
591,4735,,,-2.2224996089935303,,2.2224996089935303,
592,4743,,,-2.2517571449279785,,2.2517571449279785,
593,4749,,,,-1.796543836593628,,1.796543836593628
593,4751,,,-2.259833574295044,,2.259833574295044,
594,4759,,,-2.186760663986206,,2.186760663986206,
595,4767,,,-2.244901657104492,,2.244901657104492,
596,4775,,,-2.2579190731048584,,2.2579190731048584,
597,4783,,,-2.2278285026550293,,2.2278285026550293,
598,4791,,,-2.2314183712005615,,2.2314183712005615,
599,4799,,,,-2.6375532150268555,,2.6375532150268555
599,4799,,,-2.2684054374694824,,2.2684054374694824,
600,4807,,,-2.2237439155578613,,2.2237439155578613,
601,4815,,,-2.1668403148651123,,2.1668403148651123,
602,4823,,,-2.317343235015869,,2.317343235015869,
603,4831,,,-2.1716837882995605,,2.1716837882995605,
604,4839,,,-2.183779239654541,,2.183779239654541,
605,4847,,,-2.1988086700439453,,2.1988086700439453,
606,4849,,,,-2.74916934967041,,2.74916934967041
606,4855,,,-2.2222707271575928,,2.2222707271575928,
607,4863,,,-2.184044122695923,,2.184044122695923,
608,4871,,,-2.2335991859436035,,2.2335991859436035,
609,4879,,,-2.2335689067840576,,2.2335689067840576,
610,4887,,,-2.183364152908325,,2.183364152908325,
611,4895,,,-2.2416303157806396,,2.2416303157806396,
612,4899,,,,-2.069520950317383,,2.069520950317383
612,4903,,,-2.2765345573425293,,2.2765345573425293,
613,4911,,,-2.183669328689575,,2.183669328689575,
614,4919,,,-2.1965560913085938,,2.1965560913085938,
615,4927,,,-2.3842339515686035,,2.3842339515686035,
616,4935,,,-2.2271933555603027,,2.2271933555603027,
617,4943,,,-2.3111133575439453,,2.3111133575439453,
618,4949,,,,-2.4482712745666504,,2.4482712745666504
618,4951,,,-2.18375301361084,,2.18375301361084,
619,4959,,,-2.3185813426971436,,2.3185813426971436,
620,4967,,,-2.209868907928467,,2.209868907928467,
621,4975,,,-2.186922550201416,,2.186922550201416,
622,4983,,,-2.2233564853668213,,2.2233564853668213,
623,4991,,,-2.2360944747924805,,2.2360944747924805,
624,4999,,,,-2.015498638153076,,2.015498638153076
624,4999,,,-2.2683591842651367,,2.2683591842651367,
625,5007,,,-2.221970796585083,,2.221970796585083,
626,5015,,,-2.2440237998962402,,2.2440237998962402,
627,5023,,,-2.256481647491455,,2.256481647491455,
628,5031,,,-2.297804832458496,,2.297804832458496,
629,5039,,,-2.3151438236236572,,2.3151438236236572,
630,5047,,,-2.177125930786133,,2.177125930786133,
631,5049,,,,-2.2947232723236084,,2.2947232723236084
631,5055,,,-2.220125675201416,,2.220125675201416,
632,5063,,,-2.2775301933288574,,2.2775301933288574,
633,5071,,,-2.3479933738708496,,2.3479933738708496,
634,5079,,,-2.2010929584503174,,2.2010929584503174,
635,5087,,,-2.1665585041046143,,2.1665585041046143,
636,5095,,,-2.3389828205108643,,2.3389828205108643,
637,5099,,,,-2.576172351837158,,2.576172351837158
637,5103,,,-2.3151626586914062,,2.3151626586914062,
638,5111,,,-2.249805212020874,,2.249805212020874,
639,5119,,,-2.2603490352630615,,2.2603490352630615,
640,5127,,,-2.308276653289795,,2.308276653289795,
641,5135,,,-2.31632137298584,,2.31632137298584,
642,5143,,,-2.2029354572296143,,2.2029354572296143,
643,5149,,,,-1.9228706359863281,,1.9228706359863281
643,5151,,,-2.283612012863159,,2.283612012863159,
644,5159,,,-2.3013358116149902,,2.3013358116149902,
645,5167,,,-2.2281196117401123,,2.2281196117401123,
646,5175,,,-2.2630937099456787,,2.2630937099456787,
647,5183,,,-2.3545620441436768,,2.3545620441436768,
648,5191,,,-2.2311129570007324,,2.2311129570007324,
649,5199,,,,-2.6605312824249268,,2.6605312824249268
649,5199,,,-2.2145256996154785,,2.2145256996154785,
650,5207,,,-2.2842061519622803,,2.2842061519622803,
651,5215,,,-2.179884672164917,,2.179884672164917,
652,5223,,,-2.272937774658203,,2.272937774658203,
653,5231,,,-2.3011064529418945,,2.3011064529418945,
654,5239,,,-2.1799798011779785,,2.1799798011779785,
655,5247,,,-2.28909969329834,,2.28909969329834,
656,5249,,,,-2.7583465576171875,,2.7583465576171875
656,5255,,,-2.2395315170288086,,2.2395315170288086,
657,5263,,,-2.240023374557495,,2.240023374557495,
658,5271,,,-2.313326597213745,,2.313326597213745,
659,5279,,,-2.197190523147583,,2.197190523147583,
660,5287,,,-2.289172410964966,,2.289172410964966,
661,5295,,,-2.2227518558502197,,2.2227518558502197,
662,5299,,,,-2.6464650630950928,,2.6464650630950928
662,5303,,,-2.2463538646698,,2.2463538646698,
663,5311,,,-2.2492144107818604,,2.2492144107818604,
664,5319,,,-2.2660489082336426,,2.2660489082336426,
665,5327,,,-2.188122034072876,,2.188122034072876,
666,5335,,,-2.2009124755859375,,2.2009124755859375,
667,5343,,,-2.2008066177368164,,2.2008066177368164,
668,5349,,,,-2.6762726306915283,,2.6762726306915283
668,5351,,,-2.2808756828308105,,2.2808756828308105,
669,5359,,,-2.334113359451294,,2.334113359451294,
670,5367,,,-2.1964430809020996,,2.1964430809020996,
671,5375,,,-2.294947385787964,,2.294947385787964,
672,5383,,,-2.2247016429901123,,2.2247016429901123,
673,5391,,,-2.203505516052246,,2.203505516052246,
674,5399,,,,-2.2475204467773438,,2.2475204467773438
674,5399,,,-2.194136381149292,,2.194136381149292,
675,5407,,,-2.233813762664795,,2.233813762664795,
676,5415,,,-2.3674960136413574,,2.3674960136413574,
677,5423,,,-2.2302186489105225,,2.2302186489105225,
678,5431,,,-2.2418100833892822,,2.2418100833892822,
679,5439,,,-2.3275346755981445,,2.3275346755981445,
680,5447,,,-2.397496461868286,,2.397496461868286,
681,5449,,,,-2.2291998863220215,,2.2291998863220215
681,5455,,,-2.2852180004119873,,2.2852180004119873,
682,5463,,,-2.225090742111206,,2.225090742111206,
683,5471,,,-2.263666868209839,,2.263666868209839,
684,5479,,,-2.2135207653045654,,2.2135207653045654,
685,5487,,,-2.2284278869628906,,2.2284278869628906,
686,5495,,,-2.238640308380127,,2.238640308380127,
687,5499,,,,-2.4008829593658447,,2.4008829593658447
687,5503,,,-2.233104944229126,,2.233104944229126,
688,5511,,,-2.2952637672424316,,2.2952637672424316,
689,5519,,,-2.255265712738037,,2.255265712738037,
690,5527,,,-2.3342862129211426,,2.3342862129211426,
691,5535,,,-2.2897605895996094,,2.2897605895996094,
692,5543,,,-2.2945876121520996,,2.2945876121520996,
693,5549,,,,-2.0500826835632324,,2.0500826835632324
693,5551,,,-2.2791976928710938,,2.2791976928710938,
694,5559,,,-2.2217705249786377,,2.2217705249786377,
695,5567,,,-2.1950573921203613,,2.1950573921203613,
696,5575,,,-2.25091552734375,,2.25091552734375,
697,5583,,,-2.2193267345428467,,2.2193267345428467,
698,5591,,,-2.2417500019073486,,2.2417500019073486,
699,5599,,,,-2.3680248260498047,,2.3680248260498047
699,5599,,,-2.2224960327148438,,2.2224960327148438,
700,5607,,,-2.2694435119628906,,2.2694435119628906,
701,5615,,,-2.231935501098633,,2.231935501098633,
702,5623,,,-2.2308566570281982,,2.2308566570281982,
703,5631,,,-2.2739593982696533,,2.2739593982696533,
704,5639,,,-2.201953411102295,,2.201953411102295,
705,5647,,,-2.3573203086853027,,2.3573203086853027,
706,5649,,,,-2.137634038925171,,2.137634038925171
706,5655,,,-2.172553777694702,,2.172553777694702,
707,5663,,,-2.2043492794036865,,2.2043492794036865,
708,5671,,,-2.1829943656921387,,2.1829943656921387,
709,5679,,,-2.3204102516174316,,2.3204102516174316,
710,5687,,,-2.354952335357666,,2.354952335357666,
711,5695,,,-2.2222650051116943,,2.2222650051116943,
712,5699,,,,-1.7941925525665283,,1.7941925525665283
712,5703,,,-2.309581995010376,,2.309581995010376,
713,5711,,,-2.318269968032837,,2.318269968032837,
714,5719,,,-2.3555266857147217,,2.3555266857147217,
715,5727,,,-2.3691155910491943,,2.3691155910491943,
716,5735,,,-2.23944354057312,,2.23944354057312,
717,5743,,,-2.2744157314300537,,2.2744157314300537,
718,5749,,,,-2.1665568351745605,,2.1665568351745605
718,5751,,,-2.3080224990844727,,2.3080224990844727,
719,5759,,,-2.228442668914795,,2.228442668914795,
720,5767,,,-2.2761247158050537,,2.2761247158050537,
721,5775,,,-2.204589605331421,,2.204589605331421,
722,5783,,,-2.248511791229248,,2.248511791229248,
723,5791,,,-2.3457837104797363,,2.3457837104797363,
724,5799,,,,-2.5846638679504395,,2.5846638679504395
724,5799,,,-2.2803454399108887,,2.2803454399108887,
725,5807,,,-2.37300968170166,,2.37300968170166,
726,5815,,,-2.3152787685394287,,2.3152787685394287,
727,5823,,,-2.2087924480438232,,2.2087924480438232,
728,5831,,,-2.249338388442993,,2.249338388442993,
729,5839,,,-2.257931709289551,,2.257931709289551,
730,5847,,,-2.2296905517578125,,2.2296905517578125,
731,5849,,,,-2.0736916065216064,,2.0736916065216064
731,5855,,,-2.2530205249786377,,2.2530205249786377,
732,5863,,,-2.304543972015381,,2.304543972015381,
733,5871,,,-2.3153207302093506,,2.3153207302093506,
734,5879,,,-2.2733471393585205,,2.2733471393585205,
735,5887,,,-2.2640838623046875,,2.2640838623046875,
736,5895,,,-2.326557159423828,,2.326557159423828,
737,5899,,,,-1.9506807327270508,,1.9506807327270508
737,5903,,,-2.3344030380249023,,2.3344030380249023,
738,5911,,,-2.297017812728882,,2.297017812728882,
739,5919,,,-2.2380902767181396,,2.2380902767181396,
740,5927,,,-2.3424296379089355,,2.3424296379089355,
741,5935,,,-2.246490716934204,,2.246490716934204,
742,5943,,,-2.3035128116607666,,2.3035128116607666,
743,5949,,,,-3.1835570335388184,,3.1835570335388184
743,5951,,,-2.2679810523986816,,2.2679810523986816,
744,5959,,,-2.2394630908966064,,2.2394630908966064,
745,5967,,,-2.356462240219116,,2.356462240219116,
746,5975,,,-2.2676801681518555,,2.2676801681518555,
747,5983,,,-2.1978564262390137,,2.1978564262390137,
748,5991,,,-2.231808662414551,,2.231808662414551,
749,5999,,,,-2.6387786865234375,,2.6387786865234375
749,5999,,,-2.338376998901367,,2.338376998901367,
750,6007,,,-2.213986873626709,,2.213986873626709,
751,6015,,,-2.222876787185669,,2.222876787185669,
752,6023,,,-2.28963041305542,,2.28963041305542,
753,6031,,,-2.243420362472534,,2.243420362472534,
754,6039,,,-2.2744028568267822,,2.2744028568267822,
755,6047,,,-2.3008646965026855,,2.3008646965026855,
756,6049,,,,-2.159980535507202,,2.159980535507202
756,6055,,,-2.3458235263824463,,2.3458235263824463,
757,6063,,,-2.2244741916656494,,2.2244741916656494,
758,6071,,,-2.3307204246520996,,2.3307204246520996,
759,6079,,,-2.4378139972686768,,2.4378139972686768,
760,6087,,,-2.249540090560913,,2.249540090560913,
761,6095,,,-2.281277656555176,,2.281277656555176,
762,6099,,,,-1.8131115436553955,,1.8131115436553955
762,6103,,,-2.3117105960845947,,2.3117105960845947,
763,6111,,,-2.298328399658203,,2.298328399658203,
764,6119,,,-2.286067247390747,,2.286067247390747,
765,6127,,,-2.339881181716919,,2.339881181716919,
766,6135,,,-2.347749710083008,,2.347749710083008,
767,6143,,,-2.2756893634796143,,2.2756893634796143,
768,6149,,,,-2.286125421524048,,2.286125421524048
768,6151,,,-2.3291702270507812,,2.3291702270507812,
769,6159,,,-2.340752601623535,,2.340752601623535,
770,6167,,,-2.223201036453247,,2.223201036453247,
771,6175,,,-2.252920150756836,,2.252920150756836,
772,6183,,,-2.269310474395752,,2.269310474395752,
773,6191,,,-2.234370470046997,,2.234370470046997,
774,6199,,,,-2.691650629043579,,2.691650629043579
774,6199,,,-2.325659990310669,,2.325659990310669,
775,6207,,,-2.399510145187378,,2.399510145187378,
776,6215,,,-2.264188289642334,,2.264188289642334,
777,6223,,,-2.3453667163848877,,2.3453667163848877,
778,6231,,,-2.3296167850494385,,2.3296167850494385,
779,6239,,,-2.2418360710144043,,2.2418360710144043,
780,6247,,,-2.2274231910705566,,2.2274231910705566,
781,6249,,,,-2.5912058353424072,,2.5912058353424072
781,6255,,,-2.2613112926483154,,2.2613112926483154,
782,6263,,,-2.270103931427002,,2.270103931427002,
783,6271,,,-2.2722785472869873,,2.2722785472869873,
784,6279,,,-2.2228336334228516,,2.2228336334228516,
785,6287,,,-2.226837158203125,,2.226837158203125,
786,6295,,,-2.287095069885254,,2.287095069885254,
787,6299,,,,-2.465590238571167,,2.465590238571167
787,6303,,,-2.314976215362549,,2.314976215362549,
788,6311,,,-2.2772364616394043,,2.2772364616394043,
789,6319,,,-2.33888578414917,,2.33888578414917,
790,6327,,,-2.3548667430877686,,2.3548667430877686,
791,6335,,,-2.282088279724121,,2.282088279724121,
792,6343,,,-2.40181827545166,,2.40181827545166,
793,6349,,,,-2.0436391830444336,,2.0436391830444336
793,6351,,,-2.218278408050537,,2.218278408050537,
794,6359,,,-2.292132616043091,,2.292132616043091,
795,6367,,,-2.2646467685699463,,2.2646467685699463,
796,6375,,,-2.3212528228759766,,2.3212528228759766,
797,6383,,,-2.294551134109497,,2.294551134109497,
798,6391,,,-2.262071371078491,,2.262071371078491,
799,6399,,,,-2.231503486633301,,2.231503486633301
799,6399,,,-2.289679765701294,,2.289679765701294,
800,6407,,,-2.2729480266571045,,2.2729480266571045,
801,6415,,,-2.2616140842437744,,2.2616140842437744,
802,6423,,,-2.2836263179779053,,2.2836263179779053,
803,6431,,,-2.310354709625244,,2.310354709625244,
804,6439,,,-2.236359119415283,,2.236359119415283,
805,6447,,,-2.2774546146392822,,2.2774546146392822,
806,6449,,,,-2.4731502532958984,,2.4731502532958984
806,6455,,,-2.2540600299835205,,2.2540600299835205,
807,6463,,,-2.387680768966675,,2.387680768966675,
808,6471,,,-2.297717571258545,,2.297717571258545,
809,6479,,,-2.2335970401763916,,2.2335970401763916,
810,6487,,,-2.3258986473083496,,2.3258986473083496,
811,6495,,,-2.2736432552337646,,2.2736432552337646,
812,6499,,,,-1.597421407699585,,1.597421407699585
812,6503,,,-2.428969621658325,,2.428969621658325,
813,6511,,,-2.2450852394104004,,2.2450852394104004,
814,6519,,,-2.1875405311584473,,2.1875405311584473,
815,6527,,,-2.2931504249572754,,2.2931504249572754,
816,6535,,,-2.285482168197632,,2.285482168197632,
817,6543,,,-2.3124454021453857,,2.3124454021453857,
818,6549,,,,-2.7401692867279053,,2.7401692867279053
818,6551,,,-2.3691565990448,,2.3691565990448,
819,6559,,,-2.2682807445526123,,2.2682807445526123,
820,6567,,,-2.3793537616729736,,2.3793537616729736,
821,6575,,,-2.3561575412750244,,2.3561575412750244,
822,6583,,,-2.3274314403533936,,2.3274314403533936,
823,6591,,,-2.307560920715332,,2.307560920715332,
824,6599,,,,-1.7102370262145996,,1.7102370262145996
824,6599,,,-2.3592019081115723,,2.3592019081115723,
825,6607,,,-2.2959723472595215,,2.2959723472595215,
826,6615,,,-2.3209447860717773,,2.3209447860717773,
827,6623,,,-2.292037010192871,,2.292037010192871,
828,6631,,,-2.2536628246307373,,2.2536628246307373,
829,6639,,,-2.34904408454895,,2.34904408454895,
830,6647,,,-2.287221670150757,,2.287221670150757,
831,6649,,,,-2.1578903198242188,,2.1578903198242188
831,6655,,,-2.259883165359497,,2.259883165359497,
832,6663,,,-2.278153419494629,,2.278153419494629,
833,6671,,,-2.425312042236328,,2.425312042236328,
834,6679,,,-2.325012445449829,,2.325012445449829,
835,6687,,,-2.2839245796203613,,2.2839245796203613,
836,6695,,,-2.284452438354492,,2.284452438354492,
837,6699,,,,-1.6144046783447266,,1.6144046783447266
837,6703,,,-2.3143274784088135,,2.3143274784088135,
838,6711,,,-2.2586467266082764,,2.2586467266082764,
839,6719,,,-2.3625309467315674,,2.3625309467315674,
840,6727,,,-2.222146987915039,,2.222146987915039,
841,6735,,,-2.283487558364868,,2.283487558364868,
842,6743,,,-2.3485653400421143,,2.3485653400421143,
843,6749,,,,-1.6368217468261719,,1.6368217468261719
843,6751,,,-2.3901431560516357,,2.3901431560516357,
844,6759,,,-2.2960610389709473,,2.2960610389709473,
845,6767,,,-2.3077456951141357,,2.3077456951141357,
846,6775,,,-2.347447395324707,,2.347447395324707,
847,6783,,,-2.4337596893310547,,2.4337596893310547,
848,6791,,,-2.3141930103302,,2.3141930103302,
849,6799,,,,-1.8624310493469238,,1.8624310493469238
849,6799,,,-2.2553818225860596,,2.2553818225860596,
850,6807,,,-2.283324718475342,,2.283324718475342,
851,6815,,,-2.332750082015991,,2.332750082015991,
852,6823,,,-2.2126383781433105,,2.2126383781433105,
853,6831,,,-2.371936321258545,,2.371936321258545,
854,6839,,,-2.2838053703308105,,2.2838053703308105,
855,6847,,,-2.371849775314331,,2.371849775314331,
856,6849,,,,-2.1288115978240967,,2.1288115978240967
856,6855,,,-2.2992353439331055,,2.2992353439331055,
857,6863,,,-2.3322043418884277,,2.3322043418884277,
858,6871,,,-2.25304913520813,,2.25304913520813,
859,6879,,,-2.312060832977295,,2.312060832977295,
860,6887,,,-2.3502655029296875,,2.3502655029296875,
861,6895,,,-2.3147377967834473,,2.3147377967834473,
862,6899,,,,-2.8034255504608154,,2.8034255504608154
862,6903,,,-2.417391777038574,,2.417391777038574,
863,6911,,,-2.3436574935913086,,2.3436574935913086,
864,6919,,,-2.3702328205108643,,2.3702328205108643,
865,6927,,,-2.310312271118164,,2.310312271118164,
866,6935,,,-2.2759552001953125,,2.2759552001953125,
867,6943,,,-2.228487968444824,,2.228487968444824,
868,6949,,,,-1.6815881729125977,,1.6815881729125977
868,6951,,,-2.325544595718384,,2.325544595718384,
869,6959,,,-2.2889294624328613,,2.2889294624328613,
870,6967,,,-2.2373359203338623,,2.2373359203338623,
871,6975,,,-2.2608091831207275,,2.2608091831207275,
872,6983,,,-2.377305030822754,,2.377305030822754,
873,6991,,,-2.330925703048706,,2.330925703048706,
874,6999,,,,-2.6854135990142822,,2.6854135990142822
874,6999,,,-2.202162265777588,,2.202162265777588,
875,7007,,,-2.2695398330688477,,2.2695398330688477,
876,7015,,,-2.2910633087158203,,2.2910633087158203,
877,7023,,,-2.3757405281066895,,2.3757405281066895,
878,7031,,,-2.2776660919189453,,2.2776660919189453,
879,7039,,,-2.3606579303741455,,2.3606579303741455,
880,7047,,,-2.3557376861572266,,2.3557376861572266,
881,7049,,,,-1.9505877494812012,,1.9505877494812012
881,7055,,,-2.25205397605896,,2.25205397605896,
882,7063,,,-2.231337547302246,,2.231337547302246,
883,7071,,,-2.2910702228546143,,2.2910702228546143,
884,7079,,,-2.2527573108673096,,2.2527573108673096,
885,7087,,,-2.4361350536346436,,2.4361350536346436,
886,7095,,,-2.338397264480591,,2.338397264480591,
887,7099,,,,-2.909442186355591,,2.909442186355591
887,7103,,,-2.368037223815918,,2.368037223815918,
888,7111,,,-2.3193044662475586,,2.3193044662475586,
889,7119,,,-2.3033034801483154,,2.3033034801483154,
890,7127,,,-2.3319411277770996,,2.3319411277770996,
891,7135,,,-2.2496588230133057,,2.2496588230133057,
892,7143,,,-2.2277660369873047,,2.2277660369873047,
893,7149,,,,-2.4460368156433105,,2.4460368156433105
893,7151,,,-2.327448844909668,,2.327448844909668,
894,7159,,,-2.243295669555664,,2.243295669555664,
895,7167,,,-2.2878353595733643,,2.2878353595733643,
896,7175,,,-2.3059744834899902,,2.3059744834899902,
897,7183,,,-2.3369836807250977,,2.3369836807250977,
898,7191,,,-2.272380828857422,,2.272380828857422,
899,7199,,,,-2.44708514213562,,2.44708514213562
899,7199,,,-2.273111343383789,,2.273111343383789,
900,7207,,,-2.317105293273926,,2.317105293273926,
901,7215,,,-2.2672619819641113,,2.2672619819641113,
902,7223,,,-2.3001043796539307,,2.3001043796539307,
903,7231,,,-2.404560089111328,,2.404560089111328,
904,7239,,,-2.3582046031951904,,2.3582046031951904,
905,7247,,,-2.2654147148132324,,2.2654147148132324,
906,7249,,,,-2.292952299118042,,2.292952299118042
906,7255,,,-2.274129867553711,,2.274129867553711,
907,7263,,,-2.2415053844451904,,2.2415053844451904,
908,7271,,,-2.2754576206207275,,2.2754576206207275,
909,7279,,,-2.370349645614624,,2.370349645614624,
910,7287,,,-2.279313325881958,,2.279313325881958,
911,7295,,,-2.230395793914795,,2.230395793914795,
912,7299,,,,-2.31425142288208,,2.31425142288208
912,7303,,,-2.306159257888794,,2.306159257888794,
913,7311,,,-2.27329683303833,,2.27329683303833,
914,7319,,,-2.288417100906372,,2.288417100906372,
915,7327,,,-2.343358278274536,,2.343358278274536,
916,7335,,,-2.3536620140075684,,2.3536620140075684,
917,7343,,,-2.3945953845977783,,2.3945953845977783,
918,7349,,,,-2.4060544967651367,,2.4060544967651367
918,7351,,,-2.275850296020508,,2.275850296020508,
919,7359,,,-2.337095022201538,,2.337095022201538,
920,7367,,,-2.287384271621704,,2.287384271621704,
921,7375,,,-2.2560551166534424,,2.2560551166534424,
922,7383,,,-2.2493457794189453,,2.2493457794189453,
923,7391,,,-2.3488214015960693,,2.3488214015960693,
924,7399,,,,-2.728485107421875,,2.728485107421875
924,7399,,,-2.3014578819274902,,2.3014578819274902,
925,7407,,,-2.428337812423706,,2.428337812423706,
926,7415,,,-2.356534481048584,,2.356534481048584,
927,7423,,,-2.293978452682495,,2.293978452682495,
928,7431,,,-2.376305103302002,,2.376305103302002,
929,7439,,,-2.3425848484039307,,2.3425848484039307,
930,7447,,,-2.2703604698181152,,2.2703604698181152,
931,7449,,,,-1.9036154747009277,,1.9036154747009277
931,7455,,,-2.311502695083618,,2.311502695083618,
932,7463,,,-2.33221173286438,,2.33221173286438,
933,7471,,,-2.2750930786132812,,2.2750930786132812,
934,7479,,,-2.2358696460723877,,2.2358696460723877,
935,7487,,,-2.234389543533325,,2.234389543533325,
936,7495,,,-2.3645920753479004,,2.3645920753479004,
937,7499,,,,-2.0904338359832764,,2.0904338359832764
937,7503,,,-2.373016119003296,,2.373016119003296,
938,7511,,,-2.3464152812957764,,2.3464152812957764,
939,7519,,,-2.2743918895721436,,2.2743918895721436,
940,7527,,,-2.461670398712158,,2.461670398712158,
941,7535,,,-2.322652816772461,,2.322652816772461,
942,7543,,,-2.2594029903411865,,2.2594029903411865,
943,7549,,,,-2.2723913192749023,,2.2723913192749023
943,7551,,,-2.4377846717834473,,2.4377846717834473,
944,7559,,,-2.368839979171753,,2.368839979171753,
945,7567,,,-2.348360061645508,,2.348360061645508,
946,7575,,,-2.3897058963775635,,2.3897058963775635,
947,7583,,,-2.2564260959625244,,2.2564260959625244,
948,7591,,,-2.400195598602295,,2.400195598602295,
949,7599,,,,-2.0993094444274902,,2.0993094444274902
949,7599,,,-2.291382074356079,,2.291382074356079,
950,7607,,,-2.2532639503479004,,2.2532639503479004,
951,7615,,,-2.364668846130371,,2.364668846130371,
952,7623,,,-2.3565714359283447,,2.3565714359283447,
953,7631,,,-2.3044135570526123,,2.3044135570526123,
954,7639,,,-2.2987735271453857,,2.2987735271453857,
955,7647,,,-2.2857582569122314,,2.2857582569122314,
956,7649,,,,-3.2166855335235596,,3.2166855335235596
956,7655,,,-2.443592071533203,,2.443592071533203,
957,7663,,,-2.401359796524048,,2.401359796524048,
958,7671,,,-2.390669584274292,,2.390669584274292,
959,7679,,,-2.346912384033203,,2.346912384033203,
960,7687,,,-2.362560272216797,,2.362560272216797,
961,7695,,,-2.452946662902832,,2.452946662902832,
962,7699,,,,-2.7421560287475586,,2.7421560287475586
962,7703,,,-2.421868324279785,,2.421868324279785,
963,7711,,,-2.3430042266845703,,2.3430042266845703,
964,7719,,,-2.253342390060425,,2.253342390060425,
965,7727,,,-2.3347654342651367,,2.3347654342651367,
966,7735,,,-2.249650716781616,,2.249650716781616,
967,7743,,,-2.411130905151367,,2.411130905151367,
968,7749,,,,-2.336782932281494,,2.336782932281494
968,7751,,,-2.2663331031799316,,2.2663331031799316,
969,7759,,,-2.3132050037384033,,2.3132050037384033,
970,7767,,,-2.3125743865966797,,2.3125743865966797,
971,7775,,,-2.3936612606048584,,2.3936612606048584,
972,7783,,,-2.273150682449341,,2.273150682449341,
973,7791,,,-2.35160493850708,,2.35160493850708,
974,7799,,,,-1.6852412223815918,,1.6852412223815918
974,7799,,,-2.346554756164551,,2.346554756164551,
975,7807,,,-2.459390163421631,,2.459390163421631,
976,7815,,,-2.2451393604278564,,2.2451393604278564,
977,7823,,,-2.252192258834839,,2.252192258834839,
978,7831,,,-2.381159782409668,,2.381159782409668,
979,7839,,,-2.2920093536376953,,2.2920093536376953,
980,7847,,,-2.2824316024780273,,2.2824316024780273,
981,7849,,,,-2.7425055503845215,,2.7425055503845215
981,7855,,,-2.444154977798462,,2.444154977798462,
982,7863,,,-2.293182373046875,,2.293182373046875,
983,7871,,,-2.3433661460876465,,2.3433661460876465,
984,7879,,,-2.3154122829437256,,2.3154122829437256,
985,7887,,,-2.2713558673858643,,2.2713558673858643,
986,7895,,,-2.387134075164795,,2.387134075164795,
987,7899,,,,-2.1214351654052734,,2.1214351654052734
987,7903,,,-2.3967700004577637,,2.3967700004577637,
988,7911,,,-2.287692070007324,,2.287692070007324,
989,7919,,,-2.275761365890503,,2.275761365890503,
990,7927,,,-2.3164093494415283,,2.3164093494415283,
991,7935,,,-2.285085916519165,,2.285085916519165,
992,7943,,,-2.295872211456299,,2.295872211456299,
993,7949,,,,-2.5286083221435547,,2.5286083221435547
993,7951,,,-2.2998108863830566,,2.2998108863830566,
994,7959,,,-2.342165231704712,,2.342165231704712,
995,7967,,,-2.345362663269043,,2.345362663269043,
996,7975,,,-2.4224390983581543,,2.4224390983581543,
997,7983,,,-2.4795877933502197,,2.4795877933502197,
998,7991,,,-2.4818294048309326,,2.4818294048309326,
999,7999,,,,-1.6954526901245117,,1.6954526901245117
999,7999,,,-2.266522169113159,,2.266522169113159,
1000,8007,,,-2.3472883701324463,,2.3472883701324463,
1001,8015,,,-2.3791024684906006,,2.3791024684906006,
1002,8023,,,-2.3190293312072754,,2.3190293312072754,
1003,8031,,,-2.295499086380005,,2.295499086380005,
1004,8039,,,-2.2927684783935547,,2.2927684783935547,
1005,8047,,,-2.297791004180908,,2.297791004180908,
1006,8049,,,,-2.610990285873413,,2.610990285873413
1006,8055,,,-2.370358467102051,,2.370358467102051,
1007,8063,,,-2.4980530738830566,,2.4980530738830566,
1008,8071,,,-2.436659812927246,,2.436659812927246,
1009,8079,,,-2.276374101638794,,2.276374101638794,
1010,8087,,,-2.4337217807769775,,2.4337217807769775,
1011,8095,,,-2.2993130683898926,,2.2993130683898926,
1012,8099,,,,-1.9031729698181152,,1.9031729698181152
1012,8103,,,-2.3915364742279053,,2.3915364742279053,
1013,8111,,,-2.3587825298309326,,2.3587825298309326,
1014,8119,,,-2.40090274810791,,2.40090274810791,
1015,8127,,,-2.4506819248199463,,2.4506819248199463,
1016,8135,,,-2.3677706718444824,,2.3677706718444824,
1017,8143,,,-2.3935325145721436,,2.3935325145721436,
1018,8149,,,,-2.258519411087036,,2.258519411087036
1018,8151,,,-2.500246524810791,,2.500246524810791,
1019,8159,,,-2.292365312576294,,2.292365312576294,
1020,8167,,,-2.259199857711792,,2.259199857711792,
1021,8175,,,-2.309147357940674,,2.309147357940674,
1022,8183,,,-2.3263280391693115,,2.3263280391693115,
1023,8191,,,-2.3586349487304688,,2.3586349487304688,
1024,8199,,,,-2.384707450866699,,2.384707450866699
1024,8199,,,-2.292858600616455,,2.292858600616455,
1025,8207,,,-2.3872528076171875,,2.3872528076171875,
1026,8215,,,-2.294084310531616,,2.294084310531616,
1027,8223,,,-2.394981861114502,,2.394981861114502,
1028,8231,,,-2.412160634994507,,2.412160634994507,
1029,8239,,,-2.353259325027466,,2.353259325027466,
1030,8247,,,-2.2658300399780273,,2.2658300399780273,
1031,8249,,,,-2.6350889205932617,,2.6350889205932617
1031,8255,,,-2.3576419353485107,,2.3576419353485107,
1032,8263,,,-2.3193726539611816,,2.3193726539611816,
1033,8271,,,-2.2672975063323975,,2.2672975063323975,
1034,8279,,,-2.3431296348571777,,2.3431296348571777,
1035,8287,,,-2.3754844665527344,,2.3754844665527344,
1036,8295,,,-2.34865403175354,,2.34865403175354,
1037,8299,,,,-2.609323263168335,,2.609323263168335
1037,8303,,,-2.2528562545776367,,2.2528562545776367,
1038,8311,,,-2.316459894180298,,2.316459894180298,
1039,8319,,,-2.3277440071105957,,2.3277440071105957,
1040,8327,,,-2.4131829738616943,,2.4131829738616943,
1041,8335,,,-2.442368984222412,,2.442368984222412,
1042,8343,,,-2.416579008102417,,2.416579008102417,
1043,8349,,,,-2.6151089668273926,,2.6151089668273926
1043,8351,,,-2.32498836517334,,2.32498836517334,
1044,8359,,,-2.3528051376342773,,2.3528051376342773,
1045,8367,,,-2.2502052783966064,,2.2502052783966064,
1046,8375,,,-2.2775516510009766,,2.2775516510009766,
1047,8383,,,-2.2736353874206543,,2.2736353874206543,
1048,8391,,,-2.4277408123016357,,2.4277408123016357,
1049,8399,,,,-2.373101234436035,,2.373101234436035
1049,8399,,,-2.336487054824829,,2.336487054824829,
1050,8407,,,-2.334742546081543,,2.334742546081543,
1051,8415,,,-2.34450101852417,,2.34450101852417,
1052,8423,,,-2.418593406677246,,2.418593406677246,
1053,8431,,,-2.431178569793701,,2.431178569793701,
1054,8439,,,-2.3050589561462402,,2.3050589561462402,
1055,8447,,,-2.2809109687805176,,2.2809109687805176,
1056,8449,,,,-2.1602437496185303,,2.1602437496185303
1056,8455,,,-2.379380226135254,,2.379380226135254,
1057,8463,,,-2.3890035152435303,,2.3890035152435303,
1058,8471,,,-2.28997802734375,,2.28997802734375,
1059,8479,,,-2.450092077255249,,2.450092077255249,
1060,8487,,,-2.406623125076294,,2.406623125076294,
1061,8495,,,-2.2804746627807617,,2.2804746627807617,
1062,8499,,,,-2.971534490585327,,2.971534490585327
1062,8503,,,-2.414546012878418,,2.414546012878418,
1063,8511,,,-2.4139366149902344,,2.4139366149902344,
1064,8519,,,-2.327301025390625,,2.327301025390625,
1065,8527,,,-2.356219530105591,,2.356219530105591,
1066,8535,,,-2.4065210819244385,,2.4065210819244385,
1067,8543,,,-2.3414883613586426,,2.3414883613586426,
1068,8549,,,,-1.760538101196289,,1.760538101196289
1068,8551,,,-2.275589942932129,,2.275589942932129,
1069,8559,,,-2.294874668121338,,2.294874668121338,
1070,8567,,,-2.349567413330078,,2.349567413330078,
1071,8575,,,-2.2673749923706055,,2.2673749923706055,
1072,8583,,,-2.3834166526794434,,2.3834166526794434,
1073,8591,,,-2.4498579502105713,,2.4498579502105713,
1074,8599,,,,-1.993152379989624,,1.993152379989624
1074,8599,,,-2.3271820545196533,,2.3271820545196533,
1075,8607,,,-2.4198830127716064,,2.4198830127716064,
1076,8615,,,-2.3180880546569824,,2.3180880546569824,
1077,8623,,,-2.300675868988037,,2.300675868988037,
1078,8631,,,-2.479970693588257,,2.479970693588257,
1079,8639,,,-2.419100284576416,,2.419100284576416,
1080,8647,,,-2.2721405029296875,,2.2721405029296875,
1081,8649,,,,-2.1175546646118164,,2.1175546646118164
1081,8655,,,-2.3956944942474365,,2.3956944942474365,
1082,8663,,,-2.3944971561431885,,2.3944971561431885,
1083,8671,,,-2.329472303390503,,2.329472303390503,
1084,8679,,,-2.3686671257019043,,2.3686671257019043,
1085,8687,,,-2.3357093334198,,2.3357093334198,
1086,8695,,,-2.3109891414642334,,2.3109891414642334,
1087,8699,,,,-2.6988608837127686,,2.6988608837127686
1087,8703,,,-2.3617961406707764,,2.3617961406707764,
1088,8711,,,-2.3663790225982666,,2.3663790225982666,
1089,8719,,,-2.33856201171875,,2.33856201171875,
1090,8727,,,-2.368262767791748,,2.368262767791748,
1091,8735,,,-2.3241159915924072,,2.3241159915924072,
1092,8743,,,-2.3176732063293457,,2.3176732063293457,
1093,8749,,,,-2.345784902572632,,2.345784902572632
1093,8751,,,-2.3064944744110107,,2.3064944744110107,
1094,8759,,,-2.275063991546631,,2.275063991546631,
1095,8767,,,-2.32649302482605,,2.32649302482605,
1096,8775,,,-2.444089889526367,,2.444089889526367,
1097,8783,,,-2.336266040802002,,2.336266040802002,
1098,8791,,,-2.403048515319824,,2.403048515319824,
1099,8799,,,,-2.1894514560699463,,2.1894514560699463
1099,8799,,,-2.3785719871520996,,2.3785719871520996,
1100,8807,,,-2.40189266204834,,2.40189266204834,
1101,8815,,,-2.2686898708343506,,2.2686898708343506,
1102,8823,,,-2.284374713897705,,2.284374713897705,
1103,8831,,,-2.3667008876800537,,2.3667008876800537,
1104,8839,,,-2.4497761726379395,,2.4497761726379395,
1105,8847,,,-2.4287445545196533,,2.4287445545196533,
1106,8849,,,,-2.3218650817871094,,2.3218650817871094
1106,8855,,,-2.3303027153015137,,2.3303027153015137,
1107,8863,,,-2.4466114044189453,,2.4466114044189453,
1108,8871,,,-2.442061424255371,,2.442061424255371,
1109,8879,,,-2.379300594329834,,2.379300594329834,
1110,8887,,,-2.400303840637207,,2.400303840637207,
1111,8895,,,-2.32226824760437,,2.32226824760437,
1112,8899,,,,-2.9092655181884766,,2.9092655181884766
1112,8903,,,-2.3440964221954346,,2.3440964221954346,
1113,8911,,,-2.403353691101074,,2.403353691101074,
1114,8919,,,-2.459998369216919,,2.459998369216919,
1115,8927,,,-2.371580123901367,,2.371580123901367,
1116,8935,,,-2.429344415664673,,2.429344415664673,
1117,8943,,,-2.4212584495544434,,2.4212584495544434,
1118,8949,,,,-2.975925922393799,,2.975925922393799
1118,8951,,,-2.4474380016326904,,2.4474380016326904,
1119,8959,,,-2.513343095779419,,2.513343095779419,
1120,8967,,,-2.319631576538086,,2.319631576538086,
1121,8975,,,-2.3362650871276855,,2.3362650871276855,
1122,8983,,,-2.462615489959717,,2.462615489959717,
1123,8991,,,-2.3723888397216797,,2.3723888397216797,
1124,8999,,,,-2.5303101539611816,,2.5303101539611816
1124,8999,,,-2.360025405883789,,2.360025405883789,
1125,9007,,,-2.3578286170959473,,2.3578286170959473,
1126,9015,,,-2.4274184703826904,,2.4274184703826904,
1127,9023,,,-2.2993686199188232,,2.2993686199188232,
1128,9031,,,-2.325380563735962,,2.325380563735962,
1129,9039,,,-2.2884223461151123,,2.2884223461151123,
1130,9047,,,-2.39131236076355,,2.39131236076355,
1131,9049,,,,-2.376577854156494,,2.376577854156494
1131,9055,,,-2.3219687938690186,,2.3219687938690186,
1132,9063,,,-2.2887814044952393,,2.2887814044952393,
1133,9071,,,-2.288853168487549,,2.288853168487549,
1134,9079,,,-2.430917501449585,,2.430917501449585,
1135,9087,,,-2.335963010787964,,2.335963010787964,
1136,9095,,,-2.278839111328125,,2.278839111328125,
1137,9099,,,,-2.523730516433716,,2.523730516433716
1137,9103,,,-2.4342846870422363,,2.4342846870422363,
1138,9111,,,-2.3075151443481445,,2.3075151443481445,
1139,9119,,,-2.465538501739502,,2.465538501739502,
1140,9127,,,-2.3095500469207764,,2.3095500469207764,
1141,9135,,,-2.3064963817596436,,2.3064963817596436,
1142,9143,,,-2.408456563949585,,2.408456563949585,
1143,9149,,,,-2.2926604747772217,,2.2926604747772217
1143,9151,,,-2.4072518348693848,,2.4072518348693848,
1144,9159,,,-2.390979766845703,,2.390979766845703,
1145,9167,,,-2.3054816722869873,,2.3054816722869873,
1146,9175,,,-2.3145487308502197,,2.3145487308502197,
1147,9183,,,-2.45145845413208,,2.45145845413208,
1148,9191,,,-2.40289306640625,,2.40289306640625,
1149,9199,,,,-2.256441354751587,,2.256441354751587
1149,9199,,,-2.3395893573760986,,2.3395893573760986,
1150,9207,,,-2.455829620361328,,2.455829620361328,
1151,9215,,,-2.3105628490448,,2.3105628490448,
1152,9223,,,-2.4203970432281494,,2.4203970432281494,
1153,9231,,,-2.48502516746521,,2.48502516746521,
1154,9239,,,-2.3454887866973877,,2.3454887866973877,
1155,9247,,,-2.4454100131988525,,2.4454100131988525,
1156,9249,,,,-1.8244459629058838,,1.8244459629058838
1156,9255,,,-2.382251501083374,,2.382251501083374,
1157,9263,,,-2.32831072807312,,2.32831072807312,
1158,9271,,,-2.3129115104675293,,2.3129115104675293,
1159,9279,,,-2.355515718460083,,2.355515718460083,
1160,9287,,,-2.306835651397705,,2.306835651397705,
1161,9295,,,-2.361961603164673,,2.361961603164673,
1162,9299,,,,-2.202775716781616,,2.202775716781616
1162,9303,,,-2.3337855339050293,,2.3337855339050293,
1163,9311,,,-2.386425495147705,,2.386425495147705,
1164,9319,,,-2.3031558990478516,,2.3031558990478516,
1165,9327,,,-2.3758738040924072,,2.3758738040924072,
1166,9335,,,-2.396026134490967,,2.396026134490967,
1167,9343,,,-2.3509902954101562,,2.3509902954101562,
1168,9349,,,,-2.7868380546569824,,2.7868380546569824
1168,9351,,,-2.5133180618286133,,2.5133180618286133,
1169,9359,,,-2.2663886547088623,,2.2663886547088623,
1170,9367,,,-2.4932241439819336,,2.4932241439819336,
1171,9375,,,-2.3782894611358643,,2.3782894611358643,
1172,9383,,,-2.312955617904663,,2.312955617904663,
1173,9391,,,-2.3056819438934326,,2.3056819438934326,
1174,9399,,,,-2.078270196914673,,2.078270196914673
1174,9399,,,-2.4165284633636475,,2.4165284633636475,
1175,9407,,,-2.3490254878997803,,2.3490254878997803,
1176,9415,,,-2.338064432144165,,2.338064432144165,
1177,9423,,,-2.3207380771636963,,2.3207380771636963,
1178,9431,,,-2.4617321491241455,,2.4617321491241455,
1179,9439,,,-2.41379714012146,,2.41379714012146,
1180,9447,,,-2.3782174587249756,,2.3782174587249756,
1181,9449,,,,-3.15793514251709,,3.15793514251709
1181,9455,,,-2.4871442317962646,,2.4871442317962646,
1182,9463,,,-2.3227291107177734,,2.3227291107177734,
1183,9471,,,-2.394286632537842,,2.394286632537842,
1184,9479,,,-2.4390053749084473,,2.4390053749084473,
1185,9487,,,-2.4635009765625,,2.4635009765625,
1186,9495,,,-2.3297460079193115,,2.3297460079193115,
1187,9499,,,,-2.0805609226226807,,2.0805609226226807
1187,9503,,,-2.3626716136932373,,2.3626716136932373,
1188,9511,,,-2.478665590286255,,2.478665590286255,
1189,9519,,,-2.4481747150421143,,2.4481747150421143,
1190,9527,,,-2.352059841156006,,2.352059841156006,
1191,9535,,,-2.30835223197937,,2.30835223197937,
1192,9543,,,-2.4090285301208496,,2.4090285301208496,
1193,9549,,,,-2.514430046081543,,2.514430046081543
1193,9551,,,-2.4120945930480957,,2.4120945930480957,
1194,9559,,,-2.34877872467041,,2.34877872467041,
1195,9567,,,-2.4069571495056152,,2.4069571495056152,
1196,9575,,,-2.581439971923828,,2.581439971923828,
1197,9583,,,-2.3933212757110596,,2.3933212757110596,
1198,9591,,,-2.3396718502044678,,2.3396718502044678,
1199,9599,,,,-2.9119174480438232,,2.9119174480438232
1199,9599,,,-2.3414502143859863,,2.3414502143859863,
1200,9607,,,-2.3194985389709473,,2.3194985389709473,
1201,9615,,,-2.3596835136413574,,2.3596835136413574,
1202,9623,,,-2.3937647342681885,,2.3937647342681885,
1203,9631,,,-2.2749228477478027,,2.2749228477478027,
1204,9639,,,-2.3939764499664307,,2.3939764499664307,
1205,9647,,,-2.3837087154388428,,2.3837087154388428,
1206,9649,,,,-3.2899460792541504,,3.2899460792541504
1206,9655,,,-2.411890745162964,,2.411890745162964,
1207,9663,,,-2.439694881439209,,2.439694881439209,
1208,9671,,,-2.463937282562256,,2.463937282562256,
1209,9679,,,-2.2987654209136963,,2.2987654209136963,
1210,9687,,,-2.5138795375823975,,2.5138795375823975,
1211,9695,,,-2.3585424423217773,,2.3585424423217773,
1212,9699,,,,-1.9104866981506348,,1.9104866981506348
1212,9703,,,-2.4174537658691406,,2.4174537658691406,
1213,9711,,,-2.328113317489624,,2.328113317489624,
1214,9719,,,-2.366734266281128,,2.366734266281128,
1215,9727,,,-2.4028213024139404,,2.4028213024139404,
1216,9735,,,-2.3274502754211426,,2.3274502754211426,
1217,9743,,,-2.4205565452575684,,2.4205565452575684,
1218,9749,,,,-3.1135969161987305,,3.1135969161987305
1218,9751,,,-2.3666024208068848,,2.3666024208068848,
1219,9759,,,-2.310346841812134,,2.310346841812134,
1220,9767,,,-2.3459315299987793,,2.3459315299987793,
1221,9775,,,-2.3171849250793457,,2.3171849250793457,
1222,9783,,,-2.314487934112549,,2.314487934112549,
1223,9791,,,-2.343278408050537,,2.343278408050537,
1224,9799,,,,-3.33381986618042,,3.33381986618042
1224,9799,,,-2.4453628063201904,,2.4453628063201904,
1225,9807,,,-2.331352472305298,,2.331352472305298,
1226,9815,,,-2.368896961212158,,2.368896961212158,
1227,9823,,,-2.4305927753448486,,2.4305927753448486,
1228,9831,,,-2.324558973312378,,2.324558973312378,
1229,9839,,,-2.3445703983306885,,2.3445703983306885,
1230,9847,,,-2.322139263153076,,2.322139263153076,
1231,9849,,,,-2.980893850326538,,2.980893850326538
1231,9855,,,-2.351339340209961,,2.351339340209961,
1232,9863,,,-2.346579074859619,,2.346579074859619,
1233,9871,,,-2.3983242511749268,,2.3983242511749268,
1234,9879,,,-2.3678839206695557,,2.3678839206695557,
1235,9887,,,-2.3182947635650635,,2.3182947635650635,
1236,9895,,,-2.337970495223999,,2.337970495223999,
1237,9899,,,,-3.2404074668884277,,3.2404074668884277
1237,9903,,,-2.408461809158325,,2.408461809158325,
1238,9911,,,-2.3831048011779785,,2.3831048011779785,
1239,9919,,,-2.3634750843048096,,2.3634750843048096,
1240,9927,,,-2.3381762504577637,,2.3381762504577637,
1241,9935,,,-2.452249050140381,,2.452249050140381,
1242,9943,,,-2.518475294113159,,2.518475294113159,
1243,9949,,,,-2.033797025680542,,2.033797025680542
1243,9951,,,-2.352692127227783,,2.352692127227783,
1244,9959,,,-2.606214761734009,,2.606214761734009,
1245,9967,,,-2.3771960735321045,,2.3771960735321045,
1246,9975,,,-2.3585474491119385,,2.3585474491119385,
1247,9983,,,-2.3620378971099854,,2.3620378971099854,
1248,9991,,,-2.343128204345703,,2.343128204345703,
1249,9999,,,,-1.4485809803009033,,1.4485809803009033
1249,9999,,,-2.543959617614746,,2.543959617614746,
1250,10007,,,-2.3764686584472656,,2.3764686584472656,
1251,10015,,,-2.538637161254883,,2.538637161254883,
1252,10023,,,-2.463144540786743,,2.463144540786743,
1253,10031,,,-2.5396151542663574,,2.5396151542663574,
1254,10039,,,-2.4395992755889893,,2.4395992755889893,
1255,10047,,,-2.700805187225342,,2.700805187225342,
1256,10049,,,,-2.0739710330963135,,2.0739710330963135
1256,10055,,,-2.41235089302063,,2.41235089302063,
1257,10063,,,-2.3358144760131836,,2.3358144760131836,
1258,10071,,,-2.2983996868133545,,2.2983996868133545,
1259,10079,,,-2.289536952972412,,2.289536952972412,
1260,10087,,,-2.4558486938476562,,2.4558486938476562,
1261,10095,,,-2.389137029647827,,2.389137029647827,
1262,10099,,,,-2.4350037574768066,,2.4350037574768066
1262,10103,,,-2.4966330528259277,,2.4966330528259277,
1263,10111,,,-2.555177688598633,,2.555177688598633,
1264,10119,,,-2.3860602378845215,,2.3860602378845215,
1265,10127,,,-2.5494940280914307,,2.5494940280914307,
1266,10135,,,-2.657644748687744,,2.657644748687744,
1267,10143,,,-2.4395687580108643,,2.4395687580108643,
1268,10149,,,,-1.9413964748382568,,1.9413964748382568
1268,10151,,,-2.434706211090088,,2.434706211090088,
1269,10159,,,-2.3710250854492188,,2.3710250854492188,
1270,10167,,,-2.4235188961029053,,2.4235188961029053,
1271,10175,,,-2.4225122928619385,,2.4225122928619385,
1272,10183,,,-2.4110703468322754,,2.4110703468322754,
1273,10191,,,-2.4097821712493896,,2.4097821712493896,
1274,10199,,,,-2.768847942352295,,2.768847942352295
1274,10199,,,-2.4123916625976562,,2.4123916625976562,
1275,10207,,,-2.414123058319092,,2.414123058319092,
1276,10215,,,-2.58886456489563,,2.58886456489563,
1277,10223,,,-2.5134823322296143,,2.5134823322296143,
1278,10231,,,-2.3406074047088623,,2.3406074047088623,
1279,10239,,,-2.417450428009033,,2.417450428009033,
1280,10247,,,-2.3069093227386475,,2.3069093227386475,
1281,10249,,,,-2.027717351913452,,2.027717351913452
1281,10255,,,-2.3019886016845703,,2.3019886016845703,
1282,10263,,,-2.3724300861358643,,2.3724300861358643,
1283,10271,,,-2.3745689392089844,,2.3745689392089844,
1284,10279,,,-2.481381893157959,,2.481381893157959,
1285,10287,,,-2.416689395904541,,2.416689395904541,
1286,10295,,,-2.421907901763916,,2.421907901763916,
1287,10299,,,,-1.7401912212371826,,1.7401912212371826
1287,10303,,,-2.4260447025299072,,2.4260447025299072,
1288,10311,,,-2.4514734745025635,,2.4514734745025635,
1289,10319,,,-2.4004061222076416,,2.4004061222076416,
1290,10327,,,-2.4007315635681152,,2.4007315635681152,
1291,10335,,,-2.379333257675171,,2.379333257675171,
1292,10343,,,-2.4258875846862793,,2.4258875846862793,
1293,10349,,,,-2.076759099960327,,2.076759099960327
1293,10351,,,-2.357440710067749,,2.357440710067749,
1294,10359,,,-2.3457963466644287,,2.3457963466644287,
1295,10367,,,-2.4618799686431885,,2.4618799686431885,
1296,10375,,,-2.4843122959136963,,2.4843122959136963,
1297,10383,,,-2.3610050678253174,,2.3610050678253174,
1298,10391,,,-2.3433895111083984,,2.3433895111083984,
1299,10399,,,,-2.411545515060425,,2.411545515060425
1299,10399,,,-2.3405420780181885,,2.3405420780181885,
1300,10407,,,-2.367849588394165,,2.367849588394165,
1301,10415,,,-2.3286383152008057,,2.3286383152008057,
1302,10423,,,-2.4887948036193848,,2.4887948036193848,
1303,10431,,,-2.3571245670318604,,2.3571245670318604,
1304,10439,,,-2.432108163833618,,2.432108163833618,
1305,10447,,,-2.4065492153167725,,2.4065492153167725,
1306,10449,,,,-2.4641618728637695,,2.4641618728637695
1306,10455,,,-2.3099989891052246,,2.3099989891052246,
1307,10463,,,-2.3726584911346436,,2.3726584911346436,
1308,10471,,,-2.381575584411621,,2.381575584411621,
1309,10479,,,-2.5812182426452637,,2.5812182426452637,
1310,10487,,,-2.496047258377075,,2.496047258377075,
1311,10495,,,-2.3844714164733887,,2.3844714164733887,
1312,10499,,,,-3.094013214111328,,3.094013214111328
1312,10503,,,-2.4137227535247803,,2.4137227535247803,
1313,10511,,,-2.459052085876465,,2.459052085876465,
1314,10519,,,-2.2957074642181396,,2.2957074642181396,
1315,10527,,,-2.4740123748779297,,2.4740123748779297,
1316,10535,,,-2.3869192600250244,,2.3869192600250244,
1317,10543,,,-2.405139207839966,,2.405139207839966,
1318,10549,,,,-2.4847424030303955,,2.4847424030303955
1318,10551,,,-2.3000786304473877,,2.3000786304473877,
1319,10559,,,-2.3951399326324463,,2.3951399326324463,
1320,10567,,,-2.4059901237487793,,2.4059901237487793,
1321,10575,,,-2.562525749206543,,2.562525749206543,
1322,10583,,,-2.4487850666046143,,2.4487850666046143,
1323,10591,,,-2.4836716651916504,,2.4836716651916504,
1324,10599,,,,-1.9360120296478271,,1.9360120296478271
1324,10599,,,-2.4418556690216064,,2.4418556690216064,
1325,10607,,,-2.54114031791687,,2.54114031791687,
1326,10615,,,-2.389911651611328,,2.389911651611328,
1327,10623,,,-2.392221212387085,,2.392221212387085,
1328,10631,,,-2.431195020675659,,2.431195020675659,
1329,10639,,,-2.4509634971618652,,2.4509634971618652,
1330,10647,,,-2.524113178253174,,2.524113178253174,
1331,10649,,,,-2.5670883655548096,,2.5670883655548096
1331,10655,,,-2.372135639190674,,2.372135639190674,
1332,10663,,,-2.555844783782959,,2.555844783782959,
1333,10671,,,-2.4962589740753174,,2.4962589740753174,
1334,10679,,,-2.5467982292175293,,2.5467982292175293,
1335,10687,,,-2.5474352836608887,,2.5474352836608887,
1336,10695,,,-2.4190123081207275,,2.4190123081207275,
1337,10699,,,,-2.525522232055664,,2.525522232055664
1337,10703,,,-2.4491798877716064,,2.4491798877716064,
1338,10711,,,-2.453498125076294,,2.453498125076294,
1339,10719,,,-2.3434977531433105,,2.3434977531433105,
1340,10727,,,-2.4250807762145996,,2.4250807762145996,
1341,10735,,,-2.3503005504608154,,2.3503005504608154,
1342,10743,,,-2.383234739303589,,2.383234739303589,
1343,10749,,,,-2.132526159286499,,2.132526159286499
1343,10751,,,-2.3433034420013428,,2.3433034420013428,
1344,10759,,,-2.482848644256592,,2.482848644256592,
1345,10767,,,-2.4677793979644775,,2.4677793979644775,
1346,10775,,,-2.3809850215911865,,2.3809850215911865,
1347,10783,,,-2.4069981575012207,,2.4069981575012207,
1348,10791,,,-2.485860824584961,,2.485860824584961,
1349,10799,,,,-2.089268445968628,,2.089268445968628
1349,10799,,,-2.3555424213409424,,2.3555424213409424,
1350,10807,,,-2.3563270568847656,,2.3563270568847656,
1351,10815,,,-2.4420084953308105,,2.4420084953308105,
1352,10823,,,-2.3225440979003906,,2.3225440979003906,
1353,10831,,,-2.5337133407592773,,2.5337133407592773,
1354,10839,,,-2.373054265975952,,2.373054265975952,
1355,10847,,,-2.427281379699707,,2.427281379699707,
1356,10849,,,,-2.6954195499420166,,2.6954195499420166
1356,10855,,,-2.4474422931671143,,2.4474422931671143,
1357,10863,,,-2.4199025630950928,,2.4199025630950928,
1358,10871,,,-2.3830971717834473,,2.3830971717834473,
1359,10879,,,-2.423304319381714,,2.423304319381714,
1360,10887,,,-2.3851866722106934,,2.3851866722106934,
1361,10895,,,-2.379978656768799,,2.379978656768799,
1362,10899,,,,-2.7671024799346924,,2.7671024799346924
1362,10903,,,-2.3675317764282227,,2.3675317764282227,
1363,10911,,,-2.3738467693328857,,2.3738467693328857,
1364,10919,,,-2.379966974258423,,2.379966974258423,
1365,10927,,,-2.535980463027954,,2.535980463027954,
1366,10935,,,-2.4862871170043945,,2.4862871170043945,
1367,10943,,,-2.4853169918060303,,2.4853169918060303,
1368,10949,,,,-1.848865270614624,,1.848865270614624
1368,10951,,,-2.6025540828704834,,2.6025540828704834,
1369,10959,,,-2.3997926712036133,,2.3997926712036133,
1370,10967,,,-2.334951639175415,,2.334951639175415,
1371,10975,,,-2.454887866973877,,2.454887866973877,
1372,10983,,,-2.4913134574890137,,2.4913134574890137,
1373,10991,,,-2.451542854309082,,2.451542854309082,
1374,10999,,,,-1.9669246673583984,,1.9669246673583984
1374,10999,,,-2.4718844890594482,,2.4718844890594482,
1375,11007,,,-2.4608869552612305,,2.4608869552612305,
1376,11015,,,-2.3715710639953613,,2.3715710639953613,
1377,11023,,,-2.5594990253448486,,2.5594990253448486,
1378,11031,,,-2.5147511959075928,,2.5147511959075928,
1379,11039,,,-2.4116098880767822,,2.4116098880767822,
1380,11047,,,-2.473876476287842,,2.473876476287842,
1381,11049,,,,-1.661067247390747,,1.661067247390747
1381,11055,,,-2.43331241607666,,2.43331241607666,
1382,11063,,,-2.485299587249756,,2.485299587249756,
1383,11071,,,-2.3231325149536133,,2.3231325149536133,
1384,11079,,,-2.2963225841522217,,2.2963225841522217,
1385,11087,,,-2.342978000640869,,2.342978000640869,
1386,11095,,,-2.378387928009033,,2.378387928009033,
1387,11099,,,,-2.0091450214385986,,2.0091450214385986
1387,11103,,,-2.3868470191955566,,2.3868470191955566,
1388,11111,,,-2.4529693126678467,,2.4529693126678467,
1389,11119,,,-2.401632308959961,,2.401632308959961,
1390,11127,,,-2.42635440826416,,2.42635440826416,
1391,11135,,,-2.477869987487793,,2.477869987487793,
1392,11143,,,-2.359875440597534,,2.359875440597534,
1393,11149,,,,-2.6872589588165283,,2.6872589588165283
1393,11151,,,-2.447129964828491,,2.447129964828491,
1394,11159,,,-2.344754695892334,,2.344754695892334,
1395,11167,,,-2.531425714492798,,2.531425714492798,
1396,11175,,,-2.4637441635131836,,2.4637441635131836,
1397,11183,,,-2.3788084983825684,,2.3788084983825684,
1398,11191,,,-2.425913095474243,,2.425913095474243,
1399,11199,,,,-2.591015577316284,,2.591015577316284
1399,11199,,,-2.316688299179077,,2.316688299179077,
1400,11207,,,-2.4238054752349854,,2.4238054752349854,
1401,11215,,,-2.3801004886627197,,2.3801004886627197,
1402,11223,,,-2.324227809906006,,2.324227809906006,
1403,11231,,,-2.5326714515686035,,2.5326714515686035,
1404,11239,,,-2.4573915004730225,,2.4573915004730225,
1405,11247,,,-2.411659002304077,,2.411659002304077,
1406,11249,,,,-2.8502345085144043,,2.8502345085144043
1406,11255,,,-2.46177339553833,,2.46177339553833,
1407,11263,,,-2.372314929962158,,2.372314929962158,
1408,11271,,,-2.46675968170166,,2.46675968170166,
1409,11279,,,-2.4810657501220703,,2.4810657501220703,
1410,11287,,,-2.386293649673462,,2.386293649673462,
1411,11295,,,-2.4911959171295166,,2.4911959171295166,
1412,11299,,,,-2.6527159214019775,,2.6527159214019775
1412,11303,,,-2.4593024253845215,,2.4593024253845215,
1413,11311,,,-2.4311347007751465,,2.4311347007751465,
1414,11319,,,-2.4419307708740234,,2.4419307708740234,
1415,11327,,,-2.47092604637146,,2.47092604637146,
1416,11335,,,-2.4201438426971436,,2.4201438426971436,
1417,11343,,,-2.407752275466919,,2.407752275466919,
1418,11349,,,,-2.12314510345459,,2.12314510345459
1418,11351,,,-2.4360079765319824,,2.4360079765319824,
1419,11359,,,-2.3814315795898438,,2.3814315795898438,
1420,11367,,,-2.4037230014801025,,2.4037230014801025,
1421,11375,,,-2.375992774963379,,2.375992774963379,
1422,11383,,,-2.4278724193573,,2.4278724193573,
1423,11391,,,-2.445444345474243,,2.445444345474243,
1424,11399,,,,-1.9536926746368408,,1.9536926746368408
1424,11399,,,-2.373945951461792,,2.373945951461792,
1425,11407,,,-2.471741199493408,,2.471741199493408,
1426,11415,,,-2.5085597038269043,,2.5085597038269043,
1427,11423,,,-2.414076089859009,,2.414076089859009,
1428,11431,,,-2.514219045639038,,2.514219045639038,
1429,11439,,,-2.5493996143341064,,2.5493996143341064,
1430,11447,,,-2.38014817237854,,2.38014817237854,
1431,11449,,,,-2.475908041000366,,2.475908041000366
1431,11455,,,-2.448681116104126,,2.448681116104126,
1432,11463,,,-2.3894500732421875,,2.3894500732421875,
1433,11471,,,-2.403870105743408,,2.403870105743408,
1434,11479,,,-2.487802743911743,,2.487802743911743,
1435,11487,,,-2.516611337661743,,2.516611337661743,
1436,11495,,,-2.4763314723968506,,2.4763314723968506,
1437,11499,,,,-2.053474187850952,,2.053474187850952
1437,11503,,,-2.373640775680542,,2.373640775680542,
1438,11511,,,-2.5204014778137207,,2.5204014778137207,
1439,11519,,,-2.3960344791412354,,2.3960344791412354,
1440,11527,,,-2.419611692428589,,2.419611692428589,
1441,11535,,,-2.3930771350860596,,2.3930771350860596,
1442,11543,,,-2.5474801063537598,,2.5474801063537598,
1443,11549,,,,-3.0556395053863525,,3.0556395053863525
1443,11551,,,-2.420642137527466,,2.420642137527466,
1444,11559,,,-2.4818215370178223,,2.4818215370178223,
1445,11567,,,-2.4096620082855225,,2.4096620082855225,
1446,11575,,,-2.4270589351654053,,2.4270589351654053,
1447,11583,,,-2.339676856994629,,2.339676856994629,
1448,11591,,,-2.4227664470672607,,2.4227664470672607,
1449,11599,,,,-2.0943048000335693,,2.0943048000335693
1449,11599,,,-2.4112141132354736,,2.4112141132354736,
1450,11607,,,-2.37365984916687,,2.37365984916687,
1451,11615,,,-2.348768472671509,,2.348768472671509,
1452,11623,,,-2.441730499267578,,2.441730499267578,
1453,11631,,,-2.344806432723999,,2.344806432723999,
1454,11639,,,-2.349364757537842,,2.349364757537842,
1455,11647,,,-2.5380496978759766,,2.5380496978759766,
1456,11649,,,,-2.0804800987243652,,2.0804800987243652
1456,11655,,,-2.4300858974456787,,2.4300858974456787,
1457,11663,,,-2.5726449489593506,,2.5726449489593506,
1458,11671,,,-2.450462818145752,,2.450462818145752,
1459,11679,,,-2.505047082901001,,2.505047082901001,
1460,11687,,,-2.5256781578063965,,2.5256781578063965,
1461,11695,,,-2.418304681777954,,2.418304681777954,
1462,11699,,,,-1.787071943283081,,1.787071943283081
1462,11703,,,-2.4787683486938477,,2.4787683486938477,
1463,11711,,,-2.4239842891693115,,2.4239842891693115,
1464,11719,,,-2.461953639984131,,2.461953639984131,
1465,11727,,,-2.477200746536255,,2.477200746536255,
1466,11735,,,-2.409367322921753,,2.409367322921753,
1467,11743,,,-2.4046223163604736,,2.4046223163604736,
1468,11749,,,,-2.3953347206115723,,2.3953347206115723
1468,11751,,,-2.405466318130493,,2.405466318130493,
1469,11759,,,-2.4886038303375244,,2.4886038303375244,
1470,11767,,,-2.448361873626709,,2.448361873626709,
1471,11775,,,-2.408904552459717,,2.408904552459717,
1472,11783,,,-2.4672601222991943,,2.4672601222991943,
1473,11791,,,-2.5577571392059326,,2.5577571392059326,
1474,11799,,,,-2.9161219596862793,,2.9161219596862793
1474,11799,,,-2.421611785888672,,2.421611785888672,
1475,11807,,,-2.4115123748779297,,2.4115123748779297,
1476,11815,,,-2.4487850666046143,,2.4487850666046143,
1477,11823,,,-2.5301387310028076,,2.5301387310028076,
1478,11831,,,-2.4229910373687744,,2.4229910373687744,
1479,11839,,,-2.430548906326294,,2.430548906326294,
1480,11847,,,-2.465592861175537,,2.465592861175537,
1481,11849,,,,-3.1115729808807373,,3.1115729808807373
1481,11855,,,-2.462642192840576,,2.462642192840576,
1482,11863,,,-2.384168863296509,,2.384168863296509,
1483,11871,,,-2.418520927429199,,2.418520927429199,
1484,11879,,,-2.4434585571289062,,2.4434585571289062,
1485,11887,,,-2.4403977394104004,,2.4403977394104004,
1486,11895,,,-2.437211513519287,,2.437211513519287,
1487,11899,,,,-2.08976411819458,,2.08976411819458
1487,11903,,,-2.388831853866577,,2.388831853866577,
1488,11911,,,-2.52529239654541,,2.52529239654541,
1489,11919,,,-2.3590261936187744,,2.3590261936187744,
1490,11927,,,-2.4580564498901367,,2.4580564498901367,
1491,11935,,,-2.4560909271240234,,2.4560909271240234,
1492,11943,,,-2.4985270500183105,,2.4985270500183105,
1493,11949,,,,-2.305251359939575,,2.305251359939575
1493,11951,,,-2.4684016704559326,,2.4684016704559326,
1494,11959,,,-2.3566319942474365,,2.3566319942474365,
1495,11967,,,-2.426825761795044,,2.426825761795044,
1496,11975,,,-2.4145243167877197,,2.4145243167877197,
1497,11983,,,-2.607091188430786,,2.607091188430786,
1498,11991,,,-2.5183520317077637,,2.5183520317077637,
1499,11999,,,,-1.9071245193481445,,1.9071245193481445
1499,11999,,,-2.486269474029541,,2.486269474029541,
1500,12007,,,-2.421880006790161,,2.421880006790161,
1501,12015,,,-2.4653990268707275,,2.4653990268707275,
1502,12023,,,-2.5030884742736816,,2.5030884742736816,
1503,12031,,,-2.470144033432007,,2.470144033432007,
1504,12039,,,-2.591237783432007,,2.591237783432007,
1505,12047,,,-2.462595224380493,,2.462595224380493,
1506,12049,,,,-1.7211487293243408,,1.7211487293243408
1506,12055,,,-2.417273998260498,,2.417273998260498,
1507,12063,,,-2.5819449424743652,,2.5819449424743652,
1508,12071,,,-2.437422275543213,,2.437422275543213,
1509,12079,,,-2.4732933044433594,,2.4732933044433594,
1510,12087,,,-2.5952088832855225,,2.5952088832855225,
1511,12095,,,-2.537668466567993,,2.537668466567993,
1512,12099,,,,-2.2431626319885254,,2.2431626319885254
1512,12103,,,-2.3314647674560547,,2.3314647674560547,
1513,12111,,,-2.4357666969299316,,2.4357666969299316,
1514,12119,,,-2.493687152862549,,2.493687152862549,
1515,12127,,,-2.467778205871582,,2.467778205871582,
1516,12135,,,-2.410369634628296,,2.410369634628296,
1517,12143,,,-2.3560166358947754,,2.3560166358947754,
1518,12149,,,,-3.087503433227539,,3.087503433227539
1518,12151,,,-2.4750709533691406,,2.4750709533691406,
1519,12159,,,-2.4326863288879395,,2.4326863288879395,
1520,12167,,,-2.4682557582855225,,2.4682557582855225,
1521,12175,,,-2.4095139503479004,,2.4095139503479004,
1522,12183,,,-2.4035003185272217,,2.4035003185272217,
1523,12191,,,-2.376582622528076,,2.376582622528076,
1524,12199,,,,-1.952836036682129,,1.952836036682129
1524,12199,,,-2.3891360759735107,,2.3891360759735107,
1525,12207,,,-2.4168121814727783,,2.4168121814727783,
1526,12215,,,-2.4979124069213867,,2.4979124069213867,
1527,12223,,,-2.4667327404022217,,2.4667327404022217,
1528,12231,,,-2.5192534923553467,,2.5192534923553467,
1529,12239,,,-2.388054132461548,,2.388054132461548,
1530,12247,,,-2.444176197052002,,2.444176197052002,
1531,12249,,,,-2.033189535140991,,2.033189535140991
1531,12255,,,-2.351696491241455,,2.351696491241455,
1532,12263,,,-2.455244779586792,,2.455244779586792,
1533,12271,,,-2.4005353450775146,,2.4005353450775146,
1534,12279,,,-2.433994770050049,,2.433994770050049,
1535,12287,,,-2.475385904312134,,2.475385904312134,
1536,12295,,,-2.448089838027954,,2.448089838027954,
1537,12299,,,,-2.865715503692627,,2.865715503692627
1537,12303,,,-2.416980743408203,,2.416980743408203,
1538,12311,,,-2.398165702819824,,2.398165702819824,
1539,12319,,,-2.475257158279419,,2.475257158279419,
1540,12327,,,-2.440948009490967,,2.440948009490967,
1541,12335,,,-2.4827687740325928,,2.4827687740325928,
1542,12343,,,-2.3916022777557373,,2.3916022777557373,
1543,12349,,,,-1.5491228103637695,,1.5491228103637695
1543,12351,,,-2.428241491317749,,2.428241491317749,
1544,12359,,,-2.515599012374878,,2.515599012374878,
1545,12367,,,-2.4043586254119873,,2.4043586254119873,
1546,12375,,,-2.4677836894989014,,2.4677836894989014,
1547,12383,,,-2.383049726486206,,2.383049726486206,
1548,12391,,,-2.3525853157043457,,2.3525853157043457,
1549,12399,,,,-1.991478681564331,,1.991478681564331
1549,12399,,,-2.5131924152374268,,2.5131924152374268,
1550,12407,,,-2.593069553375244,,2.593069553375244,
1551,12415,,,-2.410017728805542,,2.410017728805542,
1552,12423,,,-2.448923110961914,,2.448923110961914,
1553,12431,,,-2.524003744125366,,2.524003744125366,
1554,12439,,,-2.4664924144744873,,2.4664924144744873,
1555,12447,,,-2.4897139072418213,,2.4897139072418213,
1556,12449,,,,-1.9480020999908447,,1.9480020999908447
1556,12455,,,-2.5113489627838135,,2.5113489627838135,
1557,12463,,,-2.585331439971924,,2.585331439971924,
1558,12471,,,-2.6889913082122803,,2.6889913082122803,
1559,12479,,,-2.4452860355377197,,2.4452860355377197,
1560,12487,,,-2.444462776184082,,2.444462776184082,
1561,12495,,,-2.5189716815948486,,2.5189716815948486,
1562,12499,,,,-2.6540451049804688,,2.6540451049804688
1562,12503,,,-2.4849324226379395,,2.4849324226379395,
1563,12511,,,-2.3410308361053467,,2.3410308361053467,
1564,12519,,,-2.372103214263916,,2.372103214263916,
1565,12527,,,-2.468184471130371,,2.468184471130371,
1566,12535,,,-2.4903199672698975,,2.4903199672698975,
1567,12543,,,-2.55950927734375,,2.55950927734375,
1568,12549,,,,-2.529630184173584,,2.529630184173584
1568,12551,,,-2.441593885421753,,2.441593885421753,
1569,12559,,,-2.6107280254364014,,2.6107280254364014,
1570,12567,,,-2.4812417030334473,,2.4812417030334473,
1571,12575,,,-2.469010829925537,,2.469010829925537,
1572,12583,,,-2.4241867065429688,,2.4241867065429688,
1573,12591,,,-2.5099875926971436,,2.5099875926971436,
1574,12599,,,,-1.9287967681884766,,1.9287967681884766
1574,12599,,,-2.44273042678833,,2.44273042678833,
1575,12607,,,-2.5380706787109375,,2.5380706787109375,
1576,12615,,,-2.477238416671753,,2.477238416671753,
1577,12623,,,-2.466078519821167,,2.466078519821167,
1578,12631,,,-2.5933938026428223,,2.5933938026428223,
1579,12639,,,-2.446416139602661,,2.446416139602661,
1580,12647,,,-2.415797233581543,,2.415797233581543,
1581,12649,,,,-2.8991758823394775,,2.8991758823394775
1581,12655,,,-2.410675525665283,,2.410675525665283,
1582,12663,,,-2.5044937133789062,,2.5044937133789062,
1583,12671,,,-2.458327054977417,,2.458327054977417,
1584,12679,,,-2.485818862915039,,2.485818862915039,
1585,12687,,,-2.4997801780700684,,2.4997801780700684,
1586,12695,,,-2.452723741531372,,2.452723741531372,
1587,12699,,,,-2.3133699893951416,,2.3133699893951416
1587,12703,,,-2.418943405151367,,2.418943405151367,
1588,12711,,,-2.4176228046417236,,2.4176228046417236,
1589,12719,,,-2.48363995552063,,2.48363995552063,
1590,12727,,,-2.4752562046051025,,2.4752562046051025,
1591,12735,,,-2.4319026470184326,,2.4319026470184326,
1592,12743,,,-2.525691509246826,,2.525691509246826,
1593,12749,,,,-2.7766103744506836,,2.7766103744506836
1593,12751,,,-2.4976139068603516,,2.4976139068603516,
1594,12759,,,-2.428375720977783,,2.428375720977783,
1595,12767,,,-2.5065557956695557,,2.5065557956695557,
1596,12775,,,-2.4153859615325928,,2.4153859615325928,
1597,12783,,,-2.412874937057495,,2.412874937057495,
1598,12791,,,-2.4890382289886475,,2.4890382289886475,
1599,12799,,,,-1.9607374668121338,,1.9607374668121338
1599,12799,,,-2.4785163402557373,,2.4785163402557373,
1600,12807,,,-2.438560724258423,,2.438560724258423,
1601,12815,,,-2.5251314640045166,,2.5251314640045166,
1602,12823,,,-2.425764560699463,,2.425764560699463,
1603,12831,,,-2.500373363494873,,2.500373363494873,
1604,12839,,,-2.3958353996276855,,2.3958353996276855,
1605,12847,,,-2.4593112468719482,,2.4593112468719482,
1606,12849,,,,-2.351532459259033,,2.351532459259033
1606,12855,,,-2.475198745727539,,2.475198745727539,
1607,12863,,,-2.487482786178589,,2.487482786178589,
1608,12871,,,-2.4635391235351562,,2.4635391235351562,
1609,12879,,,-2.4499051570892334,,2.4499051570892334,
1610,12887,,,-2.423907518386841,,2.423907518386841,
1611,12895,,,-2.469020128250122,,2.469020128250122,
1612,12899,,,,-2.9595160484313965,,2.9595160484313965
1612,12903,,,-2.3945810794830322,,2.3945810794830322,
1613,12911,,,-2.421424150466919,,2.421424150466919,
1614,12919,,,-2.5599143505096436,,2.5599143505096436,
1615,12927,,,-2.517144203186035,,2.517144203186035,
1616,12935,,,-2.376127243041992,,2.376127243041992,
1617,12943,,,-2.442274332046509,,2.442274332046509,
1618,12949,,,,-1.6989789009094238,,1.6989789009094238
1618,12951,,,-2.377332925796509,,2.377332925796509,
1619,12959,,,-2.5123136043548584,,2.5123136043548584,
1620,12967,,,-2.4269766807556152,,2.4269766807556152,
1621,12975,,,-2.532115936279297,,2.532115936279297,
1622,12983,,,-2.4719319343566895,,2.4719319343566895,
1623,12991,,,-2.4944911003112793,,2.4944911003112793,
1624,12999,,,,-2.7174315452575684,,2.7174315452575684
1624,12999,,,-2.484740972518921,,2.484740972518921,
1625,13007,,,-2.490328311920166,,2.490328311920166,
1626,13015,,,-2.4642534255981445,,2.4642534255981445,
1627,13023,,,-2.4323034286499023,,2.4323034286499023,
1628,13031,,,-2.4940435886383057,,2.4940435886383057,
1629,13039,,,-2.440856695175171,,2.440856695175171,
1630,13047,,,-2.448310613632202,,2.448310613632202,
1631,13049,,,,-3.073111057281494,,3.073111057281494
1631,13055,,,-2.5343759059906006,,2.5343759059906006,
1632,13063,,,-2.46928071975708,,2.46928071975708,
1633,13071,,,-2.4468157291412354,,2.4468157291412354,
1634,13079,,,-2.44710373878479,,2.44710373878479,
1635,13087,,,-2.409196615219116,,2.409196615219116,
1636,13095,,,-2.393221139907837,,2.393221139907837,
1637,13099,,,,-3.5296177864074707,,3.5296177864074707
1637,13103,,,-2.5151495933532715,,2.5151495933532715,
1638,13111,,,-2.459564685821533,,2.459564685821533,
1639,13119,,,-2.4098703861236572,,2.4098703861236572,
1640,13127,,,-2.518040180206299,,2.518040180206299,
1641,13135,,,-2.4037833213806152,,2.4037833213806152,
1642,13143,,,-2.493271589279175,,2.493271589279175,
1643,13149,,,,-1.7186017036437988,,1.7186017036437988
1643,13151,,,-2.531231164932251,,2.531231164932251,
1644,13159,,,-2.3962504863739014,,2.3962504863739014,
1645,13167,,,-2.475680112838745,,2.475680112838745,
1646,13175,,,-2.4620518684387207,,2.4620518684387207,
1647,13183,,,-2.487273931503296,,2.487273931503296,
1648,13191,,,-2.542517900466919,,2.542517900466919,
1649,13199,,,,-2.2982895374298096,,2.2982895374298096
1649,13199,,,-2.4223732948303223,,2.4223732948303223,
1650,13207,,,-2.4673619270324707,,2.4673619270324707,
1651,13215,,,-2.4049153327941895,,2.4049153327941895,
1652,13223,,,-2.4585812091827393,,2.4585812091827393,
1653,13231,,,-2.5216426849365234,,2.5216426849365234,
1654,13239,,,-2.590449571609497,,2.590449571609497,
1655,13247,,,-2.5937328338623047,,2.5937328338623047,
1656,13249,,,,-2.9556238651275635,,2.9556238651275635
1656,13255,,,-2.499842882156372,,2.499842882156372,
1657,13263,,,-2.5284769535064697,,2.5284769535064697,
1658,13271,,,-2.4395227432250977,,2.4395227432250977,
1659,13279,,,-2.446716785430908,,2.446716785430908,
1660,13287,,,-2.3978195190429688,,2.3978195190429688,
1661,13295,,,-2.5317327976226807,,2.5317327976226807,
1662,13299,,,,-1.5569117069244385,,1.5569117069244385
1662,13303,,,-2.5343616008758545,,2.5343616008758545,
1663,13311,,,-2.4467661380767822,,2.4467661380767822,
1664,13319,,,-2.425705909729004,,2.425705909729004,
1665,13327,,,-2.433716297149658,,2.433716297149658,
1666,13335,,,-2.49713397026062,,2.49713397026062,
1667,13343,,,-2.420501470565796,,2.420501470565796,
1668,13349,,,,-2.958966016769409,,2.958966016769409
1668,13351,,,-2.4737353324890137,,2.4737353324890137,
1669,13359,,,-2.4368247985839844,,2.4368247985839844,
1670,13367,,,-2.405968427658081,,2.405968427658081,
1671,13375,,,-2.471464157104492,,2.471464157104492,
1672,13383,,,-2.4988417625427246,,2.4988417625427246,
1673,13391,,,-2.4618005752563477,,2.4618005752563477,
1674,13399,,,,-2.712082624435425,,2.712082624435425
1674,13399,,,-2.4938948154449463,,2.4938948154449463,
1675,13407,,,-2.4378044605255127,,2.4378044605255127,
1676,13415,,,-2.4384329319000244,,2.4384329319000244,
1677,13423,,,-2.493837594985962,,2.493837594985962,
1678,13431,,,-2.5017333030700684,,2.5017333030700684,
1679,13439,,,-2.4432637691497803,,2.4432637691497803,
1680,13447,,,-2.4928884506225586,,2.4928884506225586,
1681,13449,,,,-2.6774115562438965,,2.6774115562438965
1681,13455,,,-2.4805338382720947,,2.4805338382720947,
1682,13463,,,-2.446256160736084,,2.446256160736084,
1683,13471,,,-2.468202590942383,,2.468202590942383,
1684,13479,,,-2.393538236618042,,2.393538236618042,
1685,13487,,,-2.5071346759796143,,2.5071346759796143,
1686,13495,,,-2.6571826934814453,,2.6571826934814453,
1687,13499,,,,-2.639956474304199,,2.639956474304199
1687,13503,,,-2.4654126167297363,,2.4654126167297363,
1688,13511,,,-2.457089900970459,,2.457089900970459,
1689,13519,,,-2.4006187915802,,2.4006187915802,
1690,13527,,,-2.4034767150878906,,2.4034767150878906,
1691,13535,,,-2.5111167430877686,,2.5111167430877686,
1692,13543,,,-2.5190377235412598,,2.5190377235412598,
1693,13549,,,,-2.9666781425476074,,2.9666781425476074
1693,13551,,,-2.5196139812469482,,2.5196139812469482,
1694,13559,,,-2.4244489669799805,,2.4244489669799805,
1695,13567,,,-2.4325809478759766,,2.4325809478759766,
1696,13575,,,-2.3900258541107178,,2.3900258541107178,
1697,13583,,,-2.4520063400268555,,2.4520063400268555,
1698,13591,,,-2.485011577606201,,2.485011577606201,
1699,13599,,,,-2.756716251373291,,2.756716251373291
1699,13599,,,-2.465463399887085,,2.465463399887085,
1700,13607,,,-2.5298798084259033,,2.5298798084259033,
1701,13615,,,-2.4390108585357666,,2.4390108585357666,
1702,13623,,,-2.4915695190429688,,2.4915695190429688,
1703,13631,,,-2.4492733478546143,,2.4492733478546143,
1704,13639,,,-2.4918603897094727,,2.4918603897094727,
1705,13647,,,-2.4650866985321045,,2.4650866985321045,
1706,13649,,,,-2.394406318664551,,2.394406318664551
1706,13655,,,-2.4072811603546143,,2.4072811603546143,
1707,13663,,,-2.4209847450256348,,2.4209847450256348,
1708,13671,,,-2.543170690536499,,2.543170690536499,
1709,13679,,,-2.4610648155212402,,2.4610648155212402,
1710,13687,,,-2.3909049034118652,,2.3909049034118652,
1711,13695,,,-2.4491231441497803,,2.4491231441497803,
1712,13699,,,,-2.9792375564575195,,2.9792375564575195
1712,13703,,,-2.482771635055542,,2.482771635055542,
1713,13711,,,-2.4646823406219482,,2.4646823406219482,
1714,13719,,,-2.5469746589660645,,2.5469746589660645,
1715,13727,,,-2.4706270694732666,,2.4706270694732666,
1716,13735,,,-2.594465732574463,,2.594465732574463,
1717,13743,,,-2.4929003715515137,,2.4929003715515137,
1718,13749,,,,-3.00203800201416,,3.00203800201416
1718,13751,,,-2.4568610191345215,,2.4568610191345215,
1719,13759,,,-2.4183244705200195,,2.4183244705200195,
1720,13767,,,-2.411468267440796,,2.411468267440796,
1721,13775,,,-2.49877667427063,,2.49877667427063,
1722,13783,,,-2.4447460174560547,,2.4447460174560547,
1723,13791,,,-2.4704723358154297,,2.4704723358154297,
1724,13799,,,,-2.773996353149414,,2.773996353149414
1724,13799,,,-2.4145989418029785,,2.4145989418029785,
1725,13807,,,-2.515556812286377,,2.515556812286377,
1726,13815,,,-2.5436081886291504,,2.5436081886291504,
1727,13823,,,-2.454519271850586,,2.454519271850586,
1728,13831,,,-2.3917598724365234,,2.3917598724365234,
1729,13839,,,-2.5185511112213135,,2.5185511112213135,
1730,13847,,,-2.405134439468384,,2.405134439468384,
1731,13849,,,,-2.9247446060180664,,2.9247446060180664
1731,13855,,,-2.562833309173584,,2.562833309173584,
1732,13863,,,-2.538717269897461,,2.538717269897461,
1733,13871,,,-2.456878662109375,,2.456878662109375,
1734,13879,,,-2.4417998790740967,,2.4417998790740967,
1735,13887,,,-2.412811517715454,,2.412811517715454,
1736,13895,,,-2.5083553791046143,,2.5083553791046143,
1737,13899,,,,-2.634415626525879,,2.634415626525879
1737,13903,,,-2.5426583290100098,,2.5426583290100098,
1738,13911,,,-2.513606309890747,,2.513606309890747,
1739,13919,,,-2.43877911567688,,2.43877911567688,
1740,13927,,,-2.4805853366851807,,2.4805853366851807,
1741,13935,,,-2.465409278869629,,2.465409278869629,
1742,13943,,,-2.5196964740753174,,2.5196964740753174,
1743,13949,,,,-3.2151784896850586,,3.2151784896850586
1743,13951,,,-2.49084210395813,,2.49084210395813,
1744,13959,,,-2.5887997150421143,,2.5887997150421143,
1745,13967,,,-2.504674196243286,,2.504674196243286,
1746,13975,,,-2.4767391681671143,,2.4767391681671143,
1747,13983,,,-2.506657123565674,,2.506657123565674,
1748,13991,,,-2.4185853004455566,,2.4185853004455566,
1749,13999,,,,-2.692357063293457,,2.692357063293457
1749,13999,,,-2.555629253387451,,2.555629253387451,
1750,14007,,,-2.4643561840057373,,2.4643561840057373,
1751,14015,,,-2.4436755180358887,,2.4436755180358887,
1752,14023,,,-2.438361883163452,,2.438361883163452,
1753,14031,,,-2.4396493434906006,,2.4396493434906006,
1754,14039,,,-2.528765916824341,,2.528765916824341,
1755,14047,,,-2.559262990951538,,2.559262990951538,
1756,14049,,,,-3.213665246963501,,3.213665246963501
1756,14055,,,-2.4238240718841553,,2.4238240718841553,
1757,14063,,,-2.4572694301605225,,2.4572694301605225,
1758,14071,,,-2.4187629222869873,,2.4187629222869873,
1759,14079,,,-2.556835412979126,,2.556835412979126,
1760,14087,,,-2.5922627449035645,,2.5922627449035645,
1761,14095,,,-2.4842960834503174,,2.4842960834503174,
1762,14099,,,,-2.8986287117004395,,2.8986287117004395
1762,14103,,,-2.4019477367401123,,2.4019477367401123,
1763,14111,,,-2.5564663410186768,,2.5564663410186768,
1764,14119,,,-2.43961501121521,,2.43961501121521,
1765,14127,,,-2.5035643577575684,,2.5035643577575684,
1766,14135,,,-2.4047586917877197,,2.4047586917877197,
1767,14143,,,-2.470771312713623,,2.470771312713623,
1768,14149,,,,-2.5163817405700684,,2.5163817405700684
1768,14151,,,-2.5572521686553955,,2.5572521686553955,
1769,14159,,,-2.4368016719818115,,2.4368016719818115,
1770,14167,,,-2.4743969440460205,,2.4743969440460205,
1771,14175,,,-2.470283269882202,,2.470283269882202,
1772,14183,,,-2.5145606994628906,,2.5145606994628906,
1773,14191,,,-2.4049246311187744,,2.4049246311187744,
1774,14199,,,,-2.687087297439575,,2.687087297439575
1774,14199,,,-2.56048846244812,,2.56048846244812,
1775,14207,,,-2.485074758529663,,2.485074758529663,
1776,14215,,,-2.489434003829956,,2.489434003829956,
1777,14223,,,-2.521554708480835,,2.521554708480835,
1778,14231,,,-2.5853490829467773,,2.5853490829467773,
1779,14239,,,-2.5069894790649414,,2.5069894790649414,
1780,14247,,,-2.4727094173431396,,2.4727094173431396,
1781,14249,,,,-1.6560966968536377,,1.6560966968536377
1781,14255,,,-2.5022480487823486,,2.5022480487823486,
1782,14263,,,-2.5023863315582275,,2.5023863315582275,
1783,14271,,,-2.457749366760254,,2.457749366760254,
1784,14279,,,-2.478034019470215,,2.478034019470215,
1785,14287,,,-2.5761971473693848,,2.5761971473693848,
1786,14295,,,-2.473224639892578,,2.473224639892578,
1787,14299,,,,-2.8703651428222656,,2.8703651428222656
1787,14303,,,-2.4960384368896484,,2.4960384368896484,
1788,14311,,,-2.4660768508911133,,2.4660768508911133,
1789,14319,,,-2.5180723667144775,,2.5180723667144775,
1790,14327,,,-2.4388411045074463,,2.4388411045074463,
1791,14335,,,-2.469982147216797,,2.469982147216797,
1792,14343,,,-2.4223291873931885,,2.4223291873931885,
1793,14349,,,,-2.701655387878418,,2.701655387878418
1793,14351,,,-2.5126678943634033,,2.5126678943634033,
1794,14359,,,-2.4340310096740723,,2.4340310096740723,
1795,14367,,,-2.4775304794311523,,2.4775304794311523,
1796,14375,,,-2.503066062927246,,2.503066062927246,
1797,14383,,,-2.53535795211792,,2.53535795211792,
1798,14391,,,-2.5366241931915283,,2.5366241931915283,
1799,14399,,,,-2.342515468597412,,2.342515468597412
1799,14399,,,-2.438478946685791,,2.438478946685791,
1800,14407,,,-2.4906904697418213,,2.4906904697418213,
1801,14415,,,-2.52425479888916,,2.52425479888916,
1802,14423,,,-2.528273820877075,,2.528273820877075,
1803,14431,,,-2.462289571762085,,2.462289571762085,
1804,14439,,,-2.501519203186035,,2.501519203186035,
1805,14447,,,-2.52294659614563,,2.52294659614563,
1806,14449,,,,-2.5694472789764404,,2.5694472789764404
1806,14455,,,-2.533123016357422,,2.533123016357422,
1807,14463,,,-2.530458688735962,,2.530458688735962,
1808,14471,,,-2.5859780311584473,,2.5859780311584473,
1809,14479,,,-2.5147109031677246,,2.5147109031677246,
1810,14487,,,-2.5010690689086914,,2.5010690689086914,
1811,14495,,,-2.5550801753997803,,2.5550801753997803,
1812,14499,,,,-3.097346544265747,,3.097346544265747
1812,14503,,,-2.5162181854248047,,2.5162181854248047,
1813,14511,,,-2.5293664932250977,,2.5293664932250977,
1814,14519,,,-2.5026755332946777,,2.5026755332946777,
1815,14527,,,-2.5617847442626953,,2.5617847442626953,
1816,14535,,,-2.4551241397857666,,2.4551241397857666,
1817,14543,,,-2.5054075717926025,,2.5054075717926025,
1818,14549,,,,-2.885484218597412,,2.885484218597412
1818,14551,,,-2.518728494644165,,2.518728494644165,
1819,14559,,,-2.5290324687957764,,2.5290324687957764,
1820,14567,,,-2.500560760498047,,2.500560760498047,
1821,14575,,,-2.4248037338256836,,2.4248037338256836,
1822,14583,,,-2.5115530490875244,,2.5115530490875244,
1823,14591,,,-2.607907772064209,,2.607907772064209,
1824,14599,,,,-3.248673439025879,,3.248673439025879
1824,14599,,,-2.5506703853607178,,2.5506703853607178,
1825,14607,,,-2.5066075325012207,,2.5066075325012207,
1826,14615,,,-2.5817902088165283,,2.5817902088165283,
1827,14623,,,-2.505600690841675,,2.505600690841675,
1828,14631,,,-2.4876902103424072,,2.4876902103424072,
1829,14639,,,-2.5843629837036133,,2.5843629837036133,
1830,14647,,,-2.5987637042999268,,2.5987637042999268,
1831,14649,,,,-2.5068631172180176,,2.5068631172180176
1831,14655,,,-2.515150308609009,,2.515150308609009,
1832,14663,,,-2.485701560974121,,2.485701560974121,
1833,14671,,,-2.4876549243927,,2.4876549243927,
1834,14679,,,-2.4580540657043457,,2.4580540657043457,
1835,14687,,,-2.5071253776550293,,2.5071253776550293,
1836,14695,,,-2.4834811687469482,,2.4834811687469482,
1837,14699,,,,-2.7039880752563477,,2.7039880752563477
1837,14703,,,-2.4922738075256348,,2.4922738075256348,
1838,14711,,,-2.4663774967193604,,2.4663774967193604,
1839,14719,,,-2.4285991191864014,,2.4285991191864014,
1840,14727,,,-2.546445608139038,,2.546445608139038,
1841,14735,,,-2.4509682655334473,,2.4509682655334473,
1842,14743,,,-2.586216449737549,,2.586216449737549,
1843,14749,,,,-2.953066825866699,,2.953066825866699
1843,14751,,,-2.4730348587036133,,2.4730348587036133,
1844,14759,,,-2.4411933422088623,,2.4411933422088623,
1845,14767,,,-2.474222183227539,,2.474222183227539,
1846,14775,,,-2.4770524501800537,,2.4770524501800537,
1847,14783,,,-2.557859420776367,,2.557859420776367,
1848,14791,,,-2.5222599506378174,,2.5222599506378174,
1849,14799,,,,-2.7794747352600098,,2.7794747352600098
1849,14799,,,-2.580096483230591,,2.580096483230591,
1850,14807,,,-2.5019428730010986,,2.5019428730010986,
1851,14815,,,-2.508690118789673,,2.508690118789673,
1852,14823,,,-2.5686893463134766,,2.5686893463134766,
1853,14831,,,-2.581900119781494,,2.581900119781494,
1854,14839,,,-2.502257823944092,,2.502257823944092,
1855,14847,,,-2.478224277496338,,2.478224277496338,
1856,14849,,,,-3.0638034343719482,,3.0638034343719482
1856,14855,,,-2.5215747356414795,,2.5215747356414795,
1857,14863,,,-2.5383684635162354,,2.5383684635162354,
1858,14871,,,-2.4371583461761475,,2.4371583461761475,
1859,14879,,,-2.496448040008545,,2.496448040008545,
1860,14887,,,-2.4530344009399414,,2.4530344009399414,
1861,14895,,,-2.4810123443603516,,2.4810123443603516,
1862,14899,,,,-2.958735227584839,,2.958735227584839
1862,14903,,,-2.5705575942993164,,2.5705575942993164,
1863,14911,,,-2.542530059814453,,2.542530059814453,
1864,14919,,,-2.5446832180023193,,2.5446832180023193,
1865,14927,,,-2.4698190689086914,,2.4698190689086914,
1866,14935,,,-2.5065295696258545,,2.5065295696258545,
1867,14943,,,-2.456488847732544,,2.456488847732544,
1868,14949,,,,-2.8536016941070557,,2.8536016941070557
1868,14951,,,-2.4790210723876953,,2.4790210723876953,
1869,14959,,,-2.489776611328125,,2.489776611328125,
1870,14967,,,-2.512531280517578,,2.512531280517578,
1871,14975,,,-2.554241180419922,,2.554241180419922,
1872,14983,,,-2.5566534996032715,,2.5566534996032715,
1873,14991,,,-2.5063188076019287,,2.5063188076019287,
1874,14999,,,,-2.1103878021240234,,2.1103878021240234
1874,14999,,,-2.578056573867798,,2.578056573867798,
1875,15007,,,-2.521902561187744,,2.521902561187744,
1876,15015,,,-2.520603895187378,,2.520603895187378,
1877,15023,,,-2.546224594116211,,2.546224594116211,
1878,15031,,,-2.512882709503174,,2.512882709503174,
1879,15039,,,-2.518538475036621,,2.518538475036621,
1880,15047,,,-2.522538661956787,,2.522538661956787,
1881,15049,,,,-2.687767744064331,,2.687767744064331
1881,15055,,,-2.5187485218048096,,2.5187485218048096,
1882,15063,,,-2.483225107192993,,2.483225107192993,
1883,15071,,,-2.510465145111084,,2.510465145111084,
1884,15079,,,-2.4904587268829346,,2.4904587268829346,
1885,15087,,,-2.5209333896636963,,2.5209333896636963,
1886,15095,,,-2.5661847591400146,,2.5661847591400146,
1887,15099,,,,-1.5079660415649414,,1.5079660415649414
1887,15103,,,-2.62088680267334,,2.62088680267334,
1888,15111,,,-2.5202383995056152,,2.5202383995056152,
1889,15119,,,-2.5560293197631836,,2.5560293197631836,
1890,15127,,,-2.580472469329834,,2.580472469329834,
1891,15135,,,-2.5255086421966553,,2.5255086421966553,
1892,15143,,,-2.5586440563201904,,2.5586440563201904,
1893,15149,,,,-2.657773494720459,,2.657773494720459
1893,15151,,,-2.5702691078186035,,2.5702691078186035,
1894,15159,,,-2.5656468868255615,,2.5656468868255615,
1895,15167,,,-2.6115026473999023,,2.6115026473999023,
1896,15175,,,-2.492830514907837,,2.492830514907837,
1897,15183,,,-2.482163190841675,,2.482163190841675,
1898,15191,,,-2.586818218231201,,2.586818218231201,
1899,15199,,,,-3.058292865753174,,3.058292865753174
1899,15199,,,-2.5176284313201904,,2.5176284313201904,
1900,15207,,,-2.4448068141937256,,2.4448068141937256,
1901,15215,,,-2.6085710525512695,,2.6085710525512695,
1902,15223,,,-2.4659409523010254,,2.4659409523010254,
1903,15231,,,-2.621199131011963,,2.621199131011963,
1904,15239,,,-2.4524805545806885,,2.4524805545806885,
1905,15247,,,-2.612095355987549,,2.612095355987549,
1906,15249,,,,-3.121962785720825,,3.121962785720825
1906,15255,,,-2.5253636837005615,,2.5253636837005615,
1907,15263,,,-2.5035102367401123,,2.5035102367401123,
1908,15271,,,-2.4786911010742188,,2.4786911010742188,
1909,15279,,,-2.5713727474212646,,2.5713727474212646,
1910,15287,,,-2.526547431945801,,2.526547431945801,
1911,15295,,,-2.5869593620300293,,2.5869593620300293,
1912,15299,,,,-3.2801709175109863,,3.2801709175109863
1912,15303,,,-2.5497329235076904,,2.5497329235076904,
1913,15311,,,-2.481780767440796,,2.481780767440796,
1914,15319,,,-2.551037073135376,,2.551037073135376,
1915,15327,,,-2.5164616107940674,,2.5164616107940674,
1916,15335,,,-2.4650752544403076,,2.4650752544403076,
1917,15343,,,-2.5535128116607666,,2.5535128116607666,
1918,15349,,,,-2.743100166320801,,2.743100166320801
1918,15351,,,-2.497957706451416,,2.497957706451416,
1919,15359,,,-2.633443832397461,,2.633443832397461,
1920,15367,,,-2.468637228012085,,2.468637228012085,
1921,15375,,,-2.473673105239868,,2.473673105239868,
1922,15383,,,-2.5602896213531494,,2.5602896213531494,
1923,15391,,,-2.6058177947998047,,2.6058177947998047,
1924,15399,,,,-2.7665603160858154,,2.7665603160858154
1924,15399,,,-2.5515377521514893,,2.5515377521514893,
1925,15407,,,-2.528611660003662,,2.528611660003662,
1926,15415,,,-2.5898005962371826,,2.5898005962371826,
1927,15423,,,-2.4942989349365234,,2.4942989349365234,
1928,15431,,,-2.5634989738464355,,2.5634989738464355,
1929,15439,,,-2.643444538116455,,2.643444538116455,
1930,15447,,,-2.615912914276123,,2.615912914276123,
1931,15449,,,,-3.220313549041748,,3.220313549041748
1931,15455,,,-2.509424924850464,,2.509424924850464,
1932,15463,,,-2.4900944232940674,,2.4900944232940674,
1933,15471,,,-2.4949405193328857,,2.4949405193328857,
1934,15479,,,-2.592996835708618,,2.592996835708618,
1935,15487,,,-2.557393789291382,,2.557393789291382,
1936,15495,,,-2.5586600303649902,,2.5586600303649902,
1937,15499,,,,-2.4997663497924805,,2.4997663497924805
1937,15503,,,-2.586977243423462,,2.586977243423462,
1938,15511,,,-2.519948720932007,,2.519948720932007,
1939,15519,,,-2.4643685817718506,,2.4643685817718506,
1940,15527,,,-2.5828170776367188,,2.5828170776367188,
1941,15535,,,-2.6182029247283936,,2.6182029247283936,
1942,15543,,,-2.494481086730957,,2.494481086730957,
1943,15549,,,,-2.896817207336426,,2.896817207336426
1943,15551,,,-2.4802088737487793,,2.4802088737487793,
1944,15559,,,-2.520456552505493,,2.520456552505493,
1945,15567,,,-2.448862075805664,,2.448862075805664,
1946,15575,,,-2.4550342559814453,,2.4550342559814453,
1947,15583,,,-2.6133618354797363,,2.6133618354797363,
1948,15591,,,-2.5982704162597656,,2.5982704162597656,
1949,15599,,,,-2.233121871948242,,2.233121871948242
1949,15599,,,-2.553521156311035,,2.553521156311035,
1950,15607,,,-2.5592708587646484,,2.5592708587646484,
1951,15615,,,-2.6225407123565674,,2.6225407123565674,
1952,15623,,,-2.470759868621826,,2.470759868621826,
1953,15631,,,-2.596853256225586,,2.596853256225586,
1954,15639,,,-2.5839293003082275,,2.5839293003082275,
1955,15647,,,-2.4871346950531006,,2.4871346950531006,
1956,15649,,,,-1.8303093910217285,,1.8303093910217285
1956,15655,,,-2.492488145828247,,2.492488145828247,
1957,15663,,,-2.5665361881256104,,2.5665361881256104,
1958,15671,,,-2.5929312705993652,,2.5929312705993652,
1959,15679,,,-2.4831619262695312,,2.4831619262695312,
1960,15687,,,-2.4875829219818115,,2.4875829219818115,
1961,15695,,,-2.5551180839538574,,2.5551180839538574,
1962,15699,,,,-2.734969139099121,,2.734969139099121
1962,15703,,,-2.516184091567993,,2.516184091567993,
1963,15711,,,-2.5863864421844482,,2.5863864421844482,
1964,15719,,,-2.4935812950134277,,2.4935812950134277,
1965,15727,,,-2.558220624923706,,2.558220624923706,
1966,15735,,,-2.590926170349121,,2.590926170349121,
1967,15743,,,-2.569246530532837,,2.569246530532837,
1968,15749,,,,-2.6278436183929443,,2.6278436183929443
1968,15751,,,-2.506608009338379,,2.506608009338379,
1969,15759,,,-2.563495635986328,,2.563495635986328,
1970,15767,,,-2.5051767826080322,,2.5051767826080322,
1971,15775,,,-2.4902029037475586,,2.4902029037475586,
1972,15783,,,-2.5528767108917236,,2.5528767108917236,
1973,15791,,,-2.5497989654541016,,2.5497989654541016,
1974,15799,,,,-3.0082082748413086,,3.0082082748413086
1974,15799,,,-2.56527042388916,,2.56527042388916,
1975,15807,,,-2.611353874206543,,2.611353874206543,
1976,15815,,,-2.594107151031494,,2.594107151031494,
1977,15823,,,-2.5213422775268555,,2.5213422775268555,
1978,15831,,,-2.553398847579956,,2.553398847579956,
1979,15839,,,-2.545275926589966,,2.545275926589966,
1980,15847,,,-2.5309813022613525,,2.5309813022613525,
1981,15849,,,,-2.7027602195739746,,2.7027602195739746
1981,15855,,,-2.504767894744873,,2.504767894744873,
1982,15863,,,-2.643756151199341,,2.643756151199341,
1983,15871,,,-2.6136388778686523,,2.6136388778686523,
1984,15879,,,-2.5154807567596436,,2.5154807567596436,
1985,15887,,,-2.484898328781128,,2.484898328781128,
1986,15895,,,-2.5985476970672607,,2.5985476970672607,
1987,15899,,,,-1.777071475982666,,1.777071475982666
1987,15903,,,-2.5425045490264893,,2.5425045490264893,
1988,15911,,,-2.556339979171753,,2.556339979171753,
1989,15919,,,-2.554006814956665,,2.554006814956665,
1990,15927,,,-2.574738025665283,,2.574738025665283,
1991,15935,,,-2.6292645931243896,,2.6292645931243896,
1992,15943,,,-2.736616849899292,,2.736616849899292,
1993,15949,,,,-2.713289737701416,,2.713289737701416
1993,15951,,,-2.481410503387451,,2.481410503387451,
1994,15959,,,-2.5030176639556885,,2.5030176639556885,
1995,15967,,,-2.5418179035186768,,2.5418179035186768,
1996,15975,,,-2.563663959503174,,2.563663959503174,
1997,15983,,,-2.565934896469116,,2.565934896469116,
1998,15991,,,-2.4909002780914307,,2.4909002780914307,
1999,15999,,,,-2.6985182762145996,,2.6985182762145996
1999,15999,,,-2.559126853942871,,2.559126853942871,
2000,16000,-2.47983980178833,2.47983980178833,,,,
