epoch,step,test_loss,test_renyi_lb,train_loss_epoch,train_loss_step,train_renyi_lb_epoch,train_renyi_lb_step
0,9,,,,-0.04154014587402344,,0.04154014587402344
0,9,,,-0.006690169218927622,,0.006690169218927622,
1,19,,,,-0.0977487564086914,,0.0977487564086914
1,19,,,-0.07447753101587296,,0.07447753101587296,
2,29,,,,-0.14513230323791504,,0.14513230323791504
2,29,,,-0.12310285121202469,,0.12310285121202469,
3,39,,,,-0.18680763244628906,,0.18680763244628906
3,39,,,-0.16754621267318726,,0.16754621267318726,
4,49,,,,-0.23701143264770508,,0.23701143264770508
4,49,,,-0.2143310159444809,,0.2143310159444809,
5,59,,,,-0.28586816787719727,,0.28586816787719727
5,59,,,-0.2634390890598297,,0.2634390890598297,
6,69,,,,-0.329617977142334,,0.329617977142334
6,69,,,-0.3108876645565033,,0.3108876645565033,
7,79,,,,-0.38181257247924805,,0.38181257247924805
7,79,,,-0.3588561415672302,,0.3588561415672302,
8,89,,,,-0.4333651065826416,,0.4333651065826416
8,89,,,-0.40771809220314026,,0.40771809220314026,
9,99,,,,-0.4839897155761719,,0.4839897155761719
9,99,,,-0.4569970369338989,,0.4569970369338989,
10,109,,,,-0.5260920524597168,,0.5260920524597168
10,109,,,-0.5067746043205261,,0.5067746043205261,
11,119,,,,-0.5828003883361816,,0.5828003883361816
11,119,,,-0.5580296516418457,,0.5580296516418457,
12,129,,,,-0.6304504871368408,,0.6304504871368408
12,129,,,-0.6084244251251221,,0.6084244251251221,
13,139,,,,-0.681938648223877,,0.681938648223877
13,139,,,-0.6602319478988647,,0.6602319478988647,
14,149,,,,-0.7329809665679932,,0.7329809665679932
14,149,,,-0.7121599316596985,,0.7121599316596985,
15,159,,,,-0.7884964942932129,,0.7884964942932129
15,159,,,-0.7653762698173523,,0.7653762698173523,
16,169,,,,-0.8602914810180664,,0.8602914810180664
16,169,,,-0.8187095522880554,,0.8187095522880554,
17,179,,,,-0.8981571197509766,,0.8981571197509766
17,179,,,-0.8724073171615601,,0.8724073171615601,
18,189,,,,-0.9570891857147217,,0.9570891857147217
18,189,,,-0.9264675974845886,,0.9264675974845886,
19,199,,,,-1.0077991485595703,,1.0077991485595703
19,199,,,-0.9825133085250854,,0.9825133085250854,
20,209,,,,-1.0671749114990234,,1.0671749114990234
20,209,,,-1.0375630855560303,,1.0375630855560303,
21,219,,,,-1.1211035251617432,,1.1211035251617432
21,219,,,-1.094505786895752,,1.094505786895752,
22,229,,,,-1.1691126823425293,,1.1691126823425293
22,229,,,-1.1505210399627686,,1.1505210399627686,
23,239,,,,-1.235365629196167,,1.235365629196167
23,239,,,-1.2090890407562256,,1.2090890407562256,
24,249,,,,-1.2793142795562744,,1.2793142795562744
24,249,,,-1.2651500701904297,,1.2651500701904297,
25,259,,,,-1.3640546798706055,,1.3640546798706055
25,259,,,-1.323868751525879,,1.323868751525879,
26,269,,,,-1.40757417678833,,1.40757417678833
26,269,,,-1.3822861909866333,,1.3822861909866333,
27,279,,,,-1.4910938739776611,,1.4910938739776611
27,279,,,-1.4415117502212524,,1.4415117502212524,
28,289,,,,-1.5047831535339355,,1.5047831535339355
28,289,,,-1.4987741708755493,,1.4987741708755493,
29,299,,,,-1.6078274250030518,,1.6078274250030518
29,299,,,-1.5608209371566772,,1.5608209371566772,
30,309,,,,-1.5793824195861816,,1.5793824195861816
30,309,,,-1.6163206100463867,,1.6163206100463867,
31,319,,,,-1.7420191764831543,,1.7420191764831543
31,319,,,-1.6787679195404053,,1.6787679195404053,
32,329,,,,-1.810333251953125,,1.810333251953125
32,329,,,-1.7361074686050415,,1.7361074686050415,
33,339,,,,-1.789536952972412,,1.789536952972412
33,339,,,-1.793557047843933,,1.793557047843933,
34,349,,,,-1.847048282623291,,1.847048282623291
34,349,,,-1.8523410558700562,,1.8523410558700562,
35,359,,,,-1.9580764770507812,,1.9580764770507812
35,359,,,-1.9103895425796509,,1.9103895425796509,
36,369,,,,-2.0158896446228027,,2.0158896446228027
36,369,,,-1.9675185680389404,,1.9675185680389404,
37,379,,,,-2.0901870727539062,,2.0901870727539062
37,379,,,-2.021853446960449,,2.021853446960449,
38,389,,,,-2.167428970336914,,2.167428970336914
38,389,,,-2.0777018070220947,,2.0777018070220947,
39,399,,,,-2.2581562995910645,,2.2581562995910645
39,399,,,-2.133763313293457,,2.133763313293457,
40,409,,,,-2.310281276702881,,2.310281276702881
40,409,,,-2.191847562789917,,2.191847562789917,
41,419,,,,-2.2837600708007812,,2.2837600708007812
41,419,,,-2.238029718399048,,2.238029718399048,
42,429,,,,-2.384951591491699,,2.384951591491699
42,429,,,-2.2785232067108154,,2.2785232067108154,
43,439,,,,-2.2936482429504395,,2.2936482429504395
43,439,,,-2.341536521911621,,2.341536521911621,
44,449,,,,-2.4375829696655273,,2.4375829696655273
44,449,,,-2.3871147632598877,,2.3871147632598877,
45,459,,,,-2.428500175476074,,2.428500175476074
45,459,,,-2.42433762550354,,2.42433762550354,
46,469,,,,-2.591261863708496,,2.591261863708496
46,469,,,-2.483571767807007,,2.483571767807007,
47,479,,,,-2.5733442306518555,,2.5733442306518555
47,479,,,-2.519838809967041,,2.519838809967041,
48,489,,,,-2.7287559509277344,,2.7287559509277344
48,489,,,-2.5608911514282227,,2.5608911514282227,
49,499,,,,-2.3417577743530273,,2.3417577743530273
49,499,,,-2.587390899658203,,2.587390899658203,
50,509,,,,-2.8138608932495117,,2.8138608932495117
50,509,,,-2.628139019012451,,2.628139019012451,
51,519,,,,-2.946577548980713,,2.946577548980713
51,519,,,-2.6708710193634033,,2.6708710193634033,
52,529,,,,-2.814298629760742,,2.814298629760742
52,529,,,-2.703671455383301,,2.703671455383301,
53,539,,,,-2.9347352981567383,,2.9347352981567383
53,539,,,-2.739055633544922,,2.739055633544922,
54,549,,,,-2.458413600921631,,2.458413600921631
54,549,,,-2.778278112411499,,2.778278112411499,
55,559,,,,-2.592681884765625,,2.592681884765625
55,559,,,-2.823967218399048,,2.823967218399048,
56,569,,,,-3.1046228408813477,,3.1046228408813477
56,569,,,-2.8833775520324707,,2.8833775520324707,
57,579,,,,-3.227597236633301,,3.227597236633301
57,579,,,-2.908226490020752,,2.908226490020752,
58,589,,,,-2.979391098022461,,2.979391098022461
58,589,,,-2.9178881645202637,,2.9178881645202637,
59,599,,,,-2.828368663787842,,2.828368663787842
59,599,,,-2.9541759490966797,,2.9541759490966797,
60,609,,,,-2.9763097763061523,,2.9763097763061523
60,609,,,-2.978590250015259,,2.978590250015259,
61,619,,,,-3.199216842651367,,3.199216842651367
61,619,,,-3.023041009902954,,3.023041009902954,
62,629,,,,-2.93011474609375,,2.93011474609375
62,629,,,-3.0229837894439697,,3.0229837894439697,
63,639,,,,-3.164085865020752,,3.164085865020752
63,639,,,-3.071474313735962,,3.071474313735962,
64,649,,,,-3.4901046752929688,,3.4901046752929688
64,649,,,-3.071613073348999,,3.071613073348999,
65,659,,,,-2.8925275802612305,,2.8925275802612305
65,659,,,-3.095513343811035,,3.095513343811035,
66,669,,,,-3.783229351043701,,3.783229351043701
66,669,,,-3.141533851623535,,3.141533851623535,
67,679,,,,-3.822355270385742,,3.822355270385742
67,679,,,-3.224898338317871,,3.224898338317871,
68,689,,,,-3.7764482498168945,,3.7764482498168945
68,689,,,-3.2076094150543213,,3.2076094150543213,
69,699,,,,-3.5678229331970215,,3.5678229331970215
69,699,,,-3.2009665966033936,,3.2009665966033936,
70,709,,,,-3.1362929344177246,,3.1362929344177246
70,709,,,-3.259782552719116,,3.259782552719116,
71,719,,,,-3.2498650550842285,,3.2498650550842285
71,719,,,-3.290144443511963,,3.290144443511963,
72,729,,,,-2.6266117095947266,,2.6266117095947266
72,729,,,-3.357478141784668,,3.357478141784668,
73,739,,,,-3.537538528442383,,3.537538528442383
73,739,,,-3.429776191711426,,3.429776191711426,
74,749,,,,-3.4652857780456543,,3.4652857780456543
74,749,,,-3.315518856048584,,3.315518856048584,
75,759,,,,-2.5636544227600098,,2.5636544227600098
75,759,,,-3.397937774658203,,3.397937774658203,
76,769,,,,-3.8434572219848633,,3.8434572219848633
76,769,,,-3.4520459175109863,,3.4520459175109863,
77,779,,,,-3.5851335525512695,,3.5851335525512695
77,779,,,-3.401134729385376,,3.401134729385376,
78,789,,,,-3.9089112281799316,,3.9089112281799316
78,789,,,-3.5004446506500244,,3.5004446506500244,
79,799,,,,-3.726623058319092,,3.726623058319092
79,799,,,-3.4567084312438965,,3.4567084312438965,
80,809,,,,-3.0704898834228516,,3.0704898834228516
80,809,,,-3.424440383911133,,3.424440383911133,
81,819,,,,-3.9661054611206055,,3.9661054611206055
81,819,,,-3.573960065841675,,3.573960065841675,
82,829,,,,-3.3073835372924805,,3.3073835372924805
82,829,,,-3.4737930297851562,,3.4737930297851562,
83,839,,,,-3.8057289123535156,,3.8057289123535156
83,839,,,-3.646183490753174,,3.646183490753174,
84,849,,,,-3.6609725952148438,,3.6609725952148438
84,849,,,-3.5855462551116943,,3.5855462551116943,
85,859,,,,-3.3835816383361816,,3.3835816383361816
85,859,,,-3.580420732498169,,3.580420732498169,
86,869,,,,-3.5883989334106445,,3.5883989334106445
86,869,,,-3.649406671524048,,3.649406671524048,
87,879,,,,-4.6371660232543945,,4.6371660232543945
87,879,,,-3.667819023132324,,3.667819023132324,
88,889,,,,-3.3576717376708984,,3.3576717376708984
88,889,,,-3.8157052993774414,,3.8157052993774414,
89,899,,,,-3.4862632751464844,,3.4862632751464844
89,899,,,-3.674297571182251,,3.674297571182251,
90,909,,,,-4.864933013916016,,4.864933013916016
90,909,,,-3.7672057151794434,,3.7672057151794434,
91,919,,,,-4.068193435668945,,4.068193435668945
91,919,,,-3.773838996887207,,3.773838996887207,
92,929,,,,-4.684159278869629,,4.684159278869629
92,929,,,-3.7913131713867188,,3.7913131713867188,
93,939,,,,-4.796579360961914,,4.796579360961914
93,939,,,-3.8431739807128906,,3.8431739807128906,
94,949,,,,-4.782079696655273,,4.782079696655273
94,949,,,-3.831219434738159,,3.831219434738159,
95,959,,,,-3.0998120307922363,,3.0998120307922363
95,959,,,-3.9403867721557617,,3.9403867721557617,
96,969,,,,-3.603886604309082,,3.603886604309082
96,969,,,-3.9125640392303467,,3.9125640392303467,
97,979,,,,-3.4247870445251465,,3.4247870445251465
97,979,,,-3.851644277572632,,3.851644277572632,
98,989,,,,-3.6592578887939453,,3.6592578887939453
98,989,,,-3.9323394298553467,,3.9323394298553467,
99,999,,,,-4.658478736877441,,4.658478736877441
99,999,,,-4.042235851287842,,4.042235851287842,
100,1009,,,,-5.0131144523620605,,5.0131144523620605
100,1009,,,-4.067112445831299,,4.067112445831299,
101,1019,,,,-3.687274932861328,,3.687274932861328
101,1019,,,-3.971313953399658,,3.971313953399658,
102,1029,,,,-4.1133623123168945,,4.1133623123168945
102,1029,,,-3.9834604263305664,,3.9834604263305664,
103,1039,,,,-4.099453926086426,,4.099453926086426
103,1039,,,-4.04791784286499,,4.04791784286499,
104,1049,,,,-4.299564361572266,,4.299564361572266
104,1049,,,-4.080361843109131,,4.080361843109131,
105,1059,,,,-3.037886619567871,,3.037886619567871
105,1059,,,-4.084914684295654,,4.084914684295654,
106,1069,,,,-4.019822120666504,,4.019822120666504
106,1069,,,-3.9927496910095215,,3.9927496910095215,
107,1079,,,,-3.798922061920166,,3.798922061920166
107,1079,,,-4.096017360687256,,4.096017360687256,
108,1089,,,,-4.533193588256836,,4.533193588256836
108,1089,,,-4.212813377380371,,4.212813377380371,
109,1099,,,,-4.168578624725342,,4.168578624725342
109,1099,,,-4.297939300537109,,4.297939300537109,
110,1109,,,,-5.098712921142578,,5.098712921142578
110,1109,,,-4.319256782531738,,4.319256782531738,
111,1119,,,,-5.036024570465088,,5.036024570465088
111,1119,,,-4.312121391296387,,4.312121391296387,
112,1129,,,,-4.704190254211426,,4.704190254211426
112,1129,,,-4.309562683105469,,4.309562683105469,
113,1139,,,,-3.057985305786133,,3.057985305786133
113,1139,,,-4.410677909851074,,4.410677909851074,
114,1149,,,,-4.726108551025391,,4.726108551025391
114,1149,,,-4.430022716522217,,4.430022716522217,
115,1159,,,,-3.1770992279052734,,3.1770992279052734
115,1159,,,-4.391737461090088,,4.391737461090088,
116,1169,,,,-5.292829513549805,,5.292829513549805
116,1169,,,-4.323704242706299,,4.323704242706299,
117,1179,,,,-5.087693214416504,,5.087693214416504
117,1179,,,-4.435094833374023,,4.435094833374023,
118,1189,,,,-4.380311965942383,,4.380311965942383
118,1189,,,-4.459839820861816,,4.459839820861816,
119,1199,,,,-3.806748390197754,,3.806748390197754
119,1199,,,-4.541111469268799,,4.541111469268799,
120,1209,,,,-4.796982765197754,,4.796982765197754
120,1209,,,-4.6852617263793945,,4.6852617263793945,
121,1219,,,,-4.71574068069458,,4.71574068069458
121,1219,,,-4.553490161895752,,4.553490161895752,
122,1229,,,,-4.26894998550415,,4.26894998550415
122,1229,,,-4.5100507736206055,,4.5100507736206055,
123,1239,,,,-5.8613786697387695,,5.8613786697387695
123,1239,,,-4.897180080413818,,4.897180080413818,
124,1249,,,,-3.342336654663086,,3.342336654663086
124,1249,,,-4.615779876708984,,4.615779876708984,
125,1259,,,,-5.024462699890137,,5.024462699890137
125,1259,,,-4.7098388671875,,4.7098388671875,
126,1269,,,,-4.352334499359131,,4.352334499359131
126,1269,,,-4.6759748458862305,,4.6759748458862305,
127,1279,,,,-4.080327033996582,,4.080327033996582
127,1279,,,-4.621750831604004,,4.621750831604004,
128,1289,,,,-5.690881729125977,,5.690881729125977
128,1289,,,-4.946913719177246,,4.946913719177246,
129,1299,,,,-4.480491638183594,,4.480491638183594
129,1299,,,-4.7545270919799805,,4.7545270919799805,
130,1309,,,,-4.637044906616211,,4.637044906616211
130,1309,,,-4.897212028503418,,4.897212028503418,
131,1319,,,,-5.267472267150879,,5.267472267150879
131,1319,,,-4.8582844734191895,,4.8582844734191895,
132,1329,,,,-5.206426620483398,,5.206426620483398
132,1329,,,-4.929476261138916,,4.929476261138916,
133,1339,,,,-5.271267890930176,,5.271267890930176
133,1339,,,-5.217628002166748,,5.217628002166748,
134,1349,,,,-4.3677520751953125,,4.3677520751953125
134,1349,,,-4.923990726470947,,4.923990726470947,
135,1359,,,,-5.043670177459717,,5.043670177459717
135,1359,,,-5.11086368560791,,5.11086368560791,
136,1369,,,,-4.389939308166504,,4.389939308166504
136,1369,,,-5.165792942047119,,5.165792942047119,
137,1379,,,,-6.393415451049805,,6.393415451049805
137,1379,,,-5.034173965454102,,5.034173965454102,
138,1389,,,,-4.896889686584473,,4.896889686584473
138,1389,,,-5.220374584197998,,5.220374584197998,
139,1399,,,,-6.181557655334473,,6.181557655334473
139,1399,,,-5.1686201095581055,,5.1686201095581055,
140,1409,,,,-5.54296350479126,,5.54296350479126
140,1409,,,-5.137576580047607,,5.137576580047607,
141,1419,,,,-6.115787506103516,,6.115787506103516
141,1419,,,-5.257911682128906,,5.257911682128906,
142,1429,,,,-4.1862311363220215,,4.1862311363220215
142,1429,,,-5.15205192565918,,5.15205192565918,
143,1439,,,,-4.691431045532227,,4.691431045532227
143,1439,,,-5.279504299163818,,5.279504299163818,
144,1449,,,,-6.322693347930908,,6.322693347930908
144,1449,,,-5.470727920532227,,5.470727920532227,
145,1459,,,,-4.738314151763916,,4.738314151763916
145,1459,,,-5.593744277954102,,5.593744277954102,
146,1469,,,,-7.579345703125,,7.579345703125
146,1469,,,-5.383754253387451,,5.383754253387451,
147,1479,,,,-6.616867542266846,,6.616867542266846
147,1479,,,-5.595062732696533,,5.595062732696533,
148,1489,,,,-5.159499168395996,,5.159499168395996
148,1489,,,-5.444283962249756,,5.444283962249756,
149,1499,,,,-4.703622817993164,,4.703622817993164
149,1499,,,-5.71938419342041,,5.71938419342041,
150,1509,,,,-5.7705254554748535,,5.7705254554748535
150,1509,,,-5.725496292114258,,5.725496292114258,
151,1519,,,,-4.559388160705566,,4.559388160705566
151,1519,,,-5.475653171539307,,5.475653171539307,
152,1529,,,,-6.226845741271973,,6.226845741271973
152,1529,,,-5.779933929443359,,5.779933929443359,
153,1539,,,,-5.337111473083496,,5.337111473083496
153,1539,,,-5.606383323669434,,5.606383323669434,
154,1549,,,,-6.314725875854492,,6.314725875854492
154,1549,,,-5.7985405921936035,,5.7985405921936035,
155,1559,,,,-5.032706260681152,,5.032706260681152
155,1559,,,-5.757471084594727,,5.757471084594727,
156,1569,,,,-6.179996490478516,,6.179996490478516
156,1569,,,-6.019686222076416,,6.019686222076416,
157,1579,,,,-4.859729766845703,,4.859729766845703
157,1579,,,-5.8486151695251465,,5.8486151695251465,
158,1589,,,,-6.131850242614746,,6.131850242614746
158,1589,,,-5.923928737640381,,5.923928737640381,
159,1599,,,,-7.965104579925537,,7.965104579925537
159,1599,,,-5.833955764770508,,5.833955764770508,
160,1609,,,,-7.965582370758057,,7.965582370758057
160,1609,,,-6.20115852355957,,6.20115852355957,
161,1619,,,,-5.560157775878906,,5.560157775878906
161,1619,,,-5.916184902191162,,5.916184902191162,
162,1629,,,,-6.843205451965332,,6.843205451965332
162,1629,,,-6.083662509918213,,6.083662509918213,
163,1639,,,,-5.575860023498535,,5.575860023498535
163,1639,,,-6.2503767013549805,,6.2503767013549805,
164,1649,,,,-6.355601787567139,,6.355601787567139
164,1649,,,-5.996246814727783,,5.996246814727783,
165,1659,,,,-6.060462474822998,,6.060462474822998
165,1659,,,-6.16404390335083,,6.16404390335083,
166,1669,,,,-7.765527248382568,,7.765527248382568
166,1669,,,-6.529210567474365,,6.529210567474365,
167,1679,,,,-5.583500862121582,,5.583500862121582
167,1679,,,-6.079703330993652,,6.079703330993652,
168,1689,,,,-5.034928321838379,,5.034928321838379
168,1689,,,-6.1534013748168945,,6.1534013748168945,
169,1699,,,,-4.1896491050720215,,4.1896491050720215
169,1699,,,-6.249025821685791,,6.249025821685791,
170,1709,,,,-6.405454635620117,,6.405454635620117
170,1709,,,-6.26731538772583,,6.26731538772583,
171,1719,,,,-5.800174713134766,,5.800174713134766
171,1719,,,-6.261415481567383,,6.261415481567383,
172,1729,,,,-4.733555793762207,,4.733555793762207
172,1729,,,-6.486152648925781,,6.486152648925781,
173,1739,,,,-8.097442626953125,,8.097442626953125
173,1739,,,-6.3473381996154785,,6.3473381996154785,
174,1749,,,,-7.00584077835083,,7.00584077835083
174,1749,,,-6.697074890136719,,6.697074890136719,
175,1759,,,,-6.434025764465332,,6.434025764465332
175,1759,,,-6.604054927825928,,6.604054927825928,
176,1769,,,,-6.7855072021484375,,6.7855072021484375
176,1769,,,-6.6660919189453125,,6.6660919189453125,
177,1779,,,,-4.082181453704834,,4.082181453704834
177,1779,,,-6.711287975311279,,6.711287975311279,
178,1789,,,,-3.9911351203918457,,3.9911351203918457
178,1789,,,-6.693787097930908,,6.693787097930908,
179,1799,,,,-7.210142612457275,,7.210142612457275
179,1799,,,-6.553457736968994,,6.553457736968994,
180,1809,,,,-6.015523910522461,,6.015523910522461
180,1809,,,-6.637715816497803,,6.637715816497803,
181,1819,,,,-6.5256547927856445,,6.5256547927856445
181,1819,,,-6.658254146575928,,6.658254146575928,
182,1829,,,,-6.963680744171143,,6.963680744171143
182,1829,,,-6.6519246101379395,,6.6519246101379395,
183,1839,,,,-6.493720054626465,,6.493720054626465
183,1839,,,-6.7573957443237305,,6.7573957443237305,
184,1849,,,,-6.768521785736084,,6.768521785736084
184,1849,,,-6.852372646331787,,6.852372646331787,
185,1859,,,,-7.106710910797119,,7.106710910797119
185,1859,,,-7.241418361663818,,7.241418361663818,
186,1869,,,,-4.2925004959106445,,4.2925004959106445
186,1869,,,-7.512002468109131,,7.512002468109131,
187,1879,,,,-7.1316680908203125,,7.1316680908203125
187,1879,,,-6.920356273651123,,6.920356273651123,
188,1889,,,,-6.034208297729492,,6.034208297729492
188,1889,,,-7.187346935272217,,7.187346935272217,
189,1899,,,,-10.101960182189941,,10.101960182189941
189,1899,,,-7.168120861053467,,7.168120861053467,
190,1909,,,,-7.296112060546875,,7.296112060546875
190,1909,,,-7.607561111450195,,7.607561111450195,
191,1919,,,,-5.97467041015625,,5.97467041015625
191,1919,,,-7.366111755371094,,7.366111755371094,
192,1929,,,,-6.996949672698975,,6.996949672698975
192,1929,,,-7.139108657836914,,7.139108657836914,
193,1939,,,,-6.003169059753418,,6.003169059753418
193,1939,,,-7.348130226135254,,7.348130226135254,
194,1949,,,,-9.248054504394531,,9.248054504394531
194,1949,,,-7.245347499847412,,7.245347499847412,
195,1959,,,,-5.695408821105957,,5.695408821105957
195,1959,,,-7.296957015991211,,7.296957015991211,
196,1969,,,,-7.400321006774902,,7.400321006774902
196,1969,,,-7.606084823608398,,7.606084823608398,
197,1979,,,,-7.917529582977295,,7.917529582977295
197,1979,,,-7.556354522705078,,7.556354522705078,
198,1989,,,,-5.188230514526367,,5.188230514526367
198,1989,,,-7.386135101318359,,7.386135101318359,
199,1999,,,,-6.816965579986572,,6.816965579986572
199,1999,,,-7.502860069274902,,7.502860069274902,
200,2009,,,,-7.929563045501709,,7.929563045501709
200,2009,,,-7.7521891593933105,,7.7521891593933105,
201,2019,,,,-8.957005500793457,,8.957005500793457
201,2019,,,-7.675402641296387,,7.675402641296387,
202,2029,,,,-7.081759452819824,,7.081759452819824
202,2029,,,-8.045652389526367,,8.045652389526367,
203,2039,,,,-6.152787685394287,,6.152787685394287
203,2039,,,-7.713685035705566,,7.713685035705566,
204,2049,,,,-8.505983352661133,,8.505983352661133
204,2049,,,-7.846996784210205,,7.846996784210205,
205,2059,,,,-10.578802108764648,,10.578802108764648
205,2059,,,-8.02420711517334,,8.02420711517334,
206,2069,,,,-7.689391613006592,,7.689391613006592
206,2069,,,-7.8340654373168945,,7.8340654373168945,
207,2079,,,,-8.831192016601562,,8.831192016601562
207,2079,,,-8.135276794433594,,8.135276794433594,
208,2089,,,,-7.223667621612549,,7.223667621612549
208,2089,,,-7.63701868057251,,7.63701868057251,
209,2099,,,,-9.069738388061523,,9.069738388061523
209,2099,,,-8.007081985473633,,8.007081985473633,
210,2109,,,,-9.311330795288086,,9.311330795288086
210,2109,,,-8.496620178222656,,8.496620178222656,
211,2119,,,,-6.792747497558594,,6.792747497558594
211,2119,,,-8.499791145324707,,8.499791145324707,
212,2129,,,,-7.531398773193359,,7.531398773193359
212,2129,,,-8.372530937194824,,8.372530937194824,
213,2139,,,,-8.403484344482422,,8.403484344482422
213,2139,,,-8.182936668395996,,8.182936668395996,
214,2149,,,,-5.563192844390869,,5.563192844390869
214,2149,,,-8.368901252746582,,8.368901252746582,
215,2159,,,,-9.992742538452148,,9.992742538452148
215,2159,,,-8.908262252807617,,8.908262252807617,
216,2169,,,,-6.711244106292725,,6.711244106292725
216,2169,,,-8.174664497375488,,8.174664497375488,
217,2179,,,,-10.567364692687988,,10.567364692687988
217,2179,,,-8.835226058959961,,8.835226058959961,
218,2189,,,,-9.161276817321777,,9.161276817321777
218,2189,,,-8.725042343139648,,8.725042343139648,
219,2199,,,,-8.114485740661621,,8.114485740661621
219,2199,,,-8.555608749389648,,8.555608749389648,
220,2209,,,,-11.018783569335938,,11.018783569335938
220,2209,,,-9.028046607971191,,9.028046607971191,
221,2219,,,,-9.831661224365234,,9.831661224365234
221,2219,,,-9.093716621398926,,9.093716621398926,
222,2229,,,,-8.443317413330078,,8.443317413330078
222,2229,,,-8.397781372070312,,8.397781372070312,
223,2239,,,,-11.254182815551758,,11.254182815551758
223,2239,,,-9.030444145202637,,9.030444145202637,
224,2249,,,,-6.81376314163208,,6.81376314163208
224,2249,,,-8.415993690490723,,8.415993690490723,
225,2259,,,,-10.10075569152832,,10.10075569152832
225,2259,,,-9.197395324707031,,9.197395324707031,
226,2269,,,,-7.210833549499512,,7.210833549499512
226,2269,,,-9.287571907043457,,9.287571907043457,
227,2279,,,,-10.175171852111816,,10.175171852111816
227,2279,,,-8.889527320861816,,8.889527320861816,
228,2289,,,,-5.525423049926758,,5.525423049926758
228,2289,,,-8.896811485290527,,8.896811485290527,
229,2299,,,,-10.57731819152832,,10.57731819152832
229,2299,,,-9.13148021697998,,9.13148021697998,
230,2309,,,,-11.533285140991211,,11.533285140991211
230,2309,,,-9.206077575683594,,9.206077575683594,
231,2319,,,,-7.322032928466797,,7.322032928466797
231,2319,,,-9.070213317871094,,9.070213317871094,
232,2329,,,,-11.04179573059082,,11.04179573059082
232,2329,,,-9.488899230957031,,9.488899230957031,
233,2339,,,,-8.99372386932373,,8.99372386932373
233,2339,,,-9.332170486450195,,9.332170486450195,
234,2349,,,,-10.512894630432129,,10.512894630432129
234,2349,,,-9.711578369140625,,9.711578369140625,
235,2359,,,,-8.13444709777832,,8.13444709777832
235,2359,,,-9.963895797729492,,9.963895797729492,
236,2369,,,,-12.176109313964844,,12.176109313964844
236,2369,,,-9.567865371704102,,9.567865371704102,
237,2379,,,,-13.062394142150879,,13.062394142150879
237,2379,,,-9.505607604980469,,9.505607604980469,
238,2389,,,,-13.46953296661377,,13.46953296661377
238,2389,,,-9.545019149780273,,9.545019149780273,
239,2399,,,,-7.192387580871582,,7.192387580871582
239,2399,,,-9.933838844299316,,9.933838844299316,
240,2409,,,,-9.304891586303711,,9.304891586303711
240,2409,,,-9.292896270751953,,9.292896270751953,
241,2419,,,,-10.30919361114502,,10.30919361114502
241,2419,,,-9.697918891906738,,9.697918891906738,
242,2429,,,,-8.773863792419434,,8.773863792419434
242,2429,,,-9.801453590393066,,9.801453590393066,
243,2439,,,,-11.272924423217773,,11.272924423217773
243,2439,,,-10.066047668457031,,10.066047668457031,
244,2449,,,,-10.446077346801758,,10.446077346801758
244,2449,,,-10.2642240524292,,10.2642240524292,
245,2459,,,,-10.374884605407715,,10.374884605407715
245,2459,,,-10.069999694824219,,10.069999694824219,
246,2469,,,,-14.071561813354492,,14.071561813354492
246,2469,,,-10.443092346191406,,10.443092346191406,
247,2479,,,,-9.82996654510498,,9.82996654510498
247,2479,,,-10.201054573059082,,10.201054573059082,
248,2489,,,,-12.147310256958008,,12.147310256958008
248,2489,,,-10.432924270629883,,10.432924270629883,
249,2499,,,,-12.322151184082031,,12.322151184082031
249,2499,,,-10.558085441589355,,10.558085441589355,
250,2509,,,,-8.88308048248291,,8.88308048248291
250,2509,,,-10.53695011138916,,10.53695011138916,
251,2519,,,,-12.718833923339844,,12.718833923339844
251,2519,,,-10.415541648864746,,10.415541648864746,
252,2529,,,,-9.127391815185547,,9.127391815185547
252,2529,,,-10.449972152709961,,10.449972152709961,
253,2539,,,,-12.407496452331543,,12.407496452331543
253,2539,,,-10.599803924560547,,10.599803924560547,
254,2549,,,,-12.372766494750977,,12.372766494750977
254,2549,,,-10.437450408935547,,10.437450408935547,
255,2559,,,,-7.681946754455566,,7.681946754455566
255,2559,,,-11.073797225952148,,11.073797225952148,
256,2569,,,,-9.24799919128418,,9.24799919128418
256,2569,,,-10.624017715454102,,10.624017715454102,
257,2579,,,,-13.25918960571289,,13.25918960571289
257,2579,,,-10.520099639892578,,10.520099639892578,
258,2589,,,,-9.717721939086914,,9.717721939086914
258,2589,,,-10.83425521850586,,10.83425521850586,
259,2599,,,,-10.673874855041504,,10.673874855041504
259,2599,,,-10.32319450378418,,10.32319450378418,
260,2609,,,,-10.688681602478027,,10.688681602478027
260,2609,,,-10.862215042114258,,10.862215042114258,
261,2619,,,,-13.45854377746582,,13.45854377746582
261,2619,,,-11.017013549804688,,11.017013549804688,
262,2629,,,,-12.447545051574707,,12.447545051574707
262,2629,,,-11.928435325622559,,11.928435325622559,
263,2639,,,,-13.962936401367188,,13.962936401367188
263,2639,,,-11.68713092803955,,11.68713092803955,
264,2649,,,,-11.906412124633789,,11.906412124633789
264,2649,,,-10.605292320251465,,10.605292320251465,
265,2659,,,,-14.061079025268555,,14.061079025268555
265,2659,,,-11.846236228942871,,11.846236228942871,
266,2669,,,,-9.381619453430176,,9.381619453430176
266,2669,,,-11.224410057067871,,11.224410057067871,
267,2679,,,,-13.818695068359375,,13.818695068359375
267,2679,,,-11.586967468261719,,11.586967468261719,
268,2689,,,,-11.164661407470703,,11.164661407470703
268,2689,,,-11.656623840332031,,11.656623840332031,
269,2699,,,,-6.601110935211182,,6.601110935211182
269,2699,,,-10.954736709594727,,10.954736709594727,
270,2709,,,,-10.551518440246582,,10.551518440246582
270,2709,,,-11.380941390991211,,11.380941390991211,
271,2719,,,,-12.096747398376465,,12.096747398376465
271,2719,,,-11.300403594970703,,11.300403594970703,
272,2729,,,,-14.645652770996094,,14.645652770996094
272,2729,,,-11.259493827819824,,11.259493827819824,
273,2739,,,,-11.133296012878418,,11.133296012878418
273,2739,,,-11.78671646118164,,11.78671646118164,
274,2749,,,,-12.619915962219238,,12.619915962219238
274,2749,,,-12.001412391662598,,12.001412391662598,
275,2759,,,,-8.290377616882324,,8.290377616882324
275,2759,,,-12.242785453796387,,12.242785453796387,
276,2769,,,,-11.378192901611328,,11.378192901611328
276,2769,,,-11.454449653625488,,11.454449653625488,
277,2779,,,,-11.708640098571777,,11.708640098571777
277,2779,,,-11.321073532104492,,11.321073532104492,
278,2789,,,,-12.723834037780762,,12.723834037780762
278,2789,,,-11.686572074890137,,11.686572074890137,
279,2799,,,,-13.085275650024414,,13.085275650024414
279,2799,,,-12.63644027709961,,12.63644027709961,
280,2809,,,,-13.871941566467285,,13.871941566467285
280,2809,,,-11.62100887298584,,11.62100887298584,
281,2819,,,,-14.487320899963379,,14.487320899963379
281,2819,,,-12.067931175231934,,12.067931175231934,
282,2829,,,,-13.920089721679688,,13.920089721679688
282,2829,,,-11.730135917663574,,11.730135917663574,
283,2839,,,,-10.791239738464355,,10.791239738464355
283,2839,,,-12.320759773254395,,12.320759773254395,
284,2849,,,,-8.362100601196289,,8.362100601196289
284,2849,,,-11.993441581726074,,11.993441581726074,
285,2859,,,,-9.103435516357422,,9.103435516357422
285,2859,,,-12.368108749389648,,12.368108749389648,
286,2869,,,,-12.842072486877441,,12.842072486877441
286,2869,,,-12.825774192810059,,12.825774192810059,
287,2879,,,,-14.675135612487793,,14.675135612487793
287,2879,,,-11.863871574401855,,11.863871574401855,
288,2889,,,,-9.527241706848145,,9.527241706848145
288,2889,,,-12.721229553222656,,12.721229553222656,
289,2899,,,,-11.761356353759766,,11.761356353759766
289,2899,,,-12.50396728515625,,12.50396728515625,
290,2909,,,,-15.93122386932373,,15.93122386932373
290,2909,,,-13.002043724060059,,13.002043724060059,
291,2919,,,,-14.26133918762207,,14.26133918762207
291,2919,,,-12.147665023803711,,12.147665023803711,
292,2929,,,,-10.590259552001953,,10.590259552001953
292,2929,,,-12.561708450317383,,12.561708450317383,
293,2939,,,,-15.519983291625977,,15.519983291625977
293,2939,,,-12.13761043548584,,12.13761043548584,
294,2949,,,,-10.259543418884277,,10.259543418884277
294,2949,,,-13.250659942626953,,13.250659942626953,
295,2959,,,,-10.296032905578613,,10.296032905578613
295,2959,,,-12.97246265411377,,12.97246265411377,
296,2969,,,,-13.932601928710938,,13.932601928710938
296,2969,,,-12.764309883117676,,12.764309883117676,
297,2979,,,,-15.773693084716797,,15.773693084716797
297,2979,,,-12.75475788116455,,12.75475788116455,
298,2989,,,,-12.77470874786377,,12.77470874786377
298,2989,,,-12.530023574829102,,12.530023574829102,
299,2999,,,,-13.12144947052002,,13.12144947052002
299,2999,,,-13.400955200195312,,13.400955200195312,
300,3009,,,,-13.629597663879395,,13.629597663879395
300,3009,,,-13.336495399475098,,13.336495399475098,
301,3019,,,,-11.33181381225586,,11.33181381225586
301,3019,,,-12.845748901367188,,12.845748901367188,
302,3029,,,,-14.563216209411621,,14.563216209411621
302,3029,,,-12.75323486328125,,12.75323486328125,
303,3039,,,,-12.850074768066406,,12.850074768066406
303,3039,,,-13.452832221984863,,13.452832221984863,
304,3049,,,,-12.441036224365234,,12.441036224365234
304,3049,,,-13.567255020141602,,13.567255020141602,
305,3059,,,,-15.552018165588379,,15.552018165588379
305,3059,,,-13.630880355834961,,13.630880355834961,
306,3069,,,,-13.082575798034668,,13.082575798034668
306,3069,,,-12.90391731262207,,12.90391731262207,
307,3079,,,,-15.694011688232422,,15.694011688232422
307,3079,,,-13.547172546386719,,13.547172546386719,
308,3089,,,,-15.434065818786621,,15.434065818786621
308,3089,,,-13.649798393249512,,13.649798393249512,
309,3099,,,,-11.909730911254883,,11.909730911254883
309,3099,,,-12.956067085266113,,12.956067085266113,
310,3109,,,,-15.53565502166748,,15.53565502166748
310,3109,,,-13.699406623840332,,13.699406623840332,
311,3119,,,,-13.668045997619629,,13.668045997619629
311,3119,,,-14.83158016204834,,14.83158016204834,
312,3129,,,,-14.81417179107666,,14.81417179107666
312,3129,,,-13.782035827636719,,13.782035827636719,
313,3139,,,,-11.70948314666748,,11.70948314666748
313,3139,,,-14.413089752197266,,14.413089752197266,
314,3149,,,,-12.25526237487793,,12.25526237487793
314,3149,,,-13.549964904785156,,13.549964904785156,
315,3159,,,,-12.740216255187988,,12.740216255187988
315,3159,,,-13.789471626281738,,13.789471626281738,
316,3169,,,,-13.56424331665039,,13.56424331665039
316,3169,,,-14.531325340270996,,14.531325340270996,
317,3179,,,,-14.397989273071289,,14.397989273071289
317,3179,,,-13.781240463256836,,13.781240463256836,
318,3189,,,,-19.228282928466797,,19.228282928466797
318,3189,,,-14.155824661254883,,14.155824661254883,
319,3199,,,,-12.046452522277832,,12.046452522277832
319,3199,,,-14.038994789123535,,14.038994789123535,
320,3209,,,,-14.320128440856934,,14.320128440856934
320,3209,,,-13.766512870788574,,13.766512870788574,
321,3219,,,,-12.441686630249023,,12.441686630249023
321,3219,,,-14.34383487701416,,14.34383487701416,
322,3229,,,,-15.690199851989746,,15.690199851989746
322,3229,,,-14.90031623840332,,14.90031623840332,
323,3239,,,,-15.034286499023438,,15.034286499023438
323,3239,,,-14.07441234588623,,14.07441234588623,
324,3249,,,,-12.456319808959961,,12.456319808959961
324,3249,,,-14.520332336425781,,14.520332336425781,
325,3259,,,,-12.89493465423584,,12.89493465423584
325,3259,,,-14.504417419433594,,14.504417419433594,
326,3269,,,,-12.680237770080566,,12.680237770080566
326,3269,,,-13.89303207397461,,13.89303207397461,
327,3279,,,,-17.40699005126953,,17.40699005126953
327,3279,,,-14.85218620300293,,14.85218620300293,
328,3289,,,,-13.689859390258789,,13.689859390258789
328,3289,,,-15.335118293762207,,15.335118293762207,
329,3299,,,,-14.197062492370605,,14.197062492370605
329,3299,,,-14.793635368347168,,14.793635368347168,
330,3309,,,,-21.917428970336914,,21.917428970336914
330,3309,,,-14.851866722106934,,14.851866722106934,
331,3319,,,,-14.986329078674316,,14.986329078674316
331,3319,,,-15.320886611938477,,15.320886611938477,
332,3329,,,,-12.913346290588379,,12.913346290588379
332,3329,,,-14.612892150878906,,14.612892150878906,
333,3339,,,,-14.443561553955078,,14.443561553955078
333,3339,,,-15.470331192016602,,15.470331192016602,
334,3349,,,,-15.78475284576416,,15.78475284576416
334,3349,,,-15.212947845458984,,15.212947845458984,
335,3359,,,,-20.79435157775879,,20.79435157775879
335,3359,,,-15.64938735961914,,15.64938735961914,
336,3369,,,,-18.997081756591797,,18.997081756591797
336,3369,,,-14.515517234802246,,14.515517234802246,
337,3379,,,,-12.109792709350586,,12.109792709350586
337,3379,,,-15.288281440734863,,15.288281440734863,
338,3389,,,,-14.84031867980957,,14.84031867980957
338,3389,,,-15.106722831726074,,15.106722831726074,
339,3399,,,,-13.918190956115723,,13.918190956115723
339,3399,,,-15.850166320800781,,15.850166320800781,
340,3409,,,,-10.028336524963379,,10.028336524963379
340,3409,,,-14.998152732849121,,14.998152732849121,
341,3419,,,,-20.575241088867188,,20.575241088867188
341,3419,,,-16.042173385620117,,16.042173385620117,
342,3429,,,,-13.078936576843262,,13.078936576843262
342,3429,,,-15.908172607421875,,15.908172607421875,
343,3439,,,,-17.117042541503906,,17.117042541503906
343,3439,,,-15.132604598999023,,15.132604598999023,
344,3449,,,,-20.644695281982422,,20.644695281982422
344,3449,,,-16.39776611328125,,16.39776611328125,
345,3459,,,,-12.636474609375,,12.636474609375
345,3459,,,-15.121367454528809,,15.121367454528809,
346,3469,,,,-18.748809814453125,,18.748809814453125
346,3469,,,-16.588281631469727,,16.588281631469727,
347,3479,,,,-15.959243774414062,,15.959243774414062
347,3479,,,-16.026363372802734,,16.026363372802734,
348,3489,,,,-15.25774097442627,,15.25774097442627
348,3489,,,-16.601726531982422,,16.601726531982422,
349,3499,,,,-14.420047760009766,,14.420047760009766
349,3499,,,-16.609619140625,,16.609619140625,
350,3509,,,,-20.456037521362305,,20.456037521362305
350,3509,,,-16.44129180908203,,16.44129180908203,
351,3519,,,,-12.519858360290527,,12.519858360290527
351,3519,,,-16.09898567199707,,16.09898567199707,
352,3529,,,,-13.056506156921387,,13.056506156921387
352,3529,,,-17.008777618408203,,17.008777618408203,
353,3539,,,,-15.519200325012207,,15.519200325012207
353,3539,,,-16.256187438964844,,16.256187438964844,
354,3549,,,,-14.465091705322266,,14.465091705322266
354,3549,,,-16.302019119262695,,16.302019119262695,
355,3559,,,,-14.158696174621582,,14.158696174621582
355,3559,,,-16.52387237548828,,16.52387237548828,
356,3569,,,,-16.295726776123047,,16.295726776123047
356,3569,,,-16.456192016601562,,16.456192016601562,
357,3579,,,,-18.70722198486328,,18.70722198486328
357,3579,,,-16.67279815673828,,16.67279815673828,
358,3589,,,,-15.257309913635254,,15.257309913635254
358,3589,,,-16.61329460144043,,16.61329460144043,
359,3599,,,,-10.528575897216797,,10.528575897216797
359,3599,,,-16.884321212768555,,16.884321212768555,
360,3609,,,,-18.065088272094727,,18.065088272094727
360,3609,,,-15.948278427124023,,15.948278427124023,
361,3619,,,,-18.017276763916016,,18.017276763916016
361,3619,,,-16.103073120117188,,16.103073120117188,
362,3629,,,,-17.801549911499023,,17.801549911499023
362,3629,,,-17.91693878173828,,17.91693878173828,
363,3639,,,,-14.599480628967285,,14.599480628967285
363,3639,,,-17.701494216918945,,17.701494216918945,
364,3649,,,,-13.887187957763672,,13.887187957763672
364,3649,,,-17.131683349609375,,17.131683349609375,
365,3659,,,,-17.08356475830078,,17.08356475830078
365,3659,,,-17.189538955688477,,17.189538955688477,
366,3669,,,,-16.691617965698242,,16.691617965698242
366,3669,,,-17.459192276000977,,17.459192276000977,
367,3679,,,,-14.767412185668945,,14.767412185668945
367,3679,,,-17.910024642944336,,17.910024642944336,
368,3689,,,,-21.093097686767578,,21.093097686767578
368,3689,,,-17.096887588500977,,17.096887588500977,
369,3699,,,,-19.716081619262695,,19.716081619262695
369,3699,,,-17.506662368774414,,17.506662368774414,
370,3709,,,,-14.4176025390625,,14.4176025390625
370,3709,,,-17.352216720581055,,17.352216720581055,
371,3719,,,,-15.928580284118652,,15.928580284118652
371,3719,,,-17.66230583190918,,17.66230583190918,
372,3729,,,,-19.602237701416016,,19.602237701416016
372,3729,,,-18.412452697753906,,18.412452697753906,
373,3739,,,,-17.230783462524414,,17.230783462524414
373,3739,,,-18.389902114868164,,18.389902114868164,
374,3749,,,,-17.751855850219727,,17.751855850219727
374,3749,,,-17.91497230529785,,17.91497230529785,
375,3759,,,,-15.401022911071777,,15.401022911071777
375,3759,,,-18.25416374206543,,18.25416374206543,
376,3769,,,,-18.116451263427734,,18.116451263427734
376,3769,,,-17.816970825195312,,17.816970825195312,
377,3779,,,,-14.874926567077637,,14.874926567077637
377,3779,,,-17.96637535095215,,17.96637535095215,
378,3789,,,,-19.898635864257812,,19.898635864257812
378,3789,,,-18.277467727661133,,18.277467727661133,
379,3799,,,,-20.575992584228516,,20.575992584228516
379,3799,,,-17.315650939941406,,17.315650939941406,
380,3809,,,,-20.769786834716797,,20.769786834716797
380,3809,,,-17.687665939331055,,17.687665939331055,
381,3819,,,,-10.842144012451172,,10.842144012451172
381,3819,,,-17.311874389648438,,17.311874389648438,
382,3829,,,,-25.157398223876953,,25.157398223876953
382,3829,,,-19.415679931640625,,19.415679931640625,
383,3839,,,,-14.338469505310059,,14.338469505310059
383,3839,,,-18.003467559814453,,18.003467559814453,
384,3849,,,,-18.262248992919922,,18.262248992919922
384,3849,,,-18.098079681396484,,18.098079681396484,
385,3859,,,,-16.70875358581543,,16.70875358581543
385,3859,,,-18.99881935119629,,18.99881935119629,
386,3869,,,,-11.872696876525879,,11.872696876525879
386,3869,,,-18.78437614440918,,18.78437614440918,
387,3879,,,,-16.578067779541016,,16.578067779541016
387,3879,,,-18.595443725585938,,18.595443725585938,
388,3889,,,,-20.026443481445312,,20.026443481445312
388,3889,,,-17.68680191040039,,17.68680191040039,
389,3899,,,,-15.795378684997559,,15.795378684997559
389,3899,,,-19.022438049316406,,19.022438049316406,
390,3909,,,,-16.41503143310547,,16.41503143310547
390,3909,,,-18.853599548339844,,18.853599548339844,
391,3919,,,,-19.750978469848633,,19.750978469848633
391,3919,,,-19.451416015625,,19.451416015625,
392,3929,,,,-11.770421028137207,,11.770421028137207
392,3929,,,-19.690601348876953,,19.690601348876953,
393,3939,,,,-21.550283432006836,,21.550283432006836
393,3939,,,-19.7222957611084,,19.7222957611084,
394,3949,,,,-12.163804054260254,,12.163804054260254
394,3949,,,-19.954204559326172,,19.954204559326172,
395,3959,,,,-15.72495174407959,,15.72495174407959
395,3959,,,-19.741567611694336,,19.741567611694336,
396,3969,,,,-22.15060043334961,,22.15060043334961
396,3969,,,-18.514699935913086,,18.514699935913086,
397,3979,,,,-20.906978607177734,,20.906978607177734
397,3979,,,-21.180315017700195,,21.180315017700195,
398,3989,,,,-22.162830352783203,,22.162830352783203
398,3989,,,-19.561450958251953,,19.561450958251953,
399,3999,,,,-20.597999572753906,,20.597999572753906
399,3999,,,-19.38623809814453,,19.38623809814453,
400,4009,,,,-15.199831008911133,,15.199831008911133
400,4009,,,-19.65947914123535,,19.65947914123535,
401,4019,,,,-22.832996368408203,,22.832996368408203
401,4019,,,-20.448932647705078,,20.448932647705078,
402,4029,,,,-17.067644119262695,,17.067644119262695
402,4029,,,-20.132831573486328,,20.132831573486328,
403,4039,,,,-23.65155792236328,,23.65155792236328
403,4039,,,-19.906047821044922,,19.906047821044922,
404,4049,,,,-18.805580139160156,,18.805580139160156
404,4049,,,-19.81521987915039,,19.81521987915039,
405,4059,,,,-11.071515083312988,,11.071515083312988
405,4059,,,-19.32771873474121,,19.32771873474121,
406,4069,,,,-18.69800567626953,,18.69800567626953
406,4069,,,-20.22949981689453,,20.22949981689453,
407,4079,,,,-13.057795524597168,,13.057795524597168
407,4079,,,-20.576562881469727,,20.576562881469727,
408,4089,,,,-21.354867935180664,,21.354867935180664
408,4089,,,-20.24534034729004,,20.24534034729004,
409,4099,,,,-18.74342918395996,,18.74342918395996
409,4099,,,-20.864782333374023,,20.864782333374023,
410,4109,,,,-14.260305404663086,,14.260305404663086
410,4109,,,-21.63997459411621,,21.63997459411621,
411,4119,,,,-19.929615020751953,,19.929615020751953
411,4119,,,-20.238323211669922,,20.238323211669922,
412,4129,,,,-16.29323959350586,,16.29323959350586
412,4129,,,-20.621047973632812,,20.621047973632812,
413,4139,,,,-23.81532096862793,,23.81532096862793
413,4139,,,-20.66533851623535,,20.66533851623535,
414,4149,,,,-18.12870216369629,,18.12870216369629
414,4149,,,-20.712886810302734,,20.712886810302734,
415,4159,,,,-15.006505012512207,,15.006505012512207
415,4159,,,-20.407939910888672,,20.407939910888672,
416,4169,,,,-20.22940444946289,,20.22940444946289
416,4169,,,-21.24049186706543,,21.24049186706543,
417,4179,,,,-21.556011199951172,,21.556011199951172
417,4179,,,-21.0888729095459,,21.0888729095459,
418,4189,,,,-21.26854705810547,,21.26854705810547
418,4189,,,-20.774803161621094,,20.774803161621094,
419,4199,,,,-12.299524307250977,,12.299524307250977
419,4199,,,-21.225109100341797,,21.225109100341797,
420,4209,,,,-20.047317504882812,,20.047317504882812
420,4209,,,-20.845340728759766,,20.845340728759766,
421,4219,,,,-23.19944190979004,,23.19944190979004
421,4219,,,-21.235607147216797,,21.235607147216797,
422,4229,,,,-21.219127655029297,,21.219127655029297
422,4229,,,-20.428152084350586,,20.428152084350586,
423,4239,,,,-17.993885040283203,,17.993885040283203
423,4239,,,-21.58289337158203,,21.58289337158203,
424,4249,,,,-24.650421142578125,,24.650421142578125
424,4249,,,-22.15753746032715,,22.15753746032715,
425,4259,,,,-22.301334381103516,,22.301334381103516
425,4259,,,-21.796730041503906,,21.796730041503906,
426,4269,,,,-27.934539794921875,,27.934539794921875
426,4269,,,-21.675262451171875,,21.675262451171875,
427,4279,,,,-20.016613006591797,,20.016613006591797
427,4279,,,-20.838895797729492,,20.838895797729492,
428,4289,,,,-29.683609008789062,,29.683609008789062
428,4289,,,-22.129079818725586,,22.129079818725586,
429,4299,,,,-21.95363998413086,,21.95363998413086
429,4299,,,-21.452625274658203,,21.452625274658203,
430,4309,,,,-22.824779510498047,,22.824779510498047
430,4309,,,-22.823749542236328,,22.823749542236328,
431,4319,,,,-16.999549865722656,,16.999549865722656
431,4319,,,-22.13957405090332,,22.13957405090332,
432,4329,,,,-23.82041358947754,,23.82041358947754
432,4329,,,-21.14239501953125,,21.14239501953125,
433,4339,,,,-24.909473419189453,,24.909473419189453
433,4339,,,-22.60638999938965,,22.60638999938965,
434,4349,,,,-28.27252769470215,,28.27252769470215
434,4349,,,-23.10986328125,,23.10986328125,
435,4359,,,,-16.693710327148438,,16.693710327148438
435,4359,,,-22.899234771728516,,22.899234771728516,
436,4369,,,,-29.33149528503418,,29.33149528503418
436,4369,,,-22.1121826171875,,22.1121826171875,
437,4379,,,,-24.342357635498047,,24.342357635498047
437,4379,,,-23.162342071533203,,23.162342071533203,
438,4389,,,,-29.805397033691406,,29.805397033691406
438,4389,,,-23.712717056274414,,23.712717056274414,
439,4399,,,,-22.548492431640625,,22.548492431640625
439,4399,,,-22.53707504272461,,22.53707504272461,
440,4409,,,,-26.63551139831543,,26.63551139831543
440,4409,,,-22.39178466796875,,22.39178466796875,
441,4419,,,,-27.157480239868164,,27.157480239868164
441,4419,,,-22.49420738220215,,22.49420738220215,
442,4429,,,,-22.797080993652344,,22.797080993652344
442,4429,,,-23.621076583862305,,23.621076583862305,
443,4439,,,,-26.063756942749023,,26.063756942749023
443,4439,,,-23.07755470275879,,23.07755470275879,
444,4449,,,,-25.875537872314453,,25.875537872314453
444,4449,,,-24.264690399169922,,24.264690399169922,
445,4459,,,,-22.282495498657227,,22.282495498657227
445,4459,,,-23.678455352783203,,23.678455352783203,
446,4469,,,,-18.189456939697266,,18.189456939697266
446,4469,,,-23.64376449584961,,23.64376449584961,
447,4479,,,,-29.278688430786133,,29.278688430786133
447,4479,,,-23.27161407470703,,23.27161407470703,
448,4489,,,,-23.187576293945312,,23.187576293945312
448,4489,,,-23.032562255859375,,23.032562255859375,
449,4499,,,,-22.96195411682129,,22.96195411682129
449,4499,,,-23.291582107543945,,23.291582107543945,
450,4509,,,,-27.342689514160156,,27.342689514160156
450,4509,,,-23.74472999572754,,23.74472999572754,
451,4519,,,,-26.470121383666992,,26.470121383666992
451,4519,,,-23.575849533081055,,23.575849533081055,
452,4529,,,,-19.497940063476562,,19.497940063476562
452,4529,,,-24.894742965698242,,24.894742965698242,
453,4539,,,,-20.51532554626465,,20.51532554626465
453,4539,,,-24.394372940063477,,24.394372940063477,
454,4549,,,,-22.418359756469727,,22.418359756469727
454,4549,,,-23.51942253112793,,23.51942253112793,
455,4559,,,,-29.148038864135742,,29.148038864135742
455,4559,,,-24.529815673828125,,24.529815673828125,
456,4569,,,,-24.53937530517578,,24.53937530517578
456,4569,,,-23.448505401611328,,23.448505401611328,
457,4579,,,,-27.594545364379883,,27.594545364379883
457,4579,,,-23.51764488220215,,23.51764488220215,
458,4589,,,,-27.537288665771484,,27.537288665771484
458,4589,,,-25.520524978637695,,25.520524978637695,
459,4599,,,,-30.125600814819336,,30.125600814819336
459,4599,,,-25.07305908203125,,25.07305908203125,
460,4609,,,,-25.569433212280273,,25.569433212280273
460,4609,,,-24.22768211364746,,24.22768211364746,
461,4619,,,,-26.37357521057129,,26.37357521057129
461,4619,,,-23.442689895629883,,23.442689895629883,
462,4629,,,,-25.384540557861328,,25.384540557861328
462,4629,,,-25.980466842651367,,25.980466842651367,
463,4639,,,,-21.472951889038086,,21.472951889038086
463,4639,,,-25.076990127563477,,25.076990127563477,
464,4649,,,,-21.450220108032227,,21.450220108032227
464,4649,,,-24.668184280395508,,24.668184280395508,
465,4659,,,,-28.841983795166016,,28.841983795166016
465,4659,,,-24.875242233276367,,24.875242233276367,
466,4669,,,,-23.262237548828125,,23.262237548828125
466,4669,,,-25.133560180664062,,25.133560180664062,
467,4679,,,,-26.409927368164062,,26.409927368164062
467,4679,,,-25.72085952758789,,25.72085952758789,
468,4689,,,,-28.927608489990234,,28.927608489990234
468,4689,,,-24.740201950073242,,24.740201950073242,
469,4699,,,,-28.551227569580078,,28.551227569580078
469,4699,,,-25.327190399169922,,25.327190399169922,
470,4709,,,,-34.22221374511719,,34.22221374511719
470,4709,,,-26.21439552307129,,26.21439552307129,
471,4719,,,,-34.670616149902344,,34.670616149902344
471,4719,,,-24.992759704589844,,24.992759704589844,
472,4729,,,,-31.093198776245117,,31.093198776245117
472,4729,,,-26.170732498168945,,26.170732498168945,
473,4739,,,,-25.84386444091797,,25.84386444091797
473,4739,,,-26.18699073791504,,26.18699073791504,
474,4749,,,,-31.859521865844727,,31.859521865844727
474,4749,,,-25.1939697265625,,25.1939697265625,
475,4759,,,,-26.34188461303711,,26.34188461303711
475,4759,,,-25.785911560058594,,25.785911560058594,
476,4769,,,,-27.952486038208008,,27.952486038208008
476,4769,,,-24.72858428955078,,24.72858428955078,
477,4779,,,,-24.239849090576172,,24.239849090576172
477,4779,,,-26.84300994873047,,26.84300994873047,
478,4789,,,,-29.53506851196289,,29.53506851196289
478,4789,,,-26.543529510498047,,26.543529510498047,
479,4799,,,,-33.5670280456543,,33.5670280456543
479,4799,,,-25.518310546875,,25.518310546875,
480,4809,,,,-19.018665313720703,,19.018665313720703
480,4809,,,-24.792028427124023,,24.792028427124023,
481,4819,,,,-34.36423110961914,,34.36423110961914
481,4819,,,-26.695077896118164,,26.695077896118164,
482,4829,,,,-22.713077545166016,,22.713077545166016
482,4829,,,-27.09935188293457,,27.09935188293457,
483,4839,,,,-24.76702117919922,,24.76702117919922
483,4839,,,-25.860977172851562,,25.860977172851562,
484,4849,,,,-24.570777893066406,,24.570777893066406
484,4849,,,-26.043262481689453,,26.043262481689453,
485,4859,,,,-31.903453826904297,,31.903453826904297
485,4859,,,-26.183895111083984,,26.183895111083984,
486,4869,,,,-24.30236053466797,,24.30236053466797
486,4869,,,-26.05553436279297,,26.05553436279297,
487,4879,,,,-31.608089447021484,,31.608089447021484
487,4879,,,-27.491544723510742,,27.491544723510742,
488,4889,,,,-19.87550163269043,,19.87550163269043
488,4889,,,-25.83010482788086,,25.83010482788086,
489,4899,,,,-29.817781448364258,,29.817781448364258
489,4899,,,-25.262805938720703,,25.262805938720703,
490,4909,,,,-28.021507263183594,,28.021507263183594
490,4909,,,-25.871719360351562,,25.871719360351562,
491,4919,,,,-28.440471649169922,,28.440471649169922
491,4919,,,-27.07390785217285,,27.07390785217285,
492,4929,,,,-20.263832092285156,,20.263832092285156
492,4929,,,-25.948501586914062,,25.948501586914062,
493,4939,,,,-26.9216365814209,,26.9216365814209
493,4939,,,-27.752119064331055,,27.752119064331055,
494,4949,,,,-20.513551712036133,,20.513551712036133
494,4949,,,-28.531782150268555,,28.531782150268555,
495,4959,,,,-21.51097869873047,,21.51097869873047
495,4959,,,-27.40589714050293,,27.40589714050293,
496,4969,,,,-29.395402908325195,,29.395402908325195
496,4969,,,-27.761249542236328,,27.761249542236328,
497,4979,,,,-27.341726303100586,,27.341726303100586
497,4979,,,-26.376527786254883,,26.376527786254883,
498,4989,,,,-27.902856826782227,,27.902856826782227
498,4989,,,-27.546110153198242,,27.546110153198242,
499,4999,,,,-31.823577880859375,,31.823577880859375
499,4999,,,-27.594995498657227,,27.594995498657227,
500,5009,,,,-23.202409744262695,,23.202409744262695
500,5009,,,-25.719818115234375,,25.719818115234375,
501,5019,,,,-24.188539505004883,,24.188539505004883
501,5019,,,-29.389089584350586,,29.389089584350586,
502,5029,,,,-21.784645080566406,,21.784645080566406
502,5029,,,-28.501968383789062,,28.501968383789062,
503,5039,,,,-33.3448486328125,,33.3448486328125
503,5039,,,-27.896957397460938,,27.896957397460938,
504,5049,,,,-25.75544548034668,,25.75544548034668
504,5049,,,-27.2066650390625,,27.2066650390625,
505,5059,,,,-27.200572967529297,,27.200572967529297
505,5059,,,-27.673349380493164,,27.673349380493164,
506,5069,,,,-30.01396369934082,,30.01396369934082
506,5069,,,-27.813804626464844,,27.813804626464844,
507,5079,,,,-25.382583618164062,,25.382583618164062
507,5079,,,-27.580726623535156,,27.580726623535156,
508,5089,,,,-25.48409652709961,,25.48409652709961
508,5089,,,-26.697917938232422,,26.697917938232422,
509,5099,,,,-32.61418914794922,,32.61418914794922
509,5099,,,-26.9315128326416,,26.9315128326416,
510,5109,,,,-26.25556182861328,,26.25556182861328
510,5109,,,-27.99271011352539,,27.99271011352539,
511,5119,,,,-28.659975051879883,,28.659975051879883
511,5119,,,-28.83538818359375,,28.83538818359375,
512,5129,,,,-23.643787384033203,,23.643787384033203
512,5129,,,-28.5460147857666,,28.5460147857666,
513,5139,,,,-24.356399536132812,,24.356399536132812
513,5139,,,-29.226804733276367,,29.226804733276367,
514,5149,,,,-24.411928176879883,,24.411928176879883
514,5149,,,-28.51475715637207,,28.51475715637207,
515,5159,,,,-28.006664276123047,,28.006664276123047
515,5159,,,-27.044017791748047,,27.044017791748047,
516,5169,,,,-30.25471305847168,,30.25471305847168
516,5169,,,-28.774444580078125,,28.774444580078125,
517,5179,,,,-24.889739990234375,,24.889739990234375
517,5179,,,-29.425874710083008,,29.425874710083008,
518,5189,,,,-32.521114349365234,,32.521114349365234
518,5189,,,-29.063676834106445,,29.063676834106445,
519,5199,,,,-27.495084762573242,,27.495084762573242
519,5199,,,-29.76691436767578,,29.76691436767578,
520,5209,,,,-26.596853256225586,,26.596853256225586
520,5209,,,-28.83796501159668,,28.83796501159668,
521,5219,,,,-35.54372024536133,,35.54372024536133
521,5219,,,-30.74545669555664,,30.74545669555664,
522,5229,,,,-34.75147247314453,,34.75147247314453
522,5229,,,-29.526065826416016,,29.526065826416016,
523,5239,,,,-24.962560653686523,,24.962560653686523
523,5239,,,-28.02694320678711,,28.02694320678711,
524,5249,,,,-40.63892364501953,,40.63892364501953
524,5249,,,-29.348731994628906,,29.348731994628906,
525,5259,,,,-30.357637405395508,,30.357637405395508
525,5259,,,-29.792644500732422,,29.792644500732422,
526,5269,,,,-30.686931610107422,,30.686931610107422
526,5269,,,-29.114168167114258,,29.114168167114258,
527,5279,,,,-32.71666717529297,,32.71666717529297
527,5279,,,-30.00629234313965,,30.00629234313965,
528,5289,,,,-30.45876693725586,,30.45876693725586
528,5289,,,-27.99695587158203,,27.99695587158203,
529,5299,,,,-34.277217864990234,,34.277217864990234
529,5299,,,-29.068403244018555,,29.068403244018555,
530,5309,,,,-38.483154296875,,38.483154296875
530,5309,,,-30.006322860717773,,30.006322860717773,
531,5319,,,,-30.50151824951172,,30.50151824951172
531,5319,,,-30.154268264770508,,30.154268264770508,
532,5329,,,,-33.95366668701172,,33.95366668701172
532,5329,,,-29.990982055664062,,29.990982055664062,
533,5339,,,,-27.07349395751953,,27.07349395751953
533,5339,,,-29.7023868560791,,29.7023868560791,
534,5349,,,,-32.281639099121094,,32.281639099121094
534,5349,,,-30.56671905517578,,30.56671905517578,
535,5359,,,,-28.376846313476562,,28.376846313476562
535,5359,,,-29.02347183227539,,29.02347183227539,
536,5369,,,,-43.10185623168945,,43.10185623168945
536,5369,,,-30.758710861206055,,30.758710861206055,
537,5379,,,,-34.08637619018555,,34.08637619018555
537,5379,,,-29.77946662902832,,29.77946662902832,
538,5389,,,,-31.37112808227539,,31.37112808227539
538,5389,,,-30.01874542236328,,30.01874542236328,
539,5399,,,,-34.59120559692383,,34.59120559692383
539,5399,,,-30.490785598754883,,30.490785598754883,
540,5409,,,,-34.604888916015625,,34.604888916015625
540,5409,,,-30.22934913635254,,30.22934913635254,
541,5419,,,,-24.98023223876953,,24.98023223876953
541,5419,,,-30.89926528930664,,30.89926528930664,
542,5429,,,,-33.60227966308594,,33.60227966308594
542,5429,,,-30.516590118408203,,30.516590118408203,
543,5439,,,,-37.663055419921875,,37.663055419921875
543,5439,,,-29.935039520263672,,29.935039520263672,
544,5449,,,,-24.215465545654297,,24.215465545654297
544,5449,,,-29.36674690246582,,29.36674690246582,
545,5459,,,,-36.92066955566406,,36.92066955566406
545,5459,,,-31.657054901123047,,31.657054901123047,
546,5469,,,,-27.453166961669922,,27.453166961669922
546,5469,,,-31.53595733642578,,31.53595733642578,
547,5479,,,,-31.43283462524414,,31.43283462524414
547,5479,,,-30.776256561279297,,30.776256561279297,
548,5489,,,,-25.93934440612793,,25.93934440612793
548,5489,,,-31.01123046875,,31.01123046875,
549,5499,,,,-24.47450065612793,,24.47450065612793
549,5499,,,-32.58221435546875,,32.58221435546875,
550,5509,,,,-34.40924072265625,,34.40924072265625
550,5509,,,-31.41707420349121,,31.41707420349121,
551,5519,,,,-34.93485641479492,,34.93485641479492
551,5519,,,-32.11566162109375,,32.11566162109375,
552,5529,,,,-31.859210968017578,,31.859210968017578
552,5529,,,-31.953170776367188,,31.953170776367188,
553,5539,,,,-31.20032501220703,,31.20032501220703
553,5539,,,-32.959720611572266,,32.959720611572266,
554,5549,,,,-32.8429069519043,,32.8429069519043
554,5549,,,-30.176074981689453,,30.176074981689453,
555,5559,,,,-33.39406204223633,,33.39406204223633
555,5559,,,-32.810791015625,,32.810791015625,
556,5569,,,,-34.957916259765625,,34.957916259765625
556,5569,,,-33.15504455566406,,33.15504455566406,
557,5579,,,,-23.010753631591797,,23.010753631591797
557,5579,,,-33.227481842041016,,33.227481842041016,
558,5589,,,,-45.086463928222656,,45.086463928222656
558,5589,,,-32.52702331542969,,32.52702331542969,
559,5599,,,,-35.578369140625,,35.578369140625
559,5599,,,-30.87740707397461,,30.87740707397461,
560,5609,,,,-32.79897689819336,,32.79897689819336
560,5609,,,-32.18579864501953,,32.18579864501953,
561,5619,,,,-36.27031707763672,,36.27031707763672
561,5619,,,-31.970600128173828,,31.970600128173828,
562,5629,,,,-33.142822265625,,33.142822265625
562,5629,,,-32.88836669921875,,32.88836669921875,
563,5639,,,,-39.933998107910156,,39.933998107910156
563,5639,,,-32.06400680541992,,32.06400680541992,
564,5649,,,,-29.806344985961914,,29.806344985961914
564,5649,,,-33.86957550048828,,33.86957550048828,
565,5659,,,,-31.839080810546875,,31.839080810546875
565,5659,,,-32.48552322387695,,32.48552322387695,
566,5669,,,,-31.5454158782959,,31.5454158782959
566,5669,,,-32.36426544189453,,32.36426544189453,
567,5679,,,,-22.99740982055664,,22.99740982055664
567,5679,,,-32.581539154052734,,32.581539154052734,
568,5689,,,,-35.78773498535156,,35.78773498535156
568,5689,,,-33.305503845214844,,33.305503845214844,
569,5699,,,,-44.091819763183594,,44.091819763183594
569,5699,,,-31.928821563720703,,31.928821563720703,
570,5709,,,,-33.67694854736328,,33.67694854736328
570,5709,,,-32.84769821166992,,32.84769821166992,
571,5719,,,,-40.77500534057617,,40.77500534057617
571,5719,,,-32.75054931640625,,32.75054931640625,
572,5729,,,,-36.723777770996094,,36.723777770996094
572,5729,,,-34.1202507019043,,34.1202507019043,
573,5739,,,,-31.719938278198242,,31.719938278198242
573,5739,,,-32.94111633300781,,32.94111633300781,
574,5749,,,,-34.24787139892578,,34.24787139892578
574,5749,,,-32.32692337036133,,32.32692337036133,
575,5759,,,,-32.84186935424805,,32.84186935424805
575,5759,,,-33.63918685913086,,33.63918685913086,
576,5769,,,,-30.95569610595703,,30.95569610595703
576,5769,,,-34.091827392578125,,34.091827392578125,
577,5779,,,,-32.49122619628906,,32.49122619628906
577,5779,,,-34.029388427734375,,34.029388427734375,
578,5789,,,,-22.660358428955078,,22.660358428955078
578,5789,,,-33.32076644897461,,33.32076644897461,
579,5799,,,,-28.331220626831055,,28.331220626831055
579,5799,,,-34.06357192993164,,34.06357192993164,
580,5809,,,,-31.36817169189453,,31.36817169189453
580,5809,,,-33.43709945678711,,33.43709945678711,
581,5819,,,,-21.433639526367188,,21.433639526367188
581,5819,,,-33.310791015625,,33.310791015625,
582,5829,,,,-46.17533874511719,,46.17533874511719
582,5829,,,-34.75394821166992,,34.75394821166992,
583,5839,,,,-35.80613327026367,,35.80613327026367
583,5839,,,-33.88365173339844,,33.88365173339844,
584,5849,,,,-41.783267974853516,,41.783267974853516
584,5849,,,-34.06267166137695,,34.06267166137695,
585,5859,,,,-41.791969299316406,,41.791969299316406
585,5859,,,-36.004920959472656,,36.004920959472656,
586,5869,,,,-38.55953598022461,,38.55953598022461
586,5869,,,-34.37821578979492,,34.37821578979492,
587,5879,,,,-28.973915100097656,,28.973915100097656
587,5879,,,-33.95268630981445,,33.95268630981445,
588,5889,,,,-39.97118377685547,,39.97118377685547
588,5889,,,-32.792598724365234,,32.792598724365234,
589,5899,,,,-42.83656311035156,,42.83656311035156
589,5899,,,-35.19681167602539,,35.19681167602539,
590,5909,,,,-40.81568908691406,,40.81568908691406
590,5909,,,-34.3148193359375,,34.3148193359375,
591,5919,,,,-27.083534240722656,,27.083534240722656
591,5919,,,-34.93968200683594,,34.93968200683594,
592,5929,,,,-35.66471481323242,,35.66471481323242
592,5929,,,-36.00453186035156,,36.00453186035156,
593,5939,,,,-38.6796989440918,,38.6796989440918
593,5939,,,-34.79063415527344,,34.79063415527344,
594,5949,,,,-41.16377639770508,,41.16377639770508
594,5949,,,-36.39006423950195,,36.39006423950195,
595,5959,,,,-22.628812789916992,,22.628812789916992
595,5959,,,-35.4511833190918,,35.4511833190918,
596,5969,,,,-37.35209655761719,,37.35209655761719
596,5969,,,-35.702781677246094,,35.702781677246094,
597,5979,,,,-28.218772888183594,,28.218772888183594
597,5979,,,-36.50597381591797,,36.50597381591797,
598,5989,,,,-35.763309478759766,,35.763309478759766
598,5989,,,-35.10753631591797,,35.10753631591797,
599,5999,,,,-45.22081756591797,,45.22081756591797
599,5999,,,-36.027896881103516,,36.027896881103516,
600,6009,,,,-39.99834442138672,,39.99834442138672
600,6009,,,-36.26544189453125,,36.26544189453125,
601,6019,,,,-28.094341278076172,,28.094341278076172
601,6019,,,-35.51222610473633,,35.51222610473633,
602,6029,,,,-37.25675964355469,,37.25675964355469
602,6029,,,-37.51796340942383,,37.51796340942383,
603,6039,,,,-39.51205825805664,,39.51205825805664
603,6039,,,-35.98357391357422,,35.98357391357422,
604,6049,,,,-22.804967880249023,,22.804967880249023
604,6049,,,-37.268394470214844,,37.268394470214844,
605,6059,,,,-28.53721809387207,,28.53721809387207
605,6059,,,-35.63865280151367,,35.63865280151367,
606,6069,,,,-44.761234283447266,,44.761234283447266
606,6069,,,-36.55266571044922,,36.55266571044922,
607,6079,,,,-42.271427154541016,,42.271427154541016
607,6079,,,-35.58763122558594,,35.58763122558594,
608,6089,,,,-44.25181579589844,,44.25181579589844
608,6089,,,-35.70956802368164,,35.70956802368164,
609,6099,,,,-43.66162872314453,,43.66162872314453
609,6099,,,-38.189674377441406,,38.189674377441406,
610,6109,,,,-46.281890869140625,,46.281890869140625
610,6109,,,-37.12860107421875,,37.12860107421875,
611,6119,,,,-28.59901237487793,,28.59901237487793
611,6119,,,-37.54232406616211,,37.54232406616211,
612,6129,,,,-39.470489501953125,,39.470489501953125
612,6129,,,-36.0819091796875,,36.0819091796875,
613,6139,,,,-36.3588981628418,,36.3588981628418
613,6139,,,-35.74412155151367,,35.74412155151367,
614,6149,,,,-36.439300537109375,,36.439300537109375
614,6149,,,-37.772525787353516,,37.772525787353516,
615,6159,,,,-38.626800537109375,,38.626800537109375
615,6159,,,-38.32370376586914,,38.32370376586914,
616,6169,,,,-27.56878089904785,,27.56878089904785
616,6169,,,-36.568233489990234,,36.568233489990234,
617,6179,,,,-35.820499420166016,,35.820499420166016
617,6179,,,-36.680564880371094,,36.680564880371094,
618,6189,,,,-30.582054138183594,,30.582054138183594
618,6189,,,-35.697635650634766,,35.697635650634766,
619,6199,,,,-39.33404541015625,,39.33404541015625
619,6199,,,-36.01820373535156,,36.01820373535156,
620,6209,,,,-48.60017395019531,,48.60017395019531
620,6209,,,-38.349449157714844,,38.349449157714844,
621,6219,,,,-20.98394775390625,,20.98394775390625
621,6219,,,-38.20845413208008,,38.20845413208008,
622,6229,,,,-31.764015197753906,,31.764015197753906
622,6229,,,-39.22493362426758,,39.22493362426758,
623,6239,,,,-45.888832092285156,,45.888832092285156
623,6239,,,-37.734169006347656,,37.734169006347656,
624,6249,,,,-29.283676147460938,,29.283676147460938
624,6249,,,-37.08882141113281,,37.08882141113281,
625,6259,,,,-42.8724479675293,,42.8724479675293
625,6259,,,-39.3508186340332,,39.3508186340332,
626,6269,,,,-38.73230743408203,,38.73230743408203
626,6269,,,-36.311134338378906,,36.311134338378906,
627,6279,,,,-46.624969482421875,,46.624969482421875
627,6279,,,-37.963348388671875,,37.963348388671875,
628,6289,,,,-36.66156005859375,,36.66156005859375
628,6289,,,-37.11387252807617,,37.11387252807617,
629,6299,,,,-33.81755828857422,,33.81755828857422
629,6299,,,-38.08966064453125,,38.08966064453125,
630,6309,,,,-31.653526306152344,,31.653526306152344
630,6309,,,-38.26784133911133,,38.26784133911133,
631,6319,,,,-43.188053131103516,,43.188053131103516
631,6319,,,-38.313148498535156,,38.313148498535156,
632,6329,,,,-41.478851318359375,,41.478851318359375
632,6329,,,-39.16608810424805,,39.16608810424805,
633,6339,,,,-41.013160705566406,,41.013160705566406
633,6339,,,-38.8365364074707,,38.8365364074707,
634,6349,,,,-47.93830108642578,,47.93830108642578
634,6349,,,-39.9352912902832,,39.9352912902832,
635,6359,,,,-34.47740173339844,,34.47740173339844
635,6359,,,-38.494571685791016,,38.494571685791016,
636,6369,,,,-37.21415710449219,,37.21415710449219
636,6369,,,-38.64193344116211,,38.64193344116211,
637,6379,,,,-36.247764587402344,,36.247764587402344
637,6379,,,-36.73500061035156,,36.73500061035156,
638,6389,,,,-31.645565032958984,,31.645565032958984
638,6389,,,-38.04615020751953,,38.04615020751953,
639,6399,,,,-45.73155975341797,,45.73155975341797
639,6399,,,-38.5970573425293,,38.5970573425293,
640,6409,,,,-44.852745056152344,,44.852745056152344
640,6409,,,-38.87142562866211,,38.87142562866211,
641,6419,,,,-42.5577278137207,,42.5577278137207
641,6419,,,-40.21363830566406,,40.21363830566406,
642,6429,,,,-38.55016326904297,,38.55016326904297
642,6429,,,-40.136680603027344,,40.136680603027344,
643,6439,,,,-44.0179443359375,,44.0179443359375
643,6439,,,-38.98577117919922,,38.98577117919922,
644,6449,,,,-29.45749855041504,,29.45749855041504
644,6449,,,-39.1654052734375,,39.1654052734375,
645,6459,,,,-31.82737922668457,,31.82737922668457
645,6459,,,-40.88564682006836,,40.88564682006836,
646,6469,,,,-33.829166412353516,,33.829166412353516
646,6469,,,-40.390968322753906,,40.390968322753906,
647,6479,,,,-46.50799560546875,,46.50799560546875
647,6479,,,-40.07575225830078,,40.07575225830078,
648,6489,,,,-48.145477294921875,,48.145477294921875
648,6489,,,-39.96962356567383,,39.96962356567383,
649,6499,,,,-49.21508026123047,,49.21508026123047
649,6499,,,-40.507694244384766,,40.507694244384766,
650,6509,,,,-42.27999496459961,,42.27999496459961
650,6509,,,-38.953338623046875,,38.953338623046875,
651,6519,,,,-46.13189697265625,,46.13189697265625
651,6519,,,-40.5865364074707,,40.5865364074707,
652,6529,,,,-38.62942886352539,,38.62942886352539
652,6529,,,-41.988311767578125,,41.988311767578125,
653,6539,,,,-40.54414367675781,,40.54414367675781
653,6539,,,-39.959983825683594,,39.959983825683594,
654,6549,,,,-40.488582611083984,,40.488582611083984
654,6549,,,-40.161033630371094,,40.161033630371094,
655,6559,,,,-34.321537017822266,,34.321537017822266
655,6559,,,-39.307395935058594,,39.307395935058594,
656,6569,,,,-41.57877731323242,,41.57877731323242
656,6569,,,-38.79964065551758,,38.79964065551758,
657,6579,,,,-34.785064697265625,,34.785064697265625
657,6579,,,-38.48712158203125,,38.48712158203125,
658,6589,,,,-38.13644790649414,,38.13644790649414
658,6589,,,-39.74074172973633,,39.74074172973633,
659,6599,,,,-48.51774978637695,,48.51774978637695
659,6599,,,-40.8798713684082,,40.8798713684082,
660,6609,,,,-46.21045684814453,,46.21045684814453
660,6609,,,-40.39702606201172,,40.39702606201172,
661,6619,,,,-42.08988952636719,,42.08988952636719
661,6619,,,-38.12070083618164,,38.12070083618164,
662,6629,,,,-43.1802978515625,,43.1802978515625
662,6629,,,-40.35642623901367,,40.35642623901367,
663,6639,,,,-42.52642059326172,,42.52642059326172
663,6639,,,-41.79090118408203,,41.79090118408203,
664,6649,,,,-44.14893341064453,,44.14893341064453
664,6649,,,-41.707435607910156,,41.707435607910156,
665,6659,,,,-32.84043884277344,,32.84043884277344
665,6659,,,-41.43462371826172,,41.43462371826172,
666,6669,,,,-45.55741882324219,,45.55741882324219
666,6669,,,-40.41611099243164,,40.41611099243164,
667,6679,,,,-42.4537353515625,,42.4537353515625
667,6679,,,-43.01758575439453,,43.01758575439453,
668,6689,,,,-48.46847152709961,,48.46847152709961
668,6689,,,-39.97525405883789,,39.97525405883789,
669,6699,,,,-42.33546829223633,,42.33546829223633
669,6699,,,-41.94329833984375,,41.94329833984375,
670,6709,,,,-43.46107482910156,,43.46107482910156
670,6709,,,-41.1521110534668,,41.1521110534668,
671,6719,,,,-39.41246032714844,,39.41246032714844
671,6719,,,-42.77230453491211,,42.77230453491211,
672,6729,,,,-41.20406723022461,,41.20406723022461
672,6729,,,-41.39186096191406,,41.39186096191406,
673,6739,,,,-43.44542694091797,,43.44542694091797
673,6739,,,-40.19235610961914,,40.19235610961914,
674,6749,,,,-45.296234130859375,,45.296234130859375
674,6749,,,-41.711124420166016,,41.711124420166016,
675,6759,,,,-36.18009948730469,,36.18009948730469
675,6759,,,-41.91025924682617,,41.91025924682617,
676,6769,,,,-36.94990539550781,,36.94990539550781
676,6769,,,-42.00578689575195,,42.00578689575195,
677,6779,,,,-42.04920196533203,,42.04920196533203
677,6779,,,-42.11521911621094,,42.11521911621094,
678,6789,,,,-42.129669189453125,,42.129669189453125
678,6789,,,-42.2363395690918,,42.2363395690918,
679,6799,,,,-32.26393508911133,,32.26393508911133
679,6799,,,-41.84820556640625,,41.84820556640625,
680,6809,,,,-39.630043029785156,,39.630043029785156
680,6809,,,-41.05323791503906,,41.05323791503906,
681,6819,,,,-52.07036590576172,,52.07036590576172
681,6819,,,-42.32609939575195,,42.32609939575195,
682,6829,,,,-45.239681243896484,,45.239681243896484
682,6829,,,-40.57962417602539,,40.57962417602539,
683,6839,,,,-42.47565460205078,,42.47565460205078
683,6839,,,-41.75348663330078,,41.75348663330078,
684,6849,,,,-50.380104064941406,,50.380104064941406
684,6849,,,-42.299983978271484,,42.299983978271484,
685,6859,,,,-50.46180725097656,,50.46180725097656
685,6859,,,-43.01493453979492,,43.01493453979492,
686,6869,,,,-48.569679260253906,,48.569679260253906
686,6869,,,-44.26884841918945,,44.26884841918945,
687,6879,,,,-42.89691162109375,,42.89691162109375
687,6879,,,-43.28419876098633,,43.28419876098633,
688,6889,,,,-41.460533142089844,,41.460533142089844
688,6889,,,-44.044830322265625,,44.044830322265625,
689,6899,,,,-47.618629455566406,,47.618629455566406
689,6899,,,-43.51375961303711,,43.51375961303711,
690,6909,,,,-49.82581329345703,,49.82581329345703
690,6909,,,-43.71798324584961,,43.71798324584961,
691,6919,,,,-51.856510162353516,,51.856510162353516
691,6919,,,-43.53131866455078,,43.53131866455078,
692,6929,,,,-43.8258056640625,,43.8258056640625
692,6929,,,-42.53593063354492,,42.53593063354492,
693,6939,,,,-40.67194747924805,,40.67194747924805
693,6939,,,-43.86997985839844,,43.86997985839844,
694,6949,,,,-39.12522888183594,,39.12522888183594
694,6949,,,-43.16889190673828,,43.16889190673828,
695,6959,,,,-44.01408386230469,,44.01408386230469
695,6959,,,-41.915523529052734,,41.915523529052734,
696,6969,,,,-36.07907485961914,,36.07907485961914
696,6969,,,-43.941680908203125,,43.941680908203125,
697,6979,,,,-38.822364807128906,,38.822364807128906
697,6979,,,-45.37197494506836,,45.37197494506836,
698,6989,,,,-33.67539978027344,,33.67539978027344
698,6989,,,-42.29510498046875,,42.29510498046875,
699,6999,,,,-41.727970123291016,,41.727970123291016
699,6999,,,-43.382293701171875,,43.382293701171875,
700,7009,,,,-45.63228225708008,,45.63228225708008
700,7009,,,-44.928443908691406,,44.928443908691406,
701,7019,,,,-38.900779724121094,,38.900779724121094
701,7019,,,-45.18547058105469,,45.18547058105469,
702,7029,,,,-44.079654693603516,,44.079654693603516
702,7029,,,-46.3006706237793,,46.3006706237793,
703,7039,,,,-54.67132568359375,,54.67132568359375
703,7039,,,-43.354469299316406,,43.354469299316406,
704,7049,,,,-57.98518371582031,,57.98518371582031
704,7049,,,-42.984901428222656,,42.984901428222656,
705,7059,,,,-29.945358276367188,,29.945358276367188
705,7059,,,-44.14165496826172,,44.14165496826172,
706,7069,,,,-44.28715515136719,,44.28715515136719
706,7069,,,-44.502498626708984,,44.502498626708984,
707,7079,,,,-48.302894592285156,,48.302894592285156
707,7079,,,-45.09394454956055,,45.09394454956055,
708,7089,,,,-41.40315628051758,,41.40315628051758
708,7089,,,-44.901851654052734,,44.901851654052734,
709,7099,,,,-50.843833923339844,,50.843833923339844
709,7099,,,-45.06438064575195,,45.06438064575195,
710,7109,,,,-42.84545135498047,,42.84545135498047
710,7109,,,-43.90769577026367,,43.90769577026367,
711,7119,,,,-40.32339859008789,,40.32339859008789
711,7119,,,-45.69683074951172,,45.69683074951172,
712,7129,,,,-48.432952880859375,,48.432952880859375
712,7129,,,-45.683319091796875,,45.683319091796875,
713,7139,,,,-35.795555114746094,,35.795555114746094
713,7139,,,-44.32314682006836,,44.32314682006836,
714,7149,,,,-46.65693283081055,,46.65693283081055
714,7149,,,-43.75260543823242,,43.75260543823242,
715,7159,,,,-44.070281982421875,,44.070281982421875
715,7159,,,-45.991024017333984,,45.991024017333984,
716,7169,,,,-53.091705322265625,,53.091705322265625
716,7169,,,-44.63237380981445,,44.63237380981445,
717,7179,,,,-32.753902435302734,,32.753902435302734
717,7179,,,-44.32504653930664,,44.32504653930664,
718,7189,,,,-47.42131423950195,,47.42131423950195
718,7189,,,-44.718929290771484,,44.718929290771484,
719,7199,,,,-55.05809783935547,,55.05809783935547
719,7199,,,-45.3049201965332,,45.3049201965332,
720,7209,,,,-40.05536651611328,,40.05536651611328
720,7209,,,-45.179298400878906,,45.179298400878906,
721,7219,,,,-45.1510124206543,,45.1510124206543
721,7219,,,-45.7222900390625,,45.7222900390625,
722,7229,,,,-36.85508728027344,,36.85508728027344
722,7229,,,-45.81233596801758,,45.81233596801758,
723,7239,,,,-49.969261169433594,,49.969261169433594
723,7239,,,-46.79015350341797,,46.79015350341797,
724,7249,,,,-49.16010284423828,,49.16010284423828
724,7249,,,-44.772335052490234,,44.772335052490234,
725,7259,,,,-49.71982955932617,,49.71982955932617
725,7259,,,-43.433616638183594,,43.433616638183594,
726,7269,,,,-43.774635314941406,,43.774635314941406
726,7269,,,-43.91032028198242,,43.91032028198242,
727,7279,,,,-43.320945739746094,,43.320945739746094
727,7279,,,-43.69278335571289,,43.69278335571289,
728,7289,,,,-50.72429275512695,,50.72429275512695
728,7289,,,-46.155208587646484,,46.155208587646484,
729,7299,,,,-46.46331024169922,,46.46331024169922
729,7299,,,-44.635589599609375,,44.635589599609375,
730,7309,,,,-49.81852722167969,,49.81852722167969
730,7309,,,-47.66710662841797,,47.66710662841797,
731,7319,,,,-46.00817108154297,,46.00817108154297
731,7319,,,-44.562374114990234,,44.562374114990234,
732,7329,,,,-51.29359436035156,,51.29359436035156
732,7329,,,-47.0700798034668,,47.0700798034668,
733,7339,,,,-50.33696746826172,,50.33696746826172
733,7339,,,-45.43496322631836,,45.43496322631836,
734,7349,,,,-50.24518585205078,,50.24518585205078
734,7349,,,-45.256385803222656,,45.256385803222656,
735,7359,,,,-44.815765380859375,,44.815765380859375
735,7359,,,-46.10387420654297,,46.10387420654297,
736,7369,,,,-53.34486389160156,,53.34486389160156
736,7369,,,-46.57469940185547,,46.57469940185547,
737,7379,,,,-57.139373779296875,,57.139373779296875
737,7379,,,-46.54909896850586,,46.54909896850586,
738,7389,,,,-48.848533630371094,,48.848533630371094
738,7389,,,-46.97956085205078,,46.97956085205078,
739,7399,,,,-43.98820114135742,,43.98820114135742
739,7399,,,-44.69633102416992,,44.69633102416992,
740,7409,,,,-41.866294860839844,,41.866294860839844
740,7409,,,-46.31156539916992,,46.31156539916992,
741,7419,,,,-51.314735412597656,,51.314735412597656
741,7419,,,-45.37546157836914,,45.37546157836914,
742,7429,,,,-48.640830993652344,,48.640830993652344
742,7429,,,-48.60515594482422,,48.60515594482422,
743,7439,,,,-37.36227035522461,,37.36227035522461
743,7439,,,-47.60551452636719,,47.60551452636719,
744,7449,,,,-48.625728607177734,,48.625728607177734
744,7449,,,-46.412925720214844,,46.412925720214844,
745,7459,,,,-56.07268524169922,,56.07268524169922
745,7459,,,-44.990291595458984,,44.990291595458984,
746,7469,,,,-46.69493865966797,,46.69493865966797
746,7469,,,-44.39896011352539,,44.39896011352539,
747,7479,,,,-40.631370544433594,,40.631370544433594
747,7479,,,-46.8393440246582,,46.8393440246582,
748,7489,,,,-50.45130157470703,,50.45130157470703
748,7489,,,-46.84349822998047,,46.84349822998047,
749,7499,,,,-34.93601989746094,,34.93601989746094
749,7499,,,-47.422420501708984,,47.422420501708984,
750,7509,,,,-39.350425720214844,,39.350425720214844
750,7509,,,-48.1628303527832,,48.1628303527832,
751,7519,,,,-50.65720748901367,,50.65720748901367
751,7519,,,-48.00526809692383,,48.00526809692383,
752,7529,,,,-50.53529357910156,,50.53529357910156
752,7529,,,-45.524375915527344,,45.524375915527344,
753,7539,,,,-38.78767395019531,,38.78767395019531
753,7539,,,-46.4439697265625,,46.4439697265625,
754,7549,,,,-50.87706756591797,,50.87706756591797
754,7549,,,-49.81248092651367,,49.81248092651367,
755,7559,,,,-40.397308349609375,,40.397308349609375
755,7559,,,-47.447696685791016,,47.447696685791016,
756,7569,,,,-50.229652404785156,,50.229652404785156
756,7569,,,-48.165523529052734,,48.165523529052734,
757,7579,,,,-47.11759948730469,,47.11759948730469
757,7579,,,-47.08111572265625,,47.08111572265625,
758,7589,,,,-39.58603286743164,,39.58603286743164
758,7589,,,-49.246864318847656,,49.246864318847656,
759,7599,,,,-58.228965759277344,,58.228965759277344
759,7599,,,-46.704750061035156,,46.704750061035156,
760,7609,,,,-52.370758056640625,,52.370758056640625
760,7609,,,-46.99806594848633,,46.99806594848633,
761,7619,,,,-38.85722732543945,,38.85722732543945
761,7619,,,-46.97409439086914,,46.97409439086914,
762,7629,,,,-53.72848129272461,,53.72848129272461
762,7629,,,-45.56446075439453,,45.56446075439453,
763,7639,,,,-38.92874526977539,,38.92874526977539
763,7639,,,-49.443565368652344,,49.443565368652344,
764,7649,,,,-38.610511779785156,,38.610511779785156
764,7649,,,-47.1155891418457,,47.1155891418457,
765,7659,,,,-30.692981719970703,,30.692981719970703
765,7659,,,-47.88833999633789,,47.88833999633789,
766,7669,,,,-51.17828369140625,,51.17828369140625
766,7669,,,-48.899024963378906,,48.899024963378906,
767,7679,,,,-55.033084869384766,,55.033084869384766
767,7679,,,-48.279266357421875,,48.279266357421875,
768,7689,,,,-53.14289093017578,,53.14289093017578
768,7689,,,-48.2381706237793,,48.2381706237793,
769,7699,,,,-59.30756378173828,,59.30756378173828
769,7699,,,-48.77337646484375,,48.77337646484375,
770,7709,,,,-45.295387268066406,,45.295387268066406
770,7709,,,-48.823158264160156,,48.823158264160156,
771,7719,,,,-44.142906188964844,,44.142906188964844
771,7719,,,-51.77527618408203,,51.77527618408203,
772,7729,,,,-59.05829620361328,,59.05829620361328
772,7729,,,-49.30130386352539,,49.30130386352539,
773,7739,,,,-44.51327133178711,,44.51327133178711
773,7739,,,-49.17003631591797,,49.17003631591797,
774,7749,,,,-47.57023620605469,,47.57023620605469
774,7749,,,-50.758506774902344,,50.758506774902344,
775,7759,,,,-41.054771423339844,,41.054771423339844
775,7759,,,-50.11328125,,50.11328125,
776,7769,,,,-51.88019943237305,,51.88019943237305
776,7769,,,-48.01142501831055,,48.01142501831055,
777,7779,,,,-39.48819351196289,,39.48819351196289
777,7779,,,-49.461158752441406,,49.461158752441406,
778,7789,,,,-54.23503494262695,,54.23503494262695
778,7789,,,-49.45155334472656,,49.45155334472656,
779,7799,,,,-57.71855163574219,,57.71855163574219
779,7799,,,-46.605491638183594,,46.605491638183594,
780,7809,,,,-67.09083557128906,,67.09083557128906
780,7809,,,-50.063194274902344,,50.063194274902344,
781,7819,,,,-48.5682373046875,,48.5682373046875
781,7819,,,-48.594085693359375,,48.594085693359375,
782,7829,,,,-39.761199951171875,,39.761199951171875
782,7829,,,-49.50611114501953,,49.50611114501953,
783,7839,,,,-47.53900909423828,,47.53900909423828
783,7839,,,-50.29103469848633,,50.29103469848633,
784,7849,,,,-50.35599899291992,,50.35599899291992
784,7849,,,-49.728668212890625,,49.728668212890625,
785,7859,,,,-40.723480224609375,,40.723480224609375
785,7859,,,-49.67845153808594,,49.67845153808594,
786,7869,,,,-55.01829528808594,,55.01829528808594
786,7869,,,-50.56611633300781,,50.56611633300781,
787,7879,,,,-60.76219940185547,,60.76219940185547
787,7879,,,-48.586273193359375,,48.586273193359375,
788,7889,,,,-48.17942810058594,,48.17942810058594
788,7889,,,-49.32489013671875,,49.32489013671875,
789,7899,,,,-52.336082458496094,,52.336082458496094
789,7899,,,-49.54029083251953,,49.54029083251953,
790,7909,,,,-46.39250946044922,,46.39250946044922
790,7909,,,-49.200748443603516,,49.200748443603516,
791,7919,,,,-54.53440856933594,,54.53440856933594
791,7919,,,-48.84354019165039,,48.84354019165039,
792,7929,,,,-63.929534912109375,,63.929534912109375
792,7929,,,-52.30292892456055,,52.30292892456055,
793,7939,,,,-51.85348892211914,,51.85348892211914
793,7939,,,-50.382774353027344,,50.382774353027344,
794,7949,,,,-60.563358306884766,,60.563358306884766
794,7949,,,-51.798309326171875,,51.798309326171875,
795,7959,,,,-51.510658264160156,,51.510658264160156
795,7959,,,-53.35660934448242,,53.35660934448242,
796,7969,,,,-50.561561584472656,,50.561561584472656
796,7969,,,-52.20945358276367,,52.20945358276367,
797,7979,,,,-51.72275924682617,,51.72275924682617
797,7979,,,-51.87420654296875,,51.87420654296875,
798,7989,,,,-44.12327194213867,,44.12327194213867
798,7989,,,-48.757530212402344,,48.757530212402344,
799,7999,,,,-53.334903717041016,,53.334903717041016
799,7999,,,-52.991539001464844,,52.991539001464844,
800,8009,,,,-46.42931365966797,,46.42931365966797
800,8009,,,-51.49570083618164,,51.49570083618164,
801,8019,,,,-56.27501678466797,,56.27501678466797
801,8019,,,-49.82203674316406,,49.82203674316406,
802,8029,,,,-59.02473831176758,,59.02473831176758
802,8029,,,-51.500709533691406,,51.500709533691406,
803,8039,,,,-54.047977447509766,,54.047977447509766
803,8039,,,-51.23963165283203,,51.23963165283203,
804,8049,,,,-42.52433776855469,,42.52433776855469
804,8049,,,-52.065364837646484,,52.065364837646484,
805,8059,,,,-48.87079620361328,,48.87079620361328
805,8059,,,-51.00080108642578,,51.00080108642578,
806,8069,,,,-52.74153518676758,,52.74153518676758
806,8069,,,-51.2401237487793,,51.2401237487793,
807,8079,,,,-42.47003936767578,,42.47003936767578
807,8079,,,-53.3859748840332,,53.3859748840332,
808,8089,,,,-66.86299133300781,,66.86299133300781
808,8089,,,-53.533119201660156,,53.533119201660156,
809,8099,,,,-43.80434036254883,,43.80434036254883
809,8099,,,-52.72429656982422,,52.72429656982422,
810,8109,,,,-56.226524353027344,,56.226524353027344
810,8109,,,-52.451751708984375,,52.451751708984375,
811,8119,,,,-58.939491271972656,,58.939491271972656
811,8119,,,-52.414058685302734,,52.414058685302734,
812,8129,,,,-37.109710693359375,,37.109710693359375
812,8129,,,-52.73943328857422,,52.73943328857422,
813,8139,,,,-68.01365661621094,,68.01365661621094
813,8139,,,-52.3019905090332,,52.3019905090332,
814,8149,,,,-54.10481262207031,,54.10481262207031
814,8149,,,-52.11573028564453,,52.11573028564453,
815,8159,,,,-62.0240592956543,,62.0240592956543
815,8159,,,-53.26712417602539,,53.26712417602539,
816,8169,,,,-55.99617004394531,,55.99617004394531
816,8169,,,-52.99615478515625,,52.99615478515625,
817,8179,,,,-54.16969299316406,,54.16969299316406
817,8179,,,-50.754150390625,,50.754150390625,
818,8189,,,,-59.2105598449707,,59.2105598449707
818,8189,,,-54.56678009033203,,54.56678009033203,
819,8199,,,,-54.349693298339844,,54.349693298339844
819,8199,,,-52.02629470825195,,52.02629470825195,
820,8209,,,,-43.63301086425781,,43.63301086425781
820,8209,,,-53.41843032836914,,53.41843032836914,
821,8219,,,,-41.89524459838867,,41.89524459838867
821,8219,,,-54.75331115722656,,54.75331115722656,
822,8229,,,,-57.57257080078125,,57.57257080078125
822,8229,,,-54.7474250793457,,54.7474250793457,
823,8239,,,,-53.61964797973633,,53.61964797973633
823,8239,,,-54.51929473876953,,54.51929473876953,
824,8249,,,,-42.32189178466797,,42.32189178466797
824,8249,,,-50.780235290527344,,50.780235290527344,
825,8259,,,,-45.4033088684082,,45.4033088684082
825,8259,,,-54.64931869506836,,54.64931869506836,
826,8269,,,,-49.0831298828125,,49.0831298828125
826,8269,,,-52.606964111328125,,52.606964111328125,
827,8279,,,,-55.138545989990234,,55.138545989990234
827,8279,,,-53.068023681640625,,53.068023681640625,
828,8289,,,,-37.515464782714844,,37.515464782714844
828,8289,,,-52.40522003173828,,52.40522003173828,
829,8299,,,,-49.46653747558594,,49.46653747558594
829,8299,,,-55.7313117980957,,55.7313117980957,
830,8309,,,,-59.3114128112793,,59.3114128112793
830,8309,,,-54.43829345703125,,54.43829345703125,
831,8319,,,,-63.745582580566406,,63.745582580566406
831,8319,,,-54.716243743896484,,54.716243743896484,
832,8329,,,,-63.59135437011719,,63.59135437011719
832,8329,,,-54.29209518432617,,54.29209518432617,
833,8339,,,,-60.42681121826172,,60.42681121826172
833,8339,,,-55.73163604736328,,55.73163604736328,
834,8349,,,,-47.500404357910156,,47.500404357910156
834,8349,,,-55.912208557128906,,55.912208557128906,
835,8359,,,,-55.45631408691406,,55.45631408691406
835,8359,,,-55.63807678222656,,55.63807678222656,
836,8369,,,,-53.62783432006836,,53.62783432006836
836,8369,,,-54.40117645263672,,54.40117645263672,
837,8379,,,,-53.78458786010742,,53.78458786010742
837,8379,,,-54.75168991088867,,54.75168991088867,
838,8389,,,,-59.99085235595703,,59.99085235595703
838,8389,,,-52.308349609375,,52.308349609375,
839,8399,,,,-62.14223098754883,,62.14223098754883
839,8399,,,-54.9918098449707,,54.9918098449707,
840,8409,,,,-47.895687103271484,,47.895687103271484
840,8409,,,-57.480228424072266,,57.480228424072266,
841,8419,,,,-56.004371643066406,,56.004371643066406
841,8419,,,-56.41461181640625,,56.41461181640625,
842,8429,,,,-62.315242767333984,,62.315242767333984
842,8429,,,-54.827030181884766,,54.827030181884766,
843,8439,,,,-59.307769775390625,,59.307769775390625
843,8439,,,-56.96687316894531,,56.96687316894531,
844,8449,,,,-44.963069915771484,,44.963069915771484
844,8449,,,-55.250240325927734,,55.250240325927734,
845,8459,,,,-53.638916015625,,53.638916015625
845,8459,,,-58.32950973510742,,58.32950973510742,
846,8469,,,,-54.90282440185547,,54.90282440185547
846,8469,,,-56.304161071777344,,56.304161071777344,
847,8479,,,,-60.459476470947266,,60.459476470947266
847,8479,,,-54.550010681152344,,54.550010681152344,
848,8489,,,,-53.92125701904297,,53.92125701904297
848,8489,,,-56.313560485839844,,56.313560485839844,
849,8499,,,,-52.289859771728516,,52.289859771728516
849,8499,,,-58.41239929199219,,58.41239929199219,
850,8509,,,,-67.113525390625,,67.113525390625
850,8509,,,-56.69255828857422,,56.69255828857422,
851,8519,,,,-51.44518280029297,,51.44518280029297
851,8519,,,-57.922245025634766,,57.922245025634766,
852,8529,,,,-54.925880432128906,,54.925880432128906
852,8529,,,-58.03807067871094,,58.03807067871094,
853,8539,,,,-57.376060485839844,,57.376060485839844
853,8539,,,-56.237918853759766,,56.237918853759766,
854,8549,,,,-53.08869171142578,,53.08869171142578
854,8549,,,-57.03263473510742,,57.03263473510742,
855,8559,,,,-48.16407775878906,,48.16407775878906
855,8559,,,-54.59320831298828,,54.59320831298828,
856,8569,,,,-65.1363296508789,,65.1363296508789
856,8569,,,-60.48685836791992,,60.48685836791992,
857,8579,,,,-63.01275634765625,,63.01275634765625
857,8579,,,-57.877994537353516,,57.877994537353516,
858,8589,,,,-71.78492736816406,,71.78492736816406
858,8589,,,-56.879058837890625,,56.879058837890625,
859,8599,,,,-40.06428146362305,,40.06428146362305
859,8599,,,-59.40425491333008,,59.40425491333008,
860,8609,,,,-58.21469497680664,,58.21469497680664
860,8609,,,-59.17434310913086,,59.17434310913086,
861,8619,,,,-41.01084518432617,,41.01084518432617
861,8619,,,-58.97836685180664,,58.97836685180664,
862,8629,,,,-53.857177734375,,53.857177734375
862,8629,,,-60.29249954223633,,60.29249954223633,
863,8639,,,,-65.63005065917969,,65.63005065917969
863,8639,,,-59.73024368286133,,59.73024368286133,
864,8649,,,,-54.07695007324219,,54.07695007324219
864,8649,,,-59.89411544799805,,59.89411544799805,
865,8659,,,,-61.1721305847168,,61.1721305847168
865,8659,,,-59.30031967163086,,59.30031967163086,
866,8669,,,,-67.18905639648438,,67.18905639648438
866,8669,,,-59.62620162963867,,59.62620162963867,
867,8679,,,,-61.300994873046875,,61.300994873046875
867,8679,,,-59.90446853637695,,59.90446853637695,
868,8689,,,,-42.5906867980957,,42.5906867980957
868,8689,,,-58.103485107421875,,58.103485107421875,
869,8699,,,,-62.04615020751953,,62.04615020751953
869,8699,,,-57.719276428222656,,57.719276428222656,
870,8709,,,,-72.78059387207031,,72.78059387207031
870,8709,,,-59.85400390625,,59.85400390625,
871,8719,,,,-63.80921173095703,,63.80921173095703
871,8719,,,-59.085514068603516,,59.085514068603516,
872,8729,,,,-44.17777633666992,,44.17777633666992
872,8729,,,-57.11301040649414,,57.11301040649414,
873,8739,,,,-57.206321716308594,,57.206321716308594
873,8739,,,-56.81906509399414,,56.81906509399414,
874,8749,,,,-54.52185821533203,,54.52185821533203
874,8749,,,-56.879390716552734,,56.879390716552734,
875,8759,,,,-69.26301574707031,,69.26301574707031
875,8759,,,-58.2851448059082,,58.2851448059082,
876,8769,,,,-68.17193603515625,,68.17193603515625
876,8769,,,-58.03678512573242,,58.03678512573242,
877,8779,,,,-73.37742614746094,,73.37742614746094
877,8779,,,-58.87593078613281,,58.87593078613281,
878,8789,,,,-65.32804107666016,,65.32804107666016
878,8789,,,-61.9069709777832,,61.9069709777832,
879,8799,,,,-56.852272033691406,,56.852272033691406
879,8799,,,-57.57958984375,,57.57958984375,
880,8809,,,,-68.96662139892578,,68.96662139892578
880,8809,,,-60.814823150634766,,60.814823150634766,
881,8819,,,,-65.12428283691406,,65.12428283691406
881,8819,,,-60.74077606201172,,60.74077606201172,
882,8829,,,,-52.584320068359375,,52.584320068359375
882,8829,,,-59.1971435546875,,59.1971435546875,
883,8839,,,,-50.758602142333984,,50.758602142333984
883,8839,,,-60.40240478515625,,60.40240478515625,
884,8849,,,,-64.25383758544922,,64.25383758544922
884,8849,,,-59.77975082397461,,59.77975082397461,
885,8859,,,,-39.3238410949707,,39.3238410949707
885,8859,,,-60.535213470458984,,60.535213470458984,
886,8869,,,,-69.97459411621094,,69.97459411621094
886,8869,,,-61.193721771240234,,61.193721771240234,
887,8879,,,,-54.55146789550781,,54.55146789550781
887,8879,,,-63.42715072631836,,63.42715072631836,
888,8889,,,,-78.67029571533203,,78.67029571533203
888,8889,,,-63.39802169799805,,63.39802169799805,
889,8899,,,,-64.81475067138672,,64.81475067138672
889,8899,,,-61.223751068115234,,61.223751068115234,
890,8909,,,,-51.893348693847656,,51.893348693847656
890,8909,,,-59.176143646240234,,59.176143646240234,
891,8919,,,,-52.915443420410156,,52.915443420410156
891,8919,,,-59.04104995727539,,59.04104995727539,
892,8929,,,,-54.8292350769043,,54.8292350769043
892,8929,,,-59.681983947753906,,59.681983947753906,
893,8939,,,,-60.8253288269043,,60.8253288269043
893,8939,,,-62.30198669433594,,62.30198669433594,
894,8949,,,,-52.73485565185547,,52.73485565185547
894,8949,,,-62.35356521606445,,62.35356521606445,
895,8959,,,,-79.71702575683594,,79.71702575683594
895,8959,,,-61.406131744384766,,61.406131744384766,
896,8969,,,,-59.427215576171875,,59.427215576171875
896,8969,,,-62.66693115234375,,62.66693115234375,
897,8979,,,,-52.346336364746094,,52.346336364746094
897,8979,,,-57.57872009277344,,57.57872009277344,
898,8989,,,,-66.91695404052734,,66.91695404052734
898,8989,,,-61.961700439453125,,61.961700439453125,
899,8999,,,,-58.601112365722656,,58.601112365722656
899,8999,,,-60.460609436035156,,60.460609436035156,
900,9009,,,,-56.69491958618164,,56.69491958618164
900,9009,,,-61.89776611328125,,61.89776611328125,
901,9019,,,,-56.413330078125,,56.413330078125
901,9019,,,-62.16294479370117,,62.16294479370117,
902,9029,,,,-46.98581314086914,,46.98581314086914
902,9029,,,-60.65058135986328,,60.65058135986328,
903,9039,,,,-65.89886474609375,,65.89886474609375
903,9039,,,-61.86430358886719,,61.86430358886719,
904,9049,,,,-52.2436637878418,,52.2436637878418
904,9049,,,-60.0887451171875,,60.0887451171875,
905,9059,,,,-54.587738037109375,,54.587738037109375
905,9059,,,-61.546085357666016,,61.546085357666016,
906,9069,,,,-75.27183532714844,,75.27183532714844
906,9069,,,-66.04058837890625,,66.04058837890625,
907,9079,,,,-73.84266662597656,,73.84266662597656
907,9079,,,-61.54159927368164,,61.54159927368164,
908,9089,,,,-60.8710823059082,,60.8710823059082
908,9089,,,-62.729000091552734,,62.729000091552734,
909,9099,,,,-48.553775787353516,,48.553775787353516
909,9099,,,-64.79096984863281,,64.79096984863281,
910,9109,,,,-69.38007354736328,,69.38007354736328
910,9109,,,-64.48648834228516,,64.48648834228516,
911,9119,,,,-54.25806427001953,,54.25806427001953
911,9119,,,-64.1668701171875,,64.1668701171875,
912,9129,,,,-47.62273406982422,,47.62273406982422
912,9129,,,-62.49078369140625,,62.49078369140625,
913,9139,,,,-68.36784362792969,,68.36784362792969
913,9139,,,-63.85383605957031,,63.85383605957031,
914,9149,,,,-55.55127716064453,,55.55127716064453
914,9149,,,-60.98616027832031,,60.98616027832031,
915,9159,,,,-65.61829376220703,,65.61829376220703
915,9159,,,-64.07647705078125,,64.07647705078125,
916,9169,,,,-69.50843811035156,,69.50843811035156
916,9169,,,-63.92625427246094,,63.92625427246094,
917,9179,,,,-63.819358825683594,,63.819358825683594
917,9179,,,-60.815589904785156,,60.815589904785156,
918,9189,,,,-67.98119354248047,,67.98119354248047
918,9189,,,-68.88711547851562,,68.88711547851562,
919,9199,,,,-67.17189025878906,,67.17189025878906
919,9199,,,-64.67224884033203,,64.67224884033203,
920,9209,,,,-61.606353759765625,,61.606353759765625
920,9209,,,-61.51235580444336,,61.51235580444336,
921,9219,,,,-66.80525207519531,,66.80525207519531
921,9219,,,-63.46147537231445,,63.46147537231445,
922,9229,,,,-74.3342056274414,,74.3342056274414
922,9229,,,-65.12531280517578,,65.12531280517578,
923,9239,,,,-65.6811294555664,,65.6811294555664
923,9239,,,-65.41826629638672,,65.41826629638672,
924,9249,,,,-55.167667388916016,,55.167667388916016
924,9249,,,-65.6949691772461,,65.6949691772461,
925,9259,,,,-57.59329605102539,,57.59329605102539
925,9259,,,-61.69435119628906,,61.69435119628906,
926,9269,,,,-72.94322204589844,,72.94322204589844
926,9269,,,-63.801090240478516,,63.801090240478516,
927,9279,,,,-64.80722045898438,,64.80722045898438
927,9279,,,-62.20849609375,,62.20849609375,
928,9289,,,,-45.331825256347656,,45.331825256347656
928,9289,,,-62.8760986328125,,62.8760986328125,
929,9299,,,,-73.66549682617188,,73.66549682617188
929,9299,,,-64.70867919921875,,64.70867919921875,
930,9309,,,,-70.93595886230469,,70.93595886230469
930,9309,,,-64.9614486694336,,64.9614486694336,
931,9319,,,,-59.1673583984375,,59.1673583984375
931,9319,,,-65.35368347167969,,65.35368347167969,
932,9329,,,,-70.49227905273438,,70.49227905273438
932,9329,,,-63.07062911987305,,63.07062911987305,
933,9339,,,,-56.262020111083984,,56.262020111083984
933,9339,,,-64.35328674316406,,64.35328674316406,
934,9349,,,,-64.17948913574219,,64.17948913574219
934,9349,,,-63.94283676147461,,63.94283676147461,
935,9359,,,,-54.724300384521484,,54.724300384521484
935,9359,,,-63.161033630371094,,63.161033630371094,
936,9369,,,,-60.26591110229492,,60.26591110229492
936,9369,,,-64.64045715332031,,64.64045715332031,
937,9379,,,,-70.94279479980469,,70.94279479980469
937,9379,,,-63.97686004638672,,63.97686004638672,
938,9389,,,,-62.68940734863281,,62.68940734863281
938,9389,,,-61.12353515625,,61.12353515625,
939,9399,,,,-62.30851364135742,,62.30851364135742
939,9399,,,-64.78874206542969,,64.78874206542969,
940,9409,,,,-49.10093688964844,,49.10093688964844
940,9409,,,-66.04843139648438,,66.04843139648438,
941,9419,,,,-65.7615737915039,,65.7615737915039
941,9419,,,-65.14952087402344,,65.14952087402344,
942,9429,,,,-75.25914001464844,,75.25914001464844
942,9429,,,-67.03755950927734,,67.03755950927734,
943,9439,,,,-67.8862075805664,,67.8862075805664
943,9439,,,-63.015804290771484,,63.015804290771484,
944,9449,,,,-72.05615997314453,,72.05615997314453
944,9449,,,-66.39140319824219,,66.39140319824219,
945,9459,,,,-60.563880920410156,,60.563880920410156
945,9459,,,-64.83488464355469,,64.83488464355469,
946,9469,,,,-68.50369262695312,,68.50369262695312
946,9469,,,-67.38017272949219,,67.38017272949219,
947,9479,,,,-68.1611099243164,,68.1611099243164
947,9479,,,-66.0318374633789,,66.0318374633789,
948,9489,,,,-64.03507232666016,,64.03507232666016
948,9489,,,-68.21199035644531,,68.21199035644531,
949,9499,,,,-72.3545913696289,,72.3545913696289
949,9499,,,-64.97551727294922,,64.97551727294922,
950,9509,,,,-76.13459777832031,,76.13459777832031
950,9509,,,-66.20671081542969,,66.20671081542969,
951,9519,,,,-66.61763763427734,,66.61763763427734
951,9519,,,-68.233642578125,,68.233642578125,
952,9529,,,,-69.16888427734375,,69.16888427734375
952,9529,,,-64.422607421875,,64.422607421875,
953,9539,,,,-60.77798080444336,,60.77798080444336
953,9539,,,-66.1552963256836,,66.1552963256836,
954,9549,,,,-47.471282958984375,,47.471282958984375
954,9549,,,-67.75940704345703,,67.75940704345703,
955,9559,,,,-65.776123046875,,65.776123046875
955,9559,,,-64.85520935058594,,64.85520935058594,
956,9569,,,,-55.42327880859375,,55.42327880859375
956,9569,,,-67.94618225097656,,67.94618225097656,
957,9579,,,,-69.44793701171875,,69.44793701171875
957,9579,,,-67.82637786865234,,67.82637786865234,
958,9589,,,,-81.64175415039062,,81.64175415039062
958,9589,,,-64.3345718383789,,64.3345718383789,
959,9599,,,,-69.51346588134766,,69.51346588134766
959,9599,,,-69.81415557861328,,69.81415557861328,
960,9609,,,,-87.64433288574219,,87.64433288574219
960,9609,,,-68.08799743652344,,68.08799743652344,
961,9619,,,,-74.1213607788086,,74.1213607788086
961,9619,,,-66.90589141845703,,66.90589141845703,
962,9629,,,,-77.15886688232422,,77.15886688232422
962,9629,,,-63.806236267089844,,63.806236267089844,
963,9639,,,,-70.0905990600586,,70.0905990600586
963,9639,,,-69.10315704345703,,69.10315704345703,
964,9649,,,,-71.13429260253906,,71.13429260253906
964,9649,,,-67.7906723022461,,67.7906723022461,
965,9659,,,,-70.12065124511719,,70.12065124511719
965,9659,,,-67.40904235839844,,67.40904235839844,
966,9669,,,,-48.19253158569336,,48.19253158569336
966,9669,,,-66.06742858886719,,66.06742858886719,
967,9679,,,,-71.38191223144531,,71.38191223144531
967,9679,,,-68.4405517578125,,68.4405517578125,
968,9689,,,,-69.61107635498047,,69.61107635498047
968,9689,,,-67.99092102050781,,67.99092102050781,
969,9699,,,,-66.67898559570312,,66.67898559570312
969,9699,,,-68.1087875366211,,68.1087875366211,
970,9709,,,,-63.17329406738281,,63.17329406738281
970,9709,,,-67.60133361816406,,67.60133361816406,
971,9719,,,,-84.94733428955078,,84.94733428955078
971,9719,,,-67.2200927734375,,67.2200927734375,
972,9729,,,,-71.0916748046875,,71.0916748046875
972,9729,,,-67.93287658691406,,67.93287658691406,
973,9739,,,,-62.67572784423828,,62.67572784423828
973,9739,,,-66.82256317138672,,66.82256317138672,
974,9749,,,,-61.80405807495117,,61.80405807495117
974,9749,,,-68.74593353271484,,68.74593353271484,
975,9759,,,,-92.6906509399414,,92.6906509399414
975,9759,,,-69.62802124023438,,69.62802124023438,
976,9769,,,,-78.0583267211914,,78.0583267211914
976,9769,,,-71.12905883789062,,71.12905883789062,
977,9779,,,,-85.17988586425781,,85.17988586425781
977,9779,,,-68.51554870605469,,68.51554870605469,
978,9789,,,,-54.2356071472168,,54.2356071472168
978,9789,,,-65.2385482788086,,65.2385482788086,
979,9799,,,,-80.01720428466797,,80.01720428466797
979,9799,,,-70.89048767089844,,70.89048767089844,
980,9809,,,,-59.464202880859375,,59.464202880859375
980,9809,,,-67.57916259765625,,67.57916259765625,
981,9819,,,,-57.52354049682617,,57.52354049682617
981,9819,,,-67.13844299316406,,67.13844299316406,
982,9829,,,,-70.87029266357422,,70.87029266357422
982,9829,,,-66.38939666748047,,66.38939666748047,
983,9839,,,,-87.04371643066406,,87.04371643066406
983,9839,,,-65.33995056152344,,65.33995056152344,
984,9849,,,,-63.1571044921875,,63.1571044921875
984,9849,,,-70.21504974365234,,70.21504974365234,
985,9859,,,,-72.72579956054688,,72.72579956054688
985,9859,,,-70.71930694580078,,70.71930694580078,
986,9869,,,,-58.15105056762695,,58.15105056762695
986,9869,,,-67.82483673095703,,67.82483673095703,
987,9879,,,,-69.55584716796875,,69.55584716796875
987,9879,,,-69.18733215332031,,69.18733215332031,
988,9889,,,,-48.54119873046875,,48.54119873046875
988,9889,,,-66.9345703125,,66.9345703125,
989,9899,,,,-69.10177612304688,,69.10177612304688
989,9899,,,-68.9491195678711,,68.9491195678711,
990,9909,,,,-92.19375610351562,,92.19375610351562
990,9909,,,-71.25418853759766,,71.25418853759766,
991,9919,,,,-71.50524139404297,,71.50524139404297
991,9919,,,-68.00221252441406,,68.00221252441406,
992,9929,,,,-51.642677307128906,,51.642677307128906
992,9929,,,-71.10514831542969,,71.10514831542969,
993,9939,,,,-81.28131866455078,,81.28131866455078
993,9939,,,-70.7699203491211,,70.7699203491211,
994,9949,,,,-69.94578552246094,,69.94578552246094
994,9949,,,-71.30338287353516,,71.30338287353516,
995,9959,,,,-81.16963195800781,,81.16963195800781
995,9959,,,-69.91114807128906,,69.91114807128906,
996,9969,,,,-87.94854736328125,,87.94854736328125
996,9969,,,-71.93758392333984,,71.93758392333984,
997,9979,,,,-60.63972091674805,,60.63972091674805
997,9979,,,-67.5880126953125,,67.5880126953125,
998,9989,,,,-70.53474426269531,,70.53474426269531
998,9989,,,-69.41796875,,69.41796875,
999,9999,,,,-58.029056549072266,,58.029056549072266
999,9999,,,-69.57549285888672,,69.57549285888672,
1000,10000,-68.11859130859375,68.11859130859375,,,,
