epoch,step,test_loss,test_renyi_lb,train_loss_epoch,train_loss_step,train_renyi_lb_epoch,train_renyi_lb_step
0,5,,,-0.17711667716503143,,0.17711667716503143,
1,11,,,-0.19518578052520752,,0.19518578052520752,
2,17,,,-0.2134544402360916,,0.2134544402360916,
3,23,,,-0.23189280927181244,,0.23189280927181244,
4,29,,,-0.2506263852119446,,0.2506263852119446,
5,35,,,-0.2699219882488251,,0.2699219882488251,
6,41,,,-0.2898156940937042,,0.2898156940937042,
7,47,,,-0.31035780906677246,,0.31035780906677246,
8,49,,,,-0.3356637954711914,,0.3356637954711914
8,53,,,-0.3313591778278351,,0.3313591778278351,
9,59,,,-0.352542519569397,,0.352542519569397,
10,65,,,-0.3736262917518616,,0.3736262917518616,
11,71,,,-0.39507490396499634,,0.39507490396499634,
12,77,,,-0.4166673421859741,,0.4166673421859741,
13,83,,,-0.43769949674606323,,0.43769949674606323,
14,89,,,-0.45863234996795654,,0.45863234996795654,
15,95,,,-0.4798692464828491,,0.4798692464828491,
16,99,,,,-0.4986419677734375,,0.4986419677734375
16,101,,,-0.5011631846427917,,0.5011631846427917,
17,107,,,-0.5220317244529724,,0.5220317244529724,
18,113,,,-0.5427088141441345,,0.5427088141441345,
19,119,,,-0.5633962154388428,,0.5633962154388428,
20,125,,,-0.5836907029151917,,0.5836907029151917,
21,131,,,-0.6037696003913879,,0.6037696003913879,
22,137,,,-0.6229221820831299,,0.6229221820831299,
23,143,,,-0.642391562461853,,0.642391562461853,
24,149,,,,-0.5274057388305664,,0.5274057388305664
24,149,,,-0.6623609662055969,,0.6623609662055969,
25,155,,,-0.6813713908195496,,0.6813713908195496,
26,161,,,-0.6995916962623596,,0.6995916962623596,
27,167,,,-0.7187029719352722,,0.7187029719352722,
28,173,,,-0.7375026941299438,,0.7375026941299438,
29,179,,,-0.7557715773582458,,0.7557715773582458,
30,185,,,-0.7734609842300415,,0.7734609842300415,
31,191,,,-0.7907585501670837,,0.7907585501670837,
32,197,,,-0.8078564405441284,,0.8078564405441284,
33,199,,,,-0.8082256317138672,,0.8082256317138672
33,203,,,-0.825019896030426,,0.825019896030426,
34,209,,,-0.8411228656768799,,0.8411228656768799,
35,215,,,-0.8568472862243652,,0.8568472862243652,
36,221,,,-0.8718553185462952,,0.8718553185462952,
37,227,,,-0.8866612911224365,,0.8866612911224365,
38,233,,,-0.902540385723114,,0.902540385723114,
39,239,,,-0.9181621074676514,,0.9181621074676514,
40,245,,,-0.9339826703071594,,0.9339826703071594,
41,249,,,,-0.9716348648071289,,0.9716348648071289
41,251,,,-0.9470701813697815,,0.9470701813697815,
42,257,,,-0.9624456763267517,,0.9624456763267517,
43,263,,,-0.9755944609642029,,0.9755944609642029,
44,269,,,-0.9891136884689331,,0.9891136884689331,
45,275,,,-1.000154733657837,,1.000154733657837,
46,281,,,-1.0108505487442017,,1.0108505487442017,
47,287,,,-1.0221941471099854,,1.0221941471099854,
48,293,,,-1.0350555181503296,,1.0350555181503296,
49,299,,,,-1.241675615310669,,1.241675615310669
49,299,,,-1.0465937852859497,,1.0465937852859497,
50,305,,,-1.0561649799346924,,1.0561649799346924,
51,311,,,-1.067723035812378,,1.067723035812378,
52,317,,,-1.0771420001983643,,1.0771420001983643,
53,323,,,-1.0885547399520874,,1.0885547399520874,
54,329,,,-1.0942667722702026,,1.0942667722702026,
55,335,,,-1.1030418872833252,,1.1030418872833252,
56,341,,,-1.1113516092300415,,1.1113516092300415,
57,347,,,-1.1205495595932007,,1.1205495595932007,
58,349,,,,-1.087388038635254,,1.087388038635254
58,353,,,-1.1311532258987427,,1.1311532258987427,
59,359,,,-1.1414872407913208,,1.1414872407913208,
60,365,,,-1.1479811668395996,,1.1479811668395996,
61,371,,,-1.1511915922164917,,1.1511915922164917,
62,377,,,-1.1593056917190552,,1.1593056917190552,
63,383,,,-1.1639295816421509,,1.1639295816421509,
64,389,,,-1.1695727109909058,,1.1695727109909058,
65,395,,,-1.1764298677444458,,1.1764298677444458,
66,399,,,,-1.2393994331359863,,1.2393994331359863
66,401,,,-1.1809630393981934,,1.1809630393981934,
67,407,,,-1.1869381666183472,,1.1869381666183472,
68,413,,,-1.191781997680664,,1.191781997680664,
69,419,,,-1.1979366540908813,,1.1979366540908813,
70,425,,,-1.216140866279602,,1.216140866279602,
71,431,,,-1.2079237699508667,,1.2079237699508667,
72,437,,,-1.2118186950683594,,1.2118186950683594,
73,443,,,-1.2041898965835571,,1.2041898965835571,
74,449,,,,-0.8613109588623047,,0.8613109588623047
74,449,,,-1.2098557949066162,,1.2098557949066162,
75,455,,,-1.2107599973678589,,1.2107599973678589,
76,461,,,-1.215670108795166,,1.215670108795166,
77,467,,,-1.2205042839050293,,1.2205042839050293,
78,473,,,-1.232909083366394,,1.232909083366394,
79,479,,,-1.2362617254257202,,1.2362617254257202,
80,485,,,-1.2387117147445679,,1.2387117147445679,
81,491,,,-1.2377067804336548,,1.2377067804336548,
82,497,,,-1.249096393585205,,1.249096393585205,
83,499,,,,-1.0865440368652344,,1.0865440368652344
83,503,,,-1.2466274499893188,,1.2466274499893188,
84,509,,,-1.2523608207702637,,1.2523608207702637,
85,515,,,-1.2532179355621338,,1.2532179355621338,
86,521,,,-1.2637299299240112,,1.2637299299240112,
87,527,,,-1.2614901065826416,,1.2614901065826416,
88,533,,,-1.2682373523712158,,1.2682373523712158,
89,539,,,-1.2700825929641724,,1.2700825929641724,
90,545,,,-1.2691904306411743,,1.2691904306411743,
91,549,,,,-1.3578433990478516,,1.3578433990478516
91,551,,,-1.2677950859069824,,1.2677950859069824,
92,557,,,-1.2710914611816406,,1.2710914611816406,
93,563,,,-1.2848280668258667,,1.2848280668258667,
94,569,,,-1.282031536102295,,1.282031536102295,
95,575,,,-1.2906495332717896,,1.2906495332717896,
96,581,,,-1.2989904880523682,,1.2989904880523682,
97,587,,,-1.2792539596557617,,1.2792539596557617,
98,593,,,-1.2823729515075684,,1.2823729515075684,
99,599,,,,-1.1538434028625488,,1.1538434028625488
99,599,,,-1.285750150680542,,1.285750150680542,
100,605,,,-1.2926241159439087,,1.2926241159439087,
101,611,,,-1.2889821529388428,,1.2889821529388428,
102,617,,,-1.2980271577835083,,1.2980271577835083,
103,623,,,-1.2935789823532104,,1.2935789823532104,
104,629,,,-1.2928799390792847,,1.2928799390792847,
105,635,,,-1.299088954925537,,1.299088954925537,
106,641,,,-1.317196011543274,,1.317196011543274,
107,647,,,-1.3186407089233398,,1.3186407089233398,
108,649,,,,-1.3689970970153809,,1.3689970970153809
108,653,,,-1.3056414127349854,,1.3056414127349854,
109,659,,,-1.3092665672302246,,1.3092665672302246,
110,665,,,-1.3254096508026123,,1.3254096508026123,
111,671,,,-1.315609335899353,,1.315609335899353,
112,677,,,-1.3076165914535522,,1.3076165914535522,
113,683,,,-1.315168023109436,,1.315168023109436,
114,689,,,-1.3224070072174072,,1.3224070072174072,
115,695,,,-1.317995309829712,,1.317995309829712,
116,699,,,,-1.3722929954528809,,1.3722929954528809
116,701,,,-1.3240337371826172,,1.3240337371826172,
117,707,,,-1.338391661643982,,1.338391661643982,
118,713,,,-1.3481168746948242,,1.3481168746948242,
119,719,,,-1.3247745037078857,,1.3247745037078857,
120,725,,,-1.3246819972991943,,1.3246819972991943,
121,731,,,-1.336413860321045,,1.336413860321045,
122,737,,,-1.3346810340881348,,1.3346810340881348,
123,743,,,-1.323831558227539,,1.323831558227539,
124,749,,,,-1.066680908203125,,1.066680908203125
124,749,,,-1.3373713493347168,,1.3373713493347168,
125,755,,,-1.3522266149520874,,1.3522266149520874,
126,761,,,-1.3311574459075928,,1.3311574459075928,
127,767,,,-1.3602632284164429,,1.3602632284164429,
128,773,,,-1.3549977540969849,,1.3549977540969849,
129,779,,,-1.3516221046447754,,1.3516221046447754,
130,785,,,-1.3509070873260498,,1.3509070873260498,
131,791,,,-1.335919976234436,,1.335919976234436,
132,797,,,-1.34330415725708,,1.34330415725708,
133,799,,,,-1.115549087524414,,1.115549087524414
133,803,,,-1.3591043949127197,,1.3591043949127197,
134,809,,,-1.3489084243774414,,1.3489084243774414,
135,815,,,-1.3456168174743652,,1.3456168174743652,
136,821,,,-1.3627655506134033,,1.3627655506134033,
137,827,,,-1.3552781343460083,,1.3552781343460083,
138,833,,,-1.3711756467819214,,1.3711756467819214,
139,839,,,-1.361467719078064,,1.361467719078064,
140,845,,,-1.3629388809204102,,1.3629388809204102,
141,849,,,,-1.3199009895324707,,1.3199009895324707
141,851,,,-1.3537343740463257,,1.3537343740463257,
142,857,,,-1.3770990371704102,,1.3770990371704102,
143,863,,,-1.3856555223464966,,1.3856555223464966,
144,869,,,-1.3714046478271484,,1.3714046478271484,
145,875,,,-1.3737125396728516,,1.3737125396728516,
146,881,,,-1.367095947265625,,1.367095947265625,
147,887,,,-1.3837214708328247,,1.3837214708328247,
148,893,,,-1.3816556930541992,,1.3816556930541992,
149,899,,,,-0.4676837921142578,,0.4676837921142578
149,899,,,-1.3809186220169067,,1.3809186220169067,
150,905,,,-1.3914326429367065,,1.3914326429367065,
151,911,,,-1.370824933052063,,1.370824933052063,
152,917,,,-1.3947511911392212,,1.3947511911392212,
153,923,,,-1.384299635887146,,1.384299635887146,
154,929,,,-1.3876382112503052,,1.3876382112503052,
155,935,,,-1.403367280960083,,1.403367280960083,
156,941,,,-1.3872923851013184,,1.3872923851013184,
157,947,,,-1.411278486251831,,1.411278486251831,
158,949,,,,-1.2752370834350586,,1.2752370834350586
158,953,,,-1.386784553527832,,1.386784553527832,
159,959,,,-1.4082921743392944,,1.4082921743392944,
160,965,,,-1.4026620388031006,,1.4026620388031006,
161,971,,,-1.3993905782699585,,1.3993905782699585,
162,977,,,-1.390692949295044,,1.390692949295044,
163,983,,,-1.424652338027954,,1.424652338027954,
164,989,,,-1.3942639827728271,,1.3942639827728271,
165,995,,,-1.3975121974945068,,1.3975121974945068,
166,999,,,,-1.588874340057373,,1.588874340057373
166,1001,,,-1.4439749717712402,,1.4439749717712402,
167,1007,,,-1.46171236038208,,1.46171236038208,
168,1013,,,-1.4136499166488647,,1.4136499166488647,
169,1019,,,-1.40665864944458,,1.40665864944458,
170,1025,,,-1.402916431427002,,1.402916431427002,
171,1031,,,-1.4128475189208984,,1.4128475189208984,
172,1037,,,-1.4475157260894775,,1.4475157260894775,
173,1043,,,-1.423933744430542,,1.423933744430542,
174,1049,,,,-2.0577263832092285,,2.0577263832092285
174,1049,,,-1.4062858819961548,,1.4062858819961548,
175,1055,,,-1.437015414237976,,1.437015414237976,
176,1061,,,-1.4254575967788696,,1.4254575967788696,
177,1067,,,-1.431685447692871,,1.431685447692871,
178,1073,,,-1.4320348501205444,,1.4320348501205444,
179,1079,,,-1.444373369216919,,1.444373369216919,
180,1085,,,-1.462341547012329,,1.462341547012329,
181,1091,,,-1.4550697803497314,,1.4550697803497314,
182,1097,,,-1.4477672576904297,,1.4477672576904297,
183,1099,,,,-1.6690945625305176,,1.6690945625305176
183,1103,,,-1.44098961353302,,1.44098961353302,
184,1109,,,-1.4279227256774902,,1.4279227256774902,
185,1115,,,-1.4514672756195068,,1.4514672756195068,
186,1121,,,-1.452654242515564,,1.452654242515564,
187,1127,,,-1.4363560676574707,,1.4363560676574707,
188,1133,,,-1.4487789869308472,,1.4487789869308472,
189,1139,,,-1.4302259683609009,,1.4302259683609009,
190,1145,,,-1.463639259338379,,1.463639259338379,
191,1149,,,,-1.6516728401184082,,1.6516728401184082
191,1151,,,-1.4699705839157104,,1.4699705839157104,
192,1157,,,-1.4413292407989502,,1.4413292407989502,
193,1163,,,-1.449649691581726,,1.449649691581726,
194,1169,,,-1.464561939239502,,1.464561939239502,
195,1175,,,-1.4625447988510132,,1.4625447988510132,
196,1181,,,-1.453813910484314,,1.453813910484314,
197,1187,,,-1.4657692909240723,,1.4657692909240723,
198,1193,,,-1.503350019454956,,1.503350019454956,
199,1199,,,,-2.482827663421631,,2.482827663421631
199,1199,,,-1.4638676643371582,,1.4638676643371582,
200,1205,,,-1.4868454933166504,,1.4868454933166504,
201,1211,,,-1.5051465034484863,,1.5051465034484863,
202,1217,,,-1.4663482904434204,,1.4663482904434204,
203,1223,,,-1.4725837707519531,,1.4725837707519531,
204,1229,,,-1.4943009614944458,,1.4943009614944458,
205,1235,,,-1.508009672164917,,1.508009672164917,
206,1241,,,-1.4721291065216064,,1.4721291065216064,
207,1247,,,-1.4994051456451416,,1.4994051456451416,
208,1249,,,,-1.581343650817871,,1.581343650817871
208,1253,,,-1.4959880113601685,,1.4959880113601685,
209,1259,,,-1.529984951019287,,1.529984951019287,
210,1265,,,-1.5170074701309204,,1.5170074701309204,
211,1271,,,-1.524911880493164,,1.524911880493164,
212,1277,,,-1.5565776824951172,,1.5565776824951172,
213,1283,,,-1.539801001548767,,1.539801001548767,
214,1289,,,-1.4908058643341064,,1.4908058643341064,
215,1295,,,-1.5359351634979248,,1.5359351634979248,
216,1299,,,,-2.001371383666992,,2.001371383666992
216,1301,,,-1.5548362731933594,,1.5548362731933594,
217,1307,,,-1.5016628503799438,,1.5016628503799438,
218,1313,,,-1.5053247213363647,,1.5053247213363647,
219,1319,,,-1.5558990240097046,,1.5558990240097046,
220,1325,,,-1.5175403356552124,,1.5175403356552124,
221,1331,,,-1.5402323007583618,,1.5402323007583618,
222,1337,,,-1.5299893617630005,,1.5299893617630005,
223,1343,,,-1.5415483713150024,,1.5415483713150024,
224,1349,,,,-1.8960824012756348,,1.8960824012756348
224,1349,,,-1.5438768863677979,,1.5438768863677979,
225,1355,,,-1.5737804174423218,,1.5737804174423218,
226,1361,,,-1.53011155128479,,1.53011155128479,
227,1367,,,-1.561098337173462,,1.561098337173462,
228,1373,,,-1.5444490909576416,,1.5444490909576416,
229,1379,,,-1.5559026002883911,,1.5559026002883911,
230,1385,,,-1.5456537008285522,,1.5456537008285522,
231,1391,,,-1.564963459968567,,1.564963459968567,
232,1397,,,-1.61933434009552,,1.61933434009552,
233,1399,,,,-1.7699031829833984,,1.7699031829833984
233,1403,,,-1.5493865013122559,,1.5493865013122559,
234,1409,,,-1.5678679943084717,,1.5678679943084717,
235,1415,,,-1.5383861064910889,,1.5383861064910889,
236,1421,,,-1.5937907695770264,,1.5937907695770264,
237,1427,,,-1.6133031845092773,,1.6133031845092773,
238,1433,,,-1.6410795450210571,,1.6410795450210571,
239,1439,,,-1.5625572204589844,,1.5625572204589844,
240,1445,,,-1.6045432090759277,,1.6045432090759277,
241,1449,,,,-1.5892009735107422,,1.5892009735107422
241,1451,,,-1.6187586784362793,,1.6187586784362793,
242,1457,,,-1.598445177078247,,1.598445177078247,
243,1463,,,-1.704795241355896,,1.704795241355896,
244,1469,,,-1.71920645236969,,1.71920645236969,
245,1475,,,-1.595042109489441,,1.595042109489441,
246,1481,,,-1.6402175426483154,,1.6402175426483154,
247,1487,,,-1.6302112340927124,,1.6302112340927124,
248,1493,,,-1.606380581855774,,1.606380581855774,
249,1499,,,,-2.394413948059082,,2.394413948059082
249,1499,,,-1.6452668905258179,,1.6452668905258179,
250,1505,,,-1.6861342191696167,,1.6861342191696167,
251,1511,,,-1.6269489526748657,,1.6269489526748657,
252,1517,,,-1.624202847480774,,1.624202847480774,
253,1523,,,-1.6613463163375854,,1.6613463163375854,
254,1529,,,-1.6775685548782349,,1.6775685548782349,
255,1535,,,-1.685003399848938,,1.685003399848938,
256,1541,,,-1.6947940587997437,,1.6947940587997437,
257,1547,,,-1.7101749181747437,,1.7101749181747437,
258,1549,,,,-1.4365224838256836,,1.4365224838256836
258,1553,,,-1.7167366743087769,,1.7167366743087769,
259,1559,,,-1.7543039321899414,,1.7543039321899414,
260,1565,,,-1.676124930381775,,1.676124930381775,
261,1571,,,-1.667938470840454,,1.667938470840454,
262,1577,,,-1.64364755153656,,1.64364755153656,
263,1583,,,-1.742409110069275,,1.742409110069275,
264,1589,,,-1.7164264917373657,,1.7164264917373657,
265,1595,,,-1.6919306516647339,,1.6919306516647339,
266,1599,,,,-2.6366920471191406,,2.6366920471191406
266,1601,,,-1.775586724281311,,1.775586724281311,
267,1607,,,-1.7370737791061401,,1.7370737791061401,
268,1613,,,-1.7789874076843262,,1.7789874076843262,
269,1619,,,-1.7914049625396729,,1.7914049625396729,
270,1625,,,-1.7481857538223267,,1.7481857538223267,
271,1631,,,-1.7926305532455444,,1.7926305532455444,
272,1637,,,-1.796018362045288,,1.796018362045288,
273,1643,,,-1.6601439714431763,,1.6601439714431763,
274,1649,,,,-2.7610535621643066,,2.7610535621643066
274,1649,,,-1.7479324340820312,,1.7479324340820312,
275,1655,,,-1.8048908710479736,,1.8048908710479736,
276,1661,,,-1.8487087488174438,,1.8487087488174438,
277,1667,,,-1.7833921909332275,,1.7833921909332275,
278,1673,,,-1.8283017873764038,,1.8283017873764038,
279,1679,,,-1.7598520517349243,,1.7598520517349243,
280,1685,,,-1.8259868621826172,,1.8259868621826172,
281,1691,,,-1.7441948652267456,,1.7441948652267456,
282,1697,,,-1.8863338232040405,,1.8863338232040405,
283,1699,,,,-1.532271385192871,,1.532271385192871
283,1703,,,-1.8318015336990356,,1.8318015336990356,
284,1709,,,-1.7669438123703003,,1.7669438123703003,
285,1715,,,-1.7690962553024292,,1.7690962553024292,
286,1721,,,-1.9207524061203003,,1.9207524061203003,
287,1727,,,-1.891840934753418,,1.891840934753418,
288,1733,,,-1.8158897161483765,,1.8158897161483765,
289,1739,,,-1.8073526620864868,,1.8073526620864868,
290,1745,,,-1.884325385093689,,1.884325385093689,
291,1749,,,,-1.8486146926879883,,1.8486146926879883
291,1751,,,-1.884385108947754,,1.884385108947754,
292,1757,,,-1.8216403722763062,,1.8216403722763062,
293,1763,,,-1.9248816967010498,,1.9248816967010498,
294,1769,,,-1.9082188606262207,,1.9082188606262207,
295,1775,,,-1.794756293296814,,1.794756293296814,
296,1781,,,-1.8156800270080566,,1.8156800270080566,
297,1787,,,-1.8181008100509644,,1.8181008100509644,
298,1793,,,-1.919684886932373,,1.919684886932373,
299,1799,,,,-3.616964817047119,,3.616964817047119
299,1799,,,-1.8394279479980469,,1.8394279479980469,
300,1805,,,-1.924958348274231,,1.924958348274231,
301,1811,,,-1.8550084829330444,,1.8550084829330444,
302,1817,,,-2.1147327423095703,,2.1147327423095703,
303,1823,,,-1.976509928703308,,1.976509928703308,
304,1829,,,-1.8422280550003052,,1.8422280550003052,
305,1835,,,-2.0780367851257324,,2.0780367851257324,
306,1841,,,-1.96760892868042,,1.96760892868042,
307,1847,,,-2.0274808406829834,,2.0274808406829834,
308,1849,,,,-2.8503646850585938,,2.8503646850585938
308,1853,,,-1.912907600402832,,1.912907600402832,
309,1859,,,-2.1219542026519775,,2.1219542026519775,
310,1865,,,-1.966923713684082,,1.966923713684082,
311,1871,,,-1.9767764806747437,,1.9767764806747437,
312,1877,,,-1.9241340160369873,,1.9241340160369873,
313,1883,,,-2.01460862159729,,2.01460862159729,
314,1889,,,-1.9717168807983398,,1.9717168807983398,
315,1895,,,-2.0972049236297607,,2.0972049236297607,
316,1899,,,,-1.5306320190429688,,1.5306320190429688
316,1901,,,-2.040936231613159,,2.040936231613159,
317,1907,,,-2.1057016849517822,,2.1057016849517822,
318,1913,,,-1.9648939371109009,,1.9648939371109009,
319,1919,,,-2.079594373703003,,2.079594373703003,
320,1925,,,-2.0391485691070557,,2.0391485691070557,
321,1931,,,-1.9662827253341675,,1.9662827253341675,
322,1937,,,-2.061195135116577,,2.061195135116577,
323,1943,,,-2.030933141708374,,2.030933141708374,
324,1949,,,,-2.817507743835449,,2.817507743835449
324,1949,,,-2.040475606918335,,2.040475606918335,
325,1955,,,-2.1003329753875732,,2.1003329753875732,
326,1961,,,-2.155029773712158,,2.155029773712158,
327,1967,,,-2.1201179027557373,,2.1201179027557373,
328,1973,,,-2.2118637561798096,,2.2118637561798096,
329,1979,,,-2.0422427654266357,,2.0422427654266357,
330,1985,,,-2.123828887939453,,2.123828887939453,
331,1991,,,-2.1428027153015137,,2.1428027153015137,
332,1997,,,-2.168194055557251,,2.168194055557251,
333,1999,,,,-2.454374313354492,,2.454374313354492
333,2003,,,-2.1836891174316406,,2.1836891174316406,
334,2009,,,-2.2200396060943604,,2.2200396060943604,
335,2015,,,-2.127030372619629,,2.127030372619629,
336,2021,,,-2.3393118381500244,,2.3393118381500244,
337,2027,,,-2.2013559341430664,,2.2013559341430664,
338,2033,,,-2.1579184532165527,,2.1579184532165527,
339,2039,,,-2.170144557952881,,2.170144557952881,
340,2045,,,-2.16019868850708,,2.16019868850708,
341,2049,,,,-3.1121301651000977,,3.1121301651000977
341,2051,,,-2.274667263031006,,2.274667263031006,
342,2057,,,-2.262437582015991,,2.262437582015991,
343,2063,,,-2.183502674102783,,2.183502674102783,
344,2069,,,-2.540424346923828,,2.540424346923828,
345,2075,,,-2.2607216835021973,,2.2607216835021973,
346,2081,,,-2.2083044052124023,,2.2083044052124023,
347,2087,,,-2.2699928283691406,,2.2699928283691406,
348,2093,,,-2.3677215576171875,,2.3677215576171875,
349,2099,,,,-4.166637897491455,,4.166637897491455
349,2099,,,-2.3398587703704834,,2.3398587703704834,
350,2105,,,-2.516857147216797,,2.516857147216797,
351,2111,,,-2.441545248031616,,2.441545248031616,
352,2117,,,-2.375913619995117,,2.375913619995117,
353,2123,,,-2.5168724060058594,,2.5168724060058594,
354,2129,,,-2.3612239360809326,,2.3612239360809326,
355,2135,,,-2.3545756340026855,,2.3545756340026855,
356,2141,,,-2.4509518146514893,,2.4509518146514893,
357,2147,,,-2.567744255065918,,2.567744255065918,
358,2149,,,,-2.320492744445801,,2.320492744445801
358,2153,,,-2.41387677192688,,2.41387677192688,
359,2159,,,-2.4694159030914307,,2.4694159030914307,
360,2165,,,-2.418942928314209,,2.418942928314209,
361,2171,,,-2.4761741161346436,,2.4761741161346436,
362,2177,,,-2.450232744216919,,2.450232744216919,
363,2183,,,-2.488981246948242,,2.488981246948242,
364,2189,,,-2.667494773864746,,2.667494773864746,
365,2195,,,-2.6702229976654053,,2.6702229976654053,
366,2199,,,,-3.2334632873535156,,3.2334632873535156
366,2201,,,-2.627554416656494,,2.627554416656494,
367,2207,,,-2.5030136108398438,,2.5030136108398438,
368,2213,,,-2.66221284866333,,2.66221284866333,
369,2219,,,-2.5711207389831543,,2.5711207389831543,
370,2225,,,-2.6216015815734863,,2.6216015815734863,
371,2231,,,-2.8076722621917725,,2.8076722621917725,
372,2237,,,-2.586987018585205,,2.586987018585205,
373,2243,,,-2.5237622261047363,,2.5237622261047363,
374,2249,,,,-5.003490924835205,,5.003490924835205
374,2249,,,-2.5690250396728516,,2.5690250396728516,
375,2255,,,-2.6789114475250244,,2.6789114475250244,
376,2261,,,-2.622380495071411,,2.622380495071411,
377,2267,,,-2.7895214557647705,,2.7895214557647705,
378,2273,,,-2.7637197971343994,,2.7637197971343994,
379,2279,,,-2.631190538406372,,2.631190538406372,
380,2285,,,-2.812382221221924,,2.812382221221924,
381,2291,,,-2.8401522636413574,,2.8401522636413574,
382,2297,,,-2.6457746028900146,,2.6457746028900146,
383,2299,,,,-3.4466800689697266,,3.4466800689697266
383,2303,,,-2.8617398738861084,,2.8617398738861084,
384,2309,,,-2.9042444229125977,,2.9042444229125977,
385,2315,,,-2.8835620880126953,,2.8835620880126953,
386,2321,,,-2.8096957206726074,,2.8096957206726074,
387,2327,,,-2.7739663124084473,,2.7739663124084473,
388,2333,,,-2.8802947998046875,,2.8802947998046875,
389,2339,,,-3.066265106201172,,3.066265106201172,
390,2345,,,-3.059009313583374,,3.059009313583374,
391,2349,,,,-1.9561681747436523,,1.9561681747436523
391,2351,,,-2.8569905757904053,,2.8569905757904053,
392,2357,,,-2.9256300926208496,,2.9256300926208496,
393,2363,,,-3.012908458709717,,3.012908458709717,
394,2369,,,-2.810626745223999,,2.810626745223999,
395,2375,,,-2.914506673812866,,2.914506673812866,
396,2381,,,-2.8408968448638916,,2.8408968448638916,
397,2387,,,-2.8519651889801025,,2.8519651889801025,
398,2393,,,-3.0235910415649414,,3.0235910415649414,
399,2399,,,,-5.621694087982178,,5.621694087982178
399,2399,,,-3.2011187076568604,,3.2011187076568604,
400,2405,,,-2.9614734649658203,,2.9614734649658203,
401,2411,,,-2.961437940597534,,2.961437940597534,
402,2417,,,-3.3069090843200684,,3.3069090843200684,
403,2423,,,-3.099437713623047,,3.099437713623047,
404,2429,,,-3.0674948692321777,,3.0674948692321777,
405,2435,,,-3.277385950088501,,3.277385950088501,
406,2441,,,-3.176149845123291,,3.176149845123291,
407,2447,,,-2.9513752460479736,,2.9513752460479736,
408,2449,,,,-4.201913833618164,,4.201913833618164
408,2453,,,-3.1075668334960938,,3.1075668334960938,
409,2459,,,-3.3097221851348877,,3.3097221851348877,
410,2465,,,-3.3796143531799316,,3.3796143531799316,
411,2471,,,-3.2056009769439697,,3.2056009769439697,
412,2477,,,-3.1658177375793457,,3.1658177375793457,
413,2483,,,-2.869666337966919,,2.869666337966919,
414,2489,,,-3.3242504596710205,,3.3242504596710205,
415,2495,,,-3.3791470527648926,,3.3791470527648926,
416,2499,,,,-4.149044036865234,,4.149044036865234
416,2501,,,-3.6383345127105713,,3.6383345127105713,
417,2507,,,-3.5768845081329346,,3.5768845081329346,
418,2513,,,-3.4564483165740967,,3.4564483165740967,
419,2519,,,-3.267514705657959,,3.267514705657959,
420,2525,,,-3.30707049369812,,3.30707049369812,
421,2531,,,-3.4769699573516846,,3.4769699573516846,
422,2537,,,-3.705239772796631,,3.705239772796631,
423,2543,,,-3.296067237854004,,3.296067237854004,
424,2549,,,,-6.718742370605469,,6.718742370605469
424,2549,,,-3.527308940887451,,3.527308940887451,
425,2555,,,-3.575610876083374,,3.575610876083374,
426,2561,,,-3.753161668777466,,3.753161668777466,
427,2567,,,-3.661961317062378,,3.661961317062378,
428,2573,,,-3.4296538829803467,,3.4296538829803467,
429,2579,,,-3.496809482574463,,3.496809482574463,
430,2585,,,-3.65925931930542,,3.65925931930542,
431,2591,,,-4.000051498413086,,4.000051498413086,
432,2597,,,-3.531669855117798,,3.531669855117798,
433,2599,,,,-2.4087820053100586,,2.4087820053100586
433,2603,,,-3.774437189102173,,3.774437189102173,
434,2609,,,-3.513284921646118,,3.513284921646118,
435,2615,,,-3.862967014312744,,3.862967014312744,
436,2621,,,-3.4462549686431885,,3.4462549686431885,
437,2627,,,-3.878319263458252,,3.878319263458252,
438,2633,,,-3.7163450717926025,,3.7163450717926025,
439,2639,,,-3.5771727561950684,,3.5771727561950684,
440,2645,,,-3.690297842025757,,3.690297842025757,
441,2649,,,,-4.781960487365723,,4.781960487365723
441,2651,,,-3.7890827655792236,,3.7890827655792236,
442,2657,,,-3.9073212146759033,,3.9073212146759033,
443,2663,,,-3.6319541931152344,,3.6319541931152344,
444,2669,,,-3.926987886428833,,3.926987886428833,
445,2675,,,-3.9667017459869385,,3.9667017459869385,
446,2681,,,-4.010749816894531,,4.010749816894531,
447,2687,,,-3.890197992324829,,3.890197992324829,
448,2693,,,-3.886477470397949,,3.886477470397949,
449,2699,,,,-7.175535678863525,,7.175535678863525
449,2699,,,-3.7141003608703613,,3.7141003608703613,
450,2705,,,-3.9415230751037598,,3.9415230751037598,
451,2711,,,-4.034576416015625,,4.034576416015625,
452,2717,,,-3.75384783744812,,3.75384783744812,
453,2723,,,-3.966095209121704,,3.966095209121704,
454,2729,,,-3.7531092166900635,,3.7531092166900635,
455,2735,,,-3.9466958045959473,,3.9466958045959473,
456,2741,,,-3.8258273601531982,,3.8258273601531982,
457,2747,,,-4.205528259277344,,4.205528259277344,
458,2749,,,,-4.347071647644043,,4.347071647644043
458,2753,,,-4.066684722900391,,4.066684722900391,
459,2759,,,-3.786536455154419,,3.786536455154419,
460,2765,,,-4.389186859130859,,4.389186859130859,
461,2771,,,-3.879653215408325,,3.879653215408325,
462,2777,,,-4.3389668464660645,,4.3389668464660645,
463,2783,,,-4.051513195037842,,4.051513195037842,
464,2789,,,-3.9310059547424316,,3.9310059547424316,
465,2795,,,-4.196094512939453,,4.196094512939453,
466,2799,,,,-3.2325611114501953,,3.2325611114501953
466,2801,,,-4.167842388153076,,4.167842388153076,
467,2807,,,-4.3758015632629395,,4.3758015632629395,
468,2813,,,-4.303391933441162,,4.303391933441162,
469,2819,,,-4.434186935424805,,4.434186935424805,
470,2825,,,-4.106046199798584,,4.106046199798584,
471,2831,,,-4.17022705078125,,4.17022705078125,
472,2837,,,-4.321824550628662,,4.321824550628662,
473,2843,,,-4.328298091888428,,4.328298091888428,
474,2849,,,,-7.953307628631592,,7.953307628631592
474,2849,,,-4.36491060256958,,4.36491060256958,
475,2855,,,-4.365456581115723,,4.365456581115723,
476,2861,,,-4.763749122619629,,4.763749122619629,
477,2867,,,-4.231424331665039,,4.231424331665039,
478,2873,,,-4.625584602355957,,4.625584602355957,
479,2879,,,-4.5075788497924805,,4.5075788497924805,
480,2885,,,-4.7754225730896,,4.7754225730896,
481,2891,,,-4.57789421081543,,4.57789421081543,
482,2897,,,-4.206972599029541,,4.206972599029541,
483,2899,,,,-4.083686828613281,,4.083686828613281
483,2903,,,-4.395304203033447,,4.395304203033447,
484,2909,,,-4.6670074462890625,,4.6670074462890625,
485,2915,,,-4.6054863929748535,,4.6054863929748535,
486,2921,,,-5.046477317810059,,5.046477317810059,
487,2927,,,-4.5870466232299805,,4.5870466232299805,
488,2933,,,-4.642542839050293,,4.642542839050293,
489,2939,,,-4.763016700744629,,4.763016700744629,
490,2945,,,-4.7977681159973145,,4.7977681159973145,
491,2949,,,,-4.655969619750977,,4.655969619750977
491,2951,,,-4.520238399505615,,4.520238399505615,
492,2957,,,-4.662471771240234,,4.662471771240234,
493,2963,,,-4.958527088165283,,4.958527088165283,
494,2969,,,-4.677353382110596,,4.677353382110596,
495,2975,,,-5.079370021820068,,5.079370021820068,
496,2981,,,-4.670462608337402,,4.670462608337402,
497,2987,,,-4.541755676269531,,4.541755676269531,
498,2993,,,-4.855193614959717,,4.855193614959717,
499,2999,,,,-4.942925453186035,,4.942925453186035
499,2999,,,-4.521172523498535,,4.521172523498535,
500,3005,,,-4.60175085067749,,4.60175085067749,
501,3011,,,-4.613030433654785,,4.613030433654785,
502,3017,,,-4.838867664337158,,4.838867664337158,
503,3023,,,-4.729273319244385,,4.729273319244385,
504,3029,,,-4.687735557556152,,4.687735557556152,
505,3035,,,-4.854556083679199,,4.854556083679199,
506,3041,,,-5.3826375007629395,,5.3826375007629395,
507,3047,,,-5.1096601486206055,,5.1096601486206055,
508,3049,,,,-6.328012466430664,,6.328012466430664
508,3053,,,-4.417184352874756,,4.417184352874756,
509,3059,,,-4.882950782775879,,4.882950782775879,
510,3065,,,-4.810068130493164,,4.810068130493164,
511,3071,,,-4.883223533630371,,4.883223533630371,
512,3077,,,-5.563053607940674,,5.563053607940674,
513,3083,,,-4.832552433013916,,4.832552433013916,
514,3089,,,-4.9939656257629395,,4.9939656257629395,
515,3095,,,-5.270910739898682,,5.270910739898682,
516,3099,,,,-3.9650936126708984,,3.9650936126708984
516,3101,,,-5.498888969421387,,5.498888969421387,
517,3107,,,-4.821807861328125,,4.821807861328125,
518,3113,,,-4.9664483070373535,,4.9664483070373535,
519,3119,,,-4.943028450012207,,4.943028450012207,
520,3125,,,-5.084885597229004,,5.084885597229004,
521,3131,,,-5.125970363616943,,5.125970363616943,
522,3137,,,-5.118377685546875,,5.118377685546875,
523,3143,,,-4.978166580200195,,4.978166580200195,
524,3149,,,,-2.4349756240844727,,2.4349756240844727
524,3149,,,-5.356168746948242,,5.356168746948242,
525,3155,,,-5.455582141876221,,5.455582141876221,
526,3161,,,-4.92095422744751,,4.92095422744751,
527,3167,,,-5.368971824645996,,5.368971824645996,
528,3173,,,-4.974238395690918,,4.974238395690918,
529,3179,,,-5.506577968597412,,5.506577968597412,
530,3185,,,-5.123075008392334,,5.123075008392334,
531,3191,,,-5.195481300354004,,5.195481300354004,
532,3197,,,-5.176081657409668,,5.176081657409668,
533,3199,,,,-4.353813171386719,,4.353813171386719
533,3203,,,-5.431219577789307,,5.431219577789307,
534,3209,,,-5.472548007965088,,5.472548007965088,
535,3215,,,-4.82684326171875,,4.82684326171875,
536,3221,,,-5.254488468170166,,5.254488468170166,
537,3227,,,-5.327546119689941,,5.327546119689941,
538,3233,,,-5.260433197021484,,5.260433197021484,
539,3239,,,-5.427126884460449,,5.427126884460449,
540,3245,,,-5.340542793273926,,5.340542793273926,
541,3249,,,,-7.122325897216797,,7.122325897216797
541,3251,,,-5.140102386474609,,5.140102386474609,
542,3257,,,-5.268454551696777,,5.268454551696777,
543,3263,,,-4.841123104095459,,4.841123104095459,
544,3269,,,-5.5846686363220215,,5.5846686363220215,
545,3275,,,-5.231012344360352,,5.231012344360352,
546,3281,,,-5.726383209228516,,5.726383209228516,
547,3287,,,-5.90669584274292,,5.90669584274292,
548,3293,,,-5.307999610900879,,5.307999610900879,
549,3299,,,,-0.977320671081543,,0.977320671081543
549,3299,,,-5.387418746948242,,5.387418746948242,
550,3305,,,-5.739448070526123,,5.739448070526123,
551,3311,,,-4.520619869232178,,4.520619869232178,
552,3317,,,-5.311557769775391,,5.311557769775391,
553,3323,,,-5.671412944793701,,5.671412944793701,
554,3329,,,-5.587823867797852,,5.587823867797852,
555,3335,,,-5.446665287017822,,5.446665287017822,
556,3341,,,-5.840072154998779,,5.840072154998779,
557,3347,,,-5.5694074630737305,,5.5694074630737305,
558,3349,,,,-4.708248138427734,,4.708248138427734
558,3353,,,-5.80945348739624,,5.80945348739624,
559,3359,,,-5.702042579650879,,5.702042579650879,
560,3365,,,-5.687931537628174,,5.687931537628174,
561,3371,,,-5.683706760406494,,5.683706760406494,
562,3377,,,-5.4303998947143555,,5.4303998947143555,
563,3383,,,-5.468912124633789,,5.468912124633789,
564,3389,,,-5.550854682922363,,5.550854682922363,
565,3395,,,-5.473663806915283,,5.473663806915283,
566,3399,,,,-4.9958648681640625,,4.9958648681640625
566,3401,,,-5.225740432739258,,5.225740432739258,
567,3407,,,-5.30751895904541,,5.30751895904541,
568,3413,,,-5.783756256103516,,5.783756256103516,
569,3419,,,-5.672263145446777,,5.672263145446777,
570,3425,,,-5.980800151824951,,5.980800151824951,
571,3431,,,-5.629199981689453,,5.629199981689453,
572,3437,,,-6.004445552825928,,6.004445552825928,
573,3443,,,-5.733180522918701,,5.733180522918701,
574,3449,,,,-7.553195953369141,,7.553195953369141
574,3449,,,-5.6648406982421875,,5.6648406982421875,
575,3455,,,-5.610835552215576,,5.610835552215576,
576,3461,,,-5.786812782287598,,5.786812782287598,
577,3467,,,-5.9377336502075195,,5.9377336502075195,
578,3473,,,-5.720168113708496,,5.720168113708496,
579,3479,,,-6.013853549957275,,6.013853549957275,
580,3485,,,-6.2795281410217285,,6.2795281410217285,
581,3491,,,-6.206479072570801,,6.206479072570801,
582,3497,,,-5.984554767608643,,5.984554767608643,
583,3499,,,,-3.9771461486816406,,3.9771461486816406
583,3503,,,-5.6925482749938965,,5.6925482749938965,
584,3509,,,-6.007015705108643,,6.007015705108643,
585,3515,,,-6.344979286193848,,6.344979286193848,
586,3521,,,-6.170865535736084,,6.170865535736084,
587,3527,,,-5.7431840896606445,,5.7431840896606445,
588,3533,,,-6.51220703125,,6.51220703125,
589,3539,,,-5.576780796051025,,5.576780796051025,
590,3545,,,-5.723804473876953,,5.723804473876953,
591,3549,,,,-8.354303359985352,,8.354303359985352
591,3551,,,-5.933624267578125,,5.933624267578125,
592,3557,,,-5.3285322189331055,,5.3285322189331055,
593,3563,,,-6.029360294342041,,6.029360294342041,
594,3569,,,-6.067161560058594,,6.067161560058594,
595,3575,,,-5.758286952972412,,5.758286952972412,
596,3581,,,-6.25855827331543,,6.25855827331543,
597,3587,,,-6.049790859222412,,6.049790859222412,
598,3593,,,-6.17845344543457,,6.17845344543457,
599,3599,,,,-8.34603500366211,,8.34603500366211
599,3599,,,-6.3626861572265625,,6.3626861572265625,
600,3605,,,-6.155859470367432,,6.155859470367432,
601,3611,,,-5.776095390319824,,5.776095390319824,
602,3617,,,-6.095482349395752,,6.095482349395752,
603,3623,,,-6.164238929748535,,6.164238929748535,
604,3629,,,-6.085770606994629,,6.085770606994629,
605,3635,,,-6.328296661376953,,6.328296661376953,
606,3641,,,-6.283350944519043,,6.283350944519043,
607,3647,,,-6.240915298461914,,6.240915298461914,
608,3649,,,,-11.328531265258789,,11.328531265258789
608,3653,,,-7.011222839355469,,7.011222839355469,
609,3659,,,-6.276098251342773,,6.276098251342773,
610,3665,,,-6.505242347717285,,6.505242347717285,
611,3671,,,-6.068330764770508,,6.068330764770508,
612,3677,,,-5.810726642608643,,5.810726642608643,
613,3683,,,-6.089960098266602,,6.089960098266602,
614,3689,,,-6.380001068115234,,6.380001068115234,
615,3695,,,-6.641047477722168,,6.641047477722168,
616,3699,,,,-5.810646057128906,,5.810646057128906
616,3701,,,-6.439122200012207,,6.439122200012207,
617,3707,,,-6.227036952972412,,6.227036952972412,
618,3713,,,-6.382386207580566,,6.382386207580566,
619,3719,,,-6.623743057250977,,6.623743057250977,
620,3725,,,-6.06790018081665,,6.06790018081665,
621,3731,,,-6.381204128265381,,6.381204128265381,
622,3737,,,-6.365636825561523,,6.365636825561523,
623,3743,,,-6.347583293914795,,6.347583293914795,
624,3749,,,,-8.670522689819336,,8.670522689819336
624,3749,,,-6.170736789703369,,6.170736789703369,
625,3755,,,-6.488965034484863,,6.488965034484863,
626,3761,,,-6.274004936218262,,6.274004936218262,
627,3767,,,-6.438612937927246,,6.438612937927246,
628,3773,,,-6.4728803634643555,,6.4728803634643555,
629,3779,,,-6.826136589050293,,6.826136589050293,
630,3785,,,-6.047792911529541,,6.047792911529541,
631,3791,,,-6.482729911804199,,6.482729911804199,
632,3797,,,-6.733333110809326,,6.733333110809326,
633,3799,,,,-8.451656341552734,,8.451656341552734
633,3803,,,-6.3987627029418945,,6.3987627029418945,
634,3809,,,-6.71304178237915,,6.71304178237915,
635,3815,,,-6.855662822723389,,6.855662822723389,
636,3821,,,-6.390432834625244,,6.390432834625244,
637,3827,,,-6.008666038513184,,6.008666038513184,
638,3833,,,-6.489570140838623,,6.489570140838623,
639,3839,,,-6.7236647605896,,6.7236647605896,
640,3845,,,-6.652801513671875,,6.652801513671875,
641,3849,,,,-6.320625305175781,,6.320625305175781
641,3851,,,-6.347597599029541,,6.347597599029541,
642,3857,,,-6.402805805206299,,6.402805805206299,
643,3863,,,-6.61419677734375,,6.61419677734375,
644,3869,,,-6.1680498123168945,,6.1680498123168945,
645,3875,,,-6.221340656280518,,6.221340656280518,
646,3881,,,-6.5032243728637695,,6.5032243728637695,
647,3887,,,-6.665661811828613,,6.665661811828613,
648,3893,,,-6.860777854919434,,6.860777854919434,
649,3899,,,,-13.314762115478516,,13.314762115478516
649,3899,,,-6.181356906890869,,6.181356906890869,
650,3905,,,-6.507848739624023,,6.507848739624023,
651,3911,,,-6.631250858306885,,6.631250858306885,
652,3917,,,-6.078989505767822,,6.078989505767822,
653,3923,,,-6.7238569259643555,,6.7238569259643555,
654,3929,,,-6.819951057434082,,6.819951057434082,
655,3935,,,-6.306288719177246,,6.306288719177246,
656,3941,,,-6.880826950073242,,6.880826950073242,
657,3947,,,-6.547126293182373,,6.547126293182373,
658,3949,,,,-4.878416061401367,,4.878416061401367
658,3953,,,-6.637679100036621,,6.637679100036621,
659,3959,,,-6.851294994354248,,6.851294994354248,
660,3965,,,-5.561187744140625,,5.561187744140625,
661,3971,,,-7.150980472564697,,7.150980472564697,
662,3977,,,-6.307762145996094,,6.307762145996094,
663,3983,,,-6.452434539794922,,6.452434539794922,
664,3989,,,-6.350001811981201,,6.350001811981201,
665,3995,,,-7.1593475341796875,,7.1593475341796875,
666,3999,,,,-8.508758544921875,,8.508758544921875
666,4001,,,-6.782191753387451,,6.782191753387451,
667,4007,,,-7.151041030883789,,7.151041030883789,
668,4013,,,-6.433501243591309,,6.433501243591309,
669,4019,,,-6.84557580947876,,6.84557580947876,
670,4025,,,-6.6235432624816895,,6.6235432624816895,
671,4031,,,-6.69813346862793,,6.69813346862793,
672,4037,,,-5.949155330657959,,5.949155330657959,
673,4043,,,-6.918339252471924,,6.918339252471924,
674,4049,,,,-9.289098739624023,,9.289098739624023
674,4049,,,-6.608822822570801,,6.608822822570801,
675,4055,,,-6.4884138107299805,,6.4884138107299805,
676,4061,,,-6.7457051277160645,,6.7457051277160645,
677,4067,,,-6.557496547698975,,6.557496547698975,
678,4073,,,-7.2982025146484375,,7.2982025146484375,
679,4079,,,-7.447970390319824,,7.447970390319824,
680,4085,,,-6.8475341796875,,6.8475341796875,
681,4091,,,-6.34762716293335,,6.34762716293335,
682,4097,,,-7.0574421882629395,,7.0574421882629395,
683,4099,,,,-7.65495491027832,,7.65495491027832
683,4103,,,-6.791656970977783,,6.791656970977783,
684,4109,,,-7.0069193840026855,,7.0069193840026855,
685,4115,,,-6.662836074829102,,6.662836074829102,
686,4121,,,-6.547450542449951,,6.547450542449951,
687,4127,,,-6.796501159667969,,6.796501159667969,
688,4133,,,-6.911538600921631,,6.911538600921631,
689,4139,,,-7.517735004425049,,7.517735004425049,
690,4145,,,-6.877446174621582,,6.877446174621582,
691,4149,,,,-8.626142501831055,,8.626142501831055
691,4151,,,-7.196273326873779,,7.196273326873779,
692,4157,,,-7.388814926147461,,7.388814926147461,
693,4163,,,-6.7132954597473145,,6.7132954597473145,
694,4169,,,-7.223514080047607,,7.223514080047607,
695,4175,,,-6.660595417022705,,6.660595417022705,
696,4181,,,-7.388057708740234,,7.388057708740234,
697,4187,,,-6.6365861892700195,,6.6365861892700195,
698,4193,,,-7.109382629394531,,7.109382629394531,
699,4199,,,,-8.376533508300781,,8.376533508300781
699,4199,,,-6.901841640472412,,6.901841640472412,
700,4205,,,-7.220454216003418,,7.220454216003418,
701,4211,,,-6.963318347930908,,6.963318347930908,
702,4217,,,-6.739850044250488,,6.739850044250488,
703,4223,,,-7.168834686279297,,7.168834686279297,
704,4229,,,-7.4726243019104,,7.4726243019104,
705,4235,,,-7.164857864379883,,7.164857864379883,
706,4241,,,-6.8160223960876465,,6.8160223960876465,
707,4247,,,-7.744722366333008,,7.744722366333008,
708,4249,,,,-7.771764755249023,,7.771764755249023
708,4253,,,-7.00560998916626,,7.00560998916626,
709,4259,,,-7.044024467468262,,7.044024467468262,
710,4265,,,-7.478982925415039,,7.478982925415039,
711,4271,,,-7.1691765785217285,,7.1691765785217285,
712,4277,,,-6.986828804016113,,6.986828804016113,
713,4283,,,-7.316854953765869,,7.316854953765869,
714,4289,,,-6.8286356925964355,,6.8286356925964355,
715,4295,,,-7.726799011230469,,7.726799011230469,
716,4299,,,,-6.080421447753906,,6.080421447753906
716,4301,,,-7.220797538757324,,7.220797538757324,
717,4307,,,-7.613766193389893,,7.613766193389893,
718,4313,,,-6.946684837341309,,6.946684837341309,
719,4319,,,-6.877053737640381,,6.877053737640381,
720,4325,,,-7.363867282867432,,7.363867282867432,
721,4331,,,-7.237054824829102,,7.237054824829102,
722,4337,,,-7.306593894958496,,7.306593894958496,
723,4343,,,-7.329014301300049,,7.329014301300049,
724,4349,,,,-4.27027702331543,,4.27027702331543
724,4349,,,-8.019883155822754,,8.019883155822754,
725,4355,,,-7.802860736846924,,7.802860736846924,
726,4361,,,-7.298674583435059,,7.298674583435059,
727,4367,,,-7.439898490905762,,7.439898490905762,
728,4373,,,-7.569023132324219,,7.569023132324219,
729,4379,,,-7.353213787078857,,7.353213787078857,
730,4385,,,-7.5459980964660645,,7.5459980964660645,
731,4391,,,-7.2808756828308105,,7.2808756828308105,
732,4397,,,-7.3699188232421875,,7.3699188232421875,
733,4399,,,,-5.647233963012695,,5.647233963012695
733,4403,,,-7.5560760498046875,,7.5560760498046875,
734,4409,,,-7.29636287689209,,7.29636287689209,
735,4415,,,-7.225193500518799,,7.225193500518799,
736,4421,,,-7.540566921234131,,7.540566921234131,
737,4427,,,-7.363763809204102,,7.363763809204102,
738,4433,,,-7.198763370513916,,7.198763370513916,
739,4439,,,-7.737465858459473,,7.737465858459473,
740,4445,,,-7.515702724456787,,7.515702724456787,
741,4449,,,,-5.714326858520508,,5.714326858520508
741,4451,,,-7.776108264923096,,7.776108264923096,
742,4457,,,-8.128508567810059,,8.128508567810059,
743,4463,,,-7.140152931213379,,7.140152931213379,
744,4469,,,-7.689487934112549,,7.689487934112549,
745,4475,,,-7.601043224334717,,7.601043224334717,
746,4481,,,-7.651993751525879,,7.651993751525879,
747,4487,,,-7.753322601318359,,7.753322601318359,
748,4493,,,-7.597373008728027,,7.597373008728027,
749,4499,,,,-10.171712875366211,,10.171712875366211
749,4499,,,-7.765927314758301,,7.765927314758301,
750,4505,,,-7.753527641296387,,7.753527641296387,
751,4511,,,-7.92262077331543,,7.92262077331543,
752,4517,,,-7.668810844421387,,7.668810844421387,
753,4523,,,-7.700433731079102,,7.700433731079102,
754,4529,,,-7.695645809173584,,7.695645809173584,
755,4535,,,-7.4588775634765625,,7.4588775634765625,
756,4541,,,-8.086573600769043,,8.086573600769043,
757,4547,,,-8.240099906921387,,8.240099906921387,
758,4549,,,,-9.7724609375,,9.7724609375
758,4553,,,-7.644302845001221,,7.644302845001221,
759,4559,,,-7.749577522277832,,7.749577522277832,
760,4565,,,-8.027664184570312,,8.027664184570312,
761,4571,,,-7.890204429626465,,7.890204429626465,
762,4577,,,-8.307169914245605,,8.307169914245605,
763,4583,,,-7.845064163208008,,7.845064163208008,
764,4589,,,-7.473011016845703,,7.473011016845703,
765,4595,,,-7.354417324066162,,7.354417324066162,
766,4599,,,,-12.568527221679688,,12.568527221679688
766,4601,,,-7.642909526824951,,7.642909526824951,
767,4607,,,-8.272013664245605,,8.272013664245605,
768,4613,,,-7.0490546226501465,,7.0490546226501465,
769,4619,,,-7.580765247344971,,7.580765247344971,
770,4625,,,-7.832616329193115,,7.832616329193115,
771,4631,,,-7.938571929931641,,7.938571929931641,
772,4637,,,-8.08934497833252,,8.08934497833252,
773,4643,,,-7.838235378265381,,7.838235378265381,
774,4649,,,,-12.85531234741211,,12.85531234741211
774,4649,,,-7.799321174621582,,7.799321174621582,
775,4655,,,-8.232666015625,,8.232666015625,
776,4661,,,-7.832220554351807,,7.832220554351807,
777,4667,,,-7.801881790161133,,7.801881790161133,
778,4673,,,-7.521368026733398,,7.521368026733398,
779,4679,,,-7.995993137359619,,7.995993137359619,
780,4685,,,-8.166885375976562,,8.166885375976562,
781,4691,,,-7.894481658935547,,7.894481658935547,
782,4697,,,-8.430736541748047,,8.430736541748047,
783,4699,,,,-6.3646392822265625,,6.3646392822265625
783,4703,,,-7.943533420562744,,7.943533420562744,
784,4709,,,-8.056239128112793,,8.056239128112793,
785,4715,,,-8.809812545776367,,8.809812545776367,
786,4721,,,-7.605506896972656,,7.605506896972656,
787,4727,,,-8.736313819885254,,8.736313819885254,
788,4733,,,-8.568799018859863,,8.568799018859863,
789,4739,,,-7.581416130065918,,7.581416130065918,
790,4745,,,-8.245488166809082,,8.245488166809082,
791,4749,,,,-6.556301116943359,,6.556301116943359
791,4751,,,-8.660204887390137,,8.660204887390137,
792,4757,,,-8.310662269592285,,8.310662269592285,
793,4763,,,-8.255191802978516,,8.255191802978516,
794,4769,,,-7.809215545654297,,7.809215545654297,
795,4775,,,-7.081978797912598,,7.081978797912598,
796,4781,,,-8.557906150817871,,8.557906150817871,
797,4787,,,-9.019771575927734,,9.019771575927734,
798,4793,,,-8.478087425231934,,8.478087425231934,
799,4799,,,,-3.472553253173828,,3.472553253173828
799,4799,,,-8.166191101074219,,8.166191101074219,
800,4805,,,-8.565763473510742,,8.565763473510742,
801,4811,,,-8.408285140991211,,8.408285140991211,
802,4817,,,-8.248713493347168,,8.248713493347168,
803,4823,,,-8.716611862182617,,8.716611862182617,
804,4829,,,-8.691177368164062,,8.691177368164062,
805,4835,,,-8.308466911315918,,8.308466911315918,
806,4841,,,-7.578350067138672,,7.578350067138672,
807,4847,,,-8.720158576965332,,8.720158576965332,
808,4849,,,,-4.608375549316406,,4.608375549316406
808,4853,,,-8.296292304992676,,8.296292304992676,
809,4859,,,-8.995528221130371,,8.995528221130371,
810,4865,,,-8.183928489685059,,8.183928489685059,
811,4871,,,-8.89920711517334,,8.89920711517334,
812,4877,,,-8.71865463256836,,8.71865463256836,
813,4883,,,-8.737382888793945,,8.737382888793945,
814,4889,,,-9.015311241149902,,9.015311241149902,
815,4895,,,-9.129229545593262,,9.129229545593262,
816,4899,,,,-10.008293151855469,,10.008293151855469
816,4901,,,-8.475491523742676,,8.475491523742676,
817,4907,,,-8.498929977416992,,8.498929977416992,
818,4913,,,-8.741361618041992,,8.741361618041992,
819,4919,,,-8.361628532409668,,8.361628532409668,
820,4925,,,-8.41201114654541,,8.41201114654541,
821,4931,,,-8.4291353225708,,8.4291353225708,
822,4937,,,-8.139833450317383,,8.139833450317383,
823,4943,,,-8.908703804016113,,8.908703804016113,
824,4949,,,,-14.620935440063477,,14.620935440063477
824,4949,,,-8.095081329345703,,8.095081329345703,
825,4955,,,-8.25161075592041,,8.25161075592041,
826,4961,,,-8.971171379089355,,8.971171379089355,
827,4967,,,-7.983112335205078,,7.983112335205078,
828,4973,,,-8.035104751586914,,8.035104751586914,
829,4979,,,-9.034107208251953,,9.034107208251953,
830,4985,,,-8.527230262756348,,8.527230262756348,
831,4991,,,-8.460028648376465,,8.460028648376465,
832,4997,,,-8.573722839355469,,8.573722839355469,
833,4999,,,,-8.891511917114258,,8.891511917114258
833,5003,,,-8.423806190490723,,8.423806190490723,
834,5009,,,-8.722363471984863,,8.722363471984863,
835,5015,,,-8.976848602294922,,8.976848602294922,
836,5021,,,-8.814096450805664,,8.814096450805664,
837,5027,,,-9.562906265258789,,9.562906265258789,
838,5033,,,-8.521387100219727,,8.521387100219727,
839,5039,,,-8.245087623596191,,8.245087623596191,
840,5045,,,-8.301284790039062,,8.301284790039062,
841,5049,,,,-7.005510330200195,,7.005510330200195
841,5051,,,-9.092562675476074,,9.092562675476074,
842,5057,,,-8.516303062438965,,8.516303062438965,
843,5063,,,-8.960105895996094,,8.960105895996094,
844,5069,,,-8.250473976135254,,8.250473976135254,
845,5075,,,-9.208928108215332,,9.208928108215332,
846,5081,,,-8.378396034240723,,8.378396034240723,
847,5087,,,-9.142289161682129,,9.142289161682129,
848,5093,,,-9.849891662597656,,9.849891662597656,
849,5099,,,,-15.15690803527832,,15.15690803527832
849,5099,,,-9.382488250732422,,9.382488250732422,
850,5105,,,-8.947821617126465,,8.947821617126465,
851,5111,,,-9.146923065185547,,9.146923065185547,
852,5117,,,-8.886984825134277,,8.886984825134277,
853,5123,,,-8.806439399719238,,8.806439399719238,
854,5129,,,-9.631281852722168,,9.631281852722168,
855,5135,,,-8.433198928833008,,8.433198928833008,
856,5141,,,-9.306804656982422,,9.306804656982422,
857,5147,,,-9.140437126159668,,9.140437126159668,
858,5149,,,,-11.36343002319336,,11.36343002319336
858,5153,,,-9.310609817504883,,9.310609817504883,
859,5159,,,-9.45932674407959,,9.45932674407959,
860,5165,,,-9.499995231628418,,9.499995231628418,
861,5171,,,-9.77345085144043,,9.77345085144043,
862,5177,,,-8.600972175598145,,8.600972175598145,
863,5183,,,-9.236396789550781,,9.236396789550781,
864,5189,,,-9.56412124633789,,9.56412124633789,
865,5195,,,-8.821654319763184,,8.821654319763184,
866,5199,,,,-9.256780624389648,,9.256780624389648
866,5201,,,-8.901956558227539,,8.901956558227539,
867,5207,,,-8.944685935974121,,8.944685935974121,
868,5213,,,-9.50249195098877,,9.50249195098877,
869,5219,,,-8.766729354858398,,8.766729354858398,
870,5225,,,-8.995990753173828,,8.995990753173828,
871,5231,,,-9.128724098205566,,9.128724098205566,
872,5237,,,-8.85806941986084,,8.85806941986084,
873,5243,,,-9.12545394897461,,9.12545394897461,
874,5249,,,,-9.045812606811523,,9.045812606811523
874,5249,,,-9.711170196533203,,9.711170196533203,
875,5255,,,-9.576974868774414,,9.576974868774414,
876,5261,,,-9.60968017578125,,9.60968017578125,
877,5267,,,-9.477062225341797,,9.477062225341797,
878,5273,,,-9.775444030761719,,9.775444030761719,
879,5279,,,-9.441859245300293,,9.441859245300293,
880,5285,,,-9.034387588500977,,9.034387588500977,
881,5291,,,-9.669811248779297,,9.669811248779297,
882,5297,,,-9.36780071258545,,9.36780071258545,
883,5299,,,,-11.806632995605469,,11.806632995605469
883,5303,,,-9.174257278442383,,9.174257278442383,
884,5309,,,-9.309332847595215,,9.309332847595215,
885,5315,,,-9.255480766296387,,9.255480766296387,
886,5321,,,-9.216675758361816,,9.216675758361816,
887,5327,,,-9.55199146270752,,9.55199146270752,
888,5333,,,-9.783259391784668,,9.783259391784668,
889,5339,,,-9.735597610473633,,9.735597610473633,
890,5345,,,-9.477848052978516,,9.477848052978516,
891,5349,,,,-13.861478805541992,,13.861478805541992
891,5351,,,-9.133370399475098,,9.133370399475098,
892,5357,,,-7.995792865753174,,7.995792865753174,
893,5363,,,-9.063965797424316,,9.063965797424316,
894,5369,,,-9.891672134399414,,9.891672134399414,
895,5375,,,-9.166549682617188,,9.166549682617188,
896,5381,,,-10.143400192260742,,10.143400192260742,
897,5387,,,-8.752018928527832,,8.752018928527832,
898,5393,,,-10.043335914611816,,10.043335914611816,
899,5399,,,,-5.4879150390625,,5.4879150390625
899,5399,,,-10.033271789550781,,10.033271789550781,
900,5405,,,-9.565396308898926,,9.565396308898926,
901,5411,,,-9.53713321685791,,9.53713321685791,
902,5417,,,-9.696768760681152,,9.696768760681152,
903,5423,,,-9.1809720993042,,9.1809720993042,
904,5429,,,-9.203010559082031,,9.203010559082031,
905,5435,,,-9.4583740234375,,9.4583740234375,
906,5441,,,-8.93596363067627,,8.93596363067627,
907,5447,,,-10.183096885681152,,10.183096885681152,
908,5449,,,,-9.417366027832031,,9.417366027832031
908,5453,,,-9.836150169372559,,9.836150169372559,
909,5459,,,-8.766602516174316,,8.766602516174316,
910,5465,,,-8.918935775756836,,8.918935775756836,
911,5471,,,-9.722021102905273,,9.722021102905273,
912,5477,,,-9.598880767822266,,9.598880767822266,
913,5483,,,-10.54122543334961,,10.54122543334961,
914,5489,,,-9.895934104919434,,9.895934104919434,
915,5495,,,-10.161603927612305,,10.161603927612305,
916,5499,,,,-8.229333877563477,,8.229333877563477
916,5501,,,-9.416644096374512,,9.416644096374512,
917,5507,,,-10.004685401916504,,10.004685401916504,
918,5513,,,-9.710677146911621,,9.710677146911621,
919,5519,,,-9.817304611206055,,9.817304611206055,
920,5525,,,-10.005443572998047,,10.005443572998047,
921,5531,,,-9.802857398986816,,9.802857398986816,
922,5537,,,-8.475224494934082,,8.475224494934082,
923,5543,,,-9.054009437561035,,9.054009437561035,
924,5549,,,,-16.333219528198242,,16.333219528198242
924,5549,,,-9.877723693847656,,9.877723693847656,
925,5555,,,-9.92990779876709,,9.92990779876709,
926,5561,,,-10.455561637878418,,10.455561637878418,
927,5567,,,-9.530080795288086,,9.530080795288086,
928,5573,,,-9.90676212310791,,9.90676212310791,
929,5579,,,-10.437076568603516,,10.437076568603516,
930,5585,,,-9.833271980285645,,9.833271980285645,
931,5591,,,-9.149292945861816,,9.149292945861816,
932,5597,,,-10.66374397277832,,10.66374397277832,
933,5599,,,,-9.231975555419922,,9.231975555419922
933,5603,,,-9.571365356445312,,9.571365356445312,
934,5609,,,-9.617177963256836,,9.617177963256836,
935,5615,,,-9.26955509185791,,9.26955509185791,
936,5621,,,-9.384675025939941,,9.384675025939941,
937,5627,,,-9.974123001098633,,9.974123001098633,
938,5633,,,-9.758511543273926,,9.758511543273926,
939,5639,,,-9.843101501464844,,9.843101501464844,
940,5645,,,-9.251348495483398,,9.251348495483398,
941,5649,,,,-8.272350311279297,,8.272350311279297
941,5651,,,-9.847784042358398,,9.847784042358398,
942,5657,,,-9.45930290222168,,9.45930290222168,
943,5663,,,-10.311427116394043,,10.311427116394043,
944,5669,,,-9.378889083862305,,9.378889083862305,
945,5675,,,-9.409732818603516,,9.409732818603516,
946,5681,,,-10.494579315185547,,10.494579315185547,
947,5687,,,-10.541165351867676,,10.541165351867676,
948,5693,,,-9.86068344116211,,9.86068344116211,
949,5699,,,,-14.579412460327148,,14.579412460327148
949,5699,,,-9.771635055541992,,9.771635055541992,
950,5705,,,-9.789969444274902,,9.789969444274902,
951,5711,,,-9.2837495803833,,9.2837495803833,
952,5717,,,-9.743929862976074,,9.743929862976074,
953,5723,,,-9.905582427978516,,9.905582427978516,
954,5729,,,-10.289615631103516,,10.289615631103516,
955,5735,,,-10.23701000213623,,10.23701000213623,
956,5741,,,-9.679668426513672,,9.679668426513672,
957,5747,,,-9.962955474853516,,9.962955474853516,
958,5749,,,,-10.123640060424805,,10.123640060424805
958,5753,,,-9.870572090148926,,9.870572090148926,
959,5759,,,-10.19482707977295,,10.19482707977295,
960,5765,,,-9.719047546386719,,9.719047546386719,
961,5771,,,-10.026057243347168,,10.026057243347168,
962,5777,,,-10.17199420928955,,10.17199420928955,
963,5783,,,-10.683670043945312,,10.683670043945312,
964,5789,,,-10.129557609558105,,10.129557609558105,
965,5795,,,-9.234037399291992,,9.234037399291992,
966,5799,,,,-9.054693222045898,,9.054693222045898
966,5801,,,-9.813197135925293,,9.813197135925293,
967,5807,,,-10.286211967468262,,10.286211967468262,
968,5813,,,-9.90463924407959,,9.90463924407959,
969,5819,,,-10.696603775024414,,10.696603775024414,
970,5825,,,-9.50767707824707,,9.50767707824707,
971,5831,,,-10.334330558776855,,10.334330558776855,
972,5837,,,-10.592900276184082,,10.592900276184082,
973,5843,,,-11.242844581604004,,11.242844581604004,
974,5849,,,,-15.361539840698242,,15.361539840698242
974,5849,,,-8.808903694152832,,8.808903694152832,
975,5855,,,-9.496526718139648,,9.496526718139648,
976,5861,,,-10.48611831665039,,10.48611831665039,
977,5867,,,-10.366475105285645,,10.366475105285645,
978,5873,,,-9.171792030334473,,9.171792030334473,
979,5879,,,-10.169281005859375,,10.169281005859375,
980,5885,,,-9.986006736755371,,9.986006736755371,
981,5891,,,-10.328306198120117,,10.328306198120117,
982,5897,,,-10.419700622558594,,10.419700622558594,
983,5899,,,,-8.048805236816406,,8.048805236816406
983,5903,,,-10.164637565612793,,10.164637565612793,
984,5909,,,-9.475445747375488,,9.475445747375488,
985,5915,,,-10.292561531066895,,10.292561531066895,
986,5921,,,-10.621423721313477,,10.621423721313477,
987,5927,,,-10.343981742858887,,10.343981742858887,
988,5933,,,-10.18183422088623,,10.18183422088623,
989,5939,,,-10.622034072875977,,10.622034072875977,
990,5945,,,-10.803025245666504,,10.803025245666504,
991,5949,,,,-8.079645156860352,,8.079645156860352
991,5951,,,-11.188953399658203,,11.188953399658203,
992,5957,,,-10.211913108825684,,10.211913108825684,
993,5963,,,-10.37130355834961,,10.37130355834961,
994,5969,,,-10.13553237915039,,10.13553237915039,
995,5975,,,-10.760885238647461,,10.760885238647461,
996,5981,,,-10.311624526977539,,10.311624526977539,
997,5987,,,-10.377376556396484,,10.377376556396484,
998,5993,,,-10.94896411895752,,10.94896411895752,
999,5999,,,,-23.928977966308594,,23.928977966308594
999,5999,,,-10.025362968444824,,10.025362968444824,
1000,6005,,,-11.068534851074219,,11.068534851074219,
1001,6011,,,-10.46919059753418,,10.46919059753418,
1002,6017,,,-10.697742462158203,,10.697742462158203,
1003,6023,,,-10.372162818908691,,10.372162818908691,
1004,6029,,,-10.960623741149902,,10.960623741149902,
1005,6035,,,-10.570712089538574,,10.570712089538574,
1006,6041,,,-11.748743057250977,,11.748743057250977,
1007,6047,,,-10.483904838562012,,10.483904838562012,
1008,6049,,,,-14.626426696777344,,14.626426696777344
1008,6053,,,-10.670123100280762,,10.670123100280762,
1009,6059,,,-10.870501518249512,,10.870501518249512,
1010,6065,,,-10.576610565185547,,10.576610565185547,
1011,6071,,,-10.049104690551758,,10.049104690551758,
1012,6077,,,-10.827882766723633,,10.827882766723633,
1013,6083,,,-10.170619010925293,,10.170619010925293,
1014,6089,,,-10.725172996520996,,10.725172996520996,
1015,6095,,,-11.284370422363281,,11.284370422363281,
1016,6099,,,,-11.012401580810547,,11.012401580810547
1016,6101,,,-11.099899291992188,,11.099899291992188,
1017,6107,,,-10.15576171875,,10.15576171875,
1018,6113,,,-10.604775428771973,,10.604775428771973,
1019,6119,,,-10.08848762512207,,10.08848762512207,
1020,6125,,,-11.137246131896973,,11.137246131896973,
1021,6131,,,-11.076244354248047,,11.076244354248047,
1022,6137,,,-10.785887718200684,,10.785887718200684,
1023,6143,,,-10.51144027709961,,10.51144027709961,
1024,6149,,,,-5.618171691894531,,5.618171691894531
1024,6149,,,-9.920031547546387,,9.920031547546387,
1025,6155,,,-9.825992584228516,,9.825992584228516,
1026,6161,,,-10.493876457214355,,10.493876457214355,
1027,6167,,,-11.243637084960938,,11.243637084960938,
1028,6173,,,-10.158207893371582,,10.158207893371582,
1029,6179,,,-10.204899787902832,,10.204899787902832,
1030,6185,,,-10.193059921264648,,10.193059921264648,
1031,6191,,,-10.731017112731934,,10.731017112731934,
1032,6197,,,-10.400322914123535,,10.400322914123535,
1033,6199,,,,-6.966615676879883,,6.966615676879883
1033,6203,,,-9.683857917785645,,9.683857917785645,
1034,6209,,,-11.193340301513672,,11.193340301513672,
1035,6215,,,-10.831148147583008,,10.831148147583008,
1036,6221,,,-10.555632591247559,,10.555632591247559,
1037,6227,,,-10.366050720214844,,10.366050720214844,
1038,6233,,,-10.352648735046387,,10.352648735046387,
1039,6239,,,-10.878756523132324,,10.878756523132324,
1040,6245,,,-10.619847297668457,,10.619847297668457,
1041,6249,,,,-14.428377151489258,,14.428377151489258
1041,6251,,,-11.10175609588623,,11.10175609588623,
1042,6257,,,-10.964594841003418,,10.964594841003418,
1043,6263,,,-10.877777099609375,,10.877777099609375,
1044,6269,,,-11.78012752532959,,11.78012752532959,
1045,6275,,,-10.91089153289795,,10.91089153289795,
1046,6281,,,-9.211350440979004,,9.211350440979004,
1047,6287,,,-10.8895263671875,,10.8895263671875,
1048,6293,,,-11.293524742126465,,11.293524742126465,
1049,6299,,,,-10.391448974609375,,10.391448974609375
1049,6299,,,-10.173531532287598,,10.173531532287598,
1050,6305,,,-11.212593078613281,,11.212593078613281,
1051,6311,,,-11.111777305603027,,11.111777305603027,
1052,6317,,,-11.13681411743164,,11.13681411743164,
1053,6323,,,-11.16182804107666,,11.16182804107666,
1054,6329,,,-11.465862274169922,,11.465862274169922,
1055,6335,,,-10.84083366394043,,10.84083366394043,
1056,6341,,,-11.024983406066895,,11.024983406066895,
1057,6347,,,-11.319253921508789,,11.319253921508789,
1058,6349,,,,-9.189886093139648,,9.189886093139648
1058,6353,,,-10.119600296020508,,10.119600296020508,
1059,6359,,,-10.711271286010742,,10.711271286010742,
1060,6365,,,-11.487140655517578,,11.487140655517578,
1061,6371,,,-11.102799415588379,,11.102799415588379,
1062,6377,,,-10.66791820526123,,10.66791820526123,
1063,6383,,,-10.98707103729248,,10.98707103729248,
1064,6389,,,-10.719511032104492,,10.719511032104492,
1065,6395,,,-11.631022453308105,,11.631022453308105,
1066,6399,,,,-15.435527801513672,,15.435527801513672
1066,6401,,,-10.542040824890137,,10.542040824890137,
1067,6407,,,-10.54806900024414,,10.54806900024414,
1068,6413,,,-10.705402374267578,,10.705402374267578,
1069,6419,,,-10.967345237731934,,10.967345237731934,
1070,6425,,,-11.375246047973633,,11.375246047973633,
1071,6431,,,-10.962129592895508,,10.962129592895508,
1072,6437,,,-10.757555961608887,,10.757555961608887,
1073,6443,,,-11.36812686920166,,11.36812686920166,
1074,6449,,,,-3.243328094482422,,3.243328094482422
1074,6449,,,-11.332708358764648,,11.332708358764648,
1075,6455,,,-11.193574905395508,,11.193574905395508,
1076,6461,,,-11.400242805480957,,11.400242805480957,
1077,6467,,,-11.797414779663086,,11.797414779663086,
1078,6473,,,-11.379441261291504,,11.379441261291504,
1079,6479,,,-11.530861854553223,,11.530861854553223,
1080,6485,,,-11.076355934143066,,11.076355934143066,
1081,6491,,,-11.1827974319458,,11.1827974319458,
1082,6497,,,-10.880803108215332,,10.880803108215332,
1083,6499,,,,-10.566347122192383,,10.566347122192383
1083,6503,,,-11.931882858276367,,11.931882858276367,
1084,6509,,,-11.303373336791992,,11.303373336791992,
1085,6515,,,-11.784668922424316,,11.784668922424316,
1086,6521,,,-11.243199348449707,,11.243199348449707,
1087,6527,,,-11.101619720458984,,11.101619720458984,
1088,6533,,,-10.703469276428223,,10.703469276428223,
1089,6539,,,-11.265217781066895,,11.265217781066895,
1090,6545,,,-11.197358131408691,,11.197358131408691,
1091,6549,,,,-7.357154846191406,,7.357154846191406
1091,6551,,,-10.986536979675293,,10.986536979675293,
1092,6557,,,-10.945771217346191,,10.945771217346191,
1093,6563,,,-10.701563835144043,,10.701563835144043,
1094,6569,,,-11.32092571258545,,11.32092571258545,
1095,6575,,,-11.774713516235352,,11.774713516235352,
1096,6581,,,-11.656233787536621,,11.656233787536621,
1097,6587,,,-11.99726390838623,,11.99726390838623,
1098,6593,,,-11.62839412689209,,11.62839412689209,
1099,6599,,,,-5.879966735839844,,5.879966735839844
1099,6599,,,-12.029419898986816,,12.029419898986816,
1100,6605,,,-12.177702903747559,,12.177702903747559,
1101,6611,,,-11.898967742919922,,11.898967742919922,
1102,6617,,,-10.963619232177734,,10.963619232177734,
1103,6623,,,-11.900581359863281,,11.900581359863281,
1104,6629,,,-11.680611610412598,,11.680611610412598,
1105,6635,,,-11.100471496582031,,11.100471496582031,
1106,6641,,,-12.416237831115723,,12.416237831115723,
1107,6647,,,-11.710603713989258,,11.710603713989258,
1108,6649,,,,-14.766336441040039,,14.766336441040039
1108,6653,,,-12.262752532958984,,12.262752532958984,
1109,6659,,,-10.554165840148926,,10.554165840148926,
1110,6665,,,-11.920260429382324,,11.920260429382324,
1111,6671,,,-11.349396705627441,,11.349396705627441,
1112,6677,,,-11.211106300354004,,11.211106300354004,
1113,6683,,,-10.444710731506348,,10.444710731506348,
1114,6689,,,-12.049467086791992,,12.049467086791992,
1115,6695,,,-12.243175506591797,,12.243175506591797,
1116,6699,,,,-15.387441635131836,,15.387441635131836
1116,6701,,,-11.993817329406738,,11.993817329406738,
1117,6707,,,-11.990213394165039,,11.990213394165039,
1118,6713,,,-11.490592956542969,,11.490592956542969,
1119,6719,,,-12.201224327087402,,12.201224327087402,
1120,6725,,,-11.143539428710938,,11.143539428710938,
1121,6731,,,-11.448813438415527,,11.448813438415527,
1122,6737,,,-11.846903800964355,,11.846903800964355,
1123,6743,,,-11.698010444641113,,11.698010444641113,
1124,6749,,,,-16.403125762939453,,16.403125762939453
1124,6749,,,-12.297593116760254,,12.297593116760254,
1125,6755,,,-11.370638847351074,,11.370638847351074,
1126,6761,,,-11.680390357971191,,11.680390357971191,
1127,6767,,,-11.561453819274902,,11.561453819274902,
1128,6773,,,-12.418983459472656,,12.418983459472656,
1129,6779,,,-11.467223167419434,,11.467223167419434,
1130,6785,,,-11.123769760131836,,11.123769760131836,
1131,6791,,,-10.762044906616211,,10.762044906616211,
1132,6797,,,-12.046870231628418,,12.046870231628418,
1133,6799,,,,-13.157615661621094,,13.157615661621094
1133,6803,,,-12.056469917297363,,12.056469917297363,
1134,6809,,,-11.726387977600098,,11.726387977600098,
1135,6815,,,-11.5144681930542,,11.5144681930542,
1136,6821,,,-12.137073516845703,,12.137073516845703,
1137,6827,,,-11.430642127990723,,11.430642127990723,
1138,6833,,,-11.263404846191406,,11.263404846191406,
1139,6839,,,-11.147439002990723,,11.147439002990723,
1140,6845,,,-10.644028663635254,,10.644028663635254,
1141,6849,,,,-7.625457763671875,,7.625457763671875
1141,6851,,,-11.708727836608887,,11.708727836608887,
1142,6857,,,-11.936539649963379,,11.936539649963379,
1143,6863,,,-11.24224853515625,,11.24224853515625,
1144,6869,,,-11.958388328552246,,11.958388328552246,
1145,6875,,,-12.470664978027344,,12.470664978027344,
1146,6881,,,-11.364336967468262,,11.364336967468262,
1147,6887,,,-11.527740478515625,,11.527740478515625,
1148,6893,,,-12.064688682556152,,12.064688682556152,
1149,6899,,,,-9.391063690185547,,9.391063690185547
1149,6899,,,-12.615934371948242,,12.615934371948242,
1150,6905,,,-11.3275728225708,,11.3275728225708,
1151,6911,,,-12.143922805786133,,12.143922805786133,
1152,6917,,,-11.30571174621582,,11.30571174621582,
1153,6923,,,-12.385815620422363,,12.385815620422363,
1154,6929,,,-12.183463096618652,,12.183463096618652,
1155,6935,,,-12.660870552062988,,12.660870552062988,
1156,6941,,,-12.234668731689453,,12.234668731689453,
1157,6947,,,-12.564689636230469,,12.564689636230469,
1158,6949,,,,-11.405679702758789,,11.405679702758789
1158,6953,,,-12.207590103149414,,12.207590103149414,
1159,6959,,,-12.36523723602295,,12.36523723602295,
1160,6965,,,-11.297484397888184,,11.297484397888184,
1161,6971,,,-12.317946434020996,,12.317946434020996,
1162,6977,,,-12.565413475036621,,12.565413475036621,
1163,6983,,,-11.945112228393555,,11.945112228393555,
1164,6989,,,-12.510664939880371,,12.510664939880371,
1165,6995,,,-12.30947208404541,,12.30947208404541,
1166,6999,,,,-12.039995193481445,,12.039995193481445
1166,7001,,,-12.150221824645996,,12.150221824645996,
1167,7007,,,-11.54631519317627,,11.54631519317627,
1168,7013,,,-11.5520601272583,,11.5520601272583,
1169,7019,,,-12.073197364807129,,12.073197364807129,
1170,7025,,,-12.677759170532227,,12.677759170532227,
1171,7031,,,-11.880464553833008,,11.880464553833008,
1172,7037,,,-11.479247093200684,,11.479247093200684,
1173,7043,,,-12.698299407958984,,12.698299407958984,
1174,7049,,,,-15.973403930664062,,15.973403930664062
1174,7049,,,-12.217551231384277,,12.217551231384277,
1175,7055,,,-12.684326171875,,12.684326171875,
1176,7061,,,-11.363081932067871,,11.363081932067871,
1177,7067,,,-12.307865142822266,,12.307865142822266,
1178,7073,,,-12.677117347717285,,12.677117347717285,
1179,7079,,,-11.425960540771484,,11.425960540771484,
1180,7085,,,-11.542028427124023,,11.542028427124023,
1181,7091,,,-12.657681465148926,,12.657681465148926,
1182,7097,,,-12.078744888305664,,12.078744888305664,
1183,7099,,,,-12.297615051269531,,12.297615051269531
1183,7103,,,-12.283207893371582,,12.283207893371582,
1184,7109,,,-12.565522193908691,,12.565522193908691,
1185,7115,,,-12.125086784362793,,12.125086784362793,
1186,7121,,,-12.4102783203125,,12.4102783203125,
1187,7127,,,-12.376850128173828,,12.376850128173828,
1188,7133,,,-11.482209205627441,,11.482209205627441,
1189,7139,,,-13.095393180847168,,13.095393180847168,
1190,7145,,,-12.907946586608887,,12.907946586608887,
1191,7149,,,,-11.004030227661133,,11.004030227661133
1191,7151,,,-11.968512535095215,,11.968512535095215,
1192,7157,,,-12.797537803649902,,12.797537803649902,
1193,7163,,,-12.453076362609863,,12.453076362609863,
1194,7169,,,-12.100605010986328,,12.100605010986328,
1195,7175,,,-12.778422355651855,,12.778422355651855,
1196,7181,,,-11.883831024169922,,11.883831024169922,
1197,7187,,,-12.556411743164062,,12.556411743164062,
1198,7193,,,-13.059354782104492,,13.059354782104492,
1199,7199,,,,-8.225942611694336,,8.225942611694336
1199,7199,,,-11.444539070129395,,11.444539070129395,
1200,7205,,,-12.055521011352539,,12.055521011352539,
1201,7211,,,-13.03542709350586,,13.03542709350586,
1202,7217,,,-12.950226783752441,,12.950226783752441,
1203,7223,,,-12.554368019104004,,12.554368019104004,
1204,7229,,,-12.404203414916992,,12.404203414916992,
1205,7235,,,-12.552974700927734,,12.552974700927734,
1206,7241,,,-11.557604789733887,,11.557604789733887,
1207,7247,,,-12.511248588562012,,12.511248588562012,
1208,7249,,,,-17.72063636779785,,17.72063636779785
1208,7253,,,-12.9935302734375,,12.9935302734375,
1209,7259,,,-13.030821800231934,,13.030821800231934,
1210,7265,,,-13.598182678222656,,13.598182678222656,
1211,7271,,,-12.758566856384277,,12.758566856384277,
1212,7277,,,-13.28907585144043,,13.28907585144043,
1213,7283,,,-12.771925926208496,,12.771925926208496,
1214,7289,,,-13.186136245727539,,13.186136245727539,
1215,7295,,,-12.659796714782715,,12.659796714782715,
1216,7299,,,,-12.868009567260742,,12.868009567260742
1216,7301,,,-12.381454467773438,,12.381454467773438,
1217,7307,,,-13.139999389648438,,13.139999389648438,
1218,7313,,,-13.23625373840332,,13.23625373840332,
1219,7319,,,-12.120928764343262,,12.120928764343262,
1220,7325,,,-13.052653312683105,,13.052653312683105,
1221,7331,,,-13.054503440856934,,13.054503440856934,
1222,7337,,,-13.05072021484375,,13.05072021484375,
1223,7343,,,-12.959003448486328,,12.959003448486328,
1224,7349,,,,-14.743711471557617,,14.743711471557617
1224,7349,,,-12.767714500427246,,12.767714500427246,
1225,7355,,,-13.007616996765137,,13.007616996765137,
1226,7361,,,-12.865790367126465,,12.865790367126465,
1227,7367,,,-12.741382598876953,,12.741382598876953,
1228,7373,,,-13.321760177612305,,13.321760177612305,
1229,7379,,,-13.121665000915527,,13.121665000915527,
1230,7385,,,-13.284363746643066,,13.284363746643066,
1231,7391,,,-12.728353500366211,,12.728353500366211,
1232,7397,,,-12.432930946350098,,12.432930946350098,
1233,7399,,,,-8.754301071166992,,8.754301071166992
1233,7403,,,-12.561199188232422,,12.561199188232422,
1234,7409,,,-13.259549140930176,,13.259549140930176,
1235,7415,,,-13.444385528564453,,13.444385528564453,
1236,7421,,,-12.309684753417969,,12.309684753417969,
1237,7427,,,-12.803048133850098,,12.803048133850098,
1238,7433,,,-13.115825653076172,,13.115825653076172,
1239,7439,,,-13.00802993774414,,13.00802993774414,
1240,7445,,,-12.587196350097656,,12.587196350097656,
1241,7449,,,,-7.158269882202148,,7.158269882202148
1241,7451,,,-12.235241889953613,,12.235241889953613,
1242,7457,,,-12.67234992980957,,12.67234992980957,
1243,7463,,,-12.98479175567627,,12.98479175567627,
1244,7469,,,-13.650463104248047,,13.650463104248047,
1245,7475,,,-15.153168678283691,,15.153168678283691,
1246,7481,,,-13.2628173828125,,13.2628173828125,
1247,7487,,,-12.817436218261719,,12.817436218261719,
1248,7493,,,-12.934988021850586,,12.934988021850586,
1249,7499,,,,-1.3683185577392578,,1.3683185577392578
1249,7499,,,-13.914839744567871,,13.914839744567871,
1250,7505,,,-13.442827224731445,,13.442827224731445,
1251,7511,,,-12.76813793182373,,12.76813793182373,
1252,7517,,,-12.558634757995605,,12.558634757995605,
1253,7523,,,-13.947771072387695,,13.947771072387695,
1254,7529,,,-13.151616096496582,,13.151616096496582,
1255,7535,,,-13.212146759033203,,13.212146759033203,
1256,7541,,,-13.031126976013184,,13.031126976013184,
1257,7547,,,-12.694365501403809,,12.694365501403809,
1258,7549,,,,-13.580350875854492,,13.580350875854492
1258,7553,,,-12.907721519470215,,12.907721519470215,
1259,7559,,,-12.889158248901367,,12.889158248901367,
1260,7565,,,-13.644617080688477,,13.644617080688477,
1261,7571,,,-13.232592582702637,,13.232592582702637,
1262,7577,,,-14.020898818969727,,14.020898818969727,
1263,7583,,,-13.288559913635254,,13.288559913635254,
1264,7589,,,-12.492939949035645,,12.492939949035645,
1265,7595,,,-13.64566421508789,,13.64566421508789,
1266,7599,,,,-12.666166305541992,,12.666166305541992
1266,7601,,,-13.453933715820312,,13.453933715820312,
1267,7607,,,-13.132173538208008,,13.132173538208008,
1268,7613,,,-12.540777206420898,,12.540777206420898,
1269,7619,,,-13.925314903259277,,13.925314903259277,
1270,7625,,,-13.173222541809082,,13.173222541809082,
1271,7631,,,-13.142794609069824,,13.142794609069824,
1272,7637,,,-12.818710327148438,,12.818710327148438,
1273,7643,,,-13.874216079711914,,13.874216079711914,
1274,7649,,,,-23.264080047607422,,23.264080047607422
1274,7649,,,-13.513860702514648,,13.513860702514648,
1275,7655,,,-13.287310600280762,,13.287310600280762,
1276,7661,,,-13.52449893951416,,13.52449893951416,
1277,7667,,,-13.022196769714355,,13.022196769714355,
1278,7673,,,-13.108325958251953,,13.108325958251953,
1279,7679,,,-13.048792839050293,,13.048792839050293,
1280,7685,,,-13.002026557922363,,13.002026557922363,
1281,7691,,,-13.01607894897461,,13.01607894897461,
1282,7697,,,-12.326502799987793,,12.326502799987793,
1283,7699,,,,-14.163951873779297,,14.163951873779297
1283,7703,,,-13.127145767211914,,13.127145767211914,
1284,7709,,,-13.35947322845459,,13.35947322845459,
1285,7715,,,-12.859210968017578,,12.859210968017578,
1286,7721,,,-13.150797843933105,,13.150797843933105,
1287,7727,,,-13.52966594696045,,13.52966594696045,
1288,7733,,,-12.30506420135498,,12.30506420135498,
1289,7739,,,-13.019359588623047,,13.019359588623047,
1290,7745,,,-14.103585243225098,,14.103585243225098,
1291,7749,,,,-9.953302383422852,,9.953302383422852
1291,7751,,,-13.028112411499023,,13.028112411499023,
1292,7757,,,-13.047545433044434,,13.047545433044434,
1293,7763,,,-13.513406753540039,,13.513406753540039,
1294,7769,,,-13.957708358764648,,13.957708358764648,
1295,7775,,,-14.595938682556152,,14.595938682556152,
1296,7781,,,-13.72400188446045,,13.72400188446045,
1297,7787,,,-14.019143104553223,,14.019143104553223,
1298,7793,,,-13.920997619628906,,13.920997619628906,
1299,7799,,,,-19.49502182006836,,19.49502182006836
1299,7799,,,-13.990938186645508,,13.990938186645508,
1300,7805,,,-14.7822847366333,,14.7822847366333,
1301,7811,,,-13.085026741027832,,13.085026741027832,
1302,7817,,,-14.444816589355469,,14.444816589355469,
1303,7823,,,-13.669032096862793,,13.669032096862793,
1304,7829,,,-14.472599029541016,,14.472599029541016,
1305,7835,,,-13.837387084960938,,13.837387084960938,
1306,7841,,,-14.146546363830566,,14.146546363830566,
1307,7847,,,-13.299225807189941,,13.299225807189941,
1308,7849,,,,-15.683300018310547,,15.683300018310547
1308,7853,,,-14.585296630859375,,14.585296630859375,
1309,7859,,,-13.833593368530273,,13.833593368530273,
1310,7865,,,-13.318100929260254,,13.318100929260254,
1311,7871,,,-13.002758026123047,,13.002758026123047,
1312,7877,,,-13.027254104614258,,13.027254104614258,
1313,7883,,,-13.502705574035645,,13.502705574035645,
1314,7889,,,-14.76492691040039,,14.76492691040039,
1315,7895,,,-13.761624336242676,,13.761624336242676,
1316,7899,,,,-16.825481414794922,,16.825481414794922
1316,7901,,,-14.227530479431152,,14.227530479431152,
1317,7907,,,-13.944392204284668,,13.944392204284668,
1318,7913,,,-13.752656936645508,,13.752656936645508,
1319,7919,,,-14.573782920837402,,14.573782920837402,
1320,7925,,,-13.321477890014648,,13.321477890014648,
1321,7931,,,-13.556877136230469,,13.556877136230469,
1322,7937,,,-13.574346542358398,,13.574346542358398,
1323,7943,,,-13.809696197509766,,13.809696197509766,
1324,7949,,,,-15.90521240234375,,15.90521240234375
1324,7949,,,-14.228557586669922,,14.228557586669922,
1325,7955,,,-13.99830436706543,,13.99830436706543,
1326,7961,,,-14.288748741149902,,14.288748741149902,
1327,7967,,,-13.505613327026367,,13.505613327026367,
1328,7973,,,-13.931108474731445,,13.931108474731445,
1329,7979,,,-14.650461196899414,,14.650461196899414,
1330,7985,,,-15.03596019744873,,15.03596019744873,
1331,7991,,,-13.532197952270508,,13.532197952270508,
1332,7997,,,-13.713998794555664,,13.713998794555664,
1333,7999,,,,-10.473913192749023,,10.473913192749023
1333,8003,,,-12.952831268310547,,12.952831268310547,
1334,8009,,,-14.340476036071777,,14.340476036071777,
1335,8015,,,-13.97514820098877,,13.97514820098877,
1336,8021,,,-14.46150016784668,,14.46150016784668,
1337,8027,,,-14.484816551208496,,14.484816551208496,
1338,8033,,,-13.283075332641602,,13.283075332641602,
1339,8039,,,-14.536578178405762,,14.536578178405762,
1340,8045,,,-14.070878982543945,,14.070878982543945,
1341,8049,,,,-19.472131729125977,,19.472131729125977
1341,8051,,,-13.784894943237305,,13.784894943237305,
1342,8057,,,-14.191986083984375,,14.191986083984375,
1343,8063,,,-15.004236221313477,,15.004236221313477,
1344,8069,,,-14.245455741882324,,14.245455741882324,
1345,8075,,,-14.386677742004395,,14.386677742004395,
1346,8081,,,-14.743753433227539,,14.743753433227539,
1347,8087,,,-13.941582679748535,,13.941582679748535,
1348,8093,,,-14.226670265197754,,14.226670265197754,
1349,8099,,,,-9.566179275512695,,9.566179275512695
1349,8099,,,-14.853429794311523,,14.853429794311523,
1350,8105,,,-14.596978187561035,,14.596978187561035,
1351,8111,,,-13.892289161682129,,13.892289161682129,
1352,8117,,,-13.240864753723145,,13.240864753723145,
1353,8123,,,-14.735268592834473,,14.735268592834473,
1354,8129,,,-14.363264083862305,,14.363264083862305,
1355,8135,,,-14.447277069091797,,14.447277069091797,
1356,8141,,,-16.201936721801758,,16.201936721801758,
1357,8147,,,-15.209724426269531,,15.209724426269531,
1358,8149,,,,-14.802316665649414,,14.802316665649414
1358,8153,,,-14.139861106872559,,14.139861106872559,
1359,8159,,,-13.905498504638672,,13.905498504638672,
1360,8165,,,-13.88797664642334,,13.88797664642334,
1361,8171,,,-14.708612442016602,,14.708612442016602,
1362,8177,,,-13.98302936553955,,13.98302936553955,
1363,8183,,,-15.218826293945312,,15.218826293945312,
1364,8189,,,-14.758130073547363,,14.758130073547363,
1365,8195,,,-15.070639610290527,,15.070639610290527,
1366,8199,,,,-18.5207462310791,,18.5207462310791
1366,8201,,,-15.329511642456055,,15.329511642456055,
1367,8207,,,-14.420583724975586,,14.420583724975586,
1368,8213,,,-14.058660507202148,,14.058660507202148,
1369,8219,,,-13.870696067810059,,13.870696067810059,
1370,8225,,,-14.95698356628418,,14.95698356628418,
1371,8231,,,-14.02294635772705,,14.02294635772705,
1372,8237,,,-14.43678092956543,,14.43678092956543,
1373,8243,,,-14.285425186157227,,14.285425186157227,
1374,8249,,,,-32.73793029785156,,32.73793029785156
1374,8249,,,-14.618961334228516,,14.618961334228516,
1375,8255,,,-14.436964988708496,,14.436964988708496,
1376,8261,,,-15.10437297821045,,15.10437297821045,
1377,8267,,,-15.319433212280273,,15.319433212280273,
1378,8273,,,-15.156839370727539,,15.156839370727539,
1379,8279,,,-14.858184814453125,,14.858184814453125,
1380,8285,,,-14.312270164489746,,14.312270164489746,
1381,8291,,,-13.29725170135498,,13.29725170135498,
1382,8297,,,-14.760709762573242,,14.760709762573242,
1383,8299,,,,-11.29810905456543,,11.29810905456543
1383,8303,,,-14.368834495544434,,14.368834495544434,
1384,8309,,,-14.514533996582031,,14.514533996582031,
1385,8315,,,-15.447734832763672,,15.447734832763672,
1386,8321,,,-14.816139221191406,,14.816139221191406,
1387,8327,,,-15.027556419372559,,15.027556419372559,
1388,8333,,,-14.711648941040039,,14.711648941040039,
1389,8339,,,-14.80632209777832,,14.80632209777832,
1390,8345,,,-14.419416427612305,,14.419416427612305,
1391,8349,,,,-10.267061233520508,,10.267061233520508
1391,8351,,,-13.28903865814209,,13.28903865814209,
1392,8357,,,-14.697195053100586,,14.697195053100586,
1393,8363,,,-14.474835395812988,,14.474835395812988,
1394,8369,,,-14.874131202697754,,14.874131202697754,
1395,8375,,,-15.326972961425781,,15.326972961425781,
1396,8381,,,-14.882465362548828,,14.882465362548828,
1397,8387,,,-14.164666175842285,,14.164666175842285,
1398,8393,,,-14.25741195678711,,14.25741195678711,
1399,8399,,,,-12.984155654907227,,12.984155654907227
1399,8399,,,-14.708856582641602,,14.708856582641602,
1400,8405,,,-14.589284896850586,,14.589284896850586,
1401,8411,,,-15.366667747497559,,15.366667747497559,
1402,8417,,,-14.618391990661621,,14.618391990661621,
1403,8423,,,-14.100431442260742,,14.100431442260742,
1404,8429,,,-16.69900894165039,,16.69900894165039,
1405,8435,,,-14.544978141784668,,14.544978141784668,
1406,8441,,,-15.155137062072754,,15.155137062072754,
1407,8447,,,-15.826199531555176,,15.826199531555176,
1408,8449,,,,-15.297830581665039,,15.297830581665039
1408,8453,,,-14.13769245147705,,14.13769245147705,
1409,8459,,,-15.492997169494629,,15.492997169494629,
1410,8465,,,-15.168646812438965,,15.168646812438965,
1411,8471,,,-14.1748628616333,,14.1748628616333,
1412,8477,,,-14.693163871765137,,14.693163871765137,
1413,8483,,,-14.073490142822266,,14.073490142822266,
1414,8489,,,-14.926159858703613,,14.926159858703613,
1415,8495,,,-15.266098976135254,,15.266098976135254,
1416,8499,,,,-13.065229415893555,,13.065229415893555
1416,8501,,,-14.62039566040039,,14.62039566040039,
1417,8507,,,-15.090971946716309,,15.090971946716309,
1418,8513,,,-14.929176330566406,,14.929176330566406,
1419,8519,,,-15.164694786071777,,15.164694786071777,
1420,8525,,,-16.14607810974121,,16.14607810974121,
1421,8531,,,-14.380361557006836,,14.380361557006836,
1422,8537,,,-15.139720916748047,,15.139720916748047,
1423,8543,,,-14.27771282196045,,14.27771282196045,
1424,8549,,,,-10.490541458129883,,10.490541458129883
1424,8549,,,-14.991190910339355,,14.991190910339355,
1425,8555,,,-15.158476829528809,,15.158476829528809,
1426,8561,,,-14.936080932617188,,14.936080932617188,
1427,8567,,,-15.619779586791992,,15.619779586791992,
1428,8573,,,-14.585794448852539,,14.585794448852539,
1429,8579,,,-14.482410430908203,,14.482410430908203,
1430,8585,,,-16.468107223510742,,16.468107223510742,
1431,8591,,,-15.240775108337402,,15.240775108337402,
1432,8597,,,-15.760046005249023,,15.760046005249023,
1433,8599,,,,-18.17632484436035,,18.17632484436035
1433,8603,,,-16.071226119995117,,16.071226119995117,
1434,8609,,,-14.728703498840332,,14.728703498840332,
1435,8615,,,-15.926309585571289,,15.926309585571289,
1436,8621,,,-15.82463264465332,,15.82463264465332,
1437,8627,,,-15.993053436279297,,15.993053436279297,
1438,8633,,,-15.395669937133789,,15.395669937133789,
1439,8639,,,-16.735424041748047,,16.735424041748047,
1440,8645,,,-14.77708625793457,,14.77708625793457,
1441,8649,,,,-15.015504837036133,,15.015504837036133
1441,8651,,,-13.894941329956055,,13.894941329956055,
1442,8657,,,-14.974933624267578,,14.974933624267578,
1443,8663,,,-16.939695358276367,,16.939695358276367,
1444,8669,,,-14.878562927246094,,14.878562927246094,
1445,8675,,,-15.522727966308594,,15.522727966308594,
1446,8681,,,-15.390535354614258,,15.390535354614258,
1447,8687,,,-15.1631498336792,,15.1631498336792,
1448,8693,,,-15.97736644744873,,15.97736644744873,
1449,8699,,,,-16.293630599975586,,16.293630599975586
1449,8699,,,-15.039186477661133,,15.039186477661133,
1450,8705,,,-14.922380447387695,,14.922380447387695,
1451,8711,,,-14.438157081604004,,14.438157081604004,
1452,8717,,,-16.355682373046875,,16.355682373046875,
1453,8723,,,-14.440282821655273,,14.440282821655273,
1454,8729,,,-15.158817291259766,,15.158817291259766,
1455,8735,,,-16.243671417236328,,16.243671417236328,
1456,8741,,,-15.089728355407715,,15.089728355407715,
1457,8747,,,-15.893309593200684,,15.893309593200684,
1458,8749,,,,-14.11459732055664,,14.11459732055664
1458,8753,,,-15.555845260620117,,15.555845260620117,
1459,8759,,,-15.499013900756836,,15.499013900756836,
1460,8765,,,-14.972586631774902,,14.972586631774902,
1461,8771,,,-14.213274955749512,,14.213274955749512,
1462,8777,,,-15.566892623901367,,15.566892623901367,
1463,8783,,,-16.04646873474121,,16.04646873474121,
1464,8789,,,-15.758462905883789,,15.758462905883789,
1465,8795,,,-15.888863563537598,,15.888863563537598,
1466,8799,,,,-16.21702003479004,,16.21702003479004
1466,8801,,,-15.912144660949707,,15.912144660949707,
1467,8807,,,-14.30490779876709,,14.30490779876709,
1468,8813,,,-15.291705131530762,,15.291705131530762,
1469,8819,,,-16.019208908081055,,16.019208908081055,
1470,8825,,,-15.323490142822266,,15.323490142822266,
1471,8831,,,-15.565315246582031,,15.565315246582031,
1472,8837,,,-16.101789474487305,,16.101789474487305,
1473,8843,,,-15.273164749145508,,15.273164749145508,
1474,8849,,,,-16.206064224243164,,16.206064224243164
1474,8849,,,-15.0632963180542,,15.0632963180542,
1475,8855,,,-16.43621063232422,,16.43621063232422,
1476,8861,,,-14.215072631835938,,14.215072631835938,
1477,8867,,,-16.25234031677246,,16.25234031677246,
1478,8873,,,-15.907394409179688,,15.907394409179688,
1479,8879,,,-16.114133834838867,,16.114133834838867,
1480,8885,,,-16.235321044921875,,16.235321044921875,
1481,8891,,,-15.199734687805176,,15.199734687805176,
1482,8897,,,-14.514187812805176,,14.514187812805176,
1483,8899,,,,-12.883777618408203,,12.883777618408203
1483,8903,,,-13.548355102539062,,13.548355102539062,
1484,8909,,,-17.504390716552734,,17.504390716552734,
1485,8915,,,-16.3582763671875,,16.3582763671875,
1486,8921,,,-15.222030639648438,,15.222030639648438,
1487,8927,,,-15.840396881103516,,15.840396881103516,
1488,8933,,,-15.54955005645752,,15.54955005645752,
1489,8939,,,-15.265804290771484,,15.265804290771484,
1490,8945,,,-15.788294792175293,,15.788294792175293,
1491,8949,,,,-21.89217185974121,,21.89217185974121
1491,8951,,,-15.850068092346191,,15.850068092346191,
1492,8957,,,-15.860637664794922,,15.860637664794922,
1493,8963,,,-14.894478797912598,,14.894478797912598,
1494,8969,,,-14.848907470703125,,14.848907470703125,
1495,8975,,,-15.377477645874023,,15.377477645874023,
1496,8981,,,-16.24490737915039,,16.24490737915039,
1497,8987,,,-15.885493278503418,,15.885493278503418,
1498,8993,,,-16.533748626708984,,16.533748626708984,
1499,8999,,,,-19.42622184753418,,19.42622184753418
1499,8999,,,-15.932709693908691,,15.932709693908691,
1500,9005,,,-15.990581512451172,,15.990581512451172,
1501,9011,,,-16.175857543945312,,16.175857543945312,
1502,9017,,,-16.302715301513672,,16.302715301513672,
1503,9023,,,-15.632987976074219,,15.632987976074219,
1504,9029,,,-16.295541763305664,,16.295541763305664,
1505,9035,,,-16.533964157104492,,16.533964157104492,
1506,9041,,,-15.684454917907715,,15.684454917907715,
1507,9047,,,-16.918743133544922,,16.918743133544922,
1508,9049,,,,-22.976285934448242,,22.976285934448242
1508,9053,,,-16.878578186035156,,16.878578186035156,
1509,9059,,,-16.04375648498535,,16.04375648498535,
1510,9065,,,-16.92643928527832,,16.92643928527832,
1511,9071,,,-16.211278915405273,,16.211278915405273,
1512,9077,,,-16.61316680908203,,16.61316680908203,
1513,9083,,,-15.982725143432617,,15.982725143432617,
1514,9089,,,-15.64298152923584,,15.64298152923584,
1515,9095,,,-16.52107810974121,,16.52107810974121,
1516,9099,,,,-16.822622299194336,,16.822622299194336
1516,9101,,,-15.996137619018555,,15.996137619018555,
1517,9107,,,-16.593944549560547,,16.593944549560547,
1518,9113,,,-16.90119743347168,,16.90119743347168,
1519,9119,,,-16.355846405029297,,16.355846405029297,
1520,9125,,,-16.104738235473633,,16.104738235473633,
1521,9131,,,-14.472084999084473,,14.472084999084473,
1522,9137,,,-15.706250190734863,,15.706250190734863,
1523,9143,,,-17.084238052368164,,17.084238052368164,
1524,9149,,,,-20.10444450378418,,20.10444450378418
1524,9149,,,-16.144432067871094,,16.144432067871094,
1525,9155,,,-16.920433044433594,,16.920433044433594,
1526,9161,,,-17.346759796142578,,17.346759796142578,
1527,9167,,,-16.642215728759766,,16.642215728759766,
1528,9173,,,-16.965225219726562,,16.965225219726562,
1529,9179,,,-15.837976455688477,,15.837976455688477,
1530,9185,,,-17.60077476501465,,17.60077476501465,
1531,9191,,,-14.89095687866211,,14.89095687866211,
1532,9197,,,-14.916521072387695,,14.916521072387695,
1533,9199,,,,-20.70828628540039,,20.70828628540039
1533,9203,,,-16.033369064331055,,16.033369064331055,
1534,9209,,,-15.718174934387207,,15.718174934387207,
1535,9215,,,-16.400617599487305,,16.400617599487305,
1536,9221,,,-17.160789489746094,,17.160789489746094,
1537,9227,,,-17.18507957458496,,17.18507957458496,
1538,9233,,,-16.10849952697754,,16.10849952697754,
1539,9239,,,-16.6113224029541,,16.6113224029541,
1540,9245,,,-16.616653442382812,,16.616653442382812,
1541,9249,,,,-19.829259872436523,,19.829259872436523
1541,9251,,,-16.923776626586914,,16.923776626586914,
1542,9257,,,-16.89307403564453,,16.89307403564453,
1543,9263,,,-16.849742889404297,,16.849742889404297,
1544,9269,,,-15.414189338684082,,15.414189338684082,
1545,9275,,,-16.297340393066406,,16.297340393066406,
1546,9281,,,-16.862579345703125,,16.862579345703125,
1547,9287,,,-15.836140632629395,,15.836140632629395,
1548,9293,,,-16.734609603881836,,16.734609603881836,
1549,9299,,,,-33.08356475830078,,33.08356475830078
1549,9299,,,-16.180980682373047,,16.180980682373047,
1550,9305,,,-18.217782974243164,,18.217782974243164,
1551,9311,,,-16.871837615966797,,16.871837615966797,
1552,9317,,,-16.542831420898438,,16.542831420898438,
1553,9323,,,-18.48859405517578,,18.48859405517578,
1554,9329,,,-17.282915115356445,,17.282915115356445,
1555,9335,,,-17.563337326049805,,17.563337326049805,
1556,9341,,,-17.701496124267578,,17.701496124267578,
1557,9347,,,-17.287504196166992,,17.287504196166992,
1558,9349,,,,-15.853431701660156,,15.853431701660156
1558,9353,,,-18.608814239501953,,18.608814239501953,
1559,9359,,,-16.45667839050293,,16.45667839050293,
1560,9365,,,-16.172365188598633,,16.172365188598633,
1561,9371,,,-17.284711837768555,,17.284711837768555,
1562,9377,,,-17.19956398010254,,17.19956398010254,
1563,9383,,,-17.720504760742188,,17.720504760742188,
1564,9389,,,-16.572893142700195,,16.572893142700195,
1565,9395,,,-16.831012725830078,,16.831012725830078,
1566,9399,,,,-16.457698822021484,,16.457698822021484
1566,9401,,,-16.90249252319336,,16.90249252319336,
1567,9407,,,-16.169437408447266,,16.169437408447266,
1568,9413,,,-16.004610061645508,,16.004610061645508,
1569,9419,,,-17.905010223388672,,17.905010223388672,
1570,9425,,,-17.944215774536133,,17.944215774536133,
1571,9431,,,-15.8843994140625,,15.8843994140625,
1572,9437,,,-18.03544044494629,,18.03544044494629,
1573,9443,,,-18.024940490722656,,18.024940490722656,
1574,9449,,,,-21.40511703491211,,21.40511703491211
1574,9449,,,-15.917262077331543,,15.917262077331543,
1575,9455,,,-16.48499870300293,,16.48499870300293,
1576,9461,,,-17.042203903198242,,17.042203903198242,
1577,9467,,,-17.187368392944336,,17.187368392944336,
1578,9473,,,-16.068796157836914,,16.068796157836914,
1579,9479,,,-15.979850769042969,,15.979850769042969,
1580,9485,,,-16.872514724731445,,16.872514724731445,
1581,9491,,,-16.41277503967285,,16.41277503967285,
1582,9497,,,-17.56848907470703,,17.56848907470703,
1583,9499,,,,-19.536706924438477,,19.536706924438477
1583,9503,,,-16.875356674194336,,16.875356674194336,
1584,9509,,,-17.560312271118164,,17.560312271118164,
1585,9515,,,-17.249835968017578,,17.249835968017578,
1586,9521,,,-17.486370086669922,,17.486370086669922,
1587,9527,,,-17.441511154174805,,17.441511154174805,
1588,9533,,,-16.908367156982422,,16.908367156982422,
1589,9539,,,-16.346641540527344,,16.346641540527344,
1590,9545,,,-17.134477615356445,,17.134477615356445,
1591,9549,,,,-15.151424407958984,,15.151424407958984
1591,9551,,,-16.887075424194336,,16.887075424194336,
1592,9557,,,-16.889657974243164,,16.889657974243164,
1593,9563,,,-18.156095504760742,,18.156095504760742,
1594,9569,,,-16.69295310974121,,16.69295310974121,
1595,9575,,,-17.729429244995117,,17.729429244995117,
1596,9581,,,-18.680004119873047,,18.680004119873047,
1597,9587,,,-17.444154739379883,,17.444154739379883,
1598,9593,,,-17.289440155029297,,17.289440155029297,
1599,9599,,,,-14.019020080566406,,14.019020080566406
1599,9599,,,-17.689823150634766,,17.689823150634766,
1600,9605,,,-17.54338264465332,,17.54338264465332,
1601,9611,,,-18.372962951660156,,18.372962951660156,
1602,9617,,,-17.26192283630371,,17.26192283630371,
1603,9623,,,-18.06312370300293,,18.06312370300293,
1604,9629,,,-17.61200523376465,,17.61200523376465,
1605,9635,,,-17.716215133666992,,17.716215133666992,
1606,9641,,,-17.795307159423828,,17.795307159423828,
1607,9647,,,-17.95865249633789,,17.95865249633789,
1608,9649,,,,-22.483722686767578,,22.483722686767578
1608,9653,,,-17.2290096282959,,17.2290096282959,
1609,9659,,,-17.909337997436523,,17.909337997436523,
1610,9665,,,-16.959516525268555,,16.959516525268555,
1611,9671,,,-18.833147048950195,,18.833147048950195,
1612,9677,,,-16.36315155029297,,16.36315155029297,
1613,9683,,,-18.902677536010742,,18.902677536010742,
1614,9689,,,-18.714500427246094,,18.714500427246094,
1615,9695,,,-17.56070899963379,,17.56070899963379,
1616,9699,,,,-24.357715606689453,,24.357715606689453
1616,9701,,,-17.306312561035156,,17.306312561035156,
1617,9707,,,-18.491195678710938,,18.491195678710938,
1618,9713,,,-18.58881950378418,,18.58881950378418,
1619,9719,,,-17.7315731048584,,17.7315731048584,
1620,9725,,,-16.97079849243164,,16.97079849243164,
1621,9731,,,-18.58419418334961,,18.58419418334961,
1622,9737,,,-15.716073989868164,,15.716073989868164,
1623,9743,,,-16.94576072692871,,16.94576072692871,
1624,9749,,,,-22.09231948852539,,22.09231948852539
1624,9749,,,-16.660388946533203,,16.660388946533203,
1625,9755,,,-18.82520294189453,,18.82520294189453,
1626,9761,,,-17.648027420043945,,17.648027420043945,
1627,9767,,,-19.216026306152344,,19.216026306152344,
1628,9773,,,-15.772958755493164,,15.772958755493164,
1629,9779,,,-16.617034912109375,,16.617034912109375,
1630,9785,,,-17.733261108398438,,17.733261108398438,
1631,9791,,,-18.286497116088867,,18.286497116088867,
1632,9797,,,-17.693021774291992,,17.693021774291992,
1633,9799,,,,-23.287464141845703,,23.287464141845703
1633,9803,,,-17.177967071533203,,17.177967071533203,
1634,9809,,,-18.13474464416504,,18.13474464416504,
1635,9815,,,-19.54676628112793,,19.54676628112793,
1636,9821,,,-17.367982864379883,,17.367982864379883,
1637,9827,,,-17.619462966918945,,17.619462966918945,
1638,9833,,,-17.389793395996094,,17.389793395996094,
1639,9839,,,-18.048486709594727,,18.048486709594727,
1640,9845,,,-16.440780639648438,,16.440780639648438,
1641,9849,,,,-14.457710266113281,,14.457710266113281
1641,9851,,,-17.92230796813965,,17.92230796813965,
1642,9857,,,-17.494253158569336,,17.494253158569336,
1643,9863,,,-17.597427368164062,,17.597427368164062,
1644,9869,,,-18.14266586303711,,18.14266586303711,
1645,9875,,,-17.21347999572754,,17.21347999572754,
1646,9881,,,-18.40271759033203,,18.40271759033203,
1647,9887,,,-17.37506675720215,,17.37506675720215,
1648,9893,,,-17.985044479370117,,17.985044479370117,
1649,9899,,,,-10.296274185180664,,10.296274185180664
1649,9899,,,-18.75636863708496,,18.75636863708496,
1650,9905,,,-17.806346893310547,,17.806346893310547,
1651,9911,,,-16.578811645507812,,16.578811645507812,
1652,9917,,,-18.218280792236328,,18.218280792236328,
1653,9923,,,-18.63650894165039,,18.63650894165039,
1654,9929,,,-17.768898010253906,,17.768898010253906,
1655,9935,,,-17.814376831054688,,17.814376831054688,
1656,9941,,,-18.777395248413086,,18.777395248413086,
1657,9947,,,-18.220806121826172,,18.220806121826172,
1658,9949,,,,-12.445365905761719,,12.445365905761719
1658,9953,,,-17.240604400634766,,17.240604400634766,
1659,9959,,,-18.960567474365234,,18.960567474365234,
1660,9965,,,-17.659217834472656,,17.659217834472656,
1661,9971,,,-18.359724044799805,,18.359724044799805,
1662,9977,,,-18.057910919189453,,18.057910919189453,
1663,9983,,,-17.71439552307129,,17.71439552307129,
1664,9989,,,-18.020648956298828,,18.020648956298828,
1665,9995,,,-17.244335174560547,,17.244335174560547,
1666,9999,,,,-13.07779312133789,,13.07779312133789
1666,10001,,,-17.41917610168457,,17.41917610168457,
1667,10007,,,-18.78532600402832,,18.78532600402832,
1668,10013,,,-18.051570892333984,,18.051570892333984,
1669,10019,,,-17.59516143798828,,17.59516143798828,
1670,10025,,,-17.69289207458496,,17.69289207458496,
1671,10031,,,-19.194669723510742,,19.194669723510742,
1672,10037,,,-18.116302490234375,,18.116302490234375,
1673,10043,,,-17.938249588012695,,17.938249588012695,
1674,10049,,,,-6.874889373779297,,6.874889373779297
1674,10049,,,-18.013736724853516,,18.013736724853516,
1675,10055,,,-17.290760040283203,,17.290760040283203,
1676,10061,,,-18.133174896240234,,18.133174896240234,
1677,10067,,,-18.672178268432617,,18.672178268432617,
1678,10073,,,-17.093158721923828,,17.093158721923828,
1679,10079,,,-18.929338455200195,,18.929338455200195,
1680,10085,,,-17.472843170166016,,17.472843170166016,
1681,10091,,,-18.47162628173828,,18.47162628173828,
1682,10097,,,-19.687801361083984,,19.687801361083984,
1683,10099,,,,-18.39975357055664,,18.39975357055664
1683,10103,,,-18.383132934570312,,18.383132934570312,
1684,10109,,,-18.342567443847656,,18.342567443847656,
1685,10115,,,-19.147783279418945,,19.147783279418945,
1686,10121,,,-17.584362030029297,,17.584362030029297,
1687,10127,,,-18.094541549682617,,18.094541549682617,
1688,10133,,,-17.606578826904297,,17.606578826904297,
1689,10139,,,-17.109296798706055,,17.109296798706055,
1690,10145,,,-19.408960342407227,,19.408960342407227,
1691,10149,,,,-13.920440673828125,,13.920440673828125
1691,10151,,,-17.827768325805664,,17.827768325805664,
1692,10157,,,-18.407291412353516,,18.407291412353516,
1693,10163,,,-18.357789993286133,,18.357789993286133,
1694,10169,,,-18.32965087890625,,18.32965087890625,
1695,10175,,,-18.08138084411621,,18.08138084411621,
1696,10181,,,-17.69010353088379,,17.69010353088379,
1697,10187,,,-19.123472213745117,,19.123472213745117,
1698,10193,,,-18.114355087280273,,18.114355087280273,
1699,10199,,,,-11.712150573730469,,11.712150573730469
1699,10199,,,-20.608564376831055,,20.608564376831055,
1700,10205,,,-18.63227081298828,,18.63227081298828,
1701,10211,,,-18.98590087890625,,18.98590087890625,
1702,10217,,,-19.114519119262695,,19.114519119262695,
1703,10223,,,-18.729331970214844,,18.729331970214844,
1704,10229,,,-20.44455909729004,,20.44455909729004,
1705,10235,,,-18.723342895507812,,18.723342895507812,
1706,10241,,,-19.22593116760254,,19.22593116760254,
1707,10247,,,-19.52769660949707,,19.52769660949707,
1708,10249,,,,-15.371623992919922,,15.371623992919922
1708,10253,,,-18.303237915039062,,18.303237915039062,
1709,10259,,,-19.615942001342773,,19.615942001342773,
1710,10265,,,-18.455463409423828,,18.455463409423828,
1711,10271,,,-20.762746810913086,,20.762746810913086,
1712,10277,,,-20.321434020996094,,20.321434020996094,
1713,10283,,,-19.065277099609375,,19.065277099609375,
1714,10289,,,-19.527023315429688,,19.527023315429688,
1715,10295,,,-18.755977630615234,,18.755977630615234,
1716,10299,,,,-19.140380859375,,19.140380859375
1716,10301,,,-19.481050491333008,,19.481050491333008,
1717,10307,,,-17.273481369018555,,17.273481369018555,
1718,10313,,,-19.17228126525879,,19.17228126525879,
1719,10319,,,-20.502971649169922,,20.502971649169922,
1720,10325,,,-19.013355255126953,,19.013355255126953,
1721,10331,,,-19.941909790039062,,19.941909790039062,
1722,10337,,,-20.335195541381836,,20.335195541381836,
1723,10343,,,-18.436965942382812,,18.436965942382812,
1724,10349,,,,-10.860588073730469,,10.860588073730469
1724,10349,,,-19.865766525268555,,19.865766525268555,
1725,10355,,,-19.145004272460938,,19.145004272460938,
1726,10361,,,-19.069398880004883,,19.069398880004883,
1727,10367,,,-18.271835327148438,,18.271835327148438,
1728,10373,,,-19.67941665649414,,19.67941665649414,
1729,10379,,,-18.860929489135742,,18.860929489135742,
1730,10385,,,-18.13178062438965,,18.13178062438965,
1731,10391,,,-19.425012588500977,,19.425012588500977,
1732,10397,,,-17.842655181884766,,17.842655181884766,
1733,10399,,,,-17.731700897216797,,17.731700897216797
1733,10403,,,-19.120250701904297,,19.120250701904297,
1734,10409,,,-19.794818878173828,,19.794818878173828,
1735,10415,,,-19.621896743774414,,19.621896743774414,
1736,10421,,,-18.684846878051758,,18.684846878051758,
1737,10427,,,-19.31517791748047,,19.31517791748047,
1738,10433,,,-18.916027069091797,,18.916027069091797,
1739,10439,,,-18.139541625976562,,18.139541625976562,
1740,10445,,,-19.299989700317383,,19.299989700317383,
1741,10449,,,,-14.937507629394531,,14.937507629394531
1741,10451,,,-18.708580017089844,,18.708580017089844,
1742,10457,,,-18.67475700378418,,18.67475700378418,
1743,10463,,,-19.036029815673828,,19.036029815673828,
1744,10469,,,-18.860185623168945,,18.860185623168945,
1745,10475,,,-18.89251708984375,,18.89251708984375,
1746,10481,,,-18.99708366394043,,18.99708366394043,
1747,10487,,,-19.300132751464844,,19.300132751464844,
1748,10493,,,-18.60192108154297,,18.60192108154297,
1749,10499,,,,-36.83209228515625,,36.83209228515625
1749,10499,,,-18.951210021972656,,18.951210021972656,
1750,10505,,,-19.73080825805664,,19.73080825805664,
1751,10511,,,-18.681201934814453,,18.681201934814453,
1752,10517,,,-18.830787658691406,,18.830787658691406,
1753,10523,,,-18.770177841186523,,18.770177841186523,
1754,10529,,,-19.52615737915039,,19.52615737915039,
1755,10535,,,-17.935083389282227,,17.935083389282227,
1756,10541,,,-19.09703826904297,,19.09703826904297,
1757,10547,,,-18.456743240356445,,18.456743240356445,
1758,10549,,,,-11.589435577392578,,11.589435577392578
1758,10553,,,-18.444927215576172,,18.444927215576172,
1759,10559,,,-19.73311424255371,,19.73311424255371,
1760,10565,,,-19.43688201904297,,19.43688201904297,
1761,10571,,,-20.1950740814209,,20.1950740814209,
1762,10577,,,-20.505508422851562,,20.505508422851562,
1763,10583,,,-21.05900764465332,,21.05900764465332,
1764,10589,,,-19.029722213745117,,19.029722213745117,
1765,10595,,,-19.77678108215332,,19.77678108215332,
1766,10599,,,,-21.460247039794922,,21.460247039794922
1766,10601,,,-19.87458038330078,,19.87458038330078,
1767,10607,,,-20.618595123291016,,20.618595123291016,
1768,10613,,,-19.336671829223633,,19.336671829223633,
1769,10619,,,-20.18083953857422,,20.18083953857422,
1770,10625,,,-20.106884002685547,,20.106884002685547,
1771,10631,,,-20.221799850463867,,20.221799850463867,
1772,10637,,,-18.314815521240234,,18.314815521240234,
1773,10643,,,-18.142581939697266,,18.142581939697266,
1774,10649,,,,-39.288665771484375,,39.288665771484375
1774,10649,,,-19.087186813354492,,19.087186813354492,
1775,10655,,,-20.2176513671875,,20.2176513671875,
1776,10661,,,-19.415102005004883,,19.415102005004883,
1777,10667,,,-19.217580795288086,,19.217580795288086,
1778,10673,,,-18.468381881713867,,18.468381881713867,
1779,10679,,,-20.678783416748047,,20.678783416748047,
1780,10685,,,-19.882699966430664,,19.882699966430664,
1781,10691,,,-19.381071090698242,,19.381071090698242,
1782,10697,,,-20.028514862060547,,20.028514862060547,
1783,10699,,,,-17.62026596069336,,17.62026596069336
1783,10703,,,-20.04970359802246,,20.04970359802246,
1784,10709,,,-20.734663009643555,,20.734663009643555,
1785,10715,,,-19.043729782104492,,19.043729782104492,
1786,10721,,,-18.7278995513916,,18.7278995513916,
1787,10727,,,-18.990047454833984,,18.990047454833984,
1788,10733,,,-20.540752410888672,,20.540752410888672,
1789,10739,,,-19.582853317260742,,19.582853317260742,
1790,10745,,,-20.453105926513672,,20.453105926513672,
1791,10749,,,,-19.066104888916016,,19.066104888916016
1791,10751,,,-19.759109497070312,,19.759109497070312,
1792,10757,,,-19.945934295654297,,19.945934295654297,
1793,10763,,,-19.51706314086914,,19.51706314086914,
1794,10769,,,-20.339624404907227,,20.339624404907227,
1795,10775,,,-19.88951301574707,,19.88951301574707,
1796,10781,,,-19.39097023010254,,19.39097023010254,
1797,10787,,,-20.464189529418945,,20.464189529418945,
1798,10793,,,-20.18674659729004,,20.18674659729004,
1799,10799,,,,-12.489767074584961,,12.489767074584961
1799,10799,,,-20.701231002807617,,20.701231002807617,
1800,10805,,,-20.765125274658203,,20.765125274658203,
1801,10811,,,-20.440887451171875,,20.440887451171875,
1802,10817,,,-20.499929428100586,,20.499929428100586,
1803,10823,,,-19.635662078857422,,19.635662078857422,
1804,10829,,,-18.61307716369629,,18.61307716369629,
1805,10835,,,-20.73598861694336,,20.73598861694336,
1806,10841,,,-19.899715423583984,,19.899715423583984,
1807,10847,,,-19.71270751953125,,19.71270751953125,
1808,10849,,,,-18.831890106201172,,18.831890106201172
1808,10853,,,-20.878385543823242,,20.878385543823242,
1809,10859,,,-20.482492446899414,,20.482492446899414,
1810,10865,,,-19.941783905029297,,19.941783905029297,
1811,10871,,,-20.800262451171875,,20.800262451171875,
1812,10877,,,-20.21658706665039,,20.21658706665039,
1813,10883,,,-20.758806228637695,,20.758806228637695,
1814,10889,,,-19.74394989013672,,19.74394989013672,
1815,10895,,,-20.060909271240234,,20.060909271240234,
1816,10899,,,,-27.82921600341797,,27.82921600341797
1816,10901,,,-18.869781494140625,,18.869781494140625,
1817,10907,,,-20.83987808227539,,20.83987808227539,
1818,10913,,,-20.419750213623047,,20.419750213623047,
1819,10919,,,-19.885581970214844,,19.885581970214844,
1820,10925,,,-20.79170799255371,,20.79170799255371,
1821,10931,,,-20.49448585510254,,20.49448585510254,
1822,10937,,,-19.930871963500977,,19.930871963500977,
1823,10943,,,-19.21561050415039,,19.21561050415039,
1824,10949,,,,-22.014896392822266,,22.014896392822266
1824,10949,,,-20.105545043945312,,20.105545043945312,
1825,10955,,,-20.746355056762695,,20.746355056762695,
1826,10961,,,-19.83872413635254,,19.83872413635254,
1827,10967,,,-19.67542839050293,,19.67542839050293,
1828,10973,,,-19.925107955932617,,19.925107955932617,
1829,10979,,,-20.204362869262695,,20.204362869262695,
1830,10985,,,-19.190120697021484,,19.190120697021484,
1831,10991,,,-20.035823822021484,,20.035823822021484,
1832,10997,,,-19.21240997314453,,19.21240997314453,
1833,10999,,,,-17.302967071533203,,17.302967071533203
1833,11003,,,-20.170818328857422,,20.170818328857422,
1834,11009,,,-20.310728073120117,,20.310728073120117,
1835,11015,,,-18.849027633666992,,18.849027633666992,
1836,11021,,,-21.303373336791992,,21.303373336791992,
1837,11027,,,-21.21981430053711,,21.21981430053711,
1838,11033,,,-19.988245010375977,,19.988245010375977,
1839,11039,,,-20.242250442504883,,20.242250442504883,
1840,11045,,,-19.504756927490234,,19.504756927490234,
1841,11049,,,,-17.114513397216797,,17.114513397216797
1841,11051,,,-21.521039962768555,,21.521039962768555,
1842,11057,,,-20.35631561279297,,20.35631561279297,
1843,11063,,,-18.28582191467285,,18.28582191467285,
1844,11069,,,-20.723106384277344,,20.723106384277344,
1845,11075,,,-19.626882553100586,,19.626882553100586,
1846,11081,,,-18.654531478881836,,18.654531478881836,
1847,11087,,,-20.174915313720703,,20.174915313720703,
1848,11093,,,-20.028955459594727,,20.028955459594727,
1849,11099,,,,-18.728675842285156,,18.728675842285156
1849,11099,,,-18.42319107055664,,18.42319107055664,
1850,11105,,,-21.466552734375,,21.466552734375,
1851,11111,,,-22.62778663635254,,22.62778663635254,
1852,11117,,,-21.357145309448242,,21.357145309448242,
1853,11123,,,-21.501317977905273,,21.501317977905273,
1854,11129,,,-20.411357879638672,,20.411357879638672,
1855,11135,,,-21.506486892700195,,21.506486892700195,
1856,11141,,,-21.486347198486328,,21.486347198486328,
1857,11147,,,-21.211729049682617,,21.211729049682617,
1858,11149,,,,-16.19589614868164,,16.19589614868164
1858,11153,,,-20.396127700805664,,20.396127700805664,
1859,11159,,,-19.461719512939453,,19.461719512939453,
1860,11165,,,-20.41313934326172,,20.41313934326172,
1861,11171,,,-20.662860870361328,,20.662860870361328,
1862,11177,,,-20.608633041381836,,20.608633041381836,
1863,11183,,,-21.613672256469727,,21.613672256469727,
1864,11189,,,-21.73695945739746,,21.73695945739746,
1865,11195,,,-23.10067367553711,,23.10067367553711,
1866,11199,,,,-14.216854095458984,,14.216854095458984
1866,11201,,,-20.36743927001953,,20.36743927001953,
1867,11207,,,-19.50990104675293,,19.50990104675293,
1868,11213,,,-21.140369415283203,,21.140369415283203,
1869,11219,,,-20.822568893432617,,20.822568893432617,
1870,11225,,,-21.70276641845703,,21.70276641845703,
1871,11231,,,-21.074785232543945,,21.074785232543945,
1872,11237,,,-21.52483367919922,,21.52483367919922,
1873,11243,,,-21.92966079711914,,21.92966079711914,
1874,11249,,,,-24.727293014526367,,24.727293014526367
1874,11249,,,-20.15485954284668,,20.15485954284668,
1875,11255,,,-22.348695755004883,,22.348695755004883,
1876,11261,,,-21.659337997436523,,21.659337997436523,
1877,11267,,,-20.9681453704834,,20.9681453704834,
1878,11273,,,-19.186233520507812,,19.186233520507812,
1879,11279,,,-20.519054412841797,,20.519054412841797,
1880,11285,,,-22.031038284301758,,22.031038284301758,
1881,11291,,,-19.95328140258789,,19.95328140258789,
1882,11297,,,-19.323518753051758,,19.323518753051758,
1883,11299,,,,-14.73917007446289,,14.73917007446289
1883,11303,,,-20.907949447631836,,20.907949447631836,
1884,11309,,,-22.27909278869629,,22.27909278869629,
1885,11315,,,-22.105478286743164,,22.105478286743164,
1886,11321,,,-21.485206604003906,,21.485206604003906,
1887,11327,,,-19.860496520996094,,19.860496520996094,
1888,11333,,,-19.70235824584961,,19.70235824584961,
1889,11339,,,-20.401409149169922,,20.401409149169922,
1890,11345,,,-20.09337043762207,,20.09337043762207,
1891,11349,,,,-13.097553253173828,,13.097553253173828
1891,11351,,,-20.850034713745117,,20.850034713745117,
1892,11357,,,-22.82071876525879,,22.82071876525879,
1893,11363,,,-20.34558868408203,,20.34558868408203,
1894,11369,,,-20.435380935668945,,20.435380935668945,
1895,11375,,,-20.827056884765625,,20.827056884765625,
1896,11381,,,-21.278160095214844,,21.278160095214844,
1897,11387,,,-21.253067016601562,,21.253067016601562,
1898,11393,,,-22.370986938476562,,22.370986938476562,
1899,11399,,,,-21.84332847595215,,21.84332847595215
1899,11399,,,-22.023550033569336,,22.023550033569336,
1900,11405,,,-21.68402671813965,,21.68402671813965,
1901,11411,,,-21.492908477783203,,21.492908477783203,
1902,11417,,,-20.44223403930664,,20.44223403930664,
1903,11423,,,-21.683568954467773,,21.683568954467773,
1904,11429,,,-21.3963623046875,,21.3963623046875,
1905,11435,,,-22.374813079833984,,22.374813079833984,
1906,11441,,,-21.417390823364258,,21.417390823364258,
1907,11447,,,-20.78829574584961,,20.78829574584961,
1908,11449,,,,-19.941463470458984,,19.941463470458984
1908,11453,,,-21.323793411254883,,21.323793411254883,
1909,11459,,,-20.4208927154541,,20.4208927154541,
1910,11465,,,-21.777570724487305,,21.777570724487305,
1911,11471,,,-20.657636642456055,,20.657636642456055,
1912,11477,,,-19.882076263427734,,19.882076263427734,
1913,11483,,,-20.721946716308594,,20.721946716308594,
1914,11489,,,-22.162582397460938,,22.162582397460938,
1915,11495,,,-22.25163459777832,,22.25163459777832,
1916,11499,,,,-20.55038070678711,,20.55038070678711
1916,11501,,,-21.506635665893555,,21.506635665893555,
1917,11507,,,-19.206249237060547,,19.206249237060547,
1918,11513,,,-20.791152954101562,,20.791152954101562,
1919,11519,,,-21.218730926513672,,21.218730926513672,
1920,11525,,,-23.058950424194336,,23.058950424194336,
1921,11531,,,-21.536094665527344,,21.536094665527344,
1922,11537,,,-21.61162757873535,,21.61162757873535,
1923,11543,,,-22.21814727783203,,22.21814727783203,
1924,11549,,,,-21.087352752685547,,21.087352752685547
1924,11549,,,-21.835002899169922,,21.835002899169922,
1925,11555,,,-20.888906478881836,,20.888906478881836,
1926,11561,,,-20.989770889282227,,20.989770889282227,
1927,11567,,,-21.76128578186035,,21.76128578186035,
1928,11573,,,-20.710922241210938,,20.710922241210938,
1929,11579,,,-22.374116897583008,,22.374116897583008,
1930,11585,,,-22.351831436157227,,22.351831436157227,
1931,11591,,,-22.035572052001953,,22.035572052001953,
1932,11597,,,-19.512903213500977,,19.512903213500977,
1933,11599,,,,-27.305908203125,,27.305908203125
1933,11603,,,-22.252437591552734,,22.252437591552734,
1934,11609,,,-22.178518295288086,,22.178518295288086,
1935,11615,,,-21.52031707763672,,21.52031707763672,
1936,11621,,,-21.111486434936523,,21.111486434936523,
1937,11627,,,-21.430709838867188,,21.430709838867188,
1938,11633,,,-21.704618453979492,,21.704618453979492,
1939,11639,,,-20.299856185913086,,20.299856185913086,
1940,11645,,,-20.976539611816406,,20.976539611816406,
1941,11649,,,,-27.910537719726562,,27.910537719726562
1941,11651,,,-21.219484329223633,,21.219484329223633,
1942,11657,,,-22.10761833190918,,22.10761833190918,
1943,11663,,,-20.79417610168457,,20.79417610168457,
1944,11669,,,-21.69887351989746,,21.69887351989746,
1945,11675,,,-21.411617279052734,,21.411617279052734,
1946,11681,,,-22.27219581604004,,22.27219581604004,
1947,11687,,,-20.619462966918945,,20.619462966918945,
1948,11693,,,-23.3133602142334,,23.3133602142334,
1949,11699,,,,-21.184436798095703,,21.184436798095703
1949,11699,,,-22.506135940551758,,22.506135940551758,
1950,11705,,,-22.02642250061035,,22.02642250061035,
1951,11711,,,-20.891098022460938,,20.891098022460938,
1952,11717,,,-24.530303955078125,,24.530303955078125,
1953,11723,,,-20.896339416503906,,20.896339416503906,
1954,11729,,,-22.760282516479492,,22.760282516479492,
1955,11735,,,-23.96009635925293,,23.96009635925293,
1956,11741,,,-21.18657112121582,,21.18657112121582,
1957,11747,,,-21.986425399780273,,21.986425399780273,
1958,11749,,,,-14.745319366455078,,14.745319366455078
1958,11753,,,-21.235292434692383,,21.235292434692383,
1959,11759,,,-22.30238914489746,,22.30238914489746,
1960,11765,,,-23.51231575012207,,23.51231575012207,
1961,11771,,,-22.328853607177734,,22.328853607177734,
1962,11777,,,-23.0577449798584,,23.0577449798584,
1963,11783,,,-21.03276252746582,,21.03276252746582,
1964,11789,,,-22.766786575317383,,22.766786575317383,
1965,11795,,,-23.608564376831055,,23.608564376831055,
1966,11799,,,,-20.117145538330078,,20.117145538330078
1966,11801,,,-22.20534896850586,,22.20534896850586,
1967,11807,,,-22.3609676361084,,22.3609676361084,
1968,11813,,,-21.71218490600586,,21.71218490600586,
1969,11819,,,-22.271703720092773,,22.271703720092773,
1970,11825,,,-24.13939666748047,,24.13939666748047,
1971,11831,,,-22.781700134277344,,22.781700134277344,
1972,11837,,,-20.1200008392334,,20.1200008392334,
1973,11843,,,-22.316436767578125,,22.316436767578125,
1974,11849,,,,-20.122406005859375,,20.122406005859375
1974,11849,,,-20.44141387939453,,20.44141387939453,
1975,11855,,,-21.997835159301758,,21.997835159301758,
1976,11861,,,-23.389488220214844,,23.389488220214844,
1977,11867,,,-21.40674591064453,,21.40674591064453,
1978,11873,,,-21.306108474731445,,21.306108474731445,
1979,11879,,,-22.997905731201172,,22.997905731201172,
1980,11885,,,-21.955276489257812,,21.955276489257812,
1981,11891,,,-23.186912536621094,,23.186912536621094,
1982,11897,,,-21.44256591796875,,21.44256591796875,
1983,11899,,,,-21.196605682373047,,21.196605682373047
1983,11903,,,-21.884111404418945,,21.884111404418945,
1984,11909,,,-21.36464500427246,,21.36464500427246,
1985,11915,,,-20.649744033813477,,20.649744033813477,
1986,11921,,,-23.039379119873047,,23.039379119873047,
1987,11927,,,-24.127622604370117,,24.127622604370117,
1988,11933,,,-22.377233505249023,,22.377233505249023,
1989,11939,,,-22.216428756713867,,22.216428756713867,
1990,11945,,,-22.364482879638672,,22.364482879638672,
1991,11949,,,,-23.26526641845703,,23.26526641845703
1991,11951,,,-22.084260940551758,,22.084260940551758,
1992,11957,,,-21.17641830444336,,21.17641830444336,
1993,11963,,,-23.211402893066406,,23.211402893066406,
1994,11969,,,-22.803247451782227,,22.803247451782227,
1995,11975,,,-22.39459800720215,,22.39459800720215,
1996,11981,,,-21.727014541625977,,21.727014541625977,
1997,11987,,,-22.415739059448242,,22.415739059448242,
1998,11993,,,-25.373559951782227,,25.373559951782227,
1999,11999,,,,-15.302043914794922,,15.302043914794922
1999,11999,,,-22.08635711669922,,22.08635711669922,
2000,12000,-15.737995147705078,15.737995147705078,,,,
