epoch,step,train_loss_epoch,train_loss_step,train_renyi_lb_epoch,train_renyi_lb_step
0,9,,-7.343292236328125e-05,,7.343292236328125e-05
0,9,-1.4233589354262222e-05,,1.4233589354262222e-05,
1,19,,-0.00017690658569335938,,0.00017690658569335938
1,19,-0.00013358592696022242,,0.00013358592696022242,
2,29,,-0.0002732276916503906,,0.0002732276916503906
2,29,-0.00022819041623733938,,0.00022819041623733938,
3,39,,-0.0003666877746582031,,0.0003666877746582031
3,39,-0.0003254651965107769,,0.0003254651965107769,
4,49,,-0.00045418739318847656,,0.00045418739318847656
4,49,-0.0004160165844950825,,0.0004160165844950825,
5,59,,-0.0005548000335693359,,0.0005548000335693359
5,59,-0.0005108356708660722,,0.0005108356708660722,
6,69,,-0.0006477832794189453,,0.0006477832794189453
6,69,-0.0006093025440350175,,0.0006093025440350175,
7,79,,-0.0007615089416503906,,0.0007615089416503906
7,79,-0.0007129907025955617,,0.0007129907025955617,
8,89,,-0.0008654594421386719,,0.0008654594421386719
8,89,-0.0008203506586141884,,0.0008203506586141884,
9,99,,-0.0010008811950683594,,0.0010008811950683594
9,99,-0.0009346961742267013,,0.0009346961742267013,
10,109,,-0.0011229515075683594,,0.0011229515075683594
10,109,-0.0010589122539386153,,0.0010589122539386153,
11,119,,-0.0012660026550292969,,0.0012660026550292969
11,119,-0.0011913776397705078,,0.0011913776397705078,
12,129,,-0.0013909339904785156,,0.0013909339904785156
12,129,-0.001332235406152904,,0.001332235406152904,
13,139,,-0.0015535354614257812,,0.0015535354614257812
13,139,-0.0014820098876953125,,0.0014820098876953125,
14,149,,-0.0017137527465820312,,0.0017137527465820312
14,149,-0.0016406059730798006,,0.0016406059730798006,
15,159,,-0.0018854141235351562,,0.0018854141235351562
15,159,-0.0018076896667480469,,0.0018076896667480469,
16,169,,-0.0020704269409179688,,0.0020704269409179688
16,169,-0.0019845962524414062,,0.0019845962524414062,
17,179,,-0.0022344589233398438,,0.0022344589233398438
17,179,-0.002170658204704523,,0.002170658204704523,
18,189,,-0.0024576187133789062,,0.0024576187133789062
18,189,-0.002366352127864957,,0.002366352127864957,
19,199,,-0.0026292800903320312,,0.0026292800903320312
19,199,-0.002571678254753351,,0.002571678254753351,
20,209,,-0.0028839111328125,,0.0028839111328125
20,209,-0.0027873993385583162,,0.0027873993385583162,
21,219,,-0.0031642913818359375,,0.0031642913818359375
21,219,-0.003012371016666293,,0.003012371016666293,
22,229,,-0.003299713134765625,,0.003299713134765625
22,229,-0.0032476424239575863,,0.0032476424239575863,
23,239,,-0.003620147705078125,,0.003620147705078125
23,239,-0.0034933090209960938,,0.0034933090209960938,
24,249,,-0.0038700103759765625,,0.0038700103759765625
24,249,-0.00374946603551507,,0.00374946603551507,
25,259,,-0.00417327880859375,,0.00417327880859375
25,259,-0.004016876220703125,,0.004016876220703125,
26,269,,-0.0044460296630859375,,0.0044460296630859375
26,269,-0.004294014070183039,,0.004294014070183039,
27,279,,-0.0047168731689453125,,0.0047168731689453125
27,279,-0.004582786466926336,,0.004582786466926336,
28,289,,-0.0049533843994140625,,0.0049533843994140625
28,289,-0.004881477449089289,,0.004881477449089289,
29,299,,-0.0053157806396484375,,0.0053157806396484375
29,299,-0.005192375276237726,,0.005192375276237726,
30,309,,-0.0056667327880859375,,0.0056667327880859375
30,309,-0.0055141448974609375,,0.0055141448974609375,
31,319,,-0.0060329437255859375,,0.0060329437255859375
31,319,-0.005847740452736616,,0.005847740452736616,
32,329,,-0.006343841552734375,,0.006343841552734375
32,329,-0.006192016415297985,,0.006192016415297985,
33,339,,-0.00672149658203125,,0.00672149658203125
33,339,-0.006548690609633923,,0.006548690609633923,
34,349,,-0.00713348388671875,,0.00713348388671875
34,349,-0.00691566476598382,,0.00691566476598382,
35,359,,-0.007518768310546875,,0.007518768310546875
35,359,-0.0072959898971021175,,0.0072959898971021175,
36,369,,-0.007877349853515625,,0.007877349853515625
36,369,-0.007689285092055798,,0.007689285092055798,
37,379,,-0.008335113525390625,,0.008335113525390625
37,379,-0.008095169439911842,,0.008095169439911842,
38,389,,-0.008533477783203125,,0.008533477783203125
38,389,-0.008514022454619408,,0.008514022454619408,
39,399,,-0.00868988037109375,,0.00868988037109375
39,399,-0.008579254150390625,,0.008579254150390625,
40,409,,-0.008274078369140625,,0.008274078369140625
40,409,-0.00836944580078125,,0.00836944580078125,
41,419,,-0.0083160400390625,,0.0083160400390625
41,419,-0.008297729305922985,,0.008297729305922985,
42,429,,-0.00835418701171875,,0.00835418701171875
42,429,-0.008273696526885033,,0.008273696526885033,
43,439,,-0.00821685791015625,,0.00821685791015625
43,439,-0.008266067132353783,,0.008266067132353783,
44,449,,-0.00836181640625,,0.00836181640625
44,449,-0.008263016119599342,,0.008263016119599342,
45,459,,-0.008396148681640625,,0.008396148681640625
45,459,-0.008265304379165173,,0.008265304379165173,
46,469,,-0.0082550048828125,,0.0082550048828125
46,469,-0.008264923468232155,,0.008264923468232155,
47,479,,-0.0083160400390625,,0.0083160400390625
47,479,-0.008266067132353783,,0.008266067132353783,
48,489,,-0.008274078369140625,,0.008274078369140625
48,489,-0.008268356323242188,,0.008268356323242188,
49,499,,-0.008228302001953125,,0.008228302001953125
49,499,-0.00826950091868639,,0.00826950091868639,
50,509,,-0.008358001708984375,,0.008358001708984375
50,509,-0.008272171020507812,,0.008272171020507812,
51,519,,-0.008358001708984375,,0.008358001708984375
51,519,-0.008273315615952015,,0.008273315615952015,
52,529,,-0.008365631103515625,,0.008365631103515625
52,529,-0.008273696526885033,,0.008273696526885033,
53,539,,-0.00821685791015625,,0.00821685791015625
53,539,-0.008274078369140625,,0.008274078369140625,
54,549,,-0.008335113525390625,,0.008335113525390625
54,549,-0.008278274908661842,,0.008278274908661842,
55,559,,-0.008167266845703125,,0.008167266845703125
55,559,-0.008279037661850452,,0.008279037661850452,
56,569,,-0.00823974609375,,0.00823974609375
56,569,-0.008281325921416283,,0.008281325921416283,
57,579,,-0.0082244873046875,,0.0082244873046875
57,579,-0.008280945010483265,,0.008280945010483265,
58,589,,-0.00836181640625,,0.00836181640625
58,589,-0.0082855224609375,,0.0082855224609375,
59,599,,-0.008304595947265625,,0.008304595947265625
59,599,-0.00828475970774889,,0.00828475970774889,
60,609,,-0.00839996337890625,,0.00839996337890625
60,609,-0.008286667056381702,,0.008286667056381702,
61,619,,-0.008136749267578125,,0.008136749267578125
61,619,-0.008288955315947533,,0.008288955315947533,
62,629,,-0.00830078125,,0.00830078125
62,629,-0.008290862664580345,,0.008290862664580345,
63,639,,-0.008281707763671875,,0.008281707763671875
63,639,-0.008294296450912952,,0.008294296450912952,
64,649,,-0.008380889892578125,,0.008380889892578125
64,649,-0.008294296450912952,,0.008294296450912952,
65,659,,-0.008327484130859375,,0.008327484130859375
65,659,-0.008297348394989967,,0.008297348394989967,
66,669,,-0.00823211669921875,,0.00823211669921875
66,669,-0.008298111148178577,,0.008298111148178577,
67,679,,-0.008243560791015625,,0.008243560791015625
67,679,-0.00830001849681139,,0.00830001849681139,
68,689,,-0.008358001708984375,,0.008358001708984375
68,689,-0.008303070440888405,,0.008303070440888405,
69,699,,-0.008243560791015625,,0.008243560791015625
69,699,-0.008303833194077015,,0.008303833194077015,
70,709,,-0.00821685791015625,,0.00821685791015625
70,709,-0.008305358700454235,,0.008305358700454235,
71,719,,-0.008197784423828125,,0.008197784423828125
71,719,-0.00830764789134264,,0.00830764789134264,
72,729,,-0.00809478759765625,,0.00809478759765625
72,729,-0.00830917339771986,,0.00830917339771986,
73,739,,-0.008350372314453125,,0.008350372314453125
73,739,-0.008311080746352673,,0.008311080746352673,
74,749,,-0.008419036865234375,,0.008419036865234375
74,749,-0.008312225341796875,,0.008312225341796875,
75,759,,-0.00829315185546875,,0.00829315185546875
75,759,-0.008314132690429688,,0.008314132690429688,
76,769,,-0.008319854736328125,,0.008319854736328125
76,769,-0.008317184634506702,,0.008317184634506702,
77,779,,-0.008331298828125,,0.008331298828125
77,779,-0.008318710140883923,,0.008318710140883923,
78,789,,-0.0083770751953125,,0.0083770751953125
78,789,-0.008320617489516735,,0.008320617489516735,
79,799,,-0.008167266845703125,,0.008167266845703125
79,799,-0.00832366943359375,,0.00832366943359375,
80,809,,-0.008464813232421875,,0.008464813232421875
80,809,-0.008324814029037952,,0.008324814029037952,
81,819,,-0.00823974609375,,0.00823974609375
81,819,-0.008326721377670765,,0.008326721377670765,
82,829,,-0.008182525634765625,,0.008182525634765625
82,829,-0.008328628726303577,,0.008328628726303577,
83,839,,-0.00823974609375,,0.00823974609375
83,839,-0.008333206176757812,,0.008333206176757812,
84,849,,-0.008266448974609375,,0.008266448974609375
84,849,-0.008333588019013405,,0.008333588019013405,
85,859,,-0.008319854736328125,,0.008319854736328125
85,859,-0.008336639031767845,,0.008336639031767845,
86,869,,-0.0084228515625,,0.0084228515625
86,869,-0.008338546380400658,,0.008338546380400658,
87,879,,-0.008350372314453125,,0.008350372314453125
87,879,-0.008340072818100452,,0.008340072818100452,
88,889,,-0.008304595947265625,,0.008304595947265625
88,889,-0.008343124762177467,,0.008343124762177467,
89,899,,-0.008411407470703125,,0.008411407470703125
89,899,-0.008344268426299095,,0.008344268426299095,
90,909,,-0.008281707763671875,,0.008281707763671875
90,909,-0.008346939459443092,,0.008346939459443092,
91,919,,-0.0084075927734375,,0.0084075927734375
91,919,-0.008349609561264515,,0.008349609561264515,
92,929,,-0.008327484130859375,,0.008327484130859375
92,929,-0.008351135067641735,,0.008351135067641735,
93,939,,-0.00839996337890625,,0.00839996337890625
93,939,-0.008353805169463158,,0.008353805169463158,
94,949,,-0.008380889892578125,,0.008380889892578125
94,949,-0.008358001708984375,,0.008358001708984375,
95,959,,-0.008487701416015625,,0.008487701416015625
95,959,-0.008359146304428577,,0.008359146304428577,
96,969,,-0.008266448974609375,,0.008266448974609375
96,969,-0.008360671810805798,,0.008360671810805798,
97,979,,-0.00836181640625,,0.00836181640625
97,979,-0.00836257915943861,,0.00836257915943861,
98,989,,-0.00836944580078125,,0.00836944580078125
98,989,-0.008364868350327015,,0.008364868350327015,
99,999,,-0.00823211669921875,,0.00823211669921875
99,999,-0.008369827643036842,,0.008369827643036842,
100,1009,,-0.008403778076171875,,0.008403778076171875
100,1009,-0.00837020855396986,,0.00837020855396986,
101,1019,,-0.008266448974609375,,0.008266448974609375
101,1019,-0.008374786004424095,,0.008374786004424095,
102,1029,,-0.008525848388671875,,0.008525848388671875
102,1029,-0.00837554968893528,,0.00837554968893528,
103,1039,,-0.008228302001953125,,0.008228302001953125
103,1039,-0.008380127139389515,,0.008380127139389515,
104,1049,,-0.008457183837890625,,0.008457183837890625
104,1049,-0.008380889892578125,,0.008380889892578125,
105,1059,,-0.008426666259765625,,0.008426666259765625
105,1059,-0.00838394183665514,,0.00838394183665514,
106,1069,,-0.008365631103515625,,0.008365631103515625
106,1069,-0.008387374691665173,,0.008387374691665173,
107,1079,,-0.00849151611328125,,0.00849151611328125
107,1079,-0.008389282040297985,,0.008389282040297985,
108,1089,,-0.008556365966796875,,0.008556365966796875
108,1089,-0.008391952142119408,,0.008391952142119408,
109,1099,,-0.008464813232421875,,0.008464813232421875
109,1099,-0.00839385949075222,,0.00839385949075222,
110,1109,,-0.008426666259765625,,0.008426666259765625
110,1109,-0.008396911434829235,,0.008396911434829235,
111,1119,,-0.0084686279296875,,0.0084686279296875
111,1119,-0.00839843787252903,,0.00839843787252903,
112,1129,,-0.008342742919921875,,0.008342742919921875
112,1129,-0.008402252569794655,,0.008402252569794655,
113,1139,,-0.008396148681640625,,0.008396148681640625
113,1139,-0.008404922671616077,,0.008404922671616077,
114,1149,,-0.008544921875,,0.008544921875
114,1149,-0.008408737368881702,,0.008408737368881702,
115,1159,,-0.008419036865234375,,0.008419036865234375
115,1159,-0.008411407470703125,,0.008411407470703125,
116,1169,,-0.008426666259765625,,0.008426666259765625
116,1169,-0.00841369666159153,,0.00841369666159153,
117,1179,,-0.008457183837890625,,0.008457183837890625
117,1179,-0.008416366763412952,,0.008416366763412952,
118,1189,,-0.008457183837890625,,0.008457183837890625
118,1189,-0.008419799618422985,,0.008419799618422985,
119,1199,,-0.008655548095703125,,0.008655548095703125
119,1199,-0.0084228515625,,0.0084228515625,
120,1209,,-0.008571624755859375,,0.008571624755859375
120,1209,-0.008425521664321423,,0.008425521664321423,
121,1219,,-0.008449554443359375,,0.008449554443359375
121,1219,-0.008427429012954235,,0.008427429012954235,
122,1229,,-0.008304595947265625,,0.008304595947265625
122,1229,-0.00843124371021986,,0.00843124371021986,
123,1239,,-0.008480072021484375,,0.008480072021484375
123,1239,-0.008433532901108265,,0.008433532901108265,
124,1249,,-0.008411407470703125,,0.008411407470703125
124,1249,-0.00843734759837389,,0.00843734759837389,
125,1259,,-0.008403778076171875,,0.008403778076171875
125,1259,-0.008440017700195312,,0.008440017700195312,
126,1269,,-0.00858306884765625,,0.00858306884765625
126,1269,-0.008442687802016735,,0.008442687802016735,
127,1279,,-0.0086517333984375,,0.0086517333984375
127,1279,-0.008446121588349342,,0.008446121588349342,
128,1289,,-0.0084075927734375,,0.0084075927734375
128,1289,-0.008448791690170765,,0.008448791690170765,
129,1299,,-0.008453369140625,,0.008453369140625
129,1299,-0.00845260638743639,,0.00845260638743639,
130,1309,,-0.0085296630859375,,0.0085296630859375
130,1309,-0.008456421084702015,,0.008456421084702015,
131,1319,,-0.008403778076171875,,0.008403778076171875
131,1319,-0.008458328433334827,,0.008458328433334827,
132,1329,,-0.008342742919921875,,0.008342742919921875
132,1329,-0.008462905883789062,,0.008462905883789062,
133,1339,,-0.008464813232421875,,0.008464813232421875
133,1339,-0.008465957827866077,,0.008465957827866077,
134,1349,,-0.008396148681640625,,0.008396148681640625
134,1349,-0.00846786517649889,,0.00846786517649889,
135,1359,,-0.008594512939453125,,0.008594512939453125
135,1359,-0.008472060784697533,,0.008472060784697533,
136,1369,,-0.0085296630859375,,0.0085296630859375
136,1369,-0.00847549457103014,,0.00847549457103014,
137,1379,,-0.008563995361328125,,0.008563995361328125
137,1379,-0.00847702007740736,,0.00847702007740736,
138,1389,,-0.008480072021484375,,0.008480072021484375
138,1389,-0.00848236121237278,,0.00848236121237278,
139,1399,,-0.00850677490234375,,0.00850677490234375
139,1399,-0.00848541222512722,,0.00848541222512722,
140,1409,,-0.008525848388671875,,0.008525848388671875
140,1409,-0.008488464169204235,,0.008488464169204235,
141,1419,,-0.008625030517578125,,0.008625030517578125
141,1419,-0.008491897955536842,,0.008491897955536842,
142,1429,,-0.008419036865234375,,0.008419036865234375
142,1429,-0.008495330810546875,,0.008495330810546875,
143,1439,,-0.008457183837890625,,0.008457183837890625
143,1439,-0.0084991455078125,,0.0084991455078125,
144,1449,,-0.00853729248046875,,0.00853729248046875
144,1449,-0.008501434698700905,,0.008501434698700905,
145,1459,,-0.00844573974609375,,0.00844573974609375
145,1459,-0.008505630306899548,,0.008505630306899548,
146,1469,,-0.00864410400390625,,0.00864410400390625
146,1469,-0.008509445004165173,,0.008509445004165173,
147,1479,,-0.0086517333984375,,0.0086517333984375
147,1479,-0.00851364154368639,,0.00851364154368639,
148,1489,,-0.008380889892578125,,0.008380889892578125
148,1489,-0.008517456240952015,,0.008517456240952015,
149,1499,,-0.0083465576171875,,0.0083465576171875
149,1499,-0.008518981747329235,,0.008518981747329235,
150,1509,,-0.008571624755859375,,0.008571624755859375
150,1509,-0.008522415533661842,,0.008522415533661842,
151,1519,,-0.00848388671875,,0.00848388671875
151,1519,-0.008526992984116077,,0.008526992984116077,
152,1529,,-0.008678436279296875,,0.008678436279296875
152,1529,-0.008531570434570312,,0.008531570434570312,
153,1539,,-0.00846099853515625,,0.00846099853515625
153,1539,-0.008532715030014515,,0.008532715030014515,
154,1549,,-0.00848388671875,,0.00848388671875
154,1549,-0.008538437075912952,,0.008538437075912952,
155,1559,,-0.008525848388671875,,0.008525848388671875
155,1559,-0.008541869930922985,,0.008541869930922985,
156,1569,,-0.008533477783203125,,0.008533477783203125
156,1569,-0.00854415912181139,,0.00854415912181139,
157,1579,,-0.008533477783203125,,0.008533477783203125
157,1579,-0.008549118414521217,,0.008549118414521217,
158,1589,,-0.008640289306640625,,0.008640289306640625
158,1589,-0.008554840460419655,,0.008554840460419655,
159,1599,,-0.00856781005859375,,0.00856781005859375
159,1599,-0.008556747809052467,,0.008556747809052467,
160,1609,,-0.00858306884765625,,0.00858306884765625
160,1609,-0.008560562506318092,,0.008560562506318092,
161,1619,,-0.00855255126953125,,0.00855255126953125
161,1619,-0.008563613519072533,,0.008563613519072533,
162,1629,,-0.008510589599609375,,0.008510589599609375
162,1629,-0.00856704730540514,,0.00856704730540514,
163,1639,,-0.008632659912109375,,0.008632659912109375
163,1639,-0.008573532104492188,,0.008573532104492188,
164,1649,,-0.008571624755859375,,0.008571624755859375
164,1649,-0.008575821295380592,,0.008575821295380592,
165,1659,,-0.00858306884765625,,0.00858306884765625
165,1659,-0.008580398745834827,,0.008580398745834827,
166,1669,,-0.008514404296875,,0.008514404296875
166,1669,-0.008584213443100452,,0.008584213443100452,
167,1679,,-0.008602142333984375,,0.008602142333984375
167,1679,-0.008587646298110485,,0.008587646298110485,
168,1689,,-0.0086822509765625,,0.0086822509765625
168,1689,-0.008592605590820312,,0.008592605590820312,
169,1699,,-0.0086212158203125,,0.0086212158203125
169,1699,-0.00859680213034153,,0.00859680213034153,
170,1709,,-0.008655548095703125,,0.008655548095703125
170,1709,-0.008600997738540173,,0.008600997738540173,
171,1719,,-0.008777618408203125,,0.008777618408203125
171,1719,-0.00860519427806139,,0.00860519427806139,
172,1729,,-0.00864410400390625,,0.00864410400390625
172,1729,-0.008609008975327015,,0.008609008975327015,
173,1739,,-0.008563995361328125,,0.008563995361328125
173,1739,-0.008613204583525658,,0.008613204583525658,
174,1749,,-0.008563995361328125,,0.008563995361328125
174,1749,-0.008617401123046875,,0.008617401123046875,
175,1759,,-0.008556365966796875,,0.008556365966796875
175,1759,-0.00862197857350111,,0.00862197857350111,
176,1769,,-0.008640289306640625,,0.008640289306640625
176,1769,-0.008625412359833717,,0.008625412359833717,
177,1779,,-0.008602142333984375,,0.008602142333984375
177,1779,-0.008631134405732155,,0.008631134405732155,
178,1789,,-0.008663177490234375,,0.008663177490234375
178,1789,-0.008636474609375,,0.008636474609375,
179,1799,,-0.00872039794921875,,0.00872039794921875
179,1799,-0.008640671148896217,,0.008640671148896217,
180,1809,,-0.00856781005859375,,0.00856781005859375
180,1809,-0.00864334125071764,,0.00864334125071764,
181,1819,,-0.008640289306640625,,0.008640289306640625
181,1819,-0.008648300543427467,,0.008648300543427467,
182,1829,,-0.00870513916015625,,0.00870513916015625
182,1829,-0.00865249615162611,,0.00865249615162611,
183,1839,,-0.00868988037109375,,0.00868988037109375
183,1839,-0.008657073602080345,,0.008657073602080345,
184,1849,,-0.008697509765625,,0.008697509765625
184,1849,-0.008662032894790173,,0.008662032894790173,
185,1859,,-0.008640289306640625,,0.008640289306640625
185,1859,-0.00866622943431139,,0.00866622943431139,
186,1869,,-0.00867462158203125,,0.00867462158203125
186,1869,-0.008670425042510033,,0.008670425042510033,
187,1879,,-0.0086822509765625,,0.0086822509765625
187,1879,-0.00867614708840847,,0.00867614708840847,
188,1889,,-0.00873565673828125,,0.00873565673828125
188,1889,-0.008681869134306908,,0.008681869134306908,
189,1899,,-0.008708953857421875,,0.008708953857421875
189,1899,-0.008687210269272327,,0.008687210269272327,
190,1909,,-0.00879669189453125,,0.00879669189453125
190,1909,-0.008689498528838158,,0.008689498528838158,
191,1919,,-0.00864410400390625,,0.00864410400390625
191,1919,-0.008695220574736595,,0.008695220574736595,
192,1929,,-0.008697509765625,,0.008697509765625
192,1929,-0.008699417114257812,,0.008699417114257812,
193,1939,,-0.008731842041015625,,0.008731842041015625
193,1939,-0.00870437640696764,,0.00870437640696764,
194,1949,,-0.00870513916015625,,0.00870513916015625
194,1949,-0.008708953857421875,,0.008708953857421875,
195,1959,,-0.008747100830078125,,0.008747100830078125
195,1959,-0.008715057745575905,,0.008715057745575905,
196,1969,,-0.008785247802734375,,0.008785247802734375
196,1969,-0.008720779791474342,,0.008720779791474342,
197,1979,,-0.008663177490234375,,0.008663177490234375
197,1979,-0.008724975399672985,,0.008724975399672985,
198,1989,,-0.008625030517578125,,0.008625030517578125
198,1989,-0.008730316534638405,,0.008730316534638405,
199,1999,,-0.008708953857421875,,0.008708953857421875
199,1999,-0.008733749389648438,,0.008733749389648438,
200,2009,,-0.008739471435546875,,0.008739471435546875
200,2009,-0.008739853277802467,,0.008739853277802467,
201,2019,,-0.008754730224609375,,0.008754730224609375
201,2019,-0.00874481163918972,,0.00874481163918972,
202,2029,,-0.00861358642578125,,0.00861358642578125
202,2029,-0.00874939002096653,,0.00874939002096653,
203,2039,,-0.0086822509765625,,0.0086822509765625
203,2039,-0.008755112066864967,,0.008755112066864967,
204,2049,,-0.008945465087890625,,0.008945465087890625
204,2049,-0.008760452270507812,,0.008760452270507812,
205,2059,,-0.008701324462890625,,0.008701324462890625
205,2059,-0.008765792474150658,,0.008765792474150658,
206,2069,,-0.008937835693359375,,0.008937835693359375
206,2069,-0.008770751766860485,,0.008770751766860485,
207,2079,,-0.008678436279296875,,0.008678436279296875
207,2079,-0.008774948306381702,,0.008774948306381702,
208,2089,,-0.008819580078125,,0.008819580078125
208,2089,-0.008782577700912952,,0.008782577700912952,
209,2099,,-0.008716583251953125,,0.008716583251953125
209,2099,-0.008786773309111595,,0.008786773309111595,
210,2109,,-0.008914947509765625,,0.008914947509765625
210,2109,-0.008792495355010033,,0.008792495355010033,
211,2119,,-0.008876800537109375,,0.008876800537109375
211,2119,-0.00879669189453125,,0.00879669189453125,
212,2129,,-0.008762359619140625,,0.008762359619140625
212,2129,-0.008803939446806908,,0.008803939446806908,
213,2139,,-0.00885772705078125,,0.00885772705078125
213,2139,-0.008809280581772327,,0.008809280581772327,
214,2149,,-0.008769989013671875,,0.008769989013671875
214,2149,-0.008813095279037952,,0.008813095279037952,
215,2159,,-0.008831024169921875,,0.008831024169921875
215,2159,-0.00881881732493639,,0.00881881732493639,
216,2169,,-0.008937835693359375,,0.008937835693359375
216,2169,-0.00882644671946764,,0.00882644671946764,
217,2179,,-0.008907318115234375,,0.008907318115234375
217,2179,-0.008830642327666283,,0.008830642327666283,
218,2189,,-0.008747100830078125,,0.008747100830078125
218,2189,-0.008836746215820312,,0.008836746215820312,
219,2199,,-0.0088348388671875,,0.0088348388671875
219,2199,-0.008842850103974342,,0.008842850103974342,
220,2209,,-0.008731842041015625,,0.008731842041015625
220,2209,-0.008847808465361595,,0.008847808465361595,
221,2219,,-0.00896453857421875,,0.00896453857421875
221,2219,-0.008854294195771217,,0.008854294195771217,
222,2229,,-0.00893402099609375,,0.00893402099609375
222,2229,-0.008858871646225452,,0.008858871646225452,
223,2239,,-0.00875091552734375,,0.00875091552734375
223,2239,-0.00886611919850111,,0.00886611919850111,
224,2249,,-0.008914947509765625,,0.008914947509765625
224,2249,-0.00887146033346653,,0.00887146033346653,
225,2259,,-0.008861541748046875,,0.008861541748046875
225,2259,-0.008876418694853783,,0.008876418694853783,
226,2269,,-0.008808135986328125,,0.008808135986328125
226,2269,-0.008881759829819202,,0.008881759829819202,
227,2279,,-0.008846282958984375,,0.008846282958984375
227,2279,-0.008890533819794655,,0.008890533819794655,
228,2289,,-0.008884429931640625,,0.008884429931640625
228,2289,-0.008894729427993298,,0.008894729427993298,
229,2299,,-0.00905609130859375,,0.00905609130859375
229,2299,-0.008901596069335938,,0.008901596069335938,
230,2309,,-0.009014129638671875,,0.009014129638671875
230,2309,-0.008908080868422985,,0.008908080868422985,
231,2319,,-0.0087890625,,0.0087890625
231,2319,-0.00891265831887722,,0.00891265831887722,
232,2329,,-0.00878143310546875,,0.00878143310546875
232,2329,-0.008919144049286842,,0.008919144049286842,
233,2339,,-0.008831024169921875,,0.008831024169921875
233,2339,-0.008925247006118298,,0.008925247006118298,
234,2349,,-0.008922576904296875,,0.008922576904296875
234,2349,-0.00893249548971653,,0.00893249548971653,
235,2359,,-0.008853912353515625,,0.008853912353515625
235,2359,-0.008938598446547985,,0.008938598446547985,
236,2369,,-0.008930206298828125,,0.008930206298828125
236,2369,-0.008945846930146217,,0.008945846930146217,
237,2379,,-0.009044647216796875,,0.009044647216796875
237,2379,-0.008951187133789062,,0.008951187133789062,
238,2389,,-0.0087890625,,0.0087890625
238,2389,-0.008953857235610485,,0.008953857235610485,
239,2399,,-0.008884429931640625,,0.008884429931640625
239,2399,-0.0089569091796875,,0.0089569091796875,
240,2409,,-0.009033203125,,0.009033203125
240,2409,-0.008962249383330345,,0.008962249383330345,
241,2419,,-0.008968353271484375,,0.008968353271484375
241,2419,-0.008968353271484375,,0.008968353271484375,
242,2429,,-0.009006500244140625,,0.009006500244140625
242,2429,-0.008974457159638405,,0.008974457159638405,
243,2439,,-0.009204864501953125,,0.009204864501953125
243,2439,-0.008982849307358265,,0.008982849307358265,
244,2449,,-0.009128570556640625,,0.009128570556640625
244,2449,-0.008988571353256702,,0.008988571353256702,
245,2459,,-0.00913238525390625,,0.00913238525390625
245,2459,-0.008996200747787952,,0.008996200747787952,
246,2469,,-0.009189605712890625,,0.009189605712890625
246,2469,-0.00900192279368639,,0.00900192279368639,
247,2479,,-0.00885009765625,,0.00885009765625
247,2479,-0.009009933099150658,,0.009009933099150658,
248,2489,,-0.008983612060546875,,0.008983612060546875
248,2489,-0.009015655145049095,,0.009015655145049095,
249,2499,,-0.00896453857421875,,0.00896453857421875
249,2499,-0.009021759033203125,,0.009021759033203125,
250,2509,,-0.0086822509765625,,0.0086822509765625
250,2509,-0.0089569091796875,,0.0089569091796875,
251,2519,,-0.00847625732421875,,0.00847625732421875
251,2519,-0.008539581671357155,,0.008539581671357155,
252,2529,,-0.0083465576171875,,0.0083465576171875
252,2529,-0.0083465576171875,,0.0083465576171875,
253,2539,,-0.00832366943359375,,0.00832366943359375
253,2539,-0.008278274908661842,,0.008278274908661842,
254,2549,,-0.008270263671875,,0.008270263671875
254,2549,-0.008256912231445312,,0.008256912231445312,
255,2559,,-0.0083160400390625,,0.0083160400390625
255,2559,-0.008251190185546875,,0.008251190185546875,
256,2569,,-0.0081634521484375,,0.0081634521484375
256,2569,-0.008249664679169655,,0.008249664679169655,
257,2579,,-0.008270263671875,,0.008270263671875
257,2579,-0.008251572027802467,,0.008251572027802467,
258,2589,,-0.00811767578125,,0.00811767578125
258,2589,-0.00825424212962389,,0.00825424212962389,
259,2599,,-0.008159637451171875,,0.008159637451171875
259,2599,-0.0082550048828125,,0.0082550048828125,
260,2609,,-0.00823974609375,,0.00823974609375
260,2609,-0.008256912231445312,,0.008256912231445312,
261,2619,,-0.008358001708984375,,0.008358001708984375
261,2619,-0.008258437737822533,,0.008258437737822533,
262,2629,,-0.00818634033203125,,0.00818634033203125
262,2629,-0.008260726928710938,,0.008260726928710938,
263,2639,,-0.00830841064453125,,0.00830841064453125
263,2639,-0.00826415978372097,,0.00826415978372097,
264,2649,,-0.00832366943359375,,0.00832366943359375
264,2649,-0.008265686221420765,,0.008265686221420765,
265,2659,,-0.008296966552734375,,0.008296966552734375
265,2659,-0.008267974480986595,,0.008267974480986595,
266,2669,,-0.00814056396484375,,0.00814056396484375
266,2669,-0.00827178917825222,,0.00827178917825222,
267,2679,,-0.008167266845703125,,0.008167266845703125
267,2679,-0.008272552862763405,,0.008272552862763405,
268,2689,,-0.0082244873046875,,0.0082244873046875
268,2689,-0.008274078369140625,,0.008274078369140625,
269,2699,,-0.00806427001953125,,0.00806427001953125
269,2699,-0.008277511224150658,,0.008277511224150658,
270,2709,,-0.008331298828125,,0.008331298828125
270,2709,-0.008280563168227673,,0.008280563168227673,
271,2719,,-0.008411407470703125,,0.008411407470703125
271,2719,-0.008282470516860485,,0.008282470516860485,
272,2729,,-0.00835418701171875,,0.00835418701171875
272,2729,-0.00828475970774889,,0.00828475970774889,
273,2739,,-0.00836181640625,,0.00836181640625
273,2739,-0.008287429809570312,,0.008287429809570312,
274,2749,,-0.008266448974609375,,0.008266448974609375
274,2749,-0.008288574405014515,,0.008288574405014515,
275,2759,,-0.00832366943359375,,0.00832366943359375
275,2759,-0.008289719000458717,,0.008289719000458717,
276,2769,,-0.00821685791015625,,0.00821685791015625
276,2769,-0.00829391460865736,,0.00829391460865736,
277,2779,,-0.008380889892578125,,0.008380889892578125
277,2779,-0.008294296450912952,,0.008294296450912952,
278,2789,,-0.00823974609375,,0.00823974609375
278,2789,-0.008298873901367188,,0.008298873901367188,
279,2799,,-0.008296966552734375,,0.008296966552734375
279,2799,-0.008299636654555798,,0.008299636654555798,
280,2809,,-0.0083770751953125,,0.0083770751953125
280,2809,-0.008303070440888405,,0.008303070440888405,
281,2819,,-0.00832366943359375,,0.00832366943359375
281,2819,-0.008306121453642845,,0.008306121453642845,
282,2829,,-0.0083160400390625,,0.0083160400390625
282,2829,-0.008308792486786842,,0.008308792486786842,
283,2839,,-0.00835418701171875,,0.00835418701171875
283,2839,-0.008311080746352673,,0.008311080746352673,
284,2849,,-0.008403778076171875,,0.008403778076171875
284,2849,-0.008313750848174095,,0.008313750848174095,
285,2859,,-0.008350372314453125,,0.008350372314453125
285,2859,-0.008316421881318092,,0.008316421881318092,
286,2869,,-0.0083465576171875,,0.0083465576171875
286,2869,-0.008317184634506702,,0.008317184634506702,
287,2879,,-0.00835418701171875,,0.00835418701171875
287,2879,-0.008319472894072533,,0.008319472894072533,
288,2889,,-0.00836181640625,,0.00836181640625
288,2889,-0.008322524838149548,,0.008322524838149548,
289,2899,,-0.0083465576171875,,0.0083465576171875
289,2899,-0.008324814029037952,,0.008324814029037952,
290,2909,,-0.008365631103515625,,0.008365631103515625
290,2909,-0.008328628726303577,,0.008328628726303577,
291,2919,,-0.00830841064453125,,0.00830841064453125
291,2919,-0.00833053607493639,,0.00833053607493639,
292,2929,,-0.0082550048828125,,0.0082550048828125
292,2929,-0.00833282433450222,,0.00833282433450222,
293,2939,,-0.008411407470703125,,0.008411407470703125
293,2939,-0.008336639031767845,,0.008336639031767845,
294,2949,,-0.00821685791015625,,0.00821685791015625
294,2949,-0.008339310064911842,,0.008339310064911842,
295,2959,,-0.00830841064453125,,0.00830841064453125
295,2959,-0.008341598324477673,,0.008341598324477673,
296,2969,,-0.0084075927734375,,0.0084075927734375
296,2969,-0.008343124762177467,,0.008343124762177467,
297,2979,,-0.00833892822265625,,0.00833892822265625
297,2979,-0.0083465576171875,,0.0083465576171875,
298,2989,,-0.008411407470703125,,0.008411407470703125
298,2989,-0.008347702212631702,,0.008347702212631702,
299,2999,,-0.008502960205078125,,0.008502960205078125
299,2999,-0.008352279663085938,,0.008352279663085938,
300,3009,,-0.00830078125,,0.00830078125
300,3009,-0.00835494976490736,,0.00835494976490736,
301,3019,,-0.008426666259765625,,0.008426666259765625
301,3019,-0.008357238955795765,,0.008357238955795765,
302,3029,,-0.008480072021484375,,0.008480072021484375
302,3029,-0.008359527215361595,,0.008359527215361595,
303,3039,,-0.0084075927734375,,0.0084075927734375
303,3039,-0.008362961001694202,,0.008362961001694202,
304,3049,,-0.00836944580078125,,0.00836944580078125
304,3049,-0.008364868350327015,,0.008364868350327015,
305,3059,,-0.0083770751953125,,0.0083770751953125
305,3059,-0.008369063958525658,,0.008369063958525658,
306,3069,,-0.0085906982421875,,0.0085906982421875
306,3069,-0.008371734991669655,,0.008371734991669655,
307,3079,,-0.00835418701171875,,0.00835418701171875
307,3079,-0.00837554968893528,,0.00837554968893528,
308,3089,,-0.00841522216796875,,0.00841522216796875
308,3089,-0.008376693353056908,,0.008376693353056908,
309,3099,,-0.008350372314453125,,0.008350372314453125
309,3099,-0.008380127139389515,,0.008380127139389515,
310,3109,,-0.008327484130859375,,0.008327484130859375
310,3109,-0.008382034488022327,,0.008382034488022327,
311,3119,,-0.0083465576171875,,0.0083465576171875
311,3119,-0.00838623009622097,,0.00838623009622097,
312,3129,,-0.008449554443359375,,0.008449554443359375
312,3129,-0.008388901129364967,,0.008388901129364967,
313,3139,,-0.008373260498046875,,0.008373260498046875
313,3139,-0.008392333984375,,0.008392333984375,
314,3149,,-0.0084075927734375,,0.0084075927734375
314,3149,-0.008394241333007812,,0.008394241333007812,
315,3159,,-0.008419036865234375,,0.008419036865234375
315,3159,-0.008396530523896217,,0.008396530523896217,
316,3169,,-0.00836944580078125,,0.00836944580078125
316,3169,-0.00839996337890625,,0.00839996337890625,
317,3179,,-0.008419036865234375,,0.008419036865234375
317,3179,-0.008402633480727673,,0.008402633480727673,
318,3189,,-0.008251190185546875,,0.008251190185546875
318,3189,-0.008405685424804688,,0.008405685424804688,
319,3199,,-0.008556365966796875,,0.008556365966796875
319,3199,-0.008408737368881702,,0.008408737368881702,
320,3209,,-0.008480072021484375,,0.008480072021484375
320,3209,-0.008412552066147327,,0.008412552066147327,
321,3219,,-0.008419036865234375,,0.008419036865234375
321,3219,-0.008417129516601562,,0.008417129516601562,
322,3229,,-0.008487701416015625,,0.008487701416015625
322,3229,-0.008418274112045765,,0.008418274112045765,
323,3239,,-0.008331298828125,,0.008331298828125
323,3239,-0.00842132605612278,,0.00842132605612278,
324,3249,,-0.008296966552734375,,0.008296966552734375
324,3249,-0.00842437706887722,,0.00842437706887722,
325,3259,,-0.008457183837890625,,0.008457183837890625
325,3259,-0.008429336361587048,,0.008429336361587048,
326,3269,,-0.008480072021484375,,0.008480072021484375
326,3269,-0.008430862799286842,,0.008430862799286842,
327,3279,,-0.00852203369140625,,0.00852203369140625
327,3279,-0.008433913812041283,,0.008433913812041283,
328,3289,,-0.008312225341796875,,0.008312225341796875
328,3289,-0.00843734759837389,,0.00843734759837389,
329,3299,,-0.008544921875,,0.008544921875
329,3299,-0.008440399542450905,,0.008440399542450905,
330,3309,,-0.008453369140625,,0.008453369140625
330,3309,-0.008443450555205345,,0.008443450555205345,
331,3319,,-0.008548736572265625,,0.008548736572265625
331,3319,-0.008448028936982155,,0.008448028936982155,
332,3329,,-0.00848388671875,,0.00848388671875
332,3329,-0.008449554443359375,,0.008449554443359375,
333,3339,,-0.008312225341796875,,0.008312225341796875
333,3339,-0.008453369140625,,0.008453369140625,
334,3349,,-0.008392333984375,,0.008392333984375
334,3349,-0.008457946591079235,,0.008457946591079235,
335,3359,,-0.00830841064453125,,0.00830841064453125
335,3359,-0.008459853939712048,,0.008459853939712048,
336,3369,,-0.0084991455078125,,0.0084991455078125
336,3369,-0.008464431390166283,,0.008464431390166283,
337,3379,,-0.008380889892578125,,0.008380889892578125
337,3379,-0.008466338738799095,,0.008466338738799095,
338,3389,,-0.008464813232421875,,0.008464813232421875
338,3389,-0.00847015343606472,,0.00847015343606472,
339,3399,,-0.008541107177734375,,0.008541107177734375
339,3399,-0.008473205380141735,,0.008473205380141735,
340,3409,,-0.008636474609375,,0.008636474609375
340,3409,-0.00847702007740736,,0.00847702007740736,
341,3419,,-0.008510589599609375,,0.008510589599609375
341,3419,-0.008479690179228783,,0.008479690179228783,
342,3429,,-0.008647918701171875,,0.008647918701171875
342,3429,-0.00848388671875,,0.00848388671875,
343,3439,,-0.008617401123046875,,0.008617401123046875
343,3439,-0.008486938662827015,,0.008486938662827015,
344,3449,,-0.008640289306640625,,0.008640289306640625
344,3449,-0.00849227886646986,,0.00849227886646986,
345,3459,,-0.0086212158203125,,0.0086212158203125
345,3459,-0.008494186215102673,,0.008494186215102673,
346,3469,,-0.008502960205078125,,0.008502960205078125
346,3469,-0.00849762000143528,,0.00849762000143528,
347,3479,,-0.008647918701171875,,0.008647918701171875
347,3479,-0.008500290103256702,,0.008500290103256702,
348,3489,,-0.0084075927734375,,0.0084075927734375
348,3489,-0.008504867553710938,,0.008504867553710938,
349,3499,,-0.008586883544921875,,0.008586883544921875
349,3499,-0.00850753765553236,,0.00850753765553236,
350,3509,,-0.008533477783203125,,0.008533477783203125
350,3509,-0.008511352352797985,,0.008511352352797985,
351,3519,,-0.008514404296875,,0.008514404296875
351,3519,-0.00851516705006361,,0.00851516705006361,
352,3529,,-0.008541107177734375,,0.008541107177734375
352,3529,-0.008518981747329235,,0.008518981747329235,
353,3539,,-0.00858306884765625,,0.00858306884765625
353,3539,-0.008522415533661842,,0.008522415533661842,
354,3549,,-0.00848388671875,,0.00848388671875
354,3549,-0.008527755737304688,,0.008527755737304688,
355,3559,,-0.0085296630859375,,0.0085296630859375
355,3559,-0.00853118859231472,,0.00853118859231472,
356,3569,,-0.008487701416015625,,0.008487701416015625
356,3569,-0.008534240536391735,,0.008534240536391735,
357,3579,,-0.0085906982421875,,0.0085906982421875
357,3579,-0.00853805523365736,,0.00853805523365736,
358,3589,,-0.008632659912109375,,0.008632659912109375
358,3589,-0.008541489019989967,,0.008541489019989967,
359,3599,,-0.008632659912109375,,0.008632659912109375
359,3599,-0.008544921875,,0.008544921875,
360,3609,,-0.008502960205078125,,0.008502960205078125
360,3609,-0.008549499325454235,,0.008549499325454235,
361,3619,,-0.008541107177734375,,0.008541107177734375
361,3619,-0.00855255126953125,,0.00855255126953125,
362,3629,,-0.008602142333984375,,0.008602142333984375
362,3629,-0.008556747809052467,,0.008556747809052467,
363,3639,,-0.008502960205078125,,0.008502960205078125
363,3639,-0.00855941791087389,,0.00855941791087389,
364,3649,,-0.008678436279296875,,0.008678436279296875
364,3649,-0.008564758114516735,,0.008564758114516735,
365,3659,,-0.008602142333984375,,0.008602142333984375
365,3659,-0.00856781005859375,,0.00856781005859375,
366,3669,,-0.008464813232421875,,0.008464813232421875
366,3669,-0.008572769351303577,,0.008572769351303577,
367,3679,,-0.008586883544921875,,0.008586883544921875
367,3679,-0.008575439453125,,0.008575439453125,
368,3689,,-0.008571624755859375,,0.008571624755859375
368,3689,-0.008578872308135033,,0.008578872308135033,
369,3699,,-0.008533477783203125,,0.008533477783203125
369,3699,-0.00858306884765625,,0.00858306884765625,
370,3709,,-0.008525848388671875,,0.008525848388671875
370,3709,-0.008587646298110485,,0.008587646298110485,
371,3719,,-0.008769989013671875,,0.008769989013671875
371,3719,-0.008591842837631702,,0.008591842837631702,
372,3729,,-0.008556365966796875,,0.008556365966796875
372,3729,-0.008595657534897327,,0.008595657534897327,
373,3739,,-0.0086212158203125,,0.0086212158203125
373,3739,-0.008600997738540173,,0.008600997738540173,
374,3749,,-0.0085906982421875,,0.0085906982421875
374,3749,-0.008602142333984375,,0.008602142333984375,
375,3759,,-0.008663177490234375,,0.008663177490234375
375,3759,-0.008608246222138405,,0.008608246222138405,
376,3769,,-0.008625030517578125,,0.008625030517578125
376,3769,-0.008612441830337048,,0.008612441830337048,
377,3779,,-0.00858306884765625,,0.00858306884765625
377,3779,-0.008616256527602673,,0.008616256527602673,
378,3789,,-0.00852203369140625,,0.00852203369140625
378,3789,-0.0086212158203125,,0.0086212158203125,
379,3799,,-0.00849151611328125,,0.00849151611328125
379,3799,-0.008624648675322533,,0.008624648675322533,
380,3809,,-0.008487701416015625,,0.008487701416015625
380,3809,-0.00862808246165514,,0.00862808246165514,
381,3819,,-0.008495330810546875,,0.008495330810546875
381,3819,-0.008633422665297985,,0.008633422665297985,
382,3829,,-0.008571624755859375,,0.008571624755859375
382,3829,-0.00863723736256361,,0.00863723736256361,
383,3839,,-0.008686065673828125,,0.008686065673828125
383,3839,-0.00864334125071764,,0.00864334125071764,
384,3849,,-0.008785247802734375,,0.008785247802734375
384,3849,-0.008645248599350452,,0.008645248599350452,
385,3859,,-0.008632659912109375,,0.008632659912109375
385,3859,-0.008650588802993298,,0.008650588802993298,
386,3869,,-0.0086212158203125,,0.0086212158203125
386,3869,-0.008654022589325905,,0.008654022589325905,
387,3879,,-0.00872802734375,,0.00872802734375
387,3879,-0.008658980950713158,,0.008658980950713158,
388,3889,,-0.00876617431640625,,0.00876617431640625
388,3889,-0.008664702996611595,,0.008664702996611595,
389,3899,,-0.00868988037109375,,0.00868988037109375
389,3899,-0.008667374029755592,,0.008667374029755592,
390,3909,,-0.0088348388671875,,0.0088348388671875
390,3909,-0.00867309607565403,,0.00867309607565403,
391,3919,,-0.008663177490234375,,0.008663177490234375
391,3919,-0.008676528930664062,,0.008676528930664062,
392,3929,,-0.008609771728515625,,0.008609771728515625
392,3929,-0.008680343627929688,,0.008680343627929688,
393,3939,,-0.008697509765625,,0.008697509765625
393,3939,-0.008686828427016735,,0.008686828427016735,
394,3949,,-0.0086822509765625,,0.0086822509765625
394,3949,-0.00869064312428236,,0.00869064312428236,
395,3959,,-0.00872802734375,,0.00872802734375
395,3959,-0.008694457821547985,,0.008694457821547985,
396,3969,,-0.008747100830078125,,0.008747100830078125
396,3969,-0.008699417114257812,,0.008699417114257812,
397,3979,,-0.008697509765625,,0.008697509765625
397,3979,-0.008703231811523438,,0.008703231811523438,
398,3989,,-0.008914947509765625,,0.008914947509765625
398,3989,-0.008708572015166283,,0.008708572015166283,
399,3999,,-0.008708953857421875,,0.008708953857421875
399,3999,-0.008715057745575905,,0.008715057745575905,
400,4009,,-0.00881195068359375,,0.00881195068359375
400,4009,-0.00871963519603014,,0.00871963519603014,
401,4019,,-0.0087432861328125,,0.0087432861328125
401,4019,-0.00872192345559597,,0.00872192345559597,
402,4029,,-0.008670806884765625,,0.008670806884765625
402,4029,-0.00872879009693861,,0.00872879009693861,
403,4039,,-0.008647918701171875,,0.008647918701171875
403,4039,-0.008733367547392845,,0.008733367547392845,
404,4049,,-0.008769989013671875,,0.008769989013671875
404,4049,-0.008737564086914062,,0.008737564086914062,
405,4059,,-0.008617401123046875,,0.008617401123046875
405,4059,-0.008741378784179688,,0.008741378784179688,
406,4069,,-0.008785247802734375,,0.008785247802734375
406,4069,-0.008746338076889515,,0.008746338076889515,
407,4079,,-0.00884246826171875,,0.00884246826171875
407,4079,-0.008752822875976562,,0.008752822875976562,
408,4089,,-0.008861541748046875,,0.008861541748046875
408,4089,-0.00875701941549778,,0.00875701941549778,
409,4099,,-0.008708953857421875,,0.008708953857421875
409,4099,-0.008761977776885033,,0.008761977776885033,
410,4109,,-0.00873565673828125,,0.00873565673828125
410,4109,-0.008768081665039062,,0.008768081665039062,
411,4119,,-0.008846282958984375,,0.008846282958984375
411,4119,-0.00877304095774889,,0.00877304095774889,
412,4129,,-0.008823394775390625,,0.008823394775390625
412,4129,-0.008777236565947533,,0.008777236565947533,
413,4139,,-0.008861541748046875,,0.008861541748046875
413,4139,-0.00878143310546875,,0.00878143310546875,
414,4149,,-0.008686065673828125,,0.008686065673828125
414,4149,-0.008787155151367188,,0.008787155151367188,
415,4159,,-0.00867462158203125,,0.00867462158203125
415,4159,-0.008792114444077015,,0.008792114444077015,
416,4169,,-0.008861541748046875,,0.008861541748046875
416,4169,-0.008797836489975452,,0.008797836489975452,
417,4179,,-0.0088043212890625,,0.0088043212890625
417,4179,-0.008803176693618298,,0.008803176693618298,
418,4189,,-0.00885772705078125,,0.00885772705078125
418,4189,-0.008808517828583717,,0.008808517828583717,
419,4199,,-0.00899505615234375,,0.00899505615234375
419,4199,-0.00881271343678236,,0.00881271343678236,
420,4209,,-0.008731842041015625,,0.008731842041015625
420,4209,-0.00881881732493639,,0.00881881732493639,
421,4219,,-0.00872802734375,,0.00872802734375
421,4219,-0.008823776617646217,,0.008823776617646217,
422,4229,,-0.008892059326171875,,0.008892059326171875
422,4229,-0.00882873497903347,,0.00882873497903347,
423,4239,,-0.008876800537109375,,0.008876800537109375
423,4239,-0.00883407611399889,,0.00883407611399889,
424,4249,,-0.008625030517578125,,0.008625030517578125
424,4249,-0.008839416317641735,,0.008839416317641735,
425,4259,,-0.00885009765625,,0.00885009765625
425,4259,-0.008845520205795765,,0.008845520205795765,
426,4269,,-0.008876800537109375,,0.008876800537109375
426,4269,-0.008849715813994408,,0.008849715813994408,
427,4279,,-0.008785247802734375,,0.008785247802734375
427,4279,-0.008855437859892845,,0.008855437859892845,
428,4289,,-0.00896453857421875,,0.00896453857421875
428,4289,-0.008861541748046875,,0.008861541748046875,
429,4299,,-0.00881195068359375,,0.00881195068359375
429,4299,-0.00886611919850111,,0.00886611919850111,
430,4309,,-0.008876800537109375,,0.008876800537109375
430,4309,-0.008873367682099342,,0.008873367682099342,
431,4319,,-0.0088348388671875,,0.0088348388671875
431,4319,-0.00887908972799778,,0.00887908972799778,
432,4329,,-0.009014129638671875,,0.009014129638671875
432,4329,-0.008882904425263405,,0.008882904425263405,
433,4339,,-0.0089569091796875,,0.0089569091796875
433,4339,-0.008888626471161842,,0.008888626471161842,
434,4349,,-0.008899688720703125,,0.008899688720703125
434,4349,-0.008895492181181908,,0.008895492181181908,
435,4359,,-0.009052276611328125,,0.009052276611328125
435,4359,-0.008900451473891735,,0.008900451473891735,
436,4369,,-0.008747100830078125,,0.008747100830078125
436,4369,-0.008906173519790173,,0.008906173519790173,
437,4379,,-0.008991241455078125,,0.008991241455078125
437,4379,-0.008912277407944202,,0.008912277407944202,
438,4389,,-0.008914947509765625,,0.008914947509765625
438,4389,-0.008916473016142845,,0.008916473016142845,
439,4399,,-0.008861541748046875,,0.008861541748046875
439,4399,-0.008923721499741077,,0.008923721499741077,
440,4409,,-0.008930206298828125,,0.008930206298828125
440,4409,-0.008930969052016735,,0.008930969052016735,
441,4419,,-0.008953094482421875,,0.008953094482421875
441,4419,-0.00893554650247097,,0.00893554650247097,
442,4429,,-0.008876800537109375,,0.008876800537109375
442,4429,-0.008941268548369408,,0.008941268548369408,
443,4439,,-0.008945465087890625,,0.008945465087890625
443,4439,-0.008947372436523438,,0.008947372436523438,
444,4449,,-0.00893402099609375,,0.00893402099609375
444,4449,-0.008954239077866077,,0.008954239077866077,
445,4459,,-0.0091400146484375,,0.0091400146484375
445,4459,-0.008960342034697533,,0.008960342034697533,
446,4469,,-0.009059906005859375,,0.009059906005859375
446,4469,-0.008965683169662952,,0.008965683169662952,
447,4479,,-0.009090423583984375,,0.009090423583984375
447,4479,-0.00897293072193861,,0.00897293072193861,
448,4489,,-0.0089263916015625,,0.0089263916015625
448,4489,-0.00897903461009264,,0.00897903461009264,
449,4499,,-0.009006500244140625,,0.009006500244140625
449,4499,-0.00898666400462389,,0.00898666400462389,
450,4509,,-0.0090179443359375,,0.0090179443359375
450,4509,-0.008993148803710938,,0.008993148803710938,
451,4519,,-0.008922576904296875,,0.008922576904296875
451,4519,-0.008997726254165173,,0.008997726254165173,
452,4529,,-0.009033203125,,0.009033203125
452,4529,-0.00900421105325222,,0.00900421105325222,
453,4539,,-0.00897216796875,,0.00897216796875
453,4539,-0.009009170345962048,,0.009009170345962048,
454,4549,,-0.009006500244140625,,0.009006500244140625
454,4549,-0.00901641882956028,,0.00901641882956028,
455,4559,,-0.009090423583984375,,0.009090423583984375
455,4559,-0.009022140875458717,,0.009022140875458717,
456,4569,,-0.00897216796875,,0.00897216796875
456,4569,-0.009029770269989967,,0.009029770269989967,
457,4579,,-0.009006500244140625,,0.009006500244140625
457,4579,-0.009035492315888405,,0.009035492315888405,
458,4589,,-0.009143829345703125,,0.009143829345703125
458,4589,-0.009044265374541283,,0.009044265374541283,
459,4599,,-0.008930206298828125,,0.008930206298828125
459,4599,-0.009050751104950905,,0.009050751104950905,
460,4609,,-0.009037017822265625,,0.009037017822265625
460,4609,-0.009055709466338158,,0.009055709466338158,
461,4619,,-0.009082794189453125,,0.009082794189453125
461,4619,-0.009063338860869408,,0.009063338860869408,
462,4629,,-0.00894927978515625,,0.00894927978515625
462,4629,-0.009068679995834827,,0.009068679995834827,
463,4639,,-0.009052276611328125,,0.009052276611328125
463,4639,-0.009075927548110485,,0.009075927548110485,
464,4649,,-0.009037017822265625,,0.009037017822265625
464,4649,-0.009081649594008923,,0.009081649594008923,
465,4659,,-0.00910186767578125,,0.00910186767578125
465,4659,-0.009088898077607155,,0.009088898077607155,
466,4669,,-0.00913238525390625,,0.00913238525390625
466,4669,-0.009096145629882812,,0.009096145629882812,
467,4679,,-0.009181976318359375,,0.009181976318359375
467,4679,-0.009103012271225452,,0.009103012271225452,
468,4689,,-0.0091400146484375,,0.0091400146484375
468,4689,-0.009109878912568092,,0.009109878912568092,
469,4699,,-0.00920867919921875,,0.00920867919921875
469,4699,-0.00911560095846653,,0.00911560095846653,
470,4709,,-0.008914947509765625,,0.008914947509765625
470,4709,-0.009124374017119408,,0.009124374017119408,
471,4719,,-0.009174346923828125,,0.009174346923828125
471,4719,-0.009130096063017845,,0.009130096063017845,
472,4729,,-0.009174346923828125,,0.009174346923828125
472,4729,-0.009138870052993298,,0.009138870052993298,
473,4739,,-0.009063720703125,,0.009063720703125
473,4739,-0.009144973941147327,,0.009144973941147327,
474,4749,,-0.009052276611328125,,0.009052276611328125
474,4749,-0.009151840582489967,,0.009151840582489967,
475,4759,,-0.009021759033203125,,0.009021759033203125
475,4759,-0.009158706292510033,,0.009158706292510033,
476,4769,,-0.009037017822265625,,0.009037017822265625
476,4769,-0.009167099371552467,,0.009167099371552467,
477,4779,,-0.009021759033203125,,0.009021759033203125
477,4779,-0.009173965081572533,,0.009173965081572533,
478,4789,,-0.009166717529296875,,0.009166717529296875
478,4789,-0.009181594476103783,,0.009181594476103783,
479,4799,,-0.009471893310546875,,0.009471893310546875
479,4799,-0.009187698364257812,,0.009187698364257812,
480,4809,,-0.009258270263671875,,0.009258270263671875
480,4809,-0.009195709601044655,,0.009195709601044655,
481,4819,,-0.009151458740234375,,0.009151458740234375
481,4819,-0.009202194400131702,,0.009202194400131702,
482,4829,,-0.00904083251953125,,0.00904083251953125
482,4829,-0.00921020470559597,,0.00921020470559597,
483,4839,,-0.0089263916015625,,0.0089263916015625
483,4839,-0.009216690436005592,,0.009216690436005592,
484,4849,,-0.00917816162109375,,0.00917816162109375
484,4849,-0.009225845336914062,,0.009225845336914062,
485,4859,,-0.009288787841796875,,0.009288787841796875
485,4859,-0.009233474731445312,,0.009233474731445312,
486,4869,,-0.009243011474609375,,0.009243011474609375
486,4869,-0.009241104125976562,,0.009241104125976562,
487,4879,,-0.0092926025390625,,0.0092926025390625
487,4879,-0.009247970767319202,,0.009247970767319202,
488,4889,,-0.009120941162109375,,0.009120941162109375
488,4889,-0.009257888421416283,,0.009257888421416283,
489,4899,,-0.009185791015625,,0.009185791015625
489,4899,-0.009263992309570312,,0.009263992309570312,
490,4909,,-0.009265899658203125,,0.009265899658203125
490,4909,-0.009271621704101562,,0.009271621704101562,
491,4919,,-0.009296417236328125,,0.009296417236328125
491,4919,-0.009280395694077015,,0.009280395694077015,
492,4929,,-0.009250640869140625,,0.009250640869140625
492,4929,-0.009287262335419655,,0.009287262335419655,
493,4939,,-0.0093536376953125,,0.0093536376953125
493,4939,-0.009294891729950905,,0.009294891729950905,
494,4949,,-0.009304046630859375,,0.009304046630859375
494,4949,-0.009305191226303577,,0.009305191226303577,
495,4959,,-0.009288787841796875,,0.009288787841796875
495,4959,-0.009310913272202015,,0.009310913272202015,
496,4969,,-0.009555816650390625,,0.009555816650390625
496,4969,-0.009319687262177467,,0.009319687262177467,
497,4979,,-0.00936126708984375,,0.00936126708984375
497,4979,-0.009327697567641735,,0.009327697567641735,
498,4989,,-0.009235382080078125,,0.009235382080078125
498,4989,-0.009336089715361595,,0.009336089715361595,
499,4999,,-0.00914764404296875,,0.00914764404296875
499,4999,-0.009342956356704235,,0.009342956356704235,
500,5009,,-0.00934600830078125,,0.00934600830078125
500,5009,-0.0093536376953125,,0.0093536376953125,
501,5019,,-0.00928497314453125,,0.00928497314453125
501,5019,-0.009361648932099342,,0.009361648932099342,
502,5029,,-0.009365081787109375,,0.009365081787109375
502,5029,-0.00936965923756361,,0.00936965923756361,
503,5039,,-0.0092620849609375,,0.0092620849609375
503,5039,-0.00937728863209486,,0.00937728863209486,
504,5049,,-0.009456634521484375,,0.009456634521484375
504,5049,-0.009386062622070312,,0.009386062622070312,
505,5059,,-0.00939178466796875,,0.00939178466796875
505,5059,-0.009394454769790173,,0.009394454769790173,
506,5069,,-0.009307861328125,,0.009307861328125
506,5069,-0.009405136108398438,,0.009405136108398438,
507,5079,,-0.009227752685546875,,0.009227752685546875
507,5079,-0.00941391009837389,,0.00941391009837389,
508,5089,,-0.009307861328125,,0.009307861328125
508,5089,-0.00942153949290514,,0.00942153949290514,
509,5099,,-0.00945281982421875,,0.00945281982421875
509,5099,-0.009430313482880592,,0.009430313482880592,
510,5109,,-0.009380340576171875,,0.009380340576171875
510,5109,-0.009439468383789062,,0.009439468383789062,
511,5119,,-0.00949859619140625,,0.00949859619140625
511,5119,-0.009447097778320312,,0.009447097778320312,
512,5129,,-0.009185791015625,,0.009185791015625
512,5129,-0.009300613775849342,,0.009300613775849342,
513,5139,,-0.0086669921875,,0.0086669921875
513,5139,-0.00886611919850111,,0.00886611919850111,
514,5149,,-0.0087738037109375,,0.0087738037109375
514,5149,-0.008694839663803577,,0.008694839663803577,
515,5159,,-0.008647918701171875,,0.008647918701171875
515,5159,-0.008636856451630592,,0.008636856451630592,
516,5169,,-0.0086212158203125,,0.0086212158203125
516,5169,-0.008618163876235485,,0.008618163876235485,
517,5179,,-0.00849151611328125,,0.00849151611328125
517,5179,-0.008613204583525658,,0.008613204583525658,
518,5189,,-0.008636474609375,,0.008636474609375
518,5189,-0.00861434917896986,,0.00861434917896986,
519,5199,,-0.008556365966796875,,0.008556365966796875
519,5199,-0.008616256527602673,,0.008616256527602673,
520,5209,,-0.00856781005859375,,0.00856781005859375
520,5209,-0.008616638369858265,,0.008616638369858265,
521,5219,,-0.008632659912109375,,0.008632659912109375
521,5219,-0.008619308471679688,,0.008619308471679688,
522,5229,,-0.0089111328125,,0.0089111328125
522,5229,-0.0086212158203125,,0.0086212158203125,
523,5239,,-0.008693695068359375,,0.008693695068359375
523,5239,-0.008623123168945312,,0.008623123168945312,
524,5249,,-0.00872802734375,,0.00872802734375
524,5249,-0.008626175113022327,,0.008626175113022327,
525,5259,,-0.008697509765625,,0.008697509765625
525,5259,-0.00862808246165514,,0.00862808246165514,
526,5269,,-0.00850677490234375,,0.00850677490234375
526,5269,-0.008631134405732155,,0.008631134405732155,
527,5279,,-0.00860595703125,,0.00860595703125
527,5279,-0.008632659912109375,,0.008632659912109375,
528,5289,,-0.00867462158203125,,0.00867462158203125
528,5289,-0.008637619204819202,,0.008637619204819202,
529,5299,,-0.008575439453125,,0.008575439453125
529,5299,-0.00863800011575222,,0.00863800011575222,
530,5309,,-0.0084686279296875,,0.0084686279296875
530,5309,-0.008641052059829235,,0.008641052059829235,
531,5319,,-0.00870513916015625,,0.00870513916015625
531,5319,-0.00864257849752903,,0.00864257849752903,
532,5329,,-0.008693695068359375,,0.008693695068359375
532,5329,-0.008644485846161842,,0.008644485846161842,
533,5339,,-0.00864410400390625,,0.00864410400390625
533,5339,-0.008649826049804688,,0.008649826049804688,
534,5349,,-0.008747100830078125,,0.008747100830078125
534,5349,-0.0086517333984375,,0.0086517333984375,
535,5359,,-0.008640289306640625,,0.008640289306640625
535,5359,-0.008653640747070312,,0.008653640747070312,
536,5369,,-0.00861358642578125,,0.00861358642578125
536,5369,-0.008655548095703125,,0.008655548095703125,
537,5379,,-0.008647918701171875,,0.008647918701171875
537,5379,-0.00865860003978014,,0.00865860003978014,
538,5389,,-0.0087127685546875,,0.0087127685546875
538,5389,-0.008660507388412952,,0.008660507388412952,
539,5399,,-0.00872039794921875,,0.00872039794921875
539,5399,-0.008662032894790173,,0.008662032894790173,
540,5409,,-0.008556365966796875,,0.008556365966796875
540,5409,-0.008666610345244408,,0.008666610345244408,
541,5419,,-0.00867462158203125,,0.00867462158203125
541,5419,-0.008670425042510033,,0.008670425042510033,
542,5429,,-0.00875091552734375,,0.00875091552734375
542,5429,-0.008671569637954235,,0.008671569637954235,
543,5439,,-0.0087738037109375,,0.0087738037109375
543,5439,-0.00867462158203125,,0.00867462158203125,
544,5449,,-0.0086669921875,,0.0086669921875
544,5449,-0.008676528930664062,,0.008676528930664062,
545,5459,,-0.0086822509765625,,0.0086822509765625
545,5459,-0.008680343627929688,,0.008680343627929688,
546,5469,,-0.008625030517578125,,0.008625030517578125
546,5469,-0.008681106381118298,,0.008681106381118298,
547,5479,,-0.008724212646484375,,0.008724212646484375
547,5479,-0.008684540167450905,,0.008684540167450905,
548,5489,,-0.00867462158203125,,0.00867462158203125
548,5489,-0.008686828427016735,,0.008686828427016735,
549,5499,,-0.00860595703125,,0.00860595703125
549,5499,-0.008691024966537952,,0.008691024966537952,
550,5509,,-0.008533477783203125,,0.008533477783203125
550,5509,-0.008694839663803577,,0.008694839663803577,
551,5519,,-0.008617401123046875,,0.008617401123046875
551,5519,-0.008694457821547985,,0.008694457821547985,
552,5529,,-0.008632659912109375,,0.008632659912109375
552,5529,-0.008698654361069202,,0.008698654361069202,
553,5539,,-0.00862884521484375,,0.00862884521484375
553,5539,-0.008701324462890625,,0.008701324462890625,
554,5549,,-0.008697509765625,,0.008697509765625
554,5549,-0.008705521002411842,,0.008705521002411842,
555,5559,,-0.008716583251953125,,0.008716583251953125
555,5559,-0.008707428351044655,,0.008707428351044655,
556,5569,,-0.008697509765625,,0.008697509765625
556,5569,-0.008709335699677467,,0.008709335699677467,
557,5579,,-0.00873565673828125,,0.00873565673828125
557,5579,-0.008713913150131702,,0.008713913150131702,
558,5589,,-0.008655548095703125,,0.008655548095703125
558,5589,-0.008716201409697533,,0.008716201409697533,
559,5599,,-0.0088348388671875,,0.0088348388671875
559,5599,-0.008717346005141735,,0.008717346005141735,
560,5609,,-0.00870513916015625,,0.00870513916015625
560,5609,-0.008720016106963158,,0.008720016106963158,
561,5619,,-0.00868988037109375,,0.00868988037109375
561,5619,-0.008725357241928577,,0.008725357241928577,
562,5629,,-0.00885772705078125,,0.00885772705078125
562,5629,-0.00872650183737278,,0.00872650183737278,
563,5639,,-0.0087890625,,0.0087890625
563,5639,-0.008730697445571423,,0.008730697445571423,
564,5649,,-0.00873565673828125,,0.00873565673828125
564,5649,-0.008732986636459827,,0.008732986636459827,
565,5659,,-0.008739471435546875,,0.008739471435546875
565,5659,-0.008736038580536842,,0.008736038580536842,
566,5669,,-0.00875091552734375,,0.00875091552734375
566,5669,-0.008739471435546875,,0.008739471435546875,
567,5679,,-0.008697509765625,,0.008697509765625
567,5679,-0.008742141537368298,,0.008742141537368298,
568,5689,,-0.00872802734375,,0.00872802734375
568,5689,-0.00874481163918972,,0.00874481163918972,
569,5699,,-0.00873565673828125,,0.00873565673828125
569,5699,-0.008749008178710938,,0.008749008178710938,
570,5709,,-0.008819580078125,,0.008819580078125
570,5709,-0.008751297369599342,,0.008751297369599342,
571,5719,,-0.008831024169921875,,0.008831024169921875
571,5719,-0.008753204718232155,,0.008753204718232155,
572,5729,,-0.00860595703125,,0.00860595703125
572,5729,-0.008757400326430798,,0.008757400326430798,
573,5739,,-0.00893402099609375,,0.00893402099609375
573,5739,-0.008761596865952015,,0.008761596865952015,
574,5749,,-0.00873565673828125,,0.00873565673828125
574,5749,-0.008765029720962048,,0.008765029720962048,
575,5759,,-0.0086669921875,,0.0086669921875
575,5759,-0.00876693706959486,,0.00876693706959486,
576,5769,,-0.00881195068359375,,0.00881195068359375
576,5769,-0.008769226260483265,,0.008769226260483265,
577,5779,,-0.00873565673828125,,0.00873565673828125
577,5779,-0.00877304095774889,,0.00877304095774889,
578,5789,,-0.00861358642578125,,0.00861358642578125
578,5789,-0.008778000250458717,,0.008778000250458717,
579,5799,,-0.008892059326171875,,0.008892059326171875
579,5799,-0.008778381161391735,,0.008778381161391735,
580,5809,,-0.008762359619140625,,0.008762359619140625
580,5809,-0.008783340454101562,,0.008783340454101562,
581,5819,,-0.008762359619140625,,0.008762359619140625
581,5819,-0.008785629644989967,,0.008785629644989967,
582,5829,,-0.008758544921875,,0.008758544921875
582,5829,-0.00878982525318861,,0.00878982525318861,
583,5839,,-0.00876617431640625,,0.00876617431640625
583,5839,-0.008792877197265625,,0.008792877197265625,
584,5849,,-0.00881195068359375,,0.00881195068359375
584,5849,-0.008796310052275658,,0.008796310052275658,
585,5859,,-0.00881195068359375,,0.00881195068359375
585,5859,-0.008799743838608265,,0.008799743838608265,
586,5869,,-0.008800506591796875,,0.008800506591796875
586,5869,-0.008802032098174095,,0.008802032098174095,
587,5879,,-0.00873565673828125,,0.00873565673828125
587,5879,-0.008806991390883923,,0.008806991390883923,
588,5889,,-0.00890350341796875,,0.00890350341796875
588,5889,-0.008808517828583717,,0.008808517828583717,
589,5899,,-0.00894927978515625,,0.00894927978515625
589,5899,-0.008811568841338158,,0.008811568841338158,
590,5909,,-0.008754730224609375,,0.008754730224609375
590,5909,-0.008815765380859375,,0.008815765380859375,
591,5919,,-0.008819580078125,,0.008819580078125
591,5919,-0.008819580078125,,0.008819580078125,
592,5929,,-0.008853912353515625,,0.008853912353515625
592,5929,-0.008822632022202015,,0.008822632022202015,
593,5939,,-0.008998870849609375,,0.008998870849609375
593,5939,-0.008826064877212048,,0.008826064877212048,
594,5949,,-0.008853912353515625,,0.008853912353515625
594,5949,-0.00882873497903347,,0.00882873497903347,
595,5959,,-0.008892059326171875,,0.008892059326171875
595,5959,-0.008832168765366077,,0.008832168765366077,
596,5969,,-0.008892059326171875,,0.008892059326171875
596,5969,-0.008836746215820312,,0.008836746215820312,
597,5979,,-0.00861358642578125,,0.00861358642578125
597,5979,-0.008840179070830345,,0.008840179070830345,
598,5989,,-0.009006500244140625,,0.009006500244140625
598,5989,-0.008844375610351562,,0.008844375610351562,
599,5999,,-0.00888824462890625,,0.00888824462890625
599,5999,-0.008845138363540173,,0.008845138363540173,
600,6009,,-0.008647918701171875,,0.008647918701171875
600,6009,-0.008850479498505592,,0.008850479498505592,
601,6019,,-0.008930206298828125,,0.008930206298828125
601,6019,-0.008855437859892845,,0.008855437859892845,
602,6029,,-0.00881195068359375,,0.00881195068359375
602,6029,-0.00885772705078125,,0.00885772705078125,
603,6039,,-0.0087738037109375,,0.0087738037109375
603,6039,-0.008862304501235485,,0.008862304501235485,
604,6049,,-0.0089569091796875,,0.0089569091796875
604,6049,-0.00886611919850111,,0.00886611919850111,
605,6059,,-0.008869171142578125,,0.008869171142578125
605,6059,-0.008871078491210938,,0.008871078491210938,
606,6069,,-0.008907318115234375,,0.008907318115234375
606,6069,-0.008874130435287952,,0.008874130435287952,
607,6079,,-0.008701324462890625,,0.008701324462890625
607,6079,-0.008877945132553577,,0.008877945132553577,
608,6089,,-0.008701324462890625,,0.008701324462890625
608,6089,-0.00887908972799778,,0.00887908972799778,
609,6099,,-0.009029388427734375,,0.009029388427734375
609,6099,-0.008884811773896217,,0.008884811773896217,
610,6109,,-0.00888824462890625,,0.00888824462890625
610,6109,-0.00888824462890625,,0.00888824462890625,
611,6119,,-0.008960723876953125,,0.008960723876953125
611,6119,-0.008893203921616077,,0.008893203921616077,
612,6129,,-0.008876800537109375,,0.008876800537109375
612,6129,-0.00889511127024889,,0.00889511127024889,
613,6139,,-0.008876800537109375,,0.008876800537109375
613,6139,-0.008898544125258923,,0.008898544125258923,
614,6149,,-0.008945465087890625,,0.008945465087890625
614,6149,-0.00890350341796875,,0.00890350341796875,
615,6159,,-0.008831024169921875,,0.008831024169921875
615,6159,-0.008906173519790173,,0.008906173519790173,
616,6169,,-0.008869171142578125,,0.008869171142578125
616,6169,-0.0089111328125,,0.0089111328125,
617,6179,,-0.008884429931640625,,0.008884429931640625
617,6179,-0.008914947509765625,,0.008914947509765625,
618,6189,,-0.008838653564453125,,0.008838653564453125
618,6189,-0.00891876220703125,,0.00891876220703125,
619,6199,,-0.009090423583984375,,0.009090423583984375
619,6199,-0.008922576904296875,,0.008922576904296875,
620,6209,,-0.0089874267578125,,0.0089874267578125
620,6209,-0.008927536197006702,,0.008927536197006702,
621,6219,,-0.009044647216796875,,0.009044647216796875
621,6219,-0.008930206298828125,,0.008930206298828125,
622,6229,,-0.00882720947265625,,0.00882720947265625
622,6229,-0.008934402838349342,,0.008934402838349342,
623,6239,,-0.00894927978515625,,0.00894927978515625
623,6239,-0.008939361199736595,,0.008939361199736595,
624,6249,,-0.008815765380859375,,0.008815765380859375
624,6249,-0.008942794986069202,,0.008942794986069202,
625,6259,,-0.009052276611328125,,0.009052276611328125
625,6259,-0.008946990594267845,,0.008946990594267845,
626,6269,,-0.00909423828125,,0.00909423828125
626,6269,-0.008951949886977673,,0.008951949886977673,
627,6279,,-0.008953094482421875,,0.008953094482421875
627,6279,-0.008954619988799095,,0.008954619988799095,
628,6289,,-0.008777618408203125,,0.008777618408203125
628,6289,-0.008958816528320312,,0.008958816528320312,
629,6299,,-0.0089263916015625,,0.0089263916015625
629,6299,-0.00896377582103014,,0.00896377582103014,
630,6309,,-0.009021759033203125,,0.009021759033203125
630,6309,-0.008968353271484375,,0.008968353271484375,
631,6319,,-0.008846282958984375,,0.008846282958984375
631,6319,-0.00897216796875,,0.00897216796875,
632,6329,,-0.00897216796875,,0.00897216796875
632,6329,-0.008977890014648438,,0.008977890014648438,
633,6339,,-0.00891876220703125,,0.00891876220703125
633,6339,-0.008981704711914062,,0.008981704711914062,
634,6349,,-0.009136199951171875,,0.009136199951171875
634,6349,-0.008983612060546875,,0.008983612060546875,
635,6359,,-0.0089111328125,,0.0089111328125
635,6359,-0.008989715948700905,,0.008989715948700905,
636,6369,,-0.0089569091796875,,0.0089569091796875
636,6369,-0.008993911556899548,,0.008993911556899548,
637,6379,,-0.008945465087890625,,0.008945465087890625
637,6379,-0.008998108096420765,,0.008998108096420765,
638,6389,,-0.00913238525390625,,0.00913238525390625
638,6389,-0.009004592895507812,,0.009004592895507812,
639,6399,,-0.0088348388671875,,0.0088348388671875
639,6399,-0.009007644839584827,,0.009007644839584827,
640,6409,,-0.009033203125,,0.009033203125
640,6409,-0.009011459536850452,,0.009011459536850452,
641,6419,,-0.00882720947265625,,0.00882720947265625
641,6419,-0.009016036987304688,,0.009016036987304688,
642,6429,,-0.0091400146484375,,0.0091400146484375
642,6429,-0.009020233526825905,,0.009020233526825905,
643,6439,,-0.008975982666015625,,0.008975982666015625
643,6439,-0.00902557373046875,,0.00902557373046875,
644,6449,,-0.008922576904296875,,0.008922576904296875
644,6449,-0.009030533023178577,,0.009030533023178577,
645,6459,,-0.009006500244140625,,0.009006500244140625
645,6459,-0.009034347720444202,,0.009034347720444202,
646,6469,,-0.0090789794921875,,0.0090789794921875
646,6469,-0.009038543328642845,,0.009038543328642845,
647,6479,,-0.00908660888671875,,0.00908660888671875
647,6479,-0.009043121710419655,,0.009043121710419655,
648,6489,,-0.0088958740234375,,0.0088958740234375
648,6489,-0.00904769916087389,,0.00904769916087389,
649,6499,,-0.009220123291015625,,0.009220123291015625
649,6499,-0.009051894769072533,,0.009051894769072533,
650,6509,,-0.008914947509765625,,0.008914947509765625
650,6509,-0.009057235904037952,,0.009057235904037952,
651,6519,,-0.009002685546875,,0.009002685546875
651,6519,-0.00906219519674778,,0.00906219519674778,
652,6529,,-0.009044647216796875,,0.009044647216796875
652,6529,-0.009067153558135033,,0.009067153558135033,
653,6539,,-0.008991241455078125,,0.008991241455078125
653,6539,-0.00907211285084486,,0.00907211285084486,
654,6549,,-0.009063720703125,,0.009063720703125
654,6549,-0.009075927548110485,,0.009075927548110485,
655,6559,,-0.00899505615234375,,0.00899505615234375
655,6559,-0.009081268683075905,,0.009081268683075905,
656,6569,,-0.009124755859375,,0.009124755859375
656,6569,-0.009086990728974342,,0.009086990728974342,
657,6579,,-0.009105682373046875,,0.009105682373046875
657,6579,-0.009090805426239967,,0.009090805426239967,
658,6589,,-0.009044647216796875,,0.009044647216796875
658,6589,-0.009095382876694202,,0.009095382876694202,
659,6599,,-0.009098052978515625,,0.009098052978515625
659,6599,-0.00910110492259264,,0.00910110492259264,
660,6609,,-0.009151458740234375,,0.009151458740234375
660,6609,-0.009104537777602673,,0.009104537777602673,
661,6619,,-0.008975982666015625,,0.008975982666015625
661,6619,-0.009109115228056908,,0.009109115228056908,
662,6629,,-0.0091094970703125,,0.0091094970703125
662,6629,-0.00911560095846653,,0.00911560095846653,
663,6639,,-0.0092315673828125,,0.0092315673828125
663,6639,-0.009120941162109375,,0.009120941162109375,
664,6649,,-0.009281158447265625,,0.009281158447265625
664,6649,-0.009124374017119408,,0.009124374017119408,
665,6659,,-0.00917816162109375,,0.00917816162109375
665,6659,-0.00913162250071764,,0.00913162250071764,
666,6669,,-0.009113311767578125,,0.009113311767578125
666,6669,-0.009136199951171875,,0.009136199951171875,
667,6679,,-0.00914764404296875,,0.00914764404296875
667,6679,-0.009142303839325905,,0.009142303839325905,
668,6689,,-0.009189605712890625,,0.009189605712890625
668,6689,-0.009147262200713158,,0.009147262200713158,
669,6699,,-0.009098052978515625,,0.009098052978515625
669,6699,-0.009149551391601562,,0.009149551391601562,
670,6709,,-0.009151458740234375,,0.009151458740234375
670,6709,-0.00915679894387722,,0.00915679894387722,
671,6719,,-0.009105682373046875,,0.009105682373046875
671,6719,-0.00916290283203125,,0.00916290283203125,
672,6729,,-0.00911712646484375,,0.00911712646484375
672,6729,-0.009166717529296875,,0.009166717529296875,
673,6739,,-0.009185791015625,,0.009185791015625
673,6739,-0.009174346923828125,,0.009174346923828125,
674,6749,,-0.009082794189453125,,0.009082794189453125
674,6749,-0.00917968712747097,,0.00917968712747097,
675,6759,,-0.009304046630859375,,0.009304046630859375
675,6759,-0.009184646420180798,,0.009184646420180798,
676,6769,,-0.00923919677734375,,0.00923919677734375
676,6769,-0.009188842959702015,,0.009188842959702015,
677,6779,,-0.00923919677734375,,0.00923919677734375
677,6779,-0.009194565005600452,,0.009194565005600452,
678,6789,,-0.009029388427734375,,0.009029388427734375
678,6789,-0.00919952429831028,,0.00919952429831028,
679,6799,,-0.008800506591796875,,0.008800506591796875
679,6799,-0.009204482659697533,,0.009204482659697533,
680,6809,,-0.009296417236328125,,0.009296417236328125
680,6809,-0.009209823794662952,,0.009209823794662952,
681,6819,,-0.009136199951171875,,0.009136199951171875
681,6819,-0.009216690436005592,,0.009216690436005592,
682,6829,,-0.00923919677734375,,0.00923919677734375
682,6829,-0.009220886044204235,,0.009220886044204235,
683,6839,,-0.009159088134765625,,0.009159088134765625
683,6839,-0.009228515438735485,,0.009228515438735485,
684,6849,,-0.009258270263671875,,0.009258270263671875
684,6849,-0.009233856573700905,,0.009233856573700905,
685,6859,,-0.009265899658203125,,0.009265899658203125
685,6859,-0.009238052181899548,,0.009238052181899548,
686,6869,,-0.00922393798828125,,0.00922393798828125
686,6869,-0.009243774227797985,,0.009243774227797985,
687,6879,,-0.009326934814453125,,0.009326934814453125
687,6879,-0.009249115362763405,,0.009249115362763405,
688,6889,,-0.009243011474609375,,0.009243011474609375
688,6889,-0.00925598107278347,,0.00925598107278347,
689,6899,,-0.00925445556640625,,0.00925445556640625
689,6899,-0.00926284771412611,,0.00926284771412611,
690,6909,,-0.0090789794921875,,0.0090789794921875
690,6909,-0.009270096197724342,,0.009270096197724342,
691,6919,,-0.009250640869140625,,0.009250640869140625
691,6919,-0.009273910894989967,,0.009273910894989967,
692,6929,,-0.0092315673828125,,0.0092315673828125
692,6929,-0.009280776605010033,,0.009280776605010033,
693,6939,,-0.009181976318359375,,0.009181976318359375
693,6939,-0.00928649865090847,,0.00928649865090847,
694,6949,,-0.009273529052734375,,0.009273529052734375
694,6949,-0.0092926025390625,,0.0092926025390625,
695,6959,,-0.009067535400390625,,0.009067535400390625
695,6959,-0.009297561831772327,,0.009297561831772327,
696,6969,,-0.00936126708984375,,0.00936126708984375
696,6969,-0.009303664788603783,,0.009303664788603783,
697,6979,,-0.009174346923828125,,0.009174346923828125
697,6979,-0.009309768676757812,,0.009309768676757812,
698,6989,,-0.009456634521484375,,0.009456634521484375
698,6989,-0.009315108880400658,,0.009315108880400658,
699,6999,,-0.00931549072265625,,0.00931549072265625
699,6999,-0.009321975521743298,,0.009321975521743298,
700,7009,,-0.009342193603515625,,0.009342193603515625
700,7009,-0.009327316656708717,,0.009327316656708717,
701,7019,,-0.009235382080078125,,0.009235382080078125
701,7019,-0.009332656860351562,,0.009332656860351562,
702,7029,,-0.0093994140625,,0.0093994140625
702,7029,-0.009342193603515625,,0.009342193603515625,
703,7039,,-0.0094757080078125,,0.0094757080078125
703,7039,-0.009348678402602673,,0.009348678402602673,
704,7049,,-0.009365081787109375,,0.009365081787109375
704,7049,-0.0093536376953125,,0.0093536376953125,
705,7059,,-0.009334564208984375,,0.009334564208984375
705,7059,-0.009359359741210938,,0.009359359741210938,
706,7069,,-0.009510040283203125,,0.009510040283203125
706,7069,-0.00936737097799778,,0.00936737097799778,
707,7079,,-0.009342193603515625,,0.009342193603515625
707,7079,-0.009373473934829235,,0.009373473934829235,
708,7089,,-0.009479522705078125,,0.009479522705078125
708,7089,-0.009379958733916283,,0.009379958733916283,
709,7099,,-0.00937652587890625,,0.00937652587890625
709,7099,-0.00938568077981472,,0.00938568077981472,
710,7109,,-0.009456634521484375,,0.009456634521484375
710,7109,-0.009392929263412952,,0.009392929263412952,
711,7119,,-0.00933837890625,,0.00933837890625
711,7119,-0.00939865130931139,,0.00939865130931139,
712,7129,,-0.009265899658203125,,0.009265899658203125
712,7129,-0.009404373355209827,,0.009404373355209827,
713,7139,,-0.0093536376953125,,0.0093536376953125
713,7139,-0.009411620907485485,,0.009411620907485485,
714,7149,,-0.0093994140625,,0.0093994140625
714,7149,-0.009418487548828125,,0.009418487548828125,
715,7159,,-0.0094757080078125,,0.0094757080078125
715,7159,-0.00942382775247097,,0.00942382775247097,
716,7169,,-0.009471893310546875,,0.009471893310546875
716,7169,-0.009432220831513405,,0.009432220831513405,
717,7179,,-0.009311676025390625,,0.009311676025390625
717,7179,-0.009439468383789062,,0.009439468383789062,
718,7189,,-0.009471893310546875,,0.009471893310546875
718,7189,-0.0094451904296875,,0.0094451904296875,
719,7199,,-0.009487152099609375,,0.009487152099609375
719,7199,-0.009453201666474342,,0.009453201666474342,
720,7209,,-0.009456634521484375,,0.009456634521484375
720,7209,-0.009460831061005592,,0.009460831061005592,
721,7219,,-0.0096282958984375,,0.0096282958984375
721,7219,-0.009465789422392845,,0.009465789422392845,
722,7229,,-0.009490966796875,,0.009490966796875
722,7229,-0.009475326165556908,,0.009475326165556908,
723,7239,,-0.009494781494140625,,0.009494781494140625
723,7239,-0.009481430053710938,,0.009481430053710938,
724,7249,,-0.009548187255859375,,0.009548187255859375
724,7249,-0.009487533941864967,,0.009487533941864967,
725,7259,,-0.009426116943359375,,0.009426116943359375
725,7259,-0.009496307000517845,,0.009496307000517845,
726,7269,,-0.00963592529296875,,0.00963592529296875
726,7269,-0.009502792730927467,,0.009502792730927467,
727,7279,,-0.009639739990234375,,0.009639739990234375
727,7279,-0.009509658440947533,,0.009509658440947533,
728,7289,,-0.00959014892578125,,0.00959014892578125
728,7289,-0.009516906924545765,,0.009516906924545765,
729,7299,,-0.00949859619140625,,0.00949859619140625
729,7299,-0.00952300988137722,,0.00952300988137722,
730,7309,,-0.009593963623046875,,0.009593963623046875
730,7309,-0.009532165713608265,,0.009532165713608265,
731,7319,,-0.009449005126953125,,0.009449005126953125
731,7319,-0.00953826867043972,,0.00953826867043972,
732,7329,,-0.009433746337890625,,0.009433746337890625
732,7329,-0.009547805413603783,,0.009547805413603783,
733,7339,,-0.00943756103515625,,0.00943756103515625
733,7339,-0.009553146548569202,,0.009553146548569202,
734,7349,,-0.009586334228515625,,0.009586334228515625
734,7349,-0.00956115685403347,,0.00956115685403347,
735,7359,,-0.009441375732421875,,0.009441375732421875
735,7359,-0.009566878899931908,,0.009566878899931908,
736,7369,,-0.0095977783203125,,0.0095977783203125
736,7369,-0.009576797485351562,,0.009576797485351562,
737,7379,,-0.00966644287109375,,0.00966644287109375
737,7379,-0.009584808722138405,,0.009584808722138405,
738,7389,,-0.009735107421875,,0.009735107421875
738,7389,-0.009592438116669655,,0.009592438116669655,
739,7399,,-0.009502410888671875,,0.009502410888671875
739,7399,-0.009599685668945312,,0.009599685668945312,
740,7409,,-0.009792327880859375,,0.009792327880859375
740,7409,-0.00960617046803236,,0.00960617046803236,
741,7419,,-0.009456634521484375,,0.009456634521484375
741,7419,-0.009613418951630592,,0.009613418951630592,
742,7429,,-0.009487152099609375,,0.009487152099609375
742,7429,-0.009623718447983265,,0.009623718447983265,
743,7439,,-0.0096435546875,,0.0096435546875
743,7439,-0.009630585089325905,,0.009630585089325905,
744,7449,,-0.009578704833984375,,0.009578704833984375
744,7449,-0.009639358147978783,,0.009639358147978783,
745,7459,,-0.009487152099609375,,0.009487152099609375
745,7459,-0.009645462036132812,,0.009645462036132812,
746,7469,,-0.009548187255859375,,0.009548187255859375
746,7469,-0.009655761532485485,,0.009655761532485485,
747,7479,,-0.009738922119140625,,0.009738922119140625
747,7479,-0.009661102667450905,,0.009661102667450905,
748,7489,,-0.009517669677734375,,0.009517669677734375
748,7489,-0.009670257568359375,,0.009670257568359375,
749,7499,,-0.009490966796875,,0.009490966796875
749,7499,-0.009679794311523438,,0.009679794311523438,
750,7509,,-0.0098114013671875,,0.0098114013671875
750,7509,-0.00968780554831028,,0.00968780554831028,
751,7519,,-0.009677886962890625,,0.009677886962890625
751,7519,-0.009694671258330345,,0.009694671258330345,
752,7529,,-0.009674072265625,,0.009674072265625
752,7529,-0.009702682495117188,,0.009702682495117188,
753,7539,,-0.0098114013671875,,0.0098114013671875
753,7539,-0.00971145648509264,,0.00971145648509264,
754,7549,,-0.009746551513671875,,0.009746551513671875
754,7549,-0.0097198486328125,,0.0097198486328125,
755,7559,,-0.009784698486328125,,0.009784698486328125
755,7559,-0.009728622622787952,,0.009728622622787952,
756,7569,,-0.009792327880859375,,0.009792327880859375
756,7569,-0.00973663292825222,,0.00973663292825222,
757,7579,,-0.0097503662109375,,0.0097503662109375
757,7579,-0.00974426232278347,,0.00974426232278347,
758,7589,,-0.009853363037109375,,0.009853363037109375
758,7589,-0.009753418155014515,,0.009753418155014515,
759,7599,,-0.009830474853515625,,0.009830474853515625
759,7599,-0.009761810302734375,,0.009761810302734375,
760,7609,,-0.009807586669921875,,0.009807586669921875
760,7609,-0.00977249164134264,,0.00977249164134264,
761,7619,,-0.009761810302734375,,0.009761810302734375
761,7619,-0.009780501946806908,,0.009780501946806908,
762,7629,,-0.00962066650390625,,0.00962066650390625
762,7629,-0.00978851318359375,,0.00978851318359375,
763,7639,,-0.00962066650390625,,0.00962066650390625
763,7639,-0.009797287173569202,,0.009797287173569202,
764,7649,,-0.00969696044921875,,0.00969696044921875
764,7649,-0.009805679321289062,,0.009805679321289062,
765,7659,,-0.00988006591796875,,0.00988006591796875
765,7659,-0.009815978817641735,,0.009815978817641735,
766,7669,,-0.009876251220703125,,0.009876251220703125
766,7669,-0.00982513464987278,,0.00982513464987278,
767,7679,,-0.009830474853515625,,0.009830474853515625
767,7679,-0.009833144955337048,,0.009833144955337048,
768,7689,,-0.009662628173828125,,0.009662628173828125
768,7689,-0.009844208136200905,,0.009844208136200905,
769,7699,,-0.0096588134765625,,0.0096588134765625
769,7699,-0.009851455688476562,,0.009851455688476562,
770,7709,,-0.0099334716796875,,0.0099334716796875
770,7709,-0.009860229678452015,,0.009860229678452015,
771,7719,,-0.010066986083984375,,0.010066986083984375
771,7719,-0.009870529174804688,,0.009870529174804688,
772,7729,,-0.0099945068359375,,0.0099945068359375
772,7729,-0.00987930316478014,,0.00987930316478014,
773,7739,,-0.009944915771484375,,0.009944915771484375
773,7739,-0.009889602661132812,,0.009889602661132812,
774,7749,,-0.009906768798828125,,0.009906768798828125
774,7749,-0.009897232055664062,,0.009897232055664062,
775,7759,,-0.009906768798828125,,0.009906768798828125
775,7759,-0.009907531552016735,,0.009907531552016735,
776,7769,,-0.009433746337890625,,0.009433746337890625
776,7769,-0.009756851010024548,,0.009756851010024548,
777,7779,,-0.00905609130859375,,0.00905609130859375
777,7779,-0.00930938683450222,,0.00930938683450222,
778,7789,,-0.009212493896484375,,0.009212493896484375
778,7789,-0.009134674444794655,,0.009134674444794655,
779,7799,,-0.008991241455078125,,0.008991241455078125
779,7799,-0.009074402041733265,,0.009074402041733265,
780,7809,,-0.009143829345703125,,0.009143829345703125
780,7809,-0.009055709466338158,,0.009055709466338158,
781,7819,,-0.009120941162109375,,0.009120941162109375
781,7819,-0.00904998742043972,,0.00904998742043972,
782,7829,,-0.00891876220703125,,0.00891876220703125
782,7829,-0.00904998742043972,,0.00904998742043972,
783,7839,,-0.00907135009765625,,0.00907135009765625
783,7839,-0.009052276611328125,,0.009052276611328125,
784,7849,,-0.009136199951171875,,0.009136199951171875
784,7849,-0.009052276611328125,,0.009052276611328125,
785,7859,,-0.009105682373046875,,0.009105682373046875
785,7859,-0.00905685406178236,,0.00905685406178236,
786,7869,,-0.008884429931640625,,0.008884429931640625
786,7869,-0.009058761410415173,,0.009058761410415173,
787,7879,,-0.009090423583984375,,0.009090423583984375
787,7879,-0.009061050601303577,,0.009061050601303577,
788,7889,,-0.00902557373046875,,0.00902557373046875
788,7889,-0.009062576107680798,,0.009062576107680798,
789,7899,,-0.008983612060546875,,0.008983612060546875
789,7899,-0.009064865298569202,,0.009064865298569202,
790,7909,,-0.0089874267578125,,0.0089874267578125
790,7909,-0.009069442749023438,,0.009069442749023438,
791,7919,,-0.009159088134765625,,0.009159088134765625
791,7919,-0.009071731939911842,,0.009071731939911842,
792,7929,,-0.009204864501953125,,0.009204864501953125
792,7929,-0.009073257446289062,,0.009073257446289062,
793,7939,,-0.00914764404296875,,0.00914764404296875
793,7939,-0.009075164794921875,,0.009075164794921875,
794,7949,,-0.00904083251953125,,0.00904083251953125
794,7949,-0.009078597649931908,,0.009078597649931908,
795,7959,,-0.009189605712890625,,0.009189605712890625
795,7959,-0.009082794189453125,,0.009082794189453125,
796,7969,,-0.0091094970703125,,0.0091094970703125
796,7969,-0.009083176031708717,,0.009083176031708717,
797,7979,,-0.0089874267578125,,0.0089874267578125
797,7979,-0.00908584613353014,,0.00908584613353014,
798,7989,,-0.00911712646484375,,0.00911712646484375
798,7989,-0.009090041741728783,,0.009090041741728783,
799,7999,,-0.00919342041015625,,0.00919342041015625
799,7999,-0.009091568179428577,,0.009091568179428577,
800,8009,,-0.009159088134765625,,0.009159088134765625
800,8009,-0.00909500103443861,,0.00909500103443861,
801,8019,,-0.00916290283203125,,0.00916290283203125
801,8019,-0.009096527472138405,,0.009096527472138405,
802,8029,,-0.009082794189453125,,0.009082794189453125
802,8029,-0.009099578484892845,,0.009099578484892845,
803,8039,,-0.008838653564453125,,0.008838653564453125
803,8039,-0.009103012271225452,,0.009103012271225452,
804,8049,,-0.0091705322265625,,0.0091705322265625
804,8049,-0.009104537777602673,,0.009104537777602673,
805,8059,,-0.009143829345703125,,0.009143829345703125
805,8059,-0.009109115228056908,,0.009109115228056908,
806,8069,,-0.009166717529296875,,0.009166717529296875
806,8069,-0.009111404418945312,,0.009111404418945312,
807,8079,,-0.009128570556640625,,0.009128570556640625
807,8079,-0.009112929925322533,,0.009112929925322533,
808,8089,,-0.0091094970703125,,0.0091094970703125
808,8089,-0.009115981869399548,,0.009115981869399548,
809,8099,,-0.00908660888671875,,0.00908660888671875
809,8099,-0.009119415655732155,,0.009119415655732155,
810,8109,,-0.0091400146484375,,0.0091400146484375
810,8109,-0.009121703915297985,,0.009121703915297985,
811,8119,,-0.00919342041015625,,0.00919342041015625
811,8119,-0.009123611263930798,,0.009123611263930798,
812,8129,,-0.0089263916015625,,0.0089263916015625
812,8129,-0.009125900454819202,,0.009125900454819202,
813,8139,,-0.00913238525390625,,0.00913238525390625
813,8139,-0.009128952398896217,,0.009128952398896217,
814,8149,,-0.0090484619140625,,0.0090484619140625
814,8149,-0.009131240658462048,,0.009131240658462048,
815,8159,,-0.0091552734375,,0.0091552734375
815,8159,-0.009135055355727673,,0.009135055355727673,
816,8169,,-0.00916290283203125,,0.00916290283203125
816,8169,-0.00913925189524889,,0.00913925189524889,
817,8179,,-0.0092315673828125,,0.0092315673828125
817,8179,-0.009142303839325905,,0.009142303839325905,
818,8189,,-0.009204864501953125,,0.009204864501953125
818,8189,-0.009144973941147327,,0.009144973941147327,
819,8199,,-0.009265899658203125,,0.009265899658203125
819,8199,-0.00914611853659153,,0.00914611853659153,
820,8209,,-0.009143829345703125,,0.009143829345703125
820,8209,-0.009151840582489967,,0.009151840582489967,
821,8219,,-0.00904083251953125,,0.00904083251953125
821,8219,-0.009154128842055798,,0.009154128842055798,
822,8229,,-0.009151458740234375,,0.009151458740234375
822,8229,-0.009157943539321423,,0.009157943539321423,
823,8239,,-0.009288787841796875,,0.009288787841796875
823,8239,-0.009159088134765625,,0.009159088134765625,
824,8249,,-0.009124755859375,,0.009124755859375
824,8249,-0.009160995483398438,,0.009160995483398438,
825,8259,,-0.00933837890625,,0.00933837890625
825,8259,-0.009165572933852673,,0.009165572933852673,
826,8269,,-0.00921630859375,,0.00921630859375
826,8269,-0.009168243035674095,,0.009168243035674095,
827,8279,,-0.00919342041015625,,0.00919342041015625
827,8279,-0.00917205773293972,,0.00917205773293972,
828,8289,,-0.00923919677734375,,0.00923919677734375
828,8289,-0.009174728766083717,,0.009174728766083717,
829,8299,,-0.00925445556640625,,0.00925445556640625
829,8299,-0.00917892437428236,,0.00917892437428236,
830,8309,,-0.0092620849609375,,0.0092620849609375
830,8309,-0.009180831722915173,,0.009180831722915173,
831,8319,,-0.009227752685546875,,0.009227752685546875
831,8319,-0.009184646420180798,,0.009184646420180798,
832,8329,,-0.00943756103515625,,0.00943756103515625
832,8329,-0.00918731652200222,,0.00918731652200222,
833,8339,,-0.00931549072265625,,0.00931549072265625
833,8339,-0.009191131219267845,,0.009191131219267845,
834,8349,,-0.009227752685546875,,0.009227752685546875
834,8349,-0.009194565005600452,,0.009194565005600452,
835,8359,,-0.00926971435546875,,0.00926971435546875
835,8359,-0.009196853265166283,,0.009196853265166283,
836,8369,,-0.00927734375,,0.00927734375
836,8369,-0.009201431646943092,,0.009201431646943092,
837,8379,,-0.009063720703125,,0.009063720703125
837,8379,-0.009204101748764515,,0.009204101748764515,
838,8389,,-0.0093536376953125,,0.0093536376953125
838,8389,-0.009205627255141735,,0.009205627255141735,
839,8399,,-0.009075164794921875,,0.009075164794921875
839,8399,-0.009209061041474342,,0.009209061041474342,
840,8409,,-0.009220123291015625,,0.009220123291015625
840,8409,-0.009211731143295765,,0.009211731143295765,
841,8419,,-0.009197235107421875,,0.009197235107421875
841,8419,-0.00921630859375,,0.00921630859375,
842,8429,,-0.009204864501953125,,0.009204864501953125
842,8429,-0.009219741448760033,,0.009219741448760033,
843,8439,,-0.009250640869140625,,0.009250640869140625
843,8439,-0.00922241248190403,,0.00922241248190403,
844,8449,,-0.0092010498046875,,0.0092010498046875
844,8449,-0.009225845336914062,,0.009225845336914062,
845,8459,,-0.00923919677734375,,0.00923919677734375
845,8459,-0.009229278191924095,,0.009229278191924095,
846,8469,,-0.009181976318359375,,0.009181976318359375
846,8469,-0.009233474731445312,,0.009233474731445312,
847,8479,,-0.0093536376953125,,0.0093536376953125
847,8479,-0.009236144833266735,,0.009236144833266735,
848,8489,,-0.009296417236328125,,0.009296417236328125
848,8489,-0.009239578619599342,,0.009239578619599342,
849,8499,,-0.00919342041015625,,0.00919342041015625
849,8499,-0.009244156070053577,,0.009244156070053577,
850,8509,,-0.009307861328125,,0.009307861328125
850,8509,-0.00924530066549778,,0.00924530066549778,
851,8519,,-0.0092926025390625,,0.0092926025390625
851,8519,-0.009250259026885033,,0.009250259026885033,
852,8529,,-0.0091705322265625,,0.0091705322265625
852,8529,-0.009254073724150658,,0.009254073724150658,
853,8539,,-0.0093994140625,,0.0093994140625
853,8539,-0.009257125668227673,,0.009257125668227673,
854,8549,,-0.009098052978515625,,0.009098052978515625
854,8549,-0.00926055945456028,,0.00926055945456028,
855,8559,,-0.00914764404296875,,0.00914764404296875
855,8559,-0.009266281500458717,,0.009266281500458717,
856,8569,,-0.0092620849609375,,0.0092620849609375
856,8569,-0.009269332513213158,,0.009269332513213158,
857,8579,,-0.00916290283203125,,0.00916290283203125
857,8579,-0.009273147210478783,,0.009273147210478783,
858,8589,,-0.00922393798828125,,0.00922393798828125
858,8589,-0.009276199154555798,,0.009276199154555798,
859,8599,,-0.009273529052734375,,0.009273529052734375
859,8599,-0.009279251098632812,,0.009279251098632812,
860,8609,,-0.00930023193359375,,0.00930023193359375
860,8609,-0.009282683953642845,,0.009282683953642845,
861,8619,,-0.009250640869140625,,0.009250640869140625
861,8619,-0.009284591302275658,,0.009284591302275658,
862,8629,,-0.009243011474609375,,0.009243011474609375
862,8629,-0.009290313348174095,,0.009290313348174095,
863,8639,,-0.009433746337890625,,0.009433746337890625
863,8639,-0.00929336529225111,,0.00929336529225111,
864,8649,,-0.0093841552734375,,0.0093841552734375
864,8649,-0.009297942742705345,,0.009297942742705345,
865,8659,,-0.009307861328125,,0.009307861328125
865,8659,-0.00930099468678236,,0.00930099468678236,
866,8669,,-0.009357452392578125,,0.009357452392578125
866,8669,-0.009304428473114967,,0.009304428473114967,
867,8679,,-0.009250640869140625,,0.009250640869140625
867,8679,-0.00930862408131361,,0.00930862408131361,
868,8689,,-0.00940704345703125,,0.00940704345703125
868,8689,-0.009312057867646217,,0.009312057867646217,
869,8699,,-0.009258270263671875,,0.009258270263671875
869,8699,-0.00931701622903347,,0.00931701622903347,
870,8709,,-0.009281158447265625,,0.009281158447265625
870,8709,-0.009320450015366077,,0.009320450015366077,
871,8719,,-0.00937652587890625,,0.00937652587890625
871,8719,-0.009324264712631702,,0.009324264712631702,
872,8729,,-0.009212493896484375,,0.009212493896484375
872,8729,-0.009327697567641735,,0.009327697567641735,
873,8739,,-0.00937652587890625,,0.00937652587890625
873,8739,-0.00933227501809597,,0.00933227501809597,
874,8749,,-0.009349822998046875,,0.009349822998046875
874,8749,-0.009335708804428577,,0.009335708804428577,
875,8759,,-0.009281158447265625,,0.009281158447265625
875,8759,-0.009341049008071423,,0.009341049008071423,
876,8769,,-0.00930023193359375,,0.00930023193359375
876,8769,-0.009344100952148438,,0.009344100952148438,
877,8779,,-0.00942230224609375,,0.00942230224609375
877,8779,-0.009348678402602673,,0.009348678402602673,
878,8789,,-0.009281158447265625,,0.009281158447265625
878,8789,-0.00935287494212389,,0.00935287494212389,
879,8799,,-0.009372711181640625,,0.009372711181640625
879,8799,-0.00935516320168972,,0.00935516320168972,
880,8809,,-0.00936126708984375,,0.00936126708984375
880,8809,-0.009358596988022327,,0.009358596988022327,
881,8819,,-0.009494781494140625,,0.009494781494140625
881,8819,-0.009363556280732155,,0.009363556280732155,
882,8829,,-0.009296417236328125,,0.009296417236328125
882,8829,-0.009366989135742188,,0.009366989135742188,
883,8839,,-0.0093231201171875,,0.0093231201171875
883,8839,-0.009373855777084827,,0.009373855777084827,
884,8849,,-0.009433746337890625,,0.009433746337890625
884,8849,-0.009376907721161842,,0.009376907721161842,
885,8859,,-0.00945281982421875,,0.00945281982421875
885,8859,-0.009381485171616077,,0.009381485171616077,
886,8869,,-0.009479522705078125,,0.009479522705078125
886,8869,-0.00938491802662611,,0.00938491802662611,
887,8879,,-0.009532928466796875,,0.009532928466796875
887,8879,-0.009389877319335938,,0.009389877319335938,
888,8889,,-0.009521484375,,0.009521484375
888,8889,-0.00939254742115736,,0.00939254742115736,
889,8899,,-0.009326934814453125,,0.009326934814453125
889,8899,-0.00939788855612278,,0.00939788855612278,
890,8909,,-0.009403228759765625,,0.009403228759765625
890,8909,-0.009401703253388405,,0.009401703253388405,
891,8919,,-0.00940704345703125,,0.00940704345703125
891,8919,-0.00940704345703125,,0.00940704345703125,
892,8929,,-0.009525299072265625,,0.009525299072265625
892,8929,-0.009410476312041283,,0.009410476312041283,
893,8939,,-0.009418487548828125,,0.009418487548828125
893,8939,-0.009415817447006702,,0.009415817447006702,
894,8949,,-0.00943756103515625,,0.00943756103515625
894,8949,-0.009419250302016735,,0.009419250302016735,
895,8959,,-0.009334564208984375,,0.009334564208984375
895,8959,-0.009424591436982155,,0.009424591436982155,
896,8969,,-0.009479522705078125,,0.009479522705078125
896,8969,-0.009427642449736595,,0.009427642449736595,
897,8979,,-0.00952911376953125,,0.00952911376953125
897,8979,-0.009432601742446423,,0.009432601742446423,
898,8989,,-0.00942230224609375,,0.00942230224609375
898,8989,-0.009437179192900658,,0.009437179192900658,
899,8999,,-0.009368896484375,,0.009368896484375
899,8999,-0.009440612979233265,,0.009440612979233265,
900,9009,,-0.009433746337890625,,0.009433746337890625
900,9009,-0.009444808587431908,,0.009444808587431908,
901,9019,,-0.0093536376953125,,0.0093536376953125
901,9019,-0.009448242373764515,,0.009448242373764515,
902,9029,,-0.009464263916015625,,0.009464263916015625
902,9029,-0.009455871768295765,,0.009455871768295765,
903,9039,,-0.009601593017578125,,0.009601593017578125
903,9039,-0.00946044921875,,0.00946044921875,
904,9049,,-0.009456634521484375,,0.009456634521484375
904,9049,-0.009463882073760033,,0.009463882073760033,
905,9059,,-0.009426116943359375,,0.009426116943359375
905,9059,-0.009469985961914062,,0.009469985961914062,
906,9069,,-0.009494781494140625,,0.009494781494140625
906,9069,-0.009473037905991077,,0.009473037905991077,
907,9079,,-0.009349822998046875,,0.009349822998046875
907,9079,-0.009479522705078125,,0.009479522705078125,
908,9089,,-0.0094757080078125,,0.0094757080078125
908,9089,-0.00948333740234375,,0.00948333740234375,
909,9099,,-0.009380340576171875,,0.009380340576171875
909,9099,-0.009486770257353783,,0.009486770257353783,
910,9109,,-0.009613037109375,,0.009613037109375
910,9109,-0.009493255987763405,,0.009493255987763405,
911,9119,,-0.009410858154296875,,0.009410858154296875
911,9119,-0.00949783343821764,,0.00949783343821764,
912,9129,,-0.009593963623046875,,0.009593963623046875
912,9129,-0.009502029046416283,,0.009502029046416283,
913,9139,,-0.00958251953125,,0.00958251953125
913,9139,-0.009508514776825905,,0.009508514776825905,
914,9149,,-0.00954437255859375,,0.00954437255859375
914,9149,-0.009512710385024548,,0.009512710385024548,
915,9159,,-0.009304046630859375,,0.009304046630859375
915,9159,-0.009517669677734375,,0.009517669677734375,
916,9169,,-0.009418487548828125,,0.009418487548828125
916,9169,-0.00952224712818861,,0.00952224712818861,
917,9179,,-0.009387969970703125,,0.009387969970703125
917,9179,-0.009524917230010033,,0.009524917230010033,
918,9189,,-0.009426116943359375,,0.009426116943359375
918,9189,-0.009532928466796875,,0.009532928466796875,
919,9199,,-0.00937652587890625,,0.00937652587890625
919,9199,-0.00953598041087389,,0.00953598041087389,
920,9209,,-0.009609222412109375,,0.009609222412109375
920,9209,-0.009541320614516735,,0.009541320614516735,
921,9219,,-0.0093841552734375,,0.0093841552734375
921,9219,-0.009547042660415173,,0.009547042660415173,
922,9229,,-0.009479522705078125,,0.009479522705078125
922,9229,-0.00955276470631361,,0.00955276470631361,
923,9239,,-0.009510040283203125,,0.009510040283203125
923,9239,-0.009556961245834827,,0.009556961245834827,
924,9249,,-0.0095367431640625,,0.0095367431640625
924,9249,-0.00956115685403347,,0.00956115685403347,
925,9259,,-0.009647369384765625,,0.009647369384765625
925,9259,-0.009568405337631702,,0.009568405337631702,
926,9269,,-0.009731292724609375,,0.009731292724609375
926,9269,-0.009572600945830345,,0.009572600945830345,
927,9279,,-0.009571075439453125,,0.009571075439453125
927,9279,-0.009577179327607155,,0.009577179327607155,
928,9289,,-0.00957489013671875,,0.00957489013671875
928,9289,-0.009583664126694202,,0.009583664126694202,
929,9299,,-0.0096588134765625,,0.0096588134765625
929,9299,-0.00958938617259264,,0.00958938617259264,
930,9309,,-0.009571075439453125,,0.009571075439453125
930,9309,-0.009593200869858265,,0.009593200869858265,
931,9319,,-0.009449005126953125,,0.009449005126953125
931,9319,-0.00959930382668972,,0.00959930382668972,
932,9329,,-0.009632110595703125,,0.009632110595703125
932,9329,-0.00960388220846653,,0.00960388220846653,
933,9339,,-0.00959014892578125,,0.00959014892578125
933,9339,-0.009610747918486595,,0.009610747918486595,
934,9349,,-0.009662628173828125,,0.009662628173828125
934,9349,-0.009616469964385033,,0.009616469964385033,
935,9359,,-0.00955963134765625,,0.00955963134765625
935,9359,-0.00962066650390625,,0.00962066650390625,
936,9369,,-0.009685516357421875,,0.009685516357421875
936,9369,-0.0096282958984375,,0.0096282958984375,
937,9379,,-0.0095672607421875,,0.0095672607421875
937,9379,-0.009630203247070312,,0.009630203247070312,
938,9389,,-0.009716033935546875,,0.009716033935546875
938,9389,-0.009635543450713158,,0.009635543450713158,
939,9399,,-0.009601593017578125,,0.009601593017578125
939,9399,-0.00964279193431139,,0.00964279193431139,
940,9409,,-0.0095977783203125,,0.0095977783203125
940,9409,-0.00964965857565403,,0.00964965857565403,
941,9419,,-0.00955963134765625,,0.00955963134765625
941,9419,-0.009653473272919655,,0.009653473272919655,
942,9429,,-0.00972747802734375,,0.00972747802734375
942,9429,-0.00966033898293972,,0.00966033898293972,
943,9439,,-0.009735107421875,,0.009735107421875
943,9439,-0.009665298275649548,,0.009665298275649548,
944,9449,,-0.0095367431640625,,0.0095367431640625
944,9449,-0.009671783074736595,,0.009671783074736595,
945,9459,,-0.009765625,,0.009765625
945,9459,-0.009678268805146217,,0.009678268805146217,
946,9469,,-0.0095367431640625,,0.0095367431640625
946,9469,-0.009683609008789062,,0.009683609008789062,
947,9479,,-0.009601593017578125,,0.009601593017578125
947,9479,-0.00968856830149889,,0.00968856830149889,
948,9489,,-0.00970458984375,,0.00970458984375
948,9489,-0.009695053100585938,,0.009695053100585938,
949,9499,,-0.009662628173828125,,0.009662628173828125
949,9499,-0.009700012393295765,,0.009700012393295765,
950,9509,,-0.009708404541015625,,0.009708404541015625
950,9509,-0.009707259945571423,,0.009707259945571423,
951,9519,,-0.009735107421875,,0.009735107421875
951,9519,-0.00971298199146986,,0.00971298199146986,
952,9529,,-0.009784698486328125,,0.009784698486328125
952,9529,-0.00971908587962389,,0.00971908587962389,
953,9539,,-0.009662628173828125,,0.009662628173828125
953,9539,-0.009724426083266735,,0.009724426083266735,
954,9549,,-0.0096282958984375,,0.0096282958984375
954,9549,-0.009730910882353783,,0.009730910882353783,
955,9559,,-0.00984954833984375,,0.00984954833984375
955,9559,-0.00973663292825222,,0.00973663292825222,
956,9569,,-0.009654998779296875,,0.009654998779296875
956,9569,-0.009743118658661842,,0.009743118658661842,
957,9579,,-0.009708404541015625,,0.009708404541015625
957,9579,-0.00974960345774889,,0.00974960345774889,
958,9589,,-0.009769439697265625,,0.009769439697265625
958,9589,-0.009755706414580345,,0.009755706414580345,
959,9599,,-0.009815216064453125,,0.009815216064453125
959,9599,-0.009762192144989967,,0.009762192144989967,
960,9609,,-0.009899139404296875,,0.009899139404296875
960,9609,-0.009768295101821423,,0.009768295101821423,
961,9619,,-0.009822845458984375,,0.009822845458984375
961,9619,-0.00977401714771986,,0.00977401714771986,
962,9629,,-0.0096435546875,,0.0096435546875
962,9629,-0.0097808837890625,,0.0097808837890625,
963,9639,,-0.009777069091796875,,0.009777069091796875
963,9639,-0.009788895025849342,,0.009788895025849342,
964,9649,,-0.009838104248046875,,0.009838104248046875
964,9649,-0.009793853387236595,,0.009793853387236595,
965,9659,,-0.009838104248046875,,0.009838104248046875
965,9659,-0.009801482781767845,,0.009801482781767845,
966,9669,,-0.009914398193359375,,0.009914398193359375
966,9669,-0.009806442074477673,,0.009806442074477673,
967,9679,,-0.00988006591796875,,0.00988006591796875
967,9679,-0.009813690558075905,,0.009813690558075905,
968,9689,,-0.009967803955078125,,0.009967803955078125
968,9689,-0.00982055626809597,,0.00982055626809597,
969,9699,,-0.009815216064453125,,0.009815216064453125
969,9699,-0.00982589740306139,,0.00982589740306139,
970,9709,,-0.009876251220703125,,0.009876251220703125
970,9709,-0.009833144955337048,,0.009833144955337048,
971,9719,,-0.009799957275390625,,0.009799957275390625
971,9719,-0.009840011596679688,,0.009840011596679688,
972,9729,,-0.009822845458984375,,0.009822845458984375
972,9729,-0.009846496395766735,,0.009846496395766735,
973,9739,,-0.0097503662109375,,0.0097503662109375
973,9739,-0.009854888543486595,,0.009854888543486595,
974,9749,,-0.009914398193359375,,0.009914398193359375
974,9749,-0.009861374273896217,,0.009861374273896217,
975,9759,,-0.009746551513671875,,0.009746551513671875
975,9759,-0.009865951724350452,,0.009865951724350452,
976,9769,,-0.009548187255859375,,0.009548187255859375
976,9769,-0.009874343872070312,,0.009874343872070312,
977,9779,,-0.009735107421875,,0.009735107421875
977,9779,-0.009880447760224342,,0.009880447760224342,
978,9789,,-0.009822845458984375,,0.009822845458984375
978,9789,-0.00988845806568861,,0.00988845806568861,
979,9799,,-0.009918212890625,,0.009918212890625
979,9799,-0.00989456195384264,,0.00989456195384264,
980,9809,,-0.00984954833984375,,0.00984954833984375
980,9809,-0.00990142859518528,,0.00990142859518528,
981,9819,,-0.010082244873046875,,0.010082244873046875
981,9819,-0.00990905798971653,,0.00990905798971653,
982,9829,,-0.009944915771484375,,0.009944915771484375
982,9829,-0.009915542788803577,,0.009915542788803577,
983,9839,,-0.009906768798828125,,0.009906768798828125
983,9839,-0.00992431677877903,,0.00992431677877903,
984,9849,,-0.010089874267578125,,0.010089874267578125
984,9849,-0.009929275140166283,,0.009929275140166283,
985,9859,,-0.009799957275390625,,0.009799957275390625
985,9859,-0.009937286376953125,,0.009937286376953125,
986,9869,,-0.0100555419921875,,0.0100555419921875
986,9869,-0.009945297613739967,,0.009945297613739967,
987,9879,,-0.009937286376953125,,0.009937286376953125
987,9879,-0.009951019659638405,,0.009951019659638405,
988,9889,,-0.010028839111328125,,0.010028839111328125
988,9889,-0.009958267211914062,,0.009958267211914062,
989,9899,,-0.010128021240234375,,0.010128021240234375
989,9899,-0.009967041201889515,,0.009967041201889515,
990,9909,,-0.01012420654296875,,0.01012420654296875
990,9909,-0.009974288754165173,,0.009974288754165173,
991,9919,,-0.009845733642578125,,0.009845733642578125
991,9919,-0.009981155395507812,,0.009981155395507812,
992,9929,,-0.00986480712890625,,0.00986480712890625
992,9929,-0.009990310296416283,,0.009990310296416283,
993,9939,,-0.009914398193359375,,0.009914398193359375
993,9939,-0.009997176937758923,,0.009997176937758923,
994,9949,,-0.010181427001953125,,0.010181427001953125
994,9949,-0.010005188174545765,,0.010005188174545765,
995,9959,,-0.010166168212890625,,0.010166168212890625
995,9959,-0.010013198480010033,,0.010013198480010033,
996,9969,,-0.010028839111328125,,0.010028839111328125
996,9969,-0.010019302368164062,,0.010019302368164062,
997,9979,,-0.009960174560546875,,0.009960174560546875
997,9979,-0.010027694515883923,,0.010027694515883923,
998,9989,,-0.010112762451171875,,0.010112762451171875
998,9989,-0.010035323910415173,,0.010035323910415173,
999,9999,,-0.01009368896484375,,0.01009368896484375
999,9999,-0.010044097900390625,,0.010044097900390625,
1000,10009,,-0.010040283203125,,0.010040283203125
1000,10009,-0.010051345452666283,,0.010051345452666283,
1001,10019,,-0.01009368896484375,,0.01009368896484375
1001,10019,-0.010058212094008923,,0.010058212094008923,
1002,10029,,-0.010162353515625,,0.010162353515625
1002,10029,-0.010067748837172985,,0.010067748837172985,
1003,10039,,-0.010257720947265625,,0.010257720947265625
1003,10039,-0.010074997320771217,,0.010074997320771217,
1004,10049,,-0.009906768798828125,,0.009906768798828125
1004,10049,-0.010083389468491077,,0.010083389468491077,
1005,10059,,-0.0101776123046875,,0.0101776123046875
1005,10059,-0.010091018863022327,,0.010091018863022327,
1006,10069,,-0.009914398193359375,,0.009914398193359375
1006,10069,-0.010098266415297985,,0.010098266415297985,
1007,10079,,-0.01020050048828125,,0.01020050048828125
1007,10079,-0.010107803158462048,,0.010107803158462048,
1008,10089,,-0.01024627685546875,,0.01024627685546875
1008,10089,-0.0101165771484375,,0.0101165771484375,
1009,10099,,-0.010120391845703125,,0.010120391845703125
1009,10099,-0.01012268103659153,,0.01012268103659153,
1010,10109,,-0.010196685791015625,,0.010196685791015625
1010,10109,-0.010131454095244408,,0.010131454095244408,
1011,10119,,-0.010066986083984375,,0.010066986083984375
1011,10119,-0.010140609927475452,,0.010140609927475452,
1012,10129,,-0.010181427001953125,,0.010181427001953125
1012,10129,-0.010149383917450905,,0.010149383917450905,
1013,10139,,-0.01003265380859375,,0.01003265380859375
1013,10139,-0.01015624962747097,,0.01015624962747097,
1014,10149,,-0.00997161865234375,,0.00997161865234375
1014,10149,-0.010166550055146217,,0.010166550055146217,
1015,10159,,-0.010128021240234375,,0.010128021240234375
1015,10159,-0.010174179449677467,,0.010174179449677467,
1016,10169,,-0.010120391845703125,,0.010120391845703125
1016,10169,-0.010184097103774548,,0.010184097103774548,
1017,10179,,-0.010143280029296875,,0.010143280029296875
1017,10179,-0.010190200991928577,,0.010190200991928577,
1018,10189,,-0.010219573974609375,,0.010219573974609375
1018,10189,-0.01020126324146986,,0.01020126324146986,
1019,10199,,-0.010345458984375,,0.010345458984375
1019,10199,-0.01020965538918972,,0.01020965538918972,
1020,10209,,-0.010402679443359375,,0.010402679443359375
1020,10209,-0.010218429379165173,,0.010218429379165173,
1021,10219,,-0.01029205322265625,,0.01029205322265625
1021,10219,-0.010226821526885033,,0.010226821526885033,
1022,10229,,-0.010295867919921875,,0.010295867919921875
1022,10229,-0.010236358270049095,,0.010236358270049095,
1023,10239,,-0.01015472412109375,,0.01015472412109375
1023,10239,-0.010243605822324753,,0.010243605822324753,
1024,10249,,-0.01033782958984375,,0.01033782958984375
1024,10249,-0.010254287160933018,,0.010254287160933018,
1025,10259,,-0.010456085205078125,,0.010456085205078125
1025,10259,-0.01026229839771986,,0.01026229839771986,
1026,10269,,-0.01026153564453125,,0.01026153564453125
1026,10269,-0.010273361578583717,,0.010273361578583717,
1027,10279,,-0.01020050048828125,,0.01020050048828125
1027,10279,-0.010282134637236595,,0.010282134637236595,
1028,10289,,-0.010379791259765625,,0.010379791259765625
1028,10289,-0.010289764031767845,,0.010289764031767845,
1029,10299,,-0.01021575927734375,,0.01021575927734375
1029,10299,-0.010300827212631702,,0.010300827212631702,
1030,10309,,-0.01031494140625,,0.01031494140625
1030,10309,-0.010310363955795765,,0.010310363955795765,
1031,10319,,-0.010166168212890625,,0.010166168212890625
1031,10319,-0.010318756103515625,,0.010318756103515625,
1032,10329,,-0.010257720947265625,,0.010257720947265625
1032,10329,-0.010328293778002262,,0.010328293778002262,
1033,10339,,-0.010341644287109375,,0.010341644287109375
1033,10339,-0.010337448678910732,,0.010337448678910732,
1034,10349,,-0.010440826416015625,,0.010440826416015625
1034,10349,-0.010348130017518997,,0.010348130017518997,
1035,10359,,-0.010524749755859375,,0.010524749755859375
1035,10359,-0.010358428582549095,,0.010358428582549095,
1036,10369,,-0.010311126708984375,,0.010311126708984375
1036,10369,-0.01036682166159153,,0.01036682166159153,
1037,10379,,-0.0103607177734375,,0.0103607177734375
1037,10379,-0.01037750206887722,,0.01037750206887722,
1038,10389,,-0.010089874267578125,,0.010089874267578125
1038,10389,-0.010264968499541283,,0.010264968499541283,
1039,10399,,-0.009609222412109375,,0.009609222412109375
1039,10399,-0.00979537982493639,,0.00979537982493639,
1040,10409,,-0.009609222412109375,,0.009609222412109375
1040,10409,-0.009595870971679688,,0.009595870971679688,
1041,10419,,-0.0094451904296875,,0.0094451904296875
1041,10419,-0.00952835101634264,,0.00952835101634264,
1042,10429,,-0.0094451904296875,,0.0094451904296875
1042,10429,-0.0095062255859375,,0.0095062255859375,
1043,10439,,-0.00958251953125,,0.00958251953125
1043,10439,-0.009499740786850452,,0.009499740786850452,
1044,10449,,-0.009670257568359375,,0.009670257568359375
1044,10449,-0.009499740786850452,,0.009499740786850452,
1045,10459,,-0.00940704345703125,,0.00940704345703125
1045,10459,-0.00950012169778347,,0.00950012169778347,
1046,10469,,-0.00942230224609375,,0.00942230224609375
1046,10469,-0.009502410888671875,,0.009502410888671875,
1047,10479,,-0.00960540771484375,,0.00960540771484375
1047,10479,-0.009504318237304688,,0.009504318237304688,
1048,10489,,-0.009552001953125,,0.009552001953125
1048,10489,-0.00950698833912611,,0.00950698833912611,
1049,10499,,-0.009494781494140625,,0.009494781494140625
1049,10499,-0.009510422125458717,,0.009510422125458717,
1050,10509,,-0.009479522705078125,,0.009479522705078125
1050,10509,-0.009514236822724342,,0.009514236822724342,
1051,10519,,-0.00951385498046875,,0.00951385498046875
1051,10519,-0.00951538048684597,,0.00951538048684597,
1052,10529,,-0.009563446044921875,,0.009563446044921875
1052,10529,-0.00951995886862278,,0.00951995886862278,
1053,10539,,-0.0096282958984375,,0.0096282958984375
1053,10539,-0.00951995886862278,,0.00951995886862278,
1054,10549,,-0.009555816650390625,,0.009555816650390625
1054,10549,-0.009523773565888405,,0.009523773565888405,
1055,10559,,-0.00958251953125,,0.00958251953125
1055,10559,-0.009526061825454235,,0.009526061825454235,
1056,10569,,-0.0094757080078125,,0.0094757080078125
1056,10569,-0.00952987652271986,,0.00952987652271986,
1057,10579,,-0.0096588134765625,,0.0096588134765625
1057,10579,-0.009531402960419655,,0.009531402960419655,
1058,10589,,-0.00955963134765625,,0.00955963134765625
1058,10589,-0.00953598041087389,,0.00953598041087389,
1059,10599,,-0.009532928466796875,,0.009532928466796875
1059,10599,-0.009537887759506702,,0.009537887759506702,
1060,10609,,-0.00954437255859375,,0.00954437255859375
1060,10609,-0.009539413265883923,,0.009539413265883923,
1061,10619,,-0.00963592529296875,,0.00963592529296875
1061,10619,-0.009543227963149548,,0.009543227963149548,
1062,10629,,-0.0095672607421875,,0.0095672607421875
1062,10629,-0.009545517154037952,,0.009545517154037952,
1063,10639,,-0.00940704345703125,,0.00940704345703125
1063,10639,-0.009548950009047985,,0.009548950009047985,
1064,10649,,-0.009532928466796875,,0.009532928466796875
1064,10649,-0.009550857357680798,,0.009550857357680798,
1065,10659,,-0.00943756103515625,,0.00943756103515625
1065,10659,-0.009553909301757812,,0.009553909301757812,
1066,10669,,-0.0096588134765625,,0.0096588134765625
1066,10669,-0.009556961245834827,,0.009556961245834827,
1067,10679,,-0.009552001953125,,0.009552001953125
1067,10679,-0.00956039410084486,,0.00956039410084486,
1068,10689,,-0.009670257568359375,,0.009670257568359375
1068,10689,-0.009563064202666283,,0.009563064202666283,
1069,10699,,-0.009532928466796875,,0.009532928466796875
1069,10699,-0.009564971551299095,,0.009564971551299095,
1070,10709,,-0.00969696044921875,,0.00969696044921875
1070,10709,-0.00956802349537611,,0.00956802349537611,
1071,10719,,-0.0095062255859375,,0.0095062255859375
1071,10719,-0.009572220034897327,,0.009572220034897327,
1072,10729,,-0.009540557861328125,,0.009540557861328125
1072,10729,-0.009573745541274548,,0.009573745541274548,
1073,10739,,-0.00960540771484375,,0.00960540771484375
1073,10739,-0.009576797485351562,,0.009576797485351562,
1074,10749,,-0.009552001953125,,0.009552001953125
1074,10749,-0.009580230340361595,,0.009580230340361595,
1075,10759,,-0.009716033935546875,,0.009716033935546875
1075,10759,-0.009582137688994408,,0.009582137688994408,
1076,10769,,-0.009521484375,,0.009521484375
1076,10769,-0.009585952386260033,,0.009585952386260033,
1077,10779,,-0.00960540771484375,,0.00960540771484375
1077,10779,-0.009587859734892845,,0.009587859734892845,
1078,10789,,-0.009586334228515625,,0.009586334228515625
1078,10789,-0.009591293521225452,,0.009591293521225452,
1079,10799,,-0.009426116943359375,,0.009426116943359375
1079,10799,-0.009594345465302467,,0.009594345465302467,
1080,10809,,-0.009578704833984375,,0.009578704833984375
1080,10809,-0.009598160162568092,,0.009598160162568092,
1081,10819,,-0.0096435546875,,0.0096435546875
1081,10819,-0.009600830264389515,,0.009600830264389515,
1082,10829,,-0.009639739990234375,,0.009639739990234375
1082,10829,-0.00960540771484375,,0.00960540771484375,
1083,10839,,-0.009765625,,0.009765625
1083,10839,-0.009608077816665173,,0.009608077816665173,
1084,10849,,-0.009601593017578125,,0.009601593017578125
1084,10849,-0.009609604254364967,,0.009609604254364967,
1085,10859,,-0.009555816650390625,,0.009555816650390625
1085,10859,-0.009614181704819202,,0.009614181704819202,
1086,10869,,-0.00962066650390625,,0.00962066650390625
1086,10869,-0.009616089053452015,,0.009616089053452015,
1087,10879,,-0.00955963134765625,,0.00955963134765625
1087,10879,-0.009619521908462048,,0.009619521908462048,
1088,10889,,-0.00971221923828125,,0.00971221923828125
1088,10889,-0.009621811099350452,,0.009621811099350452,
1089,10899,,-0.009792327880859375,,0.009792327880859375
1089,10899,-0.009625243954360485,,0.009625243954360485,
1090,10909,,-0.009517669677734375,,0.009517669677734375
1090,10909,-0.009627151302993298,,0.009627151302993298,
1091,10919,,-0.009552001953125,,0.009552001953125
1091,10919,-0.009632110595703125,,0.009632110595703125,
1092,10929,,-0.009674072265625,,0.009674072265625
1092,10929,-0.009633255191147327,,0.009633255191147327,
1093,10939,,-0.00952911376953125,,0.00952911376953125
1093,10939,-0.00963745079934597,,0.00963745079934597,
1094,10949,,-0.009754180908203125,,0.009754180908203125
1094,10949,-0.009640884585678577,,0.009640884585678577,
1095,10959,,-0.00962066650390625,,0.00962066650390625
1095,10959,-0.009645462036132812,,0.009645462036132812,
1096,10969,,-0.00959014892578125,,0.00959014892578125
1096,10969,-0.009647369384765625,,0.009647369384765625,
1097,10979,,-0.00963592529296875,,0.00963592529296875
1097,10979,-0.00965270958840847,,0.00965270958840847,
1098,10989,,-0.009796142578125,,0.009796142578125
1098,10989,-0.009655380621552467,,0.009655380621552467,
1099,10999,,-0.0098114013671875,,0.0098114013671875
1099,10999,-0.009656143374741077,,0.009656143374741077,
1100,11009,,-0.0095977783203125,,0.0095977783203125
1100,11009,-0.009661483578383923,,0.009661483578383923,
1101,11019,,-0.0096893310546875,,0.0096893310546875
1101,11019,-0.009663772769272327,,0.009663772769272327,
1102,11029,,-0.00957489013671875,,0.00957489013671875
1102,11029,-0.009668732061982155,,0.009668732061982155,
1103,11039,,-0.009765625,,0.009765625
1103,11039,-0.009671020321547985,,0.009671020321547985,
1104,11049,,-0.00965118408203125,,0.00965118408203125
1104,11049,-0.009674072265625,,0.009674072265625,
1105,11059,,-0.009586334228515625,,0.009586334228515625
1105,11059,-0.009678268805146217,,0.009678268805146217,
1106,11069,,-0.009716033935546875,,0.009716033935546875
1106,11069,-0.009681319817900658,,0.009681319817900658,
1107,11079,,-0.00965118408203125,,0.00965118408203125
1107,11079,-0.009685516357421875,,0.009685516357421875,
1108,11089,,-0.009609222412109375,,0.009609222412109375
1108,11089,-0.009688949212431908,,0.009688949212431908,
1109,11099,,-0.00955963134765625,,0.00955963134765625
1109,11099,-0.009692382998764515,,0.009692382998764515,
1110,11109,,-0.009613037109375,,0.009613037109375
1110,11109,-0.009696578606963158,,0.009696578606963158,
1111,11119,,-0.00981903076171875,,0.00981903076171875
1111,11119,-0.009699249640107155,,0.009699249640107155,
1112,11129,,-0.00966644287109375,,0.00966644287109375
1112,11129,-0.00970306433737278,,0.00970306433737278,
1113,11139,,-0.009624481201171875,,0.009624481201171875
1113,11139,-0.009704208001494408,,0.009704208001494408,
1114,11149,,-0.00959014892578125,,0.00959014892578125
1114,11149,-0.009711074642837048,,0.009711074642837048,
1115,11159,,-0.0097503662109375,,0.0097503662109375
1115,11159,-0.009713363833725452,,0.009713363833725452,
1116,11169,,-0.009571075439453125,,0.009571075439453125
1116,11169,-0.009717178530991077,,0.009717178530991077,
1117,11179,,-0.00977325439453125,,0.00977325439453125
1117,11179,-0.00972061138600111,,0.00972061138600111,
1118,11189,,-0.009822845458984375,,0.009822845458984375
1118,11189,-0.009725570678710938,,0.009725570678710938,
1119,11199,,-0.009765625,,0.009765625
1119,11199,-0.00972900353372097,,0.00972900353372097,
1120,11209,,-0.00991058349609375,,0.00991058349609375
1120,11209,-0.009732818230986595,,0.009732818230986595,
1121,11219,,-0.00958251953125,,0.00958251953125
1121,11219,-0.00973587017506361,,0.00973587017506361,
1122,11229,,-0.009952545166015625,,0.009952545166015625
1122,11229,-0.009740066714584827,,0.009740066714584827,
1123,11239,,-0.009853363037109375,,0.009853363037109375
1123,11239,-0.009743118658661842,,0.009743118658661842,
1124,11249,,-0.009754180908203125,,0.009754180908203125
1124,11249,-0.009747314266860485,,0.009747314266860485,
1125,11259,,-0.00978851318359375,,0.00978851318359375
1125,11259,-0.00975189171731472,,0.00975189171731472,
1126,11269,,-0.0097503662109375,,0.0097503662109375
1126,11269,-0.009754562750458717,,0.009754562750458717,
1127,11279,,-0.009876251220703125,,0.009876251220703125
1127,11279,-0.009760284796357155,,0.009760284796357155,
1128,11289,,-0.009929656982421875,,0.009929656982421875
1128,11289,-0.009762954898178577,,0.009762954898178577,
1129,11299,,-0.009674072265625,,0.009674072265625
1129,11299,-0.009766769595444202,,0.009766769595444202,
1130,11309,,-0.009677886962890625,,0.009677886962890625
1130,11309,-0.009772109799087048,,0.009772109799087048,
1131,11319,,-0.009815216064453125,,0.009815216064453125
1131,11319,-0.009775924496352673,,0.009775924496352673,
1132,11329,,-0.009693145751953125,,0.009693145751953125
1132,11329,-0.009778976440429688,,0.009778976440429688,
1133,11339,,-0.009639739990234375,,0.009639739990234375
1133,11339,-0.009782028384506702,,0.009782028384506702,
1134,11349,,-0.009769439697265625,,0.009769439697265625
1134,11349,-0.00978698767721653,,0.00978698767721653,
1135,11359,,-0.009860992431640625,,0.009860992431640625
1135,11359,-0.009790802374482155,,0.009790802374482155,
1136,11369,,-0.009754180908203125,,0.009754180908203125
1136,11369,-0.009793853387236595,,0.009793853387236595,
1137,11379,,-0.00968170166015625,,0.00968170166015625
1137,11379,-0.009798431769013405,,0.009798431769013405,
1138,11389,,-0.009685516357421875,,0.009685516357421875
1138,11389,-0.009803390130400658,,0.009803390130400658,
1139,11399,,-0.00972747802734375,,0.00972747802734375
1139,11399,-0.009807968512177467,,0.009807968512177467,
1140,11409,,-0.009845733642578125,,0.009845733642578125
1140,11409,-0.00981216412037611,,0.00981216412037611,
1141,11419,,-0.009876251220703125,,0.009876251220703125
1141,11419,-0.009813690558075905,,0.009813690558075905,
1142,11429,,-0.009738922119140625,,0.009738922119140625
1142,11429,-0.00981979351490736,,0.00981979351490736,
1143,11439,,-0.00994110107421875,,0.00994110107421875
1143,11439,-0.009822463616728783,,0.009822463616728783,
1144,11449,,-0.009929656982421875,,0.009929656982421875
1144,11449,-0.00982818566262722,,0.00982818566262722,
1145,11459,,-0.0099029541015625,,0.0099029541015625
1145,11459,-0.009831237606704235,,0.009831237606704235,
1146,11469,,-0.009792327880859375,,0.009792327880859375
1146,11469,-0.009836578741669655,,0.009836578741669655,
1147,11479,,-0.009716033935546875,,0.009716033935546875
1147,11479,-0.009840011596679688,,0.009840011596679688,
1148,11489,,-0.009922027587890625,,0.009922027587890625
1148,11489,-0.009844970889389515,,0.009844970889389515,
1149,11499,,-0.009853363037109375,,0.009853363037109375
1149,11499,-0.00984878558665514,,0.00984878558665514,
1150,11509,,-0.009922027587890625,,0.009922027587890625
1150,11509,-0.009853363037109375,,0.009853363037109375,
1151,11519,,-0.00989532470703125,,0.00989532470703125
1151,11519,-0.00985794048756361,,0.00985794048756361,
1152,11529,,-0.00968170166015625,,0.00968170166015625
1152,11529,-0.009861755184829235,,0.009861755184829235,
1153,11539,,-0.009998321533203125,,0.009998321533203125
1153,11539,-0.009867859072983265,,0.009867859072983265,
1154,11549,,-0.009937286376953125,,0.009937286376953125
1154,11549,-0.009871291927993298,,0.009871291927993298,
1155,11559,,-0.0097503662109375,,0.0097503662109375
1155,11559,-0.009875488467514515,,0.009875488467514515,
1156,11569,,-0.009983062744140625,,0.009983062744140625
1156,11569,-0.009880447760224342,,0.009880447760224342,
1157,11579,,-0.009960174560546875,,0.009960174560546875
1157,11579,-0.009885787963867188,,0.009885787963867188,
1158,11589,,-0.009860992431640625,,0.009860992431640625
1158,11589,-0.009890365414321423,,0.009890365414321423,
1159,11599,,-0.010028839111328125,,0.010028839111328125
1159,11599,-0.00989532470703125,,0.00989532470703125,
1160,11609,,-0.009746551513671875,,0.009746551513671875
1160,11609,-0.009898757562041283,,0.009898757562041283,
1161,11619,,-0.009906768798828125,,0.009906768798828125
1161,11619,-0.009903335943818092,,0.009903335943818092,
1162,11629,,-0.009929656982421875,,0.009929656982421875
1162,11629,-0.009907913394272327,,0.009907913394272327,
1163,11639,,-0.009929656982421875,,0.009929656982421875
1163,11639,-0.009912872686982155,,0.009912872686982155,
1164,11649,,-0.0099945068359375,,0.0099945068359375
1164,11649,-0.009918212890625,,0.009918212890625,
1165,11659,,-0.00988006591796875,,0.00988006591796875
1165,11659,-0.009923934936523438,,0.009923934936523438,
1166,11669,,-0.009967803955078125,,0.009967803955078125
1166,11669,-0.00992660503834486,,0.00992660503834486,
1167,11679,,-0.009899139404296875,,0.009899139404296875
1167,11679,-0.009932327084243298,,0.009932327084243298,
1168,11689,,-0.009937286376953125,,0.009937286376953125
1168,11689,-0.009936523623764515,,0.009936523623764515,
1169,11699,,-0.009990692138671875,,0.009990692138671875
1169,11699,-0.00994110107421875,,0.00994110107421875,
1170,11709,,-0.009922027587890625,,0.009922027587890625
1170,11709,-0.00994873046875,,0.00994873046875,
1171,11719,,-0.00984954833984375,,0.00984954833984375
1171,11719,-0.009951400570571423,,0.009951400570571423,
1172,11729,,-0.0098724365234375,,0.0098724365234375
1172,11729,-0.00995635986328125,,0.00995635986328125,
1173,11739,,-0.009899139404296875,,0.009899139404296875
1173,11739,-0.009961319155991077,,0.009961319155991077,
1174,11749,,-0.01004791259765625,,0.01004791259765625
1174,11749,-0.009965133853256702,,0.009965133853256702,
1175,11759,,-0.00994110107421875,,0.00994110107421875
1175,11759,-0.00997314415872097,,0.00997314415872097,
1176,11769,,-0.010013580322265625,,0.010013580322265625
1176,11769,-0.009976196102797985,,0.009976196102797985,
1177,11779,,-0.01007080078125,,0.01007080078125
1177,11779,-0.009981918148696423,,0.009981918148696423,
1178,11789,,-0.00998687744140625,,0.00998687744140625
1178,11789,-0.009985732845962048,,0.009985732845962048,
1179,11799,,-0.010166168212890625,,0.010166168212890625
1179,11799,-0.00999298132956028,,0.00999298132956028,
1180,11809,,-0.010021209716796875,,0.010021209716796875
1180,11809,-0.009996796026825905,,0.009996796026825905,
1181,11819,,-0.00988006591796875,,0.00988006591796875
1181,11819,-0.01000213623046875,,0.01000213623046875,
1182,11829,,-0.010143280029296875,,0.010143280029296875
1182,11829,-0.010007476434111595,,0.010007476434111595,
1183,11839,,-0.010040283203125,,0.010040283203125
1183,11839,-0.010013198480010033,,0.010013198480010033,
1184,11849,,-0.010135650634765625,,0.010135650634765625
1184,11849,-0.01001892052590847,,0.01001892052590847,
1185,11859,,-0.009899139404296875,,0.009899139404296875
1185,11859,-0.010023879818618298,,0.010023879818618298,
1186,11869,,-0.009937286376953125,,0.009937286376953125
1186,11869,-0.010028839111328125,,0.010028839111328125,
1187,11879,,-0.009891510009765625,,0.009891510009765625
1187,11879,-0.01003417931497097,,0.01003417931497097,
1188,11889,,-0.009883880615234375,,0.009883880615234375
1188,11889,-0.01003952044993639,,0.01003952044993639,
1189,11899,,-0.00986480712890625,,0.00986480712890625
1189,11899,-0.010044479742646217,,0.010044479742646217,
1190,11909,,-0.010219573974609375,,0.010219573974609375
1190,11909,-0.010050964541733265,,0.010050964541733265,
1191,11919,,-0.010150909423828125,,0.010150909423828125
1191,11919,-0.010055160149931908,,0.010055160149931908,
1192,11929,,-0.009990692138671875,,0.009990692138671875
1192,11929,-0.01006164588034153,,0.01006164588034153,
1193,11939,,-0.0101776123046875,,0.0101776123046875
1193,11939,-0.010065841488540173,,0.010065841488540173,
1194,11949,,-0.010250091552734375,,0.010250091552734375
1194,11949,-0.010071945376694202,,0.010071945376694202,
1195,11959,,-0.010040283203125,,0.010040283203125
1195,11959,-0.01007766742259264,,0.01007766742259264,
1196,11969,,-0.010112762451171875,,0.010112762451171875
1196,11969,-0.01008453406393528,,0.01008453406393528,
1197,11979,,-0.010166168212890625,,0.010166168212890625
1197,11979,-0.010089111514389515,,0.010089111514389515,
1198,11989,,-0.010097503662109375,,0.010097503662109375
1198,11989,-0.01009445171803236,,0.01009445171803236,
1199,11999,,-0.010135650634765625,,0.010135650634765625
1199,11999,-0.01010055560618639,,0.01010055560618639,
1200,12009,,-0.0100555419921875,,0.0100555419921875
1200,12009,-0.010106658563017845,,0.010106658563017845,
1201,12019,,-0.0101318359375,,0.0101318359375
1201,12019,-0.010112380608916283,,0.010112380608916283,
1202,12029,,-0.010166168212890625,,0.010166168212890625
1202,12029,-0.010118484497070312,,0.010118484497070312,
1203,12039,,-0.0101318359375,,0.0101318359375
1203,12039,-0.010123061947524548,,0.010123061947524548,
1204,12049,,-0.010143280029296875,,0.010143280029296875
1204,12049,-0.010128783993422985,,0.010128783993422985,
1205,12059,,-0.009967803955078125,,0.009967803955078125
1205,12059,-0.010135268792510033,,0.010135268792510033,
1206,12069,,-0.010120391845703125,,0.010120391845703125
1206,12069,-0.010141372680664062,,0.010141372680664062,
1207,12079,,-0.0101776123046875,,0.0101776123046875
1207,12079,-0.010146712884306908,,0.010146712884306908,
1208,12089,,-0.010272979736328125,,0.010272979736328125
1208,12089,-0.010152816772460938,,0.010152816772460938,
1209,12099,,-0.01027679443359375,,0.01027679443359375
1209,12099,-0.010158920660614967,,0.010158920660614967,
1210,12109,,-0.009983062744140625,,0.009983062744140625
1210,12109,-0.010165786370635033,,0.010165786370635033,
1211,12119,,-0.010059356689453125,,0.010059356689453125
1211,12119,-0.01017150841653347,,0.01017150841653347,
1212,12129,,-0.010234832763671875,,0.010234832763671875
1212,12129,-0.0101776123046875,,0.0101776123046875,
1213,12139,,-0.009967803955078125,,0.009967803955078125
1213,12139,-0.010184859856963158,,0.010184859856963158,
1214,12149,,-0.01031494140625,,0.01031494140625
1214,12149,-0.010190200991928577,,0.010190200991928577,
1215,12159,,-0.010143280029296875,,0.010143280029296875
1215,12159,-0.010197830386459827,,0.010197830386459827,
1216,12169,,-0.01009368896484375,,0.01009368896484375
1216,12169,-0.010204315185546875,,0.010204315185546875,
1217,12179,,-0.010211944580078125,,0.010211944580078125
1217,12179,-0.010210419073700905,,0.010210419073700905,
1218,12189,,-0.010227203369140625,,0.010227203369140625
1218,12189,-0.010216141119599342,,0.010216141119599342,
1219,12199,,-0.010311126708984375,,0.010311126708984375
1219,12199,-0.010223006829619408,,0.010223006829619408,
1220,12209,,-0.01026153564453125,,0.01026153564453125
1220,12209,-0.010228728875517845,,0.010228728875517845,
1221,12219,,-0.010257720947265625,,0.010257720947265625
1221,12219,-0.010235214605927467,,0.010235214605927467,
1222,12229,,-0.010162353515625,,0.010162353515625
1222,12229,-0.010242844000458717,,0.010242844000458717,
1223,12239,,-0.010406494140625,,0.010406494140625
1223,12239,-0.010248566046357155,,0.010248566046357155,
1224,12249,,-0.010345458984375,,0.010345458984375
1224,12249,-0.010254287160933018,,0.010254287160933018,
1225,12259,,-0.01035308837890625,,0.01035308837890625
1225,12259,-0.01026229839771986,,0.01026229839771986,
1226,12269,,-0.01029205322265625,,0.01029205322265625
1226,12269,-0.010266494005918503,,0.010266494005918503,
1227,12279,,-0.010227203369140625,,0.010227203369140625
1227,12279,-0.010275649838149548,,0.010275649838149548,
1228,12289,,-0.010250091552734375,,0.010250091552734375
1228,12289,-0.010280990973114967,,0.010280990973114967,
1229,12299,,-0.010234832763671875,,0.010234832763671875
1229,12299,-0.010288620367646217,,0.010288620367646217,
1230,12309,,-0.010128021240234375,,0.010128021240234375
1230,12309,-0.010295486077666283,,0.010295486077666283,
1231,12319,,-0.010425567626953125,,0.010425567626953125
1231,12319,-0.010302353650331497,,0.010302353650331497,
1232,12329,,-0.010219573974609375,,0.010219573974609375
1232,12329,-0.010308456607162952,,0.010308456607162952,
1233,12339,,-0.010288238525390625,,0.010288238525390625
1233,12339,-0.010315322317183018,,0.010315322317183018,
1234,12349,,-0.010540008544921875,,0.010540008544921875
1234,12349,-0.01032333355396986,,0.01032333355396986,
1235,12359,,-0.010501861572265625,,0.010501861572265625
1235,12359,-0.0103302001953125,,0.0103302001953125,
1236,12369,,-0.0103302001953125,,0.0103302001953125
1236,12369,-0.01033782958984375,,0.01033782958984375,
1237,12379,,-0.010242462158203125,,0.010242462158203125
1237,12379,-0.010343552567064762,,0.010343552567064762,
1238,12389,,-0.010395050048828125,,0.010395050048828125
1238,12389,-0.010349655523896217,,0.010349655523896217,
1239,12399,,-0.010433197021484375,,0.010433197021484375
1239,12399,-0.010357284918427467,,0.010357284918427467,
1240,12409,,-0.0102691650390625,,0.0102691650390625
1240,12409,-0.010365295223891735,,0.010365295223891735,
1241,12419,,-0.010387420654296875,,0.010387420654296875
1241,12419,-0.010372543707489967,,0.010372543707489967,
1242,12429,,-0.010387420654296875,,0.010387420654296875
1242,12429,-0.010379409417510033,,0.010379409417510033,
1243,12439,,-0.010471343994140625,,0.010471343994140625
1243,12439,-0.010388564318418503,,0.010388564318418503,
1244,12449,,-0.010242462158203125,,0.010242462158203125
1244,12449,-0.010395050048828125,,0.010395050048828125,
1245,12459,,-0.01044464111328125,,0.01044464111328125
1245,12459,-0.010401916690170765,,0.010401916690170765,
1246,12469,,-0.010417938232421875,,0.010417938232421875
1246,12469,-0.010408783331513405,,0.010408783331513405,
1247,12479,,-0.010471343994140625,,0.010471343994140625
1247,12479,-0.010418320074677467,,0.010418320074677467,
1248,12489,,-0.010272979736328125,,0.010272979736328125
1248,12489,-0.010424423962831497,,0.010424423962831497,
1249,12499,,-0.010555267333984375,,0.010555267333984375
1249,12499,-0.01043014507740736,,0.01043014507740736,
1250,12509,,-0.010562896728515625,,0.010562896728515625
1250,12509,-0.010439682751893997,,0.010439682751893997,
1251,12519,,-0.010589599609375,,0.010589599609375
1251,12519,-0.010446930304169655,,0.010446930304169655,
1252,12529,,-0.010219573974609375,,0.010219573974609375
1252,12529,-0.010456085205078125,,0.010456085205078125,
1253,12539,,-0.01045989990234375,,0.01045989990234375
1253,12539,-0.010462951846420765,,0.010462951846420765,
1254,12549,,-0.010639190673828125,,0.010639190673828125
1254,12549,-0.010470200330018997,,0.010470200330018997,
1255,12559,,-0.010349273681640625,,0.010349273681640625
1255,12559,-0.010479355230927467,,0.010479355230927467,
1256,12569,,-0.0105133056640625,,0.0105133056640625
1256,12569,-0.010485459119081497,,0.010485459119081497,
1257,12579,,-0.010402679443359375,,0.010402679443359375
1257,12579,-0.010494614019989967,,0.010494614019989967,
1258,12589,,-0.01052093505859375,,0.01052093505859375
1258,12589,-0.010501861572265625,,0.010501861572265625,
1259,12599,,-0.010807037353515625,,0.010807037353515625
1259,12599,-0.01051178015768528,,0.01051178015768528,
1260,12609,,-0.010608673095703125,,0.010608673095703125
1260,12609,-0.01051940955221653,,0.01051940955221653,
1261,12619,,-0.010456085205078125,,0.010456085205078125
1261,12619,-0.010525512509047985,,0.010525512509047985,
1262,12629,,-0.01035308837890625,,0.01035308837890625
1262,12629,-0.010535049252212048,,0.010535049252212048,
1263,12639,,-0.01033782958984375,,0.01033782958984375
1263,12639,-0.010544204153120518,,0.010544204153120518,
1264,12649,,-0.010738372802734375,,0.010738372802734375
1264,12649,-0.01055068988353014,,0.01055068988353014,
1265,12659,,-0.010753631591796875,,0.010753631591796875
1265,12659,-0.01055984478443861,,0.01055984478443861,
1266,12669,,-0.01055145263671875,,0.01055145263671875
1266,12669,-0.010568617843091488,,0.010568617843091488,
1267,12679,,-0.010547637939453125,,0.010547637939453125
1267,12679,-0.010576247237622738,,0.010576247237622738,
1268,12689,,-0.010387420654296875,,0.010387420654296875
1268,12689,-0.010583876632153988,,0.010583876632153988,
1269,12699,,-0.010318756103515625,,0.010318756103515625
1269,12699,-0.010594177059829235,,0.010594177059829235,
1270,12709,,-0.010738372802734375,,0.010738372802734375
1270,12709,-0.010602187365293503,,0.010602187365293503,
1271,12719,,-0.010578155517578125,,0.010578155517578125
1271,12719,-0.010611343197524548,,0.010611343197524548,
1272,12729,,-0.010639190673828125,,0.010639190673828125
1272,12729,-0.01061859168112278,,0.01061859168112278,
1273,12739,,-0.010616302490234375,,0.010616302490234375
1273,12739,-0.010626601986587048,,0.010626601986587048,
1274,12749,,-0.010692596435546875,,0.010692596435546875
1274,12749,-0.010638047009706497,,0.010638047009706497,
1275,12759,,-0.010616302490234375,,0.010616302490234375
1275,12759,-0.010646438226103783,,0.010646438226103783,
1276,12769,,-0.010639190673828125,,0.010639190673828125
1276,12769,-0.010653305798768997,,0.010653305798768997,
1277,12779,,-0.010700225830078125,,0.010700225830078125
1277,12779,-0.010662841610610485,,0.010662841610610485,
1278,12789,,-0.01079559326171875,,0.01079559326171875
1278,12789,-0.010672378353774548,,0.010672378353774548,
1279,12799,,-0.010723114013671875,,0.010723114013671875
1279,12799,-0.010681533254683018,,0.010681533254683018,
1280,12809,,-0.010662078857421875,,0.010662078857421875
1280,12809,-0.010691452771425247,,0.010691452771425247,
1281,12819,,-0.010532379150390625,,0.010532379150390625
1281,12819,-0.010699843987822533,,0.010699843987822533,
1282,12829,,-0.01064300537109375,,0.01064300537109375
1282,12829,-0.010707473382353783,,0.010707473382353783,
1283,12839,,-0.0106201171875,,0.0106201171875
1283,12839,-0.010717392899096012,,0.010717392899096012,
1284,12849,,-0.010608673095703125,,0.010608673095703125
1284,12849,-0.010727309621870518,,0.010727309621870518,
1285,12859,,-0.010547637939453125,,0.010547637939453125
1285,12859,-0.010736464522778988,,0.010736464522778988,
1286,12869,,-0.01082611083984375,,0.01082611083984375
1286,12869,-0.010746384039521217,,0.010746384039521217,
1287,12879,,-0.0106353759765625,,0.0106353759765625
1287,12879,-0.010755157098174095,,0.010755157098174095,
1288,12889,,-0.0105743408203125,,0.0105743408203125
1288,12889,-0.01076355017721653,,0.01076355017721653,
1289,12899,,-0.010784149169921875,,0.010784149169921875
1289,12899,-0.01077346783131361,,0.01077346783131361,
1290,12909,,-0.0107421875,,0.0107421875
1290,12909,-0.010783767327666283,,0.010783767327666283,
1291,12919,,-0.0107421875,,0.0107421875
1291,12919,-0.010792160406708717,,0.010792160406708717,
1292,12929,,-0.010753631591796875,,0.010753631591796875
1292,12929,-0.010802078060805798,,0.010802078060805798,
1293,12939,,-0.010837554931640625,,0.010837554931640625
1293,12939,-0.01081161480396986,,0.01081161480396986,
1294,12949,,-0.010791778564453125,,0.010791778564453125
1294,12949,-0.010821533389389515,,0.010821533389389515,
1295,12959,,-0.0108642578125,,0.0108642578125
1295,12959,-0.01083221472799778,,0.01083221472799778,
1296,12969,,-0.010463714599609375,,0.010463714599609375
1296,12969,-0.010842514224350452,,0.010842514224350452,
1297,12979,,-0.01085662841796875,,0.01085662841796875
1297,12979,-0.010852431878447533,,0.010852431878447533,
1298,12989,,-0.0103912353515625,,0.0103912353515625
1298,12989,-0.010808945633471012,,0.010808945633471012,
1299,12999,,-0.010242462158203125,,0.010242462158203125
1299,12999,-0.01033630408346653,,0.01033630408346653,
1300,13009,,-0.0100555419921875,,0.0100555419921875
1300,13009,-0.010080719366669655,,0.010080719366669655,
1301,13019,,-0.00994873046875,,0.00994873046875
1301,13019,-0.009994888678193092,,0.009994888678193092,
1302,13029,,-0.0098419189453125,,0.0098419189453125
1302,13029,-0.009966659359633923,,0.009966659359633923,
1303,13039,,-0.0100555419921875,,0.0100555419921875
1303,13039,-0.009960556402802467,,0.009960556402802467,
1304,13049,,-0.009918212890625,,0.009918212890625
1304,13049,-0.00995788536965847,,0.00995788536965847,
1305,13059,,-0.00998687744140625,,0.00998687744140625
1305,13059,-0.009958649054169655,,0.009958649054169655,
1306,13069,,-0.0099029541015625,,0.0099029541015625
1306,13069,-0.009959792718291283,,0.009959792718291283,
1307,13079,,-0.00988006591796875,,0.00988006591796875
1307,13079,-0.00996322650462389,,0.00996322650462389,
1308,13089,,-0.00989532470703125,,0.00989532470703125
1308,13089,-0.00996475201100111,,0.00996475201100111,
1309,13099,,-0.009883880615234375,,0.009883880615234375
1309,13099,-0.009967422112822533,,0.009967422112822533,
1310,13109,,-0.00982666015625,,0.00982666015625
1310,13109,-0.009971236810088158,,0.009971236810088158,
1311,13119,,-0.009857177734375,,0.009857177734375
1311,13119,-0.009972763247787952,,0.009972763247787952,
1312,13129,,-0.009891510009765625,,0.009891510009765625
1312,13129,-0.009976577945053577,,0.009976577945053577,
1313,13139,,-0.010059356689453125,,0.010059356689453125
1313,13139,-0.009978866204619408,,0.009978866204619408,
1314,13149,,-0.010013580322265625,,0.010013580322265625
1314,13149,-0.00998077355325222,,0.00998077355325222,
1315,13159,,-0.010028839111328125,,0.010028839111328125
1315,13159,-0.009983444586396217,,0.009983444586396217,
1316,13169,,-0.0097198486328125,,0.0097198486328125
1316,13169,-0.00998687744140625,,0.00998687744140625,
1317,13179,,-0.01004791259765625,,0.01004791259765625
1317,13179,-0.009988784790039062,,0.009988784790039062,
1318,13189,,-0.0101470947265625,,0.0101470947265625
1318,13189,-0.009991454891860485,,0.009991454891860485,
1319,13199,,-0.010040283203125,,0.010040283203125
1319,13199,-0.009994888678193092,,0.009994888678193092,
1320,13209,,-0.01006317138671875,,0.01006317138671875
1320,13209,-0.009997176937758923,,0.009997176937758923,
1321,13219,,-0.0101776123046875,,0.0101776123046875
1321,13219,-0.010001754388213158,,0.010001754388213158,
1322,13229,,-0.009998321533203125,,0.009998321533203125
1322,13229,-0.01000366173684597,,0.01000366173684597,
1323,13239,,-0.009960174560546875,,0.009960174560546875
1323,13239,-0.010006332769989967,,0.010006332769989967,
1324,13249,,-0.00997161865234375,,0.00997161865234375
1324,13249,-0.01000900287181139,,0.01000900287181139,
1325,13259,,-0.010128021240234375,,0.010128021240234375
1325,13259,-0.010012054815888405,,0.010012054815888405,
1326,13269,,-0.010150909423828125,,0.010150909423828125
1326,13269,-0.010015487670898438,,0.010015487670898438,
1327,13279,,-0.009796142578125,,0.009796142578125
1327,13279,-0.010017776861786842,,0.010017776861786842,
1328,13289,,-0.01007843017578125,,0.01007843017578125
1328,13289,-0.010021209716796875,,0.010021209716796875,
1329,13299,,-0.0098419189453125,,0.0098419189453125
1329,13299,-0.010023117065429688,,0.010023117065429688,
1330,13309,,-0.0101776123046875,,0.0101776123046875
1330,13309,-0.01002654992043972,,0.01002654992043972,
1331,13319,,-0.009990692138671875,,0.009990692138671875
1331,13319,-0.010030364617705345,,0.010030364617705345,
1332,13329,,-0.009937286376953125,,0.009937286376953125
1332,13329,-0.010033035650849342,,0.010033035650849342,
1333,13339,,-0.01015472412109375,,0.01015472412109375
1333,13339,-0.010035705752670765,,0.010035705752670765,
1334,13349,,-0.009891510009765625,,0.009891510009765625
1334,13349,-0.010037994012236595,,0.010037994012236595,
1335,13359,,-0.010089874267578125,,0.010089874267578125
1335,13359,-0.010040665045380592,,0.010040665045380592,
1336,13369,,-0.00994873046875,,0.00994873046875
1336,13369,-0.010044479742646217,,0.010044479742646217,
1337,13379,,-0.01013946533203125,,0.01013946533203125
1337,13379,-0.010046005249023438,,0.010046005249023438,
1338,13389,,-0.010028839111328125,,0.010028839111328125
1338,13389,-0.010050201788544655,,0.010050201788544655,
1339,13399,,-0.010143280029296875,,0.010143280029296875
1339,13399,-0.010053252801299095,,0.010053252801299095,
1340,13409,,-0.0100555419921875,,0.0100555419921875
1340,13409,-0.010057449340820312,,0.010057449340820312,
1341,13419,,-0.0099029541015625,,0.0099029541015625
1341,13419,-0.010060501284897327,,0.010060501284897327,
1342,13429,,-0.01013946533203125,,0.01013946533203125
1342,13429,-0.010062789544463158,,0.010062789544463158,
1343,13439,,-0.010143280029296875,,0.010143280029296875
1343,13439,-0.010066604241728783,,0.010066604241728783,
1344,13449,,-0.0101165771484375,,0.0101165771484375
1344,13449,-0.01006927527487278,,0.01006927527487278,
1345,13459,,-0.01000213623046875,,0.01000213623046875
1345,13459,-0.010073089972138405,,0.010073089972138405,
1346,13469,,-0.01013946533203125,,0.01013946533203125
1346,13469,-0.010076140984892845,,0.010076140984892845,
1347,13479,,-0.01025390625,,0.01025390625
1347,13479,-0.010080337524414062,,0.010080337524414062,
1348,13489,,-0.01001739501953125,,0.01001739501953125
1348,13489,-0.010083389468491077,,0.010083389468491077,
1349,13499,,-0.010009765625,,0.010009765625
1349,13499,-0.0100860595703125,,0.0100860595703125,
1350,13509,,-0.010162353515625,,0.010162353515625
1350,13509,-0.010088729672133923,,0.010088729672133923,
1351,13519,,-0.0102081298828125,,0.0102081298828125
1351,13519,-0.01009368896484375,,0.01009368896484375,
1352,13529,,-0.0102386474609375,,0.0102386474609375
1352,13529,-0.010095978155732155,,0.010095978155732155,
1353,13539,,-0.0100250244140625,,0.0100250244140625
1353,13539,-0.010100173763930798,,0.010100173763930798,
1354,13549,,-0.010120391845703125,,0.010120391845703125
1354,13549,-0.01010208111256361,,0.01010208111256361,
1355,13559,,-0.01010894775390625,,0.01010894775390625
1355,13559,-0.010105895809829235,,0.010105895809829235,
1356,13569,,-0.01003265380859375,,0.01003265380859375
1356,13569,-0.010110092349350452,,0.010110092349350452,
1357,13579,,-0.01016998291015625,,0.01016998291015625
1357,13579,-0.010111999697983265,,0.010111999697983265,
1358,13589,,-0.010101318359375,,0.010101318359375
1358,13589,-0.01011581439524889,,0.01011581439524889,
1359,13599,,-0.010223388671875,,0.010223388671875
1359,13599,-0.010119247250258923,,0.010119247250258923,
1360,13609,,-0.01023101806640625,,0.01023101806640625
1360,13609,-0.010123824700713158,,0.010123824700713158,
1361,13619,,-0.010074615478515625,,0.010074615478515625
1361,13619,-0.010125351138412952,,0.010125351138412952,
1362,13629,,-0.01015472412109375,,0.01015472412109375
1362,13629,-0.010131454095244408,,0.010131454095244408,
1363,13639,,-0.01021575927734375,,0.01021575927734375
1363,13639,-0.010134506039321423,,0.010134506039321423,
1364,13649,,-0.0099945068359375,,0.0099945068359375
1364,13649,-0.010136032477021217,,0.010136032477021217,
1365,13659,,-0.01003265380859375,,0.01003265380859375
1365,13659,-0.010141372680664062,,0.010141372680664062,
1366,13669,,-0.0102996826171875,,0.0102996826171875
1366,13669,-0.010144805535674095,,0.010144805535674095,
1367,13679,,-0.0103302001953125,,0.0103302001953125
1367,13679,-0.010148239322006702,,0.010148239322006702,
1368,13689,,-0.01012420654296875,,0.01012420654296875
1368,13689,-0.010150909423828125,,0.010150909423828125,
1369,13699,,-0.00995635986328125,,0.00995635986328125
1369,13699,-0.010155105963349342,,0.010155105963349342,
1370,13709,,-0.010189056396484375,,0.010189056396484375
1370,13709,-0.010158538818359375,,0.010158538818359375,
1371,13719,,-0.0100555419921875,,0.0100555419921875
1371,13719,-0.010162353515625,,0.010162353515625,
1372,13729,,-0.01033782958984375,,0.01033782958984375
1372,13729,-0.010167693719267845,,0.010167693719267845,
1373,13739,,-0.010272979736328125,,0.010272979736328125
1373,13739,-0.01016998291015625,,0.01016998291015625,
1374,13749,,-0.01006317138671875,,0.01006317138671875
1374,13749,-0.010173797607421875,,0.010173797607421875,
1375,13759,,-0.01021575927734375,,0.01021575927734375
1375,13759,-0.010177230462431908,,0.010177230462431908,
1376,13769,,-0.010272979736328125,,0.010272979736328125
1376,13769,-0.010181427001953125,,0.010181427001953125,
1377,13779,,-0.0101470947265625,,0.0101470947265625
1377,13779,-0.010183334350585938,,0.010183334350585938,
1378,13789,,-0.01019287109375,,0.01019287109375
1378,13789,-0.010188293643295765,,0.010188293643295765,
1379,13799,,-0.010211944580078125,,0.010211944580078125
1379,13799,-0.01019287109375,,0.01019287109375,
1380,13809,,-0.010150909423828125,,0.010150909423828125
1380,13809,-0.010195160284638405,,0.010195160284638405,
1381,13819,,-0.01023101806640625,,0.01023101806640625
1381,13819,-0.010200118646025658,,0.010200118646025658,
1382,13829,,-0.0103759765625,,0.0103759765625
1382,13829,-0.010202789679169655,,0.010202789679169655,
1383,13839,,-0.00988006591796875,,0.00988006591796875
1383,13839,-0.010207748040556908,,0.010207748040556908,
1384,13849,,-0.010150909423828125,,0.010150909423828125
1384,13849,-0.010211944580078125,,0.010211944580078125,
1385,13859,,-0.010120391845703125,,0.010120391845703125
1385,13859,-0.01021652203053236,,0.01021652203053236,
1386,13869,,-0.010135650634765625,,0.010135650634765625
1386,13869,-0.010220336727797985,,0.010220336727797985,
1387,13879,,-0.010257720947265625,,0.010257720947265625
1387,13879,-0.01022186316549778,,0.01022186316549778,
1388,13889,,-0.010211944580078125,,0.010211944580078125
1388,13889,-0.010227966122329235,,0.010227966122329235,
1389,13899,,-0.010219573974609375,,0.010219573974609375
1389,13899,-0.010232925415039062,,0.010232925415039062,
1390,13909,,-0.01031494140625,,0.01031494140625
1390,13909,-0.01023712195456028,,0.01023712195456028,
1391,13919,,-0.010066986083984375,,0.010066986083984375
1391,13919,-0.010242080315947533,,0.010242080315947533,
1392,13929,,-0.010204315185546875,,0.010204315185546875
1392,13929,-0.01024475134909153,,0.01024475134909153,
1393,13939,,-0.010303497314453125,,0.010303497314453125
1393,13939,-0.010248183272778988,,0.010248183272778988,
1394,13949,,-0.0103912353515625,,0.0103912353515625
1394,13949,-0.01025314349681139,,0.01025314349681139,
1395,13959,,-0.010196685791015625,,0.010196685791015625
1395,13959,-0.010258102789521217,,0.010258102789521217,
1396,13969,,-0.01024627685546875,,0.01024627685546875
1396,13969,-0.01026077289134264,,0.01026077289134264,
1397,13979,,-0.010173797607421875,,0.010173797607421875
1397,13979,-0.010263824835419655,,0.010263824835419655,
1398,13989,,-0.010288238525390625,,0.010288238525390625
1398,13989,-0.010268784128129482,,0.010268784128129482,
1399,13999,,-0.010395050048828125,,0.010395050048828125
1399,13999,-0.010274888016283512,,0.010274888016283512,
1400,14009,,-0.01035308837890625,,0.01035308837890625
1400,14009,-0.01027755718678236,,0.01027755718678236,
1401,14019,,-0.01020050048828125,,0.01020050048828125
1401,14019,-0.010281371884047985,,0.010281371884047985,
1402,14029,,-0.010364532470703125,,0.010364532470703125
1402,14029,-0.010286713019013405,,0.010286713019013405,
1403,14039,,-0.010326385498046875,,0.010326385498046875
1403,14039,-0.010290908627212048,,0.010290908627212048,
1404,14049,,-0.010162353515625,,0.010162353515625
1404,14049,-0.010296249762177467,,0.010296249762177467,
1405,14059,,-0.010486602783203125,,0.010486602783203125
1405,14059,-0.0102996826171875,,0.0102996826171875,
1406,14069,,-0.01041412353515625,,0.01041412353515625
1406,14069,-0.010303115472197533,,0.010303115472197533,
1407,14079,,-0.010074615478515625,,0.010074615478515625
1407,14079,-0.010309601202607155,,0.010309601202607155,
1408,14089,,-0.01024627685546875,,0.01024627685546875
1408,14089,-0.010312652215361595,,0.010312652215361595,
1409,14099,,-0.010463714599609375,,0.010463714599609375
1409,14099,-0.010317993350327015,,0.010317993350327015,
1410,14109,,-0.010341644287109375,,0.010341644287109375
1410,14109,-0.01032104529440403,,0.01032104529440403,
1411,14119,,-0.010265350341796875,,0.010265350341796875
1411,14119,-0.010326385498046875,,0.010326385498046875,
1412,14129,,-0.010433197021484375,,0.010433197021484375
1412,14129,-0.010333633050322533,,0.010333633050322533,
1413,14139,,-0.010395050048828125,,0.010395050048828125
1413,14139,-0.010336684994399548,,0.010336684994399548,
1414,14149,,-0.010272979736328125,,0.010272979736328125
1414,14149,-0.010342026129364967,,0.010342026129364967,
1415,14159,,-0.010250091552734375,,0.010250091552734375
1415,14159,-0.010345078073441982,,0.010345078073441982,
1416,14169,,-0.0104827880859375,,0.0104827880859375
1416,14169,-0.010349273681640625,,0.010349273681640625,
1417,14179,,-0.010326385498046875,,0.010326385498046875
1417,14179,-0.010354994796216488,,0.010354994796216488,
1418,14189,,-0.0104827880859375,,0.0104827880859375
1418,14189,-0.010357665829360485,,0.010357665829360485,
1419,14199,,-0.010223388671875,,0.010223388671875
1419,14199,-0.010365295223891735,,0.010365295223891735,
1420,14209,,-0.010227203369140625,,0.010227203369140625
1420,14209,-0.010368728078901768,,0.010368728078901768,
1421,14219,,-0.01026153564453125,,0.01026153564453125
1421,14219,-0.010373687371611595,,0.010373687371611595,
1422,14229,,-0.010227203369140625,,0.010227203369140625
1422,14229,-0.010379409417510033,,0.010379409417510033,
1423,14239,,-0.01035308837890625,,0.01035308837890625
1423,14239,-0.01038208045065403,,0.01038208045065403,
1424,14249,,-0.010303497314453125,,0.010303497314453125
1424,14249,-0.010387802496552467,,0.010387802496552467,
1425,14259,,-0.010356903076171875,,0.010356903076171875
1425,14259,-0.010393524542450905,,0.010393524542450905,
1426,14269,,-0.010448455810546875,,0.010448455810546875
1426,14269,-0.010396575555205345,,0.010396575555205345,
1427,14279,,-0.01044464111328125,,0.01044464111328125
1427,14279,-0.010401916690170765,,0.010401916690170765,
1428,14289,,-0.010379791259765625,,0.010379791259765625
1428,14289,-0.010408783331513405,,0.010408783331513405,
1429,14299,,-0.010402679443359375,,0.010402679443359375
1429,14299,-0.01041412353515625,,0.01041412353515625,
1430,14309,,-0.01053619384765625,,0.01053619384765625
1430,14309,-0.010417175479233265,,0.010417175479233265,
1431,14319,,-0.010463714599609375,,0.010463714599609375
1431,14319,-0.0104217529296875,,0.0104217529296875,
1432,14329,,-0.010578155517578125,,0.010578155517578125
1432,14329,-0.010426330380141735,,0.010426330380141735,
1433,14339,,-0.0102691650390625,,0.0102691650390625
1433,14339,-0.010433197021484375,,0.010433197021484375,
1434,14349,,-0.010417938232421875,,0.010417938232421875
1434,14349,-0.010438918136060238,,0.010438918136060238,
1435,14359,,-0.010440826416015625,,0.010440826416015625
1435,14359,-0.01044464111328125,,0.01044464111328125,
1436,14369,,-0.010433197021484375,,0.010433197021484375
1436,14369,-0.010449218563735485,,0.010449218563735485,
1437,14379,,-0.010486602783203125,,0.010486602783203125
1437,14379,-0.010454941540956497,,0.010454941540956497,
1438,14389,,-0.010608673095703125,,0.010608673095703125
1438,14389,-0.01045913714915514,,0.01045913714915514,
1439,14399,,-0.010623931884765625,,0.010623931884765625
1439,14399,-0.010465622879564762,,0.010465622879564762,
1440,14409,,-0.01035308837890625,,0.01035308837890625
1440,14409,-0.010469435714185238,,0.010469435714185238,
1441,14419,,-0.010524749755859375,,0.010524749755859375
1441,14419,-0.010476303286850452,,0.010476303286850452,
1442,14429,,-0.01049041748046875,,0.01049041748046875
1442,14429,-0.010480881668627262,,0.010480881668627262,
1443,14439,,-0.01052093505859375,,0.01052093505859375
1443,14439,-0.010486984625458717,,0.010486984625458717,
1444,14449,,-0.01027679443359375,,0.01027679443359375
1444,14449,-0.01049118023365736,,0.01049118023365736,
1445,14459,,-0.01055908203125,,0.01055908203125
1445,14459,-0.01049728412181139,,0.01049728412181139,
1446,14469,,-0.010589599609375,,0.010589599609375
1446,14469,-0.01050491351634264,,0.01050491351634264,
1447,14479,,-0.010478973388671875,,0.010478973388671875
1447,14479,-0.01050720177590847,,0.01050720177590847,
1448,14489,,-0.010501861572265625,,0.010501861572265625
1448,14489,-0.0105133056640625,,0.0105133056640625,
1449,14499,,-0.010524749755859375,,0.010524749755859375
1449,14499,-0.010519790463149548,,0.010519790463149548,
1450,14509,,-0.010467529296875,,0.010467529296875
1450,14509,-0.010525512509047985,,0.010525512509047985,
1451,14519,,-0.010631561279296875,,0.010631561279296875
1451,14519,-0.010532379150390625,,0.010532379150390625,
1452,14529,,-0.010707855224609375,,0.010707855224609375
1452,14529,-0.010537338443100452,,0.010537338443100452,
1453,14539,,-0.010555267333984375,,0.010555267333984375
1453,14539,-0.010542678646743298,,0.010542678646743298,
1454,14549,,-0.0105133056640625,,0.0105133056640625
1454,14549,-0.010549163445830345,,0.010549163445830345,
1455,14559,,-0.01055908203125,,0.01055908203125
1455,14559,-0.010554123669862747,,0.010554123669862747,
1456,14569,,-0.01043701171875,,0.01043701171875
1456,14569,-0.01055984478443861,,0.01055984478443861,
1457,14579,,-0.010524749755859375,,0.010524749755859375
1457,14579,-0.01056518591940403,,0.01056518591940403,
1458,14589,,-0.010654449462890625,,0.010654449462890625
1458,14589,-0.010572051629424095,,0.010572051629424095,
1459,14599,,-0.010486602783203125,,0.010486602783203125
1459,14599,-0.010578918270766735,,0.010578918270766735,
1460,14609,,-0.01055145263671875,,0.01055145263671875
1460,14609,-0.010582351125776768,,0.010582351125776768,
1461,14619,,-0.010494232177734375,,0.010494232177734375
1461,14619,-0.010589980520308018,,0.010589980520308018,
1462,14629,,-0.010524749755859375,,0.010524749755859375
1462,14629,-0.010596084408462048,,0.010596084408462048,
1463,14639,,-0.010799407958984375,,0.010799407958984375
1463,14639,-0.010602187365293503,,0.010602187365293503,
1464,14649,,-0.0104827880859375,,0.0104827880859375
1464,14649,-0.010607910342514515,,0.010607910342514515,
1465,14659,,-0.010562896728515625,,0.010562896728515625
1465,14659,-0.01061325054615736,,0.01061325054615736,
1466,14669,,-0.010631561279296875,,0.010631561279296875
1466,14669,-0.0106201171875,,0.0106201171875,
1467,14679,,-0.010471343994140625,,0.010471343994140625
1467,14679,-0.010626601986587048,,0.010626601986587048,
1468,14689,,-0.010700225830078125,,0.010700225830078125
1468,14689,-0.010631943121552467,,0.010631943121552467,
1469,14699,,-0.010639190673828125,,0.010639190673828125
1469,14699,-0.010637282393872738,,0.010637282393872738,
1470,14709,,-0.010654449462890625,,0.010654449462890625
1470,14709,-0.010644911788403988,,0.010644911788403988,
1471,14719,,-0.010822296142578125,,0.010822296142578125
1471,14719,-0.01065139751881361,,0.01065139751881361,
1472,14729,,-0.0105133056640625,,0.0105133056640625
1472,14729,-0.01065673865377903,,0.01065673865377903,
1473,14739,,-0.010753631591796875,,0.010753631591796875
1473,14739,-0.010661697015166283,,0.010661697015166283,
1474,14749,,-0.010730743408203125,,0.010730743408203125
1474,14749,-0.010670851916074753,,0.010670851916074753,
1475,14759,,-0.010677337646484375,,0.010677337646484375
1475,14759,-0.010675812140107155,,0.010675812140107155,
1476,14769,,-0.010585784912109375,,0.010585784912109375
1476,14769,-0.010683058761060238,,0.010683058761060238,
1477,14779,,-0.01073455810546875,,0.01073455810546875
1477,14779,-0.010689926333725452,,0.010689926333725452,
1478,14789,,-0.010616302490234375,,0.010616302490234375
1478,14789,-0.01069793663918972,,0.01069793663918972,
1479,14799,,-0.01070404052734375,,0.01070404052734375
1479,14799,-0.010703659616410732,,0.010703659616410732,
1480,14809,,-0.010715484619140625,,0.010715484619140625
1480,14809,-0.010710525326430798,,0.010710525326430798,
1481,14819,,-0.010677337646484375,,0.010677337646484375
1481,14819,-0.010716628283262253,,0.010716628283262253,
1482,14829,,-0.010662078857421875,,0.010662078857421875
1482,14829,-0.010722351260483265,,0.010722351260483265,
1483,14839,,-0.010589599609375,,0.010589599609375
1483,14839,-0.010730361565947533,,0.010730361565947533,
1484,14849,,-0.010684967041015625,,0.010684967041015625
1484,14849,-0.010737229138612747,,0.010737229138612747,
1485,14859,,-0.010753631591796875,,0.010753631591796875
1485,14859,-0.010744476690888405,,0.010744476690888405,
1486,14869,,-0.01079559326171875,,0.01079559326171875
1486,14869,-0.010752106085419655,,0.010752106085419655,
1487,14879,,-0.01073455810546875,,0.01073455810546875
1487,14879,-0.01075820904225111,,0.01075820904225111,
1488,14889,,-0.010829925537109375,,0.010829925537109375
1488,14889,-0.01076431293040514,,0.01076431293040514,
1489,14899,,-0.010944366455078125,,0.010944366455078125
1489,14899,-0.01077117957174778,,0.01077117957174778,
1490,14909,,-0.0107879638671875,,0.0107879638671875
1490,14909,-0.010778045281767845,,0.010778045281767845,
1491,14919,,-0.010967254638671875,,0.010967254638671875
1491,14919,-0.010785674676299095,,0.010785674676299095,
1492,14929,,-0.010623931884765625,,0.010623931884765625
1492,14929,-0.010792541317641735,,0.010792541317641735,
1493,14939,,-0.010711669921875,,0.010711669921875
1493,14939,-0.010799407958984375,,0.010799407958984375,
1494,14949,,-0.010814666748046875,,0.010814666748046875
1494,14949,-0.010806655511260033,,0.010806655511260033,
1495,14959,,-0.010982513427734375,,0.010982513427734375
1495,14959,-0.010815429501235485,,0.010815429501235485,
1496,14969,,-0.010875701904296875,,0.010875701904296875
1496,14969,-0.010821152478456497,,0.010821152478456497,
1497,14979,,-0.010814666748046875,,0.010814666748046875
1497,14979,-0.010829162783920765,,0.010829162783920765,
1498,14989,,-0.0107421875,,0.0107421875
1498,14989,-0.01083450298756361,,0.01083450298756361,
1499,14999,,-0.010959625244140625,,0.010959625244140625
1499,14999,-0.010843658819794655,,0.010843658819794655,
1500,15009,,-0.010631561279296875,,0.010631561279296875
1500,15009,-0.010850905440747738,,0.010850905440747738,
1501,15019,,-0.010822296142578125,,0.010822296142578125
1501,15019,-0.010859680362045765,,0.010859680362045765,
1502,15029,,-0.010990142822265625,,0.010990142822265625
1502,15029,-0.010865402407944202,,0.010865402407944202,
1503,15039,,-0.011005401611328125,,0.011005401611328125
1503,15039,-0.010874176397919655,,0.010874176397919655,
1504,15049,,-0.010791778564453125,,0.010791778564453125
1504,15049,-0.010882187634706497,,0.010882187634706497,
1505,15059,,-0.010837554931640625,,0.010837554931640625
1505,15059,-0.010891342535614967,,0.010891342535614967,
1506,15069,,-0.010860443115234375,,0.010860443115234375
1506,15069,-0.010895919986069202,,0.010895919986069202,
1507,15079,,-0.01102447509765625,,0.01102447509765625
1507,15079,-0.010905456729233265,,0.010905456729233265,
1508,15089,,-0.01094818115234375,,0.01094818115234375
1508,15089,-0.010913848876953125,,0.010913848876953125,
1509,15099,,-0.011104583740234375,,0.011104583740234375
1509,15099,-0.010920715518295765,,0.010920715518295765,
1510,15109,,-0.010776519775390625,,0.010776519775390625
1510,15109,-0.010927199386060238,,0.010927199386060238,
1511,15119,,-0.010837554931640625,,0.010837554931640625
1511,15119,-0.010936737060546875,,0.010936737060546875,
1512,15129,,-0.011081695556640625,,0.011081695556640625
1512,15129,-0.010945129208266735,,0.010945129208266735,
1513,15139,,-0.01094818115234375,,0.01094818115234375
1513,15139,-0.010951614007353783,,0.010951614007353783,
1514,15149,,-0.010921478271484375,,0.010921478271484375
1514,15149,-0.010960007086396217,,0.010960007086396217,
1515,15159,,-0.010791778564453125,,0.010791778564453125
1515,15159,-0.010968398302793503,,0.010968398302793503,
1516,15169,,-0.010906219482421875,,0.010906219482421875
1516,15169,-0.010976409539580345,,0.010976409539580345,
1517,15179,,-0.01100921630859375,,0.01100921630859375
1517,15179,-0.01098480261862278,,0.01098480261862278,
1518,15189,,-0.01096343994140625,,0.01096343994140625
1518,15189,-0.010992051102221012,,0.010992051102221012,
1519,15199,,-0.010929107666015625,,0.010929107666015625
1519,15199,-0.011001206003129482,,0.011001206003129482,
1520,15209,,-0.010875701904296875,,0.010875701904296875
1520,15209,-0.011008835397660732,,0.011008835397660732,
1521,15219,,-0.010822296142578125,,0.010822296142578125
1521,15219,-0.011015701107680798,,0.011015701107680798,
1522,15229,,-0.010990142822265625,,0.010990142822265625
1522,15229,-0.011026764288544655,,0.011026764288544655,
1523,15239,,-0.011081695556640625,,0.011081695556640625
1523,15239,-0.011035919189453125,,0.011035919189453125,
1524,15249,,-0.01110076904296875,,0.01110076904296875
1524,15249,-0.011043166741728783,,0.011043166741728783,
1525,15259,,-0.011138916015625,,0.011138916015625
1525,15259,-0.011053086258471012,,0.011053086258471012,
1526,15269,,-0.01090240478515625,,0.01090240478515625
1526,15269,-0.01106109656393528,,0.01106109656393528,
1527,15279,,-0.011013031005859375,,0.011013031005859375
1527,15279,-0.011069870553910732,,0.011069870553910732,
1528,15289,,-0.01105499267578125,,0.01105499267578125
1528,15289,-0.01107864361256361,,0.01107864361256361,
1529,15299,,-0.011142730712890625,,0.011142730712890625
1529,15299,-0.011087416671216488,,0.011087416671216488,
1530,15309,,-0.0111236572265625,,0.0111236572265625
1530,15309,-0.011096572503447533,,0.011096572503447533,
1531,15319,,-0.011112213134765625,,0.011112213134765625
1531,15319,-0.011105346493422985,,0.011105346493422985,
1532,15329,,-0.01107025146484375,,0.01107025146484375
1532,15329,-0.011114121414721012,,0.011114121414721012,
1533,15339,,-0.011135101318359375,,0.011135101318359375
1533,15339,-0.0111236572265625,,0.0111236572265625,
1534,15349,,-0.011241912841796875,,0.011241912841796875
1534,15349,-0.011132431216537952,,0.011132431216537952,
1535,15359,,-0.011150360107421875,,0.011150360107421875
1535,15359,-0.011141587048768997,,0.011141587048768997,
1536,15369,,-0.011386871337890625,,0.011386871337890625
1536,15369,-0.011149597354233265,,0.011149597354233265,
1537,15379,,-0.011104583740234375,,0.011104583740234375
1537,15379,-0.011159897781908512,,0.011159897781908512,
1538,15389,,-0.011196136474609375,,0.011196136474609375
1538,15389,-0.011167527176439762,,0.011167527176439762,
1539,15399,,-0.011234283447265625,,0.011234283447265625
1539,15399,-0.01117630023509264,,0.01117630023509264,
1540,15409,,-0.011165618896484375,,0.011165618896484375
1540,15409,-0.011188888922333717,,0.011188888922333717,
1541,15419,,-0.0111083984375,,0.0111083984375
1541,15419,-0.011197661980986595,,0.011197661980986595,
1542,15429,,-0.011104583740234375,,0.011104583740234375
1542,15429,-0.01120681781321764,,0.01120681781321764,
1543,15439,,-0.01129150390625,,0.01129150390625
1543,15439,-0.01121597271412611,,0.01121597271412611,
1544,15449,,-0.01116180419921875,,0.01116180419921875
1544,15449,-0.011224745772778988,,0.011224745772778988,
1545,15459,,-0.0113983154296875,,0.0113983154296875
1545,15459,-0.011236191727221012,,0.011236191727221012,
1546,15469,,-0.011333465576171875,,0.011333465576171875
1546,15469,-0.011244582943618298,,0.011244582943618298,
1547,15479,,-0.011264801025390625,,0.011264801025390625
1547,15479,-0.011256408877670765,,0.011256408877670765,
1548,15489,,-0.0112152099609375,,0.0112152099609375
1548,15489,-0.011264419183135033,,0.011264419183135033,
1549,15499,,-0.01107025146484375,,0.01107025146484375
1549,15499,-0.011274338699877262,,0.011274338699877262,
1550,15509,,-0.01126861572265625,,0.01126861572265625
1550,15509,-0.011285019107162952,,0.011285019107162952,
1551,15519,,-0.011142730712890625,,0.011142730712890625
1551,15519,-0.011294555850327015,,0.011294555850327015,
1552,15529,,-0.011157989501953125,,0.011157989501953125
1552,15529,-0.011304473504424095,,0.011304473504424095,
1553,15539,,-0.011333465576171875,,0.011333465576171875
1553,15539,-0.011313247494399548,,0.011313247494399548,
1554,15549,,-0.0114288330078125,,0.0114288330078125
1554,15549,-0.011325836181640625,,0.011325836181640625,
1555,15559,,-0.011371612548828125,,0.011371612548828125
1555,15559,-0.01133651752024889,,0.01133651752024889,
1556,15569,,-0.010768890380859375,,0.010768890380859375
1556,15569,-0.011257171630859375,,0.011257171630859375,
1557,15579,,-0.010593414306640625,,0.010593414306640625
1557,15579,-0.01076431293040514,,0.01076431293040514,
1558,15589,,-0.0105438232421875,,0.0105438232421875
1558,15589,-0.010533522814512253,,0.010533522814512253,
1559,15599,,-0.010303497314453125,,0.010303497314453125
1559,15599,-0.01045379601418972,,0.01045379601418972,
1560,15609,,-0.010349273681640625,,0.010349273681640625
1560,15609,-0.010426330380141735,,0.010426330380141735,
1561,15619,,-0.01031494140625,,0.01031494140625
1561,15619,-0.010418320074677467,,0.010418320074677467,
1562,15629,,-0.010219573974609375,,0.010219573974609375
1562,15629,-0.010418320074677467,,0.010418320074677467,
1563,15639,,-0.010528564453125,,0.010528564453125
1563,15639,-0.01042022742331028,,0.01042022742331028,
1564,15649,,-0.010345458984375,,0.010345458984375
1564,15649,-0.010422897525131702,,0.010422897525131702,
1565,15659,,-0.01042938232421875,,0.01042938232421875
1565,15659,-0.010425185784697533,,0.010425185784697533,
1566,15669,,-0.01042938232421875,,0.01042938232421875
1566,15669,-0.01042938232421875,,0.01042938232421875,
1567,15679,,-0.010467529296875,,0.010467529296875
1567,15679,-0.010430526919662952,,0.010430526919662952,
1568,15689,,-0.0105743408203125,,0.0105743408203125
1568,15689,-0.010432434268295765,,0.010432434268295765,
1569,15699,,-0.010501861572265625,,0.010501861572265625
1569,15699,-0.010435105301439762,,0.010435105301439762,
1570,15709,,-0.01039886474609375,,0.01039886474609375
1570,15709,-0.010438156314194202,,0.010438156314194202,
1571,15719,,-0.010456085205078125,,0.010456085205078125
1571,15719,-0.010441208258271217,,0.010441208258271217,
1572,15729,,-0.01041412353515625,,0.01041412353515625
1572,15729,-0.01044464111328125,,0.01044464111328125,
1573,15739,,-0.0104522705078125,,0.0104522705078125
1573,15739,-0.01044540386646986,,0.01044540386646986,
1574,15749,,-0.01049041748046875,,0.01049041748046875
1574,15749,-0.010449218563735485,,0.010449218563735485,
1575,15759,,-0.010570526123046875,,0.010570526123046875
1575,15759,-0.0104522705078125,,0.0104522705078125,
1576,15769,,-0.01056671142578125,,0.01056671142578125
1576,15769,-0.010455703362822533,,0.010455703362822533,
1577,15779,,-0.01047515869140625,,0.01047515869140625
1577,15779,-0.01045989990234375,,0.01045989990234375,
1578,15789,,-0.0105438232421875,,0.0105438232421875
1578,15789,-0.010461044497787952,,0.010461044497787952,
1579,15799,,-0.01039886474609375,,0.01039886474609375
1579,15799,-0.010463332757353783,,0.010463332757353783,
1580,15809,,-0.0106658935546875,,0.0106658935546875
1580,15809,-0.010467910207808018,,0.010467910207808018,
1581,15819,,-0.010486602783203125,,0.010486602783203125
1581,15819,-0.010469818487763405,,0.010469818487763405,
1582,15829,,-0.010517120361328125,,0.010517120361328125
1582,15829,-0.010472106747329235,,0.010472106747329235,
1583,15839,,-0.010570526123046875,,0.010570526123046875
1583,15839,-0.01047592144459486,,0.01047592144459486,
1584,15849,,-0.01068878173828125,,0.01068878173828125
1584,15849,-0.010479355230927467,,0.010479355230927467,
1585,15859,,-0.01045989990234375,,0.01045989990234375
1585,15859,-0.01048355083912611,,0.01048355083912611,
1586,15869,,-0.01065826416015625,,0.01065826416015625
1586,15869,-0.010484694503247738,,0.010484694503247738,
1587,15879,,-0.01045989990234375,,0.01045989990234375
1587,15879,-0.010487365536391735,,0.010487365536391735,
1588,15889,,-0.010433197021484375,,0.010433197021484375
1588,15889,-0.010491562075912952,,0.010491562075912952,
1589,15899,,-0.01055908203125,,0.01055908203125
1589,15899,-0.010494614019989967,,0.010494614019989967,
1590,15909,,-0.01068115234375,,0.01068115234375
1590,15909,-0.010498046875,,0.010498046875,
1591,15919,,-0.010578155517578125,,0.010578155517578125
1591,15919,-0.010500717908143997,,0.010500717908143997,
1592,15929,,-0.010387420654296875,,0.010387420654296875
1592,15929,-0.01050491351634264,,0.01050491351634264,
1593,15939,,-0.010379791259765625,,0.010379791259765625
1593,15939,-0.010506820864975452,,0.010506820864975452,
1594,15949,,-0.01055908203125,,0.01055908203125
1594,15949,-0.010510253719985485,,0.010510253719985485,
1595,15959,,-0.010486602783203125,,0.010486602783203125
1595,15959,-0.010513686574995518,,0.010513686574995518,
1596,15969,,-0.010547637939453125,,0.010547637939453125
1596,15969,-0.010515976697206497,,0.010515976697206497,
1597,15979,,-0.01062774658203125,,0.01062774658203125
1597,15979,-0.010517883114516735,,0.010517883114516735,
1598,15989,,-0.01068115234375,,0.01068115234375
1598,15989,-0.010521315969526768,,0.010521315969526768,
1599,15999,,-0.0104522705078125,,0.0104522705078125
1599,15999,-0.010525131598114967,,0.010525131598114967,
1600,16009,,-0.010601043701171875,,0.010601043701171875
1600,16009,-0.010528564453125,,0.010528564453125,
1601,16019,,-0.0105133056640625,,0.0105133056640625
1601,16019,-0.010531616397202015,,0.010531616397202015,
1602,16029,,-0.0105743408203125,,0.0105743408203125
1602,16029,-0.01053619384765625,,0.01053619384765625,
1603,16039,,-0.01055145263671875,,0.01055145263671875
1603,16039,-0.01053771935403347,,0.01053771935403347,
1604,16049,,-0.010555267333984375,,0.010555267333984375
1604,16049,-0.010541916824877262,,0.010541916824877262,
1605,16059,,-0.010772705078125,,0.010772705078125
1605,16059,-0.010546875186264515,,0.010546875186264515,
1606,16069,,-0.01052093505859375,,0.01052093505859375
1606,16069,-0.010549163445830345,,0.010549163445830345,
1607,16079,,-0.010494232177734375,,0.010494232177734375
1607,16079,-0.01055297814309597,,0.01055297814309597,
1608,16089,,-0.010471343994140625,,0.010471343994140625
1608,16089,-0.010557175613939762,,0.010557175613939762,
1609,16099,,-0.01059722900390625,,0.01059722900390625
1609,16099,-0.01055908203125,,0.01055908203125,
1610,16109,,-0.01055908203125,,0.01055908203125
1610,16109,-0.010563278570771217,,0.010563278570771217,
1611,16119,,-0.01071929931640625,,0.01071929931640625
1611,16119,-0.010565566830337048,,0.010565566830337048,
1612,16129,,-0.010639190673828125,,0.010639190673828125
1612,16129,-0.010570144280791283,,0.010570144280791283,
1613,16139,,-0.010395050048828125,,0.010395050048828125
1613,16139,-0.010572051629424095,,0.010572051629424095,
1614,16149,,-0.0105743408203125,,0.0105743408203125
1614,16149,-0.010576247237622738,,0.010576247237622738,
1615,16159,,-0.010692596435546875,,0.010692596435546875
1615,16159,-0.01058044470846653,,0.01058044470846653,
1616,16169,,-0.0107269287109375,,0.0107269287109375
1616,16169,-0.010583114810287952,,0.010583114810287952,
1617,16179,,-0.010528564453125,,0.010528564453125
1617,16179,-0.010586928576231003,,0.010586928576231003,
1618,16189,,-0.010894775390625,,0.010894775390625
1618,16189,-0.010590744204819202,,0.010590744204819202,
1619,16199,,-0.010589599609375,,0.010589599609375
1619,16199,-0.010594177059829235,,0.010594177059829235,
1620,16209,,-0.010761260986328125,,0.010761260986328125
1620,16209,-0.01059722900390625,,0.01059722900390625,
1621,16219,,-0.010509490966796875,,0.010509490966796875
1621,16219,-0.010600661858916283,,0.010600661858916283,
1622,16229,,-0.010593414306640625,,0.010593414306640625
1622,16229,-0.01060562115162611,,0.01060562115162611,
1623,16239,,-0.010768890380859375,,0.010768890380859375
1623,16239,-0.010607910342514515,,0.010607910342514515,
1624,16249,,-0.0107879638671875,,0.0107879638671875
1624,16249,-0.010613632388412952,,0.010613632388412952,
1625,16259,,-0.010650634765625,,0.010650634765625
1625,16259,-0.010617827996611595,,0.010617827996611595,
1626,16269,,-0.010345458984375,,0.010345458984375
1626,16269,-0.010619736276566982,,0.010619736276566982,
1627,16279,,-0.01068115234375,,0.01068115234375
1627,16279,-0.010623169131577015,,0.010623169131577015,
1628,16289,,-0.010650634765625,,0.010650634765625
1628,16289,-0.010628891177475452,,0.010628891177475452,
1629,16299,,-0.010562896728515625,,0.010562896728515625
1629,16299,-0.010631561279296875,,0.010631561279296875,
1630,16309,,-0.010528564453125,,0.010528564453125
1630,16309,-0.01063613872975111,,0.01063613872975111,
1631,16319,,-0.010715484619140625,,0.010715484619140625
1631,16319,-0.010639190673828125,,0.010639190673828125,
1632,16329,,-0.01036834716796875,,0.01036834716796875
1632,16329,-0.01064300537109375,,0.01064300537109375,
1633,16339,,-0.010608673095703125,,0.010608673095703125
1633,16339,-0.010646438226103783,,0.010646438226103783,
1634,16349,,-0.0104522705078125,,0.0104522705078125
1634,16349,-0.010651015676558018,,0.010651015676558018,
1635,16359,,-0.010585784912109375,,0.010585784912109375
1635,16359,-0.010655974969267845,,0.010655974969267845,
1636,16369,,-0.0106048583984375,,0.0106048583984375
1636,16369,-0.010660170577466488,,0.010660170577466488,
1637,16379,,-0.01073455810546875,,0.01073455810546875
1637,16379,-0.010662460699677467,,0.010662460699677467,
1638,16389,,-0.010944366455078125,,0.010944366455078125
1638,16389,-0.010667038150131702,,0.010667038150131702,
1639,16399,,-0.010738372802734375,,0.010738372802734375
1639,16399,-0.010670851916074753,,0.010670851916074753,
1640,16409,,-0.010639190673828125,,0.010639190673828125
1640,16409,-0.010674667544662952,,0.010674667544662952,
1641,16419,,-0.01049041748046875,,0.01049041748046875
1641,16419,-0.010679245926439762,,0.010679245926439762,
1642,16429,,-0.010761260986328125,,0.010761260986328125
1642,16429,-0.010683058761060238,,0.010683058761060238,
1643,16439,,-0.010646820068359375,,0.010646820068359375
1643,16439,-0.010686110705137253,,0.010686110705137253,
1644,16449,,-0.010974884033203125,,0.010974884033203125
1644,16449,-0.010691452771425247,,0.010691452771425247,
1645,16459,,-0.010486602783203125,,0.010486602783203125
1645,16459,-0.010695266537368298,,0.010695266537368298,
1646,16469,,-0.010669708251953125,,0.010669708251953125
1646,16469,-0.010699463076889515,,0.010699463076889515,
1647,16479,,-0.010791778564453125,,0.010791778564453125
1647,16479,-0.010703659616410732,,0.010703659616410732,
1648,16489,,-0.010578155517578125,,0.010578155517578125
1648,16489,-0.010708617977797985,,0.010708617977797985,
1649,16499,,-0.010501861572265625,,0.010501861572265625
1649,16499,-0.01071243267506361,,0.01071243267506361,
1650,16509,,-0.0107269287109375,,0.0107269287109375
1650,16509,-0.010718154720962048,,0.010718154720962048,
1651,16519,,-0.01073455810546875,,0.01073455810546875
1651,16519,-0.010721970349550247,,0.010721970349550247,
1652,16529,,-0.010890960693359375,,0.010890960693359375
1652,16529,-0.010725022293627262,,0.010725022293627262,
1653,16539,,-0.010944366455078125,,0.010944366455078125
1653,16539,-0.010729599744081497,,0.010729599744081497,
1654,16549,,-0.010738372802734375,,0.010738372802734375
1654,16549,-0.01073379535228014,,0.01073379535228014,
1655,16559,,-0.010692596435546875,,0.010692596435546875
1655,16559,-0.010738754644989967,,0.010738754644989967,
1656,16569,,-0.010822296142578125,,0.010822296142578125
1656,16569,-0.0107421875,,0.0107421875,
1657,16579,,-0.0109100341796875,,0.0109100341796875
1657,16579,-0.010746764950454235,,0.010746764950454235,
1658,16589,,-0.010860443115234375,,0.010860443115234375
1658,16589,-0.010752487927675247,,0.010752487927675247,
1659,16599,,-0.0109710693359375,,0.0109710693359375
1659,16599,-0.010754775255918503,,0.010754775255918503,
1660,16609,,-0.010997772216796875,,0.010997772216796875
1660,16609,-0.010760879144072533,,0.010760879144072533,
1661,16619,,-0.01081085205078125,,0.01081085205078125
1661,16619,-0.01076507568359375,,0.01076507568359375,
1662,16629,,-0.010814666748046875,,0.010814666748046875
1662,16629,-0.010769653134047985,,0.010769653134047985,
1663,16639,,-0.01085662841796875,,0.01085662841796875
1663,16639,-0.010773085989058018,,0.010773085989058018,
1664,16649,,-0.01065826416015625,,0.01065826416015625
1664,16649,-0.010778045281767845,,0.010778045281767845,
1665,16659,,-0.010715484619140625,,0.010715484619140625
1665,16659,-0.010784149169921875,,0.010784149169921875,
1666,16669,,-0.010883331298828125,,0.010883331298828125
1666,16669,-0.010787582956254482,,0.010787582956254482,
1667,16679,,-0.010730743408203125,,0.010730743408203125
1667,16679,-0.010792160406708717,,0.010792160406708717,
1668,16689,,-0.010982513427734375,,0.010982513427734375
1668,16689,-0.010797499679028988,,0.010797499679028988,
1669,16699,,-0.01085662841796875,,0.01085662841796875
1669,16699,-0.010801316238939762,,0.010801316238939762,
1670,16709,,-0.010650634765625,,0.010650634765625
1670,16709,-0.010807419195771217,,0.010807419195771217,
1671,16719,,-0.01068115234375,,0.01068115234375
1671,16719,-0.01081085205078125,,0.01081085205078125,
1672,16729,,-0.010883331298828125,,0.010883331298828125
1672,16729,-0.010816575028002262,,0.010816575028002262,
1673,16739,,-0.010967254638671875,,0.010967254638671875
1673,16739,-0.010821152478456497,,0.010821152478456497,
1674,16749,,-0.010768890380859375,,0.010768890380859375
1674,16749,-0.010826491750776768,,0.010826491750776768,
1675,16759,,-0.0107574462890625,,0.0107574462890625
1675,16759,-0.010830688290297985,,0.010830688290297985,
1676,16769,,-0.010768890380859375,,0.010768890380859375
1676,16769,-0.010835646651685238,,0.010835646651685238,
1677,16779,,-0.010944366455078125,,0.010944366455078125
1677,16779,-0.01083984412252903,,0.01083984412252903,
1678,16789,,-0.0107574462890625,,0.0107574462890625
1678,16789,-0.010844802483916283,,0.010844802483916283,
1679,16799,,-0.010982513427734375,,0.010982513427734375
1679,16799,-0.01084976177662611,,0.01084976177662611,
1680,16809,,-0.010684967041015625,,0.010684967041015625
1680,16809,-0.01085510291159153,,0.01085510291159153,
1681,16819,,-0.010875701904296875,,0.010875701904296875
1681,16819,-0.010860443115234375,,0.010860443115234375,
1682,16829,,-0.01093292236328125,,0.01093292236328125
1682,16829,-0.010865402407944202,,0.010865402407944202,
1683,16839,,-0.0109100341796875,,0.0109100341796875
1683,16839,-0.010870742611587048,,0.010870742611587048,
1684,16849,,-0.010921478271484375,,0.010921478271484375
1684,16849,-0.010875701904296875,,0.010875701904296875,
1685,16859,,-0.01081085205078125,,0.01081085205078125
1685,16859,-0.01088104210793972,,0.01088104210793972,
1686,16869,,-0.010746002197265625,,0.010746002197265625
1686,16869,-0.01088638324290514,,0.01088638324290514,
1687,16879,,-0.01092529296875,,0.01092529296875
1687,16879,-0.010890578851103783,,0.010890578851103783,
1688,16889,,-0.01082611083984375,,0.01082611083984375
1688,16889,-0.010897064581513405,,0.010897064581513405,
1689,16899,,-0.010921478271484375,,0.010921478271484375
1689,16899,-0.010902023874223232,,0.010902023874223232,
1690,16909,,-0.010906219482421875,,0.010906219482421875
1690,16909,-0.010906982235610485,,0.010906982235610485,
1691,16919,,-0.010829925537109375,,0.010829925537109375
1691,16919,-0.010913086123764515,,0.010913086123764515,
1692,16929,,-0.01082611083984375,,0.01082611083984375
1692,16929,-0.010917282663285732,,0.010917282663285732,
1693,16939,,-0.01085662841796875,,0.01085662841796875
1693,16939,-0.010923003777861595,,0.010923003777861595,
1694,16949,,-0.010852813720703125,,0.010852813720703125
1694,16949,-0.010927582159638405,,0.010927582159638405,
1695,16959,,-0.01092529296875,,0.01092529296875
1695,16959,-0.010934066958725452,,0.010934066958725452,
1696,16969,,-0.010974884033203125,,0.010974884033203125
1696,16969,-0.010938645340502262,,0.010938645340502262,
1697,16979,,-0.01099395751953125,,0.01099395751953125
1697,16979,-0.010945891961455345,,0.010945891961455345,
1698,16989,,-0.010986328125,,0.010986328125
1698,16989,-0.010949325747787952,,0.010949325747787952,
1699,16999,,-0.010852813720703125,,0.010852813720703125
1699,16999,-0.010955810546875,,0.010955810546875,
1700,17009,,-0.01105499267578125,,0.01105499267578125
1700,17009,-0.010961533524096012,,0.010961533524096012,
1701,17019,,-0.01099395751953125,,0.01099395751953125
1701,17019,-0.01096954382956028,,0.01096954382956028,
1702,17029,,-0.01110076904296875,,0.01110076904296875
1702,17029,-0.010973740369081497,,0.010973740369081497,
1703,17039,,-0.010944366455078125,,0.010944366455078125
1703,17039,-0.010979079641401768,,0.010979079641401768,
1704,17049,,-0.010860443115234375,,0.010860443115234375
1704,17049,-0.010983657091856003,,0.010983657091856003,
1705,17059,,-0.011020660400390625,,0.011020660400390625
1705,17059,-0.010990142822265625,,0.010990142822265625,
1706,17069,,-0.010967254638671875,,0.010967254638671875
1706,17069,-0.01099548302590847,,0.01099548302590847,
1707,17079,,-0.0111083984375,,0.0111083984375
1707,17079,-0.011000442318618298,,0.011000442318618298,
1708,17089,,-0.01088714599609375,,0.01088714599609375
1708,17089,-0.011006927117705345,,0.011006927117705345,
1709,17099,,-0.011135101318359375,,0.011135101318359375
1709,17099,-0.011014939285814762,,0.011014939285814762,
1710,17109,,-0.010807037353515625,,0.010807037353515625
1710,17109,-0.011020278558135033,,0.011020278558135033,
1711,17119,,-0.0111083984375,,0.0111083984375
1711,17119,-0.01102523785084486,,0.01102523785084486,
1712,17129,,-0.0110015869140625,,0.0110015869140625
1712,17129,-0.0110321044921875,,0.0110321044921875,
1713,17139,,-0.011016845703125,,0.011016845703125
1713,17139,-0.011038589291274548,,0.011038589291274548,
1714,17149,,-0.01126861572265625,,0.01126861572265625
1714,17149,-0.011043166741728783,,0.011043166741728783,
1715,17159,,-0.01092529296875,,0.01092529296875
1715,17159,-0.011049269698560238,,0.011049269698560238,
1716,17169,,-0.011051177978515625,,0.011051177978515625
1716,17169,-0.011056899093091488,,0.011056899093091488,
1717,17179,,-0.010929107666015625,,0.010929107666015625
1717,17179,-0.01106109656393528,,0.01106109656393528,
1718,17189,,-0.011219024658203125,,0.011219024658203125
1718,17189,-0.011067962273955345,,0.011067962273955345,
1719,17199,,-0.01129150390625,,0.01129150390625
1719,17199,-0.011075209826231003,,0.011075209826231003,
1720,17209,,-0.011104583740234375,,0.011104583740234375
1720,17209,-0.011080170050263405,,0.011080170050263405,
1721,17219,,-0.011043548583984375,,0.011043548583984375
1721,17219,-0.011087416671216488,,0.011087416671216488,
1722,17229,,-0.01108551025390625,,0.01108551025390625
1722,17229,-0.011094284243881702,,0.011094284243881702,
1723,17239,,-0.0111541748046875,,0.0111541748046875
1723,17239,-0.011099624447524548,,0.011099624447524548,
1724,17249,,-0.011287689208984375,,0.011287689208984375
1724,17249,-0.01110687293112278,,0.01110687293112278,
1725,17259,,-0.011028289794921875,,0.011028289794921875
1725,17259,-0.011111069470643997,,0.011111069470643997,
1726,17269,,-0.011043548583984375,,0.011043548583984375
1726,17269,-0.011119079776108265,,0.011119079776108265,
1727,17279,,-0.011226654052734375,,0.011226654052734375
1727,17279,-0.011126328259706497,,0.011126328259706497,
1728,17289,,-0.01116180419921875,,0.01116180419921875
1728,17289,-0.011130905710160732,,0.011130905710160732,
1729,17299,,-0.011096954345703125,,0.011096954345703125
1729,17299,-0.01113815326243639,,0.01113815326243639,
1730,17309,,-0.011264801025390625,,0.011264801025390625
1730,17309,-0.01114578265696764,,0.01114578265696764,
1731,17319,,-0.011096954345703125,,0.011096954345703125
1731,17319,-0.011149978265166283,,0.011149978265166283,
1732,17329,,-0.010913848876953125,,0.010913848876953125
1732,17329,-0.011157989501953125,,0.011157989501953125,
1733,17339,,-0.011272430419921875,,0.011272430419921875
1733,17339,-0.011164475232362747,,0.011164475232362747,
1734,17349,,-0.0110931396484375,,0.0110931396484375
1734,17349,-0.011171340011060238,,0.011171340011060238,
1735,17359,,-0.011219024658203125,,0.011219024658203125
1735,17359,-0.01117782574146986,,0.01117782574146986,
1736,17369,,-0.011196136474609375,,0.011196136474609375
1736,17369,-0.01118545513600111,,0.01118545513600111,
1737,17379,,-0.011173248291015625,,0.011173248291015625
1737,17379,-0.01119155902415514,,0.01119155902415514,
1738,17389,,-0.011157989501953125,,0.011157989501953125
1738,17389,-0.011197661980986595,,0.011197661980986595,
1739,17399,,-0.011142730712890625,,0.011142730712890625
1739,17399,-0.011205291375517845,,0.011205291375517845,
1740,17409,,-0.011165618896484375,,0.011165618896484375
1740,17409,-0.011212920770049095,,0.011212920770049095,
1741,17419,,-0.011234283447265625,,0.011234283447265625
1741,17419,-0.011219787411391735,,0.011219787411391735,
1742,17429,,-0.01108551025390625,,0.01108551025390625
1742,17429,-0.011226272210478783,,0.011226272210478783,
1743,17439,,-0.011226654052734375,,0.011226654052734375
1743,17439,-0.011233901605010033,,0.011233901605010033,
1744,17449,,-0.011096954345703125,,0.011096954345703125
1744,17449,-0.011240387335419655,,0.011240387335419655,
1745,17459,,-0.011325836181640625,,0.011325836181640625
1745,17459,-0.011248398572206497,,0.011248398572206497,
1746,17469,,-0.011272430419921875,,0.011272430419921875
1746,17469,-0.011255646124482155,,0.011255646124482155,
1747,17479,,-0.011199951171875,,0.011199951171875
1747,17479,-0.01126251183450222,,0.01126251183450222,
1748,17489,,-0.011199951171875,,0.011199951171875
1748,17489,-0.011270904913544655,,0.011270904913544655,
1749,17499,,-0.011241912841796875,,0.011241912841796875
1749,17499,-0.0112762451171875,,0.0112762451171875,
1750,17509,,-0.01116943359375,,0.01116943359375
1750,17509,-0.011286163702607155,,0.011286163702607155,
1751,17519,,-0.011260986328125,,0.011260986328125
1751,17519,-0.011292648501694202,,0.011292648501694202,
1752,17529,,-0.01140594482421875,,0.01140594482421875
1752,17529,-0.011300277896225452,,0.011300277896225452,
1753,17539,,-0.011295318603515625,,0.011295318603515625
1753,17539,-0.011307143606245518,,0.011307143606245518,
1754,17549,,-0.011432647705078125,,0.011432647705078125
1754,17549,-0.01131439208984375,,0.01131439208984375,
1755,17559,,-0.011310577392578125,,0.011310577392578125
1755,17559,-0.011322402395308018,,0.011322402395308018,
1756,17569,,-0.011318206787109375,,0.011318206787109375
1756,17569,-0.01132965087890625,,0.01132965087890625,
1757,17579,,-0.011386871337890625,,0.011386871337890625
1757,17579,-0.01133804302662611,,0.01133804302662611,
1758,17589,,-0.01132965087890625,,0.01132965087890625
1758,17589,-0.011345290578901768,,0.011345290578901768,
1759,17599,,-0.011508941650390625,,0.011508941650390625
1759,17599,-0.011355210095643997,,0.011355210095643997,
1760,17609,,-0.01137542724609375,,0.01137542724609375
1760,17609,-0.011360549367964268,,0.011360549367964268,
1761,17619,,-0.011264801025390625,,0.011264801025390625
1761,17619,-0.01136932335793972,,0.01136932335793972,
1762,17629,,-0.0114288330078125,,0.0114288330078125
1762,17629,-0.01137695275247097,,0.01137695275247097,
1763,17639,,-0.011287689208984375,,0.011287689208984375
1763,17639,-0.011384201236069202,,0.011384201236069202,
1764,17649,,-0.011425018310546875,,0.011425018310546875
1764,17649,-0.011393357068300247,,0.011393357068300247,
1765,17659,,-0.011493682861328125,,0.011493682861328125
1765,17659,-0.011401367373764515,,0.011401367373764515,
1766,17669,,-0.011493682861328125,,0.011493682861328125
1766,17669,-0.011408615857362747,,0.011408615857362747,
1767,17679,,-0.011547088623046875,,0.011547088623046875
1767,17679,-0.011417007073760033,,0.011417007073760033,
1768,17689,,-0.011455535888671875,,0.011455535888671875
1768,17689,-0.011425400152802467,,0.011425400152802467,
1769,17699,,-0.011188507080078125,,0.011188507080078125
1769,17699,-0.01143417228013277,,0.01143417228013277,
1770,17709,,-0.011363983154296875,,0.011363983154296875
1770,17709,-0.011442185379564762,,0.011442185379564762,
1771,17719,,-0.011470794677734375,,0.011470794677734375
1771,17719,-0.01145019568502903,,0.01145019568502903,
1772,17729,,-0.01137542724609375,,0.01137542724609375
1772,17729,-0.01145858783274889,,0.01145858783274889,
1773,17739,,-0.0113677978515625,,0.0113677978515625
1773,17739,-0.01146697998046875,,0.01146697998046875,
1774,17749,,-0.011348724365234375,,0.011348724365234375
1774,17749,-0.011474609375,,0.011474609375,
1775,17759,,-0.011440277099609375,,0.011440277099609375
1775,17759,-0.011484145186841488,,0.011484145186841488,
1776,17769,,-0.01136016845703125,,0.01136016845703125
1776,17769,-0.011492538265883923,,0.011492538265883923,
1777,17779,,-0.011524200439453125,,0.011524200439453125
1777,17779,-0.011500930413603783,,0.011500930413603783,
1778,17789,,-0.01151275634765625,,0.01151275634765625
1778,17789,-0.011509704403579235,,0.011509704403579235,
1779,17799,,-0.01153564453125,,0.01153564453125
1779,17799,-0.011517714709043503,,0.011517714709043503,
1780,17809,,-0.011631011962890625,,0.011631011962890625
1780,17809,-0.01152725052088499,,0.01152725052088499,
1781,17819,,-0.01129150390625,,0.01129150390625
1781,17819,-0.01153640728443861,,0.01153640728443861,
1782,17829,,-0.011505126953125,,0.011505126953125
1782,17829,-0.011544418521225452,,0.011544418521225452,
1783,17839,,-0.011569976806640625,,0.011569976806640625
1783,17839,-0.011553955264389515,,0.011553955264389515,
1784,17849,,-0.01155853271484375,,0.01155853271484375
1784,17849,-0.011563492007553577,,0.011563492007553577,
1785,17859,,-0.011913299560546875,,0.011913299560546875
1785,17859,-0.011571504175662994,,0.011571504175662994,
1786,17869,,-0.0116729736328125,,0.0116729736328125
1786,17869,-0.011581801809370518,,0.011581801809370518,
1787,17879,,-0.011638641357421875,,0.011638641357421875
1787,17879,-0.01158981490880251,,0.01158981490880251,
1788,17889,,-0.011562347412109375,,0.011562347412109375
1788,17889,-0.011599350720643997,,0.011599350720643997,
1789,17899,,-0.01154327392578125,,0.01154327392578125
1789,17899,-0.011608123779296875,,0.011608123779296875,
1790,17909,,-0.011554718017578125,,0.011554718017578125
1790,17909,-0.01161804236471653,,0.01161804236471653,
1791,17919,,-0.011676788330078125,,0.011676788330078125
1791,17919,-0.011629103682935238,,0.011629103682935238,
1792,17929,,-0.011730194091796875,,0.011730194091796875
1792,17929,-0.01163482666015625,,0.01163482666015625,
1793,17939,,-0.011707305908203125,,0.011707305908203125
1793,17939,-0.011645888909697533,,0.011645888909697533,
1794,17949,,-0.01168060302734375,,0.01168060302734375
1794,17949,-0.011655806563794613,,0.011655806563794613,
1795,17959,,-0.0117950439453125,,0.0117950439453125
1795,17959,-0.011664963327348232,,0.011664963327348232,
1796,17969,,-0.011737823486328125,,0.011737823486328125
1796,17969,-0.011675260961055756,,0.011675260961055756,
1797,17979,,-0.011699676513671875,,0.011699676513671875
1797,17979,-0.01168441865593195,,0.01168441865593195,
1798,17989,,-0.011760711669921875,,0.011760711669921875
1798,17989,-0.011694717220962048,,0.011694717220962048,
1799,17999,,-0.011646270751953125,,0.011646270751953125
1799,17999,-0.011703872121870518,,0.011703872121870518,
1800,18009,,-0.011638641357421875,,0.011638641357421875
1800,18009,-0.011713791638612747,,0.011713791638612747,
1801,18019,,-0.011791229248046875,,0.011791229248046875
1801,18019,-0.011724472977221012,,0.011724472977221012,
1802,18029,,-0.011608123779296875,,0.011608123779296875
1802,18029,-0.011732864193618298,,0.011732864193618298,
1803,18039,,-0.011753082275390625,,0.011753082275390625
1803,18039,-0.011743544600903988,,0.011743544600903988,
1804,18049,,-0.011585235595703125,,0.011585235595703125
1804,18049,-0.011754225939512253,,0.011754225939512253,
1805,18059,,-0.01172637939453125,,0.01172637939453125
1805,18059,-0.011764908209443092,,0.011764908209443092,
1806,18069,,-0.0115966796875,,0.0115966796875
1806,18069,-0.011774826794862747,,0.011774826794862747,
1807,18079,,-0.011890411376953125,,0.011890411376953125
1807,18079,-0.011784362606704235,,0.011784362606704235,
1808,18089,,-0.0116424560546875,,0.0116424560546875
1808,18089,-0.01179351843893528,,0.01179351843893528,
1809,18099,,-0.011707305908203125,,0.011707305908203125
1809,18099,-0.011805344372987747,,0.011805344372987747,
1810,18109,,-0.011837005615234375,,0.011837005615234375
1810,18109,-0.011815261095762253,,0.011815261095762253,
1811,18119,,-0.011646270751953125,,0.011646270751953125
1811,18119,-0.011826323345303535,,0.011826323345303535,
1812,18129,,-0.01161956787109375,,0.01161956787109375
1812,18129,-0.01182632427662611,,0.01182632427662611,
1813,18139,,-0.0111846923828125,,0.0111846923828125
1813,18139,-0.01138229388743639,,0.01138229388743639,
1814,18149,,-0.010955810546875,,0.010955810546875
1814,18149,-0.011055373586714268,,0.011055373586714268,
1815,18159,,-0.0109710693359375,,0.0109710693359375
1815,18159,-0.010942458175122738,,0.010942458175122738,
1816,18169,,-0.010906219482421875,,0.010906219482421875
1816,18169,-0.010904693976044655,,0.010904693976044655,
1817,18179,,-0.010684967041015625,,0.010684967041015625
1817,18179,-0.010892486199736595,,0.010892486199736595,
1818,18189,,-0.01092529296875,,0.01092529296875
1818,18189,-0.010890960693359375,,0.010890960693359375,
1819,18199,,-0.01111602783203125,,0.01111602783203125
1819,18199,-0.010891723446547985,,0.010891723446547985,
1820,18209,,-0.010974884033203125,,0.010974884033203125
1820,18209,-0.010893630795180798,,0.010893630795180798,
