epoch,step,test_loss,test_renyi_lb,train_loss_epoch,train_loss_step,train_renyi_lb_epoch,train_renyi_lb_step
0,7,,,0.10636069625616074,,-0.10636069625616074,
1,15,,,0.08761677145957947,,-0.08761677145957947,
2,23,,,0.07303206622600555,,-0.07303206622600555,
3,31,,,0.06166456267237663,,-0.06166456267237663,
4,39,,,0.05152532830834389,,-0.05152532830834389,
5,47,,,0.04210444167256355,,-0.04210444167256355,
6,49,,,,0.03711491823196411,,-0.03711491823196411
6,55,,,0.032951440662145615,,-0.032951440662145615,
7,63,,,0.02434430457651615,,-0.02434430457651615,
8,71,,,0.016320528462529182,,-0.016320528462529182,
9,79,,,0.008760206401348114,,-0.008760206401348114,
10,87,,,0.0018894188106060028,,-0.0018894188106060028,
11,95,,,-0.004441933706402779,,0.004441933706402779,
12,99,,,,-0.008520171046257019,,0.008520171046257019
12,103,,,-0.010231171734631062,,0.010231171734631062,
13,111,,,-0.01547535415738821,,0.01547535415738821,
14,119,,,-0.020192719995975494,,0.020192719995975494,
15,127,,,-0.02444516308605671,,0.02444516308605671,
16,135,,,-0.028164569288492203,,0.028164569288492203,
17,143,,,-0.03156692162156105,,0.03156692162156105,
18,149,,,,-0.037419937551021576,,0.037419937551021576
18,151,,,-0.0344882607460022,,0.0344882607460022,
19,159,,,-0.03702997788786888,,0.03702997788786888,
20,167,,,-0.03932752460241318,,0.03932752460241318,
21,175,,,-0.04129818454384804,,0.04129818454384804,
22,183,,,-0.043041080236434937,,0.043041080236434937,
23,191,,,-0.044528961181640625,,0.044528961181640625,
24,199,,,,-0.05198502540588379,,0.05198502540588379
24,199,,,-0.04581603780388832,,0.04581603780388832,
25,207,,,-0.046983588486909866,,0.046983588486909866,
26,215,,,-0.0479547418653965,,0.0479547418653965,
27,223,,,-0.04890676587820053,,0.04890676587820053,
28,231,,,-0.04960820451378822,,0.04960820451378822,
29,239,,,-0.050325457006692886,,0.050325457006692886,
30,247,,,-0.05090434476733208,,0.05090434476733208,
31,249,,,,-0.056860875338315964,,0.056860875338315964
31,255,,,-0.05148934945464134,,0.05148934945464134,
32,263,,,-0.052019551396369934,,0.052019551396369934,
33,271,,,-0.05248149484395981,,0.05248149484395981,
34,279,,,-0.05287487804889679,,0.05287487804889679,
35,287,,,-0.05328703671693802,,0.05328703671693802,
36,295,,,-0.053590405732393265,,0.053590405732393265,
37,299,,,,-0.05536933243274689,,0.05536933243274689
37,303,,,-0.05388503521680832,,0.05388503521680832,
38,311,,,-0.05412968248128891,,0.05412968248128891,
39,319,,,-0.05438893288373947,,0.05438893288373947,
40,327,,,-0.054557524621486664,,0.054557524621486664,
41,335,,,-0.05475204437971115,,0.05475204437971115,
42,343,,,-0.054886579513549805,,0.054886579513549805,
43,349,,,,-0.059308625757694244,,0.059308625757694244
43,351,,,-0.055000122636556625,,0.055000122636556625,
44,359,,,-0.05519069731235504,,0.05519069731235504,
45,367,,,-0.05521631985902786,,0.05521631985902786,
46,375,,,-0.055343735963106155,,0.055343735963106155,
47,383,,,-0.05546091869473457,,0.05546091869473457,
48,391,,,-0.05553044378757477,,0.05553044378757477,
49,399,,,,-0.05573592334985733,,0.05573592334985733
49,399,,,-0.055572766810655594,,0.055572766810655594,
50,407,,,-0.055665355175733566,,0.055665355175733566,
51,415,,,-0.05578654631972313,,0.05578654631972313,
52,423,,,-0.05575018748641014,,0.05575018748641014,
53,431,,,-0.05580783262848854,,0.05580783262848854,
54,439,,,-0.05589482560753822,,0.05589482560753822,
55,447,,,-0.055926304310560226,,0.055926304310560226,
56,449,,,,-0.05648183822631836,,0.05648183822631836
56,455,,,-0.05593001842498779,,0.05593001842498779,
57,463,,,-0.05598601698875427,,0.05598601698875427,
58,471,,,-0.05604886636137962,,0.05604886636137962,
59,479,,,-0.05595272779464722,,0.05595272779464722,
60,487,,,-0.05607318878173828,,0.05607318878173828,
61,495,,,-0.05609319359064102,,0.05609319359064102,
62,499,,,,-0.05090170353651047,,0.05090170353651047
62,503,,,-0.05613449215888977,,0.05613449215888977,
63,511,,,-0.05615036562085152,,0.05615036562085152,
64,519,,,-0.05611325800418854,,0.05611325800418854,
65,527,,,-0.05622075870633125,,0.05622075870633125,
66,535,,,-0.05616722255945206,,0.05616722255945206,
67,543,,,-0.056274354457855225,,0.056274354457855225,
68,549,,,,-0.048255302011966705,,0.048255302011966705
68,551,,,-0.056227464228868484,,0.056227464228868484,
69,559,,,-0.05628271400928497,,0.05628271400928497,
70,567,,,-0.05627673491835594,,0.05627673491835594,
71,575,,,-0.056200701743364334,,0.056200701743364334,
72,583,,,-0.05637730658054352,,0.05637730658054352,
73,591,,,-0.056290168315172195,,0.056290168315172195,
74,599,,,,-0.06295676529407501,,0.06295676529407501
74,599,,,-0.056307971477508545,,0.056307971477508545,
75,607,,,-0.056330785155296326,,0.056330785155296326,
76,615,,,-0.05632462725043297,,0.05632462725043297,
77,623,,,-0.0564105361700058,,0.0564105361700058,
78,631,,,-0.056333668529987335,,0.056333668529987335,
79,639,,,-0.05640807002782822,,0.05640807002782822,
80,647,,,-0.056367866694927216,,0.056367866694927216,
81,649,,,,-0.0643334910273552,,0.0643334910273552
81,655,,,-0.05638398602604866,,0.05638398602604866,
82,663,,,-0.05638759583234787,,0.05638759583234787,
83,671,,,-0.056432440876960754,,0.056432440876960754,
84,679,,,-0.0564865842461586,,0.0564865842461586,
85,687,,,-0.05646219477057457,,0.05646219477057457,
86,695,,,-0.056426696479320526,,0.056426696479320526,
87,699,,,,-0.05349426716566086,,0.05349426716566086
87,703,,,-0.05646292865276337,,0.05646292865276337,
88,711,,,-0.056456562131643295,,0.056456562131643295,
89,719,,,-0.05642815679311752,,0.05642815679311752,
90,727,,,-0.05642550811171532,,0.05642550811171532,
91,735,,,-0.05649014934897423,,0.05649014934897423,
92,743,,,-0.056509003043174744,,0.056509003043174744,
93,749,,,,-0.0586429163813591,,0.0586429163813591
93,751,,,-0.05650937929749489,,0.05650937929749489,
94,759,,,-0.05650818347930908,,0.05650818347930908,
95,767,,,-0.056475553661584854,,0.056475553661584854,
96,775,,,-0.05648639053106308,,0.05648639053106308,
97,783,,,-0.056593798100948334,,0.056593798100948334,
98,791,,,-0.056528594344854355,,0.056528594344854355,
99,799,,,,-0.055926039814949036,,0.055926039814949036
99,799,,,-0.05660040304064751,,0.05660040304064751,
100,807,,,-0.05654030293226242,,0.05654030293226242,
101,815,,,-0.056633464992046356,,0.056633464992046356,
102,823,,,-0.056547485291957855,,0.056547485291957855,
103,831,,,-0.05655237287282944,,0.05655237287282944,
104,839,,,-0.05664454773068428,,0.05664454773068428,
105,847,,,-0.05658498406410217,,0.05658498406410217,
106,849,,,,-0.05575904995203018,,0.05575904995203018
106,855,,,-0.056543201208114624,,0.056543201208114624,
107,863,,,-0.056699469685554504,,0.056699469685554504,
108,871,,,-0.056619469076395035,,0.056619469076395035,
109,879,,,-0.0566474050283432,,0.0566474050283432,
110,887,,,-0.056703053414821625,,0.056703053414821625,
111,895,,,-0.05664343386888504,,0.05664343386888504,
112,899,,,,-0.04527988284826279,,0.04527988284826279
112,903,,,-0.05669766664505005,,0.05669766664505005,
113,911,,,-0.05658947676420212,,0.05658947676420212,
114,919,,,-0.05664462968707085,,0.05664462968707085,
115,927,,,-0.05665917322039604,,0.05665917322039604,
116,935,,,-0.05672134831547737,,0.05672134831547737,
117,943,,,-0.05671565607190132,,0.05671565607190132,
118,949,,,,-0.0628301128745079,,0.0628301128745079
118,951,,,-0.056640271097421646,,0.056640271097421646,
119,959,,,-0.05658969655632973,,0.05658969655632973,
120,967,,,-0.05671956017613411,,0.05671956017613411,
121,975,,,-0.056661322712898254,,0.056661322712898254,
122,983,,,-0.056751757860183716,,0.056751757860183716,
123,991,,,-0.05666525289416313,,0.05666525289416313,
124,999,,,,-0.05720257759094238,,0.05720257759094238
124,999,,,-0.05664950609207153,,0.05664950609207153,
125,1007,,,-0.05666818097233772,,0.05666818097233772,
126,1015,,,-0.05667797848582268,,0.05667797848582268,
127,1023,,,-0.0566970519721508,,0.0566970519721508,
128,1031,,,-0.056756678968667984,,0.056756678968667984,
129,1039,,,-0.056667882949113846,,0.056667882949113846,
130,1047,,,-0.05669229105114937,,0.05669229105114937,
131,1049,,,,-0.06135401874780655,,0.06135401874780655
131,1055,,,-0.056715305894613266,,0.056715305894613266,
132,1063,,,-0.056707292795181274,,0.056707292795181274,
133,1071,,,-0.05675138533115387,,0.05675138533115387,
134,1079,,,-0.05678220093250275,,0.05678220093250275,
135,1087,,,-0.056777093559503555,,0.056777093559503555,
136,1095,,,-0.0567505918443203,,0.0567505918443203,
137,1099,,,,-0.0510375052690506,,0.0510375052690506
137,1103,,,-0.056683607399463654,,0.056683607399463654,
138,1111,,,-0.056712083518505096,,0.056712083518505096,
139,1119,,,-0.05667751282453537,,0.05667751282453537,
140,1127,,,-0.05666901916265488,,0.05666901916265488,
141,1135,,,-0.05689423158764839,,0.05689423158764839,
142,1143,,,-0.05675708130002022,,0.05675708130002022,
143,1149,,,,-0.05415072292089462,,0.05415072292089462
143,1151,,,-0.05674923583865166,,0.05674923583865166,
144,1159,,,-0.05677030608057976,,0.05677030608057976,
145,1167,,,-0.05680684372782707,,0.05680684372782707,
146,1175,,,-0.05672651529312134,,0.05672651529312134,
147,1183,,,-0.05683537572622299,,0.05683537572622299,
148,1191,,,-0.05671415850520134,,0.05671415850520134,
149,1199,,,,-0.061616234481334686,,0.061616234481334686
149,1199,,,-0.056700319051742554,,0.056700319051742554,
150,1207,,,-0.05677883327007294,,0.05677883327007294,
151,1215,,,-0.05676329508423805,,0.05676329508423805,
152,1223,,,-0.056736670434474945,,0.056736670434474945,
153,1231,,,-0.05676621198654175,,0.05676621198654175,
154,1239,,,-0.05677633732557297,,0.05677633732557297,
155,1247,,,-0.05680709332227707,,0.05680709332227707,
156,1249,,,,-0.053981781005859375,,0.053981781005859375
156,1255,,,-0.05674844980239868,,0.05674844980239868,
157,1263,,,-0.05679882690310478,,0.05679882690310478,
158,1271,,,-0.0568370558321476,,0.0568370558321476,
159,1279,,,-0.05680662393569946,,0.05680662393569946,
160,1287,,,-0.0568104051053524,,0.0568104051053524,
161,1295,,,-0.05681131035089493,,0.05681131035089493,
162,1299,,,,-0.041236259043216705,,0.041236259043216705
162,1303,,,-0.056699931621551514,,0.056699931621551514,
163,1311,,,-0.056764405220746994,,0.056764405220746994,
164,1319,,,-0.05676855519413948,,0.05676855519413948,
165,1327,,,-0.05678790807723999,,0.05678790807723999,
166,1335,,,-0.056852784007787704,,0.056852784007787704,
167,1343,,,-0.05677518993616104,,0.05677518993616104,
168,1349,,,,-0.0635717436671257,,0.0635717436671257
168,1351,,,-0.056792039424180984,,0.056792039424180984,
169,1359,,,-0.05679550766944885,,0.05679550766944885,
170,1367,,,-0.056975316256284714,,0.056975316256284714,
171,1375,,,-0.05685633048415184,,0.05685633048415184,
172,1383,,,-0.05677921324968338,,0.05677921324968338,
173,1391,,,-0.05672059953212738,,0.05672059953212738,
174,1399,,,,-0.054914526641368866,,0.054914526641368866
174,1399,,,-0.056820519268512726,,0.056820519268512726,
175,1407,,,-0.056837812066078186,,0.056837812066078186,
176,1415,,,-0.05683709681034088,,0.05683709681034088,
177,1423,,,-0.05694769322872162,,0.05694769322872162,
178,1431,,,-0.056782808154821396,,0.056782808154821396,
179,1439,,,-0.05680738389492035,,0.05680738389492035,
180,1447,,,-0.056883931159973145,,0.056883931159973145,
181,1449,,,,-0.05406933277845383,,0.05406933277845383
181,1455,,,-0.056805916130542755,,0.056805916130542755,
182,1463,,,-0.056816209107637405,,0.056816209107637405,
183,1471,,,-0.05688193440437317,,0.05688193440437317,
184,1479,,,-0.056843627244234085,,0.056843627244234085,
185,1487,,,-0.05684942752122879,,0.05684942752122879,
186,1495,,,-0.05671577900648117,,0.05671577900648117,
187,1499,,,,-0.05920419842004776,,0.05920419842004776
187,1503,,,-0.05671665817499161,,0.05671665817499161,
188,1511,,,-0.05690070986747742,,0.05690070986747742,
189,1519,,,-0.05682941898703575,,0.05682941898703575,
190,1527,,,-0.05678330734372139,,0.05678330734372139,
191,1535,,,-0.05684623494744301,,0.05684623494744301,
192,1543,,,-0.05683750659227371,,0.05683750659227371,
193,1549,,,,-0.073399119079113,,0.073399119079113
193,1551,,,-0.05691240355372429,,0.05691240355372429,
194,1559,,,-0.05687900260090828,,0.05687900260090828,
195,1567,,,-0.056721508502960205,,0.056721508502960205,
196,1575,,,-0.05681383237242699,,0.05681383237242699,
197,1583,,,-0.05678296461701393,,0.05678296461701393,
198,1591,,,-0.056844670325517654,,0.056844670325517654,
199,1599,,,,-0.050625279545784,,0.050625279545784
199,1599,,,-0.05676427483558655,,0.05676427483558655,
200,1607,,,-0.05685437470674515,,0.05685437470674515,
201,1615,,,-0.056837297976017,,0.056837297976017,
202,1623,,,-0.0568830706179142,,0.0568830706179142,
203,1631,,,-0.05695736035704613,,0.05695736035704613,
204,1639,,,-0.05687947943806648,,0.05687947943806648,
205,1647,,,-0.05690162256360054,,0.05690162256360054,
206,1649,,,,-0.04869051277637482,,0.04869051277637482
206,1655,,,-0.05685421824455261,,0.05685421824455261,
207,1663,,,-0.056932348757982254,,0.056932348757982254,
208,1671,,,-0.056868333369493484,,0.056868333369493484,
209,1679,,,-0.05694431811571121,,0.05694431811571121,
210,1687,,,-0.05688829347491264,,0.05688829347491264,
211,1695,,,-0.056834641844034195,,0.056834641844034195,
212,1699,,,,-0.0690704807639122,,0.0690704807639122
212,1703,,,-0.05692383274435997,,0.05692383274435997,
213,1711,,,-0.05687559023499489,,0.05687559023499489,
214,1719,,,-0.056863848119974136,,0.056863848119974136,
215,1727,,,-0.05685054138302803,,0.05685054138302803,
216,1735,,,-0.056951556354761124,,0.056951556354761124,
217,1743,,,-0.05701499804854393,,0.05701499804854393,
218,1749,,,,-0.06145983189344406,,0.06145983189344406
218,1751,,,-0.05695440620183945,,0.05695440620183945,
219,1759,,,-0.05694400146603584,,0.05694400146603584,
220,1767,,,-0.05687980353832245,,0.05687980353832245,
221,1775,,,-0.05691736936569214,,0.05691736936569214,
222,1783,,,-0.056927550584077835,,0.056927550584077835,
223,1791,,,-0.056970056146383286,,0.056970056146383286,
224,1799,,,,-0.06006927788257599,,0.06006927788257599
224,1799,,,-0.05705239251255989,,0.05705239251255989,
225,1807,,,-0.056904491037130356,,0.056904491037130356,
226,1815,,,-0.056947968900203705,,0.056947968900203705,
227,1823,,,-0.05688422918319702,,0.05688422918319702,
228,1831,,,-0.056922752410173416,,0.056922752410173416,
229,1839,,,-0.05699581280350685,,0.05699581280350685,
230,1847,,,-0.05694177374243736,,0.05694177374243736,
231,1849,,,,-0.058948613703250885,,0.058948613703250885
231,1855,,,-0.05680149421095848,,0.05680149421095848,
232,1863,,,-0.056956224143505096,,0.056956224143505096,
233,1871,,,-0.05691758543252945,,0.05691758543252945,
234,1879,,,-0.05683824419975281,,0.05683824419975281,
235,1887,,,-0.05693770572543144,,0.05693770572543144,
236,1895,,,-0.0570221021771431,,0.0570221021771431,
237,1899,,,,-0.05082378536462784,,0.05082378536462784
237,1903,,,-0.056893762201070786,,0.056893762201070786,
238,1911,,,-0.056908946484327316,,0.056908946484327316,
239,1919,,,-0.056912682950496674,,0.056912682950496674,
240,1927,,,-0.057026609778404236,,0.057026609778404236,
241,1935,,,-0.05701984837651253,,0.05701984837651253,
242,1943,,,-0.056999653577804565,,0.056999653577804565,
243,1949,,,,-0.05622129887342453,,0.05622129887342453
243,1951,,,-0.056940946727991104,,0.056940946727991104,
244,1959,,,-0.056947968900203705,,0.056947968900203705,
245,1967,,,-0.056952036917209625,,0.056952036917209625,
246,1975,,,-0.056933268904685974,,0.056933268904685974,
247,1983,,,-0.0568656325340271,,0.0568656325340271,
248,1991,,,-0.056918445974588394,,0.056918445974588394,
249,1999,,,,-0.0631108283996582,,0.0631108283996582
249,1999,,,-0.05693265423178673,,0.05693265423178673,
250,2007,,,-0.05698700621724129,,0.05698700621724129,
251,2015,,,-0.056989092379808426,,0.056989092379808426,
252,2023,,,-0.05693092569708824,,0.05693092569708824,
253,2031,,,-0.05687490105628967,,0.05687490105628967,
254,2039,,,-0.057021819055080414,,0.057021819055080414,
255,2047,,,-0.05701879411935806,,0.05701879411935806,
256,2049,,,,-0.0608157142996788,,0.0608157142996788
256,2055,,,-0.056868840008974075,,0.056868840008974075,
257,2063,,,-0.05695090442895889,,0.05695090442895889,
258,2071,,,-0.05707263946533203,,0.05707263946533203,
259,2079,,,-0.057005468755960464,,0.057005468755960464,
260,2087,,,-0.05703575909137726,,0.05703575909137726,
261,2095,,,-0.0570339672267437,,0.0570339672267437,
262,2099,,,,-0.045791104435920715,,0.045791104435920715
262,2103,,,-0.05694064870476723,,0.05694064870476723,
263,2111,,,-0.056975871324539185,,0.056975871324539185,
264,2119,,,-0.05691172927618027,,0.05691172927618027,
265,2127,,,-0.05690766125917435,,0.05690766125917435,
266,2135,,,-0.05697360262274742,,0.05697360262274742,
267,2143,,,-0.056855641305446625,,0.056855641305446625,
268,2149,,,,-0.0507199764251709,,0.0507199764251709
268,2151,,,-0.056925952434539795,,0.056925952434539795,
269,2159,,,-0.05698453262448311,,0.05698453262448311,
270,2167,,,-0.05691792443394661,,0.05691792443394661,
271,2175,,,-0.05707501247525215,,0.05707501247525215,
272,2183,,,-0.0569843128323555,,0.0569843128323555,
273,2191,,,-0.05697375535964966,,0.05697375535964966,
274,2199,,,,-0.05530066788196564,,0.05530066788196564
274,2199,,,-0.05711585655808449,,0.05711585655808449,
275,2207,,,-0.05695871636271477,,0.05695871636271477,
276,2215,,,-0.056922901421785355,,0.056922901421785355,
277,2223,,,-0.057042572647333145,,0.057042572647333145,
278,2231,,,-0.05690290406346321,,0.05690290406346321,
279,2239,,,-0.05696522071957588,,0.05696522071957588,
280,2247,,,-0.05699104070663452,,0.05699104070663452,
281,2249,,,,-0.05579371750354767,,0.05579371750354767
281,2255,,,-0.056895896792411804,,0.056895896792411804,
282,2263,,,-0.05698118731379509,,0.05698118731379509,
283,2271,,,-0.05693480372428894,,0.05693480372428894,
284,2279,,,-0.05693043768405914,,0.05693043768405914,
285,2287,,,-0.05703894793987274,,0.05703894793987274,
286,2295,,,-0.05695287510752678,,0.05695287510752678,
287,2299,,,,-0.06938181072473526,,0.06938181072473526
287,2303,,,-0.05704256147146225,,0.05704256147146225,
288,2311,,,-0.05696651712059975,,0.05696651712059975,
289,2319,,,-0.056924909353256226,,0.056924909353256226,
290,2327,,,-0.056935276836156845,,0.056935276836156845,
291,2335,,,-0.05695785954594612,,0.05695785954594612,
292,2343,,,-0.05700195953249931,,0.05700195953249931,
293,2349,,,,-0.05063905566930771,,0.05063905566930771
293,2351,,,-0.05698448419570923,,0.05698448419570923,
294,2359,,,-0.05706142634153366,,0.05706142634153366,
295,2367,,,-0.05701503902673721,,0.05701503902673721,
296,2375,,,-0.05710916593670845,,0.05710916593670845,
297,2383,,,-0.05712026357650757,,0.05712026357650757,
298,2391,,,-0.05699245631694794,,0.05699245631694794,
299,2399,,,,-0.05708775669336319,,0.05708775669336319
299,2399,,,-0.05696690082550049,,0.05696690082550049,
300,2407,,,-0.05694223567843437,,0.05694223567843437,
301,2415,,,-0.056930333375930786,,0.056930333375930786,
302,2423,,,-0.056998930871486664,,0.056998930871486664,
303,2431,,,-0.056926365941762924,,0.056926365941762924,
304,2439,,,-0.056946899741888046,,0.056946899741888046,
305,2447,,,-0.056947529315948486,,0.056947529315948486,
306,2449,,,,-0.05852460861206055,,0.05852460861206055
306,2455,,,-0.056985240429639816,,0.056985240429639816,
307,2463,,,-0.05696093291044235,,0.05696093291044235,
308,2471,,,-0.056980542838573456,,0.056980542838573456,
309,2479,,,-0.057083532214164734,,0.057083532214164734,
310,2487,,,-0.0570092648267746,,0.0570092648267746,
311,2495,,,-0.05697351694107056,,0.05697351694107056,
312,2499,,,,-0.05470643192529678,,0.05470643192529678
312,2503,,,-0.056921448558568954,,0.056921448558568954,
313,2511,,,-0.0570327453315258,,0.0570327453315258,
314,2519,,,-0.057059962302446365,,0.057059962302446365,
315,2527,,,-0.05694540962576866,,0.05694540962576866,
316,2535,,,-0.0569734200835228,,0.0569734200835228,
317,2543,,,-0.05700681731104851,,0.05700681731104851,
318,2549,,,,-0.06472568958997726,,0.06472568958997726
318,2551,,,-0.05696067959070206,,0.05696067959070206,
319,2559,,,-0.05716736987233162,,0.05716736987233162,
320,2567,,,-0.05698257312178612,,0.05698257312178612,
321,2575,,,-0.05701896920800209,,0.05701896920800209,
322,2583,,,-0.05720759928226471,,0.05720759928226471,
323,2591,,,-0.056962750852108,,0.056962750852108,
324,2599,,,,-0.0592716708779335,,0.0592716708779335
324,2599,,,-0.057012010365724564,,0.057012010365724564,
325,2607,,,-0.05693709850311279,,0.05693709850311279,
326,2615,,,-0.05692928284406662,,0.05692928284406662,
327,2623,,,-0.05708920955657959,,0.05708920955657959,
328,2631,,,-0.057011157274246216,,0.057011157274246216,
329,2639,,,-0.056966688483953476,,0.056966688483953476,
330,2647,,,-0.05701202526688576,,0.05701202526688576,
331,2649,,,,-0.06876349449157715,,0.06876349449157715
331,2655,,,-0.056987714022397995,,0.056987714022397995,
332,2663,,,-0.05694069713354111,,0.05694069713354111,
333,2671,,,-0.056930702179670334,,0.056930702179670334,
334,2679,,,-0.05703038349747658,,0.05703038349747658,
335,2687,,,-0.05694904923439026,,0.05694904923439026,
336,2695,,,-0.05705513432621956,,0.05705513432621956,
337,2699,,,,-0.06009078025817871,,0.06009078025817871
337,2703,,,-0.057008229196071625,,0.057008229196071625,
338,2711,,,-0.057089466601610184,,0.057089466601610184,
339,2719,,,-0.05705030634999275,,0.05705030634999275,
340,2727,,,-0.05702140927314758,,0.05702140927314758,
341,2735,,,-0.057052720338106155,,0.057052720338106155,
342,2743,,,-0.05704524368047714,,0.05704524368047714,
343,2749,,,,-0.059023432433605194,,0.059023432433605194
343,2751,,,-0.05694180727005005,,0.05694180727005005,
344,2759,,,-0.057038165628910065,,0.057038165628910065,
345,2767,,,-0.05700135976076126,,0.05700135976076126,
346,2775,,,-0.056997258216142654,,0.056997258216142654,
347,2783,,,-0.05708162859082222,,0.05708162859082222,
348,2791,,,-0.05699609965085983,,0.05699609965085983,
349,2799,,,,-0.047150567173957825,,0.047150567173957825
349,2799,,,-0.05706555023789406,,0.05706555023789406,
350,2807,,,-0.0570560060441494,,0.0570560060441494,
351,2815,,,-0.057072240859270096,,0.057072240859270096,
352,2823,,,-0.05705736204981804,,0.05705736204981804,
353,2831,,,-0.05698210000991821,,0.05698210000991821,
354,2839,,,-0.05706789717078209,,0.05706789717078209,
355,2847,,,-0.056993287056684494,,0.056993287056684494,
356,2849,,,,-0.05327220261096954,,0.05327220261096954
356,2855,,,-0.057041894644498825,,0.057041894644498825,
357,2863,,,-0.05714859440922737,,0.05714859440922737,
358,2871,,,-0.05704124644398689,,0.05704124644398689,
359,2879,,,-0.05694722756743431,,0.05694722756743431,
360,2887,,,-0.056930333375930786,,0.056930333375930786,
361,2895,,,-0.05697573348879814,,0.05697573348879814,
362,2899,,,,-0.0629815086722374,,0.0629815086722374
362,2903,,,-0.056920453906059265,,0.056920453906059265,
363,2911,,,-0.05694527551531792,,0.05694527551531792,
364,2919,,,-0.05698782205581665,,0.05698782205581665,
365,2927,,,-0.05700051411986351,,0.05700051411986351,
366,2935,,,-0.05714578181505203,,0.05714578181505203,
367,2943,,,-0.05693880096077919,,0.05693880096077919,
368,2949,,,,-0.059033773839473724,,0.059033773839473724
368,2951,,,-0.056950975209474564,,0.056950975209474564,
369,2959,,,-0.05697469413280487,,0.05697469413280487,
370,2967,,,-0.05703623220324516,,0.05703623220324516,
371,2975,,,-0.0570749007165432,,0.0570749007165432,
372,2983,,,-0.05708000436425209,,0.05708000436425209,
373,2991,,,-0.05698605254292488,,0.05698605254292488,
374,2999,,,,-0.06557493656873703,,0.06557493656873703
374,2999,,,-0.057071130722761154,,0.057071130722761154,
375,3007,,,-0.057021427899599075,,0.057021427899599075,
376,3015,,,-0.057086408138275146,,0.057086408138275146,
377,3023,,,-0.05718719959259033,,0.05718719959259033,
378,3031,,,-0.05701133608818054,,0.05701133608818054,
379,3039,,,-0.05694083124399185,,0.05694083124399185,
380,3047,,,-0.0570450983941555,,0.0570450983941555,
381,3049,,,,-0.047586821019649506,,0.047586821019649506
381,3055,,,-0.05705396831035614,,0.05705396831035614,
382,3063,,,-0.057092487812042236,,0.057092487812042236,
383,3071,,,-0.05695140361785889,,0.05695140361785889,
384,3079,,,-0.05695440247654915,,0.05695440247654915,
385,3087,,,-0.05705239251255989,,0.05705239251255989,
386,3095,,,-0.05702260881662369,,0.05702260881662369,
387,3099,,,,-0.05323328822851181,,0.05323328822851181
387,3103,,,-0.057072144001722336,,0.057072144001722336,
388,3111,,,-0.057035405188798904,,0.057035405188798904,
389,3119,,,-0.057008229196071625,,0.057008229196071625,
390,3127,,,-0.05707233399152756,,0.05707233399152756,
391,3135,,,-0.05695423483848572,,0.05695423483848572,
392,3143,,,-0.05698242783546448,,0.05698242783546448,
393,3149,,,,-0.05182685703039169,,0.05182685703039169
393,3151,,,-0.05702599510550499,,0.05702599510550499,
394,3159,,,-0.05700679495930672,,0.05700679495930672,
395,3167,,,-0.05703594535589218,,0.05703594535589218,
396,3175,,,-0.05688844621181488,,0.05688844621181488,
397,3183,,,-0.05696907266974449,,0.05696907266974449,
398,3191,,,-0.0570143386721611,,0.0570143386721611,
399,3199,,,,-0.05516862869262695,,0.05516862869262695
399,3199,,,-0.05708200857043266,,0.05708200857043266,
400,3207,,,-0.05705948919057846,,0.05705948919057846,
401,3215,,,-0.05701318383216858,,0.05701318383216858,
402,3223,,,-0.05721791833639145,,0.05721791833639145,
403,3231,,,-0.057008299976587296,,0.057008299976587296,
404,3239,,,-0.05702757462859154,,0.05702757462859154,
405,3247,,,-0.057057496160268784,,0.057057496160268784,
406,3249,,,,-0.06021910160779953,,0.06021910160779953
406,3255,,,-0.056984540075063705,,0.056984540075063705,
407,3263,,,-0.05710114166140556,,0.05710114166140556,
408,3271,,,-0.0570332407951355,,0.0570332407951355,
409,3279,,,-0.05695916712284088,,0.05695916712284088,
410,3287,,,-0.05702070891857147,,0.05702070891857147,
411,3295,,,-0.05708477646112442,,0.05708477646112442,
412,3299,,,,-0.0666162520647049,,0.0666162520647049
412,3303,,,-0.05710357800126076,,0.05710357800126076,
413,3311,,,-0.05703447759151459,,0.05703447759151459,
414,3319,,,-0.05694996938109398,,0.05694996938109398,
415,3327,,,-0.05701754614710808,,0.05701754614710808,
416,3335,,,-0.05702855810523033,,0.05702855810523033,
417,3343,,,-0.05705484002828598,,0.05705484002828598,
418,3349,,,,-0.05372495949268341,,0.05372495949268341
418,3351,,,-0.05697688087821007,,0.05697688087821007,
419,3359,,,-0.05695858225226402,,0.05695858225226402,
420,3367,,,-0.05701505020260811,,0.05701505020260811,
421,3375,,,-0.05704567953944206,,0.05704567953944206,
422,3383,,,-0.05708291754126549,,0.05708291754126549,
423,3391,,,-0.05712226405739784,,0.05712226405739784,
424,3399,,,,-0.04844031482934952,,0.04844031482934952
424,3399,,,-0.057100147008895874,,0.057100147008895874,
425,3407,,,-0.05708595737814903,,0.05708595737814903,
426,3415,,,-0.05708937346935272,,0.05708937346935272,
427,3423,,,-0.0570683516561985,,0.0570683516561985,
428,3431,,,-0.05702800303697586,,0.05702800303697586,
429,3439,,,-0.05706654489040375,,0.05706654489040375,
430,3447,,,-0.057079821825027466,,0.057079821825027466,
431,3449,,,,-0.06919536739587784,,0.06919536739587784
431,3455,,,-0.05722065269947052,,0.05722065269947052,
432,3463,,,-0.056991059333086014,,0.056991059333086014,
433,3471,,,-0.056914813816547394,,0.056914813816547394,
434,3479,,,-0.05706949904561043,,0.05706949904561043,
435,3487,,,-0.056879401206970215,,0.056879401206970215,
436,3495,,,-0.05695413798093796,,0.05695413798093796,
437,3499,,,,-0.06334000080823898,,0.06334000080823898
437,3503,,,-0.056989070028066635,,0.056989070028066635,
438,3511,,,-0.05701792612671852,,0.05701792612671852,
439,3519,,,-0.05701049044728279,,0.05701049044728279,
440,3527,,,-0.05710494890809059,,0.05710494890809059,
441,3535,,,-0.05700032785534859,,0.05700032785534859,
442,3543,,,-0.05697702616453171,,0.05697702616453171,
443,3549,,,,-0.0694163367152214,,0.0694163367152214
443,3551,,,-0.05710034817457199,,0.05710034817457199,
444,3559,,,-0.057033050805330276,,0.057033050805330276,
445,3567,,,-0.05701877921819687,,0.05701877921819687,
446,3575,,,-0.056993402540683746,,0.056993402540683746,
447,3583,,,-0.05709145590662956,,0.05709145590662956,
448,3591,,,-0.057021692395210266,,0.057021692395210266,
449,3599,,,,-0.05839528888463974,,0.05839528888463974
449,3599,,,-0.05695001035928726,,0.05695001035928726,
450,3607,,,-0.05694178491830826,,0.05694178491830826,
451,3615,,,-0.05703488737344742,,0.05703488737344742,
452,3623,,,-0.05709977447986603,,0.05709977447986603,
453,3631,,,-0.05708415433764458,,0.05708415433764458,
454,3639,,,-0.0570015087723732,,0.0570015087723732,
455,3647,,,-0.05710186809301376,,0.05710186809301376,
456,3649,,,,-0.0426267609000206,,0.0426267609000206
456,3655,,,-0.057026978582143784,,0.057026978582143784,
457,3663,,,-0.057038940489292145,,0.057038940489292145,
458,3671,,,-0.05702003836631775,,0.05702003836631775,
459,3679,,,-0.057090144604444504,,0.057090144604444504,
460,3687,,,-0.05703243985772133,,0.05703243985772133,
461,3695,,,-0.057008448988199234,,0.057008448988199234,
462,3699,,,,-0.059827521443367004,,0.059827521443367004
462,3703,,,-0.057020701467990875,,0.057020701467990875,
463,3711,,,-0.0570329912006855,,0.0570329912006855,
464,3719,,,-0.05705615133047104,,0.05705615133047104,
465,3727,,,-0.05705821514129639,,0.05705821514129639,
466,3735,,,-0.057028498500585556,,0.057028498500585556,
467,3743,,,-0.05707727000117302,,0.05707727000117302,
468,3749,,,,-0.0639728531241417,,0.0639728531241417
468,3751,,,-0.057006336748600006,,0.057006336748600006,
469,3759,,,-0.057071391493082047,,0.057071391493082047,
470,3767,,,-0.05705984681844711,,0.05705984681844711,
471,3775,,,-0.05700971186161041,,0.05700971186161041,
472,3783,,,-0.05699790641665459,,0.05699790641665459,
473,3791,,,-0.05703836679458618,,0.05703836679458618,
474,3799,,,,-0.060300640761852264,,0.060300640761852264
474,3799,,,-0.056979626417160034,,0.056979626417160034,
475,3807,,,-0.05720365047454834,,0.05720365047454834,
476,3815,,,-0.05704400688409805,,0.05704400688409805,
477,3823,,,-0.0571305975317955,,0.0571305975317955,
478,3831,,,-0.05711593106389046,,0.05711593106389046,
479,3839,,,-0.05701698735356331,,0.05701698735356331,
480,3847,,,-0.0570470355451107,,0.0570470355451107,
481,3849,,,,-0.05248083919286728,,0.05248083919286728
481,3855,,,-0.05708818510174751,,0.05708818510174751,
482,3863,,,-0.05702678859233856,,0.05702678859233856,
483,3871,,,-0.05705668404698372,,0.05705668404698372,
484,3879,,,-0.05703861638903618,,0.05703861638903618,
485,3887,,,-0.057023875415325165,,0.057023875415325165,
486,3895,,,-0.05696903541684151,,0.05696903541684151,
487,3899,,,,-0.045136407017707825,,0.045136407017707825
487,3903,,,-0.05696840211749077,,0.05696840211749077,
488,3911,,,-0.05711391568183899,,0.05711391568183899,
489,3919,,,-0.056993965059518814,,0.056993965059518814,
490,3927,,,-0.05699973180890083,,0.05699973180890083,
491,3935,,,-0.05715176463127136,,0.05715176463127136,
492,3943,,,-0.05710100010037422,,0.05710100010037422,
493,3949,,,,-0.05204768478870392,,0.05204768478870392
493,3951,,,-0.05705323442816734,,0.05705323442816734,
494,3959,,,-0.05699210986495018,,0.05699210986495018,
495,3967,,,-0.05702698230743408,,0.05702698230743408,
496,3975,,,-0.056997716426849365,,0.056997716426849365,
497,3983,,,-0.05697663500905037,,0.05697663500905037,
498,3991,,,-0.05702708661556244,,0.05702708661556244,
499,3999,,,,-0.05639868229627609,,0.05639868229627609
499,3999,,,-0.05711088329553604,,0.05711088329553604,
500,4007,,,-0.05705945938825607,,0.05705945938825607,
501,4015,,,-0.05701548978686333,,0.05701548978686333,
502,4023,,,-0.0571180060505867,,0.0571180060505867,
503,4031,,,-0.05715977028012276,,0.05715977028012276,
504,4039,,,-0.05706968903541565,,0.05706968903541565,
505,4047,,,-0.05707938224077225,,0.05707938224077225,
506,4049,,,,-0.060741521418094635,,0.060741521418094635
506,4055,,,-0.056967273354530334,,0.056967273354530334,
507,4063,,,-0.056988347321748734,,0.056988347321748734,
508,4071,,,-0.05701126158237457,,0.05701126158237457,
509,4079,,,-0.05704081431031227,,0.05704081431031227,
510,4087,,,-0.057097192853689194,,0.057097192853689194,
511,4095,,,-0.05694346874952316,,0.05694346874952316,
512,4099,,,,-0.048915766179561615,,0.048915766179561615
512,4103,,,-0.05715879052877426,,0.05715879052877426,
513,4111,,,-0.05700051411986351,,0.05700051411986351,
514,4119,,,-0.05704163387417793,,0.05704163387417793,
515,4127,,,-0.057048872113227844,,0.057048872113227844,
516,4135,,,-0.057031311094760895,,0.057031311094760895,
517,4143,,,-0.057007282972335815,,0.057007282972335815,
518,4149,,,,-0.06881933659315109,,0.06881933659315109
518,4151,,,-0.05708341673016548,,0.05708341673016548,
519,4159,,,-0.057171087712049484,,0.057171087712049484,
520,4167,,,-0.05698351562023163,,0.05698351562023163,
521,4175,,,-0.057047996670007706,,0.057047996670007706,
522,4183,,,-0.05707729980349541,,0.05707729980349541,
523,4191,,,-0.05708049237728119,,0.05708049237728119,
524,4199,,,,-0.057079218327999115,,0.057079218327999115
524,4199,,,-0.057114697992801666,,0.057114697992801666,
525,4207,,,-0.05706137791275978,,0.05706137791275978,
526,4215,,,-0.057009052485227585,,0.057009052485227585,
527,4223,,,-0.05700314790010452,,0.05700314790010452,
528,4231,,,-0.05703360587358475,,0.05703360587358475,
529,4239,,,-0.05698367953300476,,0.05698367953300476,
530,4247,,,-0.05710538849234581,,0.05710538849234581,
531,4249,,,,-0.06403598934412003,,0.06403598934412003
531,4255,,,-0.05709780752658844,,0.05709780752658844,
532,4263,,,-0.05712131783366203,,0.05712131783366203,
533,4271,,,-0.05719877779483795,,0.05719877779483795,
534,4279,,,-0.05720622465014458,,0.05720622465014458,
535,4287,,,-0.05699528753757477,,0.05699528753757477,
536,4295,,,-0.057085901498794556,,0.057085901498794556,
537,4299,,,,-0.05979170650243759,,0.05979170650243759
537,4303,,,-0.0571114681661129,,0.0571114681661129,
538,4311,,,-0.056969091296195984,,0.056969091296195984,
539,4319,,,-0.05705269053578377,,0.05705269053578377,
540,4327,,,-0.05699342116713524,,0.05699342116713524,
541,4335,,,-0.05714667961001396,,0.05714667961001396,
542,4343,,,-0.05704879015684128,,0.05704879015684128,
543,4349,,,,-0.05356259644031525,,0.05356259644031525
543,4351,,,-0.057078663259744644,,0.057078663259744644,
544,4359,,,-0.0571737177670002,,0.0571737177670002,
545,4367,,,-0.057068388909101486,,0.057068388909101486,
546,4375,,,-0.05709291994571686,,0.05709291994571686,
547,4383,,,-0.05707111209630966,,0.05707111209630966,
548,4391,,,-0.05708180367946625,,0.05708180367946625,
549,4399,,,,-0.06342845410108566,,0.06342845410108566
549,4399,,,-0.056997913867235184,,0.056997913867235184,
550,4407,,,-0.057108379900455475,,0.057108379900455475,
551,4415,,,-0.05698290467262268,,0.05698290467262268,
552,4423,,,-0.05710003152489662,,0.05710003152489662,
553,4431,,,-0.05709599703550339,,0.05709599703550339,
554,4439,,,-0.057050224393606186,,0.057050224393606186,
555,4447,,,-0.05715399608016014,,0.05715399608016014,
556,4449,,,,-0.045288704335689545,,0.045288704335689545
556,4455,,,-0.05703381448984146,,0.05703381448984146,
557,4463,,,-0.05714389681816101,,0.05714389681816101,
558,4471,,,-0.05700957775115967,,0.05700957775115967,
559,4479,,,-0.05709368735551834,,0.05709368735551834,
560,4487,,,-0.057143110781908035,,0.057143110781908035,
561,4495,,,-0.05701998993754387,,0.05701998993754387,
562,4499,,,,-0.0466652438044548,,0.0466652438044548
562,4503,,,-0.0570756159722805,,0.0570756159722805,
563,4511,,,-0.05699997395277023,,0.05699997395277023,
564,4519,,,-0.05705346167087555,,0.05705346167087555,
565,4527,,,-0.057058922946453094,,0.057058922946453094,
566,4535,,,-0.056992992758750916,,0.056992992758750916,
567,4543,,,-0.05702787637710571,,0.05702787637710571,
568,4549,,,,-0.06224961578845978,,0.06224961578845978
568,4551,,,-0.05707189813256264,,0.05707189813256264,
569,4559,,,-0.05708923935890198,,0.05708923935890198,
570,4567,,,-0.05711797624826431,,0.05711797624826431,
571,4575,,,-0.057113755494356155,,0.057113755494356155,
572,4583,,,-0.05717412009835243,,0.05717412009835243,
573,4591,,,-0.05709795653820038,,0.05709795653820038,
574,4599,,,,-0.06831636279821396,,0.06831636279821396
574,4599,,,-0.05706923082470894,,0.05706923082470894,
575,4607,,,-0.05720159783959389,,0.05720159783959389,
576,4615,,,-0.05708273872733116,,0.05708273872733116,
577,4623,,,-0.05700485780835152,,0.05700485780835152,
578,4631,,,-0.0570572130382061,,0.0570572130382061,
579,4639,,,-0.05713420361280441,,0.05713420361280441,
580,4647,,,-0.05712071433663368,,0.05712071433663368,
581,4649,,,,-0.06256914138793945,,0.06256914138793945
581,4655,,,-0.057077497243881226,,0.057077497243881226,
582,4663,,,-0.05700604245066643,,0.05700604245066643,
583,4671,,,-0.057176623493433,,0.057176623493433,
584,4679,,,-0.05708570033311844,,0.05708570033311844,
585,4687,,,-0.057043787091970444,,0.057043787091970444,
586,4695,,,-0.05705781280994415,,0.05705781280994415,
587,4699,,,,-0.046726517379283905,,0.046726517379283905
587,4703,,,-0.05703306198120117,,0.05703306198120117,
588,4711,,,-0.05702536553144455,,0.05702536553144455,
589,4719,,,-0.05698678642511368,,0.05698678642511368,
590,4727,,,-0.057018958032131195,,0.057018958032131195,
591,4735,,,-0.0570252388715744,,0.0570252388715744,
592,4743,,,-0.0570979006588459,,0.0570979006588459,
593,4749,,,,-0.05427899211645126,,0.05427899211645126
593,4751,,,-0.05709582567214966,,0.05709582567214966,
594,4759,,,-0.057044245302677155,,0.057044245302677155,
595,4767,,,-0.057050127536058426,,0.057050127536058426,
596,4775,,,-0.057118646800518036,,0.057118646800518036,
597,4783,,,-0.05700531601905823,,0.05700531601905823,
598,4791,,,-0.05692766234278679,,0.05692766234278679,
599,4799,,,,-0.05854935944080353,,0.05854935944080353
599,4799,,,-0.05703600496053696,,0.05703600496053696,
600,4807,,,-0.057286858558654785,,0.057286858558654785,
601,4815,,,-0.05711277574300766,,0.05711277574300766,
602,4823,,,-0.057057227939367294,,0.057057227939367294,
603,4831,,,-0.05707788094878197,,0.05707788094878197,
604,4839,,,-0.05704348161816597,,0.05704348161816597,
605,4847,,,-0.05709461122751236,,0.05709461122751236,
606,4849,,,,-0.0726260170340538,,0.0726260170340538
606,4855,,,-0.05700130760669708,,0.05700130760669708,
607,4863,,,-0.05714680254459381,,0.05714680254459381,
608,4871,,,-0.05706304311752319,,0.05706304311752319,
609,4879,,,-0.05707588046789169,,0.05707588046789169,
610,4887,,,-0.057178229093551636,,0.057178229093551636,
611,4895,,,-0.057055406272411346,,0.057055406272411346,
612,4899,,,,-0.04282794147729874,,0.04282794147729874
612,4903,,,-0.05703279376029968,,0.05703279376029968,
613,4911,,,-0.05710503086447716,,0.05710503086447716,
614,4919,,,-0.05723201856017113,,0.05723201856017113,
615,4927,,,-0.057096049189567566,,0.057096049189567566,
616,4935,,,-0.05702345073223114,,0.05702345073223114,
617,4943,,,-0.05699169263243675,,0.05699169263243675,
618,4949,,,,-0.055970288813114166,,0.055970288813114166
618,4951,,,-0.05703097581863403,,0.05703097581863403,
619,4959,,,-0.05704472213983536,,0.05704472213983536,
620,4967,,,-0.05705850198864937,,0.05705850198864937,
621,4975,,,-0.05714552477002144,,0.05714552477002144,
622,4983,,,-0.05701914057135582,,0.05701914057135582,
623,4991,,,-0.05697326734662056,,0.05697326734662056,
624,4999,,,,-0.059238724410533905,,0.059238724410533905
624,4999,,,-0.0570451058447361,,0.0570451058447361,
625,5007,,,-0.057272642850875854,,0.057272642850875854,
626,5015,,,-0.05714976787567139,,0.05714976787567139,
627,5023,,,-0.057069238275289536,,0.057069238275289536,
628,5031,,,-0.05714106559753418,,0.05714106559753418,
629,5039,,,-0.05718579888343811,,0.05718579888343811,
630,5047,,,-0.05711224302649498,,0.05711224302649498,
631,5049,,,,-0.0593382865190506,,0.0593382865190506
631,5055,,,-0.0571257509291172,,0.0571257509291172,
632,5063,,,-0.05703474208712578,,0.05703474208712578,
633,5071,,,-0.057164426892995834,,0.057164426892995834,
634,5079,,,-0.057137999683618546,,0.057137999683618546,
635,5087,,,-0.05724666267633438,,0.05724666267633438,
636,5095,,,-0.05710680037736893,,0.05710680037736893,
637,5099,,,,-0.06259279698133469,,0.06259279698133469
637,5103,,,-0.05708126723766327,,0.05708126723766327,
638,5111,,,-0.057092100381851196,,0.057092100381851196,
639,5119,,,-0.05725441873073578,,0.05725441873073578,
640,5127,,,-0.05701534450054169,,0.05701534450054169,
641,5135,,,-0.056998852640390396,,0.056998852640390396,
642,5143,,,-0.05705542117357254,,0.05705542117357254,
643,5149,,,,-0.06980615109205246,,0.06980615109205246
643,5151,,,-0.057123370468616486,,0.057123370468616486,
644,5159,,,-0.05720645934343338,,0.05720645934343338,
645,5167,,,-0.05711831524968147,,0.05711831524968147,
646,5175,,,-0.05709752067923546,,0.05709752067923546,
647,5183,,,-0.05710268020629883,,0.05710268020629883,
648,5191,,,-0.05706053599715233,,0.05706053599715233,
649,5199,,,,-0.0632811114192009,,0.0632811114192009
649,5199,,,-0.05721760913729668,,0.05721760913729668,
650,5207,,,-0.05711215361952782,,0.05711215361952782,
651,5215,,,-0.05710577964782715,,0.05710577964782715,
652,5223,,,-0.057128723710775375,,0.057128723710775375,
653,5231,,,-0.05708539858460426,,0.05708539858460426,
654,5239,,,-0.05714418366551399,,0.05714418366551399,
655,5247,,,-0.05707155913114548,,0.05707155913114548,
656,5249,,,,-0.07288236916065216,,0.07288236916065216
656,5255,,,-0.05703260377049446,,0.05703260377049446,
657,5263,,,-0.057059966027736664,,0.057059966027736664,
658,5271,,,-0.05701819434762001,,0.05701819434762001,
659,5279,,,-0.057082124054431915,,0.057082124054431915,
660,5287,,,-0.056984711438417435,,0.056984711438417435,
661,5295,,,-0.057115454226732254,,0.057115454226732254,
662,5299,,,,-0.05429992824792862,,0.05429992824792862
662,5303,,,-0.05707535892724991,,0.05707535892724991,
663,5311,,,-0.0570797435939312,,0.0570797435939312,
664,5319,,,-0.05707709863781929,,0.05707709863781929,
665,5327,,,-0.057065319269895554,,0.057065319269895554,
666,5335,,,-0.05727176368236542,,0.05727176368236542,
667,5343,,,-0.05710357055068016,,0.05710357055068016,
668,5349,,,,-0.05097389221191406,,0.05097389221191406
668,5351,,,-0.05706876888871193,,0.05706876888871193,
669,5359,,,-0.05707518756389618,,0.05707518756389618,
670,5367,,,-0.05720505490899086,,0.05720505490899086,
671,5375,,,-0.05707995593547821,,0.05707995593547821,
672,5383,,,-0.05728280544281006,,0.05728280544281006,
673,5391,,,-0.05706504359841347,,0.05706504359841347,
674,5399,,,,-0.05945434421300888,,0.05945434421300888
674,5399,,,-0.057200536131858826,,0.057200536131858826,
675,5407,,,-0.05705108493566513,,0.05705108493566513,
676,5415,,,-0.05717400461435318,,0.05717400461435318,
677,5423,,,-0.05712568387389183,,0.05712568387389183,
678,5431,,,-0.05705491825938225,,0.05705491825938225,
679,5439,,,-0.05706970393657684,,0.05706970393657684,
680,5447,,,-0.057096924632787704,,0.057096924632787704,
681,5449,,,,-0.058768607676029205,,0.058768607676029205
681,5455,,,-0.05704991891980171,,0.05704991891980171,
682,5463,,,-0.057134393602609634,,0.057134393602609634,
683,5471,,,-0.057064153254032135,,0.057064153254032135,
684,5479,,,-0.05714036151766777,,0.05714036151766777,
685,5487,,,-0.057142652571201324,,0.057142652571201324,
686,5495,,,-0.05708680301904678,,0.05708680301904678,
687,5499,,,,-0.07377491146326065,,0.07377491146326065
687,5503,,,-0.057096000760793686,,0.057096000760793686,
688,5511,,,-0.05706486105918884,,0.05706486105918884,
689,5519,,,-0.057077452540397644,,0.057077452540397644,
690,5527,,,-0.057070426642894745,,0.057070426642894745,
691,5535,,,-0.057075414806604385,,0.057075414806604385,
692,5543,,,-0.05709066614508629,,0.05709066614508629,
693,5549,,,,-0.0627840980887413,,0.0627840980887413
693,5551,,,-0.05705750733613968,,0.05705750733613968,
694,5559,,,-0.057115405797958374,,0.057115405797958374,
695,5567,,,-0.05706113949418068,,0.05706113949418068,
696,5575,,,-0.05697570741176605,,0.05697570741176605,
697,5583,,,-0.05709780380129814,,0.05709780380129814,
698,5591,,,-0.0571163147687912,,0.0571163147687912,
699,5599,,,,-0.05449342727661133,,0.05449342727661133
699,5599,,,-0.057160090655088425,,0.057160090655088425,
700,5607,,,-0.05709238722920418,,0.05709238722920418,
701,5615,,,-0.05706772580742836,,0.05706772580742836,
702,5623,,,-0.05707646533846855,,0.05707646533846855,
703,5631,,,-0.0570041760802269,,0.0570041760802269,
704,5639,,,-0.05707809329032898,,0.05707809329032898,
705,5647,,,-0.057077568024396896,,0.057077568024396896,
706,5649,,,,-0.0698338970541954,,0.0698338970541954
706,5655,,,-0.0572526790201664,,0.0572526790201664,
707,5663,,,-0.05698434263467789,,0.05698434263467789,
708,5671,,,-0.05712796747684479,,0.05712796747684479,
709,5679,,,-0.05711394548416138,,0.05711394548416138,
710,5687,,,-0.05714073404669762,,0.05714073404669762,
711,5695,,,-0.05708371475338936,,0.05708371475338936,
712,5699,,,,-0.04690761864185333,,0.04690761864185333
712,5703,,,-0.05708453431725502,,0.05708453431725502,
713,5711,,,-0.05709420144557953,,0.05709420144557953,
714,5719,,,-0.05716314539313316,,0.05716314539313316,
715,5727,,,-0.05706057697534561,,0.05706057697534561,
716,5735,,,-0.05715171992778778,,0.05715171992778778,
717,5743,,,-0.05712863802909851,,0.05712863802909851,
718,5749,,,,-0.05721502751111984,,0.05721502751111984
718,5751,,,-0.05705670639872551,,0.05705670639872551,
719,5759,,,-0.057082727551460266,,0.057082727551460266,
720,5767,,,-0.05708330124616623,,0.05708330124616623,
721,5775,,,-0.057100098580121994,,0.057100098580121994,
722,5783,,,-0.05709278583526611,,0.05709278583526611,
723,5791,,,-0.05717521905899048,,0.05717521905899048,
724,5799,,,,-0.04872860759496689,,0.04872860759496689
724,5799,,,-0.057044751942157745,,0.057044751942157745,
725,5807,,,-0.05706766992807388,,0.05706766992807388,
726,5815,,,-0.05710441991686821,,0.05710441991686821,
727,5823,,,-0.05706712603569031,,0.05706712603569031,
728,5831,,,-0.05721458047628403,,0.05721458047628403,
729,5839,,,-0.05703727900981903,,0.05703727900981903,
730,5847,,,-0.05707094818353653,,0.05707094818353653,
731,5849,,,,-0.05084996670484543,,0.05084996670484543
731,5855,,,-0.05718275159597397,,0.05718275159597397,
732,5863,,,-0.057061322033405304,,0.057061322033405304,
733,5871,,,-0.05705153942108154,,0.05705153942108154,
734,5879,,,-0.057059887796640396,,0.057059887796640396,
735,5887,,,-0.05706178769469261,,0.05706178769469261,
736,5895,,,-0.05714885890483856,,0.05714885890483856,
737,5899,,,,-0.05366940796375275,,0.05366940796375275
737,5903,,,-0.05698513612151146,,0.05698513612151146,
738,5911,,,-0.0570254772901535,,0.0570254772901535,
739,5919,,,-0.05702940747141838,,0.05702940747141838,
740,5927,,,-0.057250432670116425,,0.057250432670116425,
741,5935,,,-0.057153381407260895,,0.057153381407260895,
742,5943,,,-0.05716393515467644,,0.05716393515467644,
743,5949,,,,-0.06056042015552521,,0.06056042015552521
743,5951,,,-0.05709083750844002,,0.05709083750844002,
744,5959,,,-0.057042594999074936,,0.057042594999074936,
745,5967,,,-0.05707510933279991,,0.05707510933279991,
746,5975,,,-0.057294733822345734,,0.057294733822345734,
747,5983,,,-0.057059045881032944,,0.057059045881032944,
748,5991,,,-0.057147588580846786,,0.057147588580846786,
749,5999,,,,-0.061408333480358124,,0.061408333480358124
749,5999,,,-0.05707621946930885,,0.05707621946930885,
750,6007,,,-0.05710035562515259,,0.05710035562515259,
751,6015,,,-0.057103343307971954,,0.057103343307971954,
752,6023,,,-0.057084016501903534,,0.057084016501903534,
753,6031,,,-0.05705945938825607,,0.05705945938825607,
754,6039,,,-0.05711444839835167,,0.05711444839835167,
755,6047,,,-0.05710236728191376,,0.05710236728191376,
756,6049,,,,-0.05746131390333176,,0.05746131390333176
756,6055,,,-0.05712481588125229,,0.05712481588125229,
757,6063,,,-0.057073090225458145,,0.057073090225458145,
758,6071,,,-0.05726615712046623,,0.05726615712046623,
759,6079,,,-0.05714642256498337,,0.05714642256498337,
760,6087,,,-0.05705219879746437,,0.05705219879746437,
761,6095,,,-0.05711619183421135,,0.05711619183421135,
762,6099,,,,-0.044005490839481354,,0.044005490839481354
762,6103,,,-0.057199232280254364,,0.057199232280254364,
763,6111,,,-0.05707784369587898,,0.05707784369587898,
764,6119,,,-0.05707154422998428,,0.05707154422998428,
765,6127,,,-0.05714854598045349,,0.05714854598045349,
766,6135,,,-0.05700131878256798,,0.05700131878256798,
767,6143,,,-0.057178642600774765,,0.057178642600774765,
768,6149,,,,-0.06325578689575195,,0.06325578689575195
768,6151,,,-0.0569806806743145,,0.0569806806743145,
769,6159,,,-0.05704524368047714,,0.05704524368047714,
770,6167,,,-0.057111240923404694,,0.057111240923404694,
771,6175,,,-0.05709846690297127,,0.05709846690297127,
772,6183,,,-0.05712262541055679,,0.05712262541055679,
773,6191,,,-0.05720951035618782,,0.05720951035618782,
774,6199,,,,-0.05764808505773544,,0.05764808505773544
774,6199,,,-0.057209596037864685,,0.057209596037864685,
775,6207,,,-0.057056933641433716,,0.057056933641433716,
776,6215,,,-0.05719500035047531,,0.05719500035047531,
777,6223,,,-0.05709461495280266,,0.05709461495280266,
778,6231,,,-0.05707797780632973,,0.05707797780632973,
779,6239,,,-0.0570945180952549,,0.0570945180952549,
780,6247,,,-0.05709110200405121,,0.05709110200405121,
781,6249,,,,-0.0628761276602745,,0.0628761276602745
781,6255,,,-0.05710935220122337,,0.05710935220122337,
782,6263,,,-0.057113923132419586,,0.057113923132419586,
783,6271,,,-0.057103514671325684,,0.057103514671325684,
784,6279,,,-0.0570395402610302,,0.0570395402610302,
785,6287,,,-0.057120319455862045,,0.057120319455862045,
786,6295,,,-0.057143114507198334,,0.057143114507198334,
787,6299,,,,-0.05567198246717453,,0.05567198246717453
787,6303,,,-0.05715362727642059,,0.05715362727642059,
788,6311,,,-0.0572076290845871,,0.0572076290845871,
789,6319,,,-0.05713767185807228,,0.05713767185807228,
790,6327,,,-0.057122357189655304,,0.057122357189655304,
791,6335,,,-0.05721992254257202,,0.05721992254257202,
792,6343,,,-0.05710497871041298,,0.05710497871041298,
793,6349,,,,-0.051991939544677734,,0.051991939544677734
793,6351,,,-0.057090241461992264,,0.057090241461992264,
794,6359,,,-0.05716999992728233,,0.05716999992728233,
795,6367,,,-0.05714290216565132,,0.05714290216565132,
796,6375,,,-0.05706039443612099,,0.05706039443612099,
797,6383,,,-0.05717337131500244,,0.05717337131500244,
798,6391,,,-0.05703161656856537,,0.05703161656856537,
799,6399,,,,-0.04928550869226456,,0.04928550869226456
799,6399,,,-0.05713113397359848,,0.05713113397359848,
800,6407,,,-0.057127002626657486,,0.057127002626657486,
801,6415,,,-0.057114891707897186,,0.057114891707897186,
802,6423,,,-0.05707088112831116,,0.05707088112831116,
803,6431,,,-0.057070594280958176,,0.057070594280958176,
804,6439,,,-0.057096485048532486,,0.057096485048532486,
805,6447,,,-0.05711299553513527,,0.05711299553513527,
806,6449,,,,-0.05032386630773544,,0.05032386630773544
806,6455,,,-0.05727345123887062,,0.05727345123887062,
807,6463,,,-0.057037629187107086,,0.057037629187107086,
808,6471,,,-0.05718458816409111,,0.05718458816409111,
809,6479,,,-0.0573071651160717,,0.0573071651160717,
810,6487,,,-0.05709737539291382,,0.05709737539291382,
811,6495,,,-0.057117994874715805,,0.057117994874715805,
812,6499,,,,-0.06885118782520294,,0.06885118782520294
812,6503,,,-0.057129066437482834,,0.057129066437482834,
813,6511,,,-0.05711625888943672,,0.05711625888943672,
814,6519,,,-0.057111985981464386,,0.057111985981464386,
815,6527,,,-0.05709144473075867,,0.05709144473075867,
816,6535,,,-0.05702565982937813,,0.05702565982937813,
817,6543,,,-0.05722883343696594,,0.05722883343696594,
818,6549,,,,-0.06668191403150558,,0.06668191403150558
818,6551,,,-0.05716054141521454,,0.05716054141521454,
819,6559,,,-0.057150062173604965,,0.057150062173604965,
820,6567,,,-0.05711928755044937,,0.05711928755044937,
821,6575,,,-0.0571734756231308,,0.0571734756231308,
822,6583,,,-0.057109709829092026,,0.057109709829092026,
823,6591,,,-0.05711748078465462,,0.05711748078465462,
824,6599,,,,-0.06477737426757812,,0.06477737426757812
824,6599,,,-0.05714116990566254,,0.05714116990566254,
825,6607,,,-0.05719989538192749,,0.05719989538192749,
826,6615,,,-0.057125940918922424,,0.057125940918922424,
827,6623,,,-0.057060133665800095,,0.057060133665800095,
828,6631,,,-0.05707988142967224,,0.05707988142967224,
829,6639,,,-0.05721202865242958,,0.05721202865242958,
830,6647,,,-0.057161036878824234,,0.057161036878824234,
831,6649,,,,-0.05480270832777023,,0.05480270832777023
831,6655,,,-0.057002533227205276,,0.057002533227205276,
832,6663,,,-0.05710515007376671,,0.05710515007376671,
833,6671,,,-0.05704975128173828,,0.05704975128173828,
834,6679,,,-0.05706845596432686,,0.05706845596432686,
835,6687,,,-0.05710208788514137,,0.05710208788514137,
836,6695,,,-0.05720430985093117,,0.05720430985093117,
837,6699,,,,-0.04881477355957031,,0.04881477355957031
837,6703,,,-0.05712709203362465,,0.05712709203362465,
838,6711,,,-0.05711875110864639,,0.05711875110864639,
839,6719,,,-0.05708703771233559,,0.05708703771233559,
840,6727,,,-0.05712325498461723,,0.05712325498461723,
841,6735,,,-0.057086631655693054,,0.057086631655693054,
842,6743,,,-0.057048991322517395,,0.057048991322517395,
843,6749,,,,-0.058081917464733124,,0.058081917464733124
843,6751,,,-0.05725368484854698,,0.05725368484854698,
844,6759,,,-0.05713259428739548,,0.05713259428739548,
845,6767,,,-0.057182490825653076,,0.057182490825653076,
846,6775,,,-0.05700560286641121,,0.05700560286641121,
847,6783,,,-0.057160474359989166,,0.057160474359989166,
848,6791,,,-0.05709916353225708,,0.05709916353225708,
849,6799,,,,-0.058188676834106445,,0.058188676834106445
849,6799,,,-0.05712443217635155,,0.05712443217635155,
850,6807,,,-0.05706680193543434,,0.05706680193543434,
851,6815,,,-0.057082172483205795,,0.057082172483205795,
852,6823,,,-0.057094160467386246,,0.057094160467386246,
853,6831,,,-0.05711495876312256,,0.05711495876312256,
854,6839,,,-0.057197410613298416,,0.057197410613298416,
855,6847,,,-0.057123009115457535,,0.057123009115457535,
856,6849,,,,-0.05034380406141281,,0.05034380406141281
856,6855,,,-0.05708251893520355,,0.05708251893520355,
857,6863,,,-0.057163212448358536,,0.057163212448358536,
858,6871,,,-0.05710186809301376,,0.05710186809301376,
859,6879,,,-0.057082463055849075,,0.057082463055849075,
860,6887,,,-0.057072337716817856,,0.057072337716817856,
861,6895,,,-0.057116881012916565,,0.057116881012916565,
862,6899,,,,-0.06019196659326553,,0.06019196659326553
862,6903,,,-0.05716574192047119,,0.05716574192047119,
863,6911,,,-0.05720803141593933,,0.05720803141593933,
864,6919,,,-0.05716885253787041,,0.05716885253787041,
865,6927,,,-0.057044725865125656,,0.057044725865125656,
866,6935,,,-0.0572381466627121,,0.0572381466627121,
867,6943,,,-0.05719621479511261,,0.05719621479511261,
868,6949,,,,-0.056547023355960846,,0.056547023355960846
868,6951,,,-0.05721071735024452,,0.05721071735024452,
869,6959,,,-0.05713345482945442,,0.05713345482945442,
870,6967,,,-0.05708535760641098,,0.05708535760641098,
871,6975,,,-0.05711459368467331,,0.05711459368467331,
872,6983,,,-0.057152703404426575,,0.057152703404426575,
873,6991,,,-0.057115063071250916,,0.057115063071250916,
874,6999,,,,-0.058881573379039764,,0.058881573379039764
874,6999,,,-0.05706869438290596,,0.05706869438290596,
875,7007,,,-0.057098887860774994,,0.057098887860774994,
876,7015,,,-0.05713502690196037,,0.05713502690196037,
877,7023,,,-0.05714960768818855,,0.05714960768818855,
878,7031,,,-0.05705972760915756,,0.05705972760915756,
879,7039,,,-0.057187896221876144,,0.057187896221876144,
880,7047,,,-0.05707061290740967,,0.05707061290740967,
881,7049,,,,-0.043294623494148254,,0.043294623494148254
881,7055,,,-0.057061150670051575,,0.057061150670051575,
882,7063,,,-0.05720057338476181,,0.05720057338476181,
883,7071,,,-0.057183638215065,,0.057183638215065,
884,7079,,,-0.057068437337875366,,0.057068437337875366,
885,7087,,,-0.05720014125108719,,0.05720014125108719,
886,7095,,,-0.057019323110580444,,0.057019323110580444,
887,7099,,,,-0.060027651488780975,,0.060027651488780975
887,7103,,,-0.05715737119317055,,0.05715737119317055,
888,7111,,,-0.05717828497290611,,0.05717828497290611,
889,7119,,,-0.05710567161440849,,0.05710567161440849,
890,7127,,,-0.057057831436395645,,0.057057831436395645,
891,7135,,,-0.0570918470621109,,0.0570918470621109,
892,7143,,,-0.057088226079940796,,0.057088226079940796,
893,7149,,,,-0.04668112099170685,,0.04668112099170685
893,7151,,,-0.057156410068273544,,0.057156410068273544,
894,7159,,,-0.05707867443561554,,0.05707867443561554,
895,7167,,,-0.05714835226535797,,0.05714835226535797,
896,7175,,,-0.05702152103185654,,0.05702152103185654,
897,7183,,,-0.05724066123366356,,0.05724066123366356,
898,7191,,,-0.05705280229449272,,0.05705280229449272,
899,7199,,,,-0.07499776035547256,,0.07499776035547256
899,7199,,,-0.05715907737612724,,0.05715907737612724,
900,7207,,,-0.0571226142346859,,0.0571226142346859,
901,7215,,,-0.057129327207803726,,0.057129327207803726,
902,7223,,,-0.057070959359407425,,0.057070959359407425,
903,7231,,,-0.05711909756064415,,0.05711909756064415,
904,7239,,,-0.05718341842293739,,0.05718341842293739,
905,7247,,,-0.05706857889890671,,0.05706857889890671,
906,7249,,,,-0.058013491332530975,,0.058013491332530975
906,7255,,,-0.05708864703774452,,0.05708864703774452,
907,7263,,,-0.057326171547174454,,0.057326171547174454,
908,7271,,,-0.05708574131131172,,0.05708574131131172,
909,7279,,,-0.05713873729109764,,0.05713873729109764,
910,7287,,,-0.05716555193066597,,0.05716555193066597,
911,7295,,,-0.057149775326251984,,0.057149775326251984,
912,7299,,,,-0.05530080944299698,,0.05530080944299698
912,7303,,,-0.05712597072124481,,0.05712597072124481,
913,7311,,,-0.05711136385798454,,0.05711136385798454,
914,7319,,,-0.05713311582803726,,0.05713311582803726,
915,7327,,,-0.05711779743432999,,0.05711779743432999,
916,7335,,,-0.05709919333457947,,0.05709919333457947,
917,7343,,,-0.057075269520282745,,0.057075269520282745,
918,7349,,,,-0.07482729107141495,,0.07482729107141495
918,7351,,,-0.057215794920921326,,0.057215794920921326,
919,7359,,,-0.05713694542646408,,0.05713694542646408,
920,7367,,,-0.05716676637530327,,0.05716676637530327,
921,7375,,,-0.05700252205133438,,0.05700252205133438,
922,7383,,,-0.05704129487276077,,0.05704129487276077,
923,7391,,,-0.05710143968462944,,0.05710143968462944,
924,7399,,,,-0.057694338262081146,,0.057694338262081146
924,7399,,,-0.05711819604039192,,0.05711819604039192,
925,7407,,,-0.057154327630996704,,0.057154327630996704,
926,7415,,,-0.05724549666047096,,0.05724549666047096,
927,7423,,,-0.05714205279946327,,0.05714205279946327,
928,7431,,,-0.057097841054201126,,0.057097841054201126,
929,7439,,,-0.05708637088537216,,0.05708637088537216,
930,7447,,,-0.05724324285984039,,0.05724324285984039,
931,7449,,,,-0.04888182133436203,,0.04888182133436203
931,7455,,,-0.05712518468499184,,0.05712518468499184,
932,7463,,,-0.05726584419608116,,0.05726584419608116,
933,7471,,,-0.05712684243917465,,0.05712684243917465,
934,7479,,,-0.05716688930988312,,0.05716688930988312,
935,7487,,,-0.05706476420164108,,0.05706476420164108,
936,7495,,,-0.057077422738075256,,0.057077422738075256,
937,7499,,,,-0.05635042488574982,,0.05635042488574982
937,7503,,,-0.05707269161939621,,0.05707269161939621,
938,7511,,,-0.05718864127993584,,0.05718864127993584,
939,7519,,,-0.05717654526233673,,0.05717654526233673,
940,7527,,,-0.05717729404568672,,0.05717729404568672,
941,7535,,,-0.057225581258535385,,0.057225581258535385,
942,7543,,,-0.05709805339574814,,0.05709805339574814,
943,7549,,,,-0.053357698023319244,,0.053357698023319244
943,7551,,,-0.05715242400765419,,0.05715242400765419,
944,7559,,,-0.05709943175315857,,0.05709943175315857,
945,7567,,,-0.0572422593832016,,0.0572422593832016,
946,7575,,,-0.05702356994152069,,0.05702356994152069,
947,7583,,,-0.05709505453705788,,0.05709505453705788,
948,7591,,,-0.05719120055437088,,0.05719120055437088,
949,7599,,,,-0.04568495601415634,,0.04568495601415634
949,7599,,,-0.05721539258956909,,0.05721539258956909,
950,7607,,,-0.05720139294862747,,0.05720139294862747,
951,7615,,,-0.0570780411362648,,0.0570780411362648,
952,7623,,,-0.05703774467110634,,0.05703774467110634,
953,7631,,,-0.05705847963690758,,0.05705847963690758,
954,7639,,,-0.05711826682090759,,0.05711826682090759,
955,7647,,,-0.05712079629302025,,0.05712079629302025,
956,7649,,,,-0.04983830451965332,,0.04983830451965332
956,7655,,,-0.05712965875864029,,0.05712965875864029,
957,7663,,,-0.057193443179130554,,0.057193443179130554,
958,7671,,,-0.05712699145078659,,0.05712699145078659,
959,7679,,,-0.05711163207888603,,0.05711163207888603,
960,7687,,,-0.05705200880765915,,0.05705200880765915,
961,7695,,,-0.057105280458927155,,0.057105280458927155,
962,7699,,,,-0.052428148686885834,,0.052428148686885834
962,7703,,,-0.057150792330503464,,0.057150792330503464,
963,7711,,,-0.05718722566962242,,0.05718722566962242,
964,7719,,,-0.05714334547519684,,0.05714334547519684,
965,7727,,,-0.05712947994470596,,0.05712947994470596,
966,7735,,,-0.057119280099868774,,0.057119280099868774,
967,7743,,,-0.05713699385523796,,0.05713699385523796,
968,7749,,,,-0.049414828419685364,,0.049414828419685364
968,7751,,,-0.057202525436878204,,0.057202525436878204,
969,7759,,,-0.05709843710064888,,0.05709843710064888,
970,7767,,,-0.05710099637508392,,0.05710099637508392,
971,7775,,,-0.057155169546604156,,0.057155169546604156,
972,7783,,,-0.057119157165288925,,0.057119157165288925,
973,7791,,,-0.05712401121854782,,0.05712401121854782,
974,7799,,,,-0.05929122120141983,,0.05929122120141983
974,7799,,,-0.05712633207440376,,0.05712633207440376,
975,7807,,,-0.057072773575782776,,0.057072773575782776,
976,7815,,,-0.057003527879714966,,0.057003527879714966,
977,7823,,,-0.057134777307510376,,0.057134777307510376,
978,7831,,,-0.057175103574991226,,0.057175103574991226,
979,7839,,,-0.05707506090402603,,0.05707506090402603,
980,7847,,,-0.05712491273880005,,0.05712491273880005,
981,7849,,,,-0.05188804119825363,,0.05188804119825363
981,7855,,,-0.05718556046485901,,0.05718556046485901,
982,7863,,,-0.057117365300655365,,0.057117365300655365,
983,7871,,,-0.05704677104949951,,0.05704677104949951,
984,7879,,,-0.0570882149040699,,0.0570882149040699,
985,7887,,,-0.057259440422058105,,0.057259440422058105,
986,7895,,,-0.05713968351483345,,0.05713968351483345,
987,7899,,,,-0.05899506062269211,,0.05899506062269211
987,7903,,,-0.05713073909282684,,0.05713073909282684,
988,7911,,,-0.05706381797790527,,0.05706381797790527,
989,7919,,,-0.05709853395819664,,0.05709853395819664,
990,7927,,,-0.057152800261974335,,0.057152800261974335,
991,7935,,,-0.05713149532675743,,0.05713149532675743,
992,7943,,,-0.057141613215208054,,0.057141613215208054,
993,7949,,,,-0.050553418695926666,,0.050553418695926666
993,7951,,,-0.05706990510225296,,0.05706990510225296,
994,7959,,,-0.0571695938706398,,0.0571695938706398,
995,7967,,,-0.057225920259952545,,0.057225920259952545,
996,7975,,,-0.05707240104675293,,0.05707240104675293,
997,7983,,,-0.057083744555711746,,0.057083744555711746,
998,7991,,,-0.05708673223853111,,0.05708673223853111,
999,7999,,,,-0.06410174816846848,,0.06410174816846848
999,7999,,,-0.05714947357773781,,0.05714947357773781,
1000,8007,,,-0.05722925439476967,,0.05722925439476967,
1001,8015,,,-0.05715756118297577,,0.05715756118297577,
1002,8023,,,-0.05715316906571388,,0.05715316906571388,
1003,8031,,,-0.05717739090323448,,0.05717739090323448,
1004,8039,,,-0.05707689747214317,,0.05707689747214317,
1005,8047,,,-0.05711040645837784,,0.05711040645837784,
1006,8049,,,,-0.05667080730199814,,0.05667080730199814
1006,8055,,,-0.05715203285217285,,0.05715203285217285,
1007,8063,,,-0.057534947991371155,,0.057534947991371155,
1008,8071,,,-0.05705760419368744,,0.05705760419368744,
1009,8079,,,-0.05702367052435875,,0.05702367052435875,
1010,8087,,,-0.057136278599500656,,0.057136278599500656,
1011,8095,,,-0.05712061747908592,,0.05712061747908592,
1012,8099,,,,-0.05848655849695206,,0.05848655849695206
1012,8103,,,-0.057157501578330994,,0.057157501578330994,
1013,8111,,,-0.0571623370051384,,0.0571623370051384,
1014,8119,,,-0.05708927661180496,,0.05708927661180496,
1015,8127,,,-0.05713509023189545,,0.05713509023189545,
1016,8135,,,-0.05720365419983864,,0.05720365419983864,
1017,8143,,,-0.05729784071445465,,0.05729784071445465,
1018,8149,,,,-0.04071307182312012,,0.04071307182312012
1018,8151,,,-0.057117510586977005,,0.057117510586977005,
1019,8159,,,-0.057107988744974136,,0.057107988744974136,
1020,8167,,,-0.057196423411369324,,0.057196423411369324,
1021,8175,,,-0.05706726759672165,,0.05706726759672165,
1022,8183,,,-0.0571722649037838,,0.0571722649037838,
1023,8191,,,-0.05717502534389496,,0.05717502534389496,
1024,8199,,,,-0.05700254440307617,,0.05700254440307617
1024,8199,,,-0.05707908421754837,,0.05707908421754837,
1025,8207,,,-0.057218048721551895,,0.057218048721551895,
1026,8215,,,-0.05717194825410843,,0.05717194825410843,
1027,8223,,,-0.05724538117647171,,0.05724538117647171,
1028,8231,,,-0.057117413729429245,,0.057117413729429245,
1029,8239,,,-0.05722243711352348,,0.05722243711352348,
1030,8247,,,-0.05715370550751686,,0.05715370550751686,
1031,8249,,,,-0.06162472069263458,,0.06162472069263458
1031,8255,,,-0.0572112612426281,,0.0572112612426281,
1032,8263,,,-0.05712996795773506,,0.05712996795773506,
1033,8271,,,-0.05715977028012276,,0.05715977028012276,
1034,8279,,,-0.05714799836277962,,0.05714799836277962,
1035,8287,,,-0.05713949725031853,,0.05713949725031853,
1036,8295,,,-0.05716893449425697,,0.05716893449425697,
1037,8299,,,,-0.045646004378795624,,0.045646004378795624
1037,8303,,,-0.05723954364657402,,0.05723954364657402,
1038,8311,,,-0.05726362764835358,,0.05726362764835358,
1039,8319,,,-0.05722431465983391,,0.05722431465983391,
1040,8327,,,-0.05708607658743858,,0.05708607658743858,
1041,8335,,,-0.05716904252767563,,0.05716904252767563,
1042,8343,,,-0.05713392794132233,,0.05713392794132233,
1043,8349,,,,-0.06805592030286789,,0.06805592030286789
1043,8351,,,-0.0571366585791111,,0.0571366585791111,
1044,8359,,,-0.057134948670864105,,0.057134948670864105,
1045,8367,,,-0.05710618942975998,,0.05710618942975998,
1046,8375,,,-0.0570862852036953,,0.0570862852036953,
1047,8383,,,-0.05713234841823578,,0.05713234841823578,
1048,8391,,,-0.057061567902565,,0.057061567902565,
1049,8399,,,,-0.049004554748535156,,0.049004554748535156
1049,8399,,,-0.0571579709649086,,0.0571579709649086,
1050,8407,,,-0.05707564577460289,,0.05707564577460289,
1051,8415,,,-0.057076092809438705,,0.057076092809438705,
1052,8423,,,-0.05709303542971611,,0.05709303542971611,
1053,8431,,,-0.05726217105984688,,0.05726217105984688,
1054,8439,,,-0.05711844563484192,,0.05711844563484192,
1055,8447,,,-0.057132672518491745,,0.057132672518491745,
1056,8449,,,,-0.056246042251586914,,0.056246042251586914
1056,8455,,,-0.05712006986141205,,0.05712006986141205,
1057,8463,,,-0.057341307401657104,,0.057341307401657104,
1058,8471,,,-0.05717926472425461,,0.05717926472425461,
1059,8479,,,-0.05728129297494888,,0.05728129297494888,
1060,8487,,,-0.05704040080308914,,0.05704040080308914,
1061,8495,,,-0.05707026273012161,,0.05707026273012161,
1062,8499,,,,-0.04957427829504013,,0.04957427829504013
1062,8503,,,-0.05717451870441437,,0.05717451870441437,
1063,8511,,,-0.057202208787202835,,0.057202208787202835,
1064,8519,,,-0.05716640129685402,,0.05716640129685402,
1065,8527,,,-0.05713189020752907,,0.05713189020752907,
1066,8535,,,-0.05716434493660927,,0.05716434493660927,
1067,8543,,,-0.05715936794877052,,0.05715936794877052,
1068,8549,,,,-0.050038717687129974,,0.050038717687129974
1068,8551,,,-0.05704090744256973,,0.05704090744256973,
1069,8559,,,-0.057152263820171356,,0.057152263820171356,
1070,8567,,,-0.05722446367144585,,0.05722446367144585,
1071,8575,,,-0.05710418522357941,,0.05710418522357941,
1072,8583,,,-0.05719496309757233,,0.05719496309757233,
1073,8591,,,-0.05718746781349182,,0.05718746781349182,
1074,8599,,,,-0.04785776138305664,,0.04785776138305664
1074,8599,,,-0.05718884989619255,,0.05718884989619255,
1075,8607,,,-0.05716254189610481,,0.05716254189610481,
1076,8615,,,-0.0571778304874897,,0.0571778304874897,
1077,8623,,,-0.05711456760764122,,0.05711456760764122,
1078,8631,,,-0.05710243061184883,,0.05710243061184883,
1079,8639,,,-0.05717569589614868,,0.05717569589614868,
1080,8647,,,-0.057129546999931335,,0.057129546999931335,
1081,8649,,,,-0.06595740467309952,,0.06595740467309952
1081,8655,,,-0.05713006481528282,,0.05713006481528282,
1082,8663,,,-0.057160358875989914,,0.057160358875989914,
1083,8671,,,-0.05715906247496605,,0.05715906247496605,
1084,8679,,,-0.05705764889717102,,0.05705764889717102,
1085,8687,,,-0.05725589767098427,,0.05725589767098427,
1086,8695,,,-0.05710781738162041,,0.05710781738162041,
1087,8699,,,,-0.05491447448730469,,0.05491447448730469
1087,8703,,,-0.057116784155368805,,0.057116784155368805,
1088,8711,,,-0.05707556754350662,,0.05707556754350662,
1089,8719,,,-0.0571383535861969,,0.0571383535861969,
1090,8727,,,-0.05718221887946129,,0.05718221887946129,
1091,8735,,,-0.05714138224720955,,0.05714138224720955,
1092,8743,,,-0.05720832943916321,,0.05720832943916321,
1093,8749,,,,-0.052718400955200195,,0.052718400955200195
1093,8751,,,-0.05705706775188446,,0.05705706775188446,
1094,8759,,,-0.05715232715010643,,0.05715232715010643,
1095,8767,,,-0.057099755853414536,,0.057099755853414536,
1096,8775,,,-0.05717136338353157,,0.05717136338353157,
1097,8783,,,-0.05707692727446556,,0.05707692727446556,
1098,8791,,,-0.05711250752210617,,0.05711250752210617,
1099,8799,,,,-0.07197170704603195,,0.07197170704603195
1099,8799,,,-0.05719509348273277,,0.05719509348273277,
1100,8807,,,-0.05713951960206032,,0.05713951960206032,
1101,8815,,,-0.05700366199016571,,0.05700366199016571,
1102,8823,,,-0.057155027985572815,,0.057155027985572815,
1103,8831,,,-0.05709368735551834,,0.05709368735551834,
1104,8839,,,-0.05718507617712021,,0.05718507617712021,
1105,8847,,,-0.05704272538423538,,0.05704272538423538,
1106,8849,,,,-0.054889015853405,,0.054889015853405
1106,8855,,,-0.057065147906541824,,0.057065147906541824,
1107,8863,,,-0.057081181555986404,,0.057081181555986404,
1108,8871,,,-0.05716923251748085,,0.05716923251748085,
1109,8879,,,-0.057135533541440964,,0.057135533541440964,
1110,8887,,,-0.05717712268233299,,0.05717712268233299,
1111,8895,,,-0.05724122375249863,,0.05724122375249863,
1112,8899,,,,-0.05497799068689346,,0.05497799068689346
1112,8903,,,-0.05708710476756096,,0.05708710476756096,
1113,8911,,,-0.05708010867238045,,0.05708010867238045,
1114,8919,,,-0.05721624940633774,,0.05721624940633774,
1115,8927,,,-0.057154253125190735,,0.057154253125190735,
1116,8935,,,-0.05721059441566467,,0.05721059441566467,
1117,8943,,,-0.05708831921219826,,0.05708831921219826,
1118,8949,,,,-0.049456022679805756,,0.049456022679805756
1118,8951,,,-0.05707312002778053,,0.05707312002778053,
1119,8959,,,-0.05717061087489128,,0.05717061087489128,
1120,8967,,,-0.057081084698438644,,0.057081084698438644,
1121,8975,,,-0.05727027729153633,,0.05727027729153633,
1122,8983,,,-0.05712966248393059,,0.05712966248393059,
1123,8991,,,-0.057053662836551666,,0.057053662836551666,
1124,8999,,,,-0.05178409069776535,,0.05178409069776535
1124,8999,,,-0.05711844936013222,,0.05711844936013222,
1125,9007,,,-0.05710023269057274,,0.05710023269057274,
1126,9015,,,-0.05727642774581909,,0.05727642774581909,
1127,9023,,,-0.05721599608659744,,0.05721599608659744,
1128,9031,,,-0.05720863491296768,,0.05720863491296768,
1129,9039,,,-0.05709727853536606,,0.05709727853536606,
1130,9047,,,-0.057138148695230484,,0.057138148695230484,
1131,9049,,,,-0.0651063472032547,,0.0651063472032547
1131,9055,,,-0.05710217356681824,,0.05710217356681824,
1132,9063,,,-0.05707716569304466,,0.05707716569304466,
1133,9071,,,-0.05707600712776184,,0.05707600712776184,
1134,9079,,,-0.05704027786850929,,0.05704027786850929,
1135,9087,,,-0.05721190199255943,,0.05721190199255943,
1136,9095,,,-0.057193927466869354,,0.057193927466869354,
1137,9099,,,,-0.03415632247924805,,0.03415632247924805
1137,9103,,,-0.057156041264534,,0.057156041264534,
1138,9111,,,-0.05714108422398567,,0.05714108422398567,
1139,9119,,,-0.05725141614675522,,0.05725141614675522,
1140,9127,,,-0.057290080934762955,,0.057290080934762955,
1141,9135,,,-0.057281944900751114,,0.057281944900751114,
1142,9143,,,-0.057180266827344894,,0.057180266827344894,
1143,9149,,,,-0.06683140248060226,,0.06683140248060226
1143,9151,,,-0.05728762969374657,,0.05728762969374657,
1144,9159,,,-0.05708492919802666,,0.05708492919802666,
1145,9167,,,-0.057122938334941864,,0.057122938334941864,
1146,9175,,,-0.05715949088335037,,0.05715949088335037,
1147,9183,,,-0.05710912495851517,,0.05710912495851517,
1148,9191,,,-0.057094164192676544,,0.057094164192676544,
1149,9199,,,,-0.06778927147388458,,0.06778927147388458
1149,9199,,,-0.05723093822598457,,0.05723093822598457,
1150,9207,,,-0.05715075507760048,,0.05715075507760048,
1151,9215,,,-0.057332947850227356,,0.057332947850227356,
1152,9223,,,-0.05727120488882065,,0.05727120488882065,
1153,9231,,,-0.057221777737140656,,0.057221777737140656,
1154,9239,,,-0.057297233492136,,0.057297233492136,
1155,9247,,,-0.057087477296590805,,0.057087477296590805,
1156,9249,,,,-0.05300722271203995,,0.05300722271203995
1156,9255,,,-0.05727950483560562,,0.05727950483560562,
1157,9263,,,-0.05707371234893799,,0.05707371234893799,
1158,9271,,,-0.057048194110393524,,0.057048194110393524,
1159,9279,,,-0.05711952596902847,,0.05711952596902847,
1160,9287,,,-0.0572090707719326,,0.0572090707719326,
1161,9295,,,-0.05709073320031166,,0.05709073320031166,
1162,9299,,,,-0.06589007377624512,,0.06589007377624512
1162,9303,,,-0.057127490639686584,,0.057127490639686584,
1163,9311,,,-0.05722004920244217,,0.05722004920244217,
1164,9319,,,-0.05723509564995766,,0.05723509564995766,
1165,9327,,,-0.05711894482374191,,0.05711894482374191,
1166,9335,,,-0.05713791400194168,,0.05713791400194168,
1167,9343,,,-0.05713685229420662,,0.05713685229420662,
1168,9349,,,,-0.053017571568489075,,0.053017571568489075
1168,9351,,,-0.05726766213774681,,0.05726766213774681,
1169,9359,,,-0.0571480467915535,,0.0571480467915535,
1170,9367,,,-0.05706813186407089,,0.05706813186407089,
1171,9375,,,-0.05714517831802368,,0.05714517831802368,
1172,9383,,,-0.057223718613386154,,0.057223718613386154,
1173,9391,,,-0.057105839252471924,,0.057105839252471924,
1174,9399,,,,-0.0525447353720665,,0.0525447353720665
1174,9399,,,-0.0572252981364727,,0.0572252981364727,
1175,9407,,,-0.05707815662026405,,0.05707815662026405,
1176,9415,,,-0.057226598262786865,,0.057226598262786865,
1177,9423,,,-0.05720272660255432,,0.05720272660255432,
1178,9431,,,-0.05717644467949867,,0.05717644467949867,
1179,9439,,,-0.057202424854040146,,0.057202424854040146,
1180,9447,,,-0.057245366275310516,,0.057245366275310516,
1181,9449,,,,-0.05679955333471298,,0.05679955333471298
1181,9455,,,-0.05711749941110611,,0.05711749941110611,
1182,9463,,,-0.05712338164448738,,0.05712338164448738,
1183,9471,,,-0.057084571570158005,,0.057084571570158005,
1184,9479,,,-0.05707714334130287,,0.05707714334130287,
1185,9487,,,-0.05721414089202881,,0.05721414089202881,
1186,9495,,,-0.05713021755218506,,0.05713021755218506,
1187,9499,,,,-0.0470401793718338,,0.0470401793718338
1187,9503,,,-0.05708818510174751,,0.05708818510174751,
1188,9511,,,-0.05722469463944435,,0.05722469463944435,
1189,9519,,,-0.057129863649606705,,0.057129863649606705,
1190,9527,,,-0.05709971487522125,,0.05709971487522125,
1191,9535,,,-0.057185713201761246,,0.057185713201761246,
1192,9543,,,-0.05712440237402916,,0.05712440237402916,
1193,9549,,,,-0.06513237953186035,,0.06513237953186035
1193,9551,,,-0.05714240297675133,,0.05714240297675133,
1194,9559,,,-0.05720040202140808,,0.05720040202140808,
1195,9567,,,-0.05712272226810455,,0.05712272226810455,
1196,9575,,,-0.05724203959107399,,0.05724203959107399,
1197,9583,,,-0.057284437119960785,,0.057284437119960785,
1198,9591,,,-0.05710771307349205,,0.05710771307349205,
1199,9599,,,,-0.042156122624874115,,0.042156122624874115
1199,9599,,,-0.057155512273311615,,0.057155512273311615,
1200,9607,,,-0.0572231262922287,,0.0572231262922287,
1201,9615,,,-0.057077400386333466,,0.057077400386333466,
1202,9623,,,-0.05715464428067207,,0.05715464428067207,
1203,9631,,,-0.057130102068185806,,0.057130102068185806,
1204,9639,,,-0.057262249290943146,,0.057262249290943146,
1205,9647,,,-0.057128679007291794,,0.057128679007291794,
1206,9649,,,,-0.059296369552612305,,0.059296369552612305
1206,9655,,,-0.05710986256599426,,0.05710986256599426,
1207,9663,,,-0.05718328803777695,,0.05718328803777695,
1208,9671,,,-0.057192493230104446,,0.057192493230104446,
1209,9679,,,-0.057171326130628586,,0.057171326130628586,
1210,9687,,,-0.057244542986154556,,0.057244542986154556,
1211,9695,,,-0.057353425770998,,0.057353425770998,
1212,9699,,,,-0.04960675537586212,,0.04960675537586212
1212,9703,,,-0.057157982140779495,,0.057157982140779495,
1213,9711,,,-0.05709785223007202,,0.05709785223007202,
1214,9719,,,-0.057311009615659714,,0.057311009615659714,
1215,9727,,,-0.0572427362203598,,0.0572427362203598,
1216,9735,,,-0.057267677038908005,,0.057267677038908005,
1217,9743,,,-0.05704556405544281,,0.05704556405544281,
1218,9749,,,,-0.044593051075935364,,0.044593051075935364
1218,9751,,,-0.05718708038330078,,0.05718708038330078,
1219,9759,,,-0.05712462589144707,,0.05712462589144707,
1220,9767,,,-0.0572320856153965,,0.0572320856153965,
1221,9775,,,-0.05713365599513054,,0.05713365599513054,
1222,9783,,,-0.057178862392902374,,0.057178862392902374,
1223,9791,,,-0.05707421898841858,,0.05707421898841858,
1224,9799,,,,-0.047165773808956146,,0.047165773808956146
1224,9799,,,-0.057127874344587326,,0.057127874344587326,
1225,9807,,,-0.057112470269203186,,0.057112470269203186,
1226,9815,,,-0.05716175585985184,,0.05716175585985184,
1227,9823,,,-0.05714523792266846,,0.05714523792266846,
1228,9831,,,-0.05725167319178581,,0.05725167319178581,
1229,9839,,,-0.05717695876955986,,0.05717695876955986,
1230,9847,,,-0.057158783078193665,,0.057158783078193665,
1231,9849,,,,-0.06708259880542755,,0.06708259880542755
1231,9855,,,-0.05719541013240814,,0.05719541013240814,
1232,9863,,,-0.057169049978256226,,0.057169049978256226,
1233,9871,,,-0.05723847821354866,,0.05723847821354866,
1234,9879,,,-0.057091765105724335,,0.057091765105724335,
1235,9887,,,-0.05711664259433746,,0.05711664259433746,
1236,9895,,,-0.057163409888744354,,0.057163409888744354,
1237,9899,,,,-0.06967668980360031,,0.06967668980360031
1237,9903,,,-0.05707496777176857,,0.05707496777176857,
1238,9911,,,-0.0571679025888443,,0.0571679025888443,
1239,9919,,,-0.0570649653673172,,0.0570649653673172,
1240,9927,,,-0.05724554508924484,,0.05724554508924484,
1241,9935,,,-0.057240452617406845,,0.057240452617406845,
1242,9943,,,-0.05716518685221672,,0.05716518685221672,
1243,9949,,,,-0.052652791142463684,,0.052652791142463684
1243,9951,,,-0.05712776631116867,,0.05712776631116867,
1244,9959,,,-0.057232823222875595,,0.057232823222875595,
1245,9967,,,-0.05726877599954605,,0.05726877599954605,
1246,9975,,,-0.057141516357660294,,0.057141516357660294,
1247,9983,,,-0.05706898123025894,,0.05706898123025894,
1248,9991,,,-0.057172540575265884,,0.057172540575265884,
1249,9999,,,,-0.04571133106946945,,0.04571133106946945
1249,9999,,,-0.057152751833200455,,0.057152751833200455,
1250,10007,,,-0.057077545672655106,,0.057077545672655106,
1251,10015,,,-0.05730438232421875,,0.05730438232421875,
1252,10023,,,-0.05721137672662735,,0.05721137672662735,
1253,10031,,,-0.05722283944487572,,0.05722283944487572,
1254,10039,,,-0.05718642473220825,,0.05718642473220825,
1255,10047,,,-0.05724789574742317,,0.05724789574742317,
1256,10049,,,,-0.06656832993030548,,0.06656832993030548
1256,10055,,,-0.057119470089673996,,0.057119470089673996,
1257,10063,,,-0.05717560276389122,,0.05717560276389122,
1258,10071,,,-0.057155199348926544,,0.057155199348926544,
1259,10079,,,-0.05719972401857376,,0.05719972401857376,
1260,10087,,,-0.0571463368833065,,0.0571463368833065,
1261,10095,,,-0.05711342766880989,,0.05711342766880989,
1262,10099,,,,-0.06056375801563263,,0.06056375801563263
1262,10103,,,-0.05721775442361832,,0.05721775442361832,
1263,10111,,,-0.05715217813849449,,0.05715217813849449,
1264,10119,,,-0.057164423167705536,,0.057164423167705536,
1265,10127,,,-0.057245299220085144,,0.057245299220085144,
1266,10135,,,-0.05717915669083595,,0.05717915669083595,
1267,10143,,,-0.05713634565472603,,0.05713634565472603,
1268,10149,,,,-0.051566123962402344,,0.051566123962402344
1268,10151,,,-0.05710330978035927,,0.05710330978035927,
1269,10159,,,-0.057209234684705734,,0.057209234684705734,
1270,10167,,,-0.057052403688430786,,0.057052403688430786,
1271,10175,,,-0.057165440171957016,,0.057165440171957016,
1272,10183,,,-0.05714168772101402,,0.05714168772101402,
1273,10191,,,-0.057152166962623596,,0.057152166962623596,
1274,10199,,,,-0.06928243488073349,,0.06928243488073349
1274,10199,,,-0.05716793239116669,,0.05716793239116669,
1275,10207,,,-0.05706452205777168,,0.05706452205777168,
1276,10215,,,-0.05714622884988785,,0.05714622884988785,
1277,10223,,,-0.05731044337153435,,0.05731044337153435,
1278,10231,,,-0.05713764578104019,,0.05713764578104019,
1279,10239,,,-0.05717068910598755,,0.05717068910598755,
1280,10247,,,-0.0571260005235672,,0.0571260005235672,
1281,10249,,,,-0.05613298714160919,,0.05613298714160919
1281,10255,,,-0.0571650005877018,,0.0571650005877018,
1282,10263,,,-0.05714384838938713,,0.05714384838938713,
1283,10271,,,-0.05722483992576599,,0.05722483992576599,
1284,10279,,,-0.057179998606443405,,0.057179998606443405,
1285,10287,,,-0.0571843683719635,,0.0571843683719635,
1286,10295,,,-0.0572342649102211,,0.0572342649102211,
1287,10299,,,,-0.0691419169306755,,0.0691419169306755
1287,10303,,,-0.057207684963941574,,0.057207684963941574,
1288,10311,,,-0.05719425156712532,,0.05719425156712532,
1289,10319,,,-0.057293206453323364,,0.057293206453323364,
1290,10327,,,-0.05739261955022812,,0.05739261955022812,
1291,10335,,,-0.057167474180459976,,0.057167474180459976,
1292,10343,,,-0.05714768171310425,,0.05714768171310425,
1293,10349,,,,-0.05965924263000488,,0.05965924263000488
1293,10351,,,-0.05706225708127022,,0.05706225708127022,
1294,10359,,,-0.05723242834210396,,0.05723242834210396,
1295,10367,,,-0.057219646871089935,,0.057219646871089935,
1296,10375,,,-0.05715961754322052,,0.05715961754322052,
1297,10383,,,-0.057186681777238846,,0.057186681777238846,
1298,10391,,,-0.05721602961421013,,0.05721602961421013,
1299,10399,,,,-0.061696626245975494,,0.061696626245975494
1299,10399,,,-0.05710812285542488,,0.05710812285542488,
1300,10407,,,-0.057191699743270874,,0.057191699743270874,
1301,10415,,,-0.05726894363760948,,0.05726894363760948,
1302,10423,,,-0.057245753705501556,,0.057245753705501556,
1303,10431,,,-0.05715053156018257,,0.05715053156018257,
1304,10439,,,-0.0571523979306221,,0.0571523979306221,
1305,10447,,,-0.05708960071206093,,0.05708960071206093,
1306,10449,,,,-0.05357050895690918,,0.05357050895690918
1306,10455,,,-0.05712062492966652,,0.05712062492966652,
1307,10463,,,-0.057166095823049545,,0.057166095823049545,
1308,10471,,,-0.05724732205271721,,0.05724732205271721,
1309,10479,,,-0.05714735761284828,,0.05714735761284828,
1310,10487,,,-0.05722227692604065,,0.05722227692604065,
1311,10495,,,-0.057098645716905594,,0.057098645716905594,
1312,10499,,,,-0.04683103412389755,,0.04683103412389755
1312,10503,,,-0.05719500780105591,,0.05719500780105591,
1313,10511,,,-0.05715731903910637,,0.05715731903910637,
1314,10519,,,-0.057234711945056915,,0.057234711945056915,
1315,10527,,,-0.05716634541749954,,0.05716634541749954,
1316,10535,,,-0.05710950866341591,,0.05710950866341591,
1317,10543,,,-0.05727194994688034,,0.05727194994688034,
1318,10549,,,,-0.051171496510505676,,0.051171496510505676
1318,10551,,,-0.057229358702898026,,0.057229358702898026,
1319,10559,,,-0.05725100263953209,,0.05725100263953209,
1320,10567,,,-0.057140886783599854,,0.057140886783599854,
1321,10575,,,-0.057179518043994904,,0.057179518043994904,
1322,10583,,,-0.057090435177087784,,0.057090435177087784,
1323,10591,,,-0.0571829229593277,,0.0571829229593277,
1324,10599,,,,-0.06787329167127609,,0.06787329167127609
1324,10599,,,-0.05712675675749779,,0.05712675675749779,
1325,10607,,,-0.057271454483270645,,0.057271454483270645,
1326,10615,,,-0.05718827620148659,,0.05718827620148659,
1327,10623,,,-0.05716496706008911,,0.05716496706008911,
1328,10631,,,-0.05717018246650696,,0.05717018246650696,
1329,10639,,,-0.05721474066376686,,0.05721474066376686,
1330,10647,,,-0.05708957463502884,,0.05708957463502884,
1331,10649,,,,-0.04826183617115021,,0.04826183617115021
1331,10655,,,-0.057142991572618484,,0.057142991572618484,
1332,10663,,,-0.05702653154730797,,0.05702653154730797,
1333,10671,,,-0.05713171511888504,,0.05713171511888504,
1334,10679,,,-0.05728429555892944,,0.05728429555892944,
1335,10687,,,-0.05722247436642647,,0.05722247436642647,
1336,10695,,,-0.05726047232747078,,0.05726047232747078,
1337,10699,,,,-0.051229529082775116,,0.051229529082775116
1337,10703,,,-0.05714127793908119,,0.05714127793908119,
1338,10711,,,-0.05720219016075134,,0.05720219016075134,
1339,10719,,,-0.05716566741466522,,0.05716566741466522,
1340,10727,,,-0.057125214487314224,,0.057125214487314224,
1341,10735,,,-0.05716972053050995,,0.05716972053050995,
1342,10743,,,-0.057170093059539795,,0.057170093059539795,
1343,10749,,,,-0.05684938281774521,,0.05684938281774521
1343,10751,,,-0.05714159086346626,,0.05714159086346626,
1344,10759,,,-0.057197846472263336,,0.057197846472263336,
1345,10767,,,-0.0571904294192791,,0.0571904294192791,
1346,10775,,,-0.05712928622961044,,0.05712928622961044,
1347,10783,,,-0.057412292808294296,,0.057412292808294296,
1348,10791,,,-0.05710240453481674,,0.05710240453481674,
1349,10799,,,,-0.041390374302864075,,0.041390374302864075
1349,10799,,,-0.0572129525244236,,0.0572129525244236,
1350,10807,,,-0.05721013620495796,,0.05721013620495796,
1351,10815,,,-0.0571148544549942,,0.0571148544549942,
1352,10823,,,-0.05721280351281166,,0.05721280351281166,
1353,10831,,,-0.05735502392053604,,0.05735502392053604,
1354,10839,,,-0.05714040622115135,,0.05714040622115135,
1355,10847,,,-0.057189032435417175,,0.057189032435417175,
1356,10849,,,,-0.04411621391773224,,0.04411621391773224
1356,10855,,,-0.05713056027889252,,0.05713056027889252,
1357,10863,,,-0.05716680362820625,,0.05716680362820625,
1358,10871,,,-0.05722026899456978,,0.05722026899456978,
1359,10879,,,-0.05718591436743736,,0.05718591436743736,
1360,10887,,,-0.05726439133286476,,0.05726439133286476,
1361,10895,,,-0.0572999007999897,,0.0572999007999897,
1362,10899,,,,-0.06353478878736496,,0.06353478878736496
1362,10903,,,-0.057255614548921585,,0.057255614548921585,
1363,10911,,,-0.05721938610076904,,0.05721938610076904,
1364,10919,,,-0.0573393814265728,,0.0573393814265728,
1365,10927,,,-0.05722164362668991,,0.05722164362668991,
1366,10935,,,-0.057277075946331024,,0.057277075946331024,
1367,10943,,,-0.05714067444205284,,0.05714067444205284,
1368,10949,,,,-0.04924368858337402,,0.04924368858337402
1368,10951,,,-0.05720249190926552,,0.05720249190926552,
1369,10959,,,-0.05717421695590019,,0.05717421695590019,
1370,10967,,,-0.05722896009683609,,0.05722896009683609,
1371,10975,,,-0.05723999813199043,,0.05723999813199043,
1372,10983,,,-0.05717570707201958,,0.05717570707201958,
1373,10991,,,-0.05725770816206932,,0.05725770816206932,
1374,10999,,,,-0.04647207260131836,,0.04647207260131836
1374,10999,,,-0.05712152644991875,,0.05712152644991875,
1375,11007,,,-0.05714334174990654,,0.05714334174990654,
1376,11015,,,-0.05716540664434433,,0.05716540664434433,
1377,11023,,,-0.05712315812706947,,0.05712315812706947,
1378,11031,,,-0.05715978518128395,,0.05715978518128395,
1379,11039,,,-0.05718844011425972,,0.05718844011425972,
1380,11047,,,-0.05736894533038139,,0.05736894533038139,
1381,11049,,,,-0.04895734786987305,,0.04895734786987305
1381,11055,,,-0.05723235011100769,,0.05723235011100769,
1382,11063,,,-0.05714172497391701,,0.05714172497391701,
1383,11071,,,-0.05718158558011055,,0.05718158558011055,
1384,11079,,,-0.05726351961493492,,0.05726351961493492,
1385,11087,,,-0.0571315661072731,,0.0571315661072731,
1386,11095,,,-0.05732642859220505,,0.05732642859220505,
1387,11099,,,,-0.05126567184925079,,0.05126567184925079
1387,11103,,,-0.057165686041116714,,0.057165686041116714,
1388,11111,,,-0.05744275078177452,,0.05744275078177452,
1389,11119,,,-0.05718936771154404,,0.05718936771154404,
1390,11127,,,-0.05716507136821747,,0.05716507136821747,
1391,11135,,,-0.057335417717695236,,0.057335417717695236,
1392,11143,,,-0.0572156123816967,,0.0572156123816967,
1393,11149,,,,-0.060913942754268646,,0.060913942754268646
1393,11151,,,-0.05716528370976448,,0.05716528370976448,
1394,11159,,,-0.057089898735284805,,0.057089898735284805,
1395,11167,,,-0.057183001190423965,,0.057183001190423965,
1396,11175,,,-0.05715779960155487,,0.05715779960155487,
1397,11183,,,-0.057173002511262894,,0.057173002511262894,
1398,11191,,,-0.05720191076397896,,0.05720191076397896,
1399,11199,,,,-0.042453862726688385,,0.042453862726688385
1399,11199,,,-0.057201918214559555,,0.057201918214559555,
1400,11207,,,-0.05734328553080559,,0.05734328553080559,
1401,11215,,,-0.05712743103504181,,0.05712743103504181,
1402,11223,,,-0.05718523636460304,,0.05718523636460304,
1403,11231,,,-0.05717010423541069,,0.05717010423541069,
1404,11239,,,-0.057249993085861206,,0.057249993085861206,
1405,11247,,,-0.057206153869628906,,0.057206153869628906,
1406,11249,,,,-0.06183948367834091,,0.06183948367834091
1406,11255,,,-0.05720897391438484,,0.05720897391438484,
1407,11263,,,-0.0571814700961113,,0.0571814700961113,
1408,11271,,,-0.05719528719782829,,0.05719528719782829,
1409,11279,,,-0.057273589074611664,,0.057273589074611664,
1410,11287,,,-0.05717525631189346,,0.05717525631189346,
1411,11295,,,-0.057181306183338165,,0.057181306183338165,
1412,11299,,,,-0.05244965851306915,,0.05244965851306915
1412,11303,,,-0.057258039712905884,,0.057258039712905884,
1413,11311,,,-0.05724731460213661,,0.05724731460213661,
1414,11319,,,-0.057151757180690765,,0.057151757180690765,
1415,11327,,,-0.057135120034217834,,0.057135120034217834,
1416,11335,,,-0.05725032463669777,,0.05725032463669777,
1417,11343,,,-0.05724091827869415,,0.05724091827869415,
1418,11349,,,,-0.04706855118274689,,0.04706855118274689
1418,11351,,,-0.05724232643842697,,0.05724232643842697,
1419,11359,,,-0.05723930522799492,,0.05723930522799492,
1420,11367,,,-0.05715528503060341,,0.05715528503060341,
1421,11375,,,-0.05720449984073639,,0.05720449984073639,
1422,11383,,,-0.05714629963040352,,0.05714629963040352,
1423,11391,,,-0.05719751492142677,,0.05719751492142677,
1424,11399,,,,-0.053547196090221405,,0.053547196090221405
1424,11399,,,-0.05715140327811241,,0.05715140327811241,
1425,11407,,,-0.0571884885430336,,0.0571884885430336,
1426,11415,,,-0.05715349689126015,,0.05715349689126015,
1427,11423,,,-0.057197753340005875,,0.057197753340005875,
1428,11431,,,-0.05724811553955078,,0.05724811553955078,
1429,11439,,,-0.057239457964897156,,0.057239457964897156,
1430,11447,,,-0.05721862614154816,,0.05721862614154816,
1431,11449,,,,-0.07007570564746857,,0.07007570564746857
1431,11455,,,-0.05712483078241348,,0.05712483078241348,
1432,11463,,,-0.057168614119291306,,0.057168614119291306,
1433,11471,,,-0.05717325583100319,,0.05717325583100319,
1434,11479,,,-0.057240210473537445,,0.057240210473537445,
1435,11487,,,-0.05724938213825226,,0.05724938213825226,
1436,11495,,,-0.05724065378308296,,0.05724065378308296,
1437,11499,,,,-0.060140326619148254,,0.060140326619148254
1437,11503,,,-0.05725445598363876,,0.05725445598363876,
1438,11511,,,-0.05721990391612053,,0.05721990391612053,
1439,11519,,,-0.057224299758672714,,0.057224299758672714,
1440,11527,,,-0.057146891951560974,,0.057146891951560974,
1441,11535,,,-0.05718858540058136,,0.05718858540058136,
1442,11543,,,-0.05719076097011566,,0.05719076097011566,
1443,11549,,,,-0.050980232656002045,,0.050980232656002045
1443,11551,,,-0.05715811252593994,,0.05715811252593994,
1444,11559,,,-0.05738299712538719,,0.05738299712538719,
1445,11567,,,-0.05713718757033348,,0.05713718757033348,
1446,11575,,,-0.05728719383478165,,0.05728719383478165,
1447,11583,,,-0.05721423402428627,,0.05721423402428627,
1448,11591,,,-0.05720045045018196,,0.05720045045018196,
1449,11599,,,,-0.058272458612918854,,0.058272458612918854
1449,11599,,,-0.057244207710027695,,0.057244207710027695,
1450,11607,,,-0.057140376418828964,,0.057140376418828964,
1451,11615,,,-0.0571797713637352,,0.0571797713637352,
1452,11623,,,-0.057306189090013504,,0.057306189090013504,
1453,11631,,,-0.05717632547020912,,0.05717632547020912,
1454,11639,,,-0.05724222585558891,,0.05724222585558891,
1455,11647,,,-0.05728964880108833,,0.05728964880108833,
1456,11649,,,,-0.050556182861328125,,0.050556182861328125
1456,11655,,,-0.05719425156712532,,0.05719425156712532,
1457,11663,,,-0.057224925607442856,,0.057224925607442856,
1458,11671,,,-0.057105064392089844,,0.057105064392089844,
1459,11679,,,-0.057274229824543,,0.057274229824543,
1460,11687,,,-0.05712994560599327,,0.05712994560599327,
1461,11695,,,-0.05719232186675072,,0.05719232186675072,
1462,11699,,,,-0.056573107838630676,,0.056573107838630676
1462,11703,,,-0.05713443458080292,,0.05713443458080292,
1463,11711,,,-0.05721300095319748,,0.05721300095319748,
1464,11719,,,-0.05726560205221176,,0.05726560205221176,
1465,11727,,,-0.05709162726998329,,0.05709162726998329,
1466,11735,,,-0.057209912687540054,,0.057209912687540054,
1467,11743,,,-0.05717688053846359,,0.05717688053846359,
1468,11749,,,,-0.04641018062829971,,0.04641018062829971
1468,11751,,,-0.05726052075624466,,0.05726052075624466,
1469,11759,,,-0.05720638856291771,,0.05720638856291771,
1470,11767,,,-0.05718941614031792,,0.05718941614031792,
1471,11775,,,-0.05725457891821861,,0.05725457891821861,
1472,11783,,,-0.05727219209074974,,0.05727219209074974,
1473,11791,,,-0.05726272612810135,,0.05726272612810135,
1474,11799,,,,-0.06359829753637314,,0.06359829753637314
1474,11799,,,-0.057129066437482834,,0.057129066437482834,
1475,11807,,,-0.05732186138629913,,0.05732186138629913,
1476,11815,,,-0.057284142822027206,,0.057284142822027206,
1477,11823,,,-0.05731326341629028,,0.05731326341629028,
1478,11831,,,-0.05716631934046745,,0.05716631934046745,
1479,11839,,,-0.05710072070360184,,0.05710072070360184,
1480,11847,,,-0.05712975561618805,,0.05712975561618805,
1481,11849,,,,-0.06791243702173233,,0.06791243702173233
1481,11855,,,-0.057331714779138565,,0.057331714779138565,
1482,11863,,,-0.0571783185005188,,0.0571783185005188,
1483,11871,,,-0.05713297054171562,,0.05713297054171562,
1484,11879,,,-0.05714947357773781,,0.05714947357773781,
1485,11887,,,-0.05724386125802994,,0.05724386125802994,
1486,11895,,,-0.057224299758672714,,0.057224299758672714,
1487,11899,,,,-0.04690738022327423,,0.04690738022327423
1487,11903,,,-0.057161346077919006,,0.057161346077919006,
1488,11911,,,-0.057220447808504105,,0.057220447808504105,
1489,11919,,,-0.057256877422332764,,0.057256877422332764,
1490,11927,,,-0.05713312327861786,,0.05713312327861786,
1491,11935,,,-0.057218506932258606,,0.057218506932258606,
1492,11943,,,-0.05722041800618172,,0.05722041800618172,
1493,11949,,,,-0.05516348034143448,,0.05516348034143448
1493,11951,,,-0.05718456581234932,,0.05718456581234932,
1494,11959,,,-0.057260554283857346,,0.057260554283857346,
1495,11967,,,-0.057231541723012924,,0.057231541723012924,
1496,11975,,,-0.05713726207613945,,0.05713726207613945,
1497,11983,,,-0.057200487703084946,,0.057200487703084946,
1498,11991,,,-0.05721009522676468,,0.05721009522676468,
1499,11999,,,,-0.05320129543542862,,0.05320129543542862
1499,11999,,,-0.05718028545379639,,0.05718028545379639,
1500,12007,,,-0.05731325224041939,,0.05731325224041939,
1501,12015,,,-0.05721183493733406,,0.05721183493733406,
1502,12023,,,-0.05713317170739174,,0.05713317170739174,
1503,12031,,,-0.05730967968702316,,0.05730967968702316,
1504,12039,,,-0.057184185832738876,,0.057184185832738876,
1505,12047,,,-0.05710853263735771,,0.05710853263735771,
1506,12049,,,,-0.06667075306177139,,0.06667075306177139
1506,12055,,,-0.05716630071401596,,0.05716630071401596,
1507,12063,,,-0.05709728226065636,,0.05709728226065636,
1508,12071,,,-0.05722784250974655,,0.05722784250974655,
1509,12079,,,-0.05720328539609909,,0.05720328539609909,
1510,12087,,,-0.05717349797487259,,0.05717349797487259,
1511,12095,,,-0.05734248831868172,,0.05734248831868172,
1512,12099,,,,-0.05403933674097061,,0.05403933674097061
1512,12103,,,-0.05724415183067322,,0.05724415183067322,
1513,12111,,,-0.05738520622253418,,0.05738520622253418,
1514,12119,,,-0.057207487523555756,,0.057207487523555756,
1515,12127,,,-0.057154957205057144,,0.057154957205057144,
1516,12135,,,-0.057175163179636,,0.057175163179636,
1517,12143,,,-0.05736247077584267,,0.05736247077584267,
1518,12149,,,,-0.06351709365844727,,0.06351709365844727
1518,12151,,,-0.057296961545944214,,0.057296961545944214,
1519,12159,,,-0.05722847208380699,,0.05722847208380699,
1520,12167,,,-0.05715753138065338,,0.05715753138065338,
1521,12175,,,-0.057221073657274246,,0.057221073657274246,
1522,12183,,,-0.05722394958138466,,0.05722394958138466,
1523,12191,,,-0.057177744805812836,,0.057177744805812836,
1524,12199,,,,-0.047393038868904114,,0.047393038868904114
1524,12199,,,-0.0572672076523304,,0.0572672076523304,
1525,12207,,,-0.05721649155020714,,0.05721649155020714,
1526,12215,,,-0.05723591148853302,,0.05723591148853302,
1527,12223,,,-0.05720764026045799,,0.05720764026045799,
1528,12231,,,-0.057199571281671524,,0.057199571281671524,
1529,12239,,,-0.05721830576658249,,0.05721830576658249,
1530,12247,,,-0.057139843702316284,,0.057139843702316284,
1531,12249,,,,-0.04863929748535156,,0.04863929748535156
1531,12255,,,-0.057223737239837646,,0.057223737239837646,
1532,12263,,,-0.057235438376665115,,0.057235438376665115,
1533,12271,,,-0.05714234709739685,,0.05714234709739685,
1534,12279,,,-0.05726347491145134,,0.05726347491145134,
1535,12287,,,-0.05728146806359291,,0.05728146806359291,
1536,12295,,,-0.05721508339047432,,0.05721508339047432,
1537,12299,,,,-0.0629417896270752,,0.0629417896270752
1537,12303,,,-0.05727193132042885,,0.05727193132042885,
1538,12311,,,-0.05717476084828377,,0.05717476084828377,
1539,12319,,,-0.05715833604335785,,0.05715833604335785,
1540,12327,,,-0.05735800787806511,,0.05735800787806511,
1541,12335,,,-0.05718165263533592,,0.05718165263533592,
1542,12343,,,-0.057217322289943695,,0.057217322289943695,
1543,12349,,,,-0.050353385508060455,,0.050353385508060455
1543,12351,,,-0.05721616372466087,,0.05721616372466087,
1544,12359,,,-0.05738411843776703,,0.05738411843776703,
1545,12367,,,-0.05709453299641609,,0.05709453299641609,
1546,12375,,,-0.05713702365756035,,0.05713702365756035,
1547,12383,,,-0.057141710072755814,,0.057141710072755814,
1548,12391,,,-0.057143695652484894,,0.057143695652484894,
1549,12399,,,,-0.05844898521900177,,0.05844898521900177
1549,12399,,,-0.057165492326021194,,0.057165492326021194,
1550,12407,,,-0.0573190376162529,,0.0573190376162529,
1551,12415,,,-0.05724900960922241,,0.05724900960922241,
1552,12423,,,-0.05728471651673317,,0.05728471651673317,
1553,12431,,,-0.057329993695020676,,0.057329993695020676,
1554,12439,,,-0.057162243872880936,,0.057162243872880936,
1555,12447,,,-0.057146161794662476,,0.057146161794662476,
1556,12449,,,,-0.050666287541389465,,0.050666287541389465
1556,12455,,,-0.057168688625097275,,0.057168688625097275,
1557,12463,,,-0.05719143524765968,,0.05719143524765968,
1558,12471,,,-0.057317785918712616,,0.057317785918712616,
1559,12479,,,-0.057224396616220474,,0.057224396616220474,
1560,12487,,,-0.057294853031635284,,0.057294853031635284,
1561,12495,,,-0.05728549882769585,,0.05728549882769585,
1562,12499,,,,-0.04143495857715607,,0.04143495857715607
1562,12503,,,-0.05739143490791321,,0.05739143490791321,
1563,12511,,,-0.05718523636460304,,0.05718523636460304,
1564,12519,,,-0.05729280412197113,,0.05729280412197113,
1565,12527,,,-0.05715225264430046,,0.05715225264430046,
1566,12535,,,-0.057230930775403976,,0.057230930775403976,
1567,12543,,,-0.057104744017124176,,0.057104744017124176,
1568,12549,,,,-0.057654671370983124,,0.057654671370983124
1568,12551,,,-0.0572776235640049,,0.0572776235640049,
1569,12559,,,-0.057149749249219894,,0.057149749249219894,
1570,12567,,,-0.05717175453901291,,0.05717175453901291,
1571,12575,,,-0.05714544653892517,,0.05714544653892517,
1572,12583,,,-0.05726081505417824,,0.05726081505417824,
1573,12591,,,-0.057182203978300095,,0.057182203978300095,
1574,12599,,,,-0.06308598816394806,,0.06308598816394806
1574,12599,,,-0.057207390666007996,,0.057207390666007996,
1575,12607,,,-0.0571843646466732,,0.0571843646466732,
1576,12615,,,-0.05715184286236763,,0.05715184286236763,
1577,12623,,,-0.05719958618283272,,0.05719958618283272,
1578,12631,,,-0.05724983662366867,,0.05724983662366867,
1579,12639,,,-0.05733581632375717,,0.05733581632375717,
1580,12647,,,-0.05722960829734802,,0.05722960829734802,
1581,12649,,,,-0.055271439254283905,,0.055271439254283905
1581,12655,,,-0.057202037423849106,,0.057202037423849106,
1582,12663,,,-0.057193249464035034,,0.057193249464035034,
1583,12671,,,-0.05727003142237663,,0.05727003142237663,
1584,12679,,,-0.057234764099121094,,0.057234764099121094,
1585,12687,,,-0.05715608596801758,,0.05715608596801758,
1586,12695,,,-0.05721607059240341,,0.05721607059240341,
1587,12699,,,,-0.05690212547779083,,0.05690212547779083
1587,12703,,,-0.05725589767098427,,0.05725589767098427,
1588,12711,,,-0.05719730257987976,,0.05719730257987976,
1589,12719,,,-0.05713774263858795,,0.05713774263858795,
1590,12727,,,-0.05712972581386566,,0.05712972581386566,
1591,12735,,,-0.057213395833969116,,0.057213395833969116,
1592,12743,,,-0.05717730149626732,,0.05717730149626732,
1593,12749,,,,-0.06758289784193039,,0.06758289784193039
1593,12751,,,-0.05727418139576912,,0.05727418139576912,
1594,12759,,,-0.05731598660349846,,0.05731598660349846,
1595,12767,,,-0.05728583410382271,,0.05728583410382271,
1596,12775,,,-0.057224731892347336,,0.057224731892347336,
1597,12783,,,-0.05718754976987839,,0.05718754976987839,
1598,12791,,,-0.05734080821275711,,0.05734080821275711,
1599,12799,,,,-0.05011429637670517,,0.05011429637670517
1599,12799,,,-0.05719774216413498,,0.05719774216413498,
1600,12807,,,-0.0572754442691803,,0.0572754442691803,
1601,12815,,,-0.05728650465607643,,0.05728650465607643,
1602,12823,,,-0.05725858733057976,,0.05725858733057976,
1603,12831,,,-0.057147178798913956,,0.057147178798913956,
1604,12839,,,-0.05726999044418335,,0.05726999044418335,
1605,12847,,,-0.057260673493146896,,0.057260673493146896,
1606,12849,,,,-0.06467075645923615,,0.06467075645923615
1606,12855,,,-0.05711286514997482,,0.05711286514997482,
1607,12863,,,-0.05720603093504906,,0.05720603093504906,
1608,12871,,,-0.05725326016545296,,0.05725326016545296,
1609,12879,,,-0.05726122483611107,,0.05726122483611107,
1610,12887,,,-0.057222429662942886,,0.057222429662942886,
1611,12895,,,-0.057166315615177155,,0.057166315615177155,
1612,12899,,,,-0.05291719734668732,,0.05291719734668732
1612,12903,,,-0.05718642473220825,,0.05718642473220825,
1613,12911,,,-0.057235632091760635,,0.057235632091760635,
1614,12919,,,-0.05724887549877167,,0.05724887549877167,
1615,12927,,,-0.05729895085096359,,0.05729895085096359,
1616,12935,,,-0.057202085852622986,,0.057202085852622986,
1617,12943,,,-0.05724740028381348,,0.05724740028381348,
1618,12949,,,,-0.04622979462146759,,0.04622979462146759
1618,12951,,,-0.05718763917684555,,0.05718763917684555,
1619,12959,,,-0.057262860238552094,,0.057262860238552094,
1620,12967,,,-0.057257670909166336,,0.057257670909166336,
1621,12975,,,-0.05714894458651543,,0.05714894458651543,
1622,12983,,,-0.05721880495548248,,0.05721880495548248,
1623,12991,,,-0.057173486799001694,,0.057173486799001694,
1624,12999,,,,-0.04848780483007431,,0.04848780483007431
1624,12999,,,-0.057243067771196365,,0.057243067771196365,
1625,13007,,,-0.05722502991557121,,0.05722502991557121,
1626,13015,,,-0.0572594590485096,,0.0572594590485096,
1627,13023,,,-0.05731011927127838,,0.05731011927127838,
1628,13031,,,-0.057155314832925797,,0.057155314832925797,
1629,13039,,,-0.05725356936454773,,0.05725356936454773,
1630,13047,,,-0.05715794861316681,,0.05715794861316681,
1631,13049,,,,-0.061666347086429596,,0.061666347086429596
1631,13055,,,-0.057218071073293686,,0.057218071073293686,
1632,13063,,,-0.05718343332409859,,0.05718343332409859,
1633,13071,,,-0.05730311945080757,,0.05730311945080757,
1634,13079,,,-0.05723177641630173,,0.05723177641630173,
1635,13087,,,-0.057209618389606476,,0.057209618389606476,
1636,13095,,,-0.05724146217107773,,0.05724146217107773,
1637,13099,,,,-0.05907497555017471,,0.05907497555017471
1637,13103,,,-0.05722866952419281,,0.05722866952419281,
1638,13111,,,-0.05722684785723686,,0.05722684785723686,
1639,13119,,,-0.057200439274311066,,0.057200439274311066,
1640,13127,,,-0.05727671459317207,,0.05727671459317207,
1641,13135,,,-0.05729828029870987,,0.05729828029870987,
1642,13143,,,-0.057359520345926285,,0.057359520345926285,
1643,13149,,,,-0.05682015419006348,,0.05682015419006348
1643,13151,,,-0.05718992277979851,,0.05718992277979851,
1644,13159,,,-0.0571889653801918,,0.0571889653801918,
1645,13167,,,-0.057299427688121796,,0.057299427688121796,
1646,13175,,,-0.0572250559926033,,0.0572250559926033,
1647,13183,,,-0.057243622839450836,,0.057243622839450836,
1648,13191,,,-0.057176392525434494,,0.057176392525434494,
1649,13199,,,,-0.058203600347042084,,0.058203600347042084
1649,13199,,,-0.05726928263902664,,0.05726928263902664,
1650,13207,,,-0.05720783770084381,,0.05720783770084381,
1651,13215,,,-0.05719520151615143,,0.05719520151615143,
1652,13223,,,-0.057158589363098145,,0.057158589363098145,
1653,13231,,,-0.05720512568950653,,0.05720512568950653,
1654,13239,,,-0.05713215842843056,,0.05713215842843056,
1655,13247,,,-0.057232629507780075,,0.057232629507780075,
1656,13249,,,,-0.05248432606458664,,0.05248432606458664
1656,13255,,,-0.05722333863377571,,0.05722333863377571,
1657,13263,,,-0.05722145363688469,,0.05722145363688469,
1658,13271,,,-0.0571896918118,,0.0571896918118,
1659,13279,,,-0.05723414197564125,,0.05723414197564125,
1660,13287,,,-0.05719921737909317,,0.05719921737909317,
1661,13295,,,-0.05714378133416176,,0.05714378133416176,
1662,13299,,,,-0.052382804453372955,,0.052382804453372955
1662,13303,,,-0.057293567806482315,,0.057293567806482315,
1663,13311,,,-0.057161595672369,,0.057161595672369,
1664,13319,,,-0.05725936219096184,,0.05725936219096184,
1665,13327,,,-0.057205669581890106,,0.057205669581890106,
1666,13335,,,-0.0572655089199543,,0.0572655089199543,
1667,13343,,,-0.05732054263353348,,0.05732054263353348,
1668,13349,,,,-0.06639843434095383,,0.06639843434095383
1668,13351,,,-0.05717461556196213,,0.05717461556196213,
1669,13359,,,-0.05727393180131912,,0.05727393180131912,
1670,13367,,,-0.057234227657318115,,0.057234227657318115,
1671,13375,,,-0.05717651546001434,,0.05717651546001434,
1672,13383,,,-0.05723687633872032,,0.05723687633872032,
1673,13391,,,-0.0572979599237442,,0.0572979599237442,
1674,13399,,,,-0.05792136490345001,,0.05792136490345001
1674,13399,,,-0.057361241430044174,,0.057361241430044174,
1675,13407,,,-0.057300176471471786,,0.057300176471471786,
1676,13415,,,-0.05718635395169258,,0.05718635395169258,
1677,13423,,,-0.05723188444972038,,0.05723188444972038,
1678,13431,,,-0.05721648037433624,,0.05721648037433624,
1679,13439,,,-0.05720580369234085,,0.05720580369234085,
1680,13447,,,-0.0573163703083992,,0.0573163703083992,
1681,13449,,,,-0.06393203884363174,,0.06393203884363174
1681,13455,,,-0.057291753590106964,,0.057291753590106964,
1682,13463,,,-0.05714157223701477,,0.05714157223701477,
1683,13471,,,-0.05724448710680008,,0.05724448710680008,
1684,13479,,,-0.05723462998867035,,0.05723462998867035,
1685,13487,,,-0.05715787410736084,,0.05715787410736084,
1686,13495,,,-0.05725027620792389,,0.05725027620792389,
1687,13499,,,,-0.06016216427087784,,0.06016216427087784
1687,13503,,,-0.057193029671907425,,0.057193029671907425,
1688,13511,,,-0.057301539927721024,,0.057301539927721024,
1689,13519,,,-0.05716880038380623,,0.05716880038380623,
1690,13527,,,-0.05717594549059868,,0.05717594549059868,
1691,13535,,,-0.05723267048597336,,0.05723267048597336,
1692,13543,,,-0.05721025541424751,,0.05721025541424751,
1693,13549,,,,-0.05993018299341202,,0.05993018299341202
1693,13551,,,-0.05721002817153931,,0.05721002817153931,
1694,13559,,,-0.05708150193095207,,0.05708150193095207,
1695,13567,,,-0.05720796063542366,,0.05720796063542366,
1696,13575,,,-0.0571647584438324,,0.0571647584438324,
1697,13583,,,-0.05720049887895584,,0.05720049887895584,
1698,13591,,,-0.05728968605399132,,0.05728968605399132,
1699,13599,,,,-0.04557771980762482,,0.04557771980762482
1699,13599,,,-0.05723383650183678,,0.05723383650183678,
1700,13607,,,-0.05718329921364784,,0.05718329921364784,
1701,13615,,,-0.05711602792143822,,0.05711602792143822,
1702,13623,,,-0.05729243904352188,,0.05729243904352188,
1703,13631,,,-0.05720336735248566,,0.05720336735248566,
1704,13639,,,-0.05721408128738403,,0.05721408128738403,
1705,13647,,,-0.05723250284790993,,0.05723250284790993,
1706,13649,,,,-0.056166842579841614,,0.056166842579841614
1706,13655,,,-0.05724894255399704,,0.05724894255399704,
1707,13663,,,-0.05716942623257637,,0.05716942623257637,
1708,13671,,,-0.05721838399767876,,0.05721838399767876,
1709,13679,,,-0.057325806468725204,,0.057325806468725204,
1710,13687,,,-0.05723884701728821,,0.05723884701728821,
1711,13695,,,-0.05724737048149109,,0.05724737048149109,
1712,13699,,,,-0.046998217701911926,,0.046998217701911926
1712,13703,,,-0.05722031369805336,,0.05722031369805336,
1713,13711,,,-0.05727475509047508,,0.05727475509047508,
1714,13719,,,-0.05723080411553383,,0.05723080411553383,
1715,13727,,,-0.05729956552386284,,0.05729956552386284,
1716,13735,,,-0.05719257891178131,,0.05719257891178131,
1717,13743,,,-0.057332489639520645,,0.057332489639520645,
1718,13749,,,,-0.04408612102270126,,0.04408612102270126
1718,13751,,,-0.05722108110785484,,0.05722108110785484,
1719,13759,,,-0.057212695479393005,,0.057212695479393005,
1720,13767,,,-0.057242169976234436,,0.057242169976234436,
1721,13775,,,-0.05732829496264458,,0.05732829496264458,
1722,13783,,,-0.057211339473724365,,0.057211339473724365,
1723,13791,,,-0.057135168462991714,,0.057135168462991714,
1724,13799,,,,-0.03827209770679474,,0.03827209770679474
1724,13799,,,-0.05729411542415619,,0.05729411542415619,
1725,13807,,,-0.05723271518945694,,0.05723271518945694,
1726,13815,,,-0.05729777365922928,,0.05729777365922928,
1727,13823,,,-0.057215966284275055,,0.057215966284275055,
1728,13831,,,-0.057294659316539764,,0.057294659316539764,
1729,13839,,,-0.0571918711066246,,0.0571918711066246,
1730,13847,,,-0.057310596108436584,,0.057310596108436584,
1731,13849,,,,-0.05014204978942871,,0.05014204978942871
1731,13855,,,-0.05720873549580574,,0.05720873549580574,
1732,13863,,,-0.05725814029574394,,0.05725814029574394,
1733,13871,,,-0.05730704963207245,,0.05730704963207245,
1734,13879,,,-0.05730871111154556,,0.05730871111154556,
1735,13887,,,-0.057206977158784866,,0.057206977158784866,
1736,13895,,,-0.05731085315346718,,0.05731085315346718,
1737,13899,,,,-0.06003151088953018,,0.06003151088953018
1737,13903,,,-0.057146064937114716,,0.057146064937114716,
1738,13911,,,-0.057173650711774826,,0.057173650711774826,
1739,13919,,,-0.057212330400943756,,0.057212330400943756,
1740,13927,,,-0.05722910910844803,,0.05722910910844803,
1741,13935,,,-0.05726310983300209,,0.05726310983300209,
1742,13943,,,-0.05721883475780487,,0.05721883475780487,
1743,13949,,,,-0.06963157653808594,,0.06963157653808594
1743,13951,,,-0.05714981630444527,,0.05714981630444527,
1744,13959,,,-0.05721085146069527,,0.05721085146069527,
1745,13967,,,-0.057302385568618774,,0.057302385568618774,
1746,13975,,,-0.057327598333358765,,0.057327598333358765,
1747,13983,,,-0.05725501850247383,,0.05725501850247383,
1748,13991,,,-0.05722995102405548,,0.05722995102405548,
1749,13999,,,,-0.061806775629520416,,0.061806775629520416
1749,13999,,,-0.05722058191895485,,0.05722058191895485,
1750,14007,,,-0.05722961574792862,,0.05722961574792862,
1751,14015,,,-0.05727481096982956,,0.05727481096982956,
1752,14023,,,-0.05735073983669281,,0.05735073983669281,
1753,14031,,,-0.057242125272750854,,0.057242125272750854,
1754,14039,,,-0.05730189383029938,,0.05730189383029938,
1755,14047,,,-0.05733279511332512,,0.05733279511332512,
1756,14049,,,,-0.05119290202856064,,0.05119290202856064
1756,14055,,,-0.05722500756382942,,0.05722500756382942,
1757,14063,,,-0.05732106789946556,,0.05732106789946556,
1758,14071,,,-0.05725535750389099,,0.05725535750389099,
1759,14079,,,-0.05739268660545349,,0.05739268660545349,
1760,14087,,,-0.057185735553503036,,0.057185735553503036,
1761,14095,,,-0.05724257230758667,,0.05724257230758667,
1762,14099,,,,-0.04854865372180939,,0.04854865372180939
1762,14103,,,-0.057253871113061905,,0.057253871113061905,
1763,14111,,,-0.05723506957292557,,0.05723506957292557,
1764,14119,,,-0.05731363594532013,,0.05731363594532013,
1765,14127,,,-0.05725394934415817,,0.05725394934415817,
1766,14135,,,-0.05716903507709503,,0.05716903507709503,
1767,14143,,,-0.05727162957191467,,0.05727162957191467,
1768,14149,,,,-0.04984626919031143,,0.04984626919031143
1768,14151,,,-0.057309623807668686,,0.057309623807668686,
1769,14159,,,-0.05745301395654678,,0.05745301395654678,
1770,14167,,,-0.057248737663030624,,0.057248737663030624,
1771,14175,,,-0.05720605328679085,,0.05720605328679085,
1772,14183,,,-0.0571921281516552,,0.0571921281516552,
1773,14191,,,-0.057145826518535614,,0.057145826518535614,
1774,14199,,,,-0.06649213284254074,,0.06649213284254074
1774,14199,,,-0.057211559265851974,,0.057211559265851974,
1775,14207,,,-0.05722210183739662,,0.05722210183739662,
1776,14215,,,-0.05724354088306427,,0.05724354088306427,
1777,14223,,,-0.0571584515273571,,0.0571584515273571,
1778,14231,,,-0.05738568678498268,,0.05738568678498268,
1779,14239,,,-0.05722089111804962,,0.05722089111804962,
1780,14247,,,-0.0572427362203598,,0.0572427362203598,
1781,14249,,,,-0.06182565540075302,,0.06182565540075302
1781,14255,,,-0.05720808729529381,,0.05720808729529381,
1782,14263,,,-0.057210296392440796,,0.057210296392440796,
1783,14271,,,-0.05737406015396118,,0.05737406015396118,
1784,14279,,,-0.057203613221645355,,0.057203613221645355,
1785,14287,,,-0.05717923492193222,,0.05717923492193222,
1786,14295,,,-0.05722615867853165,,0.05722615867853165,
1787,14299,,,,-0.06749611347913742,,0.06749611347913742
1787,14303,,,-0.05732787400484085,,0.05732787400484085,
1788,14311,,,-0.057223860174417496,,0.057223860174417496,
1789,14319,,,-0.057158466428518295,,0.057158466428518295,
1790,14327,,,-0.057259589433670044,,0.057259589433670044,
1791,14335,,,-0.05721139535307884,,0.05721139535307884,
1792,14343,,,-0.05728789046406746,,0.05728789046406746,
1793,14349,,,,-0.05930628627538681,,0.05930628627538681
1793,14351,,,-0.0571780651807785,,0.0571780651807785,
1794,14359,,,-0.05735629424452782,,0.05735629424452782,
1795,14367,,,-0.05744169279932976,,0.05744169279932976,
1796,14375,,,-0.05725786089897156,,0.05725786089897156,
1797,14383,,,-0.05733012780547142,,0.05733012780547142,
1798,14391,,,-0.05717603117227554,,0.05717603117227554,
1799,14399,,,,-0.06124267727136612,,0.06124267727136612
1799,14399,,,-0.05721753090620041,,0.05721753090620041,
1800,14407,,,-0.057208918035030365,,0.057208918035030365,
1801,14415,,,-0.05726703628897667,,0.05726703628897667,
1802,14423,,,-0.057267021387815475,,0.057267021387815475,
1803,14431,,,-0.05726476013660431,,0.05726476013660431,
1804,14439,,,-0.05720018222928047,,0.05720018222928047,
1805,14447,,,-0.057275764644145966,,0.057275764644145966,
1806,14449,,,,-0.07272300869226456,,0.07272300869226456
1806,14455,,,-0.05725443735718727,,0.05725443735718727,
1807,14463,,,-0.05732007324695587,,0.05732007324695587,
1808,14471,,,-0.057341936975717545,,0.057341936975717545,
1809,14479,,,-0.057253651320934296,,0.057253651320934296,
1810,14487,,,-0.0574716180562973,,0.0574716180562973,
1811,14495,,,-0.05725867301225662,,0.05725867301225662,
1812,14499,,,,-0.05073251575231552,,0.05073251575231552
1812,14503,,,-0.057163842022418976,,0.057163842022418976,
1813,14511,,,-0.057186100631952286,,0.057186100631952286,
1814,14519,,,-0.057203833013772964,,0.057203833013772964,
1815,14527,,,-0.057329967617988586,,0.057329967617988586,
1816,14535,,,-0.05725569278001785,,0.05725569278001785,
1817,14543,,,-0.057346221059560776,,0.057346221059560776,
1818,14549,,,,-0.05612649768590927,,0.05612649768590927
1818,14551,,,-0.05723295360803604,,0.05723295360803604,
1819,14559,,,-0.05721874535083771,,0.05721874535083771,
1820,14567,,,-0.057231590151786804,,0.057231590151786804,
1821,14575,,,-0.05720004439353943,,0.05720004439353943,
1822,14583,,,-0.05740141496062279,,0.05740141496062279,
1823,14591,,,-0.057241253554821014,,0.057241253554821014,
1824,14599,,,,-0.03738675266504288,,0.03738675266504288
1824,14599,,,-0.05721350759267807,,0.05721350759267807,
1825,14607,,,-0.05731283500790596,,0.05731283500790596,
1826,14615,,,-0.057185955345630646,,0.057185955345630646,
1827,14623,,,-0.05718856304883957,,0.05718856304883957,
1828,14631,,,-0.05727032572031021,,0.05727032572031021,
1829,14639,,,-0.057269398123025894,,0.057269398123025894,
1830,14647,,,-0.057332709431648254,,0.057332709431648254,
1831,14649,,,,-0.049620918929576874,,0.049620918929576874
1831,14655,,,-0.05718574672937393,,0.05718574672937393,
1832,14663,,,-0.0572533942759037,,0.0572533942759037,
1833,14671,,,-0.05720109865069389,,0.05720109865069389,
1834,14679,,,-0.057379625737667084,,0.057379625737667084,
1835,14687,,,-0.057240553200244904,,0.057240553200244904,
1836,14695,,,-0.05722243711352348,,0.05722243711352348,
1837,14699,,,,-0.06890392303466797,,0.06890392303466797
1837,14703,,,-0.0572427362203598,,0.0572427362203598,
1838,14711,,,-0.05724387243390083,,0.05724387243390083,
1839,14719,,,-0.05725952237844467,,0.05725952237844467,
1840,14727,,,-0.05733909830451012,,0.05733909830451012,
1841,14735,,,-0.05721290409564972,,0.05721290409564972,
1842,14743,,,-0.05732710659503937,,0.05732710659503937,
1843,14749,,,,-0.0526275634765625,,0.0526275634765625
1843,14751,,,-0.05723026767373085,,0.05723026767373085,
1844,14759,,,-0.05713697522878647,,0.05713697522878647,
1845,14767,,,-0.05725932493805885,,0.05725932493805885,
1846,14775,,,-0.057230882346630096,,0.057230882346630096,
1847,14783,,,-0.05727217346429825,,0.05727217346429825,
1848,14791,,,-0.0572977177798748,,0.0572977177798748,
1849,14799,,,,-0.04495678097009659,,0.04495678097009659
1849,14799,,,-0.0573061965405941,,0.0573061965405941,
1850,14807,,,-0.05723990499973297,,0.05723990499973297,
1851,14815,,,-0.057186536490917206,,0.057186536490917206,
1852,14823,,,-0.057241290807724,,0.057241290807724,
1853,14831,,,-0.05726708844304085,,0.05726708844304085,
1854,14839,,,-0.057195842266082764,,0.057195842266082764,
1855,14847,,,-0.05723142251372337,,0.05723142251372337,
1856,14849,,,,-0.05450868606567383,,0.05450868606567383
1856,14855,,,-0.05729508772492409,,0.05729508772492409,
1857,14863,,,-0.057392146438360214,,0.057392146438360214,
1858,14871,,,-0.0573304258286953,,0.0573304258286953,
1859,14879,,,-0.05728033557534218,,0.05728033557534218,
1860,14887,,,-0.05722929164767265,,0.05722929164767265,
1861,14895,,,-0.05732141062617302,,0.05732141062617302,
1862,14899,,,,-0.036744020879268646,,0.036744020879268646
1862,14903,,,-0.05718148127198219,,0.05718148127198219,
1863,14911,,,-0.057237811386585236,,0.057237811386585236,
1864,14919,,,-0.05726267024874687,,0.05726267024874687,
1865,14927,,,-0.057422246783971786,,0.057422246783971786,
1866,14935,,,-0.057336241006851196,,0.057336241006851196,
1867,14943,,,-0.05730205774307251,,0.05730205774307251,
1868,14949,,,,-0.05344219505786896,,0.05344219505786896
1868,14951,,,-0.05733874440193176,,0.05733874440193176,
1869,14959,,,-0.05721626058220863,,0.05721626058220863,
1870,14967,,,-0.05721893906593323,,0.05721893906593323,
1871,14975,,,-0.057197779417037964,,0.057197779417037964,
1872,14983,,,-0.05721944570541382,,0.05721944570541382,
1873,14991,,,-0.05724694952368736,,0.05724694952368736,
1874,14999,,,,-0.04478221386671066,,0.04478221386671066
1874,14999,,,-0.057191796600818634,,0.057191796600818634,
1875,15007,,,-0.05724269896745682,,0.05724269896745682,
1876,15015,,,-0.05729108303785324,,0.05729108303785324,
1877,15023,,,-0.057244591414928436,,0.057244591414928436,
1878,15031,,,-0.05736502259969711,,0.05736502259969711,
1879,15039,,,-0.05722453445196152,,0.05722453445196152,
1880,15047,,,-0.057291679084300995,,0.057291679084300995,
1881,15049,,,,-0.051824331283569336,,0.051824331283569336
1881,15055,,,-0.057300712913274765,,0.057300712913274765,
1882,15063,,,-0.057155244052410126,,0.057155244052410126,
1883,15071,,,-0.05731579661369324,,0.05731579661369324,
1884,15079,,,-0.057318951934576035,,0.057318951934576035,
1885,15087,,,-0.05723702535033226,,0.05723702535033226,
1886,15095,,,-0.057292260229587555,,0.057292260229587555,
1887,15099,,,,-0.055258750915527344,,0.055258750915527344
1887,15103,,,-0.05721471086144447,,0.05721471086144447,
1888,15111,,,-0.0572720468044281,,0.0572720468044281,
1889,15119,,,-0.0573824942111969,,0.0573824942111969,
1890,15127,,,-0.057246528565883636,,0.057246528565883636,
1891,15135,,,-0.05730942264199257,,0.05730942264199257,
1892,15143,,,-0.057214654982089996,,0.057214654982089996,
1893,15149,,,,-0.04952678829431534,,0.04952678829431534
1893,15151,,,-0.05735870450735092,,0.05735870450735092,
1894,15159,,,-0.05721567943692207,,0.05721567943692207,
1895,15167,,,-0.05722780153155327,,0.05722780153155327,
1896,15175,,,-0.05722948536276817,,0.05722948536276817,
1897,15183,,,-0.05742139741778374,,0.05742139741778374,
1898,15191,,,-0.05709460377693176,,0.05709460377693176,
1899,15199,,,,-0.05462217330932617,,0.05462217330932617
1899,15199,,,-0.05720045045018196,,0.05720045045018196,
1900,15207,,,-0.05732650309801102,,0.05732650309801102,
1901,15215,,,-0.05727589875459671,,0.05727589875459671,
1902,15223,,,-0.05728680267930031,,0.05728680267930031,
1903,15231,,,-0.057237304747104645,,0.057237304747104645,
1904,15239,,,-0.05723147466778755,,0.05723147466778755,
1905,15247,,,-0.05713432654738426,,0.05713432654738426,
1906,15249,,,,-0.052556708455085754,,0.052556708455085754
1906,15255,,,-0.05720873922109604,,0.05720873922109604,
1907,15263,,,-0.0571785531938076,,0.0571785531938076,
1908,15271,,,-0.057387303560972214,,0.057387303560972214,
1909,15279,,,-0.05719657614827156,,0.05719657614827156,
1910,15287,,,-0.057231321930885315,,0.057231321930885315,
1911,15295,,,-0.05727468803524971,,0.05727468803524971,
1912,15299,,,,-0.04359245300292969,,0.04359245300292969
1912,15303,,,-0.057260651141405106,,0.057260651141405106,
1913,15311,,,-0.05722988769412041,,0.05722988769412041,
1914,15319,,,-0.0573507696390152,,0.0573507696390152,
1915,15327,,,-0.057336315512657166,,0.057336315512657166,
1916,15335,,,-0.05713462084531784,,0.05713462084531784,
1917,15343,,,-0.05722399801015854,,0.05722399801015854,
1918,15349,,,,-0.04845414310693741,,0.04845414310693741
1918,15351,,,-0.05730566382408142,,0.05730566382408142,
1919,15359,,,-0.05737565457820892,,0.05737565457820892,
1920,15367,,,-0.05720360577106476,,0.05720360577106476,
1921,15375,,,-0.05725785344839096,,0.05725785344839096,
1922,15383,,,-0.05727346986532211,,0.05727346986532211,
1923,15391,,,-0.05720582976937294,,0.05720582976937294,
1924,15399,,,,-0.04377589374780655,,0.04377589374780655
1924,15399,,,-0.05724586173892021,,0.05724586173892021,
1925,15407,,,-0.05729031190276146,,0.05729031190276146,
1926,15415,,,-0.05721007660031319,,0.05721007660031319,
1927,15423,,,-0.0572684220969677,,0.0572684220969677,
1928,15431,,,-0.05721164494752884,,0.05721164494752884,
1929,15439,,,-0.0571916364133358,,0.0571916364133358,
1930,15447,,,-0.05739378556609154,,0.05739378556609154,
1931,15449,,,,-0.06041260063648224,,0.06041260063648224
1931,15455,,,-0.05723601207137108,,0.05723601207137108,
1932,15463,,,-0.057166870683431625,,0.057166870683431625,
1933,15471,,,-0.057304468005895615,,0.057304468005895615,
1934,15479,,,-0.057256635278463364,,0.057256635278463364,
1935,15487,,,-0.05717521905899048,,0.05717521905899048,
1936,15495,,,-0.057349979877471924,,0.057349979877471924,
1937,15499,,,,-0.0675739273428917,,0.0675739273428917
1937,15503,,,-0.05732252821326256,,0.05732252821326256,
1938,15511,,,-0.05715501680970192,,0.05715501680970192,
1939,15519,,,-0.057323094457387924,,0.057323094457387924,
1940,15527,,,-0.05726812779903412,,0.05726812779903412,
1941,15535,,,-0.057218730449676514,,0.057218730449676514,
1942,15543,,,-0.057262957096099854,,0.057262957096099854,
1943,15549,,,,-0.05062847584486008,,0.05062847584486008
1943,15551,,,-0.05731594190001488,,0.05731594190001488,
1944,15559,,,-0.05727411434054375,,0.05727411434054375,
1945,15567,,,-0.057230230420827866,,0.057230230420827866,
1946,15575,,,-0.05730536952614784,,0.05730536952614784,
1947,15583,,,-0.05724237114191055,,0.05724237114191055,
1948,15591,,,-0.057269249111413956,,0.057269249111413956,
1949,15599,,,,-0.06786055862903595,,0.06786055862903595
1949,15599,,,-0.05727621912956238,,0.05727621912956238,
1950,15607,,,-0.05724359303712845,,0.05724359303712845,
1951,15615,,,-0.05721765756607056,,0.05721765756607056,
1952,15623,,,-0.057238154113292694,,0.057238154113292694,
1953,15631,,,-0.05724333971738815,,0.05724333971738815,
1954,15639,,,-0.057253919541835785,,0.057253919541835785,
1955,15647,,,-0.057282954454422,,0.057282954454422,
1956,15649,,,,-0.05219154804944992,,0.05219154804944992
1956,15655,,,-0.0572454035282135,,0.0572454035282135,
1957,15663,,,-0.05733079835772514,,0.05733079835772514,
1958,15671,,,-0.057306062430143356,,0.057306062430143356,
1959,15679,,,-0.057317499071359634,,0.057317499071359634,
1960,15687,,,-0.05733603611588478,,0.05733603611588478,
1961,15695,,,-0.057283226400613785,,0.057283226400613785,
1962,15699,,,,-0.05755901336669922,,0.05755901336669922
1962,15703,,,-0.05729259178042412,,0.05729259178042412,
1963,15711,,,-0.05726828798651695,,0.05726828798651695,
1964,15719,,,-0.057339079678058624,,0.057339079678058624,
1965,15727,,,-0.057246021926403046,,0.057246021926403046,
1966,15735,,,-0.05744696035981178,,0.05744696035981178,
1967,15743,,,-0.05729373171925545,,0.05729373171925545,
1968,15749,,,,-0.054396964609622955,,0.054396964609622955
1968,15751,,,-0.05723635107278824,,0.05723635107278824,
1969,15759,,,-0.057314854115247726,,0.057314854115247726,
1970,15767,,,-0.05739322677254677,,0.05739322677254677,
1971,15775,,,-0.05727583169937134,,0.05727583169937134,
1972,15783,,,-0.057250432670116425,,0.057250432670116425,
1973,15791,,,-0.05732223019003868,,0.05732223019003868,
1974,15799,,,,-0.056968070566654205,,0.056968070566654205
1974,15799,,,-0.05727314576506615,,0.05727314576506615,
1975,15807,,,-0.05738629773259163,,0.05738629773259163,
1976,15815,,,-0.05721237137913704,,0.05721237137913704,
1977,15823,,,-0.0573076531291008,,0.0573076531291008,
1978,15831,,,-0.05722774565219879,,0.05722774565219879,
1979,15839,,,-0.057273607701063156,,0.057273607701063156,
1980,15847,,,-0.05745907500386238,,0.05745907500386238,
1981,15849,,,,-0.06070556491613388,,0.06070556491613388
1981,15855,,,-0.05725090205669403,,0.05725090205669403,
1982,15863,,,-0.05723434314131737,,0.05723434314131737,
1983,15871,,,-0.05732366815209389,,0.05732366815209389,
1984,15879,,,-0.05719798430800438,,0.05719798430800438,
1985,15887,,,-0.057172246277332306,,0.057172246277332306,
1986,15895,,,-0.05723242089152336,,0.05723242089152336,
1987,15899,,,,-0.07309780269861221,,0.07309780269861221
1987,15903,,,-0.05735539644956589,,0.05735539644956589,
1988,15911,,,-0.057192329317331314,,0.057192329317331314,
1989,15919,,,-0.05731850117444992,,0.05731850117444992,
1990,15927,,,-0.057218603789806366,,0.057218603789806366,
1991,15935,,,-0.057297900319099426,,0.057297900319099426,
1992,15943,,,-0.05724174156785011,,0.05724174156785011,
1993,15949,,,,-0.05500488728284836,,0.05500488728284836
1993,15951,,,-0.05716153606772423,,0.05716153606772423,
1994,15959,,,-0.05729399248957634,,0.05729399248957634,
1995,15967,,,-0.05723950266838074,,0.05723950266838074,
1996,15975,,,-0.05743264779448509,,0.05743264779448509,
1997,15983,,,-0.057215601205825806,,0.057215601205825806,
1998,15991,,,-0.05724396929144859,,0.05724396929144859,
1999,15999,,,,-0.058111004531383514,,0.058111004531383514
1999,15999,,,-0.057340532541275024,,0.057340532541275024,
2000,16000,-0.06147916242480278,0.06147916242480278,,,,
