epoch,step,test_loss,test_renyi_lb,train_loss_epoch,train_loss_step,train_renyi_lb_epoch,train_renyi_lb_step
0,7,,,0.14689791202545166,,-0.14689791202545166,
1,15,,,0.13009876012802124,,-0.13009876012802124,
2,23,,,0.11769482493400574,,-0.11769482493400574,
3,31,,,0.10669534653425217,,-0.10669534653425217,
4,39,,,0.09726595878601074,,-0.09726595878601074,
5,47,,,0.08769217133522034,,-0.08769217133522034,
6,49,,,,0.08192014694213867,,-0.08192014694213867
6,55,,,0.07785413414239883,,-0.07785413414239883,
7,63,,,0.06843484938144684,,-0.06843484938144684,
8,71,,,0.05915671959519386,,-0.05915671959519386,
9,79,,,0.04986409842967987,,-0.04986409842967987,
10,87,,,0.040606312453746796,,-0.040606312453746796,
11,95,,,0.031169921159744263,,-0.031169921159744263,
12,99,,,,0.021713167428970337,,-0.021713167428970337
12,103,,,0.021835263818502426,,-0.021835263818502426,
13,111,,,0.012542570941150188,,-0.012542570941150188,
14,119,,,0.0032483269460499287,,-0.0032483269460499287,
15,127,,,-0.006048223003745079,,0.006048223003745079,
16,135,,,-0.015345391817390919,,0.015345391817390919,
17,143,,,-0.02457423508167267,,0.02457423508167267,
18,149,,,,-0.03582863509654999,,0.03582863509654999
18,151,,,-0.03376973047852516,,0.03376973047852516,
19,159,,,-0.04287344217300415,,0.04287344217300415,
20,167,,,-0.05182671546936035,,0.05182671546936035,
21,175,,,-0.06062408909201622,,0.06062408909201622,
22,183,,,-0.06974277645349503,,0.06974277645349503,
23,191,,,-0.07873034477233887,,0.07873034477233887,
24,199,,,,-0.09146499633789062,,0.09146499633789062
24,199,,,-0.08751919865608215,,0.08751919865608215,
25,207,,,-0.09629526734352112,,0.09629526734352112,
26,215,,,-0.10506043583154678,,0.10506043583154678,
27,223,,,-0.11378470808267593,,0.11378470808267593,
28,231,,,-0.12234799563884735,,0.12234799563884735,
29,239,,,-0.13088646531105042,,0.13088646531105042,
30,247,,,-0.13939568400382996,,0.13939568400382996,
31,249,,,,-0.14342033863067627,,0.14342033863067627
31,255,,,-0.14825165271759033,,0.14825165271759033,
32,263,,,-0.1565849334001541,,0.1565849334001541,
33,271,,,-0.16477665305137634,,0.16477665305137634,
34,279,,,-0.17343072593212128,,0.17343072593212128,
35,287,,,-0.18173997104167938,,0.18173997104167938,
36,295,,,-0.1896144449710846,,0.1896144449710846,
37,299,,,,-0.19348573684692383,,0.19348573684692383
37,303,,,-0.19777940213680267,,0.19777940213680267,
38,311,,,-0.2061983346939087,,0.2061983346939087,
39,319,,,-0.21433180570602417,,0.21433180570602417,
40,327,,,-0.22248823940753937,,0.22248823940753937,
41,335,,,-0.23049072921276093,,0.23049072921276093,
42,343,,,-0.23896117508411407,,0.23896117508411407,
43,349,,,,-0.25376737117767334,,0.25376737117767334
43,351,,,-0.2471066117286682,,0.2471066117286682,
44,359,,,-0.2550889253616333,,0.2550889253616333,
45,367,,,-0.26273900270462036,,0.26273900270462036,
46,375,,,-0.2713581323623657,,0.2713581323623657,
47,383,,,-0.27908751368522644,,0.27908751368522644,
48,391,,,-0.28723978996276855,,0.28723978996276855,
49,399,,,,-0.3088904619216919,,0.3088904619216919
49,399,,,-0.296316534280777,,0.296316534280777,
50,407,,,-0.3026811480522156,,0.3026811480522156,
51,415,,,-0.31145530939102173,,0.31145530939102173,
52,423,,,-0.3187178075313568,,0.3187178075313568,
53,431,,,-0.32620206475257874,,0.32620206475257874,
54,439,,,-0.33426785469055176,,0.33426785469055176,
55,447,,,-0.3417009711265564,,0.3417009711265564,
56,449,,,,-0.3592478036880493,,0.3592478036880493
56,455,,,-0.34896978735923767,,0.34896978735923767,
57,463,,,-0.3578528165817261,,0.3578528165817261,
58,471,,,-0.3637998402118683,,0.3637998402118683,
59,479,,,-0.37021124362945557,,0.37021124362945557,
60,487,,,-0.3778640329837799,,0.3778640329837799,
61,495,,,-0.3859616816043854,,0.3859616816043854,
62,499,,,,-0.39696061611175537,,0.39696061611175537
62,503,,,-0.39124712347984314,,0.39124712347984314,
63,511,,,-0.3979625105857849,,0.3979625105857849,
64,519,,,-0.4053792655467987,,0.4053792655467987,
65,527,,,-0.4115913212299347,,0.4115913212299347,
66,535,,,-0.41760674118995667,,0.41760674118995667,
67,543,,,-0.42277148365974426,,0.42277148365974426,
68,549,,,,-0.4728844165802002,,0.4728844165802002
68,551,,,-0.4313042461872101,,0.4313042461872101,
69,559,,,-0.4381982386112213,,0.4381982386112213,
70,567,,,-0.4380999505519867,,0.4380999505519867,
71,575,,,-0.4439285695552826,,0.4439285695552826,
72,583,,,-0.45101502537727356,,0.45101502537727356,
73,591,,,-0.4572191536426544,,0.4572191536426544,
74,599,,,,-0.5107913017272949,,0.5107913017272949
74,599,,,-0.46047431230545044,,0.46047431230545044,
75,607,,,-0.4631413519382477,,0.4631413519382477,
76,615,,,-0.4692215323448181,,0.4692215323448181,
77,623,,,-0.48028212785720825,,0.48028212785720825,
78,631,,,-0.47989532351493835,,0.47989532351493835,
79,639,,,-0.48171085119247437,,0.48171085119247437,
80,647,,,-0.48785606026649475,,0.48785606026649475,
81,649,,,,-0.5015015602111816,,0.5015015602111816
81,655,,,-0.4957452714443207,,0.4957452714443207,
82,663,,,-0.49670103192329407,,0.49670103192329407,
83,671,,,-0.5053309202194214,,0.5053309202194214,
84,679,,,-0.5077618360519409,,0.5077618360519409,
85,687,,,-0.5075284242630005,,0.5075284242630005,
86,695,,,-0.5110354423522949,,0.5110354423522949,
87,699,,,,-0.45728373527526855,,0.45728373527526855
87,703,,,-0.522473931312561,,0.522473931312561,
88,711,,,-0.5169963836669922,,0.5169963836669922,
89,719,,,-0.5200018882751465,,0.5200018882751465,
90,727,,,-0.5350180864334106,,0.5350180864334106,
91,735,,,-0.5238096117973328,,0.5238096117973328,
92,743,,,-0.5277040004730225,,0.5277040004730225,
93,749,,,,-0.5232703685760498,,0.5232703685760498
93,751,,,-0.5296233892440796,,0.5296233892440796,
94,759,,,-0.5429772734642029,,0.5429772734642029,
95,767,,,-0.540023148059845,,0.540023148059845,
96,775,,,-0.546013593673706,,0.546013593673706,
97,783,,,-0.5430769920349121,,0.5430769920349121,
98,791,,,-0.5380668044090271,,0.5380668044090271,
99,799,,,,-0.48440098762512207,,0.48440098762512207
99,799,,,-0.5457987189292908,,0.5457987189292908,
100,807,,,-0.5607366561889648,,0.5607366561889648,
101,815,,,-0.5553644299507141,,0.5553644299507141,
102,823,,,-0.5703617930412292,,0.5703617930412292,
103,831,,,-0.5715242624282837,,0.5715242624282837,
104,839,,,-0.5654775500297546,,0.5654775500297546,
105,847,,,-0.5625790953636169,,0.5625790953636169,
106,849,,,,-0.749690055847168,,0.749690055847168
106,855,,,-0.5675784945487976,,0.5675784945487976,
107,863,,,-0.5662434697151184,,0.5662434697151184,
108,871,,,-0.5732705593109131,,0.5732705593109131,
109,879,,,-0.5920518636703491,,0.5920518636703491,
110,887,,,-0.5763224363327026,,0.5763224363327026,
111,895,,,-0.5702158808708191,,0.5702158808708191,
112,899,,,,-0.674677848815918,,0.674677848815918
112,903,,,-0.5703134536743164,,0.5703134536743164,
113,911,,,-0.5711562633514404,,0.5711562633514404,
114,919,,,-0.5896663665771484,,0.5896663665771484,
115,927,,,-0.5768803954124451,,0.5768803954124451,
116,935,,,-0.5749793648719788,,0.5749793648719788,
117,943,,,-0.5799466371536255,,0.5799466371536255,
118,949,,,,-0.6790473461151123,,0.6790473461151123
118,951,,,-0.5928876399993896,,0.5928876399993896,
119,959,,,-0.5922079086303711,,0.5922079086303711,
120,967,,,-0.5809476375579834,,0.5809476375579834,
121,975,,,-0.5887989401817322,,0.5887989401817322,
122,983,,,-0.5968890190124512,,0.5968890190124512,
123,991,,,-0.6071876883506775,,0.6071876883506775,
124,999,,,,-0.4697227478027344,,0.4697227478027344
124,999,,,-0.6060723066329956,,0.6060723066329956,
125,1007,,,-0.6069093346595764,,0.6069093346595764,
126,1015,,,-0.5985718965530396,,0.5985718965530396,
127,1023,,,-0.5968655943870544,,0.5968655943870544,
128,1031,,,-0.5815674662590027,,0.5815674662590027,
129,1039,,,-0.5994185209274292,,0.5994185209274292,
130,1047,,,-0.5985451936721802,,0.5985451936721802,
131,1049,,,,-0.7032430171966553,,0.7032430171966553
131,1055,,,-0.6106988191604614,,0.6106988191604614,
132,1063,,,-0.5978196859359741,,0.5978196859359741,
133,1071,,,-0.5921929478645325,,0.5921929478645325,
134,1079,,,-0.6247818470001221,,0.6247818470001221,
135,1087,,,-0.6155778169631958,,0.6155778169631958,
136,1095,,,-0.6222327947616577,,0.6222327947616577,
137,1099,,,,-0.7517204284667969,,0.7517204284667969
137,1103,,,-0.6256102323532104,,0.6256102323532104,
138,1111,,,-0.608686089515686,,0.608686089515686,
139,1119,,,-0.6213512420654297,,0.6213512420654297,
140,1127,,,-0.6332845091819763,,0.6332845091819763,
141,1135,,,-0.6330004930496216,,0.6330004930496216,
142,1143,,,-0.620797872543335,,0.620797872543335,
143,1149,,,,-0.46776413917541504,,0.46776413917541504
143,1151,,,-0.637955367565155,,0.637955367565155,
144,1159,,,-0.620025098323822,,0.620025098323822,
145,1167,,,-0.6172502636909485,,0.6172502636909485,
146,1175,,,-0.6640366315841675,,0.6640366315841675,
147,1183,,,-0.6258608102798462,,0.6258608102798462,
148,1191,,,-0.6307741403579712,,0.6307741403579712,
149,1199,,,,-0.6501336097717285,,0.6501336097717285
149,1199,,,-0.6327692270278931,,0.6327692270278931,
150,1207,,,-0.6285744905471802,,0.6285744905471802,
151,1215,,,-0.6233698129653931,,0.6233698129653931,
152,1223,,,-0.618722140789032,,0.618722140789032,
153,1231,,,-0.6325463652610779,,0.6325463652610779,
154,1239,,,-0.6280606985092163,,0.6280606985092163,
155,1247,,,-0.623258113861084,,0.623258113861084,
156,1249,,,,-0.7502119541168213,,0.7502119541168213
156,1255,,,-0.6197678446769714,,0.6197678446769714,
157,1263,,,-0.6366509795188904,,0.6366509795188904,
158,1271,,,-0.6327173113822937,,0.6327173113822937,
159,1279,,,-0.6299408078193665,,0.6299408078193665,
160,1287,,,-0.636709988117218,,0.636709988117218,
161,1295,,,-0.6299193501472473,,0.6299193501472473,
162,1299,,,,-0.660393238067627,,0.660393238067627
162,1303,,,-0.6430826783180237,,0.6430826783180237,
163,1311,,,-0.6347900032997131,,0.6347900032997131,
164,1319,,,-0.63229900598526,,0.63229900598526,
165,1327,,,-0.6684604287147522,,0.6684604287147522,
166,1335,,,-0.6299815773963928,,0.6299815773963928,
167,1343,,,-0.6353859305381775,,0.6353859305381775,
168,1349,,,,-0.5021758079528809,,0.5021758079528809
168,1351,,,-0.6306114792823792,,0.6306114792823792,
169,1359,,,-0.6434972286224365,,0.6434972286224365,
170,1367,,,-0.6504135727882385,,0.6504135727882385,
171,1375,,,-0.6199602484703064,,0.6199602484703064,
172,1383,,,-0.664553701877594,,0.664553701877594,
173,1391,,,-0.650662899017334,,0.650662899017334,
174,1399,,,,-0.8195240497589111,,0.8195240497589111
174,1399,,,-0.6543881893157959,,0.6543881893157959,
175,1407,,,-0.6440520286560059,,0.6440520286560059,
176,1415,,,-0.6486311554908752,,0.6486311554908752,
177,1423,,,-0.641800045967102,,0.641800045967102,
178,1431,,,-0.6530873775482178,,0.6530873775482178,
179,1439,,,-0.6573854684829712,,0.6573854684829712,
180,1447,,,-0.6639128923416138,,0.6639128923416138,
181,1449,,,,-0.686084508895874,,0.686084508895874
181,1455,,,-0.6341567039489746,,0.6341567039489746,
182,1463,,,-0.6424629092216492,,0.6424629092216492,
183,1471,,,-0.6600235104560852,,0.6600235104560852,
184,1479,,,-0.6726997494697571,,0.6726997494697571,
185,1487,,,-0.6609096527099609,,0.6609096527099609,
186,1495,,,-0.6400309801101685,,0.6400309801101685,
187,1499,,,,-0.8726894855499268,,0.8726894855499268
187,1503,,,-0.6362422108650208,,0.6362422108650208,
188,1511,,,-0.6394222378730774,,0.6394222378730774,
189,1519,,,-0.6561340689659119,,0.6561340689659119,
190,1527,,,-0.6597340703010559,,0.6597340703010559,
191,1535,,,-0.6694422960281372,,0.6694422960281372,
192,1543,,,-0.6504214406013489,,0.6504214406013489,
193,1549,,,,-0.32563042640686035,,0.32563042640686035
193,1551,,,-0.6682722568511963,,0.6682722568511963,
194,1559,,,-0.6668652892112732,,0.6668652892112732,
195,1567,,,-0.6676217913627625,,0.6676217913627625,
196,1575,,,-0.6441640257835388,,0.6441640257835388,
197,1583,,,-0.6631821393966675,,0.6631821393966675,
198,1591,,,-0.6612326502799988,,0.6612326502799988,
199,1599,,,,-0.6327569484710693,,0.6327569484710693
199,1599,,,-0.6624806523323059,,0.6624806523323059,
200,1607,,,-0.667346715927124,,0.667346715927124,
201,1615,,,-0.6719837188720703,,0.6719837188720703,
202,1623,,,-0.6680139303207397,,0.6680139303207397,
203,1631,,,-0.6728353500366211,,0.6728353500366211,
204,1639,,,-0.6546941995620728,,0.6546941995620728,
205,1647,,,-0.6898010969161987,,0.6898010969161987,
206,1649,,,,-0.5699949264526367,,0.5699949264526367
206,1655,,,-0.6736980676651001,,0.6736980676651001,
207,1663,,,-0.6501520872116089,,0.6501520872116089,
208,1671,,,-0.6674098372459412,,0.6674098372459412,
209,1679,,,-0.6535978317260742,,0.6535978317260742,
210,1687,,,-0.6519958972930908,,0.6519958972930908,
211,1695,,,-0.6553778052330017,,0.6553778052330017,
212,1699,,,,-0.7352266311645508,,0.7352266311645508
212,1703,,,-0.6737818717956543,,0.6737818717956543,
213,1711,,,-0.656467854976654,,0.656467854976654,
214,1719,,,-0.6922317743301392,,0.6922317743301392,
215,1727,,,-0.6751199960708618,,0.6751199960708618,
216,1735,,,-0.6600556373596191,,0.6600556373596191,
217,1743,,,-0.679084837436676,,0.679084837436676,
218,1749,,,,-0.7547845840454102,,0.7547845840454102
218,1751,,,-0.6867071986198425,,0.6867071986198425,
219,1759,,,-0.6662334203720093,,0.6662334203720093,
220,1767,,,-0.6830796003341675,,0.6830796003341675,
221,1775,,,-0.659216582775116,,0.659216582775116,
222,1783,,,-0.6762194633483887,,0.6762194633483887,
223,1791,,,-0.6625802516937256,,0.6625802516937256,
224,1799,,,,-0.5011377334594727,,0.5011377334594727
224,1799,,,-0.680194079875946,,0.680194079875946,
225,1807,,,-0.6712898015975952,,0.6712898015975952,
226,1815,,,-0.6553325057029724,,0.6553325057029724,
227,1823,,,-0.6711399555206299,,0.6711399555206299,
228,1831,,,-0.6588134765625,,0.6588134765625,
229,1839,,,-0.6716494560241699,,0.6716494560241699,
230,1847,,,-0.6560074090957642,,0.6560074090957642,
231,1849,,,,-0.8429832458496094,,0.8429832458496094
231,1855,,,-0.6576173901557922,,0.6576173901557922,
232,1863,,,-0.6854408979415894,,0.6854408979415894,
233,1871,,,-0.6646275520324707,,0.6646275520324707,
234,1879,,,-0.6690734624862671,,0.6690734624862671,
235,1887,,,-0.6839732527732849,,0.6839732527732849,
236,1895,,,-0.6626550555229187,,0.6626550555229187,
237,1899,,,,-0.5705888271331787,,0.5705888271331787
237,1903,,,-0.6564443111419678,,0.6564443111419678,
238,1911,,,-0.6810166239738464,,0.6810166239738464,
239,1919,,,-0.665736734867096,,0.665736734867096,
240,1927,,,-0.6736555695533752,,0.6736555695533752,
241,1935,,,-0.6669420003890991,,0.6669420003890991,
242,1943,,,-0.6688591241836548,,0.6688591241836548,
243,1949,,,,-0.19331097602844238,,0.19331097602844238
243,1951,,,-0.6809841990470886,,0.6809841990470886,
244,1959,,,-0.6755239963531494,,0.6755239963531494,
245,1967,,,-0.6517662405967712,,0.6517662405967712,
246,1975,,,-0.6862033009529114,,0.6862033009529114,
247,1983,,,-0.6701968312263489,,0.6701968312263489,
248,1991,,,-0.665908694267273,,0.665908694267273,
249,1999,,,,-0.9393026828765869,,0.9393026828765869
249,1999,,,-0.6728851795196533,,0.6728851795196533,
250,2007,,,-0.7111899256706238,,0.7111899256706238,
251,2015,,,-0.7030611038208008,,0.7030611038208008,
252,2023,,,-0.6659525632858276,,0.6659525632858276,
253,2031,,,-0.6650757789611816,,0.6650757789611816,
254,2039,,,-0.6727122664451599,,0.6727122664451599,
255,2047,,,-0.6889895796775818,,0.6889895796775818,
256,2049,,,,-0.17151951789855957,,0.17151951789855957
256,2055,,,-0.6663050055503845,,0.6663050055503845,
257,2063,,,-0.6640679836273193,,0.6640679836273193,
258,2071,,,-0.6751707196235657,,0.6751707196235657,
259,2079,,,-0.7257562279701233,,0.7257562279701233,
260,2087,,,-0.6847254633903503,,0.6847254633903503,
261,2095,,,-0.6923198103904724,,0.6923198103904724,
262,2099,,,,-0.3612332344055176,,0.3612332344055176
262,2103,,,-0.7337247133255005,,0.7337247133255005,
263,2111,,,-0.6638361215591431,,0.6638361215591431,
264,2119,,,-0.6855940222740173,,0.6855940222740173,
265,2127,,,-0.7007269263267517,,0.7007269263267517,
266,2135,,,-0.6658941507339478,,0.6658941507339478,
267,2143,,,-0.6745219230651855,,0.6745219230651855,
268,2149,,,,-0.5446038246154785,,0.5446038246154785
268,2151,,,-0.7045572400093079,,0.7045572400093079,
269,2159,,,-0.6761093139648438,,0.6761093139648438,
270,2167,,,-0.7072029113769531,,0.7072029113769531,
271,2175,,,-0.6947420835494995,,0.6947420835494995,
272,2183,,,-0.6952731013298035,,0.6952731013298035,
273,2191,,,-0.6837451457977295,,0.6837451457977295,
274,2199,,,,-0.5872321128845215,,0.5872321128845215
274,2199,,,-0.6851909160614014,,0.6851909160614014,
275,2207,,,-0.7068322896957397,,0.7068322896957397,
276,2215,,,-0.6975512504577637,,0.6975512504577637,
277,2223,,,-0.6882533431053162,,0.6882533431053162,
278,2231,,,-0.7075110673904419,,0.7075110673904419,
279,2239,,,-0.7254731059074402,,0.7254731059074402,
280,2247,,,-0.6789383292198181,,0.6789383292198181,
281,2249,,,,-0.815953254699707,,0.815953254699707
281,2255,,,-0.6818553805351257,,0.6818553805351257,
282,2263,,,-0.6798337697982788,,0.6798337697982788,
283,2271,,,-0.7425887584686279,,0.7425887584686279,
284,2279,,,-0.6671637296676636,,0.6671637296676636,
285,2287,,,-0.7166411876678467,,0.7166411876678467,
286,2295,,,-0.684257984161377,,0.684257984161377,
287,2299,,,,-0.964240312576294,,0.964240312576294
287,2303,,,-0.7316579222679138,,0.7316579222679138,
288,2311,,,-0.6890888810157776,,0.6890888810157776,
289,2319,,,-0.7002321481704712,,0.7002321481704712,
290,2327,,,-0.725928008556366,,0.725928008556366,
291,2335,,,-0.6913308501243591,,0.6913308501243591,
292,2343,,,-0.7017069458961487,,0.7017069458961487,
293,2349,,,,-0.9791276454925537,,0.9791276454925537
293,2351,,,-0.6830850839614868,,0.6830850839614868,
294,2359,,,-0.6881082653999329,,0.6881082653999329,
295,2367,,,-0.7175907492637634,,0.7175907492637634,
296,2375,,,-0.6716455221176147,,0.6716455221176147,
297,2383,,,-0.6864099502563477,,0.6864099502563477,
298,2391,,,-0.68760085105896,,0.68760085105896,
299,2399,,,,-0.7719335556030273,,0.7719335556030273
299,2399,,,-0.7381067276000977,,0.7381067276000977,
300,2407,,,-0.7414939403533936,,0.7414939403533936,
301,2415,,,-0.6938651204109192,,0.6938651204109192,
302,2423,,,-0.6923609375953674,,0.6923609375953674,
303,2431,,,-0.6749013662338257,,0.6749013662338257,
304,2439,,,-0.6967580914497375,,0.6967580914497375,
305,2447,,,-0.6776238679885864,,0.6776238679885864,
306,2449,,,,-0.860238790512085,,0.860238790512085
306,2455,,,-0.7228907942771912,,0.7228907942771912,
307,2463,,,-0.6898186802864075,,0.6898186802864075,
308,2471,,,-0.6961698532104492,,0.6961698532104492,
309,2479,,,-0.7186979055404663,,0.7186979055404663,
310,2487,,,-0.7192551493644714,,0.7192551493644714,
311,2495,,,-0.6913341879844666,,0.6913341879844666,
312,2499,,,,-0.81789231300354,,0.81789231300354
312,2503,,,-0.6819132566452026,,0.6819132566452026,
313,2511,,,-0.7184006571769714,,0.7184006571769714,
314,2519,,,-0.6978585720062256,,0.6978585720062256,
315,2527,,,-0.711138129234314,,0.711138129234314,
316,2535,,,-0.7236356139183044,,0.7236356139183044,
317,2543,,,-0.700269877910614,,0.700269877910614,
318,2549,,,,-0.48598408699035645,,0.48598408699035645
318,2551,,,-0.687869131565094,,0.687869131565094,
319,2559,,,-0.7425581216812134,,0.7425581216812134,
320,2567,,,-0.7031587958335876,,0.7031587958335876,
321,2575,,,-0.7146796584129333,,0.7146796584129333,
322,2583,,,-0.7229883074760437,,0.7229883074760437,
323,2591,,,-0.6929671764373779,,0.6929671764373779,
324,2599,,,,-0.8566169738769531,,0.8566169738769531
324,2599,,,-0.6867056488990784,,0.6867056488990784,
325,2607,,,-0.7029953598976135,,0.7029953598976135,
326,2615,,,-0.6945385932922363,,0.6945385932922363,
327,2623,,,-0.724240243434906,,0.724240243434906,
328,2631,,,-0.6909481287002563,,0.6909481287002563,
329,2639,,,-0.6941621899604797,,0.6941621899604797,
330,2647,,,-0.7096351981163025,,0.7096351981163025,
331,2649,,,,-0.3341786861419678,,0.3341786861419678
331,2655,,,-0.6964073777198792,,0.6964073777198792,
332,2663,,,-0.694933295249939,,0.694933295249939,
333,2671,,,-0.6910059452056885,,0.6910059452056885,
334,2679,,,-0.7070805430412292,,0.7070805430412292,
335,2687,,,-0.6951196193695068,,0.6951196193695068,
336,2695,,,-0.6964113712310791,,0.6964113712310791,
337,2699,,,,-0.6099610328674316,,0.6099610328674316
337,2703,,,-0.7011585235595703,,0.7011585235595703,
338,2711,,,-0.7110375761985779,,0.7110375761985779,
339,2719,,,-0.7253694534301758,,0.7253694534301758,
340,2727,,,-0.7013599872589111,,0.7013599872589111,
341,2735,,,-0.7018007636070251,,0.7018007636070251,
342,2743,,,-0.702548623085022,,0.702548623085022,
343,2749,,,,-0.19906044006347656,,0.19906044006347656
343,2751,,,-0.6734750270843506,,0.6734750270843506,
344,2759,,,-0.726857602596283,,0.726857602596283,
345,2767,,,-0.7036703824996948,,0.7036703824996948,
346,2775,,,-0.6622070074081421,,0.6622070074081421,
347,2783,,,-0.6982909440994263,,0.6982909440994263,
348,2791,,,-0.7220198512077332,,0.7220198512077332,
349,2799,,,,-0.629981279373169,,0.629981279373169
349,2799,,,-0.7058314085006714,,0.7058314085006714,
350,2807,,,-0.7319198846817017,,0.7319198846817017,
351,2815,,,-0.6966457962989807,,0.6966457962989807,
352,2823,,,-0.7022010087966919,,0.7022010087966919,
353,2831,,,-0.6898549199104309,,0.6898549199104309,
354,2839,,,-0.7181845903396606,,0.7181845903396606,
355,2847,,,-0.7345281839370728,,0.7345281839370728,
356,2849,,,,-0.771857738494873,,0.771857738494873
356,2855,,,-0.7003235816955566,,0.7003235816955566,
357,2863,,,-0.7118092775344849,,0.7118092775344849,
358,2871,,,-0.7110441327095032,,0.7110441327095032,
359,2879,,,-0.7020491361618042,,0.7020491361618042,
360,2887,,,-0.7029092907905579,,0.7029092907905579,
361,2895,,,-0.6925004124641418,,0.6925004124641418,
362,2899,,,,-0.24748802185058594,,0.24748802185058594
362,2903,,,-0.7308639883995056,,0.7308639883995056,
363,2911,,,-0.7542811632156372,,0.7542811632156372,
364,2919,,,-0.7310684323310852,,0.7310684323310852,
365,2927,,,-0.7213199138641357,,0.7213199138641357,
366,2935,,,-0.696627140045166,,0.696627140045166,
367,2943,,,-0.7110289335250854,,0.7110289335250854,
368,2949,,,,-0.5624861717224121,,0.5624861717224121
368,2951,,,-0.7207555174827576,,0.7207555174827576,
369,2959,,,-0.7047229409217834,,0.7047229409217834,
370,2967,,,-0.7115357518196106,,0.7115357518196106,
371,2975,,,-0.692588746547699,,0.692588746547699,
372,2983,,,-0.7086027264595032,,0.7086027264595032,
373,2991,,,-0.7142797112464905,,0.7142797112464905,
374,2999,,,,-0.13384604454040527,,0.13384604454040527
374,2999,,,-0.68426513671875,,0.68426513671875,
375,3007,,,-0.7203940153121948,,0.7203940153121948,
376,3015,,,-0.7287675738334656,,0.7287675738334656,
377,3023,,,-0.7664919495582581,,0.7664919495582581,
378,3031,,,-0.7237741947174072,,0.7237741947174072,
379,3039,,,-0.6933190822601318,,0.6933190822601318,
380,3047,,,-0.6963453888893127,,0.6963453888893127,
381,3049,,,,-0.7862658500671387,,0.7862658500671387
381,3055,,,-0.7159146666526794,,0.7159146666526794,
382,3063,,,-0.710543692111969,,0.710543692111969,
383,3071,,,-0.7203476428985596,,0.7203476428985596,
384,3079,,,-0.7126439809799194,,0.7126439809799194,
385,3087,,,-0.7044928669929504,,0.7044928669929504,
386,3095,,,-0.7410116195678711,,0.7410116195678711,
387,3099,,,,-0.7708768844604492,,0.7708768844604492
387,3103,,,-0.7268064618110657,,0.7268064618110657,
388,3111,,,-0.7289161682128906,,0.7289161682128906,
389,3119,,,-0.738037109375,,0.738037109375,
390,3127,,,-0.7134711742401123,,0.7134711742401123,
391,3135,,,-0.694692075252533,,0.694692075252533,
392,3143,,,-0.6868307590484619,,0.6868307590484619,
393,3149,,,,-0.9752705097198486,,0.9752705097198486
393,3151,,,-0.7262161374092102,,0.7262161374092102,
394,3159,,,-0.7119243144989014,,0.7119243144989014,
395,3167,,,-0.7362926006317139,,0.7362926006317139,
396,3175,,,-0.7062811255455017,,0.7062811255455017,
397,3183,,,-0.7245623469352722,,0.7245623469352722,
398,3191,,,-0.7083377838134766,,0.7083377838134766,
399,3199,,,,-0.7118806838989258,,0.7118806838989258
399,3199,,,-0.7231484651565552,,0.7231484651565552,
400,3207,,,-0.7152760028839111,,0.7152760028839111,
401,3215,,,-0.7131937146186829,,0.7131937146186829,
402,3223,,,-0.7427374720573425,,0.7427374720573425,
403,3231,,,-0.7163534164428711,,0.7163534164428711,
404,3239,,,-0.7011172771453857,,0.7011172771453857,
405,3247,,,-0.7204844951629639,,0.7204844951629639,
406,3249,,,,-0.789971113204956,,0.789971113204956
406,3255,,,-0.6854821443557739,,0.6854821443557739,
407,3263,,,-0.6945944428443909,,0.6945944428443909,
408,3271,,,-0.7267444133758545,,0.7267444133758545,
409,3279,,,-0.7162355184555054,,0.7162355184555054,
410,3287,,,-0.7114293575286865,,0.7114293575286865,
411,3295,,,-0.7202408313751221,,0.7202408313751221,
412,3299,,,,-1.008490800857544,,1.008490800857544
412,3303,,,-0.7314014434814453,,0.7314014434814453,
413,3311,,,-0.702160656452179,,0.702160656452179,
414,3319,,,-0.7076604962348938,,0.7076604962348938,
415,3327,,,-0.7183765172958374,,0.7183765172958374,
416,3335,,,-0.7212831377983093,,0.7212831377983093,
417,3343,,,-0.7276617288589478,,0.7276617288589478,
418,3349,,,,-0.6357026100158691,,0.6357026100158691
418,3351,,,-0.7181069254875183,,0.7181069254875183,
419,3359,,,-0.733858585357666,,0.733858585357666,
420,3367,,,-0.6862379312515259,,0.6862379312515259,
421,3375,,,-0.73513263463974,,0.73513263463974,
422,3383,,,-0.7560654282569885,,0.7560654282569885,
423,3391,,,-0.7506343126296997,,0.7506343126296997,
424,3399,,,,-0.6853911876678467,,0.6853911876678467
424,3399,,,-0.7058665156364441,,0.7058665156364441,
425,3407,,,-0.6874150037765503,,0.6874150037765503,
426,3415,,,-0.7512468695640564,,0.7512468695640564,
427,3423,,,-0.6913921236991882,,0.6913921236991882,
428,3431,,,-0.7068704962730408,,0.7068704962730408,
429,3439,,,-0.7216804623603821,,0.7216804623603821,
430,3447,,,-0.7016263604164124,,0.7016263604164124,
431,3449,,,,-0.4880797863006592,,0.4880797863006592
431,3455,,,-0.7232218980789185,,0.7232218980789185,
432,3463,,,-0.7057222127914429,,0.7057222127914429,
433,3471,,,-0.7368033528327942,,0.7368033528327942,
434,3479,,,-0.7360486388206482,,0.7360486388206482,
435,3487,,,-0.6964558362960815,,0.6964558362960815,
436,3495,,,-0.6973899602890015,,0.6973899602890015,
437,3499,,,,-0.1913747787475586,,0.1913747787475586
437,3503,,,-0.6944253444671631,,0.6944253444671631,
438,3511,,,-0.7151985764503479,,0.7151985764503479,
439,3519,,,-0.6880527138710022,,0.6880527138710022,
440,3527,,,-0.7429649233818054,,0.7429649233818054,
441,3535,,,-0.7084386944770813,,0.7084386944770813,
442,3543,,,-0.7136874794960022,,0.7136874794960022,
443,3549,,,,-0.7251195907592773,,0.7251195907592773
443,3551,,,-0.6872925162315369,,0.6872925162315369,
444,3559,,,-0.710195779800415,,0.710195779800415,
445,3567,,,-0.727857232093811,,0.727857232093811,
446,3575,,,-0.7427628636360168,,0.7427628636360168,
447,3583,,,-0.7433241605758667,,0.7433241605758667,
448,3591,,,-0.7284371256828308,,0.7284371256828308,
449,3599,,,,-0.7144961357116699,,0.7144961357116699
449,3599,,,-0.6904879808425903,,0.6904879808425903,
450,3607,,,-0.7327963709831238,,0.7327963709831238,
451,3615,,,-0.6938477754592896,,0.6938477754592896,
452,3623,,,-0.7137226462364197,,0.7137226462364197,
453,3631,,,-0.7226184010505676,,0.7226184010505676,
454,3639,,,-0.7455942630767822,,0.7455942630767822,
455,3647,,,-0.7150298357009888,,0.7150298357009888,
456,3649,,,,-0.7468979358673096,,0.7468979358673096
456,3655,,,-0.6779075264930725,,0.6779075264930725,
457,3663,,,-0.7489628791809082,,0.7489628791809082,
458,3671,,,-0.7147190570831299,,0.7147190570831299,
459,3679,,,-0.7815547585487366,,0.7815547585487366,
460,3687,,,-0.7396852374076843,,0.7396852374076843,
461,3695,,,-0.7739840745925903,,0.7739840745925903,
462,3699,,,,-0.9682235717773438,,0.9682235717773438
462,3703,,,-0.7029954195022583,,0.7029954195022583,
463,3711,,,-0.7242491841316223,,0.7242491841316223,
464,3719,,,-0.713095486164093,,0.713095486164093,
465,3727,,,-0.7146893739700317,,0.7146893739700317,
466,3735,,,-0.7289426326751709,,0.7289426326751709,
467,3743,,,-0.7186661958694458,,0.7186661958694458,
468,3749,,,,-0.6513292789459229,,0.6513292789459229
468,3751,,,-0.7119320034980774,,0.7119320034980774,
469,3759,,,-0.7047950625419617,,0.7047950625419617,
470,3767,,,-0.6709864139556885,,0.6709864139556885,
471,3775,,,-0.7026717662811279,,0.7026717662811279,
472,3783,,,-0.6988874077796936,,0.6988874077796936,
473,3791,,,-0.7229825258255005,,0.7229825258255005,
474,3799,,,,-1.1195416450500488,,1.1195416450500488
474,3799,,,-0.7297146320343018,,0.7297146320343018,
475,3807,,,-0.7101985216140747,,0.7101985216140747,
476,3815,,,-0.7423990964889526,,0.7423990964889526,
477,3823,,,-0.7333550453186035,,0.7333550453186035,
478,3831,,,-0.7317305207252502,,0.7317305207252502,
479,3839,,,-0.7057383060455322,,0.7057383060455322,
480,3847,,,-0.7147780656814575,,0.7147780656814575,
481,3849,,,,-0.9862668514251709,,0.9862668514251709
481,3855,,,-0.7093813419342041,,0.7093813419342041,
482,3863,,,-0.6941919326782227,,0.6941919326782227,
483,3871,,,-0.7277611494064331,,0.7277611494064331,
484,3879,,,-0.7611285448074341,,0.7611285448074341,
485,3887,,,-0.689845085144043,,0.689845085144043,
486,3895,,,-0.7158141136169434,,0.7158141136169434,
487,3899,,,,-0.6633672714233398,,0.6633672714233398
487,3903,,,-0.6974650621414185,,0.6974650621414185,
488,3911,,,-0.7167295217514038,,0.7167295217514038,
489,3919,,,-0.7544476389884949,,0.7544476389884949,
490,3927,,,-0.741797924041748,,0.741797924041748,
491,3935,,,-0.7272661328315735,,0.7272661328315735,
492,3943,,,-0.7655247449874878,,0.7655247449874878,
493,3949,,,,-1.0447192192077637,,1.0447192192077637
493,3951,,,-0.7163873314857483,,0.7163873314857483,
494,3959,,,-0.6992608904838562,,0.6992608904838562,
495,3967,,,-0.7229930758476257,,0.7229930758476257,
496,3975,,,-0.6879081130027771,,0.6879081130027771,
497,3983,,,-0.7262353301048279,,0.7262353301048279,
498,3991,,,-0.7055116295814514,,0.7055116295814514,
499,3999,,,,-0.49717116355895996,,0.49717116355895996
499,3999,,,-0.7378814220428467,,0.7378814220428467,
500,4007,,,-0.7682793736457825,,0.7682793736457825,
501,4015,,,-0.7503048777580261,,0.7503048777580261,
502,4023,,,-0.7658111453056335,,0.7658111453056335,
503,4031,,,-0.7153862118721008,,0.7153862118721008,
504,4039,,,-0.7186366319656372,,0.7186366319656372,
505,4047,,,-0.7395304441452026,,0.7395304441452026,
506,4049,,,,-0.6575212478637695,,0.6575212478637695
506,4055,,,-0.701382577419281,,0.701382577419281,
507,4063,,,-0.7441855072975159,,0.7441855072975159,
508,4071,,,-0.7057784199714661,,0.7057784199714661,
509,4079,,,-0.7009865045547485,,0.7009865045547485,
510,4087,,,-0.6885799765586853,,0.6885799765586853,
511,4095,,,-0.7672767639160156,,0.7672767639160156,
512,4099,,,,-0.7845706939697266,,0.7845706939697266
512,4103,,,-0.7727161645889282,,0.7727161645889282,
513,4111,,,-0.6961738467216492,,0.6961738467216492,
514,4119,,,-0.7085113525390625,,0.7085113525390625,
515,4127,,,-0.7354193329811096,,0.7354193329811096,
516,4135,,,-0.7553683519363403,,0.7553683519363403,
517,4143,,,-0.7229348421096802,,0.7229348421096802,
518,4149,,,,-0.9884426593780518,,0.9884426593780518
518,4151,,,-0.7494481205940247,,0.7494481205940247,
519,4159,,,-0.6991292238235474,,0.6991292238235474,
520,4167,,,-0.7211237549781799,,0.7211237549781799,
521,4175,,,-0.7411993741989136,,0.7411993741989136,
522,4183,,,-0.7356101870536804,,0.7356101870536804,
523,4191,,,-0.6913464069366455,,0.6913464069366455,
524,4199,,,,-0.7467455863952637,,0.7467455863952637
524,4199,,,-0.7146861553192139,,0.7146861553192139,
525,4207,,,-0.7200117707252502,,0.7200117707252502,
526,4215,,,-0.7005249261856079,,0.7005249261856079,
527,4223,,,-0.7083198428153992,,0.7083198428153992,
528,4231,,,-0.719283938407898,,0.719283938407898,
529,4239,,,-0.6982352137565613,,0.6982352137565613,
530,4247,,,-0.717189610004425,,0.717189610004425,
531,4249,,,,-1.0103023052215576,,1.0103023052215576
531,4255,,,-0.7103107571601868,,0.7103107571601868,
532,4263,,,-0.7143765687942505,,0.7143765687942505,
533,4271,,,-0.7271489500999451,,0.7271489500999451,
534,4279,,,-0.7093607187271118,,0.7093607187271118,
535,4287,,,-0.7474914193153381,,0.7474914193153381,
536,4295,,,-0.7474148273468018,,0.7474148273468018,
537,4299,,,,-0.571549654006958,,0.571549654006958
537,4303,,,-0.7187693119049072,,0.7187693119049072,
538,4311,,,-0.7404833436012268,,0.7404833436012268,
539,4319,,,-0.7230817675590515,,0.7230817675590515,
540,4327,,,-0.7460735440254211,,0.7460735440254211,
541,4335,,,-0.6899898052215576,,0.6899898052215576,
542,4343,,,-0.766730546951294,,0.766730546951294,
543,4349,,,,-0.9078688621520996,,0.9078688621520996
543,4351,,,-0.7710790038108826,,0.7710790038108826,
544,4359,,,-0.684630274772644,,0.684630274772644,
545,4367,,,-0.70958012342453,,0.70958012342453,
546,4375,,,-0.6928608417510986,,0.6928608417510986,
547,4383,,,-0.7048680186271667,,0.7048680186271667,
548,4391,,,-0.7057491540908813,,0.7057491540908813,
549,4399,,,,-0.7904517650604248,,0.7904517650604248
549,4399,,,-0.7122921943664551,,0.7122921943664551,
550,4407,,,-0.7179448008537292,,0.7179448008537292,
551,4415,,,-0.7376313805580139,,0.7376313805580139,
552,4423,,,-0.7119497656822205,,0.7119497656822205,
553,4431,,,-0.7205585837364197,,0.7205585837364197,
554,4439,,,-0.7177608609199524,,0.7177608609199524,
555,4447,,,-0.7343959212303162,,0.7343959212303162,
556,4449,,,,-0.8474941253662109,,0.8474941253662109
556,4455,,,-0.7247143983840942,,0.7247143983840942,
557,4463,,,-0.746077299118042,,0.746077299118042,
558,4471,,,-0.7556969523429871,,0.7556969523429871,
559,4479,,,-0.7709950804710388,,0.7709950804710388,
560,4487,,,-0.7387043237686157,,0.7387043237686157,
561,4495,,,-0.7185665369033813,,0.7185665369033813,
562,4499,,,,-0.6372196674346924,,0.6372196674346924
562,4503,,,-0.7167128920555115,,0.7167128920555115,
563,4511,,,-0.7333644032478333,,0.7333644032478333,
564,4519,,,-0.6939631104469299,,0.6939631104469299,
565,4527,,,-0.7457049489021301,,0.7457049489021301,
566,4535,,,-0.7034938335418701,,0.7034938335418701,
567,4543,,,-0.7232612371444702,,0.7232612371444702,
568,4549,,,,-0.3909132480621338,,0.3909132480621338
568,4551,,,-0.7281474471092224,,0.7281474471092224,
569,4559,,,-0.7034000158309937,,0.7034000158309937,
570,4567,,,-0.6947821974754333,,0.6947821974754333,
571,4575,,,-0.7469057440757751,,0.7469057440757751,
572,4583,,,-0.7785395383834839,,0.7785395383834839,
573,4591,,,-0.7699052691459656,,0.7699052691459656,
574,4599,,,,-0.6328668594360352,,0.6328668594360352
574,4599,,,-0.7176074981689453,,0.7176074981689453,
575,4607,,,-0.7160040140151978,,0.7160040140151978,
576,4615,,,-0.7691769599914551,,0.7691769599914551,
577,4623,,,-0.6918834447860718,,0.6918834447860718,
578,4631,,,-0.7242473363876343,,0.7242473363876343,
579,4639,,,-0.7404874563217163,,0.7404874563217163,
580,4647,,,-0.721439778804779,,0.721439778804779,
581,4649,,,,-0.17282438278198242,,0.17282438278198242
581,4655,,,-0.7448899745941162,,0.7448899745941162,
582,4663,,,-0.6959677934646606,,0.6959677934646606,
583,4671,,,-0.7061482667922974,,0.7061482667922974,
584,4679,,,-0.7568981647491455,,0.7568981647491455,
585,4687,,,-0.7104077935218811,,0.7104077935218811,
586,4695,,,-0.6927726864814758,,0.6927726864814758,
587,4699,,,,-0.8416759967803955,,0.8416759967803955
587,4703,,,-0.6915898323059082,,0.6915898323059082,
588,4711,,,-0.7102351784706116,,0.7102351784706116,
589,4719,,,-0.693942129611969,,0.693942129611969,
590,4727,,,-0.6869360208511353,,0.6869360208511353,
591,4735,,,-0.7264906764030457,,0.7264906764030457,
592,4743,,,-0.7328108549118042,,0.7328108549118042,
593,4749,,,,-0.27074241638183594,,0.27074241638183594
593,4751,,,-0.7094743847846985,,0.7094743847846985,
594,4759,,,-0.7367808222770691,,0.7367808222770691,
595,4767,,,-0.748145580291748,,0.748145580291748,
596,4775,,,-0.7299487590789795,,0.7299487590789795,
597,4783,,,-0.7335199117660522,,0.7335199117660522,
598,4791,,,-0.704338014125824,,0.704338014125824,
599,4799,,,,-0.5688061714172363,,0.5688061714172363
599,4799,,,-0.7052761316299438,,0.7052761316299438,
600,4807,,,-0.7391445636749268,,0.7391445636749268,
601,4815,,,-0.719160258769989,,0.719160258769989,
602,4823,,,-0.7251474857330322,,0.7251474857330322,
603,4831,,,-0.7308810949325562,,0.7308810949325562,
604,4839,,,-0.7288654446601868,,0.7288654446601868,
605,4847,,,-0.7536801695823669,,0.7536801695823669,
606,4849,,,,-0.8284032344818115,,0.8284032344818115
606,4855,,,-0.7346304655075073,,0.7346304655075073,
607,4863,,,-0.741209089756012,,0.741209089756012,
608,4871,,,-0.7461389899253845,,0.7461389899253845,
609,4879,,,-0.7121081352233887,,0.7121081352233887,
610,4887,,,-0.7200300097465515,,0.7200300097465515,
611,4895,,,-0.7279791235923767,,0.7279791235923767,
612,4899,,,,-0.5433542728424072,,0.5433542728424072
612,4903,,,-0.7123703360557556,,0.7123703360557556,
613,4911,,,-0.683353841304779,,0.683353841304779,
614,4919,,,-0.7638912796974182,,0.7638912796974182,
615,4927,,,-0.7276063561439514,,0.7276063561439514,
616,4935,,,-0.7246946096420288,,0.7246946096420288,
617,4943,,,-0.7044510841369629,,0.7044510841369629,
618,4949,,,,-0.9145991802215576,,0.9145991802215576
618,4951,,,-0.7332873344421387,,0.7332873344421387,
619,4959,,,-0.7251039743423462,,0.7251039743423462,
620,4967,,,-0.6996382474899292,,0.6996382474899292,
621,4975,,,-0.7196560502052307,,0.7196560502052307,
622,4983,,,-0.7305411100387573,,0.7305411100387573,
623,4991,,,-0.7144144177436829,,0.7144144177436829,
624,4999,,,,-0.20873475074768066,,0.20873475074768066
624,4999,,,-0.7543638348579407,,0.7543638348579407,
625,5007,,,-0.6907078623771667,,0.6907078623771667,
626,5015,,,-0.7175983786582947,,0.7175983786582947,
627,5023,,,-0.7122198939323425,,0.7122198939323425,
628,5031,,,-0.7038396596908569,,0.7038396596908569,
629,5039,,,-0.7219638824462891,,0.7219638824462891,
630,5047,,,-0.7469528317451477,,0.7469528317451477,
631,5049,,,,-1.0886561870574951,,1.0886561870574951
631,5055,,,-0.7555147409439087,,0.7555147409439087,
632,5063,,,-0.7360532283782959,,0.7360532283782959,
633,5071,,,-0.7131872773170471,,0.7131872773170471,
634,5079,,,-0.7062090039253235,,0.7062090039253235,
635,5087,,,-0.7531378865242004,,0.7531378865242004,
636,5095,,,-0.7395045161247253,,0.7395045161247253,
637,5099,,,,-0.8689382076263428,,0.8689382076263428
637,5103,,,-0.7257644534111023,,0.7257644534111023,
638,5111,,,-0.7049248218536377,,0.7049248218536377,
639,5119,,,-0.7143056392669678,,0.7143056392669678,
640,5127,,,-0.7443470358848572,,0.7443470358848572,
641,5135,,,-0.7237476706504822,,0.7237476706504822,
642,5143,,,-0.7079017758369446,,0.7079017758369446,
643,5149,,,,-0.10822033882141113,,0.10822033882141113
643,5151,,,-0.738537073135376,,0.738537073135376,
644,5159,,,-0.7036238312721252,,0.7036238312721252,
645,5167,,,-0.7467314600944519,,0.7467314600944519,
646,5175,,,-0.7020918130874634,,0.7020918130874634,
647,5183,,,-0.7287721633911133,,0.7287721633911133,
648,5191,,,-0.7394909262657166,,0.7394909262657166,
649,5199,,,,-0.7154133319854736,,0.7154133319854736
649,5199,,,-0.7057271003723145,,0.7057271003723145,
650,5207,,,-0.7538205981254578,,0.7538205981254578,
651,5215,,,-0.7135094404220581,,0.7135094404220581,
652,5223,,,-0.74405437707901,,0.74405437707901,
653,5231,,,-0.7133151888847351,,0.7133151888847351,
654,5239,,,-0.6912145018577576,,0.6912145018577576,
655,5247,,,-0.7043910026550293,,0.7043910026550293,
656,5249,,,,-0.7356069087982178,,0.7356069087982178
656,5255,,,-0.7409698963165283,,0.7409698963165283,
657,5263,,,-0.7274225354194641,,0.7274225354194641,
658,5271,,,-0.705116868019104,,0.705116868019104,
659,5279,,,-0.7138389945030212,,0.7138389945030212,
660,5287,,,-0.7310845255851746,,0.7310845255851746,
661,5295,,,-0.7249755859375,,0.7249755859375,
662,5299,,,,-0.3190380334854126,,0.3190380334854126
662,5303,,,-0.6922937035560608,,0.6922937035560608,
663,5311,,,-0.7567424178123474,,0.7567424178123474,
664,5319,,,-0.6883003115653992,,0.6883003115653992,
665,5327,,,-0.7314218878746033,,0.7314218878746033,
666,5335,,,-0.7520949244499207,,0.7520949244499207,
667,5343,,,-0.7356252670288086,,0.7356252670288086,
668,5349,,,,-0.7583390474319458,,0.7583390474319458
668,5351,,,-0.752669632434845,,0.752669632434845,
669,5359,,,-0.7168483138084412,,0.7168483138084412,
670,5367,,,-0.7114436626434326,,0.7114436626434326,
671,5375,,,-0.7554298043251038,,0.7554298043251038,
672,5383,,,-0.7225162386894226,,0.7225162386894226,
673,5391,,,-0.7217457294464111,,0.7217457294464111,
674,5399,,,,-0.7241771221160889,,0.7241771221160889
674,5399,,,-0.7216629385948181,,0.7216629385948181,
675,5407,,,-0.7356069087982178,,0.7356069087982178,
676,5415,,,-0.7084324955940247,,0.7084324955940247,
677,5423,,,-0.726525604724884,,0.726525604724884,
678,5431,,,-0.7210081815719604,,0.7210081815719604,
679,5439,,,-0.7342503666877747,,0.7342503666877747,
680,5447,,,-0.6923233270645142,,0.6923233270645142,
681,5449,,,,-0.8881165981292725,,0.8881165981292725
681,5455,,,-0.7004806399345398,,0.7004806399345398,
682,5463,,,-0.7370492219924927,,0.7370492219924927,
683,5471,,,-0.7609099745750427,,0.7609099745750427,
684,5479,,,-0.7268340587615967,,0.7268340587615967,
685,5487,,,-0.7308151721954346,,0.7308151721954346,
686,5495,,,-0.7065996527671814,,0.7065996527671814,
687,5499,,,,-0.9526646137237549,,0.9526646137237549
687,5503,,,-0.7129914164543152,,0.7129914164543152,
688,5511,,,-0.695314347743988,,0.695314347743988,
689,5519,,,-0.6980351805686951,,0.6980351805686951,
690,5527,,,-0.7411838173866272,,0.7411838173866272,
691,5535,,,-0.7317892909049988,,0.7317892909049988,
692,5543,,,-0.7702999711036682,,0.7702999711036682,
693,5549,,,,-0.7191332578659058,,0.7191332578659058
693,5551,,,-0.7090387940406799,,0.7090387940406799,
694,5559,,,-0.7262369990348816,,0.7262369990348816,
695,5567,,,-0.7347162961959839,,0.7347162961959839,
696,5575,,,-0.7463562488555908,,0.7463562488555908,
697,5583,,,-0.7411494851112366,,0.7411494851112366,
698,5591,,,-0.7389202117919922,,0.7389202117919922,
699,5599,,,,-0.24159419536590576,,0.24159419536590576
699,5599,,,-0.7570164799690247,,0.7570164799690247,
700,5607,,,-0.7396467924118042,,0.7396467924118042,
701,5615,,,-0.7081185579299927,,0.7081185579299927,
702,5623,,,-0.7324314713478088,,0.7324314713478088,
703,5631,,,-0.7509198784828186,,0.7509198784828186,
704,5639,,,-0.7448514699935913,,0.7448514699935913,
705,5647,,,-0.7557274699211121,,0.7557274699211121,
706,5649,,,,-0.9419083595275879,,0.9419083595275879
706,5655,,,-0.7028020620346069,,0.7028020620346069,
707,5663,,,-0.730555534362793,,0.730555534362793,
708,5671,,,-0.8000489473342896,,0.8000489473342896,
709,5679,,,-0.7163994312286377,,0.7163994312286377,
710,5687,,,-0.7123520374298096,,0.7123520374298096,
711,5695,,,-0.7487961649894714,,0.7487961649894714,
712,5699,,,,-0.241652250289917,,0.241652250289917
712,5703,,,-0.7541922926902771,,0.7541922926902771,
713,5711,,,-0.7449465394020081,,0.7449465394020081,
714,5719,,,-0.7256907224655151,,0.7256907224655151,
715,5727,,,-0.7239473462104797,,0.7239473462104797,
716,5735,,,-0.7400584816932678,,0.7400584816932678,
717,5743,,,-0.7177056670188904,,0.7177056670188904,
718,5749,,,,-0.5952684879302979,,0.5952684879302979
718,5751,,,-0.7114720940589905,,0.7114720940589905,
719,5759,,,-0.7762226462364197,,0.7762226462364197,
720,5767,,,-0.7428044676780701,,0.7428044676780701,
721,5775,,,-0.739128828048706,,0.739128828048706,
722,5783,,,-0.7016972899436951,,0.7016972899436951,
723,5791,,,-0.7318364977836609,,0.7318364977836609,
724,5799,,,,-0.9410947561264038,,0.9410947561264038
724,5799,,,-0.7268887758255005,,0.7268887758255005,
725,5807,,,-0.7093412280082703,,0.7093412280082703,
726,5815,,,-0.7642521262168884,,0.7642521262168884,
727,5823,,,-0.7431462407112122,,0.7431462407112122,
728,5831,,,-0.7140452265739441,,0.7140452265739441,
729,5839,,,-0.7124344110488892,,0.7124344110488892,
730,5847,,,-0.7270525693893433,,0.7270525693893433,
731,5849,,,,-0.9383561611175537,,0.9383561611175537
731,5855,,,-0.7356712818145752,,0.7356712818145752,
732,5863,,,-0.6968410015106201,,0.6968410015106201,
733,5871,,,-0.7238664031028748,,0.7238664031028748,
734,5879,,,-0.7269534468650818,,0.7269534468650818,
735,5887,,,-0.730985701084137,,0.730985701084137,
736,5895,,,-0.7622312903404236,,0.7622312903404236,
737,5899,,,,-0.7463303804397583,,0.7463303804397583
737,5903,,,-0.761590301990509,,0.761590301990509,
738,5911,,,-0.7177203297615051,,0.7177203297615051,
739,5919,,,-0.6950746774673462,,0.6950746774673462,
740,5927,,,-0.7216224670410156,,0.7216224670410156,
741,5935,,,-0.7527065277099609,,0.7527065277099609,
742,5943,,,-0.7288097143173218,,0.7288097143173218,
743,5949,,,,-0.6865407228469849,,0.6865407228469849
743,5951,,,-0.719708263874054,,0.719708263874054,
744,5959,,,-0.7043887376785278,,0.7043887376785278,
745,5967,,,-0.7199450731277466,,0.7199450731277466,
746,5975,,,-0.7457519769668579,,0.7457519769668579,
747,5983,,,-0.7117648720741272,,0.7117648720741272,
748,5991,,,-0.7206441164016724,,0.7206441164016724,
749,5999,,,,-0.9151982069015503,,0.9151982069015503
749,5999,,,-0.7284082770347595,,0.7284082770347595,
750,6007,,,-0.7568329572677612,,0.7568329572677612,
751,6015,,,-0.7317231297492981,,0.7317231297492981,
752,6023,,,-0.7507992386817932,,0.7507992386817932,
753,6031,,,-0.7369377017021179,,0.7369377017021179,
754,6039,,,-0.7212879657745361,,0.7212879657745361,
755,6047,,,-0.7948575615882874,,0.7948575615882874,
756,6049,,,,-0.3010365962982178,,0.3010365962982178
756,6055,,,-0.781140923500061,,0.781140923500061,
757,6063,,,-0.7347482442855835,,0.7347482442855835,
758,6071,,,-0.7465128898620605,,0.7465128898620605,
759,6079,,,-0.74556565284729,,0.74556565284729,
760,6087,,,-0.7266021370887756,,0.7266021370887756,
761,6095,,,-0.7339942455291748,,0.7339942455291748,
762,6099,,,,-0.9919568300247192,,0.9919568300247192
762,6103,,,-0.7332993745803833,,0.7332993745803833,
763,6111,,,-0.741782009601593,,0.741782009601593,
764,6119,,,-0.7745260000228882,,0.7745260000228882,
765,6127,,,-0.7499624490737915,,0.7499624490737915,
766,6135,,,-0.7405473589897156,,0.7405473589897156,
767,6143,,,-0.7182993292808533,,0.7182993292808533,
768,6149,,,,-0.8708243370056152,,0.8708243370056152
768,6151,,,-0.7041448950767517,,0.7041448950767517,
769,6159,,,-0.7354745864868164,,0.7354745864868164,
770,6167,,,-0.7267783284187317,,0.7267783284187317,
771,6175,,,-0.714748740196228,,0.714748740196228,
772,6183,,,-0.7254577875137329,,0.7254577875137329,
773,6191,,,-0.725545346736908,,0.725545346736908,
774,6199,,,,-0.5376931428909302,,0.5376931428909302
774,6199,,,-0.6958684325218201,,0.6958684325218201,
775,6207,,,-0.7017277479171753,,0.7017277479171753,
776,6215,,,-0.7536805272102356,,0.7536805272102356,
777,6223,,,-0.7137922644615173,,0.7137922644615173,
778,6231,,,-0.7206149697303772,,0.7206149697303772,
779,6239,,,-0.7415570020675659,,0.7415570020675659,
780,6247,,,-0.7123199701309204,,0.7123199701309204,
781,6249,,,,-0.4016760587692261,,0.4016760587692261
781,6255,,,-0.7162637710571289,,0.7162637710571289,
782,6263,,,-0.7119317650794983,,0.7119317650794983,
783,6271,,,-0.7509283423423767,,0.7509283423423767,
784,6279,,,-0.7358811497688293,,0.7358811497688293,
785,6287,,,-0.7030948400497437,,0.7030948400497437,
786,6295,,,-0.7148171663284302,,0.7148171663284302,
787,6299,,,,-0.7017269134521484,,0.7017269134521484
787,6303,,,-0.7178081274032593,,0.7178081274032593,
788,6311,,,-0.7037939429283142,,0.7037939429283142,
789,6319,,,-0.7393403053283691,,0.7393403053283691,
790,6327,,,-0.7655619978904724,,0.7655619978904724,
791,6335,,,-0.7171733379364014,,0.7171733379364014,
792,6343,,,-0.7403002977371216,,0.7403002977371216,
793,6349,,,,-0.8914201259613037,,0.8914201259613037
793,6351,,,-0.7203675508499146,,0.7203675508499146,
794,6359,,,-0.7068478465080261,,0.7068478465080261,
795,6367,,,-0.7389838695526123,,0.7389838695526123,
796,6375,,,-0.7270776629447937,,0.7270776629447937,
797,6383,,,-0.7203986048698425,,0.7203986048698425,
798,6391,,,-0.7164621353149414,,0.7164621353149414,
799,6399,,,,-0.7642083168029785,,0.7642083168029785
799,6399,,,-0.7143539190292358,,0.7143539190292358,
800,6407,,,-0.7011551856994629,,0.7011551856994629,
801,6415,,,-0.7377932667732239,,0.7377932667732239,
802,6423,,,-0.7669140696525574,,0.7669140696525574,
803,6431,,,-0.7134835124015808,,0.7134835124015808,
804,6439,,,-0.7270272374153137,,0.7270272374153137,
805,6447,,,-0.732597291469574,,0.732597291469574,
806,6449,,,,-0.6256660223007202,,0.6256660223007202
806,6455,,,-0.740294873714447,,0.740294873714447,
807,6463,,,-0.721388578414917,,0.721388578414917,
808,6471,,,-0.7137452363967896,,0.7137452363967896,
809,6479,,,-0.7526260614395142,,0.7526260614395142,
810,6487,,,-0.6984943151473999,,0.6984943151473999,
811,6495,,,-0.7057992219924927,,0.7057992219924927,
812,6499,,,,-0.7988207340240479,,0.7988207340240479
812,6503,,,-0.7404149770736694,,0.7404149770736694,
813,6511,,,-0.7105944156646729,,0.7105944156646729,
814,6519,,,-0.7648261785507202,,0.7648261785507202,
815,6527,,,-0.7313698530197144,,0.7313698530197144,
816,6535,,,-0.7342198491096497,,0.7342198491096497,
817,6543,,,-0.7315748929977417,,0.7315748929977417,
818,6549,,,,-0.8772153854370117,,0.8772153854370117
818,6551,,,-0.7991135120391846,,0.7991135120391846,
819,6559,,,-0.7053915858268738,,0.7053915858268738,
820,6567,,,-0.72613924741745,,0.72613924741745,
821,6575,,,-0.7220571041107178,,0.7220571041107178,
822,6583,,,-0.6921952962875366,,0.6921952962875366,
823,6591,,,-0.7287618517875671,,0.7287618517875671,
824,6599,,,,-1.0041958093643188,,1.0041958093643188
824,6599,,,-0.71891188621521,,0.71891188621521,
825,6607,,,-0.7502564191818237,,0.7502564191818237,
826,6615,,,-0.7232159972190857,,0.7232159972190857,
827,6623,,,-0.7289754152297974,,0.7289754152297974,
828,6631,,,-0.721879243850708,,0.721879243850708,
829,6639,,,-0.7502058148384094,,0.7502058148384094,
830,6647,,,-0.7358938455581665,,0.7358938455581665,
831,6649,,,,-0.7386411428451538,,0.7386411428451538
831,6655,,,-0.7274330258369446,,0.7274330258369446,
832,6663,,,-0.7342308759689331,,0.7342308759689331,
833,6671,,,-0.7601606249809265,,0.7601606249809265,
834,6679,,,-0.7618770003318787,,0.7618770003318787,
835,6687,,,-0.7833198308944702,,0.7833198308944702,
836,6695,,,-0.7612433433532715,,0.7612433433532715,
837,6699,,,,-0.6362748146057129,,0.6362748146057129
837,6703,,,-0.7101860642433167,,0.7101860642433167,
838,6711,,,-0.7207207083702087,,0.7207207083702087,
839,6719,,,-0.7422589063644409,,0.7422589063644409,
840,6727,,,-0.7239764928817749,,0.7239764928817749,
841,6735,,,-0.7000694274902344,,0.7000694274902344,
842,6743,,,-0.7437750101089478,,0.7437750101089478,
843,6749,,,,-0.7858316898345947,,0.7858316898345947
843,6751,,,-0.6851692199707031,,0.6851692199707031,
844,6759,,,-0.7311607003211975,,0.7311607003211975,
845,6767,,,-0.7359262704849243,,0.7359262704849243,
846,6775,,,-0.7311918139457703,,0.7311918139457703,
847,6783,,,-0.7419621348381042,,0.7419621348381042,
848,6791,,,-0.7025393843650818,,0.7025393843650818,
849,6799,,,,-0.9725257158279419,,0.9725257158279419
849,6799,,,-0.7076024413108826,,0.7076024413108826,
850,6807,,,-0.7500565052032471,,0.7500565052032471,
851,6815,,,-0.7103142738342285,,0.7103142738342285,
852,6823,,,-0.7527473568916321,,0.7527473568916321,
853,6831,,,-0.7505211234092712,,0.7505211234092712,
854,6839,,,-0.7264251708984375,,0.7264251708984375,
855,6847,,,-0.7046507596969604,,0.7046507596969604,
856,6849,,,,-0.856438398361206,,0.856438398361206
856,6855,,,-0.7316586971282959,,0.7316586971282959,
857,6863,,,-0.7018136978149414,,0.7018136978149414,
858,6871,,,-0.7261003255844116,,0.7261003255844116,
859,6879,,,-0.7486339211463928,,0.7486339211463928,
860,6887,,,-0.7373469471931458,,0.7373469471931458,
861,6895,,,-0.7506382465362549,,0.7506382465362549,
862,6899,,,,-0.9603258371353149,,0.9603258371353149
862,6903,,,-0.7644606232643127,,0.7644606232643127,
863,6911,,,-0.7295991778373718,,0.7295991778373718,
864,6919,,,-0.7150488495826721,,0.7150488495826721,
865,6927,,,-0.7580011487007141,,0.7580011487007141,
866,6935,,,-0.7190212607383728,,0.7190212607383728,
867,6943,,,-0.6912059783935547,,0.6912059783935547,
868,6949,,,,-0.8285644054412842,,0.8285644054412842
868,6951,,,-0.7063772082328796,,0.7063772082328796,
869,6959,,,-0.7054071426391602,,0.7054071426391602,
870,6967,,,-0.7462133765220642,,0.7462133765220642,
871,6975,,,-0.7317067384719849,,0.7317067384719849,
872,6983,,,-0.7183042168617249,,0.7183042168617249,
873,6991,,,-0.6872647404670715,,0.6872647404670715,
874,6999,,,,-0.7950289249420166,,0.7950289249420166
874,6999,,,-0.7088903188705444,,0.7088903188705444,
875,7007,,,-0.7182677984237671,,0.7182677984237671,
876,7015,,,-0.7292105555534363,,0.7292105555534363,
877,7023,,,-0.747002124786377,,0.747002124786377,
878,7031,,,-0.7443446516990662,,0.7443446516990662,
879,7039,,,-0.7303711771965027,,0.7303711771965027,
880,7047,,,-0.7059319615364075,,0.7059319615364075,
881,7049,,,,-0.838658332824707,,0.838658332824707
881,7055,,,-0.7101354598999023,,0.7101354598999023,
882,7063,,,-0.7353276610374451,,0.7353276610374451,
883,7071,,,-0.7091425061225891,,0.7091425061225891,
884,7079,,,-0.7149229645729065,,0.7149229645729065,
885,7087,,,-0.7105798125267029,,0.7105798125267029,
886,7095,,,-0.7258042693138123,,0.7258042693138123,
887,7099,,,,-0.7830942869186401,,0.7830942869186401
887,7103,,,-0.7614182829856873,,0.7614182829856873,
888,7111,,,-0.8014416098594666,,0.8014416098594666,
889,7119,,,-0.7373837232589722,,0.7373837232589722,
890,7127,,,-0.7580294609069824,,0.7580294609069824,
891,7135,,,-0.7406877875328064,,0.7406877875328064,
892,7143,,,-0.7235355377197266,,0.7235355377197266,
893,7149,,,,-0.6742198467254639,,0.6742198467254639
893,7151,,,-0.760159969329834,,0.760159969329834,
894,7159,,,-0.7288716435432434,,0.7288716435432434,
895,7167,,,-0.7634702920913696,,0.7634702920913696,
896,7175,,,-0.7280433773994446,,0.7280433773994446,
897,7183,,,-0.7206541895866394,,0.7206541895866394,
898,7191,,,-0.7088788151741028,,0.7088788151741028,
899,7199,,,,-0.3660461902618408,,0.3660461902618408
899,7199,,,-0.7446779012680054,,0.7446779012680054,
900,7207,,,-0.7445764541625977,,0.7445764541625977,
901,7215,,,-0.7273188233375549,,0.7273188233375549,
902,7223,,,-0.7365515232086182,,0.7365515232086182,
903,7231,,,-0.7035279870033264,,0.7035279870033264,
904,7239,,,-0.6984164714813232,,0.6984164714813232,
905,7247,,,-0.7217884659767151,,0.7217884659767151,
906,7249,,,,-1.0874775648117065,,1.0874775648117065
906,7255,,,-0.7099426984786987,,0.7099426984786987,
907,7263,,,-0.714143693447113,,0.714143693447113,
908,7271,,,-0.7304901480674744,,0.7304901480674744,
909,7279,,,-0.7055169939994812,,0.7055169939994812,
910,7287,,,-0.7361494898796082,,0.7361494898796082,
911,7295,,,-0.707345724105835,,0.707345724105835,
912,7299,,,,-0.6192340850830078,,0.6192340850830078
912,7303,,,-0.7180295586585999,,0.7180295586585999,
913,7311,,,-0.7512481212615967,,0.7512481212615967,
914,7319,,,-0.731796145439148,,0.731796145439148,
915,7327,,,-0.7378419637680054,,0.7378419637680054,
916,7335,,,-0.7492157220840454,,0.7492157220840454,
917,7343,,,-0.7448294162750244,,0.7448294162750244,
918,7349,,,,-0.23479580879211426,,0.23479580879211426
918,7351,,,-0.7201663255691528,,0.7201663255691528,
919,7359,,,-0.7319321036338806,,0.7319321036338806,
920,7367,,,-0.7631644010543823,,0.7631644010543823,
921,7375,,,-0.7108046412467957,,0.7108046412467957,
922,7383,,,-0.7561166882514954,,0.7561166882514954,
923,7391,,,-0.6960698366165161,,0.6960698366165161,
924,7399,,,,-0.8631411790847778,,0.8631411790847778
924,7399,,,-0.6981505751609802,,0.6981505751609802,
925,7407,,,-0.6891320943832397,,0.6891320943832397,
926,7415,,,-0.7242987751960754,,0.7242987751960754,
927,7423,,,-0.7180967926979065,,0.7180967926979065,
928,7431,,,-0.7499744892120361,,0.7499744892120361,
929,7439,,,-0.724521279335022,,0.724521279335022,
930,7447,,,-0.7236283421516418,,0.7236283421516418,
931,7449,,,,-0.7460641860961914,,0.7460641860961914
931,7455,,,-0.7166786789894104,,0.7166786789894104,
932,7463,,,-0.7471892237663269,,0.7471892237663269,
933,7471,,,-0.768330454826355,,0.768330454826355,
934,7479,,,-0.7162094116210938,,0.7162094116210938,
935,7487,,,-0.7146375775337219,,0.7146375775337219,
936,7495,,,-0.765235960483551,,0.765235960483551,
937,7499,,,,-0.8116961717605591,,0.8116961717605591
937,7503,,,-0.7119803428649902,,0.7119803428649902,
938,7511,,,-0.7446743845939636,,0.7446743845939636,
939,7519,,,-0.7741133570671082,,0.7741133570671082,
940,7527,,,-0.7608692646026611,,0.7608692646026611,
941,7535,,,-0.7120221853256226,,0.7120221853256226,
942,7543,,,-0.7083887457847595,,0.7083887457847595,
943,7549,,,,-0.7055739164352417,,0.7055739164352417
943,7551,,,-0.7706606984138489,,0.7706606984138489,
944,7559,,,-0.7123962044715881,,0.7123962044715881,
945,7567,,,-0.71376633644104,,0.71376633644104,
946,7575,,,-0.7146855592727661,,0.7146855592727661,
947,7583,,,-0.7152331471443176,,0.7152331471443176,
948,7591,,,-0.7600460648536682,,0.7600460648536682,
949,7599,,,,-0.81888747215271,,0.81888747215271
949,7599,,,-0.7259241938591003,,0.7259241938591003,
950,7607,,,-0.7443627119064331,,0.7443627119064331,
951,7615,,,-0.6896464824676514,,0.6896464824676514,
952,7623,,,-0.7688548564910889,,0.7688548564910889,
953,7631,,,-0.7308810949325562,,0.7308810949325562,
954,7639,,,-0.7230177521705627,,0.7230177521705627,
955,7647,,,-0.7036252617835999,,0.7036252617835999,
956,7649,,,,-0.25531208515167236,,0.25531208515167236
956,7655,,,-0.7617666125297546,,0.7617666125297546,
957,7663,,,-0.7470950484275818,,0.7470950484275818,
958,7671,,,-0.7064842581748962,,0.7064842581748962,
959,7679,,,-0.7062579393386841,,0.7062579393386841,
960,7687,,,-0.7121285796165466,,0.7121285796165466,
961,7695,,,-0.7031769752502441,,0.7031769752502441,
962,7699,,,,-0.9362492561340332,,0.9362492561340332
962,7703,,,-0.7353920936584473,,0.7353920936584473,
963,7711,,,-0.7492215037345886,,0.7492215037345886,
964,7719,,,-0.7372502684593201,,0.7372502684593201,
965,7727,,,-0.7169183492660522,,0.7169183492660522,
966,7735,,,-0.7373396754264832,,0.7373396754264832,
967,7743,,,-0.7153612971305847,,0.7153612971305847,
968,7749,,,,-0.560837984085083,,0.560837984085083
968,7751,,,-0.7219710946083069,,0.7219710946083069,
969,7759,,,-0.72508305311203,,0.72508305311203,
970,7767,,,-0.7340223789215088,,0.7340223789215088,
971,7775,,,-0.7481493949890137,,0.7481493949890137,
972,7783,,,-0.7406216859817505,,0.7406216859817505,
973,7791,,,-0.7593845129013062,,0.7593845129013062,
974,7799,,,,-0.817363977432251,,0.817363977432251
974,7799,,,-0.7258301973342896,,0.7258301973342896,
975,7807,,,-0.7397647500038147,,0.7397647500038147,
976,7815,,,-0.753460168838501,,0.753460168838501,
977,7823,,,-0.769580066204071,,0.769580066204071,
978,7831,,,-0.7238176465034485,,0.7238176465034485,
979,7839,,,-0.7026336789131165,,0.7026336789131165,
980,7847,,,-0.7081303000450134,,0.7081303000450134,
981,7849,,,,-0.6922706365585327,,0.6922706365585327
981,7855,,,-0.7072571516036987,,0.7072571516036987,
982,7863,,,-0.7687184810638428,,0.7687184810638428,
983,7871,,,-0.7274753451347351,,0.7274753451347351,
984,7879,,,-0.7224933505058289,,0.7224933505058289,
985,7887,,,-0.7117142081260681,,0.7117142081260681,
986,7895,,,-0.7421731352806091,,0.7421731352806091,
987,7899,,,,-0.9265230894088745,,0.9265230894088745
987,7903,,,-0.7254322171211243,,0.7254322171211243,
988,7911,,,-0.7830540537834167,,0.7830540537834167,
989,7919,,,-0.7197964787483215,,0.7197964787483215,
990,7927,,,-0.7671864628791809,,0.7671864628791809,
991,7935,,,-0.7022107243537903,,0.7022107243537903,
992,7943,,,-0.7544096112251282,,0.7544096112251282,
993,7949,,,,-0.7016282081604004,,0.7016282081604004
993,7951,,,-0.7082865238189697,,0.7082865238189697,
994,7959,,,-0.726722002029419,,0.726722002029419,
995,7967,,,-0.70880526304245,,0.70880526304245,
996,7975,,,-0.7000906467437744,,0.7000906467437744,
997,7983,,,-0.7384442090988159,,0.7384442090988159,
998,7991,,,-0.7429972887039185,,0.7429972887039185,
999,7999,,,,-0.27970659732818604,,0.27970659732818604
999,7999,,,-0.7227652072906494,,0.7227652072906494,
1000,8007,,,-0.729147732257843,,0.729147732257843,
1001,8015,,,-0.7311170101165771,,0.7311170101165771,
1002,8023,,,-0.7596635818481445,,0.7596635818481445,
1003,8031,,,-0.7163711786270142,,0.7163711786270142,
1004,8039,,,-0.7342914938926697,,0.7342914938926697,
1005,8047,,,-0.7178956270217896,,0.7178956270217896,
1006,8049,,,,-0.8237273693084717,,0.8237273693084717
1006,8055,,,-0.7579173445701599,,0.7579173445701599,
1007,8063,,,-0.7321838140487671,,0.7321838140487671,
1008,8071,,,-0.7207704186439514,,0.7207704186439514,
1009,8079,,,-0.6946859359741211,,0.6946859359741211,
1010,8087,,,-0.6878384947776794,,0.6878384947776794,
1011,8095,,,-0.7061073780059814,,0.7061073780059814,
1012,8099,,,,-0.8406995534896851,,0.8406995534896851
1012,8103,,,-0.7203167676925659,,0.7203167676925659,
1013,8111,,,-0.755215048789978,,0.755215048789978,
1014,8119,,,-0.7058209180831909,,0.7058209180831909,
1015,8127,,,-0.7382792830467224,,0.7382792830467224,
1016,8135,,,-0.7324938774108887,,0.7324938774108887,
1017,8143,,,-0.7544442415237427,,0.7544442415237427,
1018,8149,,,,-0.7203559875488281,,0.7203559875488281
1018,8151,,,-0.7139121294021606,,0.7139121294021606,
1019,8159,,,-0.7396841645240784,,0.7396841645240784,
1020,8167,,,-0.7294619679450989,,0.7294619679450989,
1021,8175,,,-0.7524964213371277,,0.7524964213371277,
1022,8183,,,-0.7560529708862305,,0.7560529708862305,
1023,8191,,,-0.7320382595062256,,0.7320382595062256,
1024,8199,,,,-0.8849714994430542,,0.8849714994430542
1024,8199,,,-0.7189770936965942,,0.7189770936965942,
1025,8207,,,-0.7189794182777405,,0.7189794182777405,
1026,8215,,,-0.7239910364151001,,0.7239910364151001,
1027,8223,,,-0.7504630088806152,,0.7504630088806152,
1028,8231,,,-0.7428411841392517,,0.7428411841392517,
1029,8239,,,-0.7403697967529297,,0.7403697967529297,
1030,8247,,,-0.7425780892372131,,0.7425780892372131,
1031,8249,,,,-0.8943138122558594,,0.8943138122558594
1031,8255,,,-0.756172776222229,,0.756172776222229,
1032,8263,,,-0.6900591254234314,,0.6900591254234314,
1033,8271,,,-0.7239441275596619,,0.7239441275596619,
1034,8279,,,-0.7337091565132141,,0.7337091565132141,
1035,8287,,,-0.7769165635108948,,0.7769165635108948,
1036,8295,,,-0.7368555068969727,,0.7368555068969727,
1037,8299,,,,-0.805681586265564,,0.805681586265564
1037,8303,,,-0.7431787252426147,,0.7431787252426147,
1038,8311,,,-0.7185413837432861,,0.7185413837432861,
1039,8319,,,-0.7475185990333557,,0.7475185990333557,
1040,8327,,,-0.7070527076721191,,0.7070527076721191,
1041,8335,,,-0.7083105444908142,,0.7083105444908142,
1042,8343,,,-0.734641432762146,,0.734641432762146,
1043,8349,,,,-0.9777882099151611,,0.9777882099151611
1043,8351,,,-0.7167320847511292,,0.7167320847511292,
1044,8359,,,-0.7349531054496765,,0.7349531054496765,
1045,8367,,,-0.7659937739372253,,0.7659937739372253,
1046,8375,,,-0.7735398411750793,,0.7735398411750793,
1047,8383,,,-0.7244817018508911,,0.7244817018508911,
1048,8391,,,-0.7352446913719177,,0.7352446913719177,
1049,8399,,,,-0.31550323963165283,,0.31550323963165283
1049,8399,,,-0.6809254884719849,,0.6809254884719849,
1050,8407,,,-0.7604176998138428,,0.7604176998138428,
1051,8415,,,-0.7027318477630615,,0.7027318477630615,
1052,8423,,,-0.7375372052192688,,0.7375372052192688,
1053,8431,,,-0.7198693156242371,,0.7198693156242371,
1054,8439,,,-0.711402952671051,,0.711402952671051,
1055,8447,,,-0.7584534883499146,,0.7584534883499146,
1056,8449,,,,-0.49800944328308105,,0.49800944328308105
1056,8455,,,-0.6965732574462891,,0.6965732574462891,
1057,8463,,,-0.7775372862815857,,0.7775372862815857,
1058,8471,,,-0.7158012390136719,,0.7158012390136719,
1059,8479,,,-0.7188973426818848,,0.7188973426818848,
1060,8487,,,-0.7196270227432251,,0.7196270227432251,
1061,8495,,,-0.7192689180374146,,0.7192689180374146,
1062,8499,,,,-0.71720290184021,,0.71720290184021
1062,8503,,,-0.7331169247627258,,0.7331169247627258,
1063,8511,,,-0.7469363212585449,,0.7469363212585449,
1064,8519,,,-0.7101562023162842,,0.7101562023162842,
1065,8527,,,-0.7279675006866455,,0.7279675006866455,
1066,8535,,,-0.704475998878479,,0.704475998878479,
1067,8543,,,-0.7146992683410645,,0.7146992683410645,
1068,8549,,,,-0.8230582475662231,,0.8230582475662231
1068,8551,,,-0.7267842888832092,,0.7267842888832092,
1069,8559,,,-0.7285884022712708,,0.7285884022712708,
1070,8567,,,-0.7231670618057251,,0.7231670618057251,
1071,8575,,,-0.7228237390518188,,0.7228237390518188,
1072,8583,,,-0.7211641073226929,,0.7211641073226929,
1073,8591,,,-0.7414088845252991,,0.7414088845252991,
1074,8599,,,,-0.6208673715591431,,0.6208673715591431
1074,8599,,,-0.7151392698287964,,0.7151392698287964,
1075,8607,,,-0.7736108303070068,,0.7736108303070068,
1076,8615,,,-0.7246201038360596,,0.7246201038360596,
1077,8623,,,-0.7581468820571899,,0.7581468820571899,
1078,8631,,,-0.7945306897163391,,0.7945306897163391,
1079,8639,,,-0.7214065194129944,,0.7214065194129944,
1080,8647,,,-0.7773007154464722,,0.7773007154464722,
1081,8649,,,,-0.6619120836257935,,0.6619120836257935
1081,8655,,,-0.7236760854721069,,0.7236760854721069,
1082,8663,,,-0.7085717916488647,,0.7085717916488647,
1083,8671,,,-0.7046998143196106,,0.7046998143196106,
1084,8679,,,-0.732025146484375,,0.732025146484375,
1085,8687,,,-0.7320045232772827,,0.7320045232772827,
1086,8695,,,-0.7118543386459351,,0.7118543386459351,
1087,8699,,,,-1.053597092628479,,1.053597092628479
1087,8703,,,-0.7460350394248962,,0.7460350394248962,
1088,8711,,,-0.7726953029632568,,0.7726953029632568,
1089,8719,,,-0.7066177129745483,,0.7066177129745483,
1090,8727,,,-0.7903100848197937,,0.7903100848197937,
1091,8735,,,-0.7427945137023926,,0.7427945137023926,
1092,8743,,,-0.6995947957038879,,0.6995947957038879,
1093,8749,,,,-0.3002249002456665,,0.3002249002456665
1093,8751,,,-0.7076290845870972,,0.7076290845870972,
1094,8759,,,-0.7206800580024719,,0.7206800580024719,
1095,8767,,,-0.6992668509483337,,0.6992668509483337,
1096,8775,,,-0.7117981314659119,,0.7117981314659119,
1097,8783,,,-0.7450273633003235,,0.7450273633003235,
1098,8791,,,-0.714047908782959,,0.714047908782959,
1099,8799,,,,-0.27302443981170654,,0.27302443981170654
1099,8799,,,-0.7392375469207764,,0.7392375469207764,
1100,8807,,,-0.7000412940979004,,0.7000412940979004,
1101,8815,,,-0.7039489150047302,,0.7039489150047302,
1102,8823,,,-0.756727933883667,,0.756727933883667,
1103,8831,,,-0.7224083542823792,,0.7224083542823792,
1104,8839,,,-0.8046640753746033,,0.8046640753746033,
1105,8847,,,-0.7354337573051453,,0.7354337573051453,
1106,8849,,,,-1.0199540853500366,,1.0199540853500366
1106,8855,,,-0.7379758358001709,,0.7379758358001709,
1107,8863,,,-0.7603480219841003,,0.7603480219841003,
1108,8871,,,-0.7015305757522583,,0.7015305757522583,
1109,8879,,,-0.7054224014282227,,0.7054224014282227,
1110,8887,,,-0.7708869576454163,,0.7708869576454163,
1111,8895,,,-0.7096155881881714,,0.7096155881881714,
1112,8899,,,,-0.8198233842849731,,0.8198233842849731
1112,8903,,,-0.7245512008666992,,0.7245512008666992,
1113,8911,,,-0.7067501544952393,,0.7067501544952393,
1114,8919,,,-0.701831042766571,,0.701831042766571,
1115,8927,,,-0.7509578466415405,,0.7509578466415405,
1116,8935,,,-0.7500041127204895,,0.7500041127204895,
1117,8943,,,-0.7390785813331604,,0.7390785813331604,
1118,8949,,,,-0.9110785722732544,,0.9110785722732544
1118,8951,,,-0.7377020120620728,,0.7377020120620728,
1119,8959,,,-0.7404592037200928,,0.7404592037200928,
1120,8967,,,-0.7410014271736145,,0.7410014271736145,
1121,8975,,,-0.7529465556144714,,0.7529465556144714,
1122,8983,,,-0.7650764584541321,,0.7650764584541321,
1123,8991,,,-0.746934175491333,,0.746934175491333,
1124,8999,,,,-0.9117624759674072,,0.9117624759674072
1124,8999,,,-0.7215851545333862,,0.7215851545333862,
1125,9007,,,-0.7174997329711914,,0.7174997329711914,
1126,9015,,,-0.7331511974334717,,0.7331511974334717,
1127,9023,,,-0.7046427130699158,,0.7046427130699158,
1128,9031,,,-0.7323582172393799,,0.7323582172393799,
1129,9039,,,-0.7381242513656616,,0.7381242513656616,
1130,9047,,,-0.7414522767066956,,0.7414522767066956,
1131,9049,,,,-0.9011029005050659,,0.9011029005050659
1131,9055,,,-0.6978518962860107,,0.6978518962860107,
1132,9063,,,-0.7472110390663147,,0.7472110390663147,
1133,9071,,,-0.7453190684318542,,0.7453190684318542,
1134,9079,,,-0.7288858294487,,0.7288858294487,
1135,9087,,,-0.7096301317214966,,0.7096301317214966,
1136,9095,,,-0.7143926024436951,,0.7143926024436951,
1137,9099,,,,-0.6179919242858887,,0.6179919242858887
1137,9103,,,-0.7517721056938171,,0.7517721056938171,
1138,9111,,,-0.7158948183059692,,0.7158948183059692,
1139,9119,,,-0.7359362244606018,,0.7359362244606018,
1140,9127,,,-0.7414817810058594,,0.7414817810058594,
1141,9135,,,-0.7622860670089722,,0.7622860670089722,
1142,9143,,,-0.7225234508514404,,0.7225234508514404,
1143,9149,,,,-0.7763359546661377,,0.7763359546661377
1143,9151,,,-0.7017717957496643,,0.7017717957496643,
1144,9159,,,-0.7114251255989075,,0.7114251255989075,
1145,9167,,,-0.7396497130393982,,0.7396497130393982,
1146,9175,,,-0.728101372718811,,0.728101372718811,
1147,9183,,,-0.7280868291854858,,0.7280868291854858,
1148,9191,,,-0.7105007767677307,,0.7105007767677307,
1149,9199,,,,-0.326272189617157,,0.326272189617157
1149,9199,,,-0.754396378993988,,0.754396378993988,
1150,9207,,,-0.7604101896286011,,0.7604101896286011,
1151,9215,,,-0.7076436281204224,,0.7076436281204224,
1152,9223,,,-0.7163516879081726,,0.7163516879081726,
1153,9231,,,-0.7254157662391663,,0.7254157662391663,
1154,9239,,,-0.7088226675987244,,0.7088226675987244,
1155,9247,,,-0.7050031423568726,,0.7050031423568726,
1156,9249,,,,-0.3953849673271179,,0.3953849673271179
1156,9255,,,-0.7063533067703247,,0.7063533067703247,
1157,9263,,,-0.7371751666069031,,0.7371751666069031,
1158,9271,,,-0.7184244990348816,,0.7184244990348816,
1159,9279,,,-0.7127743363380432,,0.7127743363380432,
1160,9287,,,-0.7537164092063904,,0.7537164092063904,
1161,9295,,,-0.7216017842292786,,0.7216017842292786,
1162,9299,,,,-0.5662170648574829,,0.5662170648574829
1162,9303,,,-0.7346391677856445,,0.7346391677856445,
1163,9311,,,-0.7063111662864685,,0.7063111662864685,
1164,9319,,,-0.7132275104522705,,0.7132275104522705,
1165,9327,,,-0.7262564301490784,,0.7262564301490784,
1166,9335,,,-0.7304494380950928,,0.7304494380950928,
1167,9343,,,-0.7331588864326477,,0.7331588864326477,
1168,9349,,,,-0.7269904613494873,,0.7269904613494873
1168,9351,,,-0.7180707454681396,,0.7180707454681396,
1169,9359,,,-0.767614483833313,,0.767614483833313,
1170,9367,,,-0.7396777272224426,,0.7396777272224426,
1171,9375,,,-0.7492247819900513,,0.7492247819900513,
1172,9383,,,-0.7178694009780884,,0.7178694009780884,
1173,9391,,,-0.7526697516441345,,0.7526697516441345,
1174,9399,,,,-0.8447189331054688,,0.8447189331054688
1174,9399,,,-0.7199864387512207,,0.7199864387512207,
1175,9407,,,-0.6991800665855408,,0.6991800665855408,
1176,9415,,,-0.6903847455978394,,0.6903847455978394,
1177,9423,,,-0.7467975616455078,,0.7467975616455078,
1178,9431,,,-0.7302989959716797,,0.7302989959716797,
1179,9439,,,-0.7192251682281494,,0.7192251682281494,
1180,9447,,,-0.7304940223693848,,0.7304940223693848,
1181,9449,,,,-0.5623575448989868,,0.5623575448989868
1181,9455,,,-0.7051635980606079,,0.7051635980606079,
1182,9463,,,-0.7908223867416382,,0.7908223867416382,
1183,9471,,,-0.717980146408081,,0.717980146408081,
1184,9479,,,-0.7093153595924377,,0.7093153595924377,
1185,9487,,,-0.7485925555229187,,0.7485925555229187,
1186,9495,,,-0.7086423635482788,,0.7086423635482788,
1187,9499,,,,-0.8313020467758179,,0.8313020467758179
1187,9503,,,-0.7033098936080933,,0.7033098936080933,
1188,9511,,,-0.7318458557128906,,0.7318458557128906,
1189,9519,,,-0.753507137298584,,0.753507137298584,
1190,9527,,,-0.72134929895401,,0.72134929895401,
1191,9535,,,-0.7549079060554504,,0.7549079060554504,
1192,9543,,,-0.7257012128829956,,0.7257012128829956,
1193,9549,,,,-0.4763704538345337,,0.4763704538345337
1193,9551,,,-0.7061112523078918,,0.7061112523078918,
1194,9559,,,-0.7456363439559937,,0.7456363439559937,
1195,9567,,,-0.7474504113197327,,0.7474504113197327,
1196,9575,,,-0.7124119400978088,,0.7124119400978088,
1197,9583,,,-0.7036212086677551,,0.7036212086677551,
1198,9591,,,-0.720539927482605,,0.720539927482605,
1199,9599,,,,-0.4391467571258545,,0.4391467571258545
1199,9599,,,-0.7162433862686157,,0.7162433862686157,
1200,9607,,,-0.7197854518890381,,0.7197854518890381,
1201,9615,,,-0.7577617168426514,,0.7577617168426514,
1202,9623,,,-0.6834840178489685,,0.6834840178489685,
1203,9631,,,-0.7197896242141724,,0.7197896242141724,
1204,9639,,,-0.7277771234512329,,0.7277771234512329,
1205,9647,,,-0.7247347831726074,,0.7247347831726074,
1206,9649,,,,-0.7152056694030762,,0.7152056694030762
1206,9655,,,-0.7564601302146912,,0.7564601302146912,
1207,9663,,,-0.731529176235199,,0.731529176235199,
1208,9671,,,-0.7270729541778564,,0.7270729541778564,
1209,9679,,,-0.73726487159729,,0.73726487159729,
1210,9687,,,-0.6949842572212219,,0.6949842572212219,
1211,9695,,,-0.744016706943512,,0.744016706943512,
1212,9699,,,,-0.5890932083129883,,0.5890932083129883
1212,9703,,,-0.727542519569397,,0.727542519569397,
1213,9711,,,-0.7319936156272888,,0.7319936156272888,
1214,9719,,,-0.7605032920837402,,0.7605032920837402,
1215,9727,,,-0.7187203168869019,,0.7187203168869019,
1216,9735,,,-0.7343431711196899,,0.7343431711196899,
1217,9743,,,-0.7650130391120911,,0.7650130391120911,
1218,9749,,,,-0.5428224802017212,,0.5428224802017212
1218,9751,,,-0.7668330669403076,,0.7668330669403076,
1219,9759,,,-0.7267284989356995,,0.7267284989356995,
1220,9767,,,-0.7308515906333923,,0.7308515906333923,
1221,9775,,,-0.7525715827941895,,0.7525715827941895,
1222,9783,,,-0.7470700144767761,,0.7470700144767761,
1223,9791,,,-0.7261769771575928,,0.7261769771575928,
1224,9799,,,,-0.8837524652481079,,0.8837524652481079
1224,9799,,,-0.7281360626220703,,0.7281360626220703,
1225,9807,,,-0.7080773711204529,,0.7080773711204529,
1226,9815,,,-0.748848021030426,,0.748848021030426,
1227,9823,,,-0.6955495476722717,,0.6955495476722717,
1228,9831,,,-0.7294869422912598,,0.7294869422912598,
1229,9839,,,-0.7081659436225891,,0.7081659436225891,
1230,9847,,,-0.7327631115913391,,0.7327631115913391,
1231,9849,,,,-0.8510959148406982,,0.8510959148406982
1231,9855,,,-0.7587984204292297,,0.7587984204292297,
1232,9863,,,-0.7159460186958313,,0.7159460186958313,
1233,9871,,,-0.7288214564323425,,0.7288214564323425,
1234,9879,,,-0.7343936562538147,,0.7343936562538147,
1235,9887,,,-0.7234600782394409,,0.7234600782394409,
1236,9895,,,-0.738309919834137,,0.738309919834137,
1237,9899,,,,-0.6265747547149658,,0.6265747547149658
1237,9903,,,-0.6768302917480469,,0.6768302917480469,
1238,9911,,,-0.7209351658821106,,0.7209351658821106,
1239,9919,,,-0.7223909497261047,,0.7223909497261047,
1240,9927,,,-0.7528293132781982,,0.7528293132781982,
1241,9935,,,-0.7441491484642029,,0.7441491484642029,
1242,9943,,,-0.7361170649528503,,0.7361170649528503,
1243,9949,,,,-0.8157247304916382,,0.8157247304916382
1243,9951,,,-0.6947795152664185,,0.6947795152664185,
1244,9959,,,-0.7175378203392029,,0.7175378203392029,
1245,9967,,,-0.7250254154205322,,0.7250254154205322,
1246,9975,,,-0.7423114776611328,,0.7423114776611328,
1247,9983,,,-0.7162682414054871,,0.7162682414054871,
1248,9991,,,-0.7175840735435486,,0.7175840735435486,
1249,9999,,,,-1.080306887626648,,1.080306887626648
1249,9999,,,-0.7158316373825073,,0.7158316373825073,
1250,10007,,,-0.7477812170982361,,0.7477812170982361,
1251,10015,,,-0.7224270701408386,,0.7224270701408386,
1252,10023,,,-0.7356345653533936,,0.7356345653533936,
1253,10031,,,-0.7215195894241333,,0.7215195894241333,
1254,10039,,,-0.7071874737739563,,0.7071874737739563,
1255,10047,,,-0.7229019403457642,,0.7229019403457642,
1256,10049,,,,-0.6042148470878601,,0.6042148470878601
1256,10055,,,-0.7657675743103027,,0.7657675743103027,
1257,10063,,,-0.7211068868637085,,0.7211068868637085,
1258,10071,,,-0.7071254849433899,,0.7071254849433899,
1259,10079,,,-0.7331250905990601,,0.7331250905990601,
1260,10087,,,-0.7788026332855225,,0.7788026332855225,
1261,10095,,,-0.7218397259712219,,0.7218397259712219,
1262,10099,,,,-0.7444238662719727,,0.7444238662719727
1262,10103,,,-0.7153336405754089,,0.7153336405754089,
1263,10111,,,-0.7101075053215027,,0.7101075053215027,
1264,10119,,,-0.7069955468177795,,0.7069955468177795,
1265,10127,,,-0.7437536716461182,,0.7437536716461182,
1266,10135,,,-0.7364799976348877,,0.7364799976348877,
1267,10143,,,-0.7285411357879639,,0.7285411357879639,
1268,10149,,,,-1.0439903736114502,,1.0439903736114502
1268,10151,,,-0.7808046340942383,,0.7808046340942383,
1269,10159,,,-0.7584051489830017,,0.7584051489830017,
1270,10167,,,-0.7262608408927917,,0.7262608408927917,
1271,10175,,,-0.6925548911094666,,0.6925548911094666,
1272,10183,,,-0.7179115414619446,,0.7179115414619446,
1273,10191,,,-0.7270503640174866,,0.7270503640174866,
1274,10199,,,,-0.9104570150375366,,0.9104570150375366
1274,10199,,,-0.6953944563865662,,0.6953944563865662,
1275,10207,,,-0.698305606842041,,0.698305606842041,
1276,10215,,,-0.7186336517333984,,0.7186336517333984,
1277,10223,,,-0.7479098439216614,,0.7479098439216614,
1278,10231,,,-0.7399477362632751,,0.7399477362632751,
1279,10239,,,-0.7194174528121948,,0.7194174528121948,
1280,10247,,,-0.7190130949020386,,0.7190130949020386,
1281,10249,,,,-0.7299654483795166,,0.7299654483795166
1281,10255,,,-0.7059670686721802,,0.7059670686721802,
1282,10263,,,-0.7002012133598328,,0.7002012133598328,
1283,10271,,,-0.7165923714637756,,0.7165923714637756,
1284,10279,,,-0.7197461724281311,,0.7197461724281311,
1285,10287,,,-0.7232211232185364,,0.7232211232185364,
1286,10295,,,-0.7223233580589294,,0.7223233580589294,
1287,10299,,,,-0.8910003900527954,,0.8910003900527954
1287,10303,,,-0.732551097869873,,0.732551097869873,
1288,10311,,,-0.7380518913269043,,0.7380518913269043,
1289,10319,,,-0.7168110609054565,,0.7168110609054565,
1290,10327,,,-0.7301504015922546,,0.7301504015922546,
1291,10335,,,-0.7138397097587585,,0.7138397097587585,
1292,10343,,,-0.6927688717842102,,0.6927688717842102,
1293,10349,,,,-0.24509185552597046,,0.24509185552597046
1293,10351,,,-0.7062276005744934,,0.7062276005744934,
1294,10359,,,-0.7611831426620483,,0.7611831426620483,
1295,10367,,,-0.7150712013244629,,0.7150712013244629,
1296,10375,,,-0.7469442486763,,0.7469442486763,
1297,10383,,,-0.7226080298423767,,0.7226080298423767,
1298,10391,,,-0.731586217880249,,0.731586217880249,
1299,10399,,,,-0.4472033381462097,,0.4472033381462097
1299,10399,,,-0.7212187647819519,,0.7212187647819519,
1300,10407,,,-0.7386327981948853,,0.7386327981948853,
1301,10415,,,-0.7435573935508728,,0.7435573935508728,
1302,10423,,,-0.7466781735420227,,0.7466781735420227,
1303,10431,,,-0.7071857452392578,,0.7071857452392578,
1304,10439,,,-0.7214194536209106,,0.7214194536209106,
1305,10447,,,-0.7915175557136536,,0.7915175557136536,
1306,10449,,,,-0.828134298324585,,0.828134298324585
1306,10455,,,-0.7012903094291687,,0.7012903094291687,
1307,10463,,,-0.7223241925239563,,0.7223241925239563,
1308,10471,,,-0.7448549866676331,,0.7448549866676331,
1309,10479,,,-0.7346822023391724,,0.7346822023391724,
1310,10487,,,-0.7259624600410461,,0.7259624600410461,
1311,10495,,,-0.725395679473877,,0.725395679473877,
1312,10499,,,,-0.46061551570892334,,0.46061551570892334
1312,10503,,,-0.7445124387741089,,0.7445124387741089,
1313,10511,,,-0.7250427007675171,,0.7250427007675171,
1314,10519,,,-0.719107449054718,,0.719107449054718,
1315,10527,,,-0.7209115624427795,,0.7209115624427795,
1316,10535,,,-0.7206473350524902,,0.7206473350524902,
1317,10543,,,-0.7481598258018494,,0.7481598258018494,
1318,10549,,,,-0.8421770334243774,,0.8421770334243774
1318,10551,,,-0.7241494059562683,,0.7241494059562683,
1319,10559,,,-0.7184609770774841,,0.7184609770774841,
1320,10567,,,-0.7630949020385742,,0.7630949020385742,
1321,10575,,,-0.7762009501457214,,0.7762009501457214,
1322,10583,,,-0.7475515604019165,,0.7475515604019165,
1323,10591,,,-0.7570462822914124,,0.7570462822914124,
1324,10599,,,,-0.9611730575561523,,0.9611730575561523
1324,10599,,,-0.7737492918968201,,0.7737492918968201,
1325,10607,,,-0.7615458965301514,,0.7615458965301514,
1326,10615,,,-0.765081524848938,,0.765081524848938,
1327,10623,,,-0.7267284393310547,,0.7267284393310547,
1328,10631,,,-0.7214675545692444,,0.7214675545692444,
1329,10639,,,-0.743552565574646,,0.743552565574646,
1330,10647,,,-0.6960636973381042,,0.6960636973381042,
1331,10649,,,,-0.6900408267974854,,0.6900408267974854
1331,10655,,,-0.7072514891624451,,0.7072514891624451,
1332,10663,,,-0.7042959928512573,,0.7042959928512573,
1333,10671,,,-0.7447414398193359,,0.7447414398193359,
1334,10679,,,-0.7232473492622375,,0.7232473492622375,
1335,10687,,,-0.7526282072067261,,0.7526282072067261,
1336,10695,,,-0.713019847869873,,0.713019847869873,
1337,10699,,,,-0.8520087003707886,,0.8520087003707886
1337,10703,,,-0.7245451211929321,,0.7245451211929321,
1338,10711,,,-0.7323399186134338,,0.7323399186134338,
1339,10719,,,-0.7397180199623108,,0.7397180199623108,
1340,10727,,,-0.7310073971748352,,0.7310073971748352,
1341,10735,,,-0.7456380128860474,,0.7456380128860474,
1342,10743,,,-0.7378118634223938,,0.7378118634223938,
1343,10749,,,,-1.02259361743927,,1.02259361743927
1343,10751,,,-0.7304843068122864,,0.7304843068122864,
1344,10759,,,-0.7279419302940369,,0.7279419302940369,
1345,10767,,,-0.7472983598709106,,0.7472983598709106,
1346,10775,,,-0.7491442561149597,,0.7491442561149597,
1347,10783,,,-0.8078250885009766,,0.8078250885009766,
1348,10791,,,-0.7288917303085327,,0.7288917303085327,
1349,10799,,,,-1.075735330581665,,1.075735330581665
1349,10799,,,-0.7418745160102844,,0.7418745160102844,
1350,10807,,,-0.750729501247406,,0.750729501247406,
1351,10815,,,-0.7394626140594482,,0.7394626140594482,
1352,10823,,,-0.7213611602783203,,0.7213611602783203,
1353,10831,,,-0.7062951326370239,,0.7062951326370239,
1354,10839,,,-0.7563931941986084,,0.7563931941986084,
1355,10847,,,-0.7577221989631653,,0.7577221989631653,
1356,10849,,,,-0.9911824464797974,,0.9911824464797974
1356,10855,,,-0.7107571959495544,,0.7107571959495544,
1357,10863,,,-0.735032320022583,,0.735032320022583,
1358,10871,,,-0.7278746962547302,,0.7278746962547302,
1359,10879,,,-0.7583754658699036,,0.7583754658699036,
1360,10887,,,-0.7792700529098511,,0.7792700529098511,
1361,10895,,,-0.7157276272773743,,0.7157276272773743,
1362,10899,,,,-0.291100412607193,,0.291100412607193
1362,10903,,,-0.7164364457130432,,0.7164364457130432,
1363,10911,,,-0.7249798774719238,,0.7249798774719238,
1364,10919,,,-0.7527669668197632,,0.7527669668197632,
1365,10927,,,-0.7185697555541992,,0.7185697555541992,
1366,10935,,,-0.706933319568634,,0.706933319568634,
1367,10943,,,-0.7663215398788452,,0.7663215398788452,
1368,10949,,,,-0.8104702830314636,,0.8104702830314636
1368,10951,,,-0.7181609272956848,,0.7181609272956848,
1369,10959,,,-0.7257452607154846,,0.7257452607154846,
1370,10967,,,-0.7358129024505615,,0.7358129024505615,
1371,10975,,,-0.7394458055496216,,0.7394458055496216,
1372,10983,,,-0.6966202855110168,,0.6966202855110168,
1373,10991,,,-0.7467955350875854,,0.7467955350875854,
1374,10999,,,,-0.8806977272033691,,0.8806977272033691
1374,10999,,,-0.7561190724372864,,0.7561190724372864,
1375,11007,,,-0.7163078188896179,,0.7163078188896179,
1376,11015,,,-0.7045295834541321,,0.7045295834541321,
1377,11023,,,-0.7667648792266846,,0.7667648792266846,
1378,11031,,,-0.7135791182518005,,0.7135791182518005,
1379,11039,,,-0.7391706109046936,,0.7391706109046936,
1380,11047,,,-0.719007134437561,,0.719007134437561,
1381,11049,,,,-0.971737265586853,,0.971737265586853
1381,11055,,,-0.7546699047088623,,0.7546699047088623,
1382,11063,,,-0.7565610408782959,,0.7565610408782959,
1383,11071,,,-0.7571039795875549,,0.7571039795875549,
1384,11079,,,-0.7620015144348145,,0.7620015144348145,
1385,11087,,,-0.7251205444335938,,0.7251205444335938,
1386,11095,,,-0.6752279996871948,,0.6752279996871948,
1387,11099,,,,-0.8759870529174805,,0.8759870529174805
1387,11103,,,-0.7775472402572632,,0.7775472402572632,
1388,11111,,,-0.7326353788375854,,0.7326353788375854,
1389,11119,,,-0.7239630222320557,,0.7239630222320557,
1390,11127,,,-0.7139173150062561,,0.7139173150062561,
1391,11135,,,-0.702512264251709,,0.702512264251709,
1392,11143,,,-0.7447938323020935,,0.7447938323020935,
1393,11149,,,,-0.498396098613739,,0.498396098613739
1393,11151,,,-0.7403544187545776,,0.7403544187545776,
1394,11159,,,-0.7467198967933655,,0.7467198967933655,
1395,11167,,,-0.7186486721038818,,0.7186486721038818,
1396,11175,,,-0.7022596597671509,,0.7022596597671509,
1397,11183,,,-0.7082366943359375,,0.7082366943359375,
1398,11191,,,-0.7089924812316895,,0.7089924812316895,
1399,11199,,,,-0.23849591612815857,,0.23849591612815857
1399,11199,,,-0.7432174682617188,,0.7432174682617188,
1400,11207,,,-0.7611952424049377,,0.7611952424049377,
1401,11215,,,-0.7363699674606323,,0.7363699674606323,
1402,11223,,,-0.7513781189918518,,0.7513781189918518,
1403,11231,,,-0.7499131560325623,,0.7499131560325623,
1404,11239,,,-0.7326495051383972,,0.7326495051383972,
1405,11247,,,-0.7353874444961548,,0.7353874444961548,
1406,11249,,,,-0.8822121024131775,,0.8822121024131775
1406,11255,,,-0.7485007643699646,,0.7485007643699646,
1407,11263,,,-0.7225210666656494,,0.7225210666656494,
1408,11271,,,-0.7337300777435303,,0.7337300777435303,
1409,11279,,,-0.7050115466117859,,0.7050115466117859,
1410,11287,,,-0.7526886463165283,,0.7526886463165283,
1411,11295,,,-0.7245360016822815,,0.7245360016822815,
1412,11299,,,,-0.17453131079673767,,0.17453131079673767
1412,11303,,,-0.7277681827545166,,0.7277681827545166,
1413,11311,,,-0.7602999210357666,,0.7602999210357666,
1414,11319,,,-0.7316704392433167,,0.7316704392433167,
1415,11327,,,-0.7399832010269165,,0.7399832010269165,
1416,11335,,,-0.7170550227165222,,0.7170550227165222,
1417,11343,,,-0.7202173471450806,,0.7202173471450806,
1418,11349,,,,-0.6439794301986694,,0.6439794301986694
1418,11351,,,-0.6956394910812378,,0.6956394910812378,
1419,11359,,,-0.7324212193489075,,0.7324212193489075,
1420,11367,,,-0.7166179418563843,,0.7166179418563843,
1421,11375,,,-0.7316409945487976,,0.7316409945487976,
1422,11383,,,-0.7513397336006165,,0.7513397336006165,
1423,11391,,,-0.7453875541687012,,0.7453875541687012,
1424,11399,,,,-0.4949074387550354,,0.4949074387550354
1424,11399,,,-0.7643079161643982,,0.7643079161643982,
1425,11407,,,-0.7288429141044617,,0.7288429141044617,
1426,11415,,,-0.6950674653053284,,0.6950674653053284,
1427,11423,,,-0.7163388729095459,,0.7163388729095459,
1428,11431,,,-0.7296032309532166,,0.7296032309532166,
1429,11439,,,-0.7075835466384888,,0.7075835466384888,
1430,11447,,,-0.7095837593078613,,0.7095837593078613,
1431,11449,,,,-0.7113316059112549,,0.7113316059112549
1431,11455,,,-0.7611440420150757,,0.7611440420150757,
1432,11463,,,-0.7795441746711731,,0.7795441746711731,
1433,11471,,,-0.7364212870597839,,0.7364212870597839,
1434,11479,,,-0.7172731161117554,,0.7172731161117554,
1435,11487,,,-0.7393483519554138,,0.7393483519554138,
1436,11495,,,-0.745499312877655,,0.745499312877655,
1437,11499,,,,-0.8750116229057312,,0.8750116229057312
1437,11503,,,-0.7239912152290344,,0.7239912152290344,
1438,11511,,,-0.7514566779136658,,0.7514566779136658,
1439,11519,,,-0.723671555519104,,0.723671555519104,
1440,11527,,,-0.7376956343650818,,0.7376956343650818,
1441,11535,,,-0.7308770418167114,,0.7308770418167114,
1442,11543,,,-0.741970956325531,,0.741970956325531,
1443,11549,,,,-0.663895308971405,,0.663895308971405
1443,11551,,,-0.7309420108795166,,0.7309420108795166,
1444,11559,,,-0.7698021531105042,,0.7698021531105042,
1445,11567,,,-0.7510920763015747,,0.7510920763015747,
1446,11575,,,-0.7093621492385864,,0.7093621492385864,
1447,11583,,,-0.7576826214790344,,0.7576826214790344,
1448,11591,,,-0.6967726349830627,,0.6967726349830627,
1449,11599,,,,-0.48092591762542725,,0.48092591762542725
1449,11599,,,-0.7174535989761353,,0.7174535989761353,
1450,11607,,,-0.751947820186615,,0.751947820186615,
1451,11615,,,-0.7678440809249878,,0.7678440809249878,
1452,11623,,,-0.7371010184288025,,0.7371010184288025,
1453,11631,,,-0.7157922983169556,,0.7157922983169556,
1454,11639,,,-0.73322594165802,,0.73322594165802,
1455,11647,,,-0.7435970902442932,,0.7435970902442932,
1456,11649,,,,-0.6597143411636353,,0.6597143411636353
1456,11655,,,-0.7227295637130737,,0.7227295637130737,
1457,11663,,,-0.7644202709197998,,0.7644202709197998,
1458,11671,,,-0.7559850811958313,,0.7559850811958313,
1459,11679,,,-0.7324016094207764,,0.7324016094207764,
1460,11687,,,-0.6986880898475647,,0.6986880898475647,
1461,11695,,,-0.705062985420227,,0.705062985420227,
1462,11699,,,,-1.143923282623291,,1.143923282623291
1462,11703,,,-0.7773776650428772,,0.7773776650428772,
1463,11711,,,-0.7697498798370361,,0.7697498798370361,
1464,11719,,,-0.7121610045433044,,0.7121610045433044,
1465,11727,,,-0.72357177734375,,0.72357177734375,
1466,11735,,,-0.7242062091827393,,0.7242062091827393,
1467,11743,,,-0.7449509501457214,,0.7449509501457214,
1468,11749,,,,-0.8265142440795898,,0.8265142440795898
1468,11751,,,-0.7452137470245361,,0.7452137470245361,
1469,11759,,,-0.7487528324127197,,0.7487528324127197,
1470,11767,,,-0.7430251836776733,,0.7430251836776733,
1471,11775,,,-0.7482355237007141,,0.7482355237007141,
1472,11783,,,-0.7448363900184631,,0.7448363900184631,
1473,11791,,,-0.7056382298469543,,0.7056382298469543,
1474,11799,,,,-0.7401311993598938,,0.7401311993598938
1474,11799,,,-0.7404759526252747,,0.7404759526252747,
1475,11807,,,-0.7268205881118774,,0.7268205881118774,
1476,11815,,,-0.7543036937713623,,0.7543036937713623,
1477,11823,,,-0.7038691639900208,,0.7038691639900208,
1478,11831,,,-0.7136783599853516,,0.7136783599853516,
1479,11839,,,-0.7367333769798279,,0.7367333769798279,
1480,11847,,,-0.7345308065414429,,0.7345308065414429,
1481,11849,,,,-0.9030423164367676,,0.9030423164367676
1481,11855,,,-0.7438850998878479,,0.7438850998878479,
1482,11863,,,-0.7492468357086182,,0.7492468357086182,
1483,11871,,,-0.7066300511360168,,0.7066300511360168,
1484,11879,,,-0.7351545095443726,,0.7351545095443726,
1485,11887,,,-0.7406591176986694,,0.7406591176986694,
1486,11895,,,-0.7288625240325928,,0.7288625240325928,
1487,11899,,,,-0.7373831868171692,,0.7373831868171692
1487,11903,,,-0.7333535552024841,,0.7333535552024841,
1488,11911,,,-0.7186310887336731,,0.7186310887336731,
1489,11919,,,-0.783934473991394,,0.783934473991394,
1490,11927,,,-0.7245076298713684,,0.7245076298713684,
1491,11935,,,-0.7408419251441956,,0.7408419251441956,
1492,11943,,,-0.7275459170341492,,0.7275459170341492,
1493,11949,,,,-0.872035801410675,,0.872035801410675
1493,11951,,,-0.7450411319732666,,0.7450411319732666,
1494,11959,,,-0.6908773183822632,,0.6908773183822632,
1495,11967,,,-0.7172901034355164,,0.7172901034355164,
1496,11975,,,-0.7404307723045349,,0.7404307723045349,
1497,11983,,,-0.7987948060035706,,0.7987948060035706,
1498,11991,,,-0.7284641265869141,,0.7284641265869141,
1499,11999,,,,-0.9816665053367615,,0.9816665053367615
1499,11999,,,-0.7348646521568298,,0.7348646521568298,
1500,12007,,,-0.7674165368080139,,0.7674165368080139,
1501,12015,,,-0.7026987075805664,,0.7026987075805664,
1502,12023,,,-0.7070894241333008,,0.7070894241333008,
1503,12031,,,-0.7316030263900757,,0.7316030263900757,
1504,12039,,,-0.7109490633010864,,0.7109490633010864,
1505,12047,,,-0.7209259271621704,,0.7209259271621704,
1506,12049,,,,-1.114781141281128,,1.114781141281128
1506,12055,,,-0.742293655872345,,0.742293655872345,
1507,12063,,,-0.7267903685569763,,0.7267903685569763,
1508,12071,,,-0.7061020731925964,,0.7061020731925964,
1509,12079,,,-0.7464412450790405,,0.7464412450790405,
1510,12087,,,-0.7205383777618408,,0.7205383777618408,
1511,12095,,,-0.724429190158844,,0.724429190158844,
1512,12099,,,,-0.9752963185310364,,0.9752963185310364
1512,12103,,,-0.6979220509529114,,0.6979220509529114,
1513,12111,,,-0.751837968826294,,0.751837968826294,
1514,12119,,,-0.7388083338737488,,0.7388083338737488,
1515,12127,,,-0.7305893898010254,,0.7305893898010254,
1516,12135,,,-0.7205032706260681,,0.7205032706260681,
1517,12143,,,-0.8042194843292236,,0.8042194843292236,
1518,12149,,,,-0.6661453247070312,,0.6661453247070312
1518,12151,,,-0.723889172077179,,0.723889172077179,
1519,12159,,,-0.7526528239250183,,0.7526528239250183,
1520,12167,,,-0.7428830862045288,,0.7428830862045288,
1521,12175,,,-0.7428255081176758,,0.7428255081176758,
1522,12183,,,-0.7250846028327942,,0.7250846028327942,
1523,12191,,,-0.6940013766288757,,0.6940013766288757,
1524,12199,,,,-0.8811909556388855,,0.8811909556388855
1524,12199,,,-0.7080669403076172,,0.7080669403076172,
1525,12207,,,-0.7420792579650879,,0.7420792579650879,
1526,12215,,,-0.7147176861763,,0.7147176861763,
1527,12223,,,-0.7378608584403992,,0.7378608584403992,
1528,12231,,,-0.7117282152175903,,0.7117282152175903,
1529,12239,,,-0.7241557240486145,,0.7241557240486145,
1530,12247,,,-0.7148679494857788,,0.7148679494857788,
1531,12249,,,,-0.3868635296821594,,0.3868635296821594
1531,12255,,,-0.754568338394165,,0.754568338394165,
1532,12263,,,-0.7194505929946899,,0.7194505929946899,
1533,12271,,,-0.7373444437980652,,0.7373444437980652,
1534,12279,,,-0.7195003032684326,,0.7195003032684326,
1535,12287,,,-0.7302659749984741,,0.7302659749984741,
1536,12295,,,-0.7114551663398743,,0.7114551663398743,
1537,12299,,,,-0.7640663385391235,,0.7640663385391235
1537,12303,,,-0.7602812051773071,,0.7602812051773071,
1538,12311,,,-0.75075364112854,,0.75075364112854,
1539,12319,,,-0.7489250898361206,,0.7489250898361206,
1540,12327,,,-0.7462848424911499,,0.7462848424911499,
1541,12335,,,-0.750632643699646,,0.750632643699646,
1542,12343,,,-0.7272942662239075,,0.7272942662239075,
1543,12349,,,,-0.6167106032371521,,0.6167106032371521
1543,12351,,,-0.7208652496337891,,0.7208652496337891,
1544,12359,,,-0.7411797642707825,,0.7411797642707825,
1545,12367,,,-0.7101072072982788,,0.7101072072982788,
1546,12375,,,-0.7551619410514832,,0.7551619410514832,
1547,12383,,,-0.7680536508560181,,0.7680536508560181,
1548,12391,,,-0.7137710452079773,,0.7137710452079773,
1549,12399,,,,-0.9617832899093628,,0.9617832899093628
1549,12399,,,-0.7152698040008545,,0.7152698040008545,
1550,12407,,,-0.79286789894104,,0.79286789894104,
1551,12415,,,-0.7654571533203125,,0.7654571533203125,
1552,12423,,,-0.795748233795166,,0.795748233795166,
1553,12431,,,-0.712739884853363,,0.712739884853363,
1554,12439,,,-0.7392241954803467,,0.7392241954803467,
1555,12447,,,-0.7308345437049866,,0.7308345437049866,
1556,12449,,,,-1.034996747970581,,1.034996747970581
1556,12455,,,-0.6964924931526184,,0.6964924931526184,
1557,12463,,,-0.7107009291648865,,0.7107009291648865,
1558,12471,,,-0.7407921552658081,,0.7407921552658081,
1559,12479,,,-0.7237154245376587,,0.7237154245376587,
1560,12487,,,-0.725497305393219,,0.725497305393219,
1561,12495,,,-0.7537726759910583,,0.7537726759910583,
1562,12499,,,,-0.977112889289856,,0.977112889289856
1562,12503,,,-0.7904590964317322,,0.7904590964317322,
1563,12511,,,-0.7377065420150757,,0.7377065420150757,
1564,12519,,,-0.7523632645606995,,0.7523632645606995,
1565,12527,,,-0.7604902386665344,,0.7604902386665344,
1566,12535,,,-0.7539822459220886,,0.7539822459220886,
1567,12543,,,-0.6998896598815918,,0.6998896598815918,
1568,12549,,,,-0.6169900298118591,,0.6169900298118591
1568,12551,,,-0.7439632415771484,,0.7439632415771484,
1569,12559,,,-0.7586001753807068,,0.7586001753807068,
1570,12567,,,-0.7795223593711853,,0.7795223593711853,
1571,12575,,,-0.730616569519043,,0.730616569519043,
1572,12583,,,-0.7316595315933228,,0.7316595315933228,
1573,12591,,,-0.783292293548584,,0.783292293548584,
1574,12599,,,,-0.746112585067749,,0.746112585067749
1574,12599,,,-0.7112141251564026,,0.7112141251564026,
1575,12607,,,-0.783989429473877,,0.783989429473877,
1576,12615,,,-0.7453889846801758,,0.7453889846801758,
1577,12623,,,-0.7518006563186646,,0.7518006563186646,
1578,12631,,,-0.708448588848114,,0.708448588848114,
1579,12639,,,-0.7192543148994446,,0.7192543148994446,
1580,12647,,,-0.7415862083435059,,0.7415862083435059,
1581,12649,,,,-0.554015576839447,,0.554015576839447
1581,12655,,,-0.7250084280967712,,0.7250084280967712,
1582,12663,,,-0.7067385315895081,,0.7067385315895081,
1583,12671,,,-0.7771684527397156,,0.7771684527397156,
1584,12679,,,-0.7135729193687439,,0.7135729193687439,
1585,12687,,,-0.7698989510536194,,0.7698989510536194,
1586,12695,,,-0.7459521293640137,,0.7459521293640137,
1587,12699,,,,-0.42017850279808044,,0.42017850279808044
1587,12703,,,-0.7389199733734131,,0.7389199733734131,
1588,12711,,,-0.7744547128677368,,0.7744547128677368,
1589,12719,,,-0.7062466740608215,,0.7062466740608215,
1590,12727,,,-0.7622395753860474,,0.7622395753860474,
1591,12735,,,-0.7400263547897339,,0.7400263547897339,
1592,12743,,,-0.7429025173187256,,0.7429025173187256,
1593,12749,,,,-0.8324680328369141,,0.8324680328369141
1593,12751,,,-0.7696802020072937,,0.7696802020072937,
1594,12759,,,-0.6976293921470642,,0.6976293921470642,
1595,12767,,,-0.7689067125320435,,0.7689067125320435,
1596,12775,,,-0.7326799631118774,,0.7326799631118774,
1597,12783,,,-0.7144531011581421,,0.7144531011581421,
1598,12791,,,-0.7166715264320374,,0.7166715264320374,
1599,12799,,,,-0.6609457731246948,,0.6609457731246948
1599,12799,,,-0.7385485172271729,,0.7385485172271729,
1600,12807,,,-0.7640511393547058,,0.7640511393547058,
1601,12815,,,-0.7292694449424744,,0.7292694449424744,
1602,12823,,,-0.7188262939453125,,0.7188262939453125,
1603,12831,,,-0.7445110082626343,,0.7445110082626343,
1604,12839,,,-0.7672603726387024,,0.7672603726387024,
1605,12847,,,-0.7409582734107971,,0.7409582734107971,
1606,12849,,,,-0.6458845138549805,,0.6458845138549805
1606,12855,,,-0.748885452747345,,0.748885452747345,
1607,12863,,,-0.7697911858558655,,0.7697911858558655,
1608,12871,,,-0.7667735815048218,,0.7667735815048218,
1609,12879,,,-0.7883654236793518,,0.7883654236793518,
1610,12887,,,-0.7530637979507446,,0.7530637979507446,
1611,12895,,,-0.7440994381904602,,0.7440994381904602,
1612,12899,,,,-1.1107490062713623,,1.1107490062713623
1612,12903,,,-0.7258231043815613,,0.7258231043815613,
1613,12911,,,-0.766409695148468,,0.766409695148468,
1614,12919,,,-0.7612460851669312,,0.7612460851669312,
1615,12927,,,-0.8019185066223145,,0.8019185066223145,
1616,12935,,,-0.7783901691436768,,0.7783901691436768,
1617,12943,,,-0.7305457592010498,,0.7305457592010498,
1618,12949,,,,-0.1651265025138855,,0.1651265025138855
1618,12951,,,-0.7576257586479187,,0.7576257586479187,
1619,12959,,,-0.7342514395713806,,0.7342514395713806,
1620,12967,,,-0.7332279682159424,,0.7332279682159424,
1621,12975,,,-0.760196328163147,,0.760196328163147,
1622,12983,,,-0.7386788129806519,,0.7386788129806519,
1623,12991,,,-0.7349745035171509,,0.7349745035171509,
1624,12999,,,,-0.7333574891090393,,0.7333574891090393
1624,12999,,,-0.743752658367157,,0.743752658367157,
1625,13007,,,-0.7860227823257446,,0.7860227823257446,
1626,13015,,,-0.7307900190353394,,0.7307900190353394,
1627,13023,,,-0.7769560217857361,,0.7769560217857361,
1628,13031,,,-0.7497350573539734,,0.7497350573539734,
1629,13039,,,-0.7433589100837708,,0.7433589100837708,
1630,13047,,,-0.7514420747756958,,0.7514420747756958,
1631,13049,,,,-0.5846977829933167,,0.5846977829933167
1631,13055,,,-0.7530202865600586,,0.7530202865600586,
1632,13063,,,-0.7354013919830322,,0.7354013919830322,
1633,13071,,,-0.743747889995575,,0.743747889995575,
1634,13079,,,-0.7348634600639343,,0.7348634600639343,
1635,13087,,,-0.7330963015556335,,0.7330963015556335,
1636,13095,,,-0.7213689088821411,,0.7213689088821411,
1637,13099,,,,-0.9286543130874634,,0.9286543130874634
1637,13103,,,-0.7459107637405396,,0.7459107637405396,
1638,13111,,,-0.7208250761032104,,0.7208250761032104,
1639,13119,,,-0.7896146774291992,,0.7896146774291992,
1640,13127,,,-0.7070387005805969,,0.7070387005805969,
1641,13135,,,-0.7339606881141663,,0.7339606881141663,
1642,13143,,,-0.7740728259086609,,0.7740728259086609,
1643,13149,,,,-0.3199237883090973,,0.3199237883090973
1643,13151,,,-0.7238037586212158,,0.7238037586212158,
1644,13159,,,-0.7431066632270813,,0.7431066632270813,
1645,13167,,,-0.7467120885848999,,0.7467120885848999,
1646,13175,,,-0.727457582950592,,0.727457582950592,
1647,13183,,,-0.7472401261329651,,0.7472401261329651,
1648,13191,,,-0.7704944610595703,,0.7704944610595703,
1649,13199,,,,-0.9850161671638489,,0.9850161671638489
1649,13199,,,-0.7759146690368652,,0.7759146690368652,
1650,13207,,,-0.7314159274101257,,0.7314159274101257,
1651,13215,,,-0.7530393600463867,,0.7530393600463867,
1652,13223,,,-0.7819766402244568,,0.7819766402244568,
1653,13231,,,-0.7564690709114075,,0.7564690709114075,
1654,13239,,,-0.7558940052986145,,0.7558940052986145,
1655,13247,,,-0.7298285365104675,,0.7298285365104675,
1656,13249,,,,-0.8368686437606812,,0.8368686437606812
1656,13255,,,-0.7214837074279785,,0.7214837074279785,
1657,13263,,,-0.7520049810409546,,0.7520049810409546,
1658,13271,,,-0.7927031517028809,,0.7927031517028809,
1659,13279,,,-0.7388349771499634,,0.7388349771499634,
1660,13287,,,-0.7368376851081848,,0.7368376851081848,
1661,13295,,,-0.7454994320869446,,0.7454994320869446,
1662,13299,,,,-0.3250497579574585,,0.3250497579574585
1662,13303,,,-0.7299673557281494,,0.7299673557281494,
1663,13311,,,-0.7329350709915161,,0.7329350709915161,
1664,13319,,,-0.7539027333259583,,0.7539027333259583,
1665,13327,,,-0.715708315372467,,0.715708315372467,
1666,13335,,,-0.768092155456543,,0.768092155456543,
1667,13343,,,-0.7232679724693298,,0.7232679724693298,
1668,13349,,,,-0.7296549081802368,,0.7296549081802368
1668,13351,,,-0.7597823739051819,,0.7597823739051819,
1669,13359,,,-0.7007784843444824,,0.7007784843444824,
1670,13367,,,-0.7602776288986206,,0.7602776288986206,
1671,13375,,,-0.7774926424026489,,0.7774926424026489,
1672,13383,,,-0.7427920699119568,,0.7427920699119568,
1673,13391,,,-0.7419884204864502,,0.7419884204864502,
1674,13399,,,,-0.6264864802360535,,0.6264864802360535
1674,13399,,,-0.7637553811073303,,0.7637553811073303,
1675,13407,,,-0.7207910418510437,,0.7207910418510437,
1676,13415,,,-0.7561483383178711,,0.7561483383178711,
1677,13423,,,-0.7409959435462952,,0.7409959435462952,
1678,13431,,,-0.7503560185432434,,0.7503560185432434,
1679,13439,,,-0.7501158714294434,,0.7501158714294434,
1680,13447,,,-0.7333430051803589,,0.7333430051803589,
1681,13449,,,,-0.6640707850456238,,0.6640707850456238
1681,13455,,,-0.7026251554489136,,0.7026251554489136,
1682,13463,,,-0.7616521716117859,,0.7616521716117859,
1683,13471,,,-0.7336713075637817,,0.7336713075637817,
1684,13479,,,-0.7188700437545776,,0.7188700437545776,
1685,13487,,,-0.7512586712837219,,0.7512586712837219,
1686,13495,,,-0.7475006580352783,,0.7475006580352783,
1687,13499,,,,-1.0185794830322266,,1.0185794830322266
1687,13503,,,-0.7728378176689148,,0.7728378176689148,
1688,13511,,,-0.7608694434165955,,0.7608694434165955,
1689,13519,,,-0.7460940480232239,,0.7460940480232239,
1690,13527,,,-0.7201379537582397,,0.7201379537582397,
1691,13535,,,-0.7226613163948059,,0.7226613163948059,
1692,13543,,,-0.7455364465713501,,0.7455364465713501,
1693,13549,,,,-0.7588775157928467,,0.7588775157928467
1693,13551,,,-0.7355914115905762,,0.7355914115905762,
1694,13559,,,-0.7092219591140747,,0.7092219591140747,
1695,13567,,,-0.7629612684249878,,0.7629612684249878,
1696,13575,,,-0.7340891361236572,,0.7340891361236572,
1697,13583,,,-0.7521304488182068,,0.7521304488182068,
1698,13591,,,-0.7678438425064087,,0.7678438425064087,
1699,13599,,,,-0.5845990180969238,,0.5845990180969238
1699,13599,,,-0.7484891414642334,,0.7484891414642334,
1700,13607,,,-0.7761783003807068,,0.7761783003807068,
1701,13615,,,-0.7906298637390137,,0.7906298637390137,
1702,13623,,,-0.7497244477272034,,0.7497244477272034,
1703,13631,,,-0.7304339408874512,,0.7304339408874512,
1704,13639,,,-0.7095133662223816,,0.7095133662223816,
1705,13647,,,-0.7595590949058533,,0.7595590949058533,
1706,13649,,,,-0.7116900086402893,,0.7116900086402893
1706,13655,,,-0.7449795603752136,,0.7449795603752136,
1707,13663,,,-0.7612146139144897,,0.7612146139144897,
1708,13671,,,-0.7482122778892517,,0.7482122778892517,
1709,13679,,,-0.7451165318489075,,0.7451165318489075,
1710,13687,,,-0.7591932415962219,,0.7591932415962219,
1711,13695,,,-0.7318556308746338,,0.7318556308746338,
1712,13699,,,,-0.8471513390541077,,0.8471513390541077
1712,13703,,,-0.7630670070648193,,0.7630670070648193,
1713,13711,,,-0.7552770376205444,,0.7552770376205444,
1714,13719,,,-0.7383421063423157,,0.7383421063423157,
1715,13727,,,-0.7276076078414917,,0.7276076078414917,
1716,13735,,,-0.7374304533004761,,0.7374304533004761,
1717,13743,,,-0.783432126045227,,0.783432126045227,
1718,13749,,,,-0.9318286180496216,,0.9318286180496216
1718,13751,,,-0.7354696393013,,0.7354696393013,
1719,13759,,,-0.7566838264465332,,0.7566838264465332,
1720,13767,,,-0.7481401562690735,,0.7481401562690735,
1721,13775,,,-0.7723000645637512,,0.7723000645637512,
1722,13783,,,-0.7725634574890137,,0.7725634574890137,
1723,13791,,,-0.7587969899177551,,0.7587969899177551,
1724,13799,,,,-0.3694949746131897,,0.3694949746131897
1724,13799,,,-0.7420058846473694,,0.7420058846473694,
1725,13807,,,-0.7565003037452698,,0.7565003037452698,
1726,13815,,,-0.7500256299972534,,0.7500256299972534,
1727,13823,,,-0.7463857531547546,,0.7463857531547546,
1728,13831,,,-0.7227610945701599,,0.7227610945701599,
1729,13839,,,-0.7521435022354126,,0.7521435022354126,
1730,13847,,,-0.7652074098587036,,0.7652074098587036,
1731,13849,,,,-0.754917562007904,,0.754917562007904
1731,13855,,,-0.7380785346031189,,0.7380785346031189,
1732,13863,,,-0.7293246388435364,,0.7293246388435364,
1733,13871,,,-0.715592086315155,,0.715592086315155,
1734,13879,,,-0.7615358233451843,,0.7615358233451843,
1735,13887,,,-0.7305170297622681,,0.7305170297622681,
1736,13895,,,-0.7363995313644409,,0.7363995313644409,
1737,13899,,,,-0.8785511255264282,,0.8785511255264282
1737,13903,,,-0.7394300103187561,,0.7394300103187561,
1738,13911,,,-0.7321882843971252,,0.7321882843971252,
1739,13919,,,-0.7223255634307861,,0.7223255634307861,
1740,13927,,,-0.7262285947799683,,0.7262285947799683,
1741,13935,,,-0.7849537134170532,,0.7849537134170532,
1742,13943,,,-0.7517315149307251,,0.7517315149307251,
1743,13949,,,,-0.6390611529350281,,0.6390611529350281
1743,13951,,,-0.7572661638259888,,0.7572661638259888,
1744,13959,,,-0.7323146462440491,,0.7323146462440491,
1745,13967,,,-0.7576348185539246,,0.7576348185539246,
1746,13975,,,-0.7367037534713745,,0.7367037534713745,
1747,13983,,,-0.7129234671592712,,0.7129234671592712,
1748,13991,,,-0.7217352390289307,,0.7217352390289307,
1749,13999,,,,-0.629934549331665,,0.629934549331665
1749,13999,,,-0.6887642741203308,,0.6887642741203308,
1750,14007,,,-0.7381120324134827,,0.7381120324134827,
1751,14015,,,-0.7683473825454712,,0.7683473825454712,
1752,14023,,,-0.737185537815094,,0.737185537815094,
1753,14031,,,-0.7277772426605225,,0.7277772426605225,
1754,14039,,,-0.7492409944534302,,0.7492409944534302,
1755,14047,,,-0.7930304408073425,,0.7930304408073425,
1756,14049,,,,-1.0940918922424316,,1.0940918922424316
1756,14055,,,-0.7267305254936218,,0.7267305254936218,
1757,14063,,,-0.7417218089103699,,0.7417218089103699,
1758,14071,,,-0.7542924880981445,,0.7542924880981445,
1759,14079,,,-0.7382218837738037,,0.7382218837738037,
1760,14087,,,-0.7329708337783813,,0.7329708337783813,
1761,14095,,,-0.7739761471748352,,0.7739761471748352,
1762,14099,,,,-0.7249622344970703,,0.7249622344970703
1762,14103,,,-0.7809306979179382,,0.7809306979179382,
1763,14111,,,-0.7439335584640503,,0.7439335584640503,
1764,14119,,,-0.7392144799232483,,0.7392144799232483,
1765,14127,,,-0.7345684170722961,,0.7345684170722961,
1766,14135,,,-0.7035369277000427,,0.7035369277000427,
1767,14143,,,-0.7704774141311646,,0.7704774141311646,
1768,14149,,,,-0.3238333463668823,,0.3238333463668823
1768,14151,,,-0.7345103025436401,,0.7345103025436401,
1769,14159,,,-0.7325714230537415,,0.7325714230537415,
1770,14167,,,-0.7420251369476318,,0.7420251369476318,
1771,14175,,,-0.7608946561813354,,0.7608946561813354,
1772,14183,,,-0.7434886693954468,,0.7434886693954468,
1773,14191,,,-0.7690865993499756,,0.7690865993499756,
1774,14199,,,,-0.9403599500656128,,0.9403599500656128
1774,14199,,,-0.7351658344268799,,0.7351658344268799,
1775,14207,,,-0.757190465927124,,0.757190465927124,
1776,14215,,,-0.7205820679664612,,0.7205820679664612,
1777,14223,,,-0.7625728249549866,,0.7625728249549866,
1778,14231,,,-0.7720392346382141,,0.7720392346382141,
1779,14239,,,-0.7753528952598572,,0.7753528952598572,
1780,14247,,,-0.7611691951751709,,0.7611691951751709,
1781,14249,,,,-0.5673208236694336,,0.5673208236694336
1781,14255,,,-0.7418975830078125,,0.7418975830078125,
1782,14263,,,-0.7557277679443359,,0.7557277679443359,
1783,14271,,,-0.7711843848228455,,0.7711843848228455,
1784,14279,,,-0.7665566802024841,,0.7665566802024841,
1785,14287,,,-0.7211368680000305,,0.7211368680000305,
1786,14295,,,-0.7432770133018494,,0.7432770133018494,
1787,14299,,,,-0.6701744198799133,,0.6701744198799133
1787,14303,,,-0.7662635445594788,,0.7662635445594788,
1788,14311,,,-0.7515026926994324,,0.7515026926994324,
1789,14319,,,-0.712485671043396,,0.712485671043396,
1790,14327,,,-0.7583109140396118,,0.7583109140396118,
1791,14335,,,-0.721733808517456,,0.721733808517456,
1792,14343,,,-0.7833328247070312,,0.7833328247070312,
1793,14349,,,,-0.8854824304580688,,0.8854824304580688
1793,14351,,,-0.7569091320037842,,0.7569091320037842,
1794,14359,,,-0.7712141871452332,,0.7712141871452332,
1795,14367,,,-0.741793155670166,,0.741793155670166,
1796,14375,,,-0.7855401635169983,,0.7855401635169983,
1797,14383,,,-0.7355703115463257,,0.7355703115463257,
1798,14391,,,-0.761285662651062,,0.761285662651062,
1799,14399,,,,-0.275571346282959,,0.275571346282959
1799,14399,,,-0.7530027627944946,,0.7530027627944946,
1800,14407,,,-0.7424207925796509,,0.7424207925796509,
1801,14415,,,-0.7355777025222778,,0.7355777025222778,
1802,14423,,,-0.8055313229560852,,0.8055313229560852,
1803,14431,,,-0.7740822434425354,,0.7740822434425354,
1804,14439,,,-0.7564833760261536,,0.7564833760261536,
1805,14447,,,-0.7295103669166565,,0.7295103669166565,
1806,14449,,,,-0.8890036344528198,,0.8890036344528198
1806,14455,,,-0.7307799458503723,,0.7307799458503723,
1807,14463,,,-0.7653669714927673,,0.7653669714927673,
1808,14471,,,-0.7339088320732117,,0.7339088320732117,
1809,14479,,,-0.7446916103363037,,0.7446916103363037,
1810,14487,,,-0.7458742260932922,,0.7458742260932922,
1811,14495,,,-0.7537684440612793,,0.7537684440612793,
1812,14499,,,,-0.8822651505470276,,0.8822651505470276
1812,14503,,,-0.7718055844306946,,0.7718055844306946,
1813,14511,,,-0.7756936550140381,,0.7756936550140381,
1814,14519,,,-0.7419977784156799,,0.7419977784156799,
1815,14527,,,-0.7246125936508179,,0.7246125936508179,
1816,14535,,,-0.7257755994796753,,0.7257755994796753,
1817,14543,,,-0.7416704893112183,,0.7416704893112183,
1818,14549,,,,-0.8424535989761353,,0.8424535989761353
1818,14551,,,-0.7631043791770935,,0.7631043791770935,
1819,14559,,,-0.7591851949691772,,0.7591851949691772,
1820,14567,,,-0.7969730496406555,,0.7969730496406555,
1821,14575,,,-0.7552626729011536,,0.7552626729011536,
1822,14583,,,-0.7566145062446594,,0.7566145062446594,
1823,14591,,,-0.7800287008285522,,0.7800287008285522,
1824,14599,,,,-1.0481396913528442,,1.0481396913528442
1824,14599,,,-0.7848056554794312,,0.7848056554794312,
1825,14607,,,-0.7273576259613037,,0.7273576259613037,
1826,14615,,,-0.7386685013771057,,0.7386685013771057,
1827,14623,,,-0.7432053685188293,,0.7432053685188293,
1828,14631,,,-0.7489830851554871,,0.7489830851554871,
1829,14639,,,-0.7473121285438538,,0.7473121285438538,
1830,14647,,,-0.7243250608444214,,0.7243250608444214,
1831,14649,,,,-0.8573392033576965,,0.8573392033576965
1831,14655,,,-0.74904465675354,,0.74904465675354,
1832,14663,,,-0.7652499079704285,,0.7652499079704285,
1833,14671,,,-0.748970091342926,,0.748970091342926,
1834,14679,,,-0.7241029143333435,,0.7241029143333435,
1835,14687,,,-0.7764174938201904,,0.7764174938201904,
1836,14695,,,-0.7219990491867065,,0.7219990491867065,
1837,14699,,,,-0.8095055818557739,,0.8095055818557739
1837,14703,,,-0.727196455001831,,0.727196455001831,
1838,14711,,,-0.7454403638839722,,0.7454403638839722,
1839,14719,,,-0.7642632126808167,,0.7642632126808167,
1840,14727,,,-0.750588595867157,,0.750588595867157,
1841,14735,,,-0.752127468585968,,0.752127468585968,
1842,14743,,,-0.7336615920066833,,0.7336615920066833,
1843,14749,,,,-0.6002510190010071,,0.6002510190010071
1843,14751,,,-0.7827891111373901,,0.7827891111373901,
1844,14759,,,-0.7424271106719971,,0.7424271106719971,
1845,14767,,,-0.7862523198127747,,0.7862523198127747,
1846,14775,,,-0.7316988110542297,,0.7316988110542297,
1847,14783,,,-0.8045604228973389,,0.8045604228973389,
1848,14791,,,-0.7415589094161987,,0.7415589094161987,
1849,14799,,,,-0.7156128883361816,,0.7156128883361816
1849,14799,,,-0.7583612203598022,,0.7583612203598022,
1850,14807,,,-0.7059912085533142,,0.7059912085533142,
1851,14815,,,-0.7383641600608826,,0.7383641600608826,
1852,14823,,,-0.7559372186660767,,0.7559372186660767,
1853,14831,,,-0.7124912738800049,,0.7124912738800049,
1854,14839,,,-0.7989441156387329,,0.7989441156387329,
1855,14847,,,-0.7336341738700867,,0.7336341738700867,
1856,14849,,,,-0.6803061366081238,,0.6803061366081238
1856,14855,,,-0.7294144034385681,,0.7294144034385681,
1857,14863,,,-0.7675341367721558,,0.7675341367721558,
1858,14871,,,-0.7655024528503418,,0.7655024528503418,
1859,14879,,,-0.7637733221054077,,0.7637733221054077,
1860,14887,,,-0.7521063685417175,,0.7521063685417175,
1861,14895,,,-0.7745440006256104,,0.7745440006256104,
1862,14899,,,,-0.4423590898513794,,0.4423590898513794
1862,14903,,,-0.7735876441001892,,0.7735876441001892,
1863,14911,,,-0.7608485221862793,,0.7608485221862793,
1864,14919,,,-0.7482524514198303,,0.7482524514198303,
1865,14927,,,-0.7582787871360779,,0.7582787871360779,
1866,14935,,,-0.7466015219688416,,0.7466015219688416,
1867,14943,,,-0.74028080701828,,0.74028080701828,
1868,14949,,,,-0.9709413051605225,,0.9709413051605225
1868,14951,,,-0.7654947638511658,,0.7654947638511658,
1869,14959,,,-0.7866404056549072,,0.7866404056549072,
1870,14967,,,-0.7702429890632629,,0.7702429890632629,
1871,14975,,,-0.7541711330413818,,0.7541711330413818,
1872,14983,,,-0.7369979619979858,,0.7369979619979858,
1873,14991,,,-0.7648779153823853,,0.7648779153823853,
1874,14999,,,,-0.6641235947608948,,0.6641235947608948
1874,14999,,,-0.7224136590957642,,0.7224136590957642,
1875,15007,,,-0.7307760119438171,,0.7307760119438171,
1876,15015,,,-0.7615343928337097,,0.7615343928337097,
1877,15023,,,-0.7309566140174866,,0.7309566140174866,
1878,15031,,,-0.7518281936645508,,0.7518281936645508,
1879,15039,,,-0.7556663751602173,,0.7556663751602173,
1880,15047,,,-0.7498736381530762,,0.7498736381530762,
1881,15049,,,,-0.7046771049499512,,0.7046771049499512
1881,15055,,,-0.7770119905471802,,0.7770119905471802,
1882,15063,,,-0.7656053900718689,,0.7656053900718689,
1883,15071,,,-0.7303654551506042,,0.7303654551506042,
1884,15079,,,-0.7563766241073608,,0.7563766241073608,
1885,15087,,,-0.7578200697898865,,0.7578200697898865,
1886,15095,,,-0.7334842085838318,,0.7334842085838318,
1887,15099,,,,-0.33996331691741943,,0.33996331691741943
1887,15103,,,-0.7480880618095398,,0.7480880618095398,
1888,15111,,,-0.7242068648338318,,0.7242068648338318,
1889,15119,,,-0.7850580811500549,,0.7850580811500549,
1890,15127,,,-0.7472640872001648,,0.7472640872001648,
1891,15135,,,-0.73885577917099,,0.73885577917099,
1892,15143,,,-0.7114639282226562,,0.7114639282226562,
1893,15149,,,,-1.0536868572235107,,1.0536868572235107
1893,15151,,,-0.7625914216041565,,0.7625914216041565,
1894,15159,,,-0.7276196479797363,,0.7276196479797363,
1895,15167,,,-0.7246875166893005,,0.7246875166893005,
1896,15175,,,-0.7723881602287292,,0.7723881602287292,
1897,15183,,,-0.7644718289375305,,0.7644718289375305,
1898,15191,,,-0.7273715138435364,,0.7273715138435364,
1899,15199,,,,-0.6166947484016418,,0.6166947484016418
1899,15199,,,-0.7448017597198486,,0.7448017597198486,
1900,15207,,,-0.7765783667564392,,0.7765783667564392,
1901,15215,,,-0.7308149337768555,,0.7308149337768555,
1902,15223,,,-0.7131066918373108,,0.7131066918373108,
1903,15231,,,-0.7245641946792603,,0.7245641946792603,
1904,15239,,,-0.7260249257087708,,0.7260249257087708,
1905,15247,,,-0.7742291688919067,,0.7742291688919067,
1906,15249,,,,-0.8851682543754578,,0.8851682543754578
1906,15255,,,-0.7455002665519714,,0.7455002665519714,
1907,15263,,,-0.7584813237190247,,0.7584813237190247,
1908,15271,,,-0.6915969848632812,,0.6915969848632812,
1909,15279,,,-0.7262066602706909,,0.7262066602706909,
1910,15287,,,-0.7820760011672974,,0.7820760011672974,
1911,15295,,,-0.7872436046600342,,0.7872436046600342,
1912,15299,,,,-0.8786225318908691,,0.8786225318908691
1912,15303,,,-0.7875221967697144,,0.7875221967697144,
1913,15311,,,-0.7579390406608582,,0.7579390406608582,
1914,15319,,,-0.7959145307540894,,0.7959145307540894,
1915,15327,,,-0.742121160030365,,0.742121160030365,
1916,15335,,,-0.730427086353302,,0.730427086353302,
1917,15343,,,-0.7353384494781494,,0.7353384494781494,
1918,15349,,,,-0.6920325756072998,,0.6920325756072998
1918,15351,,,-0.7569625973701477,,0.7569625973701477,
1919,15359,,,-0.7256905436515808,,0.7256905436515808,
1920,15367,,,-0.7768918871879578,,0.7768918871879578,
1921,15375,,,-0.7287333011627197,,0.7287333011627197,
1922,15383,,,-0.7719994187355042,,0.7719994187355042,
1923,15391,,,-0.7806550860404968,,0.7806550860404968,
1924,15399,,,,-0.8154205083847046,,0.8154205083847046
1924,15399,,,-0.773838460445404,,0.773838460445404,
1925,15407,,,-0.7469426989555359,,0.7469426989555359,
1926,15415,,,-0.7610571384429932,,0.7610571384429932,
1927,15423,,,-0.764542281627655,,0.764542281627655,
1928,15431,,,-0.7322214245796204,,0.7322214245796204,
1929,15439,,,-0.7142656445503235,,0.7142656445503235,
1930,15447,,,-0.7368789911270142,,0.7368789911270142,
1931,15449,,,,-0.948016345500946,,0.948016345500946
1931,15455,,,-0.8064234852790833,,0.8064234852790833,
1932,15463,,,-0.7367395758628845,,0.7367395758628845,
1933,15471,,,-0.7474186420440674,,0.7474186420440674,
1934,15479,,,-0.7529122233390808,,0.7529122233390808,
1935,15487,,,-0.7688602805137634,,0.7688602805137634,
1936,15495,,,-0.7665576934814453,,0.7665576934814453,
1937,15499,,,,-1.1067389249801636,,1.1067389249801636
1937,15503,,,-0.7244712114334106,,0.7244712114334106,
1938,15511,,,-0.7632030248641968,,0.7632030248641968,
1939,15519,,,-0.7245970368385315,,0.7245970368385315,
1940,15527,,,-0.7498842477798462,,0.7498842477798462,
1941,15535,,,-0.7619380354881287,,0.7619380354881287,
1942,15543,,,-0.7817602157592773,,0.7817602157592773,
1943,15549,,,,-0.7929611802101135,,0.7929611802101135
1943,15551,,,-0.7675720453262329,,0.7675720453262329,
1944,15559,,,-0.7659374475479126,,0.7659374475479126,
1945,15567,,,-0.8119467496871948,,0.8119467496871948,
1946,15575,,,-0.7318501472473145,,0.7318501472473145,
1947,15583,,,-0.7396390438079834,,0.7396390438079834,
1948,15591,,,-0.7887540459632874,,0.7887540459632874,
1949,15599,,,,-0.8752970099449158,,0.8752970099449158
1949,15599,,,-0.7629361748695374,,0.7629361748695374,
1950,15607,,,-0.7582924962043762,,0.7582924962043762,
1951,15615,,,-0.7675514817237854,,0.7675514817237854,
1952,15623,,,-0.7444606423377991,,0.7444606423377991,
1953,15631,,,-0.7299008965492249,,0.7299008965492249,
1954,15639,,,-0.7188738584518433,,0.7188738584518433,
1955,15647,,,-0.7262328267097473,,0.7262328267097473,
1956,15649,,,,-0.25116586685180664,,0.25116586685180664
1956,15655,,,-0.7467326521873474,,0.7467326521873474,
1957,15663,,,-0.7608886361122131,,0.7608886361122131,
1958,15671,,,-0.7620421648025513,,0.7620421648025513,
1959,15679,,,-0.7594993114471436,,0.7594993114471436,
1960,15687,,,-0.7815282940864563,,0.7815282940864563,
1961,15695,,,-0.7561806440353394,,0.7561806440353394,
1962,15699,,,,-1.014413595199585,,1.014413595199585
1962,15703,,,-0.8006469011306763,,0.8006469011306763,
1963,15711,,,-0.7865533828735352,,0.7865533828735352,
1964,15719,,,-0.769308865070343,,0.769308865070343,
1965,15727,,,-0.7328550815582275,,0.7328550815582275,
1966,15735,,,-0.7638788223266602,,0.7638788223266602,
1967,15743,,,-0.7317458987236023,,0.7317458987236023,
1968,15749,,,,-0.6513792276382446,,0.6513792276382446
1968,15751,,,-0.7733480930328369,,0.7733480930328369,
1969,15759,,,-0.7369335293769836,,0.7369335293769836,
1970,15767,,,-0.7320498824119568,,0.7320498824119568,
1971,15775,,,-0.7468789219856262,,0.7468789219856262,
1972,15783,,,-0.721289873123169,,0.721289873123169,
1973,15791,,,-0.7468076944351196,,0.7468076944351196,
1974,15799,,,,-0.5738362073898315,,0.5738362073898315
1974,15799,,,-0.7464097142219543,,0.7464097142219543,
1975,15807,,,-0.7530718445777893,,0.7530718445777893,
1976,15815,,,-0.7285633087158203,,0.7285633087158203,
1977,15823,,,-0.7489585876464844,,0.7489585876464844,
1978,15831,,,-0.7549747228622437,,0.7549747228622437,
1979,15839,,,-0.775179922580719,,0.775179922580719,
1980,15847,,,-0.7629292011260986,,0.7629292011260986,
1981,15849,,,,-0.5619734525680542,,0.5619734525680542
1981,15855,,,-0.7229726910591125,,0.7229726910591125,
1982,15863,,,-0.768599808216095,,0.768599808216095,
1983,15871,,,-0.7374061942100525,,0.7374061942100525,
1984,15879,,,-0.7370203137397766,,0.7370203137397766,
1985,15887,,,-0.7409941554069519,,0.7409941554069519,
1986,15895,,,-0.7567157745361328,,0.7567157745361328,
1987,15899,,,,-0.9498306512832642,,0.9498306512832642
1987,15903,,,-0.7577270269393921,,0.7577270269393921,
1988,15911,,,-0.8020728826522827,,0.8020728826522827,
1989,15919,,,-0.7986815571784973,,0.7986815571784973,
1990,15927,,,-0.7983492612838745,,0.7983492612838745,
1991,15935,,,-0.7750034928321838,,0.7750034928321838,
1992,15943,,,-0.7399824857711792,,0.7399824857711792,
1993,15949,,,,-0.6786377429962158,,0.6786377429962158
1993,15951,,,-0.7598915100097656,,0.7598915100097656,
1994,15959,,,-0.7546029090881348,,0.7546029090881348,
1995,15967,,,-0.7599931955337524,,0.7599931955337524,
1996,15975,,,-0.7679187059402466,,0.7679187059402466,
1997,15983,,,-0.745492160320282,,0.745492160320282,
1998,15991,,,-0.7278035283088684,,0.7278035283088684,
1999,15999,,,,-0.6911274194717407,,0.6911274194717407
1999,15999,,,-0.7600212693214417,,0.7600212693214417,
2000,16000,-0.9310628771781921,0.9310628771781921,,,,
