epoch,step,test_loss,test_renyi_lb,train_loss_epoch,train_loss_step,train_renyi_lb_epoch,train_renyi_lb_step
0,7,,,0.1819116473197937,,-0.1819116473197937,
1,15,,,0.15135939419269562,,-0.15135939419269562,
2,23,,,0.12529420852661133,,-0.12529420852661133,
3,31,,,0.10228974372148514,,-0.10228974372148514,
4,39,,,0.0810302197933197,,-0.0810302197933197,
5,47,,,0.06064620241522789,,-0.06064620241522789,
6,49,,,,0.04726502299308777,,-0.04726502299308777
6,55,,,0.04096536710858345,,-0.04096536710858345,
7,63,,,0.021873528137803078,,-0.021873528137803078,
8,71,,,0.0033089127391576767,,-0.0033089127391576767,
9,79,,,-0.014429749920964241,,0.014429749920964241,
10,87,,,-0.03145020082592964,,0.03145020082592964,
11,95,,,-0.04771902412176132,,0.04771902412176132,
12,99,,,,-0.06318006664514542,,0.06318006664514542
12,103,,,-0.0631294846534729,,0.0631294846534729,
13,111,,,-0.07775194197893143,,0.07775194197893143,
14,119,,,-0.09134820848703384,,0.09134820848703384,
15,127,,,-0.10395544767379761,,0.10395544767379761,
16,135,,,-0.11576386541128159,,0.11576386541128159,
17,143,,,-0.1266951709985733,,0.1266951709985733,
18,149,,,,-0.13946112990379333,,0.13946112990379333
18,151,,,-0.13672062754631042,,0.13672062754631042,
19,159,,,-0.14597462117671967,,0.14597462117671967,
20,167,,,-0.1542425900697708,,0.1542425900697708,
21,175,,,-0.16139914095401764,,0.16139914095401764,
22,183,,,-0.16812075674533844,,0.16812075674533844,
23,191,,,-0.17438821494579315,,0.17438821494579315,
24,199,,,,-0.1794590950012207,,0.1794590950012207
24,199,,,-0.1802726835012436,,0.1802726835012436,
25,207,,,-0.1859131157398224,,0.1859131157398224,
26,215,,,-0.1912832111120224,,0.1912832111120224,
27,223,,,-0.1964070051908493,,0.1964070051908493,
28,231,,,-0.2013976126909256,,0.2013976126909256,
29,239,,,-0.2060004621744156,,0.2060004621744156,
30,247,,,-0.21046294271945953,,0.21046294271945953,
31,249,,,,-0.20959511399269104,,0.20959511399269104
31,255,,,-0.21486210823059082,,0.21486210823059082,
32,263,,,-0.21901118755340576,,0.21901118755340576,
33,271,,,-0.22318491339683533,,0.22318491339683533,
34,279,,,-0.2273198664188385,,0.2273198664188385,
35,287,,,-0.2314862757921219,,0.2314862757921219,
36,295,,,-0.23529373109340668,,0.23529373109340668,
37,299,,,,-0.23363938927650452,,0.23363938927650452
37,303,,,-0.23893557488918304,,0.23893557488918304,
38,311,,,-0.24255119264125824,,0.24255119264125824,
39,319,,,-0.24576081335544586,,0.24576081335544586,
40,327,,,-0.2488318830728531,,0.2488318830728531,
41,335,,,-0.2518165409564972,,0.2518165409564972,
42,343,,,-0.2546115815639496,,0.2546115815639496,
43,349,,,,-0.2598869502544403,,0.2598869502544403
43,351,,,-0.25720489025115967,,0.25720489025115967,
44,359,,,-0.2599802017211914,,0.2599802017211914,
45,367,,,-0.26202836632728577,,0.26202836632728577,
46,375,,,-0.2643871307373047,,0.2643871307373047,
47,383,,,-0.26693961024284363,,0.26693961024284363,
48,391,,,-0.26887667179107666,,0.26887667179107666,
49,399,,,,-0.26335984468460083,,0.26335984468460083
49,399,,,-0.27097615599632263,,0.27097615599632263,
50,407,,,-0.27287501096725464,,0.27287501096725464,
51,415,,,-0.27461662888526917,,0.27461662888526917,
52,423,,,-0.2765119969844818,,0.2765119969844818,
53,431,,,-0.2786398231983185,,0.2786398231983185,
54,439,,,-0.2804277241230011,,0.2804277241230011,
55,447,,,-0.2818666696548462,,0.2818666696548462,
56,449,,,,-0.2850256562232971,,0.2850256562232971
56,455,,,-0.2838198244571686,,0.2838198244571686,
57,463,,,-0.2852174937725067,,0.2852174937725067,
58,471,,,-0.2867080271244049,,0.2867080271244049,
59,479,,,-0.2882477343082428,,0.2882477343082428,
60,487,,,-0.2896491289138794,,0.2896491289138794,
61,495,,,-0.29111796617507935,,0.29111796617507935,
62,499,,,,-0.3216412663459778,,0.3216412663459778
62,503,,,-0.29273802042007446,,0.29273802042007446,
63,511,,,-0.2940385341644287,,0.2940385341644287,
64,519,,,-0.295102596282959,,0.295102596282959,
65,527,,,-0.2962254285812378,,0.2962254285812378,
66,535,,,-0.29760897159576416,,0.29760897159576416,
67,543,,,-0.2988949716091156,,0.2988949716091156,
68,549,,,,-0.28405484557151794,,0.28405484557151794
68,551,,,-0.300119549036026,,0.300119549036026,
69,559,,,-0.30116310715675354,,0.30116310715675354,
70,567,,,-0.3020842373371124,,0.3020842373371124,
71,575,,,-0.3032629191875458,,0.3032629191875458,
72,583,,,-0.30526360869407654,,0.30526360869407654,
73,591,,,-0.3056727647781372,,0.3056727647781372,
74,599,,,,-0.29323458671569824,,0.29323458671569824
74,599,,,-0.30673137307167053,,0.30673137307167053,
75,607,,,-0.30732476711273193,,0.30732476711273193,
76,615,,,-0.3085586428642273,,0.3085586428642273,
77,623,,,-0.30946066975593567,,0.30946066975593567,
78,631,,,-0.3103053569793701,,0.3103053569793701,
79,639,,,-0.31089404225349426,,0.31089404225349426,
80,647,,,-0.31251227855682373,,0.31251227855682373,
81,649,,,,-0.3253077566623688,,0.3253077566623688
81,655,,,-0.31325921416282654,,0.31325921416282654,
82,663,,,-0.31386539340019226,,0.31386539340019226,
83,671,,,-0.3147251605987549,,0.3147251605987549,
84,679,,,-0.315367192029953,,0.315367192029953,
85,687,,,-0.31600257754325867,,0.31600257754325867,
86,695,,,-0.31645509600639343,,0.31645509600639343,
87,699,,,,-0.3406636714935303,,0.3406636714935303
87,703,,,-0.31763389706611633,,0.31763389706611633,
88,711,,,-0.3179920017719269,,0.3179920017719269,
89,719,,,-0.3183293342590332,,0.3183293342590332,
90,727,,,-0.31949013471603394,,0.31949013471603394,
91,735,,,-0.31978079676628113,,0.31978079676628113,
92,743,,,-0.32044517993927,,0.32044517993927,
93,749,,,,-0.32039403915405273,,0.32039403915405273
93,751,,,-0.3219676613807678,,0.3219676613807678,
94,759,,,-0.321533203125,,0.321533203125,
95,767,,,-0.3224644660949707,,0.3224644660949707,
96,775,,,-0.3235582709312439,,0.3235582709312439,
97,783,,,-0.3239661753177643,,0.3239661753177643,
98,791,,,-0.32433271408081055,,0.32433271408081055,
99,799,,,,-0.27996549010276794,,0.27996549010276794
99,799,,,-0.32570135593414307,,0.32570135593414307,
100,807,,,-0.32582953572273254,,0.32582953572273254,
101,815,,,-0.3269307315349579,,0.3269307315349579,
102,823,,,-0.3267214000225067,,0.3267214000225067,
103,831,,,-0.32627999782562256,,0.32627999782562256,
104,839,,,-0.32746198773384094,,0.32746198773384094,
105,847,,,-0.3279351592063904,,0.3279351592063904,
106,849,,,,-0.31929275393486023,,0.31929275393486023
106,855,,,-0.3283637464046478,,0.3283637464046478,
107,863,,,-0.3287968039512634,,0.3287968039512634,
108,871,,,-0.3286561071872711,,0.3286561071872711,
109,879,,,-0.33050981163978577,,0.33050981163978577,
110,887,,,-0.3301149308681488,,0.3301149308681488,
111,895,,,-0.3304809629917145,,0.3304809629917145,
112,899,,,,-0.3495076596736908,,0.3495076596736908
112,903,,,-0.33172881603240967,,0.33172881603240967,
113,911,,,-0.3308207392692566,,0.3308207392692566,
114,919,,,-0.3310677111148834,,0.3310677111148834,
115,927,,,-0.33217743039131165,,0.33217743039131165,
116,935,,,-0.33329370617866516,,0.33329370617866516,
117,943,,,-0.3322526812553406,,0.3322526812553406,
118,949,,,,-0.3274001181125641,,0.3274001181125641
118,951,,,-0.33319082856178284,,0.33319082856178284,
119,959,,,-0.33332109451293945,,0.33332109451293945,
120,967,,,-0.3340594172477722,,0.3340594172477722,
121,975,,,-0.3348805606365204,,0.3348805606365204,
122,983,,,-0.3348168432712555,,0.3348168432712555,
123,991,,,-0.3340814411640167,,0.3340814411640167,
124,999,,,,-0.3319304585456848,,0.3319304585456848
124,999,,,-0.33576878905296326,,0.33576878905296326,
125,1007,,,-0.3352575898170471,,0.3352575898170471,
126,1015,,,-0.33629149198532104,,0.33629149198532104,
127,1023,,,-0.336586058139801,,0.336586058139801,
128,1031,,,-0.3358668386936188,,0.3358668386936188,
129,1039,,,-0.33608561754226685,,0.33608561754226685,
130,1047,,,-0.33582985401153564,,0.33582985401153564,
131,1049,,,,-0.31060099601745605,,0.31060099601745605
131,1055,,,-0.3386383354663849,,0.3386383354663849,
132,1063,,,-0.3378625810146332,,0.3378625810146332,
133,1071,,,-0.33862435817718506,,0.33862435817718506,
134,1079,,,-0.3368898928165436,,0.3368898928165436,
135,1087,,,-0.3396610617637634,,0.3396610617637634,
136,1095,,,-0.33776232600212097,,0.33776232600212097,
137,1099,,,,-0.3033023476600647,,0.3033023476600647
137,1103,,,-0.3395872712135315,,0.3395872712135315,
138,1111,,,-0.3385152816772461,,0.3385152816772461,
139,1119,,,-0.33806756138801575,,0.33806756138801575,
140,1127,,,-0.339096337556839,,0.339096337556839,
141,1135,,,-0.3399709463119507,,0.3399709463119507,
142,1143,,,-0.340052992105484,,0.340052992105484,
143,1149,,,,-0.3505006730556488,,0.3505006730556488
143,1151,,,-0.3400994539260864,,0.3400994539260864,
144,1159,,,-0.34023037552833557,,0.34023037552833557,
145,1167,,,-0.34057188034057617,,0.34057188034057617,
146,1175,,,-0.34043800830841064,,0.34043800830841064,
147,1183,,,-0.34080883860588074,,0.34080883860588074,
148,1191,,,-0.3415316343307495,,0.3415316343307495,
149,1199,,,,-0.31603503227233887,,0.31603503227233887
149,1199,,,-0.34146830439567566,,0.34146830439567566,
150,1207,,,-0.3409320116043091,,0.3409320116043091,
151,1215,,,-0.34122464060783386,,0.34122464060783386,
152,1223,,,-0.3406212329864502,,0.3406212329864502,
153,1231,,,-0.3425188660621643,,0.3425188660621643,
154,1239,,,-0.34199997782707214,,0.34199997782707214,
155,1247,,,-0.3423084318637848,,0.3423084318637848,
156,1249,,,,-0.3289432227611542,,0.3289432227611542
156,1255,,,-0.3426349461078644,,0.3426349461078644,
157,1263,,,-0.3446282148361206,,0.3446282148361206,
158,1271,,,-0.3468363881111145,,0.3468363881111145,
159,1279,,,-0.3444024920463562,,0.3444024920463562,
160,1287,,,-0.34274452924728394,,0.34274452924728394,
161,1295,,,-0.34234383702278137,,0.34234383702278137,
162,1299,,,,-0.29108768701553345,,0.29108768701553345
162,1303,,,-0.3450702726840973,,0.3450702726840973,
163,1311,,,-0.3425016701221466,,0.3425016701221466,
164,1319,,,-0.34512606263160706,,0.34512606263160706,
165,1327,,,-0.34301844239234924,,0.34301844239234924,
166,1335,,,-0.3433995842933655,,0.3433995842933655,
167,1343,,,-0.34360557794570923,,0.34360557794570923,
168,1349,,,,-0.37814006209373474,,0.37814006209373474
168,1351,,,-0.34646016359329224,,0.34646016359329224,
169,1359,,,-0.34373652935028076,,0.34373652935028076,
170,1367,,,-0.3455866575241089,,0.3455866575241089,
171,1375,,,-0.3440791964530945,,0.3440791964530945,
172,1383,,,-0.34490180015563965,,0.34490180015563965,
173,1391,,,-0.3452812433242798,,0.3452812433242798,
174,1399,,,,-0.28155088424682617,,0.28155088424682617
174,1399,,,-0.34484389424324036,,0.34484389424324036,
175,1407,,,-0.3456794321537018,,0.3456794321537018,
176,1415,,,-0.3457305431365967,,0.3457305431365967,
177,1423,,,-0.3467380702495575,,0.3467380702495575,
178,1431,,,-0.34933948516845703,,0.34933948516845703,
179,1439,,,-0.3469294309616089,,0.3469294309616089,
180,1447,,,-0.3462224006652832,,0.3462224006652832,
181,1449,,,,-0.3360113203525543,,0.3360113203525543
181,1455,,,-0.3453969955444336,,0.3453969955444336,
182,1463,,,-0.3458060026168823,,0.3458060026168823,
183,1471,,,-0.3477815091609955,,0.3477815091609955,
184,1479,,,-0.34550321102142334,,0.34550321102142334,
185,1487,,,-0.35076841711997986,,0.35076841711997986,
186,1495,,,-0.3478977382183075,,0.3478977382183075,
187,1499,,,,-0.3267152011394501,,0.3267152011394501
187,1503,,,-0.34821823239326477,,0.34821823239326477,
188,1511,,,-0.3459751307964325,,0.3459751307964325,
189,1519,,,-0.34707769751548767,,0.34707769751548767,
190,1527,,,-0.3483545184135437,,0.3483545184135437,
191,1535,,,-0.3478165566921234,,0.3478165566921234,
192,1543,,,-0.34807267785072327,,0.34807267785072327,
193,1549,,,,-0.33485355973243713,,0.33485355973243713
193,1551,,,-0.3494420051574707,,0.3494420051574707,
194,1559,,,-0.3472290635108948,,0.3472290635108948,
195,1567,,,-0.3500625789165497,,0.3500625789165497,
196,1575,,,-0.34975260496139526,,0.34975260496139526,
197,1583,,,-0.34684306383132935,,0.34684306383132935,
198,1591,,,-0.34707337617874146,,0.34707337617874146,
199,1599,,,,-0.3247297406196594,,0.3247297406196594
199,1599,,,-0.35127466917037964,,0.35127466917037964,
200,1607,,,-0.34713369607925415,,0.34713369607925415,
201,1615,,,-0.34876182675361633,,0.34876182675361633,
202,1623,,,-0.3497127592563629,,0.3497127592563629,
203,1631,,,-0.3483462929725647,,0.3483462929725647,
204,1639,,,-0.3507867455482483,,0.3507867455482483,
205,1647,,,-0.35041680932044983,,0.35041680932044983,
206,1649,,,,-0.31247836351394653,,0.31247836351394653
206,1655,,,-0.347526878118515,,0.347526878118515,
207,1663,,,-0.3482377529144287,,0.3482377529144287,
208,1671,,,-0.3549247980117798,,0.3549247980117798,
209,1679,,,-0.3503193259239197,,0.3503193259239197,
210,1687,,,-0.3490118682384491,,0.3490118682384491,
211,1695,,,-0.35033151507377625,,0.35033151507377625,
212,1699,,,,-0.37752994894981384,,0.37752994894981384
212,1703,,,-0.34956103563308716,,0.34956103563308716,
213,1711,,,-0.35149654746055603,,0.35149654746055603,
214,1719,,,-0.34783563017845154,,0.34783563017845154,
215,1727,,,-0.3486241400241852,,0.3486241400241852,
216,1735,,,-0.3489788770675659,,0.3489788770675659,
217,1743,,,-0.3492967188358307,,0.3492967188358307,
218,1749,,,,-0.3698601722717285,,0.3698601722717285
218,1751,,,-0.34848394989967346,,0.34848394989967346,
219,1759,,,-0.3525373935699463,,0.3525373935699463,
220,1767,,,-0.34986817836761475,,0.34986817836761475,
221,1775,,,-0.35132896900177,,0.35132896900177,
222,1783,,,-0.35057127475738525,,0.35057127475738525,
223,1791,,,-0.3498390018939972,,0.3498390018939972,
224,1799,,,,-0.3429829776287079,,0.3429829776287079
224,1799,,,-0.3498261868953705,,0.3498261868953705,
225,1807,,,-0.35116350650787354,,0.35116350650787354,
226,1815,,,-0.3494877815246582,,0.3494877815246582,
227,1823,,,-0.3536769151687622,,0.3536769151687622,
228,1831,,,-0.35066285729408264,,0.35066285729408264,
229,1839,,,-0.3494803309440613,,0.3494803309440613,
230,1847,,,-0.3511161208152771,,0.3511161208152771,
231,1849,,,,-0.3333530128002167,,0.3333530128002167
231,1855,,,-0.3512776494026184,,0.3512776494026184,
232,1863,,,-0.3586198687553406,,0.3586198687553406,
233,1871,,,-0.34973278641700745,,0.34973278641700745,
234,1879,,,-0.3519909381866455,,0.3519909381866455,
235,1887,,,-0.3562611937522888,,0.3562611937522888,
236,1895,,,-0.3511914908885956,,0.3511914908885956,
237,1899,,,,-0.3393162190914154,,0.3393162190914154
237,1903,,,-0.3498145043849945,,0.3498145043849945,
238,1911,,,-0.34961748123168945,,0.34961748123168945,
239,1919,,,-0.3543071746826172,,0.3543071746826172,
240,1927,,,-0.3509831428527832,,0.3509831428527832,
241,1935,,,-0.3521175682544708,,0.3521175682544708,
242,1943,,,-0.3503901958465576,,0.3503901958465576,
243,1949,,,,-0.3834405839443207,,0.3834405839443207
243,1951,,,-0.3529774844646454,,0.3529774844646454,
244,1959,,,-0.3513578474521637,,0.3513578474521637,
245,1967,,,-0.35211706161499023,,0.35211706161499023,
246,1975,,,-0.3520286977291107,,0.3520286977291107,
247,1983,,,-0.35180947184562683,,0.35180947184562683,
248,1991,,,-0.35507574677467346,,0.35507574677467346,
249,1999,,,,-0.37099453806877136,,0.37099453806877136
249,1999,,,-0.352382630109787,,0.352382630109787,
250,2007,,,-0.35438501834869385,,0.35438501834869385,
251,2015,,,-0.35299086570739746,,0.35299086570739746,
252,2023,,,-0.35309556126594543,,0.35309556126594543,
253,2031,,,-0.3516598641872406,,0.3516598641872406,
254,2039,,,-0.3514859974384308,,0.3514859974384308,
255,2047,,,-0.35121122002601624,,0.35121122002601624,
256,2049,,,,-0.3485705554485321,,0.3485705554485321
256,2055,,,-0.3515317738056183,,0.3515317738056183,
257,2063,,,-0.3536525368690491,,0.3536525368690491,
258,2071,,,-0.35626891255378723,,0.35626891255378723,
259,2079,,,-0.35602983832359314,,0.35602983832359314,
260,2087,,,-0.3521939814090729,,0.3521939814090729,
261,2095,,,-0.35109949111938477,,0.35109949111938477,
262,2099,,,,-0.31969165802001953,,0.31969165802001953
262,2103,,,-0.35131004452705383,,0.35131004452705383,
263,2111,,,-0.3553108870983124,,0.3553108870983124,
264,2119,,,-0.35291025042533875,,0.35291025042533875,
265,2127,,,-0.352491170167923,,0.352491170167923,
266,2135,,,-0.35150226950645447,,0.35150226950645447,
267,2143,,,-0.3533826470375061,,0.3533826470375061,
268,2149,,,,-0.34764719009399414,,0.34764719009399414
268,2151,,,-0.35369160771369934,,0.35369160771369934,
269,2159,,,-0.3528357446193695,,0.3528357446193695,
270,2167,,,-0.3587738871574402,,0.3587738871574402,
271,2175,,,-0.35315582156181335,,0.35315582156181335,
272,2183,,,-0.354453444480896,,0.354453444480896,
273,2191,,,-0.3515055775642395,,0.3515055775642395,
274,2199,,,,-0.39285898208618164,,0.39285898208618164
274,2199,,,-0.3533147871494293,,0.3533147871494293,
275,2207,,,-0.35738879442214966,,0.35738879442214966,
276,2215,,,-0.35173165798187256,,0.35173165798187256,
277,2223,,,-0.3555297255516052,,0.3555297255516052,
278,2231,,,-0.3517935872077942,,0.3517935872077942,
279,2239,,,-0.3515862226486206,,0.3515862226486206,
280,2247,,,-0.3549627661705017,,0.3549627661705017,
281,2249,,,,-0.3273080289363861,,0.3273080289363861
281,2255,,,-0.3520856201648712,,0.3520856201648712,
282,2263,,,-0.3535193204879761,,0.3535193204879761,
283,2271,,,-0.35343337059020996,,0.35343337059020996,
284,2279,,,-0.3571207821369171,,0.3571207821369171,
285,2287,,,-0.35222864151000977,,0.35222864151000977,
286,2295,,,-0.3534441292285919,,0.3534441292285919,
287,2299,,,,-0.3618578612804413,,0.3618578612804413
287,2303,,,-0.35276705026626587,,0.35276705026626587,
288,2311,,,-0.35231631994247437,,0.35231631994247437,
289,2319,,,-0.3542966842651367,,0.3542966842651367,
290,2327,,,-0.35423511266708374,,0.35423511266708374,
291,2335,,,-0.35221633315086365,,0.35221633315086365,
292,2343,,,-0.35681572556495667,,0.35681572556495667,
293,2349,,,,-0.39777326583862305,,0.39777326583862305
293,2351,,,-0.35442042350769043,,0.35442042350769043,
294,2359,,,-0.35609644651412964,,0.35609644651412964,
295,2367,,,-0.3537491261959076,,0.3537491261959076,
296,2375,,,-0.3553759455680847,,0.3553759455680847,
297,2383,,,-0.3524930775165558,,0.3524930775165558,
298,2391,,,-0.352459579706192,,0.352459579706192,
299,2399,,,,-0.3350368142127991,,0.3350368142127991
299,2399,,,-0.35306689143180847,,0.35306689143180847,
300,2407,,,-0.3570195138454437,,0.3570195138454437,
301,2415,,,-0.35898730158805847,,0.35898730158805847,
302,2423,,,-0.3555104732513428,,0.3555104732513428,
303,2431,,,-0.35754209756851196,,0.35754209756851196,
304,2439,,,-0.3551963269710541,,0.3551963269710541,
305,2447,,,-0.35304608941078186,,0.35304608941078186,
306,2449,,,,-0.4333394467830658,,0.4333394467830658
306,2455,,,-0.35552430152893066,,0.35552430152893066,
307,2463,,,-0.35519149899482727,,0.35519149899482727,
308,2471,,,-0.3537156879901886,,0.3537156879901886,
309,2479,,,-0.35498061776161194,,0.35498061776161194,
310,2487,,,-0.35773593187332153,,0.35773593187332153,
311,2495,,,-0.3564525246620178,,0.3564525246620178,
312,2499,,,,-0.351113885641098,,0.351113885641098
312,2503,,,-0.35366111993789673,,0.35366111993789673,
313,2511,,,-0.3552210330963135,,0.3552210330963135,
314,2519,,,-0.35328879952430725,,0.35328879952430725,
315,2527,,,-0.35468703508377075,,0.35468703508377075,
316,2535,,,-0.35796722769737244,,0.35796722769737244,
317,2543,,,-0.3572247624397278,,0.3572247624397278,
318,2549,,,,-0.34123292565345764,,0.34123292565345764
318,2551,,,-0.35345086455345154,,0.35345086455345154,
319,2559,,,-0.3532363176345825,,0.3532363176345825,
320,2567,,,-0.3564029932022095,,0.3564029932022095,
321,2575,,,-0.356228232383728,,0.356228232383728,
322,2583,,,-0.3554472029209137,,0.3554472029209137,
323,2591,,,-0.35608404874801636,,0.35608404874801636,
324,2599,,,,-0.36233454942703247,,0.36233454942703247
324,2599,,,-0.35762909054756165,,0.35762909054756165,
325,2607,,,-0.3531593680381775,,0.3531593680381775,
326,2615,,,-0.35955601930618286,,0.35955601930618286,
327,2623,,,-0.3529897630214691,,0.3529897630214691,
328,2631,,,-0.35829561948776245,,0.35829561948776245,
329,2639,,,-0.3542303442955017,,0.3542303442955017,
330,2647,,,-0.35384923219680786,,0.35384923219680786,
331,2649,,,,-0.4013075530529022,,0.4013075530529022
331,2655,,,-0.354270339012146,,0.354270339012146,
332,2663,,,-0.35390639305114746,,0.35390639305114746,
333,2671,,,-0.35867366194725037,,0.35867366194725037,
334,2679,,,-0.3568524420261383,,0.3568524420261383,
335,2687,,,-0.35440394282341003,,0.35440394282341003,
336,2695,,,-0.3558075428009033,,0.3558075428009033,
337,2699,,,,-0.37713319063186646,,0.37713319063186646
337,2703,,,-0.3590063750743866,,0.3590063750743866,
338,2711,,,-0.35515064001083374,,0.35515064001083374,
339,2719,,,-0.3561626374721527,,0.3561626374721527,
340,2727,,,-0.36199337244033813,,0.36199337244033813,
341,2735,,,-0.35558053851127625,,0.35558053851127625,
342,2743,,,-0.3562966287136078,,0.3562966287136078,
343,2749,,,,-0.31528884172439575,,0.31528884172439575
343,2751,,,-0.35675111413002014,,0.35675111413002014,
344,2759,,,-0.35443201661109924,,0.35443201661109924,
345,2767,,,-0.3574692904949188,,0.3574692904949188,
346,2775,,,-0.36111578345298767,,0.36111578345298767,
347,2783,,,-0.3604849576950073,,0.3604849576950073,
348,2791,,,-0.3578498959541321,,0.3578498959541321,
349,2799,,,,-0.3947206139564514,,0.3947206139564514
349,2799,,,-0.3570679724216461,,0.3570679724216461,
350,2807,,,-0.3598007559776306,,0.3598007559776306,
351,2815,,,-0.36104515194892883,,0.36104515194892883,
352,2823,,,-0.3569852411746979,,0.3569852411746979,
353,2831,,,-0.3549979031085968,,0.3549979031085968,
354,2839,,,-0.3544098734855652,,0.3544098734855652,
355,2847,,,-0.35710829496383667,,0.35710829496383667,
356,2849,,,,-0.36407285928726196,,0.36407285928726196
356,2855,,,-0.35763633251190186,,0.35763633251190186,
357,2863,,,-0.35699623823165894,,0.35699623823165894,
358,2871,,,-0.35553818941116333,,0.35553818941116333,
359,2879,,,-0.35400527715682983,,0.35400527715682983,
360,2887,,,-0.35970181226730347,,0.35970181226730347,
361,2895,,,-0.3566398620605469,,0.3566398620605469,
362,2899,,,,-0.4325590133666992,,0.4325590133666992
362,2903,,,-0.35854411125183105,,0.35854411125183105,
363,2911,,,-0.35746046900749207,,0.35746046900749207,
364,2919,,,-0.36161455512046814,,0.36161455512046814,
365,2927,,,-0.3558307886123657,,0.3558307886123657,
366,2935,,,-0.35787421464920044,,0.35787421464920044,
367,2943,,,-0.3556566834449768,,0.3556566834449768,
368,2949,,,,-0.30448341369628906,,0.30448341369628906
368,2951,,,-0.35723045468330383,,0.35723045468330383,
369,2959,,,-0.3573593497276306,,0.3573593497276306,
370,2967,,,-0.35606831312179565,,0.35606831312179565,
371,2975,,,-0.35977229475975037,,0.35977229475975037,
372,2983,,,-0.3567192852497101,,0.3567192852497101,
373,2991,,,-0.3564043939113617,,0.3564043939113617,
374,2999,,,,-0.3198864459991455,,0.3198864459991455
374,2999,,,-0.3585823178291321,,0.3585823178291321,
375,3007,,,-0.35733574628829956,,0.35733574628829956,
376,3015,,,-0.35857993364334106,,0.35857993364334106,
377,3023,,,-0.3569738268852234,,0.3569738268852234,
378,3031,,,-0.3552256226539612,,0.3552256226539612,
379,3039,,,-0.3562970757484436,,0.3562970757484436,
380,3047,,,-0.35617777705192566,,0.35617777705192566,
381,3049,,,,-0.3317019045352936,,0.3317019045352936
381,3055,,,-0.3556950092315674,,0.3556950092315674,
382,3063,,,-0.3568984866142273,,0.3568984866142273,
383,3071,,,-0.3564872443675995,,0.3564872443675995,
384,3079,,,-0.35696616768836975,,0.35696616768836975,
385,3087,,,-0.35650044679641724,,0.35650044679641724,
386,3095,,,-0.3561769723892212,,0.3561769723892212,
387,3099,,,,-0.3100970387458801,,0.3100970387458801
387,3103,,,-0.35655561089515686,,0.35655561089515686,
388,3111,,,-0.3619252145290375,,0.3619252145290375,
389,3119,,,-0.3614784777164459,,0.3614784777164459,
390,3127,,,-0.358943909406662,,0.358943909406662,
391,3135,,,-0.356886625289917,,0.356886625289917,
392,3143,,,-0.36045771837234497,,0.36045771837234497,
393,3149,,,,-0.3772718906402588,,0.3772718906402588
393,3151,,,-0.35698768496513367,,0.35698768496513367,
394,3159,,,-0.3587639629840851,,0.3587639629840851,
395,3167,,,-0.3611017167568207,,0.3611017167568207,
396,3175,,,-0.3626675009727478,,0.3626675009727478,
397,3183,,,-0.35423988103866577,,0.35423988103866577,
398,3191,,,-0.35623160004615784,,0.35623160004615784,
399,3199,,,,-0.32218247652053833,,0.32218247652053833
399,3199,,,-0.35694020986557007,,0.35694020986557007,
400,3207,,,-0.3581945300102234,,0.3581945300102234,
401,3215,,,-0.3593442738056183,,0.3593442738056183,
402,3223,,,-0.35809656977653503,,0.35809656977653503,
403,3231,,,-0.3582437038421631,,0.3582437038421631,
404,3239,,,-0.3586824834346771,,0.3586824834346771,
405,3247,,,-0.3584802746772766,,0.3584802746772766,
406,3249,,,,-0.36663833260536194,,0.36663833260536194
406,3255,,,-0.3589160740375519,,0.3589160740375519,
407,3263,,,-0.3569078743457794,,0.3569078743457794,
408,3271,,,-0.3589743971824646,,0.3589743971824646,
409,3279,,,-0.359977126121521,,0.359977126121521,
410,3287,,,-0.3602675199508667,,0.3602675199508667,
411,3295,,,-0.35822737216949463,,0.35822737216949463,
412,3299,,,,-0.3880901336669922,,0.3880901336669922
412,3303,,,-0.3560420572757721,,0.3560420572757721,
413,3311,,,-0.35910072922706604,,0.35910072922706604,
414,3319,,,-0.3585771322250366,,0.3585771322250366,
415,3327,,,-0.36302047967910767,,0.36302047967910767,
416,3335,,,-0.36499035358428955,,0.36499035358428955,
417,3343,,,-0.360726922750473,,0.360726922750473,
418,3349,,,,-0.3997032344341278,,0.3997032344341278
418,3351,,,-0.3587481379508972,,0.3587481379508972,
419,3359,,,-0.3591853082180023,,0.3591853082180023,
420,3367,,,-0.3629067540168762,,0.3629067540168762,
421,3375,,,-0.3592306673526764,,0.3592306673526764,
422,3383,,,-0.35822582244873047,,0.35822582244873047,
423,3391,,,-0.3577837347984314,,0.3577837347984314,
424,3399,,,,-0.32817599177360535,,0.32817599177360535
424,3399,,,-0.36123403906822205,,0.36123403906822205,
425,3407,,,-0.36152857542037964,,0.36152857542037964,
426,3415,,,-0.3555438816547394,,0.3555438816547394,
427,3423,,,-0.36025357246398926,,0.36025357246398926,
428,3431,,,-0.3591775894165039,,0.3591775894165039,
429,3439,,,-0.35734984278678894,,0.35734984278678894,
430,3447,,,-0.3602565824985504,,0.3602565824985504,
431,3449,,,,-0.3643200993537903,,0.3643200993537903
431,3455,,,-0.36350110173225403,,0.36350110173225403,
432,3463,,,-0.3565773367881775,,0.3565773367881775,
433,3471,,,-0.3583841919898987,,0.3583841919898987,
434,3479,,,-0.3600144386291504,,0.3600144386291504,
435,3487,,,-0.3616911768913269,,0.3616911768913269,
436,3495,,,-0.35700029134750366,,0.35700029134750366,
437,3499,,,,-0.3447119891643524,,0.3447119891643524
437,3503,,,-0.36129269003868103,,0.36129269003868103,
438,3511,,,-0.36143308877944946,,0.36143308877944946,
439,3519,,,-0.35901132225990295,,0.35901132225990295,
440,3527,,,-0.35894298553466797,,0.35894298553466797,
441,3535,,,-0.3680955171585083,,0.3680955171585083,
442,3543,,,-0.36128005385398865,,0.36128005385398865,
443,3549,,,,-0.4199729859828949,,0.4199729859828949
443,3551,,,-0.3633643686771393,,0.3633643686771393,
444,3559,,,-0.3627167344093323,,0.3627167344093323,
445,3567,,,-0.3579791784286499,,0.3579791784286499,
446,3575,,,-0.3617756962776184,,0.3617756962776184,
447,3583,,,-0.35698065161705017,,0.35698065161705017,
448,3591,,,-0.3613224923610687,,0.3613224923610687,
449,3599,,,,-0.32192859053611755,,0.32192859053611755
449,3599,,,-0.35616371035575867,,0.35616371035575867,
450,3607,,,-0.35722941160202026,,0.35722941160202026,
451,3615,,,-0.3624475598335266,,0.3624475598335266,
452,3623,,,-0.36366939544677734,,0.36366939544677734,
453,3631,,,-0.3643064796924591,,0.3643064796924591,
454,3639,,,-0.35987967252731323,,0.35987967252731323,
455,3647,,,-0.3571813106536865,,0.3571813106536865,
456,3649,,,,-0.36902523040771484,,0.36902523040771484
456,3655,,,-0.3601101040840149,,0.3601101040840149,
457,3663,,,-0.36425018310546875,,0.36425018310546875,
458,3671,,,-0.3648212254047394,,0.3648212254047394,
459,3679,,,-0.3726806342601776,,0.3726806342601776,
460,3687,,,-0.36096909642219543,,0.36096909642219543,
461,3695,,,-0.35997915267944336,,0.35997915267944336,
462,3699,,,,-0.3110973536968231,,0.3110973536968231
462,3703,,,-0.3587517738342285,,0.3587517738342285,
463,3711,,,-0.3609345555305481,,0.3609345555305481,
464,3719,,,-0.3609718382358551,,0.3609718382358551,
465,3727,,,-0.3637866675853729,,0.3637866675853729,
466,3735,,,-0.35679227113723755,,0.35679227113723755,
467,3743,,,-0.36029213666915894,,0.36029213666915894,
468,3749,,,,-0.23030194640159607,,0.23030194640159607
468,3751,,,-0.3721175193786621,,0.3721175193786621,
469,3759,,,-0.3585997521877289,,0.3585997521877289,
470,3767,,,-0.36098921298980713,,0.36098921298980713,
471,3775,,,-0.36894387006759644,,0.36894387006759644,
472,3783,,,-0.366245299577713,,0.366245299577713,
473,3791,,,-0.35934126377105713,,0.35934126377105713,
474,3799,,,,-0.3555506765842438,,0.3555506765842438
474,3799,,,-0.36150914430618286,,0.36150914430618286,
475,3807,,,-0.35724160075187683,,0.35724160075187683,
476,3815,,,-0.3620244562625885,,0.3620244562625885,
477,3823,,,-0.36883288621902466,,0.36883288621902466,
478,3831,,,-0.36597108840942383,,0.36597108840942383,
479,3839,,,-0.3605177402496338,,0.3605177402496338,
480,3847,,,-0.3603011667728424,,0.3603011667728424,
481,3849,,,,-0.3925352990627289,,0.3925352990627289
481,3855,,,-0.35961946845054626,,0.35961946845054626,
482,3863,,,-0.36085671186447144,,0.36085671186447144,
483,3871,,,-0.3632352948188782,,0.3632352948188782,
484,3879,,,-0.35953035950660706,,0.35953035950660706,
485,3887,,,-0.35773965716362,,0.35773965716362,
486,3895,,,-0.36090245842933655,,0.36090245842933655,
487,3899,,,,-0.30421915650367737,,0.30421915650367737
487,3903,,,-0.36201372742652893,,0.36201372742652893,
488,3911,,,-0.36095130443573,,0.36095130443573,
489,3919,,,-0.35910576581954956,,0.35910576581954956,
490,3927,,,-0.3613382577896118,,0.3613382577896118,
491,3935,,,-0.36039772629737854,,0.36039772629737854,
492,3943,,,-0.3604024052619934,,0.3604024052619934,
493,3949,,,,-0.3094649016857147,,0.3094649016857147
493,3951,,,-0.36330026388168335,,0.36330026388168335,
494,3959,,,-0.3564983904361725,,0.3564983904361725,
495,3967,,,-0.35850366950035095,,0.35850366950035095,
496,3975,,,-0.3585521876811981,,0.3585521876811981,
497,3983,,,-0.36024606227874756,,0.36024606227874756,
498,3991,,,-0.3628223240375519,,0.3628223240375519,
499,3999,,,,-0.35529348254203796,,0.35529348254203796
499,3999,,,-0.3604372441768646,,0.3604372441768646,
500,4007,,,-0.36488330364227295,,0.36488330364227295,
501,4015,,,-0.36106616258621216,,0.36106616258621216,
502,4023,,,-0.3721543848514557,,0.3721543848514557,
503,4031,,,-0.3660203516483307,,0.3660203516483307,
504,4039,,,-0.359928697347641,,0.359928697347641,
505,4047,,,-0.35916855931282043,,0.35916855931282043,
506,4049,,,,-0.3369545638561249,,0.3369545638561249
506,4055,,,-0.363081693649292,,0.363081693649292,
507,4063,,,-0.3589441180229187,,0.3589441180229187,
508,4071,,,-0.3696044385433197,,0.3696044385433197,
509,4079,,,-0.3640535771846771,,0.3640535771846771,
510,4087,,,-0.3592308759689331,,0.3592308759689331,
511,4095,,,-0.3590216338634491,,0.3590216338634491,
512,4099,,,,-0.29907703399658203,,0.29907703399658203
512,4103,,,-0.36174681782722473,,0.36174681782722473,
513,4111,,,-0.35898053646087646,,0.35898053646087646,
514,4119,,,-0.36097994446754456,,0.36097994446754456,
515,4127,,,-0.36235424876213074,,0.36235424876213074,
516,4135,,,-0.36145415902137756,,0.36145415902137756,
517,4143,,,-0.3596004247665405,,0.3596004247665405,
518,4149,,,,-0.40923959016799927,,0.40923959016799927
518,4151,,,-0.3603246212005615,,0.3603246212005615,
519,4159,,,-0.3663221299648285,,0.3663221299648285,
520,4167,,,-0.3627696633338928,,0.3627696633338928,
521,4175,,,-0.3599679172039032,,0.3599679172039032,
522,4183,,,-0.3613360524177551,,0.3613360524177551,
523,4191,,,-0.3618195950984955,,0.3618195950984955,
524,4199,,,,-0.34865817427635193,,0.34865817427635193
524,4199,,,-0.3578639030456543,,0.3578639030456543,
525,4207,,,-0.3584245443344116,,0.3584245443344116,
526,4215,,,-0.36385026574134827,,0.36385026574134827,
527,4223,,,-0.3625207543373108,,0.3625207543373108,
528,4231,,,-0.36120080947875977,,0.36120080947875977,
529,4239,,,-0.3614230453968048,,0.3614230453968048,
530,4247,,,-0.36415618658065796,,0.36415618658065796,
531,4249,,,,-0.3586276173591614,,0.3586276173591614
531,4255,,,-0.36425772309303284,,0.36425772309303284,
532,4263,,,-0.36885714530944824,,0.36885714530944824,
533,4271,,,-0.3618382215499878,,0.3618382215499878,
534,4279,,,-0.3639397621154785,,0.3639397621154785,
535,4287,,,-0.36309942603111267,,0.36309942603111267,
536,4295,,,-0.36116713285446167,,0.36116713285446167,
537,4299,,,,-0.37568041682243347,,0.37568041682243347
537,4303,,,-0.36223629117012024,,0.36223629117012024,
538,4311,,,-0.3594072163105011,,0.3594072163105011,
539,4319,,,-0.36102861166000366,,0.36102861166000366,
540,4327,,,-0.3587936460971832,,0.3587936460971832,
541,4335,,,-0.36340662837028503,,0.36340662837028503,
542,4343,,,-0.36042627692222595,,0.36042627692222595,
543,4349,,,,-0.3401375412940979,,0.3401375412940979
543,4351,,,-0.3647862374782562,,0.3647862374782562,
544,4359,,,-0.3590008318424225,,0.3590008318424225,
545,4367,,,-0.3591656982898712,,0.3591656982898712,
546,4375,,,-0.3596661686897278,,0.3596661686897278,
547,4383,,,-0.3613450825214386,,0.3613450825214386,
548,4391,,,-0.361770898103714,,0.361770898103714,
549,4399,,,,-0.3535449504852295,,0.3535449504852295
549,4399,,,-0.3614805042743683,,0.3614805042743683,
550,4407,,,-0.35989680886268616,,0.35989680886268616,
551,4415,,,-0.362043559551239,,0.362043559551239,
552,4423,,,-0.3600420653820038,,0.3600420653820038,
553,4431,,,-0.3630862832069397,,0.3630862832069397,
554,4439,,,-0.35909783840179443,,0.35909783840179443,
555,4447,,,-0.36992356181144714,,0.36992356181144714,
556,4449,,,,-0.3243999481201172,,0.3243999481201172
556,4455,,,-0.3583202660083771,,0.3583202660083771,
557,4463,,,-0.359146386384964,,0.359146386384964,
558,4471,,,-0.3594454526901245,,0.3594454526901245,
559,4479,,,-0.3576381206512451,,0.3576381206512451,
560,4487,,,-0.36472630500793457,,0.36472630500793457,
561,4495,,,-0.35917553305625916,,0.35917553305625916,
562,4499,,,,-0.3311239182949066,,0.3311239182949066
562,4503,,,-0.36395278573036194,,0.36395278573036194,
563,4511,,,-0.35929515957832336,,0.35929515957832336,
564,4519,,,-0.3662836253643036,,0.3662836253643036,
565,4527,,,-0.36665424704551697,,0.36665424704551697,
566,4535,,,-0.3613182604312897,,0.3613182604312897,
567,4543,,,-0.3617704212665558,,0.3617704212665558,
568,4549,,,,-0.3376362919807434,,0.3376362919807434
568,4551,,,-0.36364808678627014,,0.36364808678627014,
569,4559,,,-0.36428022384643555,,0.36428022384643555,
570,4567,,,-0.36481979489326477,,0.36481979489326477,
571,4575,,,-0.35922789573669434,,0.35922789573669434,
572,4583,,,-0.36080285906791687,,0.36080285906791687,
573,4591,,,-0.3626152276992798,,0.3626152276992798,
574,4599,,,,-0.3476482331752777,,0.3476482331752777
574,4599,,,-0.3657260537147522,,0.3657260537147522,
575,4607,,,-0.3642479479312897,,0.3642479479312897,
576,4615,,,-0.3627549111843109,,0.3627549111843109,
577,4623,,,-0.3592130243778229,,0.3592130243778229,
578,4631,,,-0.36056214570999146,,0.36056214570999146,
579,4639,,,-0.3574375510215759,,0.3574375510215759,
580,4647,,,-0.3614720404148102,,0.3614720404148102,
581,4649,,,,-0.3997063636779785,,0.3997063636779785
581,4655,,,-0.35921382904052734,,0.35921382904052734,
582,4663,,,-0.36614811420440674,,0.36614811420440674,
583,4671,,,-0.3651221990585327,,0.3651221990585327,
584,4679,,,-0.3631223738193512,,0.3631223738193512,
585,4687,,,-0.36310967803001404,,0.36310967803001404,
586,4695,,,-0.35999879240989685,,0.35999879240989685,
587,4699,,,,-0.24094295501708984,,0.24094295501708984
587,4703,,,-0.3682941496372223,,0.3682941496372223,
588,4711,,,-0.3713548481464386,,0.3713548481464386,
589,4719,,,-0.364594966173172,,0.364594966173172,
590,4727,,,-0.3616657853126526,,0.3616657853126526,
591,4735,,,-0.3635238707065582,,0.3635238707065582,
592,4743,,,-0.35806700587272644,,0.35806700587272644,
593,4749,,,,-0.3663314878940582,,0.3663314878940582
593,4751,,,-0.36687996983528137,,0.36687996983528137,
594,4759,,,-0.3697621524333954,,0.3697621524333954,
595,4767,,,-0.36870861053466797,,0.36870861053466797,
596,4775,,,-0.35981231927871704,,0.35981231927871704,
597,4783,,,-0.36255863308906555,,0.36255863308906555,
598,4791,,,-0.36301279067993164,,0.36301279067993164,
599,4799,,,,-0.39436039328575134,,0.39436039328575134
599,4799,,,-0.36792683601379395,,0.36792683601379395,
600,4807,,,-0.37381675839424133,,0.37381675839424133,
601,4815,,,-0.35906141996383667,,0.35906141996383667,
602,4823,,,-0.36114293336868286,,0.36114293336868286,
603,4831,,,-0.36169952154159546,,0.36169952154159546,
604,4839,,,-0.3707561492919922,,0.3707561492919922,
605,4847,,,-0.3666895627975464,,0.3666895627975464,
606,4849,,,,-0.4285550117492676,,0.4285550117492676
606,4855,,,-0.36421820521354675,,0.36421820521354675,
607,4863,,,-0.3606824576854706,,0.3606824576854706,
608,4871,,,-0.3611097037792206,,0.3611097037792206,
609,4879,,,-0.35797902941703796,,0.35797902941703796,
610,4887,,,-0.3597593605518341,,0.3597593605518341,
611,4895,,,-0.36569103598594666,,0.36569103598594666,
612,4899,,,,-0.3704686164855957,,0.3704686164855957
612,4903,,,-0.358646422624588,,0.358646422624588,
613,4911,,,-0.36278074979782104,,0.36278074979782104,
614,4919,,,-0.36846598982810974,,0.36846598982810974,
615,4927,,,-0.3648932874202728,,0.3648932874202728,
616,4935,,,-0.36058637499809265,,0.36058637499809265,
617,4943,,,-0.3666260242462158,,0.3666260242462158,
618,4949,,,,-0.2508532702922821,,0.2508532702922821
618,4951,,,-0.3634640872478485,,0.3634640872478485,
619,4959,,,-0.3625201880931854,,0.3625201880931854,
620,4967,,,-0.3655432164669037,,0.3655432164669037,
621,4975,,,-0.36003828048706055,,0.36003828048706055,
622,4983,,,-0.36007440090179443,,0.36007440090179443,
623,4991,,,-0.3646434545516968,,0.3646434545516968,
624,4999,,,,-0.3515259921550751,,0.3515259921550751
624,4999,,,-0.3607160747051239,,0.3607160747051239,
625,5007,,,-0.37302643060684204,,0.37302643060684204,
626,5015,,,-0.3685503900051117,,0.3685503900051117,
627,5023,,,-0.3639087378978729,,0.3639087378978729,
628,5031,,,-0.3649504780769348,,0.3649504780769348,
629,5039,,,-0.3658688962459564,,0.3658688962459564,
630,5047,,,-0.36474329233169556,,0.36474329233169556,
631,5049,,,,-0.3325335681438446,,0.3325335681438446
631,5055,,,-0.36237841844558716,,0.36237841844558716,
632,5063,,,-0.35917797684669495,,0.35917797684669495,
633,5071,,,-0.3654197156429291,,0.3654197156429291,
634,5079,,,-0.36843353509902954,,0.36843353509902954,
635,5087,,,-0.3591141700744629,,0.3591141700744629,
636,5095,,,-0.36116719245910645,,0.36116719245910645,
637,5099,,,,-0.24055743217468262,,0.24055743217468262
637,5103,,,-0.3670351207256317,,0.3670351207256317,
638,5111,,,-0.36164382100105286,,0.36164382100105286,
639,5119,,,-0.36230361461639404,,0.36230361461639404,
640,5127,,,-0.36683499813079834,,0.36683499813079834,
641,5135,,,-0.3614842891693115,,0.3614842891693115,
642,5143,,,-0.36672380566596985,,0.36672380566596985,
643,5149,,,,-0.3329896032810211,,0.3329896032810211
643,5151,,,-0.3623727560043335,,0.3623727560043335,
644,5159,,,-0.3661312758922577,,0.3661312758922577,
645,5167,,,-0.3647884130477905,,0.3647884130477905,
646,5175,,,-0.36120522022247314,,0.36120522022247314,
647,5183,,,-0.3717189431190491,,0.3717189431190491,
648,5191,,,-0.36243435740470886,,0.36243435740470886,
649,5199,,,,-0.2677469253540039,,0.2677469253540039
649,5199,,,-0.3667127192020416,,0.3667127192020416,
650,5207,,,-0.36208948493003845,,0.36208948493003845,
651,5215,,,-0.3647562861442566,,0.3647562861442566,
652,5223,,,-0.3669224977493286,,0.3669224977493286,
653,5231,,,-0.35995057225227356,,0.35995057225227356,
654,5239,,,-0.36093130707740784,,0.36093130707740784,
655,5247,,,-0.36252567172050476,,0.36252567172050476,
656,5249,,,,-0.3782808482646942,,0.3782808482646942
656,5255,,,-0.3653578460216522,,0.3653578460216522,
657,5263,,,-0.3611184060573578,,0.3611184060573578,
658,5271,,,-0.35969412326812744,,0.35969412326812744,
659,5279,,,-0.3646007180213928,,0.3646007180213928,
660,5287,,,-0.3677904009819031,,0.3677904009819031,
661,5295,,,-0.3651226758956909,,0.3651226758956909,
662,5299,,,,-0.3461730182170868,,0.3461730182170868
662,5303,,,-0.3618875741958618,,0.3618875741958618,
663,5311,,,-0.36269229650497437,,0.36269229650497437,
664,5319,,,-0.3610537350177765,,0.3610537350177765,
665,5327,,,-0.3702283203601837,,0.3702283203601837,
666,5335,,,-0.36511582136154175,,0.36511582136154175,
667,5343,,,-0.36292943358421326,,0.36292943358421326,
668,5349,,,,-0.3023757040500641,,0.3023757040500641
668,5351,,,-0.3699687719345093,,0.3699687719345093,
669,5359,,,-0.3642658591270447,,0.3642658591270447,
670,5367,,,-0.36542102694511414,,0.36542102694511414,
671,5375,,,-0.365108847618103,,0.365108847618103,
672,5383,,,-0.369169682264328,,0.369169682264328,
673,5391,,,-0.3607156276702881,,0.3607156276702881,
674,5399,,,,-0.35420718789100647,,0.35420718789100647
674,5399,,,-0.3710472285747528,,0.3710472285747528,
675,5407,,,-0.36218491196632385,,0.36218491196632385,
676,5415,,,-0.3652288019657135,,0.3652288019657135,
677,5423,,,-0.3602072596549988,,0.3602072596549988,
678,5431,,,-0.3605237901210785,,0.3605237901210785,
679,5439,,,-0.36240440607070923,,0.36240440607070923,
680,5447,,,-0.37137511372566223,,0.37137511372566223,
681,5449,,,,-0.47520551085472107,,0.47520551085472107
681,5455,,,-0.3671589493751526,,0.3671589493751526,
682,5463,,,-0.36553755402565,,0.36553755402565,
683,5471,,,-0.36314335465431213,,0.36314335465431213,
684,5479,,,-0.36813226342201233,,0.36813226342201233,
685,5487,,,-0.3640134036540985,,0.3640134036540985,
686,5495,,,-0.3718137741088867,,0.3718137741088867,
687,5499,,,,-0.40551766753196716,,0.40551766753196716
687,5503,,,-0.36923858523368835,,0.36923858523368835,
688,5511,,,-0.3605409562587738,,0.3605409562587738,
689,5519,,,-0.36524316668510437,,0.36524316668510437,
690,5527,,,-0.36005234718322754,,0.36005234718322754,
691,5535,,,-0.36012086272239685,,0.36012086272239685,
692,5543,,,-0.38150978088378906,,0.38150978088378906,
693,5549,,,,-0.363819420337677,,0.363819420337677
693,5551,,,-0.36127540469169617,,0.36127540469169617,
694,5559,,,-0.36405298113822937,,0.36405298113822937,
695,5567,,,-0.3676747679710388,,0.3676747679710388,
696,5575,,,-0.36677730083465576,,0.36677730083465576,
697,5583,,,-0.3666287958621979,,0.3666287958621979,
698,5591,,,-0.3670274317264557,,0.3670274317264557,
699,5599,,,,-0.3035438656806946,,0.3035438656806946
699,5599,,,-0.36130017042160034,,0.36130017042160034,
700,5607,,,-0.3679323196411133,,0.3679323196411133,
701,5615,,,-0.36699843406677246,,0.36699843406677246,
702,5623,,,-0.3619297444820404,,0.3619297444820404,
703,5631,,,-0.3661569356918335,,0.3661569356918335,
704,5639,,,-0.37745538353919983,,0.37745538353919983,
705,5647,,,-0.36234256625175476,,0.36234256625175476,
706,5649,,,,-0.3659682273864746,,0.3659682273864746
706,5655,,,-0.36170628666877747,,0.36170628666877747,
707,5663,,,-0.37045058608055115,,0.37045058608055115,
708,5671,,,-0.3671545386314392,,0.3671545386314392,
709,5679,,,-0.36249032616615295,,0.36249032616615295,
710,5687,,,-0.36813414096832275,,0.36813414096832275,
711,5695,,,-0.36399587988853455,,0.36399587988853455,
712,5699,,,,-0.2844187915325165,,0.2844187915325165
712,5703,,,-0.37000158429145813,,0.37000158429145813,
713,5711,,,-0.36592406034469604,,0.36592406034469604,
714,5719,,,-0.36896812915802,,0.36896812915802,
715,5727,,,-0.36481454968452454,,0.36481454968452454,
716,5735,,,-0.3623138964176178,,0.3623138964176178,
717,5743,,,-0.3731101453304291,,0.3731101453304291,
718,5749,,,,-0.35942384600639343,,0.35942384600639343
718,5751,,,-0.36377108097076416,,0.36377108097076416,
719,5759,,,-0.36433887481689453,,0.36433887481689453,
720,5767,,,-0.3638042211532593,,0.3638042211532593,
721,5775,,,-0.36968961358070374,,0.36968961358070374,
722,5783,,,-0.37069693207740784,,0.37069693207740784,
723,5791,,,-0.3690255582332611,,0.3690255582332611,
724,5799,,,,-0.3220592439174652,,0.3220592439174652
724,5799,,,-0.3663424253463745,,0.3663424253463745,
725,5807,,,-0.37085503339767456,,0.37085503339767456,
726,5815,,,-0.36942601203918457,,0.36942601203918457,
727,5823,,,-0.3662659823894501,,0.3662659823894501,
728,5831,,,-0.3631250858306885,,0.3631250858306885,
729,5839,,,-0.3683863580226898,,0.3683863580226898,
730,5847,,,-0.3643113970756531,,0.3643113970756531,
731,5849,,,,-0.38854798674583435,,0.38854798674583435
731,5855,,,-0.3665127754211426,,0.3665127754211426,
732,5863,,,-0.36145877838134766,,0.36145877838134766,
733,5871,,,-0.37048831582069397,,0.37048831582069397,
734,5879,,,-0.3620340824127197,,0.3620340824127197,
735,5887,,,-0.37008950114250183,,0.37008950114250183,
736,5895,,,-0.3702010214328766,,0.3702010214328766,
737,5899,,,,-0.43751269578933716,,0.43751269578933716
737,5903,,,-0.36852940917015076,,0.36852940917015076,
738,5911,,,-0.3681688904762268,,0.3681688904762268,
739,5919,,,-0.36236029863357544,,0.36236029863357544,
740,5927,,,-0.3640381097793579,,0.3640381097793579,
741,5935,,,-0.3655259907245636,,0.3655259907245636,
742,5943,,,-0.36726951599121094,,0.36726951599121094,
743,5949,,,,-0.39246654510498047,,0.39246654510498047
743,5951,,,-0.36474987864494324,,0.36474987864494324,
744,5959,,,-0.36210283637046814,,0.36210283637046814,
745,5967,,,-0.36323487758636475,,0.36323487758636475,
746,5975,,,-0.36710402369499207,,0.36710402369499207,
747,5983,,,-0.36337390542030334,,0.36337390542030334,
748,5991,,,-0.36488184332847595,,0.36488184332847595,
749,5999,,,,-0.3305242657661438,,0.3305242657661438
749,5999,,,-0.36299437284469604,,0.36299437284469604,
750,6007,,,-0.36958447098731995,,0.36958447098731995,
751,6015,,,-0.3694385588169098,,0.3694385588169098,
752,6023,,,-0.3735538721084595,,0.3735538721084595,
753,6031,,,-0.3658589720726013,,0.3658589720726013,
754,6039,,,-0.35931700468063354,,0.35931700468063354,
755,6047,,,-0.36206555366516113,,0.36206555366516113,
756,6049,,,,-0.5307987332344055,,0.5307987332344055
756,6055,,,-0.37918421626091003,,0.37918421626091003,
757,6063,,,-0.36103731393814087,,0.36103731393814087,
758,6071,,,-0.36839720606803894,,0.36839720606803894,
759,6079,,,-0.36128565669059753,,0.36128565669059753,
760,6087,,,-0.3667495548725128,,0.3667495548725128,
761,6095,,,-0.37767040729522705,,0.37767040729522705,
762,6099,,,,-0.4171919524669647,,0.4171919524669647
762,6103,,,-0.3617323338985443,,0.3617323338985443,
763,6111,,,-0.363064169883728,,0.363064169883728,
764,6119,,,-0.37597784399986267,,0.37597784399986267,
765,6127,,,-0.36037081480026245,,0.36037081480026245,
766,6135,,,-0.3655560314655304,,0.3655560314655304,
767,6143,,,-0.3632426857948303,,0.3632426857948303,
768,6149,,,,-0.32638928294181824,,0.32638928294181824
768,6151,,,-0.36293888092041016,,0.36293888092041016,
769,6159,,,-0.36893025040626526,,0.36893025040626526,
770,6167,,,-0.36274367570877075,,0.36274367570877075,
771,6175,,,-0.3644169867038727,,0.3644169867038727,
772,6183,,,-0.3629430830478668,,0.3629430830478668,
773,6191,,,-0.3608406186103821,,0.3608406186103821,
774,6199,,,,-0.47503137588500977,,0.47503137588500977
774,6199,,,-0.3689152002334595,,0.3689152002334595,
775,6207,,,-0.36877039074897766,,0.36877039074897766,
776,6215,,,-0.367096483707428,,0.367096483707428,
777,6223,,,-0.37068793177604675,,0.37068793177604675,
778,6231,,,-0.3675282597541809,,0.3675282597541809,
779,6239,,,-0.3650374412536621,,0.3650374412536621,
780,6247,,,-0.3620370030403137,,0.3620370030403137,
781,6249,,,,-0.3285680413246155,,0.3285680413246155
781,6255,,,-0.36285075545310974,,0.36285075545310974,
782,6263,,,-0.3632078468799591,,0.3632078468799591,
783,6271,,,-0.37482425570487976,,0.37482425570487976,
784,6279,,,-0.36909544467926025,,0.36909544467926025,
785,6287,,,-0.36469611525535583,,0.36469611525535583,
786,6295,,,-0.36816921830177307,,0.36816921830177307,
787,6299,,,,-0.32292675971984863,,0.32292675971984863
787,6303,,,-0.3642786145210266,,0.3642786145210266,
788,6311,,,-0.37105807662010193,,0.37105807662010193,
789,6319,,,-0.3664032816886902,,0.3664032816886902,
790,6327,,,-0.3725387156009674,,0.3725387156009674,
791,6335,,,-0.36724844574928284,,0.36724844574928284,
792,6343,,,-0.36387571692466736,,0.36387571692466736,
793,6349,,,,-0.40885135531425476,,0.40885135531425476
793,6351,,,-0.37049809098243713,,0.37049809098243713,
794,6359,,,-0.3708546757698059,,0.3708546757698059,
795,6367,,,-0.37294337153434753,,0.37294337153434753,
796,6375,,,-0.36494413018226624,,0.36494413018226624,
797,6383,,,-0.36820313334465027,,0.36820313334465027,
798,6391,,,-0.3671497106552124,,0.3671497106552124,
799,6399,,,,-0.39156419038772583,,0.39156419038772583
799,6399,,,-0.37072086334228516,,0.37072086334228516,
800,6407,,,-0.38483354449272156,,0.38483354449272156,
801,6415,,,-0.36523139476776123,,0.36523139476776123,
802,6423,,,-0.36643245816230774,,0.36643245816230774,
803,6431,,,-0.36441561579704285,,0.36441561579704285,
804,6439,,,-0.3790333867073059,,0.3790333867073059,
805,6447,,,-0.3749566376209259,,0.3749566376209259,
806,6449,,,,-0.3878936767578125,,0.3878936767578125
806,6455,,,-0.36591318249702454,,0.36591318249702454,
807,6463,,,-0.37103837728500366,,0.37103837728500366,
808,6471,,,-0.36509594321250916,,0.36509594321250916,
809,6479,,,-0.3639923930168152,,0.3639923930168152,
810,6487,,,-0.36947739124298096,,0.36947739124298096,
811,6495,,,-0.3644563853740692,,0.3644563853740692,
812,6499,,,,-0.4863070547580719,,0.4863070547580719
812,6503,,,-0.3656710386276245,,0.3656710386276245,
813,6511,,,-0.3942812979221344,,0.3942812979221344,
814,6519,,,-0.36272281408309937,,0.36272281408309937,
815,6527,,,-0.3653261661529541,,0.3653261661529541,
816,6535,,,-0.36422064900398254,,0.36422064900398254,
817,6543,,,-0.3719108998775482,,0.3719108998775482,
818,6549,,,,-0.29511967301368713,,0.29511967301368713
818,6551,,,-0.3692348599433899,,0.3692348599433899,
819,6559,,,-0.3718520998954773,,0.3718520998954773,
820,6567,,,-0.36222511529922485,,0.36222511529922485,
821,6575,,,-0.3758907914161682,,0.3758907914161682,
822,6583,,,-0.37675052881240845,,0.37675052881240845,
823,6591,,,-0.36874881386756897,,0.36874881386756897,
824,6599,,,,-0.390613853931427,,0.390613853931427
824,6599,,,-0.36378613114356995,,0.36378613114356995,
825,6607,,,-0.3634730875492096,,0.3634730875492096,
826,6615,,,-0.37124866247177124,,0.37124866247177124,
827,6623,,,-0.3798096776008606,,0.3798096776008606,
828,6631,,,-0.36147236824035645,,0.36147236824035645,
829,6639,,,-0.36472728848457336,,0.36472728848457336,
830,6647,,,-0.36712801456451416,,0.36712801456451416,
831,6649,,,,-0.26996904611587524,,0.26996904611587524
831,6655,,,-0.37087535858154297,,0.37087535858154297,
832,6663,,,-0.3628944754600525,,0.3628944754600525,
833,6671,,,-0.3681334853172302,,0.3681334853172302,
834,6679,,,-0.3813270628452301,,0.3813270628452301,
835,6687,,,-0.3634338974952698,,0.3634338974952698,
836,6695,,,-0.3674103915691376,,0.3674103915691376,
837,6699,,,,-0.3819909691810608,,0.3819909691810608
837,6703,,,-0.3668201267719269,,0.3668201267719269,
838,6711,,,-0.36393439769744873,,0.36393439769744873,
839,6719,,,-0.36421331763267517,,0.36421331763267517,
840,6727,,,-0.37257739901542664,,0.37257739901542664,
841,6735,,,-0.37035834789276123,,0.37035834789276123,
842,6743,,,-0.36967337131500244,,0.36967337131500244,
843,6749,,,,-0.3412005603313446,,0.3412005603313446
843,6751,,,-0.36217761039733887,,0.36217761039733887,
844,6759,,,-0.36388933658599854,,0.36388933658599854,
845,6767,,,-0.36849820613861084,,0.36849820613861084,
846,6775,,,-0.36315396428108215,,0.36315396428108215,
847,6783,,,-0.3639330565929413,,0.3639330565929413,
848,6791,,,-0.3772332966327667,,0.3772332966327667,
849,6799,,,,-0.42640170454978943,,0.42640170454978943
849,6799,,,-0.37213605642318726,,0.37213605642318726,
850,6807,,,-0.36898595094680786,,0.36898595094680786,
851,6815,,,-0.3688548803329468,,0.3688548803329468,
852,6823,,,-0.3772476017475128,,0.3772476017475128,
853,6831,,,-0.3704161047935486,,0.3704161047935486,
854,6839,,,-0.3792441785335541,,0.3792441785335541,
855,6847,,,-0.3673136234283447,,0.3673136234283447,
856,6849,,,,-0.3019912838935852,,0.3019912838935852
856,6855,,,-0.36739280819892883,,0.36739280819892883,
857,6863,,,-0.37034446001052856,,0.37034446001052856,
858,6871,,,-0.36501890420913696,,0.36501890420913696,
859,6879,,,-0.36920011043548584,,0.36920011043548584,
860,6887,,,-0.3631904721260071,,0.3631904721260071,
861,6895,,,-0.379106730222702,,0.379106730222702,
862,6899,,,,-0.3492107093334198,,0.3492107093334198
862,6903,,,-0.36723625659942627,,0.36723625659942627,
863,6911,,,-0.3708690404891968,,0.3708690404891968,
864,6919,,,-0.36557766795158386,,0.36557766795158386,
865,6927,,,-0.3790411651134491,,0.3790411651134491,
866,6935,,,-0.38286158442497253,,0.38286158442497253,
867,6943,,,-0.3707733154296875,,0.3707733154296875,
868,6949,,,,-0.4167301654815674,,0.4167301654815674
868,6951,,,-0.3770889341831207,,0.3770889341831207,
869,6959,,,-0.37347519397735596,,0.37347519397735596,
870,6967,,,-0.36176806688308716,,0.36176806688308716,
871,6975,,,-0.36558473110198975,,0.36558473110198975,
872,6983,,,-0.3670787215232849,,0.3670787215232849,
873,6991,,,-0.3806093633174896,,0.3806093633174896,
874,6999,,,,-0.3619382977485657,,0.3619382977485657
874,6999,,,-0.3657580316066742,,0.3657580316066742,
875,7007,,,-0.36787471175193787,,0.36787471175193787,
876,7015,,,-0.36346128582954407,,0.36346128582954407,
877,7023,,,-0.36393916606903076,,0.36393916606903076,
878,7031,,,-0.38017305731773376,,0.38017305731773376,
879,7039,,,-0.3757786750793457,,0.3757786750793457,
880,7047,,,-0.37415093183517456,,0.37415093183517456,
881,7049,,,,-0.28138574957847595,,0.28138574957847595
881,7055,,,-0.3739829957485199,,0.3739829957485199,
882,7063,,,-0.3649633824825287,,0.3649633824825287,
883,7071,,,-0.376891165971756,,0.376891165971756,
884,7079,,,-0.3643642067909241,,0.3643642067909241,
885,7087,,,-0.37112143635749817,,0.37112143635749817,
886,7095,,,-0.37893426418304443,,0.37893426418304443,
887,7099,,,,-0.48887091875076294,,0.48887091875076294
887,7103,,,-0.36807781457901,,0.36807781457901,
888,7111,,,-0.3649226725101471,,0.3649226725101471,
889,7119,,,-0.369091272354126,,0.369091272354126,
890,7127,,,-0.37338438630104065,,0.37338438630104065,
891,7135,,,-0.3708547055721283,,0.3708547055721283,
892,7143,,,-0.3761340379714966,,0.3761340379714966,
893,7149,,,,-0.36946913599967957,,0.36946913599967957
893,7151,,,-0.37646883726119995,,0.37646883726119995,
894,7159,,,-0.3751187324523926,,0.3751187324523926,
895,7167,,,-0.3644709587097168,,0.3644709587097168,
896,7175,,,-0.3621734380722046,,0.3621734380722046,
897,7183,,,-0.36963531374931335,,0.36963531374931335,
898,7191,,,-0.3635142147541046,,0.3635142147541046,
899,7199,,,,-0.28557711839675903,,0.28557711839675903
899,7199,,,-0.3707968294620514,,0.3707968294620514,
900,7207,,,-0.37105074524879456,,0.37105074524879456,
901,7215,,,-0.371242880821228,,0.371242880821228,
902,7223,,,-0.3736681044101715,,0.3736681044101715,
903,7231,,,-0.3770454525947571,,0.3770454525947571,
904,7239,,,-0.36259686946868896,,0.36259686946868896,
905,7247,,,-0.3615584075450897,,0.3615584075450897,
906,7249,,,,-0.43397244811058044,,0.43397244811058044
906,7255,,,-0.3741154968738556,,0.3741154968738556,
907,7263,,,-0.37153133749961853,,0.37153133749961853,
908,7271,,,-0.3664659559726715,,0.3664659559726715,
909,7279,,,-0.3760887384414673,,0.3760887384414673,
910,7287,,,-0.3676278293132782,,0.3676278293132782,
911,7295,,,-0.3636143207550049,,0.3636143207550049,
912,7299,,,,-0.4043714702129364,,0.4043714702129364
912,7303,,,-0.37698110938072205,,0.37698110938072205,
913,7311,,,-0.37250611186027527,,0.37250611186027527,
914,7319,,,-0.3674204647541046,,0.3674204647541046,
915,7327,,,-0.37753763794898987,,0.37753763794898987,
916,7335,,,-0.3685729503631592,,0.3685729503631592,
917,7343,,,-0.3691042959690094,,0.3691042959690094,
918,7349,,,,-0.31049394607543945,,0.31049394607543945
918,7351,,,-0.37001436948776245,,0.37001436948776245,
919,7359,,,-0.38213828206062317,,0.38213828206062317,
920,7367,,,-0.3767678737640381,,0.3767678737640381,
921,7375,,,-0.3625127077102661,,0.3625127077102661,
922,7383,,,-0.3820035755634308,,0.3820035755634308,
923,7391,,,-0.3670395016670227,,0.3670395016670227,
924,7399,,,,-0.3347577154636383,,0.3347577154636383
924,7399,,,-0.3649846315383911,,0.3649846315383911,
925,7407,,,-0.36374783515930176,,0.36374783515930176,
926,7415,,,-0.369064062833786,,0.369064062833786,
927,7423,,,-0.3712126612663269,,0.3712126612663269,
928,7431,,,-0.36955228447914124,,0.36955228447914124,
929,7439,,,-0.3802582323551178,,0.3802582323551178,
930,7447,,,-0.3627936542034149,,0.3627936542034149,
931,7449,,,,-0.3311273753643036,,0.3311273753643036
931,7455,,,-0.36800000071525574,,0.36800000071525574,
932,7463,,,-0.3648777902126312,,0.3648777902126312,
933,7471,,,-0.370703786611557,,0.370703786611557,
934,7479,,,-0.37023788690567017,,0.37023788690567017,
935,7487,,,-0.3623056709766388,,0.3623056709766388,
936,7495,,,-0.36532261967658997,,0.36532261967658997,
937,7499,,,,-0.5553590655326843,,0.5553590655326843
937,7503,,,-0.3807888627052307,,0.3807888627052307,
938,7511,,,-0.36498692631721497,,0.36498692631721497,
939,7519,,,-0.3709476888179779,,0.3709476888179779,
940,7527,,,-0.36543333530426025,,0.36543333530426025,
941,7535,,,-0.3683106005191803,,0.3683106005191803,
942,7543,,,-0.38234761357307434,,0.38234761357307434,
943,7549,,,,-0.2869319021701813,,0.2869319021701813
943,7551,,,-0.3694919943809509,,0.3694919943809509,
944,7559,,,-0.3833875060081482,,0.3833875060081482,
945,7567,,,-0.3691362738609314,,0.3691362738609314,
946,7575,,,-0.36542633175849915,,0.36542633175849915,
947,7583,,,-0.36917224526405334,,0.36917224526405334,
948,7591,,,-0.3771221339702606,,0.3771221339702606,
949,7599,,,,-0.283497154712677,,0.283497154712677
949,7599,,,-0.37115922570228577,,0.37115922570228577,
950,7607,,,-0.3701361417770386,,0.3701361417770386,
951,7615,,,-0.3682757616043091,,0.3682757616043091,
952,7623,,,-0.38276341557502747,,0.38276341557502747,
953,7631,,,-0.3712471127510071,,0.3712471127510071,
954,7639,,,-0.37216827273368835,,0.37216827273368835,
955,7647,,,-0.3647458553314209,,0.3647458553314209,
956,7649,,,,-0.32255950570106506,,0.32255950570106506
956,7655,,,-0.37906983494758606,,0.37906983494758606,
957,7663,,,-0.3655250370502472,,0.3655250370502472,
958,7671,,,-0.3732955753803253,,0.3732955753803253,
959,7679,,,-0.3727146089076996,,0.3727146089076996,
960,7687,,,-0.3684553802013397,,0.3684553802013397,
961,7695,,,-0.3735402226448059,,0.3735402226448059,
962,7699,,,,-0.31890079379081726,,0.31890079379081726
962,7703,,,-0.37832996249198914,,0.37832996249198914,
963,7711,,,-0.3668396770954132,,0.3668396770954132,
964,7719,,,-0.36343565583229065,,0.36343565583229065,
965,7727,,,-0.3668424189090729,,0.3668424189090729,
966,7735,,,-0.37382271885871887,,0.37382271885871887,
967,7743,,,-0.36700963973999023,,0.36700963973999023,
968,7749,,,,-0.45192939043045044,,0.45192939043045044
968,7751,,,-0.3743121922016144,,0.3743121922016144,
969,7759,,,-0.36841002106666565,,0.36841002106666565,
970,7767,,,-0.382938027381897,,0.382938027381897,
971,7775,,,-0.36704206466674805,,0.36704206466674805,
972,7783,,,-0.37140750885009766,,0.37140750885009766,
973,7791,,,-0.37130042910575867,,0.37130042910575867,
974,7799,,,,-0.4139411449432373,,0.4139411449432373
974,7799,,,-0.37434813380241394,,0.37434813380241394,
975,7807,,,-0.3753923773765564,,0.3753923773765564,
976,7815,,,-0.3627614974975586,,0.3627614974975586,
977,7823,,,-0.3737662136554718,,0.3737662136554718,
978,7831,,,-0.36782100796699524,,0.36782100796699524,
979,7839,,,-0.3659481406211853,,0.3659481406211853,
980,7847,,,-0.37376853823661804,,0.37376853823661804,
981,7849,,,,-0.32832738757133484,,0.32832738757133484
981,7855,,,-0.36623966693878174,,0.36623966693878174,
982,7863,,,-0.36950019001960754,,0.36950019001960754,
983,7871,,,-0.368318647146225,,0.368318647146225,
984,7879,,,-0.37508144974708557,,0.37508144974708557,
985,7887,,,-0.37302106618881226,,0.37302106618881226,
986,7895,,,-0.37132975459098816,,0.37132975459098816,
987,7899,,,,-0.360155314207077,,0.360155314207077
987,7903,,,-0.36567020416259766,,0.36567020416259766,
988,7911,,,-0.39322715997695923,,0.39322715997695923,
989,7919,,,-0.37736666202545166,,0.37736666202545166,
990,7927,,,-0.36792778968811035,,0.36792778968811035,
991,7935,,,-0.3801792860031128,,0.3801792860031128,
992,7943,,,-0.37308910489082336,,0.37308910489082336,
993,7949,,,,-0.4075520634651184,,0.4075520634651184
993,7951,,,-0.36380651593208313,,0.36380651593208313,
994,7959,,,-0.3688477575778961,,0.3688477575778961,
995,7967,,,-0.37141647934913635,,0.37141647934913635,
996,7975,,,-0.3655092418193817,,0.3655092418193817,
997,7983,,,-0.36671534180641174,,0.36671534180641174,
998,7991,,,-0.3766395151615143,,0.3766395151615143,
999,7999,,,,-0.4039381444454193,,0.4039381444454193
999,7999,,,-0.37076765298843384,,0.37076765298843384,
1000,8007,,,-0.3668220341205597,,0.3668220341205597,
1001,8015,,,-0.3690234124660492,,0.3690234124660492,
1002,8023,,,-0.37636175751686096,,0.37636175751686096,
1003,8031,,,-0.36756181716918945,,0.36756181716918945,
1004,8039,,,-0.38317006826400757,,0.38317006826400757,
1005,8047,,,-0.3629681169986725,,0.3629681169986725,
1006,8049,,,,-0.26332899928092957,,0.26332899928092957
1006,8055,,,-0.37757089734077454,,0.37757089734077454,
1007,8063,,,-0.367342472076416,,0.367342472076416,
1008,8071,,,-0.3791617751121521,,0.3791617751121521,
1009,8079,,,-0.3728552758693695,,0.3728552758693695,
1010,8087,,,-0.37371504306793213,,0.37371504306793213,
1011,8095,,,-0.372478187084198,,0.372478187084198,
1012,8099,,,,-0.4752682149410248,,0.4752682149410248
1012,8103,,,-0.374042809009552,,0.374042809009552,
1013,8111,,,-0.3678455650806427,,0.3678455650806427,
1014,8119,,,-0.3729058504104614,,0.3729058504104614,
1015,8127,,,-0.368744432926178,,0.368744432926178,
1016,8135,,,-0.3800191283226013,,0.3800191283226013,
1017,8143,,,-0.3776125907897949,,0.3776125907897949,
1018,8149,,,,-0.32761478424072266,,0.32761478424072266
1018,8151,,,-0.3716057240962982,,0.3716057240962982,
1019,8159,,,-0.3833765983581543,,0.3833765983581543,
1020,8167,,,-0.3655581772327423,,0.3655581772327423,
1021,8175,,,-0.3758912682533264,,0.3758912682533264,
1022,8183,,,-0.372020423412323,,0.372020423412323,
1023,8191,,,-0.3749076724052429,,0.3749076724052429,
1024,8199,,,,-0.365016907453537,,0.365016907453537
1024,8199,,,-0.37374940514564514,,0.37374940514564514,
1025,8207,,,-0.3777979612350464,,0.3777979612350464,
1026,8215,,,-0.37342163920402527,,0.37342163920402527,
1027,8223,,,-0.3730195164680481,,0.3730195164680481,
1028,8231,,,-0.37388646602630615,,0.37388646602630615,
1029,8239,,,-0.3698686361312866,,0.3698686361312866,
1030,8247,,,-0.38510411977767944,,0.38510411977767944,
1031,8249,,,,-0.3742242455482483,,0.3742242455482483
1031,8255,,,-0.3654009699821472,,0.3654009699821472,
1032,8263,,,-0.36971405148506165,,0.36971405148506165,
1033,8271,,,-0.3723464906215668,,0.3723464906215668,
1034,8279,,,-0.3856664001941681,,0.3856664001941681,
1035,8287,,,-0.37212932109832764,,0.37212932109832764,
1036,8295,,,-0.3734303116798401,,0.3734303116798401,
1037,8299,,,,-0.4421336352825165,,0.4421336352825165
1037,8303,,,-0.3678400218486786,,0.3678400218486786,
1038,8311,,,-0.37261050939559937,,0.37261050939559937,
1039,8319,,,-0.3730171322822571,,0.3730171322822571,
1040,8327,,,-0.364709734916687,,0.364709734916687,
1041,8335,,,-0.36554914712905884,,0.36554914712905884,
1042,8343,,,-0.3708128035068512,,0.3708128035068512,
1043,8349,,,,-0.3308388292789459,,0.3308388292789459
1043,8351,,,-0.3684501349925995,,0.3684501349925995,
1044,8359,,,-0.3753054738044739,,0.3753054738044739,
1045,8367,,,-0.3738388121128082,,0.3738388121128082,
1046,8375,,,-0.3739941120147705,,0.3739941120147705,
1047,8383,,,-0.3633665144443512,,0.3633665144443512,
1048,8391,,,-0.37212297320365906,,0.37212297320365906,
1049,8399,,,,-0.30139073729515076,,0.30139073729515076
1049,8399,,,-0.37635934352874756,,0.37635934352874756,
1050,8407,,,-0.3661416471004486,,0.3661416471004486,
1051,8415,,,-0.36421218514442444,,0.36421218514442444,
1052,8423,,,-0.3702485263347626,,0.3702485263347626,
1053,8431,,,-0.37219518423080444,,0.37219518423080444,
1054,8439,,,-0.37264305353164673,,0.37264305353164673,
1055,8447,,,-0.36952856183052063,,0.36952856183052063,
1056,8449,,,,-0.324678510427475,,0.324678510427475
1056,8455,,,-0.37580031156539917,,0.37580031156539917,
1057,8463,,,-0.386513352394104,,0.386513352394104,
1058,8471,,,-0.37320104241371155,,0.37320104241371155,
1059,8479,,,-0.38661351799964905,,0.38661351799964905,
1060,8487,,,-0.3658331036567688,,0.3658331036567688,
1061,8495,,,-0.3740192949771881,,0.3740192949771881,
1062,8499,,,,-0.3426149785518646,,0.3426149785518646
1062,8503,,,-0.37967872619628906,,0.37967872619628906,
1063,8511,,,-0.3670402467250824,,0.3670402467250824,
1064,8519,,,-0.36880677938461304,,0.36880677938461304,
1065,8527,,,-0.38204658031463623,,0.38204658031463623,
1066,8535,,,-0.3772735595703125,,0.3772735595703125,
1067,8543,,,-0.3783513307571411,,0.3783513307571411,
1068,8549,,,,-0.3983231484889984,,0.3983231484889984
1068,8551,,,-0.37060877680778503,,0.37060877680778503,
1069,8559,,,-0.3737174868583679,,0.3737174868583679,
1070,8567,,,-0.37580975890159607,,0.37580975890159607,
1071,8575,,,-0.3807448148727417,,0.3807448148727417,
1072,8583,,,-0.3712494671344757,,0.3712494671344757,
1073,8591,,,-0.3699227571487427,,0.3699227571487427,
1074,8599,,,,-0.3339928686618805,,0.3339928686618805
1074,8599,,,-0.3645276427268982,,0.3645276427268982,
1075,8607,,,-0.36902305483818054,,0.36902305483818054,
1076,8615,,,-0.37390032410621643,,0.37390032410621643,
1077,8623,,,-0.3725073039531708,,0.3725073039531708,
1078,8631,,,-0.3763523995876312,,0.3763523995876312,
1079,8639,,,-0.40108877420425415,,0.40108877420425415,
1080,8647,,,-0.37757959961891174,,0.37757959961891174,
1081,8649,,,,-0.45823898911476135,,0.45823898911476135
1081,8655,,,-0.38589370250701904,,0.38589370250701904,
1082,8663,,,-0.3682340681552887,,0.3682340681552887,
1083,8671,,,-0.3707159757614136,,0.3707159757614136,
1084,8679,,,-0.37161895632743835,,0.37161895632743835,
1085,8687,,,-0.37038788199424744,,0.37038788199424744,
1086,8695,,,-0.37060675024986267,,0.37060675024986267,
1087,8699,,,,-0.45315560698509216,,0.45315560698509216
1087,8703,,,-0.3814854621887207,,0.3814854621887207,
1088,8711,,,-0.3901413381099701,,0.3901413381099701,
1089,8719,,,-0.3699505031108856,,0.3699505031108856,
1090,8727,,,-0.36549708247184753,,0.36549708247184753,
1091,8735,,,-0.37602725625038147,,0.37602725625038147,
1092,8743,,,-0.3820286989212036,,0.3820286989212036,
1093,8749,,,,-0.3407512307167053,,0.3407512307167053
1093,8751,,,-0.3709540069103241,,0.3709540069103241,
1094,8759,,,-0.37122437357902527,,0.37122437357902527,
1095,8767,,,-0.38651564717292786,,0.38651564717292786,
1096,8775,,,-0.38281282782554626,,0.38281282782554626,
1097,8783,,,-0.3864748179912567,,0.3864748179912567,
1098,8791,,,-0.39266127347946167,,0.39266127347946167,
1099,8799,,,,-0.334620863199234,,0.334620863199234
1099,8799,,,-0.3768005669116974,,0.3768005669116974,
1100,8807,,,-0.37623435258865356,,0.37623435258865356,
1101,8815,,,-0.3753366768360138,,0.3753366768360138,
1102,8823,,,-0.41226446628570557,,0.41226446628570557,
1103,8831,,,-0.37103769183158875,,0.37103769183158875,
1104,8839,,,-0.3757460415363312,,0.3757460415363312,
1105,8847,,,-0.3674757182598114,,0.3674757182598114,
1106,8849,,,,-0.5114718675613403,,0.5114718675613403
1106,8855,,,-0.37397220730781555,,0.37397220730781555,
1107,8863,,,-0.37761902809143066,,0.37761902809143066,
1108,8871,,,-0.38215598464012146,,0.38215598464012146,
1109,8879,,,-0.37101346254348755,,0.37101346254348755,
1110,8887,,,-0.395542174577713,,0.395542174577713,
1111,8895,,,-0.37334537506103516,,0.37334537506103516,
1112,8899,,,,-0.5419377684593201,,0.5419377684593201
1112,8903,,,-0.3902013301849365,,0.3902013301849365,
1113,8911,,,-0.3678285777568817,,0.3678285777568817,
1114,8919,,,-0.3713233768939972,,0.3713233768939972,
1115,8927,,,-0.3677930533885956,,0.3677930533885956,
1116,8935,,,-0.37181904911994934,,0.37181904911994934,
1117,8943,,,-0.3733528256416321,,0.3733528256416321,
1118,8949,,,,-0.4836553633213043,,0.4836553633213043
1118,8951,,,-0.38524019718170166,,0.38524019718170166,
1119,8959,,,-0.37923336029052734,,0.37923336029052734,
1120,8967,,,-0.3819913864135742,,0.3819913864135742,
1121,8975,,,-0.3693060576915741,,0.3693060576915741,
1122,8983,,,-0.3681509494781494,,0.3681509494781494,
1123,8991,,,-0.3918350040912628,,0.3918350040912628,
1124,8999,,,,-0.2870025634765625,,0.2870025634765625
1124,8999,,,-0.37311145663261414,,0.37311145663261414,
1125,9007,,,-0.3810834586620331,,0.3810834586620331,
1126,9015,,,-0.36574941873550415,,0.36574941873550415,
1127,9023,,,-0.3701145350933075,,0.3701145350933075,
1128,9031,,,-0.3690304160118103,,0.3690304160118103,
1129,9039,,,-0.3718702495098114,,0.3718702495098114,
1130,9047,,,-0.38696256279945374,,0.38696256279945374,
1131,9049,,,,-0.3492436408996582,,0.3492436408996582
1131,9055,,,-0.3740139901638031,,0.3740139901638031,
1132,9063,,,-0.3707911968231201,,0.3707911968231201,
1133,9071,,,-0.37181058526039124,,0.37181058526039124,
1134,9079,,,-0.3899272084236145,,0.3899272084236145,
1135,9087,,,-0.38388580083847046,,0.38388580083847046,
1136,9095,,,-0.3854706585407257,,0.3854706585407257,
1137,9099,,,,-0.24495640397071838,,0.24495640397071838
1137,9103,,,-0.3829765021800995,,0.3829765021800995,
1138,9111,,,-0.3732081353664398,,0.3732081353664398,
1139,9119,,,-0.3833787739276886,,0.3833787739276886,
1140,9127,,,-0.368897020816803,,0.368897020816803,
1141,9135,,,-0.3797706365585327,,0.3797706365585327,
1142,9143,,,-0.37332841753959656,,0.37332841753959656,
1143,9149,,,,-0.393869549036026,,0.393869549036026
1143,9151,,,-0.39102989435195923,,0.39102989435195923,
1144,9159,,,-0.37105265259742737,,0.37105265259742737,
1145,9167,,,-0.3758815824985504,,0.3758815824985504,
1146,9175,,,-0.37113144993782043,,0.37113144993782043,
1147,9183,,,-0.3822597563266754,,0.3822597563266754,
1148,9191,,,-0.37153175473213196,,0.37153175473213196,
1149,9199,,,,-0.24269095063209534,,0.24269095063209534
1149,9199,,,-0.37431371212005615,,0.37431371212005615,
1150,9207,,,-0.3739987313747406,,0.3739987313747406,
1151,9215,,,-0.3666847050189972,,0.3666847050189972,
1152,9223,,,-0.3657086491584778,,0.3657086491584778,
1153,9231,,,-0.3802745044231415,,0.3802745044231415,
1154,9239,,,-0.3796139359474182,,0.3796139359474182,
1155,9247,,,-0.3790629804134369,,0.3790629804134369,
1156,9249,,,,-0.41283050179481506,,0.41283050179481506
1156,9255,,,-0.37128347158432007,,0.37128347158432007,
1157,9263,,,-0.3750401437282562,,0.3750401437282562,
1158,9271,,,-0.3743274509906769,,0.3743274509906769,
1159,9279,,,-0.3747929334640503,,0.3747929334640503,
1160,9287,,,-0.37112706899642944,,0.37112706899642944,
1161,9295,,,-0.3856579065322876,,0.3856579065322876,
1162,9299,,,,-0.3419283926486969,,0.3419283926486969
1162,9303,,,-0.38030147552490234,,0.38030147552490234,
1163,9311,,,-0.3889538645744324,,0.3889538645744324,
1164,9319,,,-0.36942893266677856,,0.36942893266677856,
1165,9327,,,-0.38026759028434753,,0.38026759028434753,
1166,9335,,,-0.3810720145702362,,0.3810720145702362,
1167,9343,,,-0.37954968214035034,,0.37954968214035034,
1168,9349,,,,-0.44136878848075867,,0.44136878848075867
1168,9351,,,-0.3748210370540619,,0.3748210370540619,
1169,9359,,,-0.38016390800476074,,0.38016390800476074,
1170,9367,,,-0.38433942198753357,,0.38433942198753357,
1171,9375,,,-0.3798663318157196,,0.3798663318157196,
1172,9383,,,-0.38767319917678833,,0.38767319917678833,
1173,9391,,,-0.3760620355606079,,0.3760620355606079,
1174,9399,,,,-0.44407716393470764,,0.44407716393470764
1174,9399,,,-0.3702569007873535,,0.3702569007873535,
1175,9407,,,-0.382532000541687,,0.382532000541687,
1176,9415,,,-0.3748060166835785,,0.3748060166835785,
1177,9423,,,-0.3816664516925812,,0.3816664516925812,
1178,9431,,,-0.3706204891204834,,0.3706204891204834,
1179,9439,,,-0.39154496788978577,,0.39154496788978577,
1180,9447,,,-0.3760785758495331,,0.3760785758495331,
1181,9449,,,,-0.27812328934669495,,0.27812328934669495
1181,9455,,,-0.3842015266418457,,0.3842015266418457,
1182,9463,,,-0.3699498176574707,,0.3699498176574707,
1183,9471,,,-0.3756813108921051,,0.3756813108921051,
1184,9479,,,-0.3914151191711426,,0.3914151191711426,
1185,9487,,,-0.38361114263534546,,0.38361114263534546,
1186,9495,,,-0.3791842758655548,,0.3791842758655548,
1187,9499,,,,-0.27640753984451294,,0.27640753984451294
1187,9503,,,-0.37504711747169495,,0.37504711747169495,
1188,9511,,,-0.38483065366744995,,0.38483065366744995,
1189,9519,,,-0.37288329005241394,,0.37288329005241394,
1190,9527,,,-0.38827115297317505,,0.38827115297317505,
1191,9535,,,-0.3862927258014679,,0.3862927258014679,
1192,9543,,,-0.37231069803237915,,0.37231069803237915,
1193,9549,,,,-0.39960622787475586,,0.39960622787475586
1193,9551,,,-0.38790997862815857,,0.38790997862815857,
1194,9559,,,-0.38635143637657166,,0.38635143637657166,
1195,9567,,,-0.3762587606906891,,0.3762587606906891,
1196,9575,,,-0.3725069463253021,,0.3725069463253021,
1197,9583,,,-0.37350592017173767,,0.37350592017173767,
1198,9591,,,-0.37079891562461853,,0.37079891562461853,
1199,9599,,,,-0.24373416602611542,,0.24373416602611542
1199,9599,,,-0.3736782371997833,,0.3736782371997833,
1200,9607,,,-0.37977543473243713,,0.37977543473243713,
1201,9615,,,-0.3836340308189392,,0.3836340308189392,
1202,9623,,,-0.3702314794063568,,0.3702314794063568,
1203,9631,,,-0.37216103076934814,,0.37216103076934814,
1204,9639,,,-0.3796738386154175,,0.3796738386154175,
1205,9647,,,-0.389534592628479,,0.389534592628479,
1206,9649,,,,-0.28592991828918457,,0.28592991828918457
1206,9655,,,-0.37226229906082153,,0.37226229906082153,
1207,9663,,,-0.3732175827026367,,0.3732175827026367,
1208,9671,,,-0.37191691994667053,,0.37191691994667053,
1209,9679,,,-0.3777536153793335,,0.3777536153793335,
1210,9687,,,-0.3830583989620209,,0.3830583989620209,
1211,9695,,,-0.38475245237350464,,0.38475245237350464,
1212,9699,,,,-0.28307467699050903,,0.28307467699050903
1212,9703,,,-0.37170279026031494,,0.37170279026031494,
1213,9711,,,-0.38167113065719604,,0.38167113065719604,
1214,9719,,,-0.3755793571472168,,0.3755793571472168,
1215,9727,,,-0.40410229563713074,,0.40410229563713074,
1216,9735,,,-0.37831032276153564,,0.37831032276153564,
1217,9743,,,-0.3745177388191223,,0.3745177388191223,
1218,9749,,,,-0.4937348961830139,,0.4937348961830139
1218,9751,,,-0.38327375054359436,,0.38327375054359436,
1219,9759,,,-0.37961283326148987,,0.37961283326148987,
1220,9767,,,-0.3960103690624237,,0.3960103690624237,
1221,9775,,,-0.38219964504241943,,0.38219964504241943,
1222,9783,,,-0.3810894191265106,,0.3810894191265106,
1223,9791,,,-0.3848206102848053,,0.3848206102848053,
1224,9799,,,,-0.4239809215068817,,0.4239809215068817
1224,9799,,,-0.39642074704170227,,0.39642074704170227,
1225,9807,,,-0.3777129650115967,,0.3777129650115967,
1226,9815,,,-0.38152769207954407,,0.38152769207954407,
1227,9823,,,-0.3760741949081421,,0.3760741949081421,
1228,9831,,,-0.3687935769557953,,0.3687935769557953,
1229,9839,,,-0.3712379038333893,,0.3712379038333893,
1230,9847,,,-0.37403133511543274,,0.37403133511543274,
1231,9849,,,,-0.36150264739990234,,0.36150264739990234
1231,9855,,,-0.3811424672603607,,0.3811424672603607,
1232,9863,,,-0.3709259033203125,,0.3709259033203125,
1233,9871,,,-0.37990429997444153,,0.37990429997444153,
1234,9879,,,-0.38254839181900024,,0.38254839181900024,
1235,9887,,,-0.3719913363456726,,0.3719913363456726,
1236,9895,,,-0.3765201270580292,,0.3765201270580292,
1237,9899,,,,-0.39624735713005066,,0.39624735713005066
1237,9903,,,-0.36816132068634033,,0.36816132068634033,
1238,9911,,,-0.38305723667144775,,0.38305723667144775,
1239,9919,,,-0.37232133746147156,,0.37232133746147156,
1240,9927,,,-0.36940380930900574,,0.36940380930900574,
1241,9935,,,-0.3819800615310669,,0.3819800615310669,
1242,9943,,,-0.376277893781662,,0.376277893781662,
1243,9949,,,,-0.5036509037017822,,0.5036509037017822
1243,9951,,,-0.37625542283058167,,0.37625542283058167,
1244,9959,,,-0.37362703680992126,,0.37362703680992126,
1245,9967,,,-0.3682548403739929,,0.3682548403739929,
1246,9975,,,-0.37760263681411743,,0.37760263681411743,
1247,9983,,,-0.3940674960613251,,0.3940674960613251,
1248,9991,,,-0.4021817147731781,,0.4021817147731781,
1249,9999,,,,-0.4500141143798828,,0.4500141143798828
1249,9999,,,-0.38347017765045166,,0.38347017765045166,
1250,10007,,,-0.37912628054618835,,0.37912628054618835,
1251,10015,,,-0.3760414719581604,,0.3760414719581604,
1252,10023,,,-0.37792521715164185,,0.37792521715164185,
1253,10031,,,-0.37574782967567444,,0.37574782967567444,
1254,10039,,,-0.3911537528038025,,0.3911537528038025,
1255,10047,,,-0.3892829120159149,,0.3892829120159149,
1256,10049,,,,-0.3266795873641968,,0.3266795873641968
1256,10055,,,-0.3773505389690399,,0.3773505389690399,
1257,10063,,,-0.37301674485206604,,0.37301674485206604,
1258,10071,,,-0.37239110469818115,,0.37239110469818115,
1259,10079,,,-0.3710337281227112,,0.3710337281227112,
1260,10087,,,-0.3770189583301544,,0.3770189583301544,
1261,10095,,,-0.3816840946674347,,0.3816840946674347,
1262,10099,,,,-0.3229295015335083,,0.3229295015335083
1262,10103,,,-0.38123074173927307,,0.38123074173927307,
1263,10111,,,-0.3786271810531616,,0.3786271810531616,
1264,10119,,,-0.39483264088630676,,0.39483264088630676,
1265,10127,,,-0.37738004326820374,,0.37738004326820374,
1266,10135,,,-0.3787631690502167,,0.3787631690502167,
1267,10143,,,-0.381309449672699,,0.381309449672699,
1268,10149,,,,-0.25686120986938477,,0.25686120986938477
1268,10151,,,-0.39078274369239807,,0.39078274369239807,
1269,10159,,,-0.38648784160614014,,0.38648784160614014,
1270,10167,,,-0.3842765688896179,,0.3842765688896179,
1271,10175,,,-0.3826545476913452,,0.3826545476913452,
1272,10183,,,-0.3731798827648163,,0.3731798827648163,
1273,10191,,,-0.3703036606311798,,0.3703036606311798,
1274,10199,,,,-0.3899419903755188,,0.3899419903755188
1274,10199,,,-0.3910009264945984,,0.3910009264945984,
1275,10207,,,-0.3718753159046173,,0.3718753159046173,
1276,10215,,,-0.3808440566062927,,0.3808440566062927,
1277,10223,,,-0.39132159948349,,0.39132159948349,
1278,10231,,,-0.36952099204063416,,0.36952099204063416,
1279,10239,,,-0.3705103397369385,,0.3705103397369385,
1280,10247,,,-0.380753755569458,,0.380753755569458,
1281,10249,,,,-0.40515270829200745,,0.40515270829200745
1281,10255,,,-0.37215059995651245,,0.37215059995651245,
1282,10263,,,-0.37796327471733093,,0.37796327471733093,
1283,10271,,,-0.3881220817565918,,0.3881220817565918,
1284,10279,,,-0.3690021336078644,,0.3690021336078644,
1285,10287,,,-0.3826600909233093,,0.3826600909233093,
1286,10295,,,-0.3816863000392914,,0.3816863000392914,
1287,10299,,,,-0.3454357087612152,,0.3454357087612152
1287,10303,,,-0.36958685517311096,,0.36958685517311096,
1288,10311,,,-0.388913094997406,,0.388913094997406,
1289,10319,,,-0.38355714082717896,,0.38355714082717896,
1290,10327,,,-0.3742767870426178,,0.3742767870426178,
1291,10335,,,-0.3845483064651489,,0.3845483064651489,
1292,10343,,,-0.39599841833114624,,0.39599841833114624,
1293,10349,,,,-0.25379788875579834,,0.25379788875579834
1293,10351,,,-0.3757571876049042,,0.3757571876049042,
1294,10359,,,-0.3902777135372162,,0.3902777135372162,
1295,10367,,,-0.3708949089050293,,0.3708949089050293,
1296,10375,,,-0.3816048204898834,,0.3816048204898834,
1297,10383,,,-0.3788011968135834,,0.3788011968135834,
1298,10391,,,-0.3786432445049286,,0.3786432445049286,
1299,10399,,,,-0.2996898889541626,,0.2996898889541626
1299,10399,,,-0.37340840697288513,,0.37340840697288513,
1300,10407,,,-0.38902708888053894,,0.38902708888053894,
1301,10415,,,-0.38836851716041565,,0.38836851716041565,
1302,10423,,,-0.3823014795780182,,0.3823014795780182,
1303,10431,,,-0.3767496645450592,,0.3767496645450592,
1304,10439,,,-0.390725702047348,,0.390725702047348,
1305,10447,,,-0.3726348280906677,,0.3726348280906677,
1306,10449,,,,-0.3637799322605133,,0.3637799322605133
1306,10455,,,-0.38513270020484924,,0.38513270020484924,
1307,10463,,,-0.3975960314273834,,0.3975960314273834,
1308,10471,,,-0.37873998284339905,,0.37873998284339905,
1309,10479,,,-0.37978795170783997,,0.37978795170783997,
1310,10487,,,-0.37048184871673584,,0.37048184871673584,
1311,10495,,,-0.3716184198856354,,0.3716184198856354,
1312,10499,,,,-0.47247156500816345,,0.47247156500816345
1312,10503,,,-0.3974723219871521,,0.3974723219871521,
1313,10511,,,-0.37879782915115356,,0.37879782915115356,
1314,10519,,,-0.38297948241233826,,0.38297948241233826,
1315,10527,,,-0.3854931890964508,,0.3854931890964508,
1316,10535,,,-0.37713149189949036,,0.37713149189949036,
1317,10543,,,-0.37074220180511475,,0.37074220180511475,
1318,10549,,,,-0.26520100235939026,,0.26520100235939026
1318,10551,,,-0.3761328458786011,,0.3761328458786011,
1319,10559,,,-0.3716680109500885,,0.3716680109500885,
1320,10567,,,-0.3866332173347473,,0.3866332173347473,
1321,10575,,,-0.3744436502456665,,0.3744436502456665,
1322,10583,,,-0.3796519637107849,,0.3796519637107849,
1323,10591,,,-0.375227689743042,,0.375227689743042,
1324,10599,,,,-0.2905397415161133,,0.2905397415161133
1324,10599,,,-0.3793872594833374,,0.3793872594833374,
1325,10607,,,-0.3931286633014679,,0.3931286633014679,
1326,10615,,,-0.37965065240859985,,0.37965065240859985,
1327,10623,,,-0.3910868763923645,,0.3910868763923645,
1328,10631,,,-0.3753681778907776,,0.3753681778907776,
1329,10639,,,-0.3752652704715729,,0.3752652704715729,
1330,10647,,,-0.38092848658561707,,0.38092848658561707,
1331,10649,,,,-0.4229937493801117,,0.4229937493801117
1331,10655,,,-0.3792884051799774,,0.3792884051799774,
1332,10663,,,-0.3741283118724823,,0.3741283118724823,
1333,10671,,,-0.37258148193359375,,0.37258148193359375,
1334,10679,,,-0.37981995940208435,,0.37981995940208435,
1335,10687,,,-0.39513957500457764,,0.39513957500457764,
1336,10695,,,-0.3913786709308624,,0.3913786709308624,
1337,10699,,,,-0.3731094002723694,,0.3731094002723694
1337,10703,,,-0.3693902790546417,,0.3693902790546417,
1338,10711,,,-0.38370993733406067,,0.38370993733406067,
1339,10719,,,-0.3802908658981323,,0.3802908658981323,
1340,10727,,,-0.37186846137046814,,0.37186846137046814,
1341,10735,,,-0.37363144755363464,,0.37363144755363464,
1342,10743,,,-0.37667036056518555,,0.37667036056518555,
1343,10749,,,,-0.31528687477111816,,0.31528687477111816
1343,10751,,,-0.3797926604747772,,0.3797926604747772,
1344,10759,,,-0.3736035227775574,,0.3736035227775574,
1345,10767,,,-0.377443790435791,,0.377443790435791,
1346,10775,,,-0.39433619379997253,,0.39433619379997253,
1347,10783,,,-0.3813130259513855,,0.3813130259513855,
1348,10791,,,-0.37753674387931824,,0.37753674387931824,
1349,10799,,,,-0.37098151445388794,,0.37098151445388794
1349,10799,,,-0.3726639747619629,,0.3726639747619629,
1350,10807,,,-0.3739350736141205,,0.3739350736141205,
1351,10815,,,-0.38137581944465637,,0.38137581944465637,
1352,10823,,,-0.382679283618927,,0.382679283618927,
1353,10831,,,-0.379673570394516,,0.379673570394516,
1354,10839,,,-0.3798733055591583,,0.3798733055591583,
1355,10847,,,-0.37343069911003113,,0.37343069911003113,
1356,10849,,,,-0.34028083086013794,,0.34028083086013794
1356,10855,,,-0.3835209310054779,,0.3835209310054779,
1357,10863,,,-0.39292922616004944,,0.39292922616004944,
1358,10871,,,-0.38992130756378174,,0.38992130756378174,
1359,10879,,,-0.375716894865036,,0.375716894865036,
1360,10887,,,-0.39029204845428467,,0.39029204845428467,
1361,10895,,,-0.38174694776535034,,0.38174694776535034,
1362,10899,,,,-0.5184340476989746,,0.5184340476989746
1362,10903,,,-0.3991803824901581,,0.3991803824901581,
1363,10911,,,-0.38028252124786377,,0.38028252124786377,
1364,10919,,,-0.39480313658714294,,0.39480313658714294,
1365,10927,,,-0.38876426219940186,,0.38876426219940186,
1366,10935,,,-0.3879578411579132,,0.3879578411579132,
1367,10943,,,-0.3853578567504883,,0.3853578567504883,
1368,10949,,,,-0.5730313062667847,,0.5730313062667847
1368,10951,,,-0.38782799243927,,0.38782799243927,
1369,10959,,,-0.3829423487186432,,0.3829423487186432,
1370,10967,,,-0.3752862513065338,,0.3752862513065338,
1371,10975,,,-0.375663697719574,,0.375663697719574,
1372,10983,,,-0.381337970495224,,0.381337970495224,
1373,10991,,,-0.39007845520973206,,0.39007845520973206,
1374,10999,,,,-0.5884573459625244,,0.5884573459625244
1374,10999,,,-0.3978235423564911,,0.3978235423564911,
1375,11007,,,-0.37974706292152405,,0.37974706292152405,
1376,11015,,,-0.38048768043518066,,0.38048768043518066,
1377,11023,,,-0.38082125782966614,,0.38082125782966614,
1378,11031,,,-0.37464582920074463,,0.37464582920074463,
1379,11039,,,-0.37568092346191406,,0.37568092346191406,
1380,11047,,,-0.38318148255348206,,0.38318148255348206,
1381,11049,,,,-0.3866044580936432,,0.3866044580936432
1381,11055,,,-0.3690849542617798,,0.3690849542617798,
1382,11063,,,-0.37557950615882874,,0.37557950615882874,
1383,11071,,,-0.3906925916671753,,0.3906925916671753,
1384,11079,,,-0.3898634910583496,,0.3898634910583496,
1385,11087,,,-0.37507933378219604,,0.37507933378219604,
1386,11095,,,-0.4039255976676941,,0.4039255976676941,
1387,11099,,,,-0.47882184386253357,,0.47882184386253357
1387,11103,,,-0.39518803358078003,,0.39518803358078003,
1388,11111,,,-0.3733683228492737,,0.3733683228492737,
1389,11119,,,-0.39185720682144165,,0.39185720682144165,
1390,11127,,,-0.3898099958896637,,0.3898099958896637,
1391,11135,,,-0.3914167582988739,,0.3914167582988739,
1392,11143,,,-0.37766698002815247,,0.37766698002815247,
1393,11149,,,,-0.45994430780410767,,0.45994430780410767
1393,11151,,,-0.3789154589176178,,0.3789154589176178,
1394,11159,,,-0.37986668944358826,,0.37986668944358826,
1395,11167,,,-0.39003393054008484,,0.39003393054008484,
1396,11175,,,-0.3774576783180237,,0.3774576783180237,
1397,11183,,,-0.38821282982826233,,0.38821282982826233,
1398,11191,,,-0.3801252543926239,,0.3801252543926239,
1399,11199,,,,-0.4555528163909912,,0.4555528163909912
1399,11199,,,-0.37665030360221863,,0.37665030360221863,
1400,11207,,,-0.3807067275047302,,0.3807067275047302,
1401,11215,,,-0.37210553884506226,,0.37210553884506226,
1402,11223,,,-0.3784913122653961,,0.3784913122653961,
1403,11231,,,-0.3868516683578491,,0.3868516683578491,
1404,11239,,,-0.3810657262802124,,0.3810657262802124,
1405,11247,,,-0.392757773399353,,0.392757773399353,
1406,11249,,,,-0.39155641198158264,,0.39155641198158264
1406,11255,,,-0.3748270869255066,,0.3748270869255066,
1407,11263,,,-0.3852003812789917,,0.3852003812789917,
1408,11271,,,-0.3891541361808777,,0.3891541361808777,
1409,11279,,,-0.3910570442676544,,0.3910570442676544,
1410,11287,,,-0.3910771310329437,,0.3910771310329437,
1411,11295,,,-0.3755110800266266,,0.3755110800266266,
1412,11299,,,,-0.2774404287338257,,0.2774404287338257
1412,11303,,,-0.40193966031074524,,0.40193966031074524,
1413,11311,,,-0.37878409028053284,,0.37878409028053284,
1414,11319,,,-0.37118685245513916,,0.37118685245513916,
1415,11327,,,-0.3862679600715637,,0.3862679600715637,
1416,11335,,,-0.3711875379085541,,0.3711875379085541,
1417,11343,,,-0.37379953265190125,,0.37379953265190125,
1418,11349,,,,-0.49868637323379517,,0.49868637323379517
1418,11351,,,-0.38468798995018005,,0.38468798995018005,
1419,11359,,,-0.3808025121688843,,0.3808025121688843,
1420,11367,,,-0.4092751741409302,,0.4092751741409302,
1421,11375,,,-0.3999965190887451,,0.3999965190887451,
1422,11383,,,-0.385030597448349,,0.385030597448349,
1423,11391,,,-0.38522738218307495,,0.38522738218307495,
1424,11399,,,,-0.49364978075027466,,0.49364978075027466
1424,11399,,,-0.3908390998840332,,0.3908390998840332,
1425,11407,,,-0.38148871064186096,,0.38148871064186096,
1426,11415,,,-0.39051270484924316,,0.39051270484924316,
1427,11423,,,-0.37153539061546326,,0.37153539061546326,
1428,11431,,,-0.38624945282936096,,0.38624945282936096,
1429,11439,,,-0.37600278854370117,,0.37600278854370117,
1430,11447,,,-0.38922861218452454,,0.38922861218452454,
1431,11449,,,,-0.279300332069397,,0.279300332069397
1431,11455,,,-0.3862769305706024,,0.3862769305706024,
1432,11463,,,-0.372013658285141,,0.372013658285141,
1433,11471,,,-0.3985462784767151,,0.3985462784767151,
1434,11479,,,-0.37585726380348206,,0.37585726380348206,
1435,11487,,,-0.38570958375930786,,0.38570958375930786,
1436,11495,,,-0.4166152775287628,,0.4166152775287628,
1437,11499,,,,-0.5228338241577148,,0.5228338241577148
1437,11503,,,-0.3830142617225647,,0.3830142617225647,
1438,11511,,,-0.39014485478401184,,0.39014485478401184,
1439,11519,,,-0.39949125051498413,,0.39949125051498413,
1440,11527,,,-0.37901541590690613,,0.37901541590690613,
1441,11535,,,-0.37144556641578674,,0.37144556641578674,
1442,11543,,,-0.3998010754585266,,0.3998010754585266,
1443,11549,,,,-0.41408663988113403,,0.41408663988113403
1443,11551,,,-0.3852536976337433,,0.3852536976337433,
1444,11559,,,-0.39473670721054077,,0.39473670721054077,
1445,11567,,,-0.4066914916038513,,0.4066914916038513,
1446,11575,,,-0.39346686005592346,,0.39346686005592346,
1447,11583,,,-0.3919120728969574,,0.3919120728969574,
1448,11591,,,-0.3834693133831024,,0.3834693133831024,
1449,11599,,,,-0.4984040856361389,,0.4984040856361389
1449,11599,,,-0.37848588824272156,,0.37848588824272156,
1450,11607,,,-0.3846395015716553,,0.3846395015716553,
1451,11615,,,-0.37988197803497314,,0.37988197803497314,
1452,11623,,,-0.3810652494430542,,0.3810652494430542,
1453,11631,,,-0.3738899528980255,,0.3738899528980255,
1454,11639,,,-0.37822607159614563,,0.37822607159614563,
1455,11647,,,-0.3929714858531952,,0.3929714858531952,
1456,11649,,,,-0.36654573678970337,,0.36654573678970337
1456,11655,,,-0.4057996869087219,,0.4057996869087219,
1457,11663,,,-0.39845073223114014,,0.39845073223114014,
1458,11671,,,-0.3950655162334442,,0.3950655162334442,
1459,11679,,,-0.38885506987571716,,0.38885506987571716,
1460,11687,,,-0.38815218210220337,,0.38815218210220337,
1461,11695,,,-0.39319920539855957,,0.39319920539855957,
1462,11699,,,,-0.24572739005088806,,0.24572739005088806
1462,11703,,,-0.3778519630432129,,0.3778519630432129,
1463,11711,,,-0.38850218057632446,,0.38850218057632446,
1464,11719,,,-0.3781615197658539,,0.3781615197658539,
1465,11727,,,-0.3725779354572296,,0.3725779354572296,
1466,11735,,,-0.3825950622558594,,0.3825950622558594,
1467,11743,,,-0.37688446044921875,,0.37688446044921875,
1468,11749,,,,-0.3880428671836853,,0.3880428671836853
1468,11751,,,-0.3816646337509155,,0.3816646337509155,
1469,11759,,,-0.3823011517524719,,0.3823011517524719,
1470,11767,,,-0.3756234347820282,,0.3756234347820282,
1471,11775,,,-0.38455700874328613,,0.38455700874328613,
1472,11783,,,-0.38112500309944153,,0.38112500309944153,
1473,11791,,,-0.3829832971096039,,0.3829832971096039,
1474,11799,,,,-0.3915487825870514,,0.3915487825870514
1474,11799,,,-0.37900951504707336,,0.37900951504707336,
1475,11807,,,-0.4014701545238495,,0.4014701545238495,
1476,11815,,,-0.40223413705825806,,0.40223413705825806,
1477,11823,,,-0.37826475501060486,,0.37826475501060486,
1478,11831,,,-0.38759490847587585,,0.38759490847587585,
1479,11839,,,-0.38643771409988403,,0.38643771409988403,
1480,11847,,,-0.37089577317237854,,0.37089577317237854,
1481,11849,,,,-0.41405272483825684,,0.41405272483825684
1481,11855,,,-0.38204336166381836,,0.38204336166381836,
1482,11863,,,-0.3751984238624573,,0.3751984238624573,
1483,11871,,,-0.38538065552711487,,0.38538065552711487,
1484,11879,,,-0.3809126913547516,,0.3809126913547516,
1485,11887,,,-0.39307448267936707,,0.39307448267936707,
1486,11895,,,-0.3823305070400238,,0.3823305070400238,
1487,11899,,,,-0.48000144958496094,,0.48000144958496094
1487,11903,,,-0.3927287459373474,,0.3927287459373474,
1488,11911,,,-0.3837439715862274,,0.3837439715862274,
1489,11919,,,-0.3904161751270294,,0.3904161751270294,
1490,11927,,,-0.38081562519073486,,0.38081562519073486,
1491,11935,,,-0.37799057364463806,,0.37799057364463806,
1492,11943,,,-0.38996538519859314,,0.38996538519859314,
1493,11949,,,,-0.5523051023483276,,0.5523051023483276
1493,11951,,,-0.39906615018844604,,0.39906615018844604,
1494,11959,,,-0.3926466405391693,,0.3926466405391693,
1495,11967,,,-0.3889406621456146,,0.3889406621456146,
1496,11975,,,-0.3919735252857208,,0.3919735252857208,
1497,11983,,,-0.3964232802391052,,0.3964232802391052,
1498,11991,,,-0.3827444314956665,,0.3827444314956665,
1499,11999,,,,-0.27983933687210083,,0.27983933687210083
1499,11999,,,-0.38244661688804626,,0.38244661688804626,
1500,12007,,,-0.38627710938453674,,0.38627710938453674,
1501,12015,,,-0.38675656914711,,0.38675656914711,
1502,12023,,,-0.38971108198165894,,0.38971108198165894,
1503,12031,,,-0.37749040126800537,,0.37749040126800537,
1504,12039,,,-0.37648332118988037,,0.37648332118988037,
1505,12047,,,-0.4015823304653168,,0.4015823304653168,
1506,12049,,,,-0.4455818235874176,,0.4455818235874176
1506,12055,,,-0.374910444021225,,0.374910444021225,
1507,12063,,,-0.380772203207016,,0.380772203207016,
1508,12071,,,-0.3828887343406677,,0.3828887343406677,
1509,12079,,,-0.3830915093421936,,0.3830915093421936,
1510,12087,,,-0.3782385289669037,,0.3782385289669037,
1511,12095,,,-0.38399460911750793,,0.38399460911750793,
1512,12099,,,,-0.267092227935791,,0.267092227935791
1512,12103,,,-0.3935734033584595,,0.3935734033584595,
1513,12111,,,-0.39886587858200073,,0.39886587858200073,
1514,12119,,,-0.38903483748435974,,0.38903483748435974,
1515,12127,,,-0.3865266442298889,,0.3865266442298889,
1516,12135,,,-0.3734895884990692,,0.3734895884990692,
1517,12143,,,-0.4034644663333893,,0.4034644663333893,
1518,12149,,,,-0.332358717918396,,0.332358717918396
1518,12151,,,-0.38153108954429626,,0.38153108954429626,
1519,12159,,,-0.38565126061439514,,0.38565126061439514,
1520,12167,,,-0.407640278339386,,0.407640278339386,
1521,12175,,,-0.389072984457016,,0.389072984457016,
1522,12183,,,-0.39626312255859375,,0.39626312255859375,
1523,12191,,,-0.3844013810157776,,0.3844013810157776,
1524,12199,,,,-0.46708422899246216,,0.46708422899246216
1524,12199,,,-0.39586788415908813,,0.39586788415908813,
1525,12207,,,-0.38151055574417114,,0.38151055574417114,
1526,12215,,,-0.3790316581726074,,0.3790316581726074,
1527,12223,,,-0.4065482020378113,,0.4065482020378113,
1528,12231,,,-0.3744564354419708,,0.3744564354419708,
1529,12239,,,-0.3881349265575409,,0.3881349265575409,
1530,12247,,,-0.38349899649620056,,0.38349899649620056,
1531,12249,,,,-0.3257126808166504,,0.3257126808166504
1531,12255,,,-0.39118117094039917,,0.39118117094039917,
1532,12263,,,-0.40143120288848877,,0.40143120288848877,
1533,12271,,,-0.3922611176967621,,0.3922611176967621,
1534,12279,,,-0.3789566457271576,,0.3789566457271576,
1535,12287,,,-0.3787495493888855,,0.3787495493888855,
1536,12295,,,-0.3911435008049011,,0.3911435008049011,
1537,12299,,,,-0.4153067469596863,,0.4153067469596863
1537,12303,,,-0.38523563742637634,,0.38523563742637634,
1538,12311,,,-0.3860788941383362,,0.3860788941383362,
1539,12319,,,-0.40041014552116394,,0.40041014552116394,
1540,12327,,,-0.39194750785827637,,0.39194750785827637,
1541,12335,,,-0.3762149512767792,,0.3762149512767792,
1542,12343,,,-0.40989717841148376,,0.40989717841148376,
1543,12349,,,,-0.4127464294433594,,0.4127464294433594
1543,12351,,,-0.38020071387290955,,0.38020071387290955,
1544,12359,,,-0.43178388476371765,,0.43178388476371765,
1545,12367,,,-0.3727598488330841,,0.3727598488330841,
1546,12375,,,-0.38269659876823425,,0.38269659876823425,
1547,12383,,,-0.38131099939346313,,0.38131099939346313,
1548,12391,,,-0.387285441160202,,0.387285441160202,
1549,12399,,,,-0.560172438621521,,0.560172438621521
1549,12399,,,-0.40760451555252075,,0.40760451555252075,
1550,12407,,,-0.38160794973373413,,0.38160794973373413,
1551,12415,,,-0.4066966772079468,,0.4066966772079468,
1552,12423,,,-0.38222819566726685,,0.38222819566726685,
1553,12431,,,-0.40502071380615234,,0.40502071380615234,
1554,12439,,,-0.38913166522979736,,0.38913166522979736,
1555,12447,,,-0.3777104616165161,,0.3777104616165161,
1556,12449,,,,-0.4932997226715088,,0.4932997226715088
1556,12455,,,-0.39280667901039124,,0.39280667901039124,
1557,12463,,,-0.39200660586357117,,0.39200660586357117,
1558,12471,,,-0.3846915066242218,,0.3846915066242218,
1559,12479,,,-0.3825981318950653,,0.3825981318950653,
1560,12487,,,-0.3848685622215271,,0.3848685622215271,
1561,12495,,,-0.3808479607105255,,0.3808479607105255,
1562,12499,,,,-0.4166424870491028,,0.4166424870491028
1562,12503,,,-0.3789481520652771,,0.3789481520652771,
1563,12511,,,-0.39558660984039307,,0.39558660984039307,
1564,12519,,,-0.3867937922477722,,0.3867937922477722,
1565,12527,,,-0.3878113627433777,,0.3878113627433777,
1566,12535,,,-0.39063316583633423,,0.39063316583633423,
1567,12543,,,-0.3928045928478241,,0.3928045928478241,
1568,12549,,,,-0.41062670946121216,,0.41062670946121216
1568,12551,,,-0.3999907374382019,,0.3999907374382019,
1569,12559,,,-0.4047190845012665,,0.4047190845012665,
1570,12567,,,-0.38090765476226807,,0.38090765476226807,
1571,12575,,,-0.39657461643218994,,0.39657461643218994,
1572,12583,,,-0.39979344606399536,,0.39979344606399536,
1573,12591,,,-0.3914692997932434,,0.3914692997932434,
1574,12599,,,,-0.3428678512573242,,0.3428678512573242
1574,12599,,,-0.4099462330341339,,0.4099462330341339,
1575,12607,,,-0.39817267656326294,,0.39817267656326294,
1576,12615,,,-0.38886016607284546,,0.38886016607284546,
1577,12623,,,-0.37881436944007874,,0.37881436944007874,
1578,12631,,,-0.39398837089538574,,0.39398837089538574,
1579,12639,,,-0.3858201205730438,,0.3858201205730438,
1580,12647,,,-0.38541847467422485,,0.38541847467422485,
1581,12649,,,,-0.4072267413139343,,0.4072267413139343
1581,12655,,,-0.38584014773368835,,0.38584014773368835,
1582,12663,,,-0.38371071219444275,,0.38371071219444275,
1583,12671,,,-0.38162603974342346,,0.38162603974342346,
1584,12679,,,-0.4093276262283325,,0.4093276262283325,
1585,12687,,,-0.3845275044441223,,0.3845275044441223,
1586,12695,,,-0.38598012924194336,,0.38598012924194336,
1587,12699,,,,-0.5066009163856506,,0.5066009163856506
1587,12703,,,-0.3958348035812378,,0.3958348035812378,
1588,12711,,,-0.38339218497276306,,0.38339218497276306,
1589,12719,,,-0.4069575369358063,,0.4069575369358063,
1590,12727,,,-0.37565651535987854,,0.37565651535987854,
1591,12735,,,-0.39960697293281555,,0.39960697293281555,
1592,12743,,,-0.3793658912181854,,0.3793658912181854,
1593,12749,,,,-0.29348650574684143,,0.29348650574684143
1593,12751,,,-0.3834918141365051,,0.3834918141365051,
1594,12759,,,-0.4013417363166809,,0.4013417363166809,
1595,12767,,,-0.37976354360580444,,0.37976354360580444,
1596,12775,,,-0.3857347071170807,,0.3857347071170807,
1597,12783,,,-0.37773969769477844,,0.37773969769477844,
1598,12791,,,-0.3933807909488678,,0.3933807909488678,
1599,12799,,,,-0.40559616684913635,,0.40559616684913635
1599,12799,,,-0.3950459361076355,,0.3950459361076355,
1600,12807,,,-0.39194008708000183,,0.39194008708000183,
1601,12815,,,-0.3959353566169739,,0.3959353566169739,
1602,12823,,,-0.37049487233161926,,0.37049487233161926,
1603,12831,,,-0.3949843645095825,,0.3949843645095825,
1604,12839,,,-0.3852597773075104,,0.3852597773075104,
1605,12847,,,-0.3848229944705963,,0.3848229944705963,
1606,12849,,,,-0.26506051421165466,,0.26506051421165466
1606,12855,,,-0.3836982846260071,,0.3836982846260071,
1607,12863,,,-0.3867640495300293,,0.3867640495300293,
1608,12871,,,-0.4154948592185974,,0.4154948592185974,
1609,12879,,,-0.40880611538887024,,0.40880611538887024,
1610,12887,,,-0.3779812157154083,,0.3779812157154083,
1611,12895,,,-0.39617636799812317,,0.39617636799812317,
1612,12899,,,,-0.34958726167678833,,0.34958726167678833
1612,12903,,,-0.3765736520290375,,0.3765736520290375,
1613,12911,,,-0.42246922850608826,,0.42246922850608826,
1614,12919,,,-0.3918263614177704,,0.3918263614177704,
1615,12927,,,-0.395746111869812,,0.395746111869812,
1616,12935,,,-0.39640310406684875,,0.39640310406684875,
1617,12943,,,-0.3860000669956207,,0.3860000669956207,
1618,12949,,,,-0.3129444122314453,,0.3129444122314453
1618,12951,,,-0.3760474920272827,,0.3760474920272827,
1619,12959,,,-0.38363784551620483,,0.38363784551620483,
1620,12967,,,-0.3788474500179291,,0.3788474500179291,
1621,12975,,,-0.37955307960510254,,0.37955307960510254,
1622,12983,,,-0.38798651099205017,,0.38798651099205017,
1623,12991,,,-0.3968825340270996,,0.3968825340270996,
1624,12999,,,,-0.3510364592075348,,0.3510364592075348
1624,12999,,,-0.39679983258247375,,0.39679983258247375,
1625,13007,,,-0.403178870677948,,0.403178870677948,
1626,13015,,,-0.4038362205028534,,0.4038362205028534,
1627,13023,,,-0.38223573565483093,,0.38223573565483093,
1628,13031,,,-0.40076062083244324,,0.40076062083244324,
1629,13039,,,-0.3938601016998291,,0.3938601016998291,
1630,13047,,,-0.40572071075439453,,0.40572071075439453,
1631,13049,,,,-0.458456426858902,,0.458456426858902
1631,13055,,,-0.40662720799446106,,0.40662720799446106,
1632,13063,,,-0.3808790147304535,,0.3808790147304535,
1633,13071,,,-0.3840283751487732,,0.3840283751487732,
1634,13079,,,-0.3811035752296448,,0.3811035752296448,
1635,13087,,,-0.38525819778442383,,0.38525819778442383,
1636,13095,,,-0.3849269151687622,,0.3849269151687622,
1637,13099,,,,-0.351006418466568,,0.351006418466568
1637,13103,,,-0.38567954301834106,,0.38567954301834106,
1638,13111,,,-0.42633628845214844,,0.42633628845214844,
1639,13119,,,-0.3874262571334839,,0.3874262571334839,
1640,13127,,,-0.38619622588157654,,0.38619622588157654,
1641,13135,,,-0.3901635706424713,,0.3901635706424713,
1642,13143,,,-0.41111841797828674,,0.41111841797828674,
1643,13149,,,,-0.2568988800048828,,0.2568988800048828
1643,13151,,,-0.37637415528297424,,0.37637415528297424,
1644,13159,,,-0.39354729652404785,,0.39354729652404785,
1645,13167,,,-0.39675721526145935,,0.39675721526145935,
1646,13175,,,-0.4040297865867615,,0.4040297865867615,
1647,13183,,,-0.38088276982307434,,0.38088276982307434,
1648,13191,,,-0.38100090622901917,,0.38100090622901917,
1649,13199,,,,-0.47092896699905396,,0.47092896699905396
1649,13199,,,-0.42528003454208374,,0.42528003454208374,
1650,13207,,,-0.38955196738243103,,0.38955196738243103,
1651,13215,,,-0.3883556127548218,,0.3883556127548218,
1652,13223,,,-0.4470113217830658,,0.4470113217830658,
1653,13231,,,-0.3887194097042084,,0.3887194097042084,
1654,13239,,,-0.3889787197113037,,0.3889787197113037,
1655,13247,,,-0.39047184586524963,,0.39047184586524963,
1656,13249,,,,-0.4312495291233063,,0.4312495291233063
1656,13255,,,-0.3792784810066223,,0.3792784810066223,
1657,13263,,,-0.3840855360031128,,0.3840855360031128,
1658,13271,,,-0.39828789234161377,,0.39828789234161377,
1659,13279,,,-0.3754623830318451,,0.3754623830318451,
1660,13287,,,-0.37667807936668396,,0.37667807936668396,
1661,13295,,,-0.3962455689907074,,0.3962455689907074,
1662,13299,,,,-0.3767997622489929,,0.3767997622489929
1662,13303,,,-0.42594462633132935,,0.42594462633132935,
1663,13311,,,-0.40594276785850525,,0.40594276785850525,
1664,13319,,,-0.387577623128891,,0.387577623128891,
1665,13327,,,-0.38032054901123047,,0.38032054901123047,
1666,13335,,,-0.38163021206855774,,0.38163021206855774,
1667,13343,,,-0.38219931721687317,,0.38219931721687317,
1668,13349,,,,-0.4871348440647125,,0.4871348440647125
1668,13351,,,-0.3859907388687134,,0.3859907388687134,
1669,13359,,,-0.3855535089969635,,0.3855535089969635,
1670,13367,,,-0.3910011351108551,,0.3910011351108551,
1671,13375,,,-0.38801681995391846,,0.38801681995391846,
1672,13383,,,-0.40354979038238525,,0.40354979038238525,
1673,13391,,,-0.3993817865848541,,0.3993817865848541,
1674,13399,,,,-0.36612772941589355,,0.36612772941589355
1674,13399,,,-0.3852168023586273,,0.3852168023586273,
1675,13407,,,-0.37968775629997253,,0.37968775629997253,
1676,13415,,,-0.3891083598136902,,0.3891083598136902,
1677,13423,,,-0.3803443908691406,,0.3803443908691406,
1678,13431,,,-0.39195379614830017,,0.39195379614830017,
1679,13439,,,-0.395325630903244,,0.395325630903244,
1680,13447,,,-0.3906707763671875,,0.3906707763671875,
1681,13449,,,,-0.33909425139427185,,0.33909425139427185
1681,13455,,,-0.37629950046539307,,0.37629950046539307,
1682,13463,,,-0.3835439085960388,,0.3835439085960388,
1683,13471,,,-0.3865620195865631,,0.3865620195865631,
1684,13479,,,-0.39821574091911316,,0.39821574091911316,
1685,13487,,,-0.3906708359718323,,0.3906708359718323,
1686,13495,,,-0.405487984418869,,0.405487984418869,
1687,13499,,,,-0.7809837460517883,,0.7809837460517883
1687,13503,,,-0.42555204033851624,,0.42555204033851624,
1688,13511,,,-0.3777165412902832,,0.3777165412902832,
1689,13519,,,-0.42065370082855225,,0.42065370082855225,
1690,13527,,,-0.40909308195114136,,0.40909308195114136,
1691,13535,,,-0.39387592673301697,,0.39387592673301697,
1692,13543,,,-0.39903131127357483,,0.39903131127357483,
1693,13549,,,,-0.2771824896335602,,0.2771824896335602
1693,13551,,,-0.4094538986682892,,0.4094538986682892,
1694,13559,,,-0.38459041714668274,,0.38459041714668274,
1695,13567,,,-0.4113805592060089,,0.4113805592060089,
1696,13575,,,-0.4014641344547272,,0.4014641344547272,
1697,13583,,,-0.39629486203193665,,0.39629486203193665,
1698,13591,,,-0.3971250355243683,,0.3971250355243683,
1699,13599,,,,-0.36223307251930237,,0.36223307251930237
1699,13599,,,-0.39279091358184814,,0.39279091358184814,
1700,13607,,,-0.38919684290885925,,0.38919684290885925,
1701,13615,,,-0.3921954035758972,,0.3921954035758972,
1702,13623,,,-0.3903660178184509,,0.3903660178184509,
1703,13631,,,-0.396122008562088,,0.396122008562088,
1704,13639,,,-0.4036594331264496,,0.4036594331264496,
1705,13647,,,-0.39367878437042236,,0.39367878437042236,
1706,13649,,,,-0.31281766295433044,,0.31281766295433044
1706,13655,,,-0.405454158782959,,0.405454158782959,
1707,13663,,,-0.3847825229167938,,0.3847825229167938,
1708,13671,,,-0.40793880820274353,,0.40793880820274353,
1709,13679,,,-0.3808199167251587,,0.3808199167251587,
1710,13687,,,-0.3970333933830261,,0.3970333933830261,
1711,13695,,,-0.38638997077941895,,0.38638997077941895,
1712,13699,,,,-0.3270627558231354,,0.3270627558231354
1712,13703,,,-0.38649964332580566,,0.38649964332580566,
1713,13711,,,-0.38156405091285706,,0.38156405091285706,
1714,13719,,,-0.3944703936576843,,0.3944703936576843,
1715,13727,,,-0.3820038437843323,,0.3820038437843323,
1716,13735,,,-0.409018337726593,,0.409018337726593,
1717,13743,,,-0.3918490707874298,,0.3918490707874298,
1718,13749,,,,-0.3961009383201599,,0.3961009383201599
1718,13751,,,-0.40477070212364197,,0.40477070212364197,
1719,13759,,,-0.3810005486011505,,0.3810005486011505,
1720,13767,,,-0.3807661831378937,,0.3807661831378937,
1721,13775,,,-0.39634424448013306,,0.39634424448013306,
1722,13783,,,-0.4025251269340515,,0.4025251269340515,
1723,13791,,,-0.3924136757850647,,0.3924136757850647,
1724,13799,,,,-0.3777363896369934,,0.3777363896369934
1724,13799,,,-0.3756375312805176,,0.3756375312805176,
1725,13807,,,-0.37877655029296875,,0.37877655029296875,
1726,13815,,,-0.42117440700531006,,0.42117440700531006,
1727,13823,,,-0.42567265033721924,,0.42567265033721924,
1728,13831,,,-0.3940281271934509,,0.3940281271934509,
1729,13839,,,-0.3892596364021301,,0.3892596364021301,
1730,13847,,,-0.4149668514728546,,0.4149668514728546,
1731,13849,,,,-0.3594670295715332,,0.3594670295715332
1731,13855,,,-0.40783169865608215,,0.40783169865608215,
1732,13863,,,-0.4252750873565674,,0.4252750873565674,
1733,13871,,,-0.40074455738067627,,0.40074455738067627,
1734,13879,,,-0.37887823581695557,,0.37887823581695557,
1735,13887,,,-0.3913138806819916,,0.3913138806819916,
1736,13895,,,-0.38828638195991516,,0.38828638195991516,
1737,13899,,,,-0.31908154487609863,,0.31908154487609863
1737,13903,,,-0.39451515674591064,,0.39451515674591064,
1738,13911,,,-0.39542272686958313,,0.39542272686958313,
1739,13919,,,-0.3954293429851532,,0.3954293429851532,
1740,13927,,,-0.41058349609375,,0.41058349609375,
1741,13935,,,-0.39959973096847534,,0.39959973096847534,
1742,13943,,,-0.39399468898773193,,0.39399468898773193,
1743,13949,,,,-0.7451822757720947,,0.7451822757720947
1743,13951,,,-0.4029962122440338,,0.4029962122440338,
1744,13959,,,-0.3775896430015564,,0.3775896430015564,
1745,13967,,,-0.4040517508983612,,0.4040517508983612,
1746,13975,,,-0.4108617305755615,,0.4108617305755615,
1747,13983,,,-0.4004284739494324,,0.4004284739494324,
1748,13991,,,-0.3951743245124817,,0.3951743245124817,
1749,13999,,,,-0.4027632772922516,,0.4027632772922516
1749,13999,,,-0.3954220116138458,,0.3954220116138458,
1750,14007,,,-0.41205576062202454,,0.41205576062202454,
1751,14015,,,-0.38463151454925537,,0.38463151454925537,
1752,14023,,,-0.38937026262283325,,0.38937026262283325,
1753,14031,,,-0.3767837584018707,,0.3767837584018707,
1754,14039,,,-0.3809956908226013,,0.3809956908226013,
1755,14047,,,-0.39830881357192993,,0.39830881357192993,
1756,14049,,,,-0.36682048439979553,,0.36682048439979553
1756,14055,,,-0.37859416007995605,,0.37859416007995605,
1757,14063,,,-0.39442434906959534,,0.39442434906959534,
1758,14071,,,-0.4000885784626007,,0.4000885784626007,
1759,14079,,,-0.38719499111175537,,0.38719499111175537,
1760,14087,,,-0.3853560984134674,,0.3853560984134674,
1761,14095,,,-0.40729475021362305,,0.40729475021362305,
1762,14099,,,,-0.27072080969810486,,0.27072080969810486
1762,14103,,,-0.40255773067474365,,0.40255773067474365,
1763,14111,,,-0.400275856256485,,0.400275856256485,
1764,14119,,,-0.39380013942718506,,0.39380013942718506,
1765,14127,,,-0.400964617729187,,0.400964617729187,
1766,14135,,,-0.3920304775238037,,0.3920304775238037,
1767,14143,,,-0.41537025570869446,,0.41537025570869446,
1768,14149,,,,-0.3756796717643738,,0.3756796717643738
1768,14151,,,-0.40149879455566406,,0.40149879455566406,
1769,14159,,,-0.3960803151130676,,0.3960803151130676,
1770,14167,,,-0.38778695464134216,,0.38778695464134216,
1771,14175,,,-0.3983122706413269,,0.3983122706413269,
1772,14183,,,-0.4301944375038147,,0.4301944375038147,
1773,14191,,,-0.3995632827281952,,0.3995632827281952,
1774,14199,,,,-0.31719455122947693,,0.31719455122947693
1774,14199,,,-0.4041941463947296,,0.4041941463947296,
1775,14207,,,-0.40422600507736206,,0.40422600507736206,
1776,14215,,,-0.3849089741706848,,0.3849089741706848,
1777,14223,,,-0.3866627514362335,,0.3866627514362335,
1778,14231,,,-0.40535223484039307,,0.40535223484039307,
1779,14239,,,-0.4002017676830292,,0.4002017676830292,
1780,14247,,,-0.386020302772522,,0.386020302772522,
1781,14249,,,,-0.34811609983444214,,0.34811609983444214
1781,14255,,,-0.4025242030620575,,0.4025242030620575,
1782,14263,,,-0.40630826354026794,,0.40630826354026794,
1783,14271,,,-0.41079190373420715,,0.41079190373420715,
1784,14279,,,-0.39710888266563416,,0.39710888266563416,
1785,14287,,,-0.41239288449287415,,0.41239288449287415,
1786,14295,,,-0.37718236446380615,,0.37718236446380615,
1787,14299,,,,-0.30316510796546936,,0.30316510796546936
1787,14303,,,-0.4035959839820862,,0.4035959839820862,
1788,14311,,,-0.39118602871894836,,0.39118602871894836,
1789,14319,,,-0.41261395812034607,,0.41261395812034607,
1790,14327,,,-0.4076490104198456,,0.4076490104198456,
1791,14335,,,-0.39447081089019775,,0.39447081089019775,
1792,14343,,,-0.4008222222328186,,0.4008222222328186,
1793,14349,,,,-0.39517974853515625,,0.39517974853515625
1793,14351,,,-0.3883635997772217,,0.3883635997772217,
1794,14359,,,-0.40728887915611267,,0.40728887915611267,
1795,14367,,,-0.4030449092388153,,0.4030449092388153,
1796,14375,,,-0.42075181007385254,,0.42075181007385254,
1797,14383,,,-0.40377092361450195,,0.40377092361450195,
1798,14391,,,-0.38080960512161255,,0.38080960512161255,
1799,14399,,,,-0.47360265254974365,,0.47360265254974365
1799,14399,,,-0.4140174686908722,,0.4140174686908722,
1800,14407,,,-0.38580742478370667,,0.38580742478370667,
1801,14415,,,-0.3959495425224304,,0.3959495425224304,
1802,14423,,,-0.40837734937667847,,0.40837734937667847,
1803,14431,,,-0.40210026502609253,,0.40210026502609253,
1804,14439,,,-0.4262678623199463,,0.4262678623199463,
1805,14447,,,-0.3805215656757355,,0.3805215656757355,
1806,14449,,,,-0.2764798700809479,,0.2764798700809479
1806,14455,,,-0.39655327796936035,,0.39655327796936035,
1807,14463,,,-0.4128727912902832,,0.4128727912902832,
1808,14471,,,-0.42214179039001465,,0.42214179039001465,
1809,14479,,,-0.3942106068134308,,0.3942106068134308,
1810,14487,,,-0.3841865360736847,,0.3841865360736847,
1811,14495,,,-0.3910048007965088,,0.3910048007965088,
1812,14499,,,,-0.5770481824874878,,0.5770481824874878
1812,14503,,,-0.3865848183631897,,0.3865848183631897,
1813,14511,,,-0.4132612645626068,,0.4132612645626068,
1814,14519,,,-0.3958348035812378,,0.3958348035812378,
1815,14527,,,-0.410015732049942,,0.410015732049942,
1816,14535,,,-0.3970854878425598,,0.3970854878425598,
1817,14543,,,-0.4151850640773773,,0.4151850640773773,
1818,14549,,,,-0.4677979350090027,,0.4677979350090027
1818,14551,,,-0.38894927501678467,,0.38894927501678467,
1819,14559,,,-0.40966132283210754,,0.40966132283210754,
1820,14567,,,-0.4099811911582947,,0.4099811911582947,
1821,14575,,,-0.41384658217430115,,0.41384658217430115,
1822,14583,,,-0.3802033066749573,,0.3802033066749573,
1823,14591,,,-0.4073247015476227,,0.4073247015476227,
1824,14599,,,,-0.3476645052433014,,0.3476645052433014
1824,14599,,,-0.404709130525589,,0.404709130525589,
1825,14607,,,-0.38141459226608276,,0.38141459226608276,
1826,14615,,,-0.3890448808670044,,0.3890448808670044,
1827,14623,,,-0.400587797164917,,0.400587797164917,
1828,14631,,,-0.39368936419487,,0.39368936419487,
1829,14639,,,-0.4422568380832672,,0.4422568380832672,
1830,14647,,,-0.38211697340011597,,0.38211697340011597,
1831,14649,,,,-0.5632129907608032,,0.5632129907608032
1831,14655,,,-0.4042087495326996,,0.4042087495326996,
1832,14663,,,-0.400980144739151,,0.400980144739151,
1833,14671,,,-0.3900940418243408,,0.3900940418243408,
1834,14679,,,-0.416765421628952,,0.416765421628952,
1835,14687,,,-0.39671289920806885,,0.39671289920806885,
1836,14695,,,-0.3988061249256134,,0.3988061249256134,
1837,14699,,,,-0.5228739976882935,,0.5228739976882935
1837,14703,,,-0.40795254707336426,,0.40795254707336426,
1838,14711,,,-0.4250694215297699,,0.4250694215297699,
1839,14719,,,-0.4086728096008301,,0.4086728096008301,
1840,14727,,,-0.4038931429386139,,0.4038931429386139,
1841,14735,,,-0.38985908031463623,,0.38985908031463623,
1842,14743,,,-0.3943304121494293,,0.3943304121494293,
1843,14749,,,,-0.42898353934288025,,0.42898353934288025
1843,14751,,,-0.4046684801578522,,0.4046684801578522,
1844,14759,,,-0.42359837889671326,,0.42359837889671326,
1845,14767,,,-0.39104756712913513,,0.39104756712913513,
1846,14775,,,-0.38661062717437744,,0.38661062717437744,
1847,14783,,,-0.4103230834007263,,0.4103230834007263,
1848,14791,,,-0.39864593744277954,,0.39864593744277954,
1849,14799,,,,-0.26103299856185913,,0.26103299856185913
1849,14799,,,-0.39153581857681274,,0.39153581857681274,
1850,14807,,,-0.3937825560569763,,0.3937825560569763,
1851,14815,,,-0.4029971957206726,,0.4029971957206726,
1852,14823,,,-0.38354119658470154,,0.38354119658470154,
1853,14831,,,-0.3866786062717438,,0.3866786062717438,
1854,14839,,,-0.40431270003318787,,0.40431270003318787,
1855,14847,,,-0.4128182530403137,,0.4128182530403137,
1856,14849,,,,-0.3551453649997711,,0.3551453649997711
1856,14855,,,-0.3953283429145813,,0.3953283429145813,
1857,14863,,,-0.40275314450263977,,0.40275314450263977,
1858,14871,,,-0.40866899490356445,,0.40866899490356445,
1859,14879,,,-0.3970988690853119,,0.3970988690853119,
1860,14887,,,-0.400663286447525,,0.400663286447525,
1861,14895,,,-0.39265918731689453,,0.39265918731689453,
1862,14899,,,,-0.7203797101974487,,0.7203797101974487
1862,14903,,,-0.41414764523506165,,0.41414764523506165,
1863,14911,,,-0.40263423323631287,,0.40263423323631287,
1864,14919,,,-0.4011322855949402,,0.4011322855949402,
1865,14927,,,-0.42106688022613525,,0.42106688022613525,
1866,14935,,,-0.3891884684562683,,0.3891884684562683,
1867,14943,,,-0.4238194227218628,,0.4238194227218628,
1868,14949,,,,-0.2911651134490967,,0.2911651134490967
1868,14951,,,-0.3901086747646332,,0.3901086747646332,
1869,14959,,,-0.40066713094711304,,0.40066713094711304,
1870,14967,,,-0.3858211040496826,,0.3858211040496826,
1871,14975,,,-0.38783660531044006,,0.38783660531044006,
1872,14983,,,-0.3855288028717041,,0.3855288028717041,
1873,14991,,,-0.4136064350605011,,0.4136064350605011,
1874,14999,,,,-0.312645822763443,,0.312645822763443
1874,14999,,,-0.4156474471092224,,0.4156474471092224,
1875,15007,,,-0.40596622228622437,,0.40596622228622437,
1876,15015,,,-0.38983675837516785,,0.38983675837516785,
1877,15023,,,-0.3868698477745056,,0.3868698477745056,
1878,15031,,,-0.3880661725997925,,0.3880661725997925,
1879,15039,,,-0.38967856764793396,,0.38967856764793396,
1880,15047,,,-0.3986421525478363,,0.3986421525478363,
1881,15049,,,,-0.5137263536453247,,0.5137263536453247
1881,15055,,,-0.39549776911735535,,0.39549776911735535,
1882,15063,,,-0.38667452335357666,,0.38667452335357666,
1883,15071,,,-0.42887094616889954,,0.42887094616889954,
1884,15079,,,-0.40679654479026794,,0.40679654479026794,
1885,15087,,,-0.3950788080692291,,0.3950788080692291,
1886,15095,,,-0.39226120710372925,,0.39226120710372925,
1887,15099,,,,-0.4277973175048828,,0.4277973175048828
1887,15103,,,-0.39508622884750366,,0.39508622884750366,
1888,15111,,,-0.4353688955307007,,0.4353688955307007,
1889,15119,,,-0.3982461988925934,,0.3982461988925934,
1890,15127,,,-0.40646126866340637,,0.40646126866340637,
1891,15135,,,-0.3848026692867279,,0.3848026692867279,
1892,15143,,,-0.40322521328926086,,0.40322521328926086,
1893,15149,,,,-0.34851130843162537,,0.34851130843162537
1893,15151,,,-0.4203304052352905,,0.4203304052352905,
1894,15159,,,-0.38893675804138184,,0.38893675804138184,
1895,15167,,,-0.41137728095054626,,0.41137728095054626,
1896,15175,,,-0.4253670275211334,,0.4253670275211334,
1897,15183,,,-0.39237305521965027,,0.39237305521965027,
1898,15191,,,-0.4262111783027649,,0.4262111783027649,
1899,15199,,,,-0.387869268655777,,0.387869268655777
1899,15199,,,-0.4265845715999603,,0.4265845715999603,
1900,15207,,,-0.3980848491191864,,0.3980848491191864,
1901,15215,,,-0.3972083628177643,,0.3972083628177643,
1902,15223,,,-0.3945057988166809,,0.3945057988166809,
1903,15231,,,-0.4067337214946747,,0.4067337214946747,
1904,15239,,,-0.39094293117523193,,0.39094293117523193,
1905,15247,,,-0.3885975778102875,,0.3885975778102875,
1906,15249,,,,-0.49880295991897583,,0.49880295991897583
1906,15255,,,-0.4073830842971802,,0.4073830842971802,
1907,15263,,,-0.3991108536720276,,0.3991108536720276,
1908,15271,,,-0.4030565023422241,,0.4030565023422241,
1909,15279,,,-0.42957764863967896,,0.42957764863967896,
1910,15287,,,-0.4145142436027527,,0.4145142436027527,
1911,15295,,,-0.3905017673969269,,0.3905017673969269,
1912,15299,,,,-0.3509734272956848,,0.3509734272956848
1912,15303,,,-0.39902159571647644,,0.39902159571647644,
1913,15311,,,-0.40185311436653137,,0.40185311436653137,
1914,15319,,,-0.39968106150627136,,0.39968106150627136,
1915,15327,,,-0.4331458508968353,,0.4331458508968353,
1916,15335,,,-0.38755449652671814,,0.38755449652671814,
1917,15343,,,-0.4047807455062866,,0.4047807455062866,
1918,15349,,,,-0.5395005941390991,,0.5395005941390991
1918,15351,,,-0.3900623917579651,,0.3900623917579651,
1919,15359,,,-0.4228949248790741,,0.4228949248790741,
1920,15367,,,-0.41316211223602295,,0.41316211223602295,
1921,15375,,,-0.39296573400497437,,0.39296573400497437,
1922,15383,,,-0.42433369159698486,,0.42433369159698486,
1923,15391,,,-0.3976127803325653,,0.3976127803325653,
1924,15399,,,,-0.29749685525894165,,0.29749685525894165
1924,15399,,,-0.45725688338279724,,0.45725688338279724,
1925,15407,,,-0.4048408567905426,,0.4048408567905426,
1926,15415,,,-0.4365291893482208,,0.4365291893482208,
1927,15423,,,-0.39063888788223267,,0.39063888788223267,
1928,15431,,,-0.38872769474983215,,0.38872769474983215,
1929,15439,,,-0.4010290801525116,,0.4010290801525116,
1930,15447,,,-0.3835843503475189,,0.3835843503475189,
1931,15449,,,,-0.4659852385520935,,0.4659852385520935
1931,15455,,,-0.38981467485427856,,0.38981467485427856,
1932,15463,,,-0.4064168930053711,,0.4064168930053711,
1933,15471,,,-0.41047579050064087,,0.41047579050064087,
1934,15479,,,-0.38826459646224976,,0.38826459646224976,
1935,15487,,,-0.39301982522010803,,0.39301982522010803,
1936,15495,,,-0.39274024963378906,,0.39274024963378906,
1937,15499,,,,-0.2720995545387268,,0.2720995545387268
1937,15503,,,-0.4092954695224762,,0.4092954695224762,
1938,15511,,,-0.40964174270629883,,0.40964174270629883,
1939,15519,,,-0.420929878950119,,0.420929878950119,
1940,15527,,,-0.41760674118995667,,0.41760674118995667,
1941,15535,,,-0.4407079219818115,,0.4407079219818115,
1942,15543,,,-0.3964025676250458,,0.3964025676250458,
1943,15549,,,,-0.7112129330635071,,0.7112129330635071
1943,15551,,,-0.4245392084121704,,0.4245392084121704,
1944,15559,,,-0.41179248690605164,,0.41179248690605164,
1945,15567,,,-0.3916186988353729,,0.3916186988353729,
1946,15575,,,-0.4067854583263397,,0.4067854583263397,
1947,15583,,,-0.41165801882743835,,0.41165801882743835,
1948,15591,,,-0.40638482570648193,,0.40638482570648193,
1949,15599,,,,-0.43762272596359253,,0.43762272596359253
1949,15599,,,-0.3799753189086914,,0.3799753189086914,
1950,15607,,,-0.39588335156440735,,0.39588335156440735,
1951,15615,,,-0.4065681993961334,,0.4065681993961334,
1952,15623,,,-0.40135785937309265,,0.40135785937309265,
1953,15631,,,-0.3849823772907257,,0.3849823772907257,
1954,15639,,,-0.3870886564254761,,0.3870886564254761,
1955,15647,,,-0.4007038474082947,,0.4007038474082947,
1956,15649,,,,-0.7515250444412231,,0.7515250444412231
1956,15655,,,-0.4083232283592224,,0.4083232283592224,
1957,15663,,,-0.44223082065582275,,0.44223082065582275,
1958,15671,,,-0.421538770198822,,0.421538770198822,
1959,15679,,,-0.42534950375556946,,0.42534950375556946,
1960,15687,,,-0.3810376822948456,,0.3810376822948456,
1961,15695,,,-0.3960804343223572,,0.3960804343223572,
1962,15699,,,,-0.4413137435913086,,0.4413137435913086
1962,15703,,,-0.39707833528518677,,0.39707833528518677,
1963,15711,,,-0.415404349565506,,0.415404349565506,
1964,15719,,,-0.391405314207077,,0.391405314207077,
1965,15727,,,-0.44593334197998047,,0.44593334197998047,
1966,15735,,,-0.4095677137374878,,0.4095677137374878,
1967,15743,,,-0.393760085105896,,0.393760085105896,
1968,15749,,,,-0.29615458846092224,,0.29615458846092224
1968,15751,,,-0.4029242992401123,,0.4029242992401123,
1969,15759,,,-0.3818081319332123,,0.3818081319332123,
1970,15767,,,-0.4126754403114319,,0.4126754403114319,
1971,15775,,,-0.39686182141304016,,0.39686182141304016,
1972,15783,,,-0.4298893213272095,,0.4298893213272095,
1973,15791,,,-0.42816680669784546,,0.42816680669784546,
1974,15799,,,,-0.43071770668029785,,0.43071770668029785
1974,15799,,,-0.3875899612903595,,0.3875899612903595,
1975,15807,,,-0.4023053050041199,,0.4023053050041199,
1976,15815,,,-0.40953102707862854,,0.40953102707862854,
1977,15823,,,-0.3932352662086487,,0.3932352662086487,
1978,15831,,,-0.41739198565483093,,0.41739198565483093,
1979,15839,,,-0.3942459523677826,,0.3942459523677826,
1980,15847,,,-0.4183124899864197,,0.4183124899864197,
1981,15849,,,,-0.41286230087280273,,0.41286230087280273
1981,15855,,,-0.4352676272392273,,0.4352676272392273,
1982,15863,,,-0.44608432054519653,,0.44608432054519653,
1983,15871,,,-0.40622076392173767,,0.40622076392173767,
1984,15879,,,-0.4032450318336487,,0.4032450318336487,
1985,15887,,,-0.38525575399398804,,0.38525575399398804,
1986,15895,,,-0.39495015144348145,,0.39495015144348145,
1987,15899,,,,-0.287653386592865,,0.287653386592865
1987,15903,,,-0.39571863412857056,,0.39571863412857056,
1988,15911,,,-0.42376211285591125,,0.42376211285591125,
1989,15919,,,-0.41509994864463806,,0.41509994864463806,
1990,15927,,,-0.42023417353630066,,0.42023417353630066,
1991,15935,,,-0.4404521584510803,,0.4404521584510803,
1992,15943,,,-0.3893456757068634,,0.3893456757068634,
1993,15949,,,,-0.4844948649406433,,0.4844948649406433
1993,15951,,,-0.3963608145713806,,0.3963608145713806,
1994,15959,,,-0.42209506034851074,,0.42209506034851074,
1995,15967,,,-0.3913087844848633,,0.3913087844848633,
1996,15975,,,-0.4191673696041107,,0.4191673696041107,
1997,15983,,,-0.388084352016449,,0.388084352016449,
1998,15991,,,-0.4333867132663727,,0.4333867132663727,
1999,15999,,,,-0.44238871335983276,,0.44238871335983276
1999,15999,,,-0.3874417841434479,,0.3874417841434479,
2000,16000,-0.30980074405670166,0.30980074405670166,,,,
