epoch,step,test_loss,test_renyi_lb,train_loss_epoch,train_loss_step,train_renyi_lb_epoch,train_renyi_lb_step
0,5,,,0.1775544136762619,,-0.1775544136762619,
1,11,,,0.15701037645339966,,-0.15701037645339966,
2,17,,,0.1369212120771408,,-0.1369212120771408,
3,23,,,0.11732838302850723,,-0.11732838302850723,
4,29,,,0.0982147678732872,,-0.0982147678732872,
5,35,,,0.07946859300136566,,-0.07946859300136566,
6,41,,,0.06110561266541481,,-0.06110561266541481,
7,47,,,0.04305797442793846,,-0.04305797442793846,
8,49,,,,0.028881549835205078,,-0.028881549835205078
8,53,,,0.025220287963747978,,-0.025220287963747978,
9,59,,,0.007776731159538031,,-0.007776731159538031,
10,65,,,-0.0092698372900486,,0.0092698372900486,
11,71,,,-0.026076948270201683,,0.026076948270201683,
12,77,,,-0.04271773248910904,,0.04271773248910904,
13,83,,,-0.05897551774978638,,0.05897551774978638,
14,89,,,-0.07494514435529709,,0.07494514435529709,
15,95,,,-0.09073347598314285,,0.09073347598314285,
16,99,,,,-0.1088871955871582,,0.1088871955871582
16,101,,,-0.10628005862236023,,0.10628005862236023,
17,107,,,-0.12126579880714417,,0.12126579880714417,
18,113,,,-0.13572528958320618,,0.13572528958320618,
19,119,,,-0.14985185861587524,,0.14985185861587524,
20,125,,,-0.16363027691841125,,0.16363027691841125,
21,131,,,-0.1770707219839096,,0.1770707219839096,
22,137,,,-0.19018585979938507,,0.19018585979938507,
23,143,,,-0.20291392505168915,,0.20291392505168915,
24,149,,,,-0.21192216873168945,,0.21192216873168945
24,149,,,-0.21535275876522064,,0.21535275876522064,
25,155,,,-0.22731414437294006,,0.22731414437294006,
26,161,,,-0.23848308622837067,,0.23848308622837067,
27,167,,,-0.24901165068149567,,0.24901165068149567,
28,173,,,-0.25937750935554504,,0.25937750935554504,
29,179,,,-0.2696504592895508,,0.2696504592895508,
30,185,,,-0.27980369329452515,,0.27980369329452515,
31,191,,,-0.28999313712120056,,0.28999313712120056,
32,197,,,-0.30015239119529724,,0.30015239119529724,
33,199,,,,-0.3110971450805664,,0.3110971450805664
33,203,,,-0.31031304597854614,,0.31031304597854614,
34,209,,,-0.3204165995121002,,0.3204165995121002,
35,215,,,-0.33041849732398987,,0.33041849732398987,
36,221,,,-0.3404722809791565,,0.3404722809791565,
37,227,,,-0.35046496987342834,,0.35046496987342834,
38,233,,,-0.3604097068309784,,0.3604097068309784,
39,239,,,-0.3702181577682495,,0.3702181577682495,
40,245,,,-0.3800397515296936,,0.3800397515296936,
41,249,,,,-0.4037153720855713,,0.4037153720855713
41,251,,,-0.3897455930709839,,0.3897455930709839,
42,257,,,-0.39927807450294495,,0.39927807450294495,
43,263,,,-0.40850239992141724,,0.40850239992141724,
44,269,,,-0.4175969660282135,,0.4175969660282135,
45,275,,,-0.426606148481369,,0.426606148481369,
46,281,,,-0.43544837832450867,,0.43544837832450867,
47,287,,,-0.44403037428855896,,0.44403037428855896,
48,293,,,-0.45252111554145813,,0.45252111554145813,
49,299,,,,-0.4591693878173828,,0.4591693878173828
49,299,,,-0.4609294533729553,,0.4609294533729553,
50,305,,,-0.4692492187023163,,0.4692492187023163,
51,311,,,-0.477406769990921,,0.477406769990921,
52,317,,,-0.4855215549468994,,0.4855215549468994,
53,323,,,-0.4936577379703522,,0.4936577379703522,
54,329,,,-0.5014110207557678,,0.5014110207557678,
55,335,,,-0.5092743039131165,,0.5092743039131165,
56,341,,,-0.5170981287956238,,0.5170981287956238,
57,347,,,-0.5248128175735474,,0.5248128175735474,
58,349,,,,-0.5226221084594727,,0.5226221084594727
58,353,,,-0.5323785543441772,,0.5323785543441772,
59,359,,,-0.5399804711341858,,0.5399804711341858,
60,365,,,-0.5473388433456421,,0.5473388433456421,
61,371,,,-0.5547584295272827,,0.5547584295272827,
62,377,,,-0.5620158314704895,,0.5620158314704895,
63,383,,,-0.5690665245056152,,0.5690665245056152,
64,389,,,-0.5759972333908081,,0.5759972333908081,
65,395,,,-0.5829617977142334,,0.5829617977142334,
66,399,,,,-0.5925681591033936,,0.5925681591033936
66,401,,,-0.5897219181060791,,0.5897219181060791,
67,407,,,-0.596604585647583,,0.596604585647583,
68,413,,,-0.6035196781158447,,0.6035196781158447,
69,419,,,-0.6101906299591064,,0.6101906299591064,
70,425,,,-0.6168287396430969,,0.6168287396430969,
71,431,,,-0.6233476400375366,,0.6233476400375366,
72,437,,,-0.6298254728317261,,0.6298254728317261,
73,443,,,-0.636020839214325,,0.636020839214325,
74,449,,,,-0.5503156185150146,,0.5503156185150146
74,449,,,-0.6421849727630615,,0.6421849727630615,
75,455,,,-0.6482540965080261,,0.6482540965080261,
76,461,,,-0.6541523933410645,,0.6541523933410645,
77,467,,,-0.6601131558418274,,0.6601131558418274,
78,473,,,-0.6658286452293396,,0.6658286452293396,
79,479,,,-0.671598494052887,,0.671598494052887,
80,485,,,-0.6773532629013062,,0.6773532629013062,
81,491,,,-0.6830286979675293,,0.6830286979675293,
82,497,,,-0.6888548135757446,,0.6888548135757446,
83,499,,,,-0.7100002765655518,,0.7100002765655518
83,503,,,-0.694240152835846,,0.694240152835846,
84,509,,,-0.6997266411781311,,0.6997266411781311,
85,515,,,-0.7050894498825073,,0.7050894498825073,
86,521,,,-0.7105851769447327,,0.7105851769447327,
87,527,,,-0.7156127691268921,,0.7156127691268921,
88,533,,,-0.7209247946739197,,0.7209247946739197,
89,539,,,-0.7260119318962097,,0.7260119318962097,
90,545,,,-0.7312511801719666,,0.7312511801719666,
91,549,,,,-0.7520465850830078,,0.7520465850830078
91,551,,,-0.7361266016960144,,0.7361266016960144,
92,557,,,-0.7412171363830566,,0.7412171363830566,
93,563,,,-0.7456320524215698,,0.7456320524215698,
94,569,,,-0.7506266236305237,,0.7506266236305237,
95,575,,,-0.7550324201583862,,0.7550324201583862,
96,581,,,-0.7596948742866516,,0.7596948742866516,
97,587,,,-0.764499306678772,,0.764499306678772,
98,593,,,-0.7696374654769897,,0.7696374654769897,
99,599,,,,-0.8505043983459473,,0.8505043983459473
99,599,,,-0.7740274667739868,,0.7740274667739868,
100,605,,,-0.7784146070480347,,0.7784146070480347,
101,611,,,-0.7828538417816162,,0.7828538417816162,
102,617,,,-0.7869229316711426,,0.7869229316711426,
103,623,,,-0.7912866473197937,,0.7912866473197937,
104,629,,,-0.7956016659736633,,0.7956016659736633,
105,635,,,-0.7996712923049927,,0.7996712923049927,
106,641,,,-0.8037374019622803,,0.8037374019622803,
107,647,,,-0.807976245880127,,0.807976245880127,
108,649,,,,-0.8267288208007812,,0.8267288208007812
108,653,,,-0.8117896318435669,,0.8117896318435669,
109,659,,,-0.8157017230987549,,0.8157017230987549,
110,665,,,-0.8195434808731079,,0.8195434808731079,
111,671,,,-0.8232250213623047,,0.8232250213623047,
112,677,,,-0.826972484588623,,0.826972484588623,
113,683,,,-0.8305293321609497,,0.8305293321609497,
114,689,,,-0.8341399431228638,,0.8341399431228638,
115,695,,,-0.8377466797828674,,0.8377466797828674,
116,699,,,,-0.8411688804626465,,0.8411688804626465
116,701,,,-0.8410598635673523,,0.8410598635673523,
117,707,,,-0.8445832133293152,,0.8445832133293152,
118,713,,,-0.8481501936912537,,0.8481501936912537,
119,719,,,-0.851636528968811,,0.851636528968811,
120,725,,,-0.8547250628471375,,0.8547250628471375,
121,731,,,-0.857901394367218,,0.857901394367218,
122,737,,,-0.8614387512207031,,0.8614387512207031,
123,743,,,-0.864629864692688,,0.864629864692688,
124,749,,,,-0.885644793510437,,0.885644793510437
124,749,,,-0.8673935532569885,,0.8673935532569885,
125,755,,,-0.8707137107849121,,0.8707137107849121,
126,761,,,-0.8742660284042358,,0.8742660284042358,
127,767,,,-0.8775235414505005,,0.8775235414505005,
128,773,,,-0.8797441124916077,,0.8797441124916077,
129,779,,,-0.8828154802322388,,0.8828154802322388,
130,785,,,-0.8855491876602173,,0.8855491876602173,
131,791,,,-0.8890442252159119,,0.8890442252159119,
132,797,,,-0.8913781642913818,,0.8913781642913818,
133,799,,,,-0.8872418403625488,,0.8872418403625488
133,803,,,-0.8942439556121826,,0.8942439556121826,
134,809,,,-0.8971381783485413,,0.8971381783485413,
135,815,,,-0.9001088738441467,,0.9001088738441467,
136,821,,,-0.9021871089935303,,0.9021871089935303,
137,827,,,-0.9051328897476196,,0.9051328897476196,
138,833,,,-0.9072462320327759,,0.9072462320327759,
139,839,,,-0.9097059369087219,,0.9097059369087219,
140,845,,,-0.9121450781822205,,0.9121450781822205,
141,849,,,,-0.9219510555267334,,0.9219510555267334
141,851,,,-0.915285587310791,,0.915285587310791,
142,857,,,-0.9178745746612549,,0.9178745746612549,
143,863,,,-0.9204279780387878,,0.9204279780387878,
144,869,,,-0.9227666854858398,,0.9227666854858398,
145,875,,,-0.9252137541770935,,0.9252137541770935,
146,881,,,-0.927590548992157,,0.927590548992157,
147,887,,,-0.9307871460914612,,0.9307871460914612,
148,893,,,-0.9331927299499512,,0.9331927299499512,
149,899,,,,-0.4985973834991455,,0.4985973834991455
149,899,,,-0.9346436858177185,,0.9346436858177185,
150,905,,,-0.9364383220672607,,0.9364383220672607,
151,911,,,-0.9386441707611084,,0.9386441707611084,
152,917,,,-0.9402370452880859,,0.9402370452880859,
153,923,,,-0.9424981474876404,,0.9424981474876404,
154,929,,,-0.9440351724624634,,0.9440351724624634,
155,935,,,-0.9464459419250488,,0.9464459419250488,
156,941,,,-0.9491188526153564,,0.9491188526153564,
157,947,,,-0.9503209590911865,,0.9503209590911865,
158,949,,,,-0.9516086578369141,,0.9516086578369141
158,953,,,-0.9525332450866699,,0.9525332450866699,
159,959,,,-0.9545673727989197,,0.9545673727989197,
160,965,,,-0.9563379287719727,,0.9563379287719727,
161,971,,,-0.9577938318252563,,0.9577938318252563,
162,977,,,-0.9593412280082703,,0.9593412280082703,
163,983,,,-0.9623700976371765,,0.9623700976371765,
164,989,,,-0.9633919596672058,,0.9633919596672058,
165,995,,,-0.9654936194419861,,0.9654936194419861,
166,999,,,,-0.9163026809692383,,0.9163026809692383
166,1001,,,-0.9675793647766113,,0.9675793647766113,
167,1007,,,-0.9695000648498535,,0.9695000648498535,
168,1013,,,-0.971213161945343,,0.971213161945343,
169,1019,,,-0.9727928042411804,,0.9727928042411804,
170,1025,,,-0.9748386144638062,,0.9748386144638062,
171,1031,,,-0.9764540195465088,,0.9764540195465088,
172,1037,,,-0.978171169757843,,0.978171169757843,
173,1043,,,-0.9801396131515503,,0.9801396131515503,
174,1049,,,,-1.2186311483383179,,1.2186311483383179
174,1049,,,-0.982830822467804,,0.982830822467804,
175,1055,,,-0.9831640720367432,,0.9831640720367432,
176,1061,,,-0.9853358268737793,,0.9853358268737793,
177,1067,,,-0.9852766394615173,,0.9852766394615173,
178,1073,,,-0.9885884523391724,,0.9885884523391724,
179,1079,,,-0.9885585308074951,,0.9885585308074951,
180,1085,,,-0.9907503128051758,,0.9907503128051758,
181,1091,,,-0.9925024509429932,,0.9925024509429932,
182,1097,,,-0.9937171339988708,,0.9937171339988708,
183,1099,,,,-1.0396714210510254,,1.0396714210510254
183,1103,,,-0.9953916668891907,,0.9953916668891907,
184,1109,,,-0.9958981871604919,,0.9958981871604919,
185,1115,,,-0.9980577826499939,,0.9980577826499939,
186,1121,,,-0.999517560005188,,0.999517560005188,
187,1127,,,-1.000866413116455,,1.000866413116455,
188,1133,,,-1.0012285709381104,,1.0012285709381104,
189,1139,,,-1.003180980682373,,1.003180980682373,
190,1145,,,-1.004096508026123,,1.004096508026123,
191,1149,,,,-1.0275726318359375,,1.0275726318359375
191,1151,,,-1.0062742233276367,,1.0062742233276367,
192,1157,,,-1.0078281164169312,,1.0078281164169312,
193,1163,,,-1.0089813470840454,,1.0089813470840454,
194,1169,,,-1.009667158126831,,1.009667158126831,
195,1175,,,-1.0106005668640137,,1.0106005668640137,
196,1181,,,-1.0115368366241455,,1.0115368366241455,
197,1187,,,-1.015008807182312,,1.015008807182312,
198,1193,,,-1.0147995948791504,,1.0147995948791504,
199,1199,,,,-1.0183734893798828,,1.0183734893798828
199,1199,,,-1.0170390605926514,,1.0170390605926514,
200,1205,,,-1.0160306692123413,,1.0160306692123413,
201,1211,,,-1.0172699689865112,,1.0172699689865112,
202,1217,,,-1.0208685398101807,,1.0208685398101807,
203,1223,,,-1.019159197807312,,1.019159197807312,
204,1229,,,-1.02065908908844,,1.02065908908844,
205,1235,,,-1.0218592882156372,,1.0218592882156372,
206,1241,,,-1.0225203037261963,,1.0225203037261963,
207,1247,,,-1.023297667503357,,1.023297667503357,
208,1249,,,,-0.9858686923980713,,0.9858686923980713
208,1253,,,-1.0244967937469482,,1.0244967937469482,
209,1259,,,-1.0249303579330444,,1.0249303579330444,
210,1265,,,-1.0271061658859253,,1.0271061658859253,
211,1271,,,-1.0270038843154907,,1.0270038843154907,
212,1277,,,-1.0289653539657593,,1.0289653539657593,
213,1283,,,-1.0296226739883423,,1.0296226739883423,
214,1289,,,-1.0307902097702026,,1.0307902097702026,
215,1295,,,-1.0307459831237793,,1.0307459831237793,
216,1299,,,,-1.0169000625610352,,1.0169000625610352
216,1301,,,-1.0325669050216675,,1.0325669050216675,
217,1307,,,-1.0330538749694824,,1.0330538749694824,
218,1313,,,-1.0353665351867676,,1.0353665351867676,
219,1319,,,-1.0368075370788574,,1.0368075370788574,
220,1325,,,-1.0352652072906494,,1.0352652072906494,
221,1331,,,-1.036591649055481,,1.036591649055481,
222,1337,,,-1.0377604961395264,,1.0377604961395264,
223,1343,,,-1.0399770736694336,,1.0399770736694336,
224,1349,,,,-0.6433866024017334,,0.6433866024017334
224,1349,,,-1.0422687530517578,,1.0422687530517578,
225,1355,,,-1.0411086082458496,,1.0411086082458496,
226,1361,,,-1.0434317588806152,,1.0434317588806152,
227,1367,,,-1.0429277420043945,,1.0429277420043945,
228,1373,,,-1.0419337749481201,,1.0419337749481201,
229,1379,,,-1.042717456817627,,1.042717456817627,
230,1385,,,-1.0438027381896973,,1.0438027381896973,
231,1391,,,-1.0449192523956299,,1.0449192523956299,
232,1397,,,-1.0459634065628052,,1.0459634065628052,
233,1399,,,,-1.0414247512817383,,1.0414247512817383
233,1403,,,-1.0455366373062134,,1.0455366373062134,
234,1409,,,-1.0462924242019653,,1.0462924242019653,
235,1415,,,-1.048884630203247,,1.048884630203247,
236,1421,,,-1.0483195781707764,,1.0483195781707764,
237,1427,,,-1.0490422248840332,,1.0490422248840332,
238,1433,,,-1.048653483390808,,1.048653483390808,
239,1439,,,-1.0501347780227661,,1.0501347780227661,
240,1445,,,-1.0509449243545532,,1.0509449243545532,
241,1449,,,,-1.0331768989562988,,1.0331768989562988
241,1451,,,-1.0513725280761719,,1.0513725280761719,
242,1457,,,-1.052722454071045,,1.052722454071045,
243,1463,,,-1.0570932626724243,,1.0570932626724243,
244,1469,,,-1.05293869972229,,1.05293869972229,
245,1475,,,-1.0528267621994019,,1.0528267621994019,
246,1481,,,-1.0549429655075073,,1.0549429655075073,
247,1487,,,-1.0542311668395996,,1.0542311668395996,
248,1493,,,-1.056687355041504,,1.056687355041504,
249,1499,,,,-1.16124427318573,,1.16124427318573
249,1499,,,-1.0559310913085938,,1.0559310913085938,
250,1505,,,-1.0576446056365967,,1.0576446056365967,
251,1511,,,-1.0594170093536377,,1.0594170093536377,
252,1517,,,-1.0625070333480835,,1.0625070333480835,
253,1523,,,-1.0591986179351807,,1.0591986179351807,
254,1529,,,-1.0631245374679565,,1.0631245374679565,
255,1535,,,-1.0601048469543457,,1.0601048469543457,
256,1541,,,-1.060492992401123,,1.060492992401123,
257,1547,,,-1.061087965965271,,1.061087965965271,
258,1549,,,,-1.0695972442626953,,1.0695972442626953
258,1553,,,-1.0646686553955078,,1.0646686553955078,
259,1559,,,-1.0626394748687744,,1.0626394748687744,
260,1565,,,-1.0633232593536377,,1.0633232593536377,
261,1571,,,-1.0626980066299438,,1.0626980066299438,
262,1577,,,-1.0639995336532593,,1.0639995336532593,
263,1583,,,-1.064310073852539,,1.064310073852539,
264,1589,,,-1.069746494293213,,1.069746494293213,
265,1595,,,-1.0677762031555176,,1.0677762031555176,
266,1599,,,,-1.1176347732543945,,1.1176347732543945
266,1601,,,-1.0647172927856445,,1.0647172927856445,
267,1607,,,-1.0654857158660889,,1.0654857158660889,
268,1613,,,-1.0742250680923462,,1.0742250680923462,
269,1619,,,-1.0690590143203735,,1.0690590143203735,
270,1625,,,-1.065903663635254,,1.065903663635254,
271,1631,,,-1.066601276397705,,1.066601276397705,
272,1637,,,-1.0684090852737427,,1.0684090852737427,
273,1643,,,-1.0691511631011963,,1.0691511631011963,
274,1649,,,,-1.0075716972351074,,1.0075716972351074
274,1649,,,-1.0697320699691772,,1.0697320699691772,
275,1655,,,-1.069878101348877,,1.069878101348877,
276,1661,,,-1.0704140663146973,,1.0704140663146973,
277,1667,,,-1.0705963373184204,,1.0705963373184204,
278,1673,,,-1.0724525451660156,,1.0724525451660156,
279,1679,,,-1.0710937976837158,,1.0710937976837158,
280,1685,,,-1.0721254348754883,,1.0721254348754883,
281,1691,,,-1.0717765092849731,,1.0717765092849731,
282,1697,,,-1.0733808279037476,,1.0733808279037476,
283,1699,,,,-1.1305413246154785,,1.1305413246154785
283,1703,,,-1.0746421813964844,,1.0746421813964844,
284,1709,,,-1.0784093141555786,,1.0784093141555786,
285,1715,,,-1.0748639106750488,,1.0748639106750488,
286,1721,,,-1.0752183198928833,,1.0752183198928833,
287,1727,,,-1.0787514448165894,,1.0787514448165894,
288,1733,,,-1.075433373451233,,1.075433373451233,
289,1739,,,-1.077365517616272,,1.077365517616272,
290,1745,,,-1.0774450302124023,,1.0774450302124023,
291,1749,,,,-1.0831212997436523,,1.0831212997436523
291,1751,,,-1.0760557651519775,,1.0760557651519775,
292,1757,,,-1.0773370265960693,,1.0773370265960693,
293,1763,,,-1.077473759651184,,1.077473759651184,
294,1769,,,-1.0829241275787354,,1.0829241275787354,
295,1775,,,-1.0779567956924438,,1.0779567956924438,
296,1781,,,-1.0806524753570557,,1.0806524753570557,
297,1787,,,-1.0810260772705078,,1.0810260772705078,
298,1793,,,-1.0797182321548462,,1.0797182321548462,
299,1799,,,,-1.265438199043274,,1.265438199043274
299,1799,,,-1.0805463790893555,,1.0805463790893555,
300,1805,,,-1.080937147140503,,1.080937147140503,
301,1811,,,-1.0813729763031006,,1.0813729763031006,
302,1817,,,-1.0814586877822876,,1.0814586877822876,
303,1823,,,-1.081803321838379,,1.081803321838379,
304,1829,,,-1.0843724012374878,,1.0843724012374878,
305,1835,,,-1.0828076601028442,,1.0828076601028442,
306,1841,,,-1.0822070837020874,,1.0822070837020874,
307,1847,,,-1.0884150266647339,,1.0884150266647339,
308,1849,,,,-1.1119709014892578,,1.1119709014892578
308,1853,,,-1.0839241743087769,,1.0839241743087769,
309,1859,,,-1.081770658493042,,1.081770658493042,
310,1865,,,-1.0847711563110352,,1.0847711563110352,
311,1871,,,-1.082899808883667,,1.082899808883667,
312,1877,,,-1.0829998254776,,1.0829998254776,
313,1883,,,-1.0837275981903076,,1.0837275981903076,
314,1889,,,-1.0872070789337158,,1.0872070789337158,
315,1895,,,-1.0842114686965942,,1.0842114686965942,
316,1899,,,,-1.0625152587890625,,1.0625152587890625
316,1901,,,-1.0846418142318726,,1.0846418142318726,
317,1907,,,-1.0868083238601685,,1.0868083238601685,
318,1913,,,-1.0861725807189941,,1.0861725807189941,
319,1919,,,-1.0869770050048828,,1.0869770050048828,
320,1925,,,-1.084686279296875,,1.084686279296875,
321,1931,,,-1.0843770503997803,,1.0843770503997803,
322,1937,,,-1.0883615016937256,,1.0883615016937256,
323,1943,,,-1.0877355337142944,,1.0877355337142944,
324,1949,,,,-1.557068109512329,,1.557068109512329
324,1949,,,-1.088646650314331,,1.088646650314331,
325,1955,,,-1.0918911695480347,,1.0918911695480347,
326,1961,,,-1.0864720344543457,,1.0864720344543457,
327,1967,,,-1.0911023616790771,,1.0911023616790771,
328,1973,,,-1.091701865196228,,1.091701865196228,
329,1979,,,-1.0908968448638916,,1.0908968448638916,
330,1985,,,-1.0874104499816895,,1.0874104499816895,
331,1991,,,-1.088252067565918,,1.088252067565918,
332,1997,,,-1.0928040742874146,,1.0928040742874146,
333,1999,,,,-1.12713623046875,,1.12713623046875
333,2003,,,-1.088566541671753,,1.088566541671753,
334,2009,,,-1.0947693586349487,,1.0947693586349487,
335,2015,,,-1.089707612991333,,1.089707612991333,
336,2021,,,-1.0920565128326416,,1.0920565128326416,
337,2027,,,-1.0910321474075317,,1.0910321474075317,
338,2033,,,-1.0909544229507446,,1.0909544229507446,
339,2039,,,-1.0889474153518677,,1.0889474153518677,
340,2045,,,-1.0928131341934204,,1.0928131341934204,
341,2049,,,,-1.01198148727417,,1.01198148727417
341,2051,,,-1.0910515785217285,,1.0910515785217285,
342,2057,,,-1.0903329849243164,,1.0903329849243164,
343,2063,,,-1.0922324657440186,,1.0922324657440186,
344,2069,,,-1.0924057960510254,,1.0924057960510254,
345,2075,,,-1.0920062065124512,,1.0920062065124512,
346,2081,,,-1.0931073427200317,,1.0931073427200317,
347,2087,,,-1.0932204723358154,,1.0932204723358154,
348,2093,,,-1.0937522649765015,,1.0937522649765015,
349,2099,,,,-1.20753014087677,,1.20753014087677
349,2099,,,-1.0958789587020874,,1.0958789587020874,
350,2105,,,-1.094991683959961,,1.094991683959961,
351,2111,,,-1.0919034481048584,,1.0919034481048584,
352,2117,,,-1.093407154083252,,1.093407154083252,
353,2123,,,-1.0943940877914429,,1.0943940877914429,
354,2129,,,-1.0929515361785889,,1.0929515361785889,
355,2135,,,-1.0941917896270752,,1.0941917896270752,
356,2141,,,-1.0953909158706665,,1.0953909158706665,
357,2147,,,-1.0939449071884155,,1.0939449071884155,
358,2149,,,,-1.0727190971374512,,1.0727190971374512
358,2153,,,-1.0928884744644165,,1.0928884744644165,
359,2159,,,-1.0936646461486816,,1.0936646461486816,
360,2165,,,-1.095147728919983,,1.095147728919983,
361,2171,,,-1.0938090085983276,,1.0938090085983276,
362,2177,,,-1.0944163799285889,,1.0944163799285889,
363,2183,,,-1.0934756994247437,,1.0934756994247437,
364,2189,,,-1.098319411277771,,1.098319411277771,
365,2195,,,-1.0941262245178223,,1.0941262245178223,
366,2199,,,,-1.01273512840271,,1.01273512840271
366,2201,,,-1.0974220037460327,,1.0974220037460327,
367,2207,,,-1.096311330795288,,1.096311330795288,
368,2213,,,-1.1004525423049927,,1.1004525423049927,
369,2219,,,-1.0951601266860962,,1.0951601266860962,
370,2225,,,-1.095762848854065,,1.095762848854065,
371,2231,,,-1.0997841358184814,,1.0997841358184814,
372,2237,,,-1.1003893613815308,,1.1003893613815308,
373,2243,,,-1.0967193841934204,,1.0967193841934204,
374,2249,,,,-0.9408196210861206,,0.9408196210861206
374,2249,,,-1.0957320928573608,,1.0957320928573608,
375,2255,,,-1.096276044845581,,1.096276044845581,
376,2261,,,-1.0981007814407349,,1.0981007814407349,
377,2267,,,-1.0962564945220947,,1.0962564945220947,
378,2273,,,-1.1030293703079224,,1.1030293703079224,
379,2279,,,-1.0976135730743408,,1.0976135730743408,
380,2285,,,-1.1003522872924805,,1.1003522872924805,
381,2291,,,-1.1016178131103516,,1.1016178131103516,
382,2297,,,-1.0993410348892212,,1.0993410348892212,
383,2299,,,,-1.0496258735656738,,1.0496258735656738
383,2303,,,-1.0970484018325806,,1.0970484018325806,
384,2309,,,-1.1010679006576538,,1.1010679006576538,
385,2315,,,-1.0971534252166748,,1.0971534252166748,
386,2321,,,-1.0992658138275146,,1.0992658138275146,
387,2327,,,-1.097781777381897,,1.097781777381897,
388,2333,,,-1.1009247303009033,,1.1009247303009033,
389,2339,,,-1.0998927354812622,,1.0998927354812622,
390,2345,,,-1.099486231803894,,1.099486231803894,
391,2349,,,,-1.311554193496704,,1.311554193496704
391,2351,,,-1.1081091165542603,,1.1081091165542603,
392,2357,,,-1.1035840511322021,,1.1035840511322021,
393,2363,,,-1.0999785661697388,,1.0999785661697388,
394,2369,,,-1.1009308099746704,,1.1009308099746704,
395,2375,,,-1.1017043590545654,,1.1017043590545654,
396,2381,,,-1.1075665950775146,,1.1075665950775146,
397,2387,,,-1.1016383171081543,,1.1016383171081543,
398,2393,,,-1.1039783954620361,,1.1039783954620361,
399,2399,,,,-1.3223599195480347,,1.3223599195480347
399,2399,,,-1.0996432304382324,,1.0996432304382324,
400,2405,,,-1.1023905277252197,,1.1023905277252197,
401,2411,,,-1.0994410514831543,,1.0994410514831543,
402,2417,,,-1.1007798910140991,,1.1007798910140991,
403,2423,,,-1.0997213125228882,,1.0997213125228882,
404,2429,,,-1.1007537841796875,,1.1007537841796875,
405,2435,,,-1.105420708656311,,1.105420708656311,
406,2441,,,-1.105098009109497,,1.105098009109497,
407,2447,,,-1.1039237976074219,,1.1039237976074219,
408,2449,,,,-1.077268123626709,,1.077268123626709
408,2453,,,-1.1055010557174683,,1.1055010557174683,
409,2459,,,-1.1045243740081787,,1.1045243740081787,
410,2465,,,-1.1012791395187378,,1.1012791395187378,
411,2471,,,-1.1051596403121948,,1.1051596403121948,
412,2477,,,-1.1027379035949707,,1.1027379035949707,
413,2483,,,-1.1051052808761597,,1.1051052808761597,
414,2489,,,-1.1015920639038086,,1.1015920639038086,
415,2495,,,-1.103119969367981,,1.103119969367981,
416,2499,,,,-1.0600409507751465,,1.0600409507751465
416,2501,,,-1.1075868606567383,,1.1075868606567383,
417,2507,,,-1.1018098592758179,,1.1018098592758179,
418,2513,,,-1.1033605337142944,,1.1033605337142944,
419,2519,,,-1.1025854349136353,,1.1025854349136353,
420,2525,,,-1.104393482208252,,1.104393482208252,
421,2531,,,-1.1104211807250977,,1.1104211807250977,
422,2537,,,-1.1052488088607788,,1.1052488088607788,
423,2543,,,-1.1057863235473633,,1.1057863235473633,
424,2549,,,,-1.0867153406143188,,1.0867153406143188
424,2549,,,-1.106626272201538,,1.106626272201538,
425,2555,,,-1.1056792736053467,,1.1056792736053467,
426,2561,,,-1.1021208763122559,,1.1021208763122559,
427,2567,,,-1.1120080947875977,,1.1120080947875977,
428,2573,,,-1.1048206090927124,,1.1048206090927124,
429,2579,,,-1.1052180528640747,,1.1052180528640747,
430,2585,,,-1.104978322982788,,1.104978322982788,
431,2591,,,-1.1035484075546265,,1.1035484075546265,
432,2597,,,-1.1075676679611206,,1.1075676679611206,
433,2599,,,,-1.1189637184143066,,1.1189637184143066
433,2603,,,-1.1049727201461792,,1.1049727201461792,
434,2609,,,-1.1049412488937378,,1.1049412488937378,
435,2615,,,-1.1051393747329712,,1.1051393747329712,
436,2621,,,-1.1063389778137207,,1.1063389778137207,
437,2627,,,-1.10506272315979,,1.10506272315979,
438,2633,,,-1.106224775314331,,1.106224775314331,
439,2639,,,-1.1086238622665405,,1.1086238622665405,
440,2645,,,-1.102290391921997,,1.102290391921997,
441,2649,,,,-1.0593667030334473,,1.0593667030334473
441,2651,,,-1.106103777885437,,1.106103777885437,
442,2657,,,-1.1059060096740723,,1.1059060096740723,
443,2663,,,-1.1095408201217651,,1.1095408201217651,
444,2669,,,-1.108540654182434,,1.108540654182434,
445,2675,,,-1.1064033508300781,,1.1064033508300781,
446,2681,,,-1.1055363416671753,,1.1055363416671753,
447,2687,,,-1.1059571504592896,,1.1059571504592896,
448,2693,,,-1.1090543270111084,,1.1090543270111084,
449,2699,,,,-0.7309911251068115,,0.7309911251068115
449,2699,,,-1.1068392992019653,,1.1068392992019653,
450,2705,,,-1.1066277027130127,,1.1066277027130127,
451,2711,,,-1.106747031211853,,1.106747031211853,
452,2717,,,-1.1058183908462524,,1.1058183908462524,
453,2723,,,-1.1044366359710693,,1.1044366359710693,
454,2729,,,-1.107269048690796,,1.107269048690796,
455,2735,,,-1.1068297624588013,,1.1068297624588013,
456,2741,,,-1.106004238128662,,1.106004238128662,
457,2747,,,-1.1064794063568115,,1.1064794063568115,
458,2749,,,,-0.9959802627563477,,0.9959802627563477
458,2753,,,-1.1102668046951294,,1.1102668046951294,
459,2759,,,-1.1082903146743774,,1.1082903146743774,
460,2765,,,-1.1103880405426025,,1.1103880405426025,
461,2771,,,-1.1085270643234253,,1.1085270643234253,
462,2777,,,-1.107985019683838,,1.107985019683838,
463,2783,,,-1.1109586954116821,,1.1109586954116821,
464,2789,,,-1.1137863397598267,,1.1137863397598267,
465,2795,,,-1.1110119819641113,,1.1110119819641113,
466,2799,,,,-1.140819787979126,,1.140819787979126
466,2801,,,-1.1073157787322998,,1.1073157787322998,
467,2807,,,-1.10724675655365,,1.10724675655365,
468,2813,,,-1.1089177131652832,,1.1089177131652832,
469,2819,,,-1.1054333448410034,,1.1054333448410034,
470,2825,,,-1.1078091859817505,,1.1078091859817505,
471,2831,,,-1.1138675212860107,,1.1138675212860107,
472,2837,,,-1.1086595058441162,,1.1086595058441162,
473,2843,,,-1.1101614236831665,,1.1101614236831665,
474,2849,,,,-1.1118701696395874,,1.1118701696395874
474,2849,,,-1.1076537370681763,,1.1076537370681763,
475,2855,,,-1.1107786893844604,,1.1107786893844604,
476,2861,,,-1.11081862449646,,1.11081862449646,
477,2867,,,-1.1146576404571533,,1.1146576404571533,
478,2873,,,-1.1103310585021973,,1.1103310585021973,
479,2879,,,-1.1077823638916016,,1.1077823638916016,
480,2885,,,-1.112688660621643,,1.112688660621643,
481,2891,,,-1.1087653636932373,,1.1087653636932373,
482,2897,,,-1.1130276918411255,,1.1130276918411255,
483,2899,,,,-1.1058001518249512,,1.1058001518249512
483,2903,,,-1.1108671426773071,,1.1108671426773071,
484,2909,,,-1.1105951070785522,,1.1105951070785522,
485,2915,,,-1.1111072301864624,,1.1111072301864624,
486,2921,,,-1.1153994798660278,,1.1153994798660278,
487,2927,,,-1.1124080419540405,,1.1124080419540405,
488,2933,,,-1.1126582622528076,,1.1126582622528076,
489,2939,,,-1.115814208984375,,1.115814208984375,
490,2945,,,-1.1084702014923096,,1.1084702014923096,
491,2949,,,,-1.0351734161376953,,1.0351734161376953
491,2951,,,-1.1123957633972168,,1.1123957633972168,
492,2957,,,-1.1150540113449097,,1.1150540113449097,
493,2963,,,-1.1120686531066895,,1.1120686531066895,
494,2969,,,-1.1104397773742676,,1.1104397773742676,
495,2975,,,-1.1116899251937866,,1.1116899251937866,
496,2981,,,-1.1171555519104004,,1.1171555519104004,
497,2987,,,-1.1092609167099,,1.1092609167099,
498,2993,,,-1.1144243478775024,,1.1144243478775024,
499,2999,,,,-0.6813676357269287,,0.6813676357269287
499,2999,,,-1.1122609376907349,,1.1122609376907349,
500,3005,,,-1.1224178075790405,,1.1224178075790405,
501,3011,,,-1.1156182289123535,,1.1156182289123535,
502,3017,,,-1.11716628074646,,1.11716628074646,
503,3023,,,-1.1134674549102783,,1.1134674549102783,
504,3029,,,-1.1131069660186768,,1.1131069660186768,
505,3035,,,-1.1099247932434082,,1.1099247932434082,
506,3041,,,-1.1115587949752808,,1.1115587949752808,
507,3047,,,-1.1163594722747803,,1.1163594722747803,
508,3049,,,,-1.125448226928711,,1.125448226928711
508,3053,,,-1.1100610494613647,,1.1100610494613647,
509,3059,,,-1.1114541292190552,,1.1114541292190552,
510,3065,,,-1.111072301864624,,1.111072301864624,
511,3071,,,-1.1102336645126343,,1.1102336645126343,
512,3077,,,-1.1149343252182007,,1.1149343252182007,
513,3083,,,-1.113346815109253,,1.113346815109253,
514,3089,,,-1.1142809391021729,,1.1142809391021729,
515,3095,,,-1.116716742515564,,1.116716742515564,
516,3099,,,,-1.245319128036499,,1.245319128036499
516,3101,,,-1.11701238155365,,1.11701238155365,
517,3107,,,-1.1132910251617432,,1.1132910251617432,
518,3113,,,-1.1193019151687622,,1.1193019151687622,
519,3119,,,-1.1138368844985962,,1.1138368844985962,
520,3125,,,-1.113147258758545,,1.113147258758545,
521,3131,,,-1.1129318475723267,,1.1129318475723267,
522,3137,,,-1.1152843236923218,,1.1152843236923218,
523,3143,,,-1.117229700088501,,1.117229700088501,
524,3149,,,,-0.7669727802276611,,0.7669727802276611
524,3149,,,-1.1113899946212769,,1.1113899946212769,
525,3155,,,-1.1133307218551636,,1.1133307218551636,
526,3161,,,-1.1171973943710327,,1.1171973943710327,
527,3167,,,-1.1140087842941284,,1.1140087842941284,
528,3173,,,-1.1126788854599,,1.1126788854599,
529,3179,,,-1.1146670579910278,,1.1146670579910278,
530,3185,,,-1.111326813697815,,1.111326813697815,
531,3191,,,-1.1118675470352173,,1.1118675470352173,
532,3197,,,-1.112877607345581,,1.112877607345581,
533,3199,,,,-1.0137677192687988,,1.0137677192687988
533,3203,,,-1.116845726966858,,1.116845726966858,
534,3209,,,-1.117407202720642,,1.117407202720642,
535,3215,,,-1.1174665689468384,,1.1174665689468384,
536,3221,,,-1.1187832355499268,,1.1187832355499268,
537,3227,,,-1.1165698766708374,,1.1165698766708374,
538,3233,,,-1.1142796277999878,,1.1142796277999878,
539,3239,,,-1.1170387268066406,,1.1170387268066406,
540,3245,,,-1.1193879842758179,,1.1193879842758179,
541,3249,,,,-1.0572104454040527,,1.0572104454040527
541,3251,,,-1.1191664934158325,,1.1191664934158325,
542,3257,,,-1.1171398162841797,,1.1171398162841797,
543,3263,,,-1.1142940521240234,,1.1142940521240234,
544,3269,,,-1.1133662462234497,,1.1133662462234497,
545,3275,,,-1.116539716720581,,1.116539716720581,
546,3281,,,-1.1201131343841553,,1.1201131343841553,
547,3287,,,-1.1167947053909302,,1.1167947053909302,
548,3293,,,-1.115854024887085,,1.115854024887085,
549,3299,,,,-0.9127480983734131,,0.9127480983734131
549,3299,,,-1.1138545274734497,,1.1138545274734497,
550,3305,,,-1.1148604154586792,,1.1148604154586792,
551,3311,,,-1.1155530214309692,,1.1155530214309692,
552,3317,,,-1.1138122081756592,,1.1138122081756592,
553,3323,,,-1.1169439554214478,,1.1169439554214478,
554,3329,,,-1.1158629655838013,,1.1158629655838013,
555,3335,,,-1.1175813674926758,,1.1175813674926758,
556,3341,,,-1.1164615154266357,,1.1164615154266357,
557,3347,,,-1.1172640323638916,,1.1172640323638916,
558,3349,,,,-1.265486717224121,,1.265486717224121
558,3353,,,-1.1228199005126953,,1.1228199005126953,
559,3359,,,-1.1190661191940308,,1.1190661191940308,
560,3365,,,-1.1157417297363281,,1.1157417297363281,
561,3371,,,-1.1234153509140015,,1.1234153509140015,
562,3377,,,-1.1155964136123657,,1.1155964136123657,
563,3383,,,-1.1265193223953247,,1.1265193223953247,
564,3389,,,-1.1148539781570435,,1.1148539781570435,
565,3395,,,-1.11931574344635,,1.11931574344635,
566,3399,,,,-1.06648850440979,,1.06648850440979
566,3401,,,-1.114340901374817,,1.114340901374817,
567,3407,,,-1.1284663677215576,,1.1284663677215576,
568,3413,,,-1.116865634918213,,1.116865634918213,
569,3419,,,-1.1228703260421753,,1.1228703260421753,
570,3425,,,-1.1161081790924072,,1.1161081790924072,
571,3431,,,-1.1180599927902222,,1.1180599927902222,
572,3437,,,-1.117026448249817,,1.117026448249817,
573,3443,,,-1.119261384010315,,1.119261384010315,
574,3449,,,,-1.4609090089797974,,1.4609090089797974
574,3449,,,-1.1215004920959473,,1.1215004920959473,
575,3455,,,-1.1178855895996094,,1.1178855895996094,
576,3461,,,-1.1220296621322632,,1.1220296621322632,
577,3467,,,-1.1196389198303223,,1.1196389198303223,
578,3473,,,-1.123286485671997,,1.123286485671997,
579,3479,,,-1.1204136610031128,,1.1204136610031128,
580,3485,,,-1.118050456047058,,1.118050456047058,
581,3491,,,-1.1197904348373413,,1.1197904348373413,
582,3497,,,-1.1195662021636963,,1.1195662021636963,
583,3499,,,,-1.1531176567077637,,1.1531176567077637
583,3503,,,-1.1234755516052246,,1.1234755516052246,
584,3509,,,-1.1192899942398071,,1.1192899942398071,
585,3515,,,-1.1192469596862793,,1.1192469596862793,
586,3521,,,-1.1257041692733765,,1.1257041692733765,
587,3527,,,-1.124062418937683,,1.124062418937683,
588,3533,,,-1.1188759803771973,,1.1188759803771973,
589,3539,,,-1.116878628730774,,1.116878628730774,
590,3545,,,-1.1205285787582397,,1.1205285787582397,
591,3549,,,,-1.0923748016357422,,1.0923748016357422
591,3551,,,-1.1193320751190186,,1.1193320751190186,
592,3557,,,-1.120607614517212,,1.120607614517212,
593,3563,,,-1.126512050628662,,1.126512050628662,
594,3569,,,-1.1167432069778442,,1.1167432069778442,
595,3575,,,-1.118962049484253,,1.118962049484253,
596,3581,,,-1.1201090812683105,,1.1201090812683105,
597,3587,,,-1.1177130937576294,,1.1177130937576294,
598,3593,,,-1.1185681819915771,,1.1185681819915771,
599,3599,,,,-1.0149272680282593,,1.0149272680282593
599,3599,,,-1.1223013401031494,,1.1223013401031494,
600,3605,,,-1.1181774139404297,,1.1181774139404297,
601,3611,,,-1.1195060014724731,,1.1195060014724731,
602,3617,,,-1.12263023853302,,1.12263023853302,
603,3623,,,-1.1229864358901978,,1.1229864358901978,
604,3629,,,-1.1198570728302002,,1.1198570728302002,
605,3635,,,-1.12458074092865,,1.12458074092865,
606,3641,,,-1.1197116374969482,,1.1197116374969482,
607,3647,,,-1.1196259260177612,,1.1196259260177612,
608,3649,,,,-0.9598522186279297,,0.9598522186279297
608,3653,,,-1.1219347715377808,,1.1219347715377808,
609,3659,,,-1.1189521551132202,,1.1189521551132202,
610,3665,,,-1.1197271347045898,,1.1197271347045898,
611,3671,,,-1.122829556465149,,1.122829556465149,
612,3677,,,-1.1272380352020264,,1.1272380352020264,
613,3683,,,-1.1192518472671509,,1.1192518472671509,
614,3689,,,-1.129878044128418,,1.129878044128418,
615,3695,,,-1.1247738599777222,,1.1247738599777222,
616,3699,,,,-1.210784673690796,,1.210784673690796
616,3701,,,-1.1207118034362793,,1.1207118034362793,
617,3707,,,-1.1194401979446411,,1.1194401979446411,
618,3713,,,-1.1233012676239014,,1.1233012676239014,
619,3719,,,-1.1196955442428589,,1.1196955442428589,
620,3725,,,-1.1232558488845825,,1.1232558488845825,
621,3731,,,-1.1242451667785645,,1.1242451667785645,
622,3737,,,-1.123477578163147,,1.123477578163147,
623,3743,,,-1.1245737075805664,,1.1245737075805664,
624,3749,,,,-0.992600679397583,,0.992600679397583
624,3749,,,-1.1205050945281982,,1.1205050945281982,
625,3755,,,-1.1231775283813477,,1.1231775283813477,
626,3761,,,-1.1249537467956543,,1.1249537467956543,
627,3767,,,-1.1219642162322998,,1.1219642162322998,
628,3773,,,-1.1189305782318115,,1.1189305782318115,
629,3779,,,-1.1198304891586304,,1.1198304891586304,
630,3785,,,-1.1208707094192505,,1.1208707094192505,
631,3791,,,-1.1223849058151245,,1.1223849058151245,
632,3797,,,-1.127134084701538,,1.127134084701538,
633,3799,,,,-1.0129528045654297,,1.0129528045654297
633,3803,,,-1.126213550567627,,1.126213550567627,
634,3809,,,-1.1285878419876099,,1.1285878419876099,
635,3815,,,-1.1198217868804932,,1.1198217868804932,
636,3821,,,-1.1223423480987549,,1.1223423480987549,
637,3827,,,-1.1217857599258423,,1.1217857599258423,
638,3833,,,-1.1293853521347046,,1.1293853521347046,
639,3839,,,-1.1228265762329102,,1.1228265762329102,
640,3845,,,-1.1238871812820435,,1.1238871812820435,
641,3849,,,,-1.1687097549438477,,1.1687097549438477
641,3851,,,-1.1258405447006226,,1.1258405447006226,
642,3857,,,-1.125674843788147,,1.125674843788147,
643,3863,,,-1.1250133514404297,,1.1250133514404297,
644,3869,,,-1.1214299201965332,,1.1214299201965332,
645,3875,,,-1.1202062368392944,,1.1202062368392944,
646,3881,,,-1.1239008903503418,,1.1239008903503418,
647,3887,,,-1.124183177947998,,1.124183177947998,
648,3893,,,-1.1228172779083252,,1.1228172779083252,
649,3899,,,,-1.7069635391235352,,1.7069635391235352
649,3899,,,-1.1240854263305664,,1.1240854263305664,
650,3905,,,-1.124747633934021,,1.124747633934021,
651,3911,,,-1.1252415180206299,,1.1252415180206299,
652,3917,,,-1.1266294717788696,,1.1266294717788696,
653,3923,,,-1.1219865083694458,,1.1219865083694458,
654,3929,,,-1.1272832155227661,,1.1272832155227661,
655,3935,,,-1.1254562139511108,,1.1254562139511108,
656,3941,,,-1.1303759813308716,,1.1303759813308716,
657,3947,,,-1.1255651712417603,,1.1255651712417603,
658,3949,,,,-1.331315517425537,,1.331315517425537
658,3953,,,-1.1351200342178345,,1.1351200342178345,
659,3959,,,-1.1207830905914307,,1.1207830905914307,
660,3965,,,-1.1217989921569824,,1.1217989921569824,
661,3971,,,-1.1322776079177856,,1.1322776079177856,
662,3977,,,-1.1257915496826172,,1.1257915496826172,
663,3983,,,-1.1255590915679932,,1.1255590915679932,
664,3989,,,-1.1216801404953003,,1.1216801404953003,
665,3995,,,-1.1344153881072998,,1.1344153881072998,
666,3999,,,,-1.3235139846801758,,1.3235139846801758
666,4001,,,-1.1311463117599487,,1.1311463117599487,
667,4007,,,-1.1326266527175903,,1.1326266527175903,
668,4013,,,-1.1223646402359009,,1.1223646402359009,
669,4019,,,-1.1276582479476929,,1.1276582479476929,
670,4025,,,-1.123693823814392,,1.123693823814392,
671,4031,,,-1.1236242055892944,,1.1236242055892944,
672,4037,,,-1.1216496229171753,,1.1216496229171753,
673,4043,,,-1.1310110092163086,,1.1310110092163086,
674,4049,,,,-1.0650582313537598,,1.0650582313537598
674,4049,,,-1.1306723356246948,,1.1306723356246948,
675,4055,,,-1.1241645812988281,,1.1241645812988281,
676,4061,,,-1.130489468574524,,1.130489468574524,
677,4067,,,-1.1250163316726685,,1.1250163316726685,
678,4073,,,-1.1273800134658813,,1.1273800134658813,
679,4079,,,-1.1237460374832153,,1.1237460374832153,
680,4085,,,-1.1245012283325195,,1.1245012283325195,
681,4091,,,-1.1229852437973022,,1.1229852437973022,
682,4097,,,-1.1243047714233398,,1.1243047714233398,
683,4099,,,,-1.1543526649475098,,1.1543526649475098
683,4103,,,-1.12346613407135,,1.12346613407135,
684,4109,,,-1.1248313188552856,,1.1248313188552856,
685,4115,,,-1.1266852617263794,,1.1266852617263794,
686,4121,,,-1.1275273561477661,,1.1275273561477661,
687,4127,,,-1.1407551765441895,,1.1407551765441895,
688,4133,,,-1.1331253051757812,,1.1331253051757812,
689,4139,,,-1.1277252435684204,,1.1277252435684204,
690,4145,,,-1.1372990608215332,,1.1372990608215332,
691,4149,,,,-1.116431474685669,,1.116431474685669
691,4151,,,-1.1281335353851318,,1.1281335353851318,
692,4157,,,-1.133789300918579,,1.133789300918579,
693,4163,,,-1.1261842250823975,,1.1261842250823975,
694,4169,,,-1.133994698524475,,1.133994698524475,
695,4175,,,-1.1225732564926147,,1.1225732564926147,
696,4181,,,-1.12450110912323,,1.12450110912323,
697,4187,,,-1.1240946054458618,,1.1240946054458618,
698,4193,,,-1.131811499595642,,1.131811499595642,
699,4199,,,,-1.5680208206176758,,1.5680208206176758
699,4199,,,-1.130345106124878,,1.130345106124878,
700,4205,,,-1.1327896118164062,,1.1327896118164062,
701,4211,,,-1.125367283821106,,1.125367283821106,
702,4217,,,-1.129940390586853,,1.129940390586853,
703,4223,,,-1.126270055770874,,1.126270055770874,
704,4229,,,-1.1229097843170166,,1.1229097843170166,
705,4235,,,-1.1251710653305054,,1.1251710653305054,
706,4241,,,-1.1345642805099487,,1.1345642805099487,
707,4247,,,-1.140070915222168,,1.140070915222168,
708,4249,,,,-1.287320613861084,,1.287320613861084
708,4253,,,-1.1371569633483887,,1.1371569633483887,
709,4259,,,-1.1245143413543701,,1.1245143413543701,
710,4265,,,-1.123748540878296,,1.123748540878296,
711,4271,,,-1.1294912099838257,,1.1294912099838257,
712,4277,,,-1.136647343635559,,1.136647343635559,
713,4283,,,-1.1237637996673584,,1.1237637996673584,
714,4289,,,-1.1259639263153076,,1.1259639263153076,
715,4295,,,-1.1320306062698364,,1.1320306062698364,
716,4299,,,,-1.092214584350586,,1.092214584350586
716,4301,,,-1.1254568099975586,,1.1254568099975586,
717,4307,,,-1.1260625123977661,,1.1260625123977661,
718,4313,,,-1.128476619720459,,1.128476619720459,
719,4319,,,-1.1289961338043213,,1.1289961338043213,
720,4325,,,-1.1250381469726562,,1.1250381469726562,
721,4331,,,-1.1275482177734375,,1.1275482177734375,
722,4337,,,-1.1319499015808105,,1.1319499015808105,
723,4343,,,-1.13341224193573,,1.13341224193573,
724,4349,,,,-1.3554463386535645,,1.3554463386535645
724,4349,,,-1.1326196193695068,,1.1326196193695068,
725,4355,,,-1.1297329664230347,,1.1297329664230347,
726,4361,,,-1.130251407623291,,1.130251407623291,
727,4367,,,-1.1305556297302246,,1.1305556297302246,
728,4373,,,-1.1287370920181274,,1.1287370920181274,
729,4379,,,-1.1365694999694824,,1.1365694999694824,
730,4385,,,-1.1286512613296509,,1.1286512613296509,
731,4391,,,-1.1310175657272339,,1.1310175657272339,
732,4397,,,-1.1257927417755127,,1.1257927417755127,
733,4399,,,,-1.098020315170288,,1.098020315170288
733,4403,,,-1.1258946657180786,,1.1258946657180786,
734,4409,,,-1.1345630884170532,,1.1345630884170532,
735,4415,,,-1.1258577108383179,,1.1258577108383179,
736,4421,,,-1.1320663690567017,,1.1320663690567017,
737,4427,,,-1.1298797130584717,,1.1298797130584717,
738,4433,,,-1.129443883895874,,1.129443883895874,
739,4439,,,-1.1262973546981812,,1.1262973546981812,
740,4445,,,-1.1336913108825684,,1.1336913108825684,
741,4449,,,,-1.0862879753112793,,1.0862879753112793
741,4451,,,-1.1279959678649902,,1.1279959678649902,
742,4457,,,-1.1515600681304932,,1.1515600681304932,
743,4463,,,-1.1365671157836914,,1.1365671157836914,
744,4469,,,-1.1322349309921265,,1.1322349309921265,
745,4475,,,-1.1309456825256348,,1.1309456825256348,
746,4481,,,-1.127509593963623,,1.127509593963623,
747,4487,,,-1.138577938079834,,1.138577938079834,
748,4493,,,-1.1259008646011353,,1.1259008646011353,
749,4499,,,,-1.234865665435791,,1.234865665435791
749,4499,,,-1.143128752708435,,1.143128752708435,
750,4505,,,-1.1321483850479126,,1.1321483850479126,
751,4511,,,-1.133488416671753,,1.133488416671753,
752,4517,,,-1.1305733919143677,,1.1305733919143677,
753,4523,,,-1.1275482177734375,,1.1275482177734375,
754,4529,,,-1.1377674341201782,,1.1377674341201782,
755,4535,,,-1.126366138458252,,1.126366138458252,
756,4541,,,-1.126906156539917,,1.126906156539917,
757,4547,,,-1.134730339050293,,1.134730339050293,
758,4549,,,,-1.1060290336608887,,1.1060290336608887
758,4553,,,-1.1329985857009888,,1.1329985857009888,
759,4559,,,-1.1286959648132324,,1.1286959648132324,
760,4565,,,-1.1286826133728027,,1.1286826133728027,
761,4571,,,-1.1302053928375244,,1.1302053928375244,
762,4577,,,-1.1331117153167725,,1.1331117153167725,
763,4583,,,-1.134503722190857,,1.134503722190857,
764,4589,,,-1.1357260942459106,,1.1357260942459106,
765,4595,,,-1.1313402652740479,,1.1313402652740479,
766,4599,,,,-1.1273045539855957,,1.1273045539855957
766,4601,,,-1.1335511207580566,,1.1335511207580566,
767,4607,,,-1.1315631866455078,,1.1315631866455078,
768,4613,,,-1.1334131956100464,,1.1334131956100464,
769,4619,,,-1.1316214799880981,,1.1316214799880981,
770,4625,,,-1.1320983171463013,,1.1320983171463013,
771,4631,,,-1.1271781921386719,,1.1271781921386719,
772,4637,,,-1.1346073150634766,,1.1346073150634766,
773,4643,,,-1.1309783458709717,,1.1309783458709717,
774,4649,,,,-2.374544143676758,,2.374544143676758
774,4649,,,-1.1372722387313843,,1.1372722387313843,
775,4655,,,-1.127671241760254,,1.127671241760254,
776,4661,,,-1.1294454336166382,,1.1294454336166382,
777,4667,,,-1.128868579864502,,1.128868579864502,
778,4673,,,-1.128678798675537,,1.128678798675537,
779,4679,,,-1.136083960533142,,1.136083960533142,
780,4685,,,-1.1351360082626343,,1.1351360082626343,
781,4691,,,-1.1369540691375732,,1.1369540691375732,
782,4697,,,-1.1295931339263916,,1.1295931339263916,
783,4699,,,,-1.1944427490234375,,1.1944427490234375
783,4703,,,-1.1313725709915161,,1.1313725709915161,
784,4709,,,-1.1295489072799683,,1.1295489072799683,
785,4715,,,-1.1355485916137695,,1.1355485916137695,
786,4721,,,-1.1382935047149658,,1.1382935047149658,
787,4727,,,-1.130765676498413,,1.130765676498413,
788,4733,,,-1.1428472995758057,,1.1428472995758057,
789,4739,,,-1.1323318481445312,,1.1323318481445312,
790,4745,,,-1.132509708404541,,1.132509708404541,
791,4749,,,,-1.0657479763031006,,1.0657479763031006
791,4751,,,-1.1362632513046265,,1.1362632513046265,
792,4757,,,-1.1319668292999268,,1.1319668292999268,
793,4763,,,-1.1392194032669067,,1.1392194032669067,
794,4769,,,-1.1364076137542725,,1.1364076137542725,
795,4775,,,-1.135513186454773,,1.135513186454773,
796,4781,,,-1.137261986732483,,1.137261986732483,
797,4787,,,-1.1308691501617432,,1.1308691501617432,
798,4793,,,-1.1334227323532104,,1.1334227323532104,
799,4799,,,,-1.9117014408111572,,1.9117014408111572
799,4799,,,-1.1396794319152832,,1.1396794319152832,
800,4805,,,-1.1317801475524902,,1.1317801475524902,
801,4811,,,-1.137693166732788,,1.137693166732788,
802,4817,,,-1.1345311403274536,,1.1345311403274536,
803,4823,,,-1.1364716291427612,,1.1364716291427612,
804,4829,,,-1.1367729902267456,,1.1367729902267456,
805,4835,,,-1.1303980350494385,,1.1303980350494385,
806,4841,,,-1.1370339393615723,,1.1370339393615723,
807,4847,,,-1.1337370872497559,,1.1337370872497559,
808,4849,,,,-1.1713018417358398,,1.1713018417358398
808,4853,,,-1.1310373544692993,,1.1310373544692993,
809,4859,,,-1.1392312049865723,,1.1392312049865723,
810,4865,,,-1.1320313215255737,,1.1320313215255737,
811,4871,,,-1.1328859329223633,,1.1328859329223633,
812,4877,,,-1.1339715719223022,,1.1339715719223022,
813,4883,,,-1.1396186351776123,,1.1396186351776123,
814,4889,,,-1.1361496448516846,,1.1361496448516846,
815,4895,,,-1.1393165588378906,,1.1393165588378906,
816,4899,,,,-1.2003343105316162,,1.2003343105316162
816,4901,,,-1.1368820667266846,,1.1368820667266846,
817,4907,,,-1.1329761743545532,,1.1329761743545532,
818,4913,,,-1.1475225687026978,,1.1475225687026978,
819,4919,,,-1.1349786520004272,,1.1349786520004272,
820,4925,,,-1.1336697340011597,,1.1336697340011597,
821,4931,,,-1.1331274509429932,,1.1331274509429932,
822,4937,,,-1.1435617208480835,,1.1435617208480835,
823,4943,,,-1.134098768234253,,1.134098768234253,
824,4949,,,,-1.4834561347961426,,1.4834561347961426
824,4949,,,-1.1345181465148926,,1.1345181465148926,
825,4955,,,-1.1441000699996948,,1.1441000699996948,
826,4961,,,-1.1324493885040283,,1.1324493885040283,
827,4967,,,-1.1311663389205933,,1.1311663389205933,
828,4973,,,-1.133312463760376,,1.133312463760376,
829,4979,,,-1.135561466217041,,1.135561466217041,
830,4985,,,-1.1405178308486938,,1.1405178308486938,
831,4991,,,-1.1375218629837036,,1.1375218629837036,
832,4997,,,-1.1435601711273193,,1.1435601711273193,
833,4999,,,,-1.0798168182373047,,1.0798168182373047
833,5003,,,-1.1317139863967896,,1.1317139863967896,
834,5009,,,-1.1376804113388062,,1.1376804113388062,
835,5015,,,-1.1316642761230469,,1.1316642761230469,
836,5021,,,-1.1334645748138428,,1.1334645748138428,
837,5027,,,-1.1363699436187744,,1.1363699436187744,
838,5033,,,-1.140338659286499,,1.140338659286499,
839,5039,,,-1.131635069847107,,1.131635069847107,
840,5045,,,-1.1358228921890259,,1.1358228921890259,
841,5049,,,,-1.122255802154541,,1.122255802154541
841,5051,,,-1.132736086845398,,1.132736086845398,
842,5057,,,-1.147325873374939,,1.147325873374939,
843,5063,,,-1.136009931564331,,1.136009931564331,
844,5069,,,-1.1313039064407349,,1.1313039064407349,
845,5075,,,-1.1358987092971802,,1.1358987092971802,
846,5081,,,-1.1463183164596558,,1.1463183164596558,
847,5087,,,-1.1350892782211304,,1.1350892782211304,
848,5093,,,-1.1402537822723389,,1.1402537822723389,
849,5099,,,,-1.2435359954833984,,1.2435359954833984
849,5099,,,-1.1441435813903809,,1.1441435813903809,
850,5105,,,-1.1316896677017212,,1.1316896677017212,
851,5111,,,-1.1425371170043945,,1.1425371170043945,
852,5117,,,-1.1328964233398438,,1.1328964233398438,
853,5123,,,-1.1350436210632324,,1.1350436210632324,
854,5129,,,-1.1385208368301392,,1.1385208368301392,
855,5135,,,-1.135394811630249,,1.135394811630249,
856,5141,,,-1.1399800777435303,,1.1399800777435303,
857,5147,,,-1.1386620998382568,,1.1386620998382568,
858,5149,,,,-1.0631279945373535,,1.0631279945373535
858,5153,,,-1.1327643394470215,,1.1327643394470215,
859,5159,,,-1.137891411781311,,1.137891411781311,
860,5165,,,-1.1316958665847778,,1.1316958665847778,
861,5171,,,-1.1389386653900146,,1.1389386653900146,
862,5177,,,-1.134153127670288,,1.134153127670288,
863,5183,,,-1.1371711492538452,,1.1371711492538452,
864,5189,,,-1.133533239364624,,1.133533239364624,
865,5195,,,-1.133508563041687,,1.133508563041687,
866,5199,,,,-1.215599775314331,,1.215599775314331
866,5201,,,-1.1387062072753906,,1.1387062072753906,
867,5207,,,-1.1357041597366333,,1.1357041597366333,
868,5213,,,-1.1374270915985107,,1.1374270915985107,
869,5219,,,-1.1425037384033203,,1.1425037384033203,
870,5225,,,-1.1367249488830566,,1.1367249488830566,
871,5231,,,-1.1369277238845825,,1.1369277238845825,
872,5237,,,-1.134645938873291,,1.134645938873291,
873,5243,,,-1.1351220607757568,,1.1351220607757568,
874,5249,,,,-0.8144383430480957,,0.8144383430480957
874,5249,,,-1.1339739561080933,,1.1339739561080933,
875,5255,,,-1.1376742124557495,,1.1376742124557495,
876,5261,,,-1.1332604885101318,,1.1332604885101318,
877,5267,,,-1.1464025974273682,,1.1464025974273682,
878,5273,,,-1.1342101097106934,,1.1342101097106934,
879,5279,,,-1.1491097211837769,,1.1491097211837769,
880,5285,,,-1.1336166858673096,,1.1336166858673096,
881,5291,,,-1.1391247510910034,,1.1391247510910034,
882,5297,,,-1.133453130722046,,1.133453130722046,
883,5299,,,,-1.014632225036621,,1.014632225036621
883,5303,,,-1.137141227722168,,1.137141227722168,
884,5309,,,-1.1349408626556396,,1.1349408626556396,
885,5315,,,-1.1385011672973633,,1.1385011672973633,
886,5321,,,-1.1480284929275513,,1.1480284929275513,
887,5327,,,-1.142099380493164,,1.142099380493164,
888,5333,,,-1.1444381475448608,,1.1444381475448608,
889,5339,,,-1.1398024559020996,,1.1398024559020996,
890,5345,,,-1.1342557668685913,,1.1342557668685913,
891,5349,,,,-1.2085497379302979,,1.2085497379302979
891,5351,,,-1.1428630352020264,,1.1428630352020264,
892,5357,,,-1.1386159658432007,,1.1386159658432007,
893,5363,,,-1.137271761894226,,1.137271761894226,
894,5369,,,-1.1469932794570923,,1.1469932794570923,
895,5375,,,-1.1495181322097778,,1.1495181322097778,
896,5381,,,-1.1372851133346558,,1.1372851133346558,
897,5387,,,-1.1337844133377075,,1.1337844133377075,
898,5393,,,-1.1368612051010132,,1.1368612051010132,
899,5399,,,,-1.7955965995788574,,1.7955965995788574
899,5399,,,-1.1457362174987793,,1.1457362174987793,
900,5405,,,-1.1429471969604492,,1.1429471969604492,
901,5411,,,-1.1580709218978882,,1.1580709218978882,
902,5417,,,-1.142128348350525,,1.142128348350525,
903,5423,,,-1.139338493347168,,1.139338493347168,
904,5429,,,-1.142272710800171,,1.142272710800171,
905,5435,,,-1.140722393989563,,1.140722393989563,
906,5441,,,-1.136362910270691,,1.136362910270691,
907,5447,,,-1.1418377161026,,1.1418377161026,
908,5449,,,,-1.2066664695739746,,1.2066664695739746
908,5453,,,-1.136452555656433,,1.136452555656433,
909,5459,,,-1.1436004638671875,,1.1436004638671875,
910,5465,,,-1.1364818811416626,,1.1364818811416626,
911,5471,,,-1.1344645023345947,,1.1344645023345947,
912,5477,,,-1.1351717710494995,,1.1351717710494995,
913,5483,,,-1.1333339214324951,,1.1333339214324951,
914,5489,,,-1.1370537281036377,,1.1370537281036377,
915,5495,,,-1.149043321609497,,1.149043321609497,
916,5499,,,,-1.3252968788146973,,1.3252968788146973
916,5501,,,-1.145530104637146,,1.145530104637146,
917,5507,,,-1.1497324705123901,,1.1497324705123901,
918,5513,,,-1.1465433835983276,,1.1465433835983276,
919,5519,,,-1.1359105110168457,,1.1359105110168457,
920,5525,,,-1.141657829284668,,1.141657829284668,
921,5531,,,-1.142277717590332,,1.142277717590332,
922,5537,,,-1.1395108699798584,,1.1395108699798584,
923,5543,,,-1.1412570476531982,,1.1412570476531982,
924,5549,,,,-0.7979447841644287,,0.7979447841644287
924,5549,,,-1.1358990669250488,,1.1358990669250488,
925,5555,,,-1.1377650499343872,,1.1377650499343872,
926,5561,,,-1.135120153427124,,1.135120153427124,
927,5567,,,-1.1363370418548584,,1.1363370418548584,
928,5573,,,-1.1442089080810547,,1.1442089080810547,
929,5579,,,-1.149227261543274,,1.149227261543274,
930,5585,,,-1.1437557935714722,,1.1437557935714722,
931,5591,,,-1.1439626216888428,,1.1439626216888428,
932,5597,,,-1.132373571395874,,1.132373571395874,
933,5599,,,,-1.1341817378997803,,1.1341817378997803
933,5603,,,-1.1358641386032104,,1.1358641386032104,
934,5609,,,-1.143875241279602,,1.143875241279602,
935,5615,,,-1.1335935592651367,,1.1335935592651367,
936,5621,,,-1.1379894018173218,,1.1379894018173218,
937,5627,,,-1.1351549625396729,,1.1351549625396729,
938,5633,,,-1.1364288330078125,,1.1364288330078125,
939,5639,,,-1.1376216411590576,,1.1376216411590576,
940,5645,,,-1.1395549774169922,,1.1395549774169922,
941,5649,,,,-1.094653844833374,,1.094653844833374
941,5651,,,-1.145824909210205,,1.145824909210205,
942,5657,,,-1.1358909606933594,,1.1358909606933594,
943,5663,,,-1.1382040977478027,,1.1382040977478027,
944,5669,,,-1.1349838972091675,,1.1349838972091675,
945,5675,,,-1.1379293203353882,,1.1379293203353882,
946,5681,,,-1.140479326248169,,1.140479326248169,
947,5687,,,-1.1455233097076416,,1.1455233097076416,
948,5693,,,-1.1415152549743652,,1.1415152549743652,
949,5699,,,,-1.0945744514465332,,1.0945744514465332
949,5699,,,-1.1353510618209839,,1.1353510618209839,
950,5705,,,-1.1428645849227905,,1.1428645849227905,
951,5711,,,-1.137439489364624,,1.137439489364624,
952,5717,,,-1.1352335214614868,,1.1352335214614868,
953,5723,,,-1.1386239528656006,,1.1386239528656006,
954,5729,,,-1.1483421325683594,,1.1483421325683594,
955,5735,,,-1.1366297006607056,,1.1366297006607056,
956,5741,,,-1.139804482460022,,1.139804482460022,
957,5747,,,-1.1399102210998535,,1.1399102210998535,
958,5749,,,,-1.091003179550171,,1.091003179550171
958,5753,,,-1.1351902484893799,,1.1351902484893799,
959,5759,,,-1.13662588596344,,1.13662588596344,
960,5765,,,-1.1521730422973633,,1.1521730422973633,
961,5771,,,-1.1370927095413208,,1.1370927095413208,
962,5777,,,-1.1409616470336914,,1.1409616470336914,
963,5783,,,-1.1396023035049438,,1.1396023035049438,
964,5789,,,-1.1369311809539795,,1.1369311809539795,
965,5795,,,-1.139711618423462,,1.139711618423462,
966,5799,,,,-1.2013821601867676,,1.2013821601867676
966,5801,,,-1.1399587392807007,,1.1399587392807007,
967,5807,,,-1.1372721195220947,,1.1372721195220947,
968,5813,,,-1.1425129175186157,,1.1425129175186157,
969,5819,,,-1.1438487768173218,,1.1438487768173218,
970,5825,,,-1.1404411792755127,,1.1404411792755127,
971,5831,,,-1.1364420652389526,,1.1364420652389526,
972,5837,,,-1.1451656818389893,,1.1451656818389893,
973,5843,,,-1.1444780826568604,,1.1444780826568604,
974,5849,,,,-0.8787739276885986,,0.8787739276885986
974,5849,,,-1.137275218963623,,1.137275218963623,
975,5855,,,-1.1443692445755005,,1.1443692445755005,
976,5861,,,-1.1363941431045532,,1.1363941431045532,
977,5867,,,-1.1561771631240845,,1.1561771631240845,
978,5873,,,-1.1469308137893677,,1.1469308137893677,
979,5879,,,-1.1388285160064697,,1.1388285160064697,
980,5885,,,-1.140487790107727,,1.140487790107727,
981,5891,,,-1.1424075365066528,,1.1424075365066528,
982,5897,,,-1.1421438455581665,,1.1421438455581665,
983,5899,,,,-1.0590336322784424,,1.0590336322784424
983,5903,,,-1.1390348672866821,,1.1390348672866821,
984,5909,,,-1.139690637588501,,1.139690637588501,
985,5915,,,-1.1402586698532104,,1.1402586698532104,
986,5921,,,-1.1449016332626343,,1.1449016332626343,
987,5927,,,-1.1379520893096924,,1.1379520893096924,
988,5933,,,-1.139229416847229,,1.139229416847229,
989,5939,,,-1.1389364004135132,,1.1389364004135132,
990,5945,,,-1.1379469633102417,,1.1379469633102417,
991,5949,,,,-1.1525955200195312,,1.1525955200195312
991,5951,,,-1.1378350257873535,,1.1378350257873535,
992,5957,,,-1.1376533508300781,,1.1376533508300781,
993,5963,,,-1.1519395112991333,,1.1519395112991333,
994,5969,,,-1.1391860246658325,,1.1391860246658325,
995,5975,,,-1.145953893661499,,1.145953893661499,
996,5981,,,-1.1404697895050049,,1.1404697895050049,
997,5987,,,-1.1403859853744507,,1.1403859853744507,
998,5993,,,-1.1382073163986206,,1.1382073163986206,
999,5999,,,,-2.1938490867614746,,2.1938490867614746
999,5999,,,-1.1412357091903687,,1.1412357091903687,
1000,6005,,,-1.1404290199279785,,1.1404290199279785,
1001,6011,,,-1.135976791381836,,1.135976791381836,
1002,6017,,,-1.1402270793914795,,1.1402270793914795,
1003,6023,,,-1.1393481492996216,,1.1393481492996216,
1004,6029,,,-1.1429150104522705,,1.1429150104522705,
1005,6035,,,-1.1390328407287598,,1.1390328407287598,
1006,6041,,,-1.1386911869049072,,1.1386911869049072,
1007,6047,,,-1.1437225341796875,,1.1437225341796875,
1008,6049,,,,-1.08774995803833,,1.08774995803833
1008,6053,,,-1.1407257318496704,,1.1407257318496704,
1009,6059,,,-1.140851616859436,,1.140851616859436,
1010,6065,,,-1.1404187679290771,,1.1404187679290771,
1011,6071,,,-1.1448720693588257,,1.1448720693588257,
1012,6077,,,-1.1447783708572388,,1.1447783708572388,
1013,6083,,,-1.1381847858428955,,1.1381847858428955,
1014,6089,,,-1.1510977745056152,,1.1510977745056152,
1015,6095,,,-1.1409413814544678,,1.1409413814544678,
1016,6099,,,,-1.1805975437164307,,1.1805975437164307
1016,6101,,,-1.1423065662384033,,1.1423065662384033,
1017,6107,,,-1.136523962020874,,1.136523962020874,
1018,6113,,,-1.1392217874526978,,1.1392217874526978,
1019,6119,,,-1.1403217315673828,,1.1403217315673828,
1020,6125,,,-1.1468647718429565,,1.1468647718429565,
1021,6131,,,-1.1365509033203125,,1.1365509033203125,
1022,6137,,,-1.1477084159851074,,1.1477084159851074,
1023,6143,,,-1.1421691179275513,,1.1421691179275513,
1024,6149,,,,-1.665130615234375,,1.665130615234375
1024,6149,,,-1.142374873161316,,1.142374873161316,
1025,6155,,,-1.145767331123352,,1.145767331123352,
1026,6161,,,-1.1489810943603516,,1.1489810943603516,
1027,6167,,,-1.144113302230835,,1.144113302230835,
1028,6173,,,-1.1543307304382324,,1.1543307304382324,
1029,6179,,,-1.138845682144165,,1.138845682144165,
1030,6185,,,-1.1426640748977661,,1.1426640748977661,
1031,6191,,,-1.1482162475585938,,1.1482162475585938,
1032,6197,,,-1.1420701742172241,,1.1420701742172241,
1033,6199,,,,-1.1746199131011963,,1.1746199131011963
1033,6203,,,-1.1412948369979858,,1.1412948369979858,
1034,6209,,,-1.141143560409546,,1.141143560409546,
1035,6215,,,-1.1440703868865967,,1.1440703868865967,
1036,6221,,,-1.153515338897705,,1.153515338897705,
1037,6227,,,-1.1430248022079468,,1.1430248022079468,
1038,6233,,,-1.1445201635360718,,1.1445201635360718,
1039,6239,,,-1.1506874561309814,,1.1506874561309814,
1040,6245,,,-1.1603419780731201,,1.1603419780731201,
1041,6249,,,,-1.1426196098327637,,1.1426196098327637
1041,6251,,,-1.1479111909866333,,1.1479111909866333,
1042,6257,,,-1.1545758247375488,,1.1545758247375488,
1043,6263,,,-1.141494631767273,,1.141494631767273,
1044,6269,,,-1.1383512020111084,,1.1383512020111084,
1045,6275,,,-1.1441799402236938,,1.1441799402236938,
1046,6281,,,-1.1383402347564697,,1.1383402347564697,
1047,6287,,,-1.1411778926849365,,1.1411778926849365,
1048,6293,,,-1.1398142576217651,,1.1398142576217651,
1049,6299,,,,-1.479164481163025,,1.479164481163025
1049,6299,,,-1.150298833847046,,1.150298833847046,
1050,6305,,,-1.15372896194458,,1.15372896194458,
1051,6311,,,-1.1396023035049438,,1.1396023035049438,
1052,6317,,,-1.156525731086731,,1.156525731086731,
1053,6323,,,-1.152591347694397,,1.152591347694397,
1054,6329,,,-1.1423110961914062,,1.1423110961914062,
1055,6335,,,-1.1500083208084106,,1.1500083208084106,
1056,6341,,,-1.151921033859253,,1.151921033859253,
1057,6347,,,-1.1441432237625122,,1.1441432237625122,
1058,6349,,,,-1.1239547729492188,,1.1239547729492188
1058,6353,,,-1.1391817331314087,,1.1391817331314087,
1059,6359,,,-1.13912034034729,,1.13912034034729,
1060,6365,,,-1.1444896459579468,,1.1444896459579468,
1061,6371,,,-1.1480499505996704,,1.1480499505996704,
1062,6377,,,-1.1457995176315308,,1.1457995176315308,
1063,6383,,,-1.1461150646209717,,1.1461150646209717,
1064,6389,,,-1.1461873054504395,,1.1461873054504395,
1065,6395,,,-1.1474411487579346,,1.1474411487579346,
1066,6399,,,,-1.200007677078247,,1.200007677078247
1066,6401,,,-1.1446452140808105,,1.1446452140808105,
1067,6407,,,-1.1422206163406372,,1.1422206163406372,
1068,6413,,,-1.154097557067871,,1.154097557067871,
1069,6419,,,-1.1417301893234253,,1.1417301893234253,
1070,6425,,,-1.1434251070022583,,1.1434251070022583,
1071,6431,,,-1.143983244895935,,1.143983244895935,
1072,6437,,,-1.1409687995910645,,1.1409687995910645,
1073,6443,,,-1.1439590454101562,,1.1439590454101562,
1074,6449,,,,-1.6449809074401855,,1.6449809074401855
1074,6449,,,-1.1436878442764282,,1.1436878442764282,
1075,6455,,,-1.1485086679458618,,1.1485086679458618,
1076,6461,,,-1.1451460123062134,,1.1451460123062134,
1077,6467,,,-1.1491514444351196,,1.1491514444351196,
1078,6473,,,-1.1450694799423218,,1.1450694799423218,
1079,6479,,,-1.1434539556503296,,1.1434539556503296,
1080,6485,,,-1.1409612894058228,,1.1409612894058228,
1081,6491,,,-1.1486667394638062,,1.1486667394638062,
1082,6497,,,-1.1409344673156738,,1.1409344673156738,
1083,6499,,,,-1.2980694770812988,,1.2980694770812988
1083,6503,,,-1.153463363647461,,1.153463363647461,
1084,6509,,,-1.1431938409805298,,1.1431938409805298,
1085,6515,,,-1.1551982164382935,,1.1551982164382935,
1086,6521,,,-1.1455638408660889,,1.1455638408660889,
1087,6527,,,-1.1416292190551758,,1.1416292190551758,
1088,6533,,,-1.1400480270385742,,1.1400480270385742,
1089,6539,,,-1.1433075666427612,,1.1433075666427612,
1090,6545,,,-1.1455605030059814,,1.1455605030059814,
1091,6549,,,,-1.0792670249938965,,1.0792670249938965
1091,6551,,,-1.1527780294418335,,1.1527780294418335,
1092,6557,,,-1.1390058994293213,,1.1390058994293213,
1093,6563,,,-1.14702570438385,,1.14702570438385,
1094,6569,,,-1.1479437351226807,,1.1479437351226807,
1095,6575,,,-1.154287338256836,,1.154287338256836,
1096,6581,,,-1.1420845985412598,,1.1420845985412598,
1097,6587,,,-1.1463098526000977,,1.1463098526000977,
1098,6593,,,-1.141956090927124,,1.141956090927124,
1099,6599,,,,-1.110002040863037,,1.110002040863037
1099,6599,,,-1.149259090423584,,1.149259090423584,
1100,6605,,,-1.1458402872085571,,1.1458402872085571,
1101,6611,,,-1.1419202089309692,,1.1419202089309692,
1102,6617,,,-1.151405692100525,,1.151405692100525,
1103,6623,,,-1.1500200033187866,,1.1500200033187866,
1104,6629,,,-1.1461496353149414,,1.1461496353149414,
1105,6635,,,-1.1480960845947266,,1.1480960845947266,
1106,6641,,,-1.1431949138641357,,1.1431949138641357,
1107,6647,,,-1.1411561965942383,,1.1411561965942383,
1108,6649,,,,-1.0840401649475098,,1.0840401649475098
1108,6653,,,-1.1461576223373413,,1.1461576223373413,
1109,6659,,,-1.1556227207183838,,1.1556227207183838,
1110,6665,,,-1.1485449075698853,,1.1485449075698853,
1111,6671,,,-1.1410183906555176,,1.1410183906555176,
1112,6677,,,-1.147801160812378,,1.147801160812378,
1113,6683,,,-1.1510359048843384,,1.1510359048843384,
1114,6689,,,-1.151079535484314,,1.151079535484314,
1115,6695,,,-1.1463786363601685,,1.1463786363601685,
1116,6699,,,,-1.2062053680419922,,1.2062053680419922
1116,6701,,,-1.1503288745880127,,1.1503288745880127,
1117,6707,,,-1.1483436822891235,,1.1483436822891235,
1118,6713,,,-1.1456738710403442,,1.1456738710403442,
1119,6719,,,-1.1458631753921509,,1.1458631753921509,
1120,6725,,,-1.1414780616760254,,1.1414780616760254,
1121,6731,,,-1.1505986452102661,,1.1505986452102661,
1122,6737,,,-1.1446841955184937,,1.1446841955184937,
1123,6743,,,-1.1484788656234741,,1.1484788656234741,
1124,6749,,,,-1.3618978261947632,,1.3618978261947632
1124,6749,,,-1.147294044494629,,1.147294044494629,
1125,6755,,,-1.1517560482025146,,1.1517560482025146,
1126,6761,,,-1.1407551765441895,,1.1407551765441895,
1127,6767,,,-1.1513645648956299,,1.1513645648956299,
1128,6773,,,-1.1446400880813599,,1.1446400880813599,
1129,6779,,,-1.1464390754699707,,1.1464390754699707,
1130,6785,,,-1.149322271347046,,1.149322271347046,
1131,6791,,,-1.1441880464553833,,1.1441880464553833,
1132,6797,,,-1.1413098573684692,,1.1413098573684692,
1133,6799,,,,-1.141618251800537,,1.141618251800537
1133,6803,,,-1.1462658643722534,,1.1462658643722534,
1134,6809,,,-1.1411627531051636,,1.1411627531051636,
1135,6815,,,-1.1493749618530273,,1.1493749618530273,
1136,6821,,,-1.1444207429885864,,1.1444207429885864,
1137,6827,,,-1.1444966793060303,,1.1444966793060303,
1138,6833,,,-1.1476094722747803,,1.1476094722747803,
1139,6839,,,-1.1498550176620483,,1.1498550176620483,
1140,6845,,,-1.1442197561264038,,1.1442197561264038,
1141,6849,,,,-1.0377721786499023,,1.0377721786499023
1141,6851,,,-1.147060513496399,,1.147060513496399,
1142,6857,,,-1.1521481275558472,,1.1521481275558472,
1143,6863,,,-1.1524288654327393,,1.1524288654327393,
1144,6869,,,-1.1459790468215942,,1.1459790468215942,
1145,6875,,,-1.1467225551605225,,1.1467225551605225,
1146,6881,,,-1.1542656421661377,,1.1542656421661377,
1147,6887,,,-1.143947958946228,,1.143947958946228,
1148,6893,,,-1.151438593864441,,1.151438593864441,
1149,6899,,,,-0.8020776510238647,,0.8020776510238647
1149,6899,,,-1.1506377458572388,,1.1506377458572388,
1150,6905,,,-1.1408361196517944,,1.1408361196517944,
1151,6911,,,-1.1478424072265625,,1.1478424072265625,
1152,6917,,,-1.1481056213378906,,1.1481056213378906,
1153,6923,,,-1.142365574836731,,1.142365574836731,
1154,6929,,,-1.1439845561981201,,1.1439845561981201,
1155,6935,,,-1.1498812437057495,,1.1498812437057495,
1156,6941,,,-1.1463662385940552,,1.1463662385940552,
1157,6947,,,-1.1435072422027588,,1.1435072422027588,
1158,6949,,,,-1.1955382823944092,,1.1955382823944092
1158,6953,,,-1.146491289138794,,1.146491289138794,
1159,6959,,,-1.1462112665176392,,1.1462112665176392,
1160,6965,,,-1.147037386894226,,1.147037386894226,
1161,6971,,,-1.1637020111083984,,1.1637020111083984,
1162,6977,,,-1.1530286073684692,,1.1530286073684692,
1163,6983,,,-1.1462727785110474,,1.1462727785110474,
1164,6989,,,-1.1439319849014282,,1.1439319849014282,
1165,6995,,,-1.1550942659378052,,1.1550942659378052,
1166,6999,,,,-1.3412714004516602,,1.3412714004516602
1166,7001,,,-1.1586068868637085,,1.1586068868637085,
1167,7007,,,-1.1412937641143799,,1.1412937641143799,
1168,7013,,,-1.1489644050598145,,1.1489644050598145,
1169,7019,,,-1.1420981884002686,,1.1420981884002686,
1170,7025,,,-1.149343729019165,,1.149343729019165,
1171,7031,,,-1.1457632780075073,,1.1457632780075073,
1172,7037,,,-1.1514358520507812,,1.1514358520507812,
1173,7043,,,-1.1498184204101562,,1.1498184204101562,
1174,7049,,,,-1.41318678855896,,1.41318678855896
1174,7049,,,-1.1434156894683838,,1.1434156894683838,
1175,7055,,,-1.1485363245010376,,1.1485363245010376,
1176,7061,,,-1.1556278467178345,,1.1556278467178345,
1177,7067,,,-1.145382046699524,,1.145382046699524,
1178,7073,,,-1.1478911638259888,,1.1478911638259888,
1179,7079,,,-1.143397569656372,,1.143397569656372,
1180,7085,,,-1.1435946226119995,,1.1435946226119995,
1181,7091,,,-1.1433990001678467,,1.1433990001678467,
1182,7097,,,-1.1462942361831665,,1.1462942361831665,
1183,7099,,,,-1.209998369216919,,1.209998369216919
1183,7103,,,-1.1501919031143188,,1.1501919031143188,
1184,7109,,,-1.1485614776611328,,1.1485614776611328,
1185,7115,,,-1.1458373069763184,,1.1458373069763184,
1186,7121,,,-1.1526836156845093,,1.1526836156845093,
1187,7127,,,-1.1450200080871582,,1.1450200080871582,
1188,7133,,,-1.1567426919937134,,1.1567426919937134,
1189,7139,,,-1.1556833982467651,,1.1556833982467651,
1190,7145,,,-1.1479393243789673,,1.1479393243789673,
1191,7149,,,,-1.1783583164215088,,1.1783583164215088
1191,7151,,,-1.1483834981918335,,1.1483834981918335,
1192,7157,,,-1.1461303234100342,,1.1461303234100342,
1193,7163,,,-1.153289556503296,,1.153289556503296,
1194,7169,,,-1.1491881608963013,,1.1491881608963013,
1195,7175,,,-1.1463890075683594,,1.1463890075683594,
1196,7181,,,-1.151483416557312,,1.151483416557312,
1197,7187,,,-1.1704365015029907,,1.1704365015029907,
1198,7193,,,-1.154200553894043,,1.154200553894043,
1199,7199,,,,-1.510545253753662,,1.510545253753662
1199,7199,,,-1.1572864055633545,,1.1572864055633545,
1200,7205,,,-1.162138819694519,,1.162138819694519,
1201,7211,,,-1.1476317644119263,,1.1476317644119263,
1202,7217,,,-1.1466261148452759,,1.1466261148452759,
1203,7223,,,-1.1661620140075684,,1.1661620140075684,
1204,7229,,,-1.145334005355835,,1.145334005355835,
1205,7235,,,-1.151614785194397,,1.151614785194397,
1206,7241,,,-1.1637303829193115,,1.1637303829193115,
1207,7247,,,-1.160362958908081,,1.160362958908081,
1208,7249,,,,-1.1269330978393555,,1.1269330978393555
1208,7253,,,-1.1438710689544678,,1.1438710689544678,
1209,7259,,,-1.1469371318817139,,1.1469371318817139,
1210,7265,,,-1.1542880535125732,,1.1542880535125732,
1211,7271,,,-1.1494640111923218,,1.1494640111923218,
1212,7277,,,-1.1519216299057007,,1.1519216299057007,
1213,7283,,,-1.1448723077774048,,1.1448723077774048,
1214,7289,,,-1.1440532207489014,,1.1440532207489014,
1215,7295,,,-1.1441065073013306,,1.1441065073013306,
1216,7299,,,,-1.2123172283172607,,1.2123172283172607
1216,7301,,,-1.1520272493362427,,1.1520272493362427,
1217,7307,,,-1.160118818283081,,1.160118818283081,
1218,7313,,,-1.1512631177902222,,1.1512631177902222,
1219,7319,,,-1.1479655504226685,,1.1479655504226685,
1220,7325,,,-1.1476987600326538,,1.1476987600326538,
1221,7331,,,-1.1574063301086426,,1.1574063301086426,
1222,7337,,,-1.1478296518325806,,1.1478296518325806,
1223,7343,,,-1.1469082832336426,,1.1469082832336426,
1224,7349,,,,-0.446893572807312,,0.446893572807312
1224,7349,,,-1.1589432954788208,,1.1589432954788208,
1225,7355,,,-1.154060959815979,,1.154060959815979,
1226,7361,,,-1.149314522743225,,1.149314522743225,
1227,7367,,,-1.1549025774002075,,1.1549025774002075,
1228,7373,,,-1.1547789573669434,,1.1547789573669434,
1229,7379,,,-1.1512513160705566,,1.1512513160705566,
1230,7385,,,-1.1438125371932983,,1.1438125371932983,
1231,7391,,,-1.159367322921753,,1.159367322921753,
1232,7397,,,-1.1497946977615356,,1.1497946977615356,
1233,7399,,,,-1.2793760299682617,,1.2793760299682617
1233,7403,,,-1.1518115997314453,,1.1518115997314453,
1234,7409,,,-1.148522138595581,,1.148522138595581,
1235,7415,,,-1.1622768640518188,,1.1622768640518188,
1236,7421,,,-1.159976601600647,,1.159976601600647,
1237,7427,,,-1.1508513689041138,,1.1508513689041138,
1238,7433,,,-1.1471205949783325,,1.1471205949783325,
1239,7439,,,-1.1485580205917358,,1.1485580205917358,
1240,7445,,,-1.1532816886901855,,1.1532816886901855,
1241,7449,,,,-1.0188264846801758,,1.0188264846801758
1241,7451,,,-1.1498712301254272,,1.1498712301254272,
1242,7457,,,-1.155378818511963,,1.155378818511963,
1243,7463,,,-1.15215265750885,,1.15215265750885,
1244,7469,,,-1.1462405920028687,,1.1462405920028687,
1245,7475,,,-1.1612721681594849,,1.1612721681594849,
1246,7481,,,-1.1480861902236938,,1.1480861902236938,
1247,7487,,,-1.1465766429901123,,1.1465766429901123,
1248,7493,,,-1.1438400745391846,,1.1438400745391846,
1249,7499,,,,-1.3386000394821167,,1.3386000394821167
1249,7499,,,-1.1478080749511719,,1.1478080749511719,
1250,7505,,,-1.1529046297073364,,1.1529046297073364,
1251,7511,,,-1.1479713916778564,,1.1479713916778564,
1252,7517,,,-1.1547794342041016,,1.1547794342041016,
1253,7523,,,-1.1477646827697754,,1.1477646827697754,
1254,7529,,,-1.1511447429656982,,1.1511447429656982,
1255,7535,,,-1.168964147567749,,1.168964147567749,
1256,7541,,,-1.1459883451461792,,1.1459883451461792,
1257,7547,,,-1.1471378803253174,,1.1471378803253174,
1258,7549,,,,-1.172813892364502,,1.172813892364502
1258,7553,,,-1.1454241275787354,,1.1454241275787354,
1259,7559,,,-1.1530956029891968,,1.1530956029891968,
1260,7565,,,-1.146996259689331,,1.146996259689331,
1261,7571,,,-1.1510981321334839,,1.1510981321334839,
1262,7577,,,-1.1490967273712158,,1.1490967273712158,
1263,7583,,,-1.1531853675842285,,1.1531853675842285,
1264,7589,,,-1.1532121896743774,,1.1532121896743774,
1265,7595,,,-1.1507116556167603,,1.1507116556167603,
1266,7599,,,,-1.086261510848999,,1.086261510848999
1266,7601,,,-1.1477723121643066,,1.1477723121643066,
1267,7607,,,-1.1517640352249146,,1.1517640352249146,
1268,7613,,,-1.1488733291625977,,1.1488733291625977,
1269,7619,,,-1.1560860872268677,,1.1560860872268677,
1270,7625,,,-1.1499946117401123,,1.1499946117401123,
1271,7631,,,-1.1569732427597046,,1.1569732427597046,
1272,7637,,,-1.157413125038147,,1.157413125038147,
1273,7643,,,-1.1478744745254517,,1.1478744745254517,
1274,7649,,,,-1.56911301612854,,1.56911301612854
1274,7649,,,-1.1529548168182373,,1.1529548168182373,
1275,7655,,,-1.150262713432312,,1.150262713432312,
1276,7661,,,-1.1488275527954102,,1.1488275527954102,
1277,7667,,,-1.1473206281661987,,1.1473206281661987,
1278,7673,,,-1.1495015621185303,,1.1495015621185303,
1279,7679,,,-1.1471425294876099,,1.1471425294876099,
1280,7685,,,-1.1529688835144043,,1.1529688835144043,
1281,7691,,,-1.1516754627227783,,1.1516754627227783,
1282,7697,,,-1.149704098701477,,1.149704098701477,
1283,7699,,,,-1.394578456878662,,1.394578456878662
1283,7703,,,-1.1627702713012695,,1.1627702713012695,
1284,7709,,,-1.1559990644454956,,1.1559990644454956,
1285,7715,,,-1.148110270500183,,1.148110270500183,
1286,7721,,,-1.1482897996902466,,1.1482897996902466,
1287,7727,,,-1.1531755924224854,,1.1531755924224854,
1288,7733,,,-1.1530036926269531,,1.1530036926269531,
1289,7739,,,-1.1555784940719604,,1.1555784940719604,
1290,7745,,,-1.1564478874206543,,1.1564478874206543,
1291,7749,,,,-1.1432907581329346,,1.1432907581329346
1291,7751,,,-1.145200490951538,,1.145200490951538,
1292,7757,,,-1.1451343297958374,,1.1451343297958374,
1293,7763,,,-1.1463865041732788,,1.1463865041732788,
1294,7769,,,-1.1499879360198975,,1.1499879360198975,
1295,7775,,,-1.1523241996765137,,1.1523241996765137,
1296,7781,,,-1.1448835134506226,,1.1448835134506226,
1297,7787,,,-1.148711085319519,,1.148711085319519,
1298,7793,,,-1.1561232805252075,,1.1561232805252075,
1299,7799,,,,-0.31607937812805176,,0.31607937812805176
1299,7799,,,-1.1612353324890137,,1.1612353324890137,
1300,7805,,,-1.154570460319519,,1.154570460319519,
1301,7811,,,-1.1504793167114258,,1.1504793167114258,
1302,7817,,,-1.1529821157455444,,1.1529821157455444,
1303,7823,,,-1.1630184650421143,,1.1630184650421143,
1304,7829,,,-1.1474823951721191,,1.1474823951721191,
1305,7835,,,-1.1706130504608154,,1.1706130504608154,
1306,7841,,,-1.1571122407913208,,1.1571122407913208,
1307,7847,,,-1.1606172323226929,,1.1606172323226929,
1308,7849,,,,-1.2502706050872803,,1.2502706050872803
1308,7853,,,-1.1630672216415405,,1.1630672216415405,
1309,7859,,,-1.1498146057128906,,1.1498146057128906,
1310,7865,,,-1.1533682346343994,,1.1533682346343994,
1311,7871,,,-1.1511476039886475,,1.1511476039886475,
1312,7877,,,-1.1507219076156616,,1.1507219076156616,
1313,7883,,,-1.1480320692062378,,1.1480320692062378,
1314,7889,,,-1.1533137559890747,,1.1533137559890747,
1315,7895,,,-1.169538140296936,,1.169538140296936,
1316,7899,,,,-1.2716615200042725,,1.2716615200042725
1316,7901,,,-1.1575955152511597,,1.1575955152511597,
1317,7907,,,-1.1472480297088623,,1.1472480297088623,
1318,7913,,,-1.150543212890625,,1.150543212890625,
1319,7919,,,-1.1498260498046875,,1.1498260498046875,
1320,7925,,,-1.1486163139343262,,1.1486163139343262,
1321,7931,,,-1.1484369039535522,,1.1484369039535522,
1322,7937,,,-1.1597784757614136,,1.1597784757614136,
1323,7943,,,-1.1562987565994263,,1.1562987565994263,
1324,7949,,,,-1.6761798858642578,,1.6761798858642578
1324,7949,,,-1.1517642736434937,,1.1517642736434937,
1325,7955,,,-1.1502920389175415,,1.1502920389175415,
1326,7961,,,-1.1456294059753418,,1.1456294059753418,
1327,7967,,,-1.1565606594085693,,1.1565606594085693,
1328,7973,,,-1.1490411758422852,,1.1490411758422852,
1329,7979,,,-1.1466634273529053,,1.1466634273529053,
1330,7985,,,-1.1483961343765259,,1.1483961343765259,
1331,7991,,,-1.1619383096694946,,1.1619383096694946,
1332,7997,,,-1.15355384349823,,1.15355384349823,
1333,7999,,,,-1.3923516273498535,,1.3923516273498535
1333,8003,,,-1.1562261581420898,,1.1562261581420898,
1334,8009,,,-1.1507902145385742,,1.1507902145385742,
1335,8015,,,-1.1660637855529785,,1.1660637855529785,
1336,8021,,,-1.1522960662841797,,1.1522960662841797,
1337,8027,,,-1.1493473052978516,,1.1493473052978516,
1338,8033,,,-1.1560797691345215,,1.1560797691345215,
1339,8039,,,-1.15744149684906,,1.15744149684906,
1340,8045,,,-1.1509687900543213,,1.1509687900543213,
1341,8049,,,,-1.1939115524291992,,1.1939115524291992
1341,8051,,,-1.1501504182815552,,1.1501504182815552,
1342,8057,,,-1.1506760120391846,,1.1506760120391846,
1343,8063,,,-1.1458228826522827,,1.1458228826522827,
1344,8069,,,-1.148237705230713,,1.148237705230713,
1345,8075,,,-1.1492313146591187,,1.1492313146591187,
1346,8081,,,-1.1539933681488037,,1.1539933681488037,
1347,8087,,,-1.1619552373886108,,1.1619552373886108,
1348,8093,,,-1.1500470638275146,,1.1500470638275146,
1349,8099,,,,-0.7953102588653564,,0.7953102588653564
1349,8099,,,-1.1695597171783447,,1.1695597171783447,
1350,8105,,,-1.1591318845748901,,1.1591318845748901,
1351,8111,,,-1.1564403772354126,,1.1564403772354126,
1352,8117,,,-1.1641451120376587,,1.1641451120376587,
1353,8123,,,-1.151665449142456,,1.151665449142456,
1354,8129,,,-1.1541393995285034,,1.1541393995285034,
1355,8135,,,-1.1518869400024414,,1.1518869400024414,
1356,8141,,,-1.151777744293213,,1.151777744293213,
1357,8147,,,-1.1510909795761108,,1.1510909795761108,
1358,8149,,,,-1.1711888313293457,,1.1711888313293457
1358,8153,,,-1.15196692943573,,1.15196692943573,
1359,8159,,,-1.158674955368042,,1.158674955368042,
1360,8165,,,-1.1569150686264038,,1.1569150686264038,
1361,8171,,,-1.1625043153762817,,1.1625043153762817,
1362,8177,,,-1.152195692062378,,1.152195692062378,
1363,8183,,,-1.1603823900222778,,1.1603823900222778,
1364,8189,,,-1.1507351398468018,,1.1507351398468018,
1365,8195,,,-1.1480215787887573,,1.1480215787887573,
1366,8199,,,,-1.1103503704071045,,1.1103503704071045
1366,8201,,,-1.1499285697937012,,1.1499285697937012,
1367,8207,,,-1.1519924402236938,,1.1519924402236938,
1368,8213,,,-1.147517204284668,,1.147517204284668,
1369,8219,,,-1.153908610343933,,1.153908610343933,
1370,8225,,,-1.165625810623169,,1.165625810623169,
1371,8231,,,-1.1542129516601562,,1.1542129516601562,
1372,8237,,,-1.148232340812683,,1.148232340812683,
1373,8243,,,-1.161196231842041,,1.161196231842041,
1374,8249,,,,-1.8581743240356445,,1.8581743240356445
1374,8249,,,-1.1574147939682007,,1.1574147939682007,
1375,8255,,,-1.1568433046340942,,1.1568433046340942,
1376,8261,,,-1.1477032899856567,,1.1477032899856567,
1377,8267,,,-1.1571706533432007,,1.1571706533432007,
1378,8273,,,-1.1552006006240845,,1.1552006006240845,
1379,8279,,,-1.1564325094223022,,1.1564325094223022,
1380,8285,,,-1.1668065786361694,,1.1668065786361694,
1381,8291,,,-1.157805323600769,,1.157805323600769,
1382,8297,,,-1.1632678508758545,,1.1632678508758545,
1383,8299,,,,-1.102747917175293,,1.102747917175293
1383,8303,,,-1.1452020406723022,,1.1452020406723022,
1384,8309,,,-1.1774884462356567,,1.1774884462356567,
1385,8315,,,-1.1523900032043457,,1.1523900032043457,
1386,8321,,,-1.155371069908142,,1.155371069908142,
1387,8327,,,-1.1501058340072632,,1.1501058340072632,
1388,8333,,,-1.1565555334091187,,1.1565555334091187,
1389,8339,,,-1.1475578546524048,,1.1475578546524048,
1390,8345,,,-1.148726224899292,,1.148726224899292,
1391,8349,,,,-1.0416662693023682,,1.0416662693023682
1391,8351,,,-1.1489118337631226,,1.1489118337631226,
1392,8357,,,-1.1481409072875977,,1.1481409072875977,
1393,8363,,,-1.1482856273651123,,1.1482856273651123,
1394,8369,,,-1.1541212797164917,,1.1541212797164917,
1395,8375,,,-1.1603572368621826,,1.1603572368621826,
1396,8381,,,-1.1512295007705688,,1.1512295007705688,
1397,8387,,,-1.156158447265625,,1.156158447265625,
1398,8393,,,-1.1525940895080566,,1.1525940895080566,
1399,8399,,,,-1.4296674728393555,,1.4296674728393555
1399,8399,,,-1.1722283363342285,,1.1722283363342285,
1400,8405,,,-1.1471165418624878,,1.1471165418624878,
1401,8411,,,-1.1620558500289917,,1.1620558500289917,
1402,8417,,,-1.1522716283798218,,1.1522716283798218,
1403,8423,,,-1.1522034406661987,,1.1522034406661987,
1404,8429,,,-1.1540542840957642,,1.1540542840957642,
1405,8435,,,-1.1514345407485962,,1.1514345407485962,
1406,8441,,,-1.1529701948165894,,1.1529701948165894,
1407,8447,,,-1.1544559001922607,,1.1544559001922607,
1408,8449,,,,-1.192054271697998,,1.192054271697998
1408,8453,,,-1.1594685316085815,,1.1594685316085815,
1409,8459,,,-1.1563270092010498,,1.1563270092010498,
1410,8465,,,-1.1501544713974,,1.1501544713974,
1411,8471,,,-1.149043321609497,,1.149043321609497,
1412,8477,,,-1.1515146493911743,,1.1515146493911743,
1413,8483,,,-1.1468300819396973,,1.1468300819396973,
1414,8489,,,-1.147142767906189,,1.147142767906189,
1415,8495,,,-1.1513216495513916,,1.1513216495513916,
1416,8499,,,,-1.1300504207611084,,1.1300504207611084
1416,8501,,,-1.1518690586090088,,1.1518690586090088,
1417,8507,,,-1.1521365642547607,,1.1521365642547607,
1418,8513,,,-1.168783187866211,,1.168783187866211,
1419,8519,,,-1.1670101881027222,,1.1670101881027222,
1420,8525,,,-1.1528111696243286,,1.1528111696243286,
1421,8531,,,-1.1557347774505615,,1.1557347774505615,
1422,8537,,,-1.149628758430481,,1.149628758430481,
1423,8543,,,-1.1477569341659546,,1.1477569341659546,
1424,8549,,,,-1.5099503993988037,,1.5099503993988037
1424,8549,,,-1.162519931793213,,1.162519931793213,
1425,8555,,,-1.1557588577270508,,1.1557588577270508,
1426,8561,,,-1.1488786935806274,,1.1488786935806274,
1427,8567,,,-1.1474989652633667,,1.1474989652633667,
1428,8573,,,-1.1568726301193237,,1.1568726301193237,
1429,8579,,,-1.1657582521438599,,1.1657582521438599,
1430,8585,,,-1.149743676185608,,1.149743676185608,
1431,8591,,,-1.1538399457931519,,1.1538399457931519,
1432,8597,,,-1.1709614992141724,,1.1709614992141724,
1433,8599,,,,-1.1537914276123047,,1.1537914276123047
1433,8603,,,-1.1502349376678467,,1.1502349376678467,
1434,8609,,,-1.1512246131896973,,1.1512246131896973,
1435,8615,,,-1.1524759531021118,,1.1524759531021118,
1436,8621,,,-1.1496831178665161,,1.1496831178665161,
1437,8627,,,-1.159055471420288,,1.159055471420288,
1438,8633,,,-1.1554512977600098,,1.1554512977600098,
1439,8639,,,-1.1553690433502197,,1.1553690433502197,
1440,8645,,,-1.159596562385559,,1.159596562385559,
1441,8649,,,,-1.06748628616333,,1.06748628616333
1441,8651,,,-1.1532399654388428,,1.1532399654388428,
1442,8657,,,-1.1588269472122192,,1.1588269472122192,
1443,8663,,,-1.1537463665008545,,1.1537463665008545,
1444,8669,,,-1.154280185699463,,1.154280185699463,
1445,8675,,,-1.1560031175613403,,1.1560031175613403,
1446,8681,,,-1.15372633934021,,1.15372633934021,
1447,8687,,,-1.1547541618347168,,1.1547541618347168,
1448,8693,,,-1.1666710376739502,,1.1666710376739502,
1449,8699,,,,-1.21425199508667,,1.21425199508667
1449,8699,,,-1.1502605676651,,1.1502605676651,
1450,8705,,,-1.1583845615386963,,1.1583845615386963,
1451,8711,,,-1.1787567138671875,,1.1787567138671875,
1452,8717,,,-1.1753525733947754,,1.1753525733947754,
1453,8723,,,-1.1677087545394897,,1.1677087545394897,
1454,8729,,,-1.1517255306243896,,1.1517255306243896,
1455,8735,,,-1.1501548290252686,,1.1501548290252686,
1456,8741,,,-1.1488804817199707,,1.1488804817199707,
1457,8747,,,-1.1610318422317505,,1.1610318422317505,
1458,8749,,,,-1.1110823154449463,,1.1110823154449463
1458,8753,,,-1.1486599445343018,,1.1486599445343018,
1459,8759,,,-1.1534538269042969,,1.1534538269042969,
1460,8765,,,-1.1472994089126587,,1.1472994089126587,
1461,8771,,,-1.1498948335647583,,1.1498948335647583,
1462,8777,,,-1.147830605506897,,1.147830605506897,
1463,8783,,,-1.1523680686950684,,1.1523680686950684,
1464,8789,,,-1.1561449766159058,,1.1561449766159058,
1465,8795,,,-1.1570004224777222,,1.1570004224777222,
1466,8799,,,,-1.1124482154846191,,1.1124482154846191
1466,8801,,,-1.1587491035461426,,1.1587491035461426,
1467,8807,,,-1.1537973880767822,,1.1537973880767822,
1468,8813,,,-1.1535311937332153,,1.1535311937332153,
1469,8819,,,-1.1490345001220703,,1.1490345001220703,
1470,8825,,,-1.1488999128341675,,1.1488999128341675,
1471,8831,,,-1.1558899879455566,,1.1558899879455566,
1472,8837,,,-1.1541997194290161,,1.1541997194290161,
1473,8843,,,-1.146809458732605,,1.146809458732605,
1474,8849,,,,-1.2859163284301758,,1.2859163284301758
1474,8849,,,-1.1480321884155273,,1.1480321884155273,
1475,8855,,,-1.1592315435409546,,1.1592315435409546,
1476,8861,,,-1.156970500946045,,1.156970500946045,
1477,8867,,,-1.1531707048416138,,1.1531707048416138,
1478,8873,,,-1.1532703638076782,,1.1532703638076782,
1479,8879,,,-1.1521843671798706,,1.1521843671798706,
1480,8885,,,-1.1523211002349854,,1.1523211002349854,
1481,8891,,,-1.1525540351867676,,1.1525540351867676,
1482,8897,,,-1.1606409549713135,,1.1606409549713135,
1483,8899,,,,-1.069049596786499,,1.069049596786499
1483,8903,,,-1.157096028327942,,1.157096028327942,
1484,8909,,,-1.1486260890960693,,1.1486260890960693,
1485,8915,,,-1.1602396965026855,,1.1602396965026855,
1486,8921,,,-1.152565836906433,,1.152565836906433,
1487,8927,,,-1.1523330211639404,,1.1523330211639404,
1488,8933,,,-1.1587865352630615,,1.1587865352630615,
1489,8939,,,-1.1492713689804077,,1.1492713689804077,
1490,8945,,,-1.1570439338684082,,1.1570439338684082,
1491,8949,,,,-1.046471118927002,,1.046471118927002
1491,8951,,,-1.1532142162322998,,1.1532142162322998,
1492,8957,,,-1.1619547605514526,,1.1619547605514526,
1493,8963,,,-1.1515629291534424,,1.1515629291534424,
1494,8969,,,-1.1610746383666992,,1.1610746383666992,
1495,8975,,,-1.162574291229248,,1.162574291229248,
1496,8981,,,-1.158510684967041,,1.158510684967041,
1497,8987,,,-1.1559884548187256,,1.1559884548187256,
1498,8993,,,-1.1680876016616821,,1.1680876016616821,
1499,8999,,,,-0.8889956474304199,,0.8889956474304199
1499,8999,,,-1.164784550666809,,1.164784550666809,
1500,9005,,,-1.154727816581726,,1.154727816581726,
1501,9011,,,-1.152582049369812,,1.152582049369812,
1502,9017,,,-1.155108094215393,,1.155108094215393,
1503,9023,,,-1.160685658454895,,1.160685658454895,
1504,9029,,,-1.1552273035049438,,1.1552273035049438,
1505,9035,,,-1.1589906215667725,,1.1589906215667725,
1506,9041,,,-1.1570638418197632,,1.1570638418197632,
1507,9047,,,-1.1525905132293701,,1.1525905132293701,
1508,9049,,,,-1.157733678817749,,1.157733678817749
1508,9053,,,-1.1516823768615723,,1.1516823768615723,
1509,9059,,,-1.149882435798645,,1.149882435798645,
1510,9065,,,-1.1507238149642944,,1.1507238149642944,
1511,9071,,,-1.1559128761291504,,1.1559128761291504,
1512,9077,,,-1.155956745147705,,1.155956745147705,
1513,9083,,,-1.1566053628921509,,1.1566053628921509,
1514,9089,,,-1.1524417400360107,,1.1524417400360107,
1515,9095,,,-1.1731716394424438,,1.1731716394424438,
1516,9099,,,,-1.1619608402252197,,1.1619608402252197
1516,9101,,,-1.1557754278182983,,1.1557754278182983,
1517,9107,,,-1.154801368713379,,1.154801368713379,
1518,9113,,,-1.1575175523757935,,1.1575175523757935,
1519,9119,,,-1.1514569520950317,,1.1514569520950317,
1520,9125,,,-1.152640700340271,,1.152640700340271,
1521,9131,,,-1.1522369384765625,,1.1522369384765625,
1522,9137,,,-1.1587930917739868,,1.1587930917739868,
1523,9143,,,-1.1603566408157349,,1.1603566408157349,
1524,9149,,,,-1.6274336576461792,,1.6274336576461792
1524,9149,,,-1.1666054725646973,,1.1666054725646973,
1525,9155,,,-1.1607589721679688,,1.1607589721679688,
1526,9161,,,-1.1657991409301758,,1.1657991409301758,
1527,9167,,,-1.1545934677124023,,1.1545934677124023,
1528,9173,,,-1.1657530069351196,,1.1657530069351196,
1529,9179,,,-1.1486130952835083,,1.1486130952835083,
1530,9185,,,-1.1592601537704468,,1.1592601537704468,
1531,9191,,,-1.1525944471359253,,1.1525944471359253,
1532,9197,,,-1.1508911848068237,,1.1508911848068237,
1533,9199,,,,-1.0800457000732422,,1.0800457000732422
1533,9203,,,-1.1577060222625732,,1.1577060222625732,
1534,9209,,,-1.155440092086792,,1.155440092086792,
1535,9215,,,-1.157489538192749,,1.157489538192749,
1536,9221,,,-1.159672498703003,,1.159672498703003,
1537,9227,,,-1.1549538373947144,,1.1549538373947144,
1538,9233,,,-1.162479281425476,,1.162479281425476,
1539,9239,,,-1.1525157690048218,,1.1525157690048218,
1540,9245,,,-1.1521600484848022,,1.1521600484848022,
1541,9249,,,,-1.0616774559020996,,1.0616774559020996
1541,9251,,,-1.1523969173431396,,1.1523969173431396,
1542,9257,,,-1.157853603363037,,1.157853603363037,
1543,9263,,,-1.1577624082565308,,1.1577624082565308,
1544,9269,,,-1.1511763334274292,,1.1511763334274292,
1545,9275,,,-1.1471952199935913,,1.1471952199935913,
1546,9281,,,-1.1536585092544556,,1.1536585092544556,
1547,9287,,,-1.154868245124817,,1.154868245124817,
1548,9293,,,-1.1540122032165527,,1.1540122032165527,
1549,9299,,,,-1.1195119619369507,,1.1195119619369507
1549,9299,,,-1.1565991640090942,,1.1565991640090942,
1550,9305,,,-1.1492737531661987,,1.1492737531661987,
1551,9311,,,-1.1740553379058838,,1.1740553379058838,
1552,9317,,,-1.1577882766723633,,1.1577882766723633,
1553,9323,,,-1.1579318046569824,,1.1579318046569824,
1554,9329,,,-1.1503971815109253,,1.1503971815109253,
1555,9335,,,-1.1532763242721558,,1.1532763242721558,
1556,9341,,,-1.1509413719177246,,1.1509413719177246,
1557,9347,,,-1.1531380414962769,,1.1531380414962769,
1558,9349,,,,-1.0547406673431396,,1.0547406673431396
1558,9353,,,-1.1579327583312988,,1.1579327583312988,
1559,9359,,,-1.1609764099121094,,1.1609764099121094,
1560,9365,,,-1.166053295135498,,1.166053295135498,
1561,9371,,,-1.1556010246276855,,1.1556010246276855,
1562,9377,,,-1.162416934967041,,1.162416934967041,
1563,9383,,,-1.1754350662231445,,1.1754350662231445,
1564,9389,,,-1.1605640649795532,,1.1605640649795532,
1565,9395,,,-1.1509346961975098,,1.1509346961975098,
1566,9399,,,,-1.235630989074707,,1.235630989074707
1566,9401,,,-1.1579681634902954,,1.1579681634902954,
1567,9407,,,-1.155903697013855,,1.155903697013855,
1568,9413,,,-1.1597199440002441,,1.1597199440002441,
1569,9419,,,-1.1525530815124512,,1.1525530815124512,
1570,9425,,,-1.1519306898117065,,1.1519306898117065,
1571,9431,,,-1.1523127555847168,,1.1523127555847168,
1572,9437,,,-1.1513928174972534,,1.1513928174972534,
1573,9443,,,-1.1616554260253906,,1.1616554260253906,
1574,9449,,,,-1.6306343078613281,,1.6306343078613281
1574,9449,,,-1.152111291885376,,1.152111291885376,
1575,9455,,,-1.1821057796478271,,1.1821057796478271,
1576,9461,,,-1.1540300846099854,,1.1540300846099854,
1577,9467,,,-1.1710556745529175,,1.1710556745529175,
1578,9473,,,-1.1547861099243164,,1.1547861099243164,
1579,9479,,,-1.154253363609314,,1.154253363609314,
1580,9485,,,-1.1665865182876587,,1.1665865182876587,
1581,9491,,,-1.1497591733932495,,1.1497591733932495,
1582,9497,,,-1.1542932987213135,,1.1542932987213135,
1583,9499,,,,-1.340914249420166,,1.340914249420166
1583,9503,,,-1.1660586595535278,,1.1660586595535278,
1584,9509,,,-1.1561928987503052,,1.1561928987503052,
1585,9515,,,-1.1608572006225586,,1.1608572006225586,
1586,9521,,,-1.1628477573394775,,1.1628477573394775,
1587,9527,,,-1.1500064134597778,,1.1500064134597778,
1588,9533,,,-1.1538879871368408,,1.1538879871368408,
1589,9539,,,-1.1497430801391602,,1.1497430801391602,
1590,9545,,,-1.1560784578323364,,1.1560784578323364,
1591,9549,,,,-1.0872554779052734,,1.0872554779052734
1591,9551,,,-1.1531871557235718,,1.1531871557235718,
1592,9557,,,-1.1586170196533203,,1.1586170196533203,
1593,9563,,,-1.1596229076385498,,1.1596229076385498,
1594,9569,,,-1.1573662757873535,,1.1573662757873535,
1595,9575,,,-1.1553664207458496,,1.1553664207458496,
1596,9581,,,-1.1568201780319214,,1.1568201780319214,
1597,9587,,,-1.1797709465026855,,1.1797709465026855,
1598,9593,,,-1.1565014123916626,,1.1565014123916626,
1599,9599,,,,-1.3777740001678467,,1.3777740001678467
1599,9599,,,-1.1531617641448975,,1.1531617641448975,
1600,9605,,,-1.1661912202835083,,1.1661912202835083,
1601,9611,,,-1.1699802875518799,,1.1699802875518799,
1602,9617,,,-1.1516461372375488,,1.1516461372375488,
1603,9623,,,-1.1663732528686523,,1.1663732528686523,
1604,9629,,,-1.1637605428695679,,1.1637605428695679,
1605,9635,,,-1.1546274423599243,,1.1546274423599243,
1606,9641,,,-1.1540729999542236,,1.1540729999542236,
1607,9647,,,-1.1504216194152832,,1.1504216194152832,
1608,9649,,,,-1.0541973114013672,,1.0541973114013672
1608,9653,,,-1.160550832748413,,1.160550832748413,
1609,9659,,,-1.1606924533843994,,1.1606924533843994,
1610,9665,,,-1.154592514038086,,1.154592514038086,
1611,9671,,,-1.156148076057434,,1.156148076057434,
1612,9677,,,-1.1723588705062866,,1.1723588705062866,
1613,9683,,,-1.157141923904419,,1.157141923904419,
1614,9689,,,-1.1581670045852661,,1.1581670045852661,
1615,9695,,,-1.1654789447784424,,1.1654789447784424,
1616,9699,,,,-1.1508355140686035,,1.1508355140686035
1616,9701,,,-1.1497093439102173,,1.1497093439102173,
1617,9707,,,-1.153748631477356,,1.153748631477356,
1618,9713,,,-1.1553460359573364,,1.1553460359573364,
1619,9719,,,-1.1679837703704834,,1.1679837703704834,
1620,9725,,,-1.1574537754058838,,1.1574537754058838,
1621,9731,,,-1.1568135023117065,,1.1568135023117065,
1622,9737,,,-1.150132179260254,,1.150132179260254,
1623,9743,,,-1.1701104640960693,,1.1701104640960693,
1624,9749,,,,-0.9996051788330078,,0.9996051788330078
1624,9749,,,-1.164262056350708,,1.164262056350708,
1625,9755,,,-1.1597514152526855,,1.1597514152526855,
1626,9761,,,-1.1581634283065796,,1.1581634283065796,
1627,9767,,,-1.1591242551803589,,1.1591242551803589,
1628,9773,,,-1.1614363193511963,,1.1614363193511963,
1629,9779,,,-1.1632421016693115,,1.1632421016693115,
1630,9785,,,-1.154923677444458,,1.154923677444458,
1631,9791,,,-1.158958911895752,,1.158958911895752,
1632,9797,,,-1.1566803455352783,,1.1566803455352783,
1633,9799,,,,-1.1188631057739258,,1.1188631057739258
1633,9803,,,-1.1524450778961182,,1.1524450778961182,
1634,9809,,,-1.1548422574996948,,1.1548422574996948,
1635,9815,,,-1.163791298866272,,1.163791298866272,
1636,9821,,,-1.155218243598938,,1.155218243598938,
1637,9827,,,-1.1605920791625977,,1.1605920791625977,
1638,9833,,,-1.15939199924469,,1.15939199924469,
1639,9839,,,-1.157358169555664,,1.157358169555664,
1640,9845,,,-1.1532636880874634,,1.1532636880874634,
1641,9849,,,,-1.0573201179504395,,1.0573201179504395
1641,9851,,,-1.152288794517517,,1.152288794517517,
1642,9857,,,-1.1565614938735962,,1.1565614938735962,
1643,9863,,,-1.1668699979782104,,1.1668699979782104,
1644,9869,,,-1.1656837463378906,,1.1656837463378906,
1645,9875,,,-1.1623934507369995,,1.1623934507369995,
1646,9881,,,-1.1536448001861572,,1.1536448001861572,
1647,9887,,,-1.1714192628860474,,1.1714192628860474,
1648,9893,,,-1.1548688411712646,,1.1548688411712646,
1649,9899,,,,-0.5503820180892944,,0.5503820180892944
1649,9899,,,-1.1514267921447754,,1.1514267921447754,
1650,9905,,,-1.1578409671783447,,1.1578409671783447,
1651,9911,,,-1.1575828790664673,,1.1575828790664673,
1652,9917,,,-1.1563694477081299,,1.1563694477081299,
1653,9923,,,-1.1594443321228027,,1.1594443321228027,
1654,9929,,,-1.155441403388977,,1.155441403388977,
1655,9935,,,-1.1590791940689087,,1.1590791940689087,
1656,9941,,,-1.1681997776031494,,1.1681997776031494,
1657,9947,,,-1.1729710102081299,,1.1729710102081299,
1658,9949,,,,-0.9554872512817383,,0.9554872512817383
1658,9953,,,-1.1652889251708984,,1.1652889251708984,
1659,9959,,,-1.1566534042358398,,1.1566534042358398,
1660,9965,,,-1.1625193357467651,,1.1625193357467651,
1661,9971,,,-1.1529427766799927,,1.1529427766799927,
1662,9977,,,-1.1716893911361694,,1.1716893911361694,
1663,9983,,,-1.1623073816299438,,1.1623073816299438,
1664,9989,,,-1.1524169445037842,,1.1524169445037842,
1665,9995,,,-1.1551785469055176,,1.1551785469055176,
1666,9999,,,,-1.0682144165039062,,1.0682144165039062
1666,10001,,,-1.1575833559036255,,1.1575833559036255,
1667,10007,,,-1.160960078239441,,1.160960078239441,
1668,10013,,,-1.1703306436538696,,1.1703306436538696,
1669,10019,,,-1.1699459552764893,,1.1699459552764893,
1670,10025,,,-1.1599122285842896,,1.1599122285842896,
1671,10031,,,-1.1504740715026855,,1.1504740715026855,
1672,10037,,,-1.1668788194656372,,1.1668788194656372,
1673,10043,,,-1.170825719833374,,1.170825719833374,
1674,10049,,,,-1.2660365104675293,,1.2660365104675293
1674,10049,,,-1.1505430936813354,,1.1505430936813354,
1675,10055,,,-1.152081847190857,,1.152081847190857,
1676,10061,,,-1.158578634262085,,1.158578634262085,
1677,10067,,,-1.1545201539993286,,1.1545201539993286,
1678,10073,,,-1.1538722515106201,,1.1538722515106201,
1679,10079,,,-1.1513057947158813,,1.1513057947158813,
1680,10085,,,-1.1533401012420654,,1.1533401012420654,
1681,10091,,,-1.1612937450408936,,1.1612937450408936,
1682,10097,,,-1.1778466701507568,,1.1778466701507568,
1683,10099,,,,-1.1185998916625977,,1.1185998916625977
1683,10103,,,-1.1548641920089722,,1.1548641920089722,
1684,10109,,,-1.1665889024734497,,1.1665889024734497,
1685,10115,,,-1.1506178379058838,,1.1506178379058838,
1686,10121,,,-1.1708028316497803,,1.1708028316497803,
1687,10127,,,-1.157904863357544,,1.157904863357544,
1688,10133,,,-1.1572664976119995,,1.1572664976119995,
1689,10139,,,-1.1585888862609863,,1.1585888862609863,
1690,10145,,,-1.1730899810791016,,1.1730899810791016,
1691,10149,,,,-1.1338982582092285,,1.1338982582092285
1691,10151,,,-1.1578129529953003,,1.1578129529953003,
1692,10157,,,-1.1555945873260498,,1.1555945873260498,
1693,10163,,,-1.161360740661621,,1.161360740661621,
1694,10169,,,-1.1545366048812866,,1.1545366048812866,
1695,10175,,,-1.156916856765747,,1.156916856765747,
1696,10181,,,-1.157839059829712,,1.157839059829712,
1697,10187,,,-1.1568865776062012,,1.1568865776062012,
1698,10193,,,-1.1510835886001587,,1.1510835886001587,
1699,10199,,,,-1.5720093250274658,,1.5720093250274658
1699,10199,,,-1.1529030799865723,,1.1529030799865723,
1700,10205,,,-1.158864974975586,,1.158864974975586,
1701,10211,,,-1.1546099185943604,,1.1546099185943604,
1702,10217,,,-1.159824013710022,,1.159824013710022,
1703,10223,,,-1.1718240976333618,,1.1718240976333618,
1704,10229,,,-1.1541662216186523,,1.1541662216186523,
1705,10235,,,-1.1576852798461914,,1.1576852798461914,
1706,10241,,,-1.158267855644226,,1.158267855644226,
1707,10247,,,-1.156734824180603,,1.156734824180603,
1708,10249,,,,-1.0497913360595703,,1.0497913360595703
1708,10253,,,-1.1619261503219604,,1.1619261503219604,
1709,10259,,,-1.1634379625320435,,1.1634379625320435,
1710,10265,,,-1.164885401725769,,1.164885401725769,
1711,10271,,,-1.154461145401001,,1.154461145401001,
1712,10277,,,-1.1520771980285645,,1.1520771980285645,
1713,10283,,,-1.1536258459091187,,1.1536258459091187,
1714,10289,,,-1.158811092376709,,1.158811092376709,
1715,10295,,,-1.1520733833312988,,1.1520733833312988,
1716,10299,,,,-1.1665620803833008,,1.1665620803833008
1716,10301,,,-1.1564549207687378,,1.1564549207687378,
1717,10307,,,-1.1558045148849487,,1.1558045148849487,
1718,10313,,,-1.1680362224578857,,1.1680362224578857,
1719,10319,,,-1.1627601385116577,,1.1627601385116577,
1720,10325,,,-1.1605420112609863,,1.1605420112609863,
1721,10331,,,-1.1618481874465942,,1.1618481874465942,
1722,10337,,,-1.191760540008545,,1.191760540008545,
1723,10343,,,-1.1604561805725098,,1.1604561805725098,
1724,10349,,,,-1.7367360591888428,,1.7367360591888428
1724,10349,,,-1.1620653867721558,,1.1620653867721558,
1725,10355,,,-1.1722382307052612,,1.1722382307052612,
1726,10361,,,-1.1725903749465942,,1.1725903749465942,
1727,10367,,,-1.1569664478302002,,1.1569664478302002,
1728,10373,,,-1.1530121564865112,,1.1530121564865112,
1729,10379,,,-1.155949354171753,,1.155949354171753,
1730,10385,,,-1.1571242809295654,,1.1571242809295654,
1731,10391,,,-1.1635311841964722,,1.1635311841964722,
1732,10397,,,-1.1546649932861328,,1.1546649932861328,
1733,10399,,,,-1.1969215869903564,,1.1969215869903564
1733,10403,,,-1.161191701889038,,1.161191701889038,
1734,10409,,,-1.1577329635620117,,1.1577329635620117,
1735,10415,,,-1.163121223449707,,1.163121223449707,
1736,10421,,,-1.1595557928085327,,1.1595557928085327,
1737,10427,,,-1.1589608192443848,,1.1589608192443848,
1738,10433,,,-1.1558603048324585,,1.1558603048324585,
1739,10439,,,-1.163291335105896,,1.163291335105896,
1740,10445,,,-1.1593528985977173,,1.1593528985977173,
1741,10449,,,,-1.1053667068481445,,1.1053667068481445
1741,10451,,,-1.157005786895752,,1.157005786895752,
1742,10457,,,-1.1587462425231934,,1.1587462425231934,
1743,10463,,,-1.1556365489959717,,1.1556365489959717,
1744,10469,,,-1.1555383205413818,,1.1555383205413818,
1745,10475,,,-1.1551724672317505,,1.1551724672317505,
1746,10481,,,-1.1623269319534302,,1.1623269319534302,
1747,10487,,,-1.1589946746826172,,1.1589946746826172,
1748,10493,,,-1.1590768098831177,,1.1590768098831177,
1749,10499,,,,-1.4787225723266602,,1.4787225723266602
1749,10499,,,-1.1617636680603027,,1.1617636680603027,
1750,10505,,,-1.1565747261047363,,1.1565747261047363,
1751,10511,,,-1.1672955751419067,,1.1672955751419067,
1752,10517,,,-1.1628960371017456,,1.1628960371017456,
1753,10523,,,-1.1662434339523315,,1.1662434339523315,
1754,10529,,,-1.1633350849151611,,1.1633350849151611,
1755,10535,,,-1.1557040214538574,,1.1557040214538574,
1756,10541,,,-1.159886121749878,,1.159886121749878,
1757,10547,,,-1.1658360958099365,,1.1658360958099365,
1758,10549,,,,-1.2772941589355469,,1.2772941589355469
1758,10553,,,-1.1557177305221558,,1.1557177305221558,
1759,10559,,,-1.1577869653701782,,1.1577869653701782,
1760,10565,,,-1.158878207206726,,1.158878207206726,
1761,10571,,,-1.1877059936523438,,1.1877059936523438,
1762,10577,,,-1.1622569561004639,,1.1622569561004639,
1763,10583,,,-1.1588715314865112,,1.1588715314865112,
1764,10589,,,-1.1540354490280151,,1.1540354490280151,
1765,10595,,,-1.1645010709762573,,1.1645010709762573,
1766,10599,,,,-1.0263750553131104,,1.0263750553131104
1766,10601,,,-1.15116548538208,,1.15116548538208,
1767,10607,,,-1.1559975147247314,,1.1559975147247314,
1768,10613,,,-1.1629552841186523,,1.1629552841186523,
1769,10619,,,-1.1553733348846436,,1.1553733348846436,
1770,10625,,,-1.1682946681976318,,1.1682946681976318,
1771,10631,,,-1.1530766487121582,,1.1530766487121582,
1772,10637,,,-1.1571342945098877,,1.1571342945098877,
1773,10643,,,-1.1673864126205444,,1.1673864126205444,
1774,10649,,,,-1.690866231918335,,1.690866231918335
1774,10649,,,-1.1617474555969238,,1.1617474555969238,
1775,10655,,,-1.1847507953643799,,1.1847507953643799,
1776,10661,,,-1.1630173921585083,,1.1630173921585083,
1777,10667,,,-1.1617016792297363,,1.1617016792297363,
1778,10673,,,-1.1568801403045654,,1.1568801403045654,
1779,10679,,,-1.1698393821716309,,1.1698393821716309,
1780,10685,,,-1.1544650793075562,,1.1544650793075562,
1781,10691,,,-1.1505707502365112,,1.1505707502365112,
1782,10697,,,-1.152246117591858,,1.152246117591858,
1783,10699,,,,-1.1194379329681396,,1.1194379329681396
1783,10703,,,-1.1582854986190796,,1.1582854986190796,
1784,10709,,,-1.1589500904083252,,1.1589500904083252,
1785,10715,,,-1.171633005142212,,1.171633005142212,
1786,10721,,,-1.1596155166625977,,1.1596155166625977,
1787,10727,,,-1.1546844244003296,,1.1546844244003296,
1788,10733,,,-1.1648588180541992,,1.1648588180541992,
1789,10739,,,-1.1533817052841187,,1.1533817052841187,
1790,10745,,,-1.1583279371261597,,1.1583279371261597,
1791,10749,,,,-1.2107040882110596,,1.2107040882110596
1791,10751,,,-1.1622517108917236,,1.1622517108917236,
1792,10757,,,-1.1560767889022827,,1.1560767889022827,
1793,10763,,,-1.1598438024520874,,1.1598438024520874,
1794,10769,,,-1.1590337753295898,,1.1590337753295898,
1795,10775,,,-1.1651954650878906,,1.1651954650878906,
1796,10781,,,-1.179040551185608,,1.179040551185608,
1797,10787,,,-1.160388708114624,,1.160388708114624,
1798,10793,,,-1.1525477170944214,,1.1525477170944214,
1799,10799,,,,-0.05977821350097656,,0.05977821350097656
1799,10799,,,-1.1853253841400146,,1.1853253841400146,
1800,10805,,,-1.1549030542373657,,1.1549030542373657,
1801,10811,,,-1.172196626663208,,1.172196626663208,
1802,10817,,,-1.1577702760696411,,1.1577702760696411,
1803,10823,,,-1.1548490524291992,,1.1548490524291992,
1804,10829,,,-1.1600253582000732,,1.1600253582000732,
1805,10835,,,-1.1543933153152466,,1.1543933153152466,
1806,10841,,,-1.167435646057129,,1.167435646057129,
1807,10847,,,-1.1776894330978394,,1.1776894330978394,
1808,10849,,,,-1.2844018936157227,,1.2844018936157227
1808,10853,,,-1.1595261096954346,,1.1595261096954346,
1809,10859,,,-1.1557286977767944,,1.1557286977767944,
1810,10865,,,-1.1612904071807861,,1.1612904071807861,
1811,10871,,,-1.1566239595413208,,1.1566239595413208,
1812,10877,,,-1.1665098667144775,,1.1665098667144775,
1813,10883,,,-1.1584904193878174,,1.1584904193878174,
1814,10889,,,-1.1704375743865967,,1.1704375743865967,
1815,10895,,,-1.1503748893737793,,1.1503748893737793,
1816,10899,,,,-1.1818501949310303,,1.1818501949310303
1816,10901,,,-1.160431981086731,,1.160431981086731,
1817,10907,,,-1.1603463888168335,,1.1603463888168335,
1818,10913,,,-1.1686656475067139,,1.1686656475067139,
1819,10919,,,-1.1660351753234863,,1.1660351753234863,
1820,10925,,,-1.1549867391586304,,1.1549867391586304,
1821,10931,,,-1.1589164733886719,,1.1589164733886719,
1822,10937,,,-1.1636805534362793,,1.1636805534362793,
1823,10943,,,-1.1588636636734009,,1.1588636636734009,
1824,10949,,,,-1.941791296005249,,1.941791296005249
1824,10949,,,-1.1629509925842285,,1.1629509925842285,
1825,10955,,,-1.1690818071365356,,1.1690818071365356,
1826,10961,,,-1.1693226099014282,,1.1693226099014282,
1827,10967,,,-1.1719443798065186,,1.1719443798065186,
1828,10973,,,-1.1582624912261963,,1.1582624912261963,
1829,10979,,,-1.152563214302063,,1.152563214302063,
1830,10985,,,-1.177019476890564,,1.177019476890564,
1831,10991,,,-1.1849572658538818,,1.1849572658538818,
1832,10997,,,-1.1671103239059448,,1.1671103239059448,
1833,10999,,,,-1.052156686782837,,1.052156686782837
1833,11003,,,-1.1618512868881226,,1.1618512868881226,
1834,11009,,,-1.169609546661377,,1.169609546661377,
1835,11015,,,-1.1588798761367798,,1.1588798761367798,
1836,11021,,,-1.1518265008926392,,1.1518265008926392,
1837,11027,,,-1.159958839416504,,1.159958839416504,
1838,11033,,,-1.1735082864761353,,1.1735082864761353,
1839,11039,,,-1.1692172288894653,,1.1692172288894653,
1840,11045,,,-1.1533197164535522,,1.1533197164535522,
1841,11049,,,,-1.2827906608581543,,1.2827906608581543
1841,11051,,,-1.1611003875732422,,1.1611003875732422,
1842,11057,,,-1.1600261926651,,1.1600261926651,
1843,11063,,,-1.1560782194137573,,1.1560782194137573,
1844,11069,,,-1.1559807062149048,,1.1559807062149048,
1845,11075,,,-1.156638264656067,,1.156638264656067,
1846,11081,,,-1.1620112657546997,,1.1620112657546997,
1847,11087,,,-1.1669156551361084,,1.1669156551361084,
1848,11093,,,-1.188630223274231,,1.188630223274231,
1849,11099,,,,-0.44566643238067627,,0.44566643238067627
1849,11099,,,-1.1671833992004395,,1.1671833992004395,
1850,11105,,,-1.1675180196762085,,1.1675180196762085,
1851,11111,,,-1.1551181077957153,,1.1551181077957153,
1852,11117,,,-1.1611924171447754,,1.1611924171447754,
1853,11123,,,-1.1568571329116821,,1.1568571329116821,
1854,11129,,,-1.1591542959213257,,1.1591542959213257,
1855,11135,,,-1.1589242219924927,,1.1589242219924927,
1856,11141,,,-1.1647436618804932,,1.1647436618804932,
1857,11147,,,-1.15957510471344,,1.15957510471344,
1858,11149,,,,-1.4582765102386475,,1.4582765102386475
1858,11153,,,-1.1793837547302246,,1.1793837547302246,
1859,11159,,,-1.1624020338058472,,1.1624020338058472,
1860,11165,,,-1.17055344581604,,1.17055344581604,
1861,11171,,,-1.1653597354888916,,1.1653597354888916,
1862,11177,,,-1.165298342704773,,1.165298342704773,
1863,11183,,,-1.1713461875915527,,1.1713461875915527,
1864,11189,,,-1.1659846305847168,,1.1659846305847168,
1865,11195,,,-1.1552804708480835,,1.1552804708480835,
1866,11199,,,,-1.1179161071777344,,1.1179161071777344
1866,11201,,,-1.1714599132537842,,1.1714599132537842,
1867,11207,,,-1.1632452011108398,,1.1632452011108398,
1868,11213,,,-1.1539361476898193,,1.1539361476898193,
1869,11219,,,-1.163854718208313,,1.163854718208313,
1870,11225,,,-1.1553184986114502,,1.1553184986114502,
1871,11231,,,-1.1574516296386719,,1.1574516296386719,
1872,11237,,,-1.1641594171524048,,1.1641594171524048,
1873,11243,,,-1.1605479717254639,,1.1605479717254639,
1874,11249,,,,-1.3384137153625488,,1.3384137153625488
1874,11249,,,-1.1703872680664062,,1.1703872680664062,
1875,11255,,,-1.1534411907196045,,1.1534411907196045,
1876,11261,,,-1.1639097929000854,,1.1639097929000854,
1877,11267,,,-1.162467360496521,,1.162467360496521,
1878,11273,,,-1.1587390899658203,,1.1587390899658203,
1879,11279,,,-1.1739126443862915,,1.1739126443862915,
1880,11285,,,-1.1649169921875,,1.1649169921875,
1881,11291,,,-1.1593708992004395,,1.1593708992004395,
1882,11297,,,-1.1679412126541138,,1.1679412126541138,
1883,11299,,,,-1.1443254947662354,,1.1443254947662354
1883,11303,,,-1.1542184352874756,,1.1542184352874756,
1884,11309,,,-1.1522573232650757,,1.1522573232650757,
1885,11315,,,-1.158334732055664,,1.158334732055664,
1886,11321,,,-1.1576751470565796,,1.1576751470565796,
1887,11327,,,-1.166520118713379,,1.166520118713379,
1888,11333,,,-1.1563913822174072,,1.1563913822174072,
1889,11339,,,-1.167604923248291,,1.167604923248291,
1890,11345,,,-1.1566189527511597,,1.1566189527511597,
1891,11349,,,,-1.2277238368988037,,1.2277238368988037
1891,11351,,,-1.1643794775009155,,1.1643794775009155,
1892,11357,,,-1.1549668312072754,,1.1549668312072754,
1893,11363,,,-1.156238317489624,,1.156238317489624,
1894,11369,,,-1.1575682163238525,,1.1575682163238525,
1895,11375,,,-1.1552727222442627,,1.1552727222442627,
1896,11381,,,-1.1699999570846558,,1.1699999570846558,
1897,11387,,,-1.1667038202285767,,1.1667038202285767,
1898,11393,,,-1.158037781715393,,1.158037781715393,
1899,11399,,,,-1.1528682708740234,,1.1528682708740234
1899,11399,,,-1.160970687866211,,1.160970687866211,
1900,11405,,,-1.1696467399597168,,1.1696467399597168,
1901,11411,,,-1.1566327810287476,,1.1566327810287476,
1902,11417,,,-1.1644232273101807,,1.1644232273101807,
1903,11423,,,-1.1626523733139038,,1.1626523733139038,
1904,11429,,,-1.1752545833587646,,1.1752545833587646,
1905,11435,,,-1.1837198734283447,,1.1837198734283447,
1906,11441,,,-1.1633753776550293,,1.1633753776550293,
1907,11447,,,-1.1647361516952515,,1.1647361516952515,
1908,11449,,,,-1.1830346584320068,,1.1830346584320068
1908,11453,,,-1.164072871208191,,1.164072871208191,
1909,11459,,,-1.1585007905960083,,1.1585007905960083,
1910,11465,,,-1.1534209251403809,,1.1534209251403809,
1911,11471,,,-1.1724586486816406,,1.1724586486816406,
1912,11477,,,-1.1643205881118774,,1.1643205881118774,
1913,11483,,,-1.1704862117767334,,1.1704862117767334,
1914,11489,,,-1.1688686609268188,,1.1688686609268188,
1915,11495,,,-1.156424641609192,,1.156424641609192,
1916,11499,,,,-1.0434961318969727,,1.0434961318969727
1916,11501,,,-1.1800626516342163,,1.1800626516342163,
1917,11507,,,-1.1581321954727173,,1.1581321954727173,
1918,11513,,,-1.1658655405044556,,1.1658655405044556,
1919,11519,,,-1.1667702198028564,,1.1667702198028564,
1920,11525,,,-1.161914587020874,,1.161914587020874,
1921,11531,,,-1.1601730585098267,,1.1601730585098267,
1922,11537,,,-1.1674635410308838,,1.1674635410308838,
1923,11543,,,-1.1588330268859863,,1.1588330268859863,
1924,11549,,,,-0.5474295616149902,,0.5474295616149902
1924,11549,,,-1.1694306135177612,,1.1694306135177612,
1925,11555,,,-1.166117548942566,,1.166117548942566,
1926,11561,,,-1.1562321186065674,,1.1562321186065674,
1927,11567,,,-1.163947582244873,,1.163947582244873,
1928,11573,,,-1.166224479675293,,1.166224479675293,
1929,11579,,,-1.1626733541488647,,1.1626733541488647,
1930,11585,,,-1.1689262390136719,,1.1689262390136719,
1931,11591,,,-1.1630975008010864,,1.1630975008010864,
1932,11597,,,-1.158252239227295,,1.158252239227295,
1933,11599,,,,-1.0487656593322754,,1.0487656593322754
1933,11603,,,-1.1773227453231812,,1.1773227453231812,
1934,11609,,,-1.1758536100387573,,1.1758536100387573,
1935,11615,,,-1.157602071762085,,1.157602071762085,
1936,11621,,,-1.1715019941329956,,1.1715019941329956,
1937,11627,,,-1.172192096710205,,1.172192096710205,
1938,11633,,,-1.1636313199996948,,1.1636313199996948,
1939,11639,,,-1.162582278251648,,1.162582278251648,
1940,11645,,,-1.1591647863388062,,1.1591647863388062,
1941,11649,,,,-0.9859018325805664,,0.9859018325805664
1941,11651,,,-1.1687041521072388,,1.1687041521072388,
1942,11657,,,-1.1776982545852661,,1.1776982545852661,
1943,11663,,,-1.15648353099823,,1.15648353099823,
1944,11669,,,-1.1545066833496094,,1.1545066833496094,
1945,11675,,,-1.1671501398086548,,1.1671501398086548,
1946,11681,,,-1.1622817516326904,,1.1622817516326904,
1947,11687,,,-1.1645227670669556,,1.1645227670669556,
1948,11693,,,-1.177935242652893,,1.177935242652893,
1949,11699,,,,-0.8565068244934082,,0.8565068244934082
1949,11699,,,-1.159591794013977,,1.159591794013977,
1950,11705,,,-1.1602193117141724,,1.1602193117141724,
1951,11711,,,-1.154578685760498,,1.154578685760498,
1952,11717,,,-1.1564507484436035,,1.1564507484436035,
1953,11723,,,-1.170609474182129,,1.170609474182129,
1954,11729,,,-1.1620230674743652,,1.1620230674743652,
1955,11735,,,-1.1547117233276367,,1.1547117233276367,
1956,11741,,,-1.1668840646743774,,1.1668840646743774,
1957,11747,,,-1.1570762395858765,,1.1570762395858765,
1958,11749,,,,-1.1844873428344727,,1.1844873428344727
1958,11753,,,-1.1793270111083984,,1.1793270111083984,
1959,11759,,,-1.1673446893692017,,1.1673446893692017,
1960,11765,,,-1.1648635864257812,,1.1648635864257812,
1961,11771,,,-1.1743592023849487,,1.1743592023849487,
1962,11777,,,-1.157759666442871,,1.157759666442871,
1963,11783,,,-1.1721869707107544,,1.1721869707107544,
1964,11789,,,-1.161731243133545,,1.161731243133545,
1965,11795,,,-1.1564115285873413,,1.1564115285873413,
1966,11799,,,,-1.1816694736480713,,1.1816694736480713
1966,11801,,,-1.1625069379806519,,1.1625069379806519,
1967,11807,,,-1.1560683250427246,,1.1560683250427246,
1968,11813,,,-1.1629427671432495,,1.1629427671432495,
1969,11819,,,-1.1599366664886475,,1.1599366664886475,
1970,11825,,,-1.1679646968841553,,1.1679646968841553,
1971,11831,,,-1.1699588298797607,,1.1699588298797607,
1972,11837,,,-1.1569280624389648,,1.1569280624389648,
1973,11843,,,-1.1664892435073853,,1.1664892435073853,
1974,11849,,,,-2.084047317504883,,2.084047317504883
1974,11849,,,-1.1593843698501587,,1.1593843698501587,
1975,11855,,,-1.1709564924240112,,1.1709564924240112,
1976,11861,,,-1.1569805145263672,,1.1569805145263672,
1977,11867,,,-1.1600961685180664,,1.1600961685180664,
1978,11873,,,-1.1618157625198364,,1.1618157625198364,
1979,11879,,,-1.1552636623382568,,1.1552636623382568,
1980,11885,,,-1.1713711023330688,,1.1713711023330688,
1981,11891,,,-1.1661293506622314,,1.1661293506622314,
1982,11897,,,-1.1579904556274414,,1.1579904556274414,
1983,11899,,,,-1.2901437282562256,,1.2901437282562256
1983,11903,,,-1.1633371114730835,,1.1633371114730835,
1984,11909,,,-1.1643673181533813,,1.1643673181533813,
1985,11915,,,-1.1661545038223267,,1.1661545038223267,
1986,11921,,,-1.1677321195602417,,1.1677321195602417,
1987,11927,,,-1.1706976890563965,,1.1706976890563965,
1988,11933,,,-1.1552581787109375,,1.1552581787109375,
1989,11939,,,-1.1698250770568848,,1.1698250770568848,
1990,11945,,,-1.1744285821914673,,1.1744285821914673,
1991,11949,,,,-1.0833735466003418,,1.0833735466003418
1991,11951,,,-1.1804386377334595,,1.1804386377334595,
1992,11957,,,-1.159997582435608,,1.159997582435608,
1993,11963,,,-1.1562741994857788,,1.1562741994857788,
1994,11969,,,-1.1691395044326782,,1.1691395044326782,
1995,11975,,,-1.1647958755493164,,1.1647958755493164,
1996,11981,,,-1.165708303451538,,1.165708303451538,
1997,11987,,,-1.1604825258255005,,1.1604825258255005,
1998,11993,,,-1.1681716442108154,,1.1681716442108154,
1999,11999,,,,-1.3541607856750488,,1.3541607856750488
1999,11999,,,-1.1655263900756836,,1.1655263900756836,
2000,12000,-1.1227471828460693,1.1227471828460693,,,,
