epoch,step,test_loss,test_renyi_lb,train_loss_epoch,train_loss_step,train_renyi_lb_epoch,train_renyi_lb_step
0,7,,,-0.021510779857635498,,0.021510779857635498,
1,15,,,-0.02275448851287365,,0.02275448851287365,
2,23,,,-0.023121297359466553,,0.023121297359466553,
3,31,,,-0.023509442806243896,,0.023509442806243896,
4,39,,,-0.02380293607711792,,0.02380293607711792,
5,47,,,-0.023964643478393555,,0.023964643478393555,
6,49,,,,-0.029445648193359375,,0.029445648193359375
6,55,,,-0.024127602577209473,,0.024127602577209473,
7,63,,,-0.02419412136077881,,0.02419412136077881,
8,71,,,-0.0242423415184021,,0.0242423415184021,
9,79,,,-0.02429431676864624,,0.02429431676864624,
10,87,,,-0.02434706501662731,,0.02434706501662731,
11,95,,,-0.02437424659729004,,0.02437424659729004,
12,99,,,,-0.019922733306884766,,0.019922733306884766
12,103,,,-0.024376392364501953,,0.024376392364501953,
13,111,,,-0.024412870407104492,,0.024412870407104492,
14,119,,,-0.02443731017410755,,0.02443731017410755,
15,127,,,-0.024447619915008545,,0.024447619915008545,
16,135,,,-0.024456560611724854,,0.024456560611724854,
17,143,,,-0.02446645498275757,,0.02446645498275757,
18,149,,,,-0.02639627456665039,,0.02639627456665039
18,151,,,-0.02446282096207142,,0.02446282096207142,
19,159,,,-0.02449411153793335,,0.02449411153793335,
20,167,,,-0.024515686556696892,,0.024515686556696892,
21,175,,,-0.02451944351196289,,0.02451944351196289,
22,183,,,-0.024533450603485107,,0.024533450603485107,
23,191,,,-0.024539470672607422,,0.024539470672607422,
24,199,,,,-0.025935649871826172,,0.025935649871826172
24,199,,,-0.02455025725066662,,0.02455025725066662,
25,207,,,-0.02454853057861328,,0.02454853057861328,
26,215,,,-0.024569213390350342,,0.024569213390350342,
27,223,,,-0.024581076577305794,,0.024581076577305794,
28,231,,,-0.02459174580872059,,0.02459174580872059,
29,239,,,-0.024573206901550293,,0.024573206901550293,
30,247,,,-0.024613499641418457,,0.024613499641418457,
31,249,,,,-0.022091388702392578,,0.022091388702392578
31,255,,,-0.02460336685180664,,0.02460336685180664,
32,263,,,-0.024606287479400635,,0.024606287479400635,
33,271,,,-0.0246124267578125,,0.0246124267578125,
34,279,,,-0.024614272639155388,,0.024614272639155388,
35,287,,,-0.024635495617985725,,0.024635495617985725,
36,295,,,-0.02464073710143566,,0.02464073710143566,
37,299,,,,-0.019025802612304688,,0.019025802612304688
37,303,,,-0.024645747616887093,,0.024645747616887093,
38,311,,,-0.024625716730952263,,0.024625716730952263,
39,319,,,-0.024667086079716682,,0.024667086079716682,
40,327,,,-0.024657009169459343,,0.024657009169459343,
41,335,,,-0.024685561656951904,,0.024685561656951904,
42,343,,,-0.024679183959960938,,0.024679183959960938,
43,349,,,,-0.023465633392333984,,0.023465633392333984
43,351,,,-0.0246849674731493,,0.0246849674731493,
44,359,,,-0.024676678702235222,,0.024676678702235222,
45,367,,,-0.02468925714492798,,0.02468925714492798,
46,375,,,-0.024702012538909912,,0.024702012538909912,
47,383,,,-0.02469491958618164,,0.02469491958618164,
48,391,,,-0.02470618672668934,,0.02470618672668934,
49,399,,,,-0.022178173065185547,,0.022178173065185547
49,399,,,-0.024708449840545654,,0.024708449840545654,
50,407,,,-0.02470720000565052,,0.02470720000565052,
51,415,,,-0.02471071481704712,,0.02471071481704712,
52,423,,,-0.02471679449081421,,0.02471679449081421,
53,431,,,-0.02471637725830078,,0.02471637725830078,
54,439,,,-0.024707913398742676,,0.024707913398742676,
55,447,,,-0.02473991923034191,,0.02473991923034191,
56,449,,,,-0.020509719848632812,,0.020509719848632812
56,455,,,-0.024744687601923943,,0.024744687601923943,
57,463,,,-0.024747490882873535,,0.024747490882873535,
58,471,,,-0.02475118637084961,,0.02475118637084961,
59,479,,,-0.0247495174407959,,0.0247495174407959,
60,487,,,-0.024751843884587288,,0.024751843884587288,
61,495,,,-0.024767698720097542,,0.024767698720097542,
62,499,,,,-0.025277137756347656,,0.025277137756347656
62,503,,,-0.024757862091064453,,0.024757862091064453,
63,511,,,-0.02476346679031849,,0.02476346679031849,
64,519,,,-0.024778783321380615,,0.024778783321380615,
65,527,,,-0.02475464530289173,,0.02475464530289173,
66,535,,,-0.024793803691864014,,0.024793803691864014,
67,543,,,-0.024785995483398438,,0.024785995483398438,
68,549,,,,-0.027303695678710938,,0.027303695678710938
68,551,,,-0.024794578552246094,,0.024794578552246094,
69,559,,,-0.02478909306228161,,0.02478909306228161,
70,567,,,-0.024802744388580322,,0.024802744388580322,
71,575,,,-0.02479732036590576,,0.02479732036590576,
72,583,,,-0.02481156587600708,,0.02481156587600708,
73,591,,,-0.024805724620819092,,0.024805724620819092,
74,599,,,,-0.02879047393798828,,0.02879047393798828
74,599,,,-0.02480834722518921,,0.02480834722518921,
75,607,,,-0.02481168322265148,,0.02481168322265148,
76,615,,,-0.024817345663905144,,0.024817345663905144,
77,623,,,-0.024814845994114876,,0.024814845994114876,
78,631,,,-0.02482306770980358,,0.02482306770980358,
79,639,,,-0.024838386103510857,,0.024838386103510857,
80,647,,,-0.02480900287628174,,0.02480900287628174,
81,649,,,,-0.023803234100341797,,0.023803234100341797
81,655,,,-0.02482771687209606,,0.02482771687209606,
82,663,,,-0.024833321571350098,,0.024833321571350098,
83,671,,,-0.024817347526550293,,0.024817347526550293,
84,679,,,-0.024834513664245605,,0.024834513664245605,
85,687,,,-0.02483499050140381,,0.02483499050140381,
86,695,,,-0.024843573570251465,,0.024843573570251465,
87,699,,,,-0.01898956298828125,,0.01898956298828125
87,703,,,-0.0248563289642334,,0.0248563289642334,
88,711,,,-0.02484416961669922,,0.02484416961669922,
89,719,,,-0.024851558730006218,,0.024851558730006218,
90,727,,,-0.024843335151672363,,0.024843335151672363,
91,735,,,-0.024861037731170654,,0.024861037731170654,
92,743,,,-0.024846792221069336,,0.024846792221069336,
93,749,,,,-0.028081417083740234,,0.028081417083740234
93,751,,,-0.024854004383087158,,0.024854004383087158,
94,759,,,-0.024865150451660156,,0.024865150451660156,
95,767,,,-0.024862170219421387,,0.024862170219421387,
96,775,,,-0.02485901117324829,,0.02485901117324829,
97,783,,,-0.024847926571965218,,0.024847926571965218,
98,791,,,-0.024854781106114388,,0.024854781106114388,
99,799,,,,-0.023179054260253906,,0.023179054260253906
99,799,,,-0.0248565673828125,,0.0248565673828125,
100,807,,,-0.02485758066177368,,0.02485758066177368,
101,815,,,-0.02487736940383911,,0.02487736940383911,
102,823,,,-0.024883270263671875,,0.024883270263671875,
103,831,,,-0.02487933821976185,,0.02487933821976185,
104,839,,,-0.024848757311701775,,0.024848757311701775,
105,847,,,-0.024886369705200195,,0.024886369705200195,
106,849,,,,-0.01778125762939453,,0.01778125762939453
106,855,,,-0.024885891005396843,,0.024885891005396843,
107,863,,,-0.02487868070602417,,0.02487868070602417,
108,871,,,-0.024884343147277832,,0.024884343147277832,
109,879,,,-0.02488809823989868,,0.02488809823989868,
110,887,,,-0.024883687496185303,,0.024883687496185303,
111,895,,,-0.024886608123779297,,0.024886608123779297,
112,899,,,,-0.029144287109375,,0.029144287109375
112,903,,,-0.024894237518310547,,0.024894237518310547,
113,911,,,-0.024886727333068848,,0.024886727333068848,
114,919,,,-0.02489691972732544,,0.02489691972732544,
115,927,,,-0.02490079402923584,,0.02490079402923584,
116,935,,,-0.024904727935791016,,0.024904727935791016,
117,943,,,-0.024900317192077637,,0.024900317192077637,
118,949,,,,-0.027458667755126953,,0.027458667755126953
118,951,,,-0.02490931935608387,,0.02490931935608387,
119,959,,,-0.02489691972732544,,0.02489691972732544,
120,967,,,-0.024872124195098877,,0.024872124195098877,
121,975,,,-0.02489626407623291,,0.02489626407623291,
122,983,,,-0.024910686537623405,,0.024910686537623405,
123,991,,,-0.024908481165766716,,0.024908481165766716,
124,999,,,,-0.017716407775878906,,0.017716407775878906
124,999,,,-0.02491307258605957,,0.02491307258605957,
125,1007,,,-0.0249179620295763,,0.0249179620295763,
126,1015,,,-0.024917542934417725,,0.024917542934417725,
127,1023,,,-0.024910032749176025,,0.024910032749176025,
128,1031,,,-0.02491992712020874,,0.02491992712020874,
129,1039,,,-0.0249178409576416,,0.0249178409576416,
130,1047,,,-0.024938106536865234,,0.024938106536865234,
131,1049,,,,-0.02048015594482422,,0.02048015594482422
131,1055,,,-0.0249178409576416,,0.0249178409576416,
132,1063,,,-0.02492356300354004,,0.02492356300354004,
133,1071,,,-0.024901511147618294,,0.024901511147618294,
134,1079,,,-0.024916289374232292,,0.024916289374232292,
135,1087,,,-0.024916231632232666,,0.024916231632232666,
136,1095,,,-0.024927377700805664,,0.024927377700805664,
137,1099,,,,-0.027161121368408203,,0.027161121368408203
137,1103,,,-0.024924280121922493,,0.024924280121922493,
138,1111,,,-0.024900496006011963,,0.024900496006011963,
139,1119,,,-0.024922488257288933,,0.024922488257288933,
140,1127,,,-0.024924874305725098,,0.024924874305725098,
141,1135,,,-0.0249289870262146,,0.0249289870262146,
142,1143,,,-0.024917125701904297,,0.024917125701904297,
143,1149,,,,-0.02633047103881836,,0.02633047103881836
143,1151,,,-0.02493000030517578,,0.02493000030517578,
144,1159,,,-0.02492588758468628,,0.02492588758468628,
145,1167,,,-0.024920940399169922,,0.024920940399169922,
146,1175,,,-0.024888096377253532,,0.024888096377253532,
147,1183,,,-0.024907471612095833,,0.024907471612095833,
148,1191,,,-0.024933042004704475,,0.024933042004704475,
149,1199,,,,-0.03130054473876953,,0.03130054473876953
149,1199,,,-0.024918973445892334,,0.024918973445892334,
150,1207,,,-0.02492302469909191,,0.02492302469909191,
151,1215,,,-0.0249330997467041,,0.0249330997467041,
152,1223,,,-0.024936797097325325,,0.024936797097325325,
153,1231,,,-0.024945974349975586,,0.024945974349975586,
154,1239,,,-0.024932384490966797,,0.024932384490966797,
155,1247,,,-0.024898171424865723,,0.024898171424865723,
156,1249,,,,-0.031846046447753906,,0.031846046447753906
156,1255,,,-0.02495407871901989,,0.02495407871901989,
157,1263,,,-0.024944067001342773,,0.024944067001342773,
158,1271,,,-0.024932146072387695,,0.024932146072387695,
159,1279,,,-0.024907708168029785,,0.024907708168029785,
160,1287,,,-0.024931011721491814,,0.024931011721491814,
161,1295,,,-0.024940073490142822,,0.024940073490142822,
162,1299,,,,-0.021052837371826172,,0.021052837371826172
162,1303,,,-0.024931609630584717,,0.024931609630584717,
163,1311,,,-0.02491903305053711,,0.02491903305053711,
164,1319,,,-0.02492123655974865,,0.02492123655974865,
165,1327,,,-0.024942459538578987,,0.024942459538578987,
166,1335,,,-0.02493131160736084,,0.02493131160736084,
167,1343,,,-0.02495122142136097,,0.02495122142136097,
168,1349,,,,-0.018691539764404297,,0.018691539764404297
168,1351,,,-0.02494126558303833,,0.02494126558303833,
169,1359,,,-0.02495330572128296,,0.02495330572128296,
170,1367,,,-0.02494126558303833,,0.02494126558303833,
171,1375,,,-0.024944664910435677,,0.024944664910435677,
172,1383,,,-0.024949075654149055,,0.024949075654149055,
173,1391,,,-0.024946510791778564,,0.024946510791778564,
174,1399,,,,-0.023850440979003906,,0.023850440979003906
174,1399,,,-0.024925291538238525,,0.024925291538238525,
175,1407,,,-0.024920763447880745,,0.024920763447880745,
176,1415,,,-0.024936437606811523,,0.024936437606811523,
177,1423,,,-0.024949073791503906,,0.024949073791503906,
178,1431,,,-0.02492666244506836,,0.02492666244506836,
179,1439,,,-0.024935482069849968,,0.024935482069849968,
180,1447,,,-0.02494645118713379,,0.02494645118713379,
181,1449,,,,-0.023836135864257812,,0.023836135864257812
181,1455,,,-0.02496105432510376,,0.02496105432510376,
182,1463,,,-0.024954497814178467,,0.024954497814178467,
183,1471,,,-0.024951159954071045,,0.024951159954071045,
184,1479,,,-0.024955036118626595,,0.024955036118626595,
185,1487,,,-0.024951577186584473,,0.024951577186584473,
186,1495,,,-0.02494913339614868,,0.02494913339614868,
187,1499,,,,-0.025046348571777344,,0.025046348571777344
187,1503,,,-0.02495729736983776,,0.02495729736983776,
188,1511,,,-0.024949729442596436,,0.024949729442596436,
189,1519,,,-0.024955809116363525,,0.024955809116363525,
190,1527,,,-0.02494645304977894,,0.02494645304977894,
191,1535,,,-0.02495753765106201,,0.02495753765106201,
192,1543,,,-0.02495730109512806,,0.02495730109512806,
193,1549,,,,-0.03266429901123047,,0.03266429901123047
193,1551,,,-0.024963198229670525,,0.024963198229670525,
194,1559,,,-0.02496415190398693,,0.02496415190398693,
195,1567,,,-0.024944722652435303,,0.024944722652435303,
196,1575,,,-0.024957120418548584,,0.024957120418548584,
197,1583,,,-0.024966418743133545,,0.024966418743133545,
198,1591,,,-0.024951515719294548,,0.024951515719294548,
199,1599,,,,-0.023677825927734375,,0.023677825927734375
199,1599,,,-0.024971485137939453,,0.024971485137939453,
200,1607,,,-0.024951575323939323,,0.024951575323939323,
201,1615,,,-0.024958014488220215,,0.024958014488220215,
202,1623,,,-0.024958312511444092,,0.024958312511444092,
203,1631,,,-0.024962065741419792,,0.024962065741419792,
204,1639,,,-0.02497166395187378,,0.02497166395187378,
205,1647,,,-0.02496546320617199,,0.02496546320617199,
206,1649,,,,-0.026296615600585938,,0.026296615600585938
206,1655,,,-0.02497243881225586,,0.02497243881225586,
207,1663,,,-0.02496933937072754,,0.02496933937072754,
208,1671,,,-0.02496945858001709,,0.02496945858001709,
209,1679,,,-0.024968387559056282,,0.024968387559056282,
210,1687,,,-0.024959444999694824,,0.024959444999694824,
211,1695,,,-0.024971721693873405,,0.024971721693873405,
212,1699,,,,-0.01838397979736328,,0.01838397979736328
212,1703,,,-0.024962542578577995,,0.024962542578577995,
213,1711,,,-0.02497750334441662,,0.02497750334441662,
214,1719,,,-0.024977266788482666,,0.024977266788482666,
215,1727,,,-0.024964092299342155,,0.024964092299342155,
216,1735,,,-0.0249821525067091,,0.0249821525067091,
217,1743,,,-0.024964869022369385,,0.024964869022369385,
218,1749,,,,-0.02517223358154297,,0.02517223358154297
218,1751,,,-0.024980423972010612,,0.024980423972010612,
219,1759,,,-0.024975121021270752,,0.024975121021270752,
220,1767,,,-0.024973688647150993,,0.024973688647150993,
221,1775,,,-0.02497917413711548,,0.02497917413711548,
222,1783,,,-0.024968206882476807,,0.024968206882476807,
223,1791,,,-0.02497577667236328,,0.02497577667236328,
224,1799,,,,-0.028012752532958984,,0.028012752532958984
224,1799,,,-0.02496403641998768,,0.02496403641998768,
225,1807,,,-0.024965524673461914,,0.024965524673461914,
226,1815,,,-0.02497774548828602,,0.02497774548828602,
227,1823,,,-0.024962661787867546,,0.024962661787867546,
228,1831,,,-0.024971723556518555,,0.024971723556518555,
229,1839,,,-0.02498161979019642,,0.02498161979019642,
230,1847,,,-0.02497589774429798,,0.02497589774429798,
231,1849,,,,-0.020845890045166016,,0.020845890045166016
231,1855,,,-0.024985013529658318,,0.024985013529658318,
232,1863,,,-0.024972079321742058,,0.024972079321742058,
233,1871,,,-0.024977028369903564,,0.024977028369903564,
234,1879,,,-0.024983227252960205,,0.024983227252960205,
235,1887,,,-0.024981021881103516,,0.024981021881103516,
236,1895,,,-0.024985134601593018,,0.024985134601593018,
237,1899,,,,-0.030798912048339844,,0.030798912048339844
237,1903,,,-0.02495122142136097,,0.02495122142136097,
238,1911,,,-0.024994194507598877,,0.024994194507598877,
239,1919,,,-0.02498692274093628,,0.02498692274093628,
240,1927,,,-0.02497154474258423,,0.02497154474258423,
241,1935,,,-0.024979231879115105,,0.024979231879115105,
242,1943,,,-0.024986563250422478,,0.024986563250422478,
243,1949,,,,-0.026042461395263672,,0.026042461395263672
243,1951,,,-0.02497631311416626,,0.02497631311416626,
244,1959,,,-0.024987099692225456,,0.024987099692225456,
245,1967,,,-0.02498006820678711,,0.02498006820678711,
246,1975,,,-0.024995923042297363,,0.024995923042297363,
247,1983,,,-0.024976372718811035,,0.024976372718811035,
248,1991,,,-0.02497941069304943,,0.02497941069304943,
249,1999,,,,-0.028389930725097656,,0.028389930725097656
249,1999,,,-0.024979829788208008,,0.024979829788208008,
250,2007,,,-0.024984000250697136,,0.024984000250697136,
251,2015,,,-0.024986563250422478,,0.024986563250422478,
252,2023,,,-0.024977147579193115,,0.024977147579193115,
253,2031,,,-0.02499401569366455,,0.02499401569366455,
254,2039,,,-0.02499443292617798,,0.02499443292617798,
255,2047,,,-0.024996398016810417,,0.024996398016810417,
256,2049,,,,-0.029608726501464844,,0.029608726501464844
256,2055,,,-0.02499568462371826,,0.02499568462371826,
257,2063,,,-0.024985432624816895,,0.024985432624816895,
258,2071,,,-0.0249821525067091,,0.0249821525067091,
259,2079,,,-0.024972854182124138,,0.024972854182124138,
260,2087,,,-0.02499455213546753,,0.02499455213546753,
261,2095,,,-0.02499222755432129,,0.02499222755432129,
262,2099,,,,-0.031531333923339844,,0.031531333923339844
262,2103,,,-0.024986982345581055,,0.024986982345581055,
263,2111,,,-0.024998247623443604,,0.024998247623443604,
264,2119,,,-0.02498072385787964,,0.02498072385787964,
265,2127,,,-0.02499479055404663,,0.02499479055404663,
266,2135,,,-0.02499753050506115,,0.02499753050506115,
267,2143,,,-0.024992406368255615,,0.024992406368255615,
268,2149,,,,-0.018153667449951172,,0.018153667449951172
268,2151,,,-0.02497267723083496,,0.02497267723083496,
269,2159,,,-0.024987876415252686,,0.024987876415252686,
270,2167,,,-0.02500087022781372,,0.02500087022781372,
271,2175,,,-0.024987993761897087,,0.024987993761897087,
272,2183,,,-0.025004923343658447,,0.025004923343658447,
273,2191,,,-0.024985432624816895,,0.024985432624816895,
274,2199,,,,-0.024647235870361328,,0.024647235870361328
274,2199,,,-0.024975359439849854,,0.024975359439849854,
275,2207,,,-0.024991098791360855,,0.024991098791360855,
276,2215,,,-0.02499365620315075,,0.02499365620315075,
277,2223,,,-0.0249631404876709,,0.0249631404876709,
278,2231,,,-0.02500641532242298,,0.02500641532242298,
279,2239,,,-0.025000451132655144,,0.025000451132655144,
280,2247,,,-0.025012433528900146,,0.025012433528900146,
281,2249,,,,-0.02390146255493164,,0.02390146255493164
281,2255,,,-0.02500593662261963,,0.02500593662261963,
282,2263,,,-0.02500229887664318,,0.02500229887664318,
283,2271,,,-0.025005638599395752,,0.025005638599395752,
284,2279,,,-0.02500474452972412,,0.02500474452972412,
285,2287,,,-0.025007665157318115,,0.025007665157318115,
286,2295,,,-0.025013146921992302,,0.025013146921992302,
287,2299,,,,-0.026844501495361328,,0.026844501495361328
287,2303,,,-0.02500361017882824,,0.02500361017882824,
288,2311,,,-0.024997413158416748,,0.024997413158416748,
289,2319,,,-0.025008438155055046,,0.025008438155055046,
290,2327,,,-0.025009572505950928,,0.025009572505950928,
291,2335,,,-0.025001108646392822,,0.025001108646392822,
292,2343,,,-0.02498668245971203,,0.02498668245971203,
293,2349,,,,-0.015063285827636719,,0.015063285827636719
293,2351,,,-0.025004444643855095,,0.025004444643855095,
294,2359,,,-0.025009870529174805,,0.025009870529174805,
295,2367,,,-0.025006594136357307,,0.025006594136357307,
296,2375,,,-0.0250016450881958,,0.0250016450881958,
297,2383,,,-0.025001347064971924,,0.025001347064971924,
298,2391,,,-0.024999260902404785,,0.024999260902404785,
299,2399,,,,-0.011500835418701172,,0.011500835418701172
299,2399,,,-0.024997949600219727,,0.024997949600219727,
300,2407,,,-0.024997951462864876,,0.024997951462864876,
301,2415,,,-0.025011124089360237,,0.025011124089360237,
302,2423,,,-0.025012612342834473,,0.025012612342834473,
303,2431,,,-0.025014936923980713,,0.025014936923980713,
304,2439,,,-0.02500748820602894,,0.02500748820602894,
305,2447,,,-0.025024354457855225,,0.025024354457855225,
306,2449,,,,-0.023077011108398438,,0.023077011108398438
306,2455,,,-0.025010881945490837,,0.025010881945490837,
307,2463,,,-0.025023339316248894,,0.025023339316248894,
308,2471,,,-0.025016963481903076,,0.025016963481903076,
309,2479,,,-0.025013981387019157,,0.025013981387019157,
310,2487,,,-0.025018155574798584,,0.025018155574798584,
311,2495,,,-0.025013981387019157,,0.025013981387019157,
312,2499,,,,-0.019857406616210938,,0.019857406616210938
312,2503,,,-0.02501857280731201,,0.02501857280731201,
313,2511,,,-0.025012195110321045,,0.025012195110321045,
314,2519,,,-0.0250087957829237,,0.0250087957829237,
315,2527,,,-0.02499258518218994,,0.02499258518218994,
316,2535,,,-0.025007368996739388,,0.025007368996739388,
317,2543,,,-0.02500849962234497,,0.02500849962234497,
318,2549,,,,-0.024374961853027344,,0.024374961853027344
318,2551,,,-0.025017201900482178,,0.025017201900482178,
319,2559,,,-0.024999797344207764,,0.024999797344207764,
320,2567,,,-0.025020956993103027,,0.025020956993103027,
321,2575,,,-0.0249903816729784,,0.0249903816729784,
322,2583,,,-0.025026977062225342,,0.025026977062225342,
323,2591,,,-0.025017201900482178,,0.025017201900482178,
324,2599,,,,-0.02239084243774414,,0.02239084243774414
324,2599,,,-0.025013446807861328,,0.025013446807861328,
325,2607,,,-0.025015829131007195,,0.025015829131007195,
326,2615,,,-0.02497541718184948,,0.02497541718184948,
327,2623,,,-0.02502000331878662,,0.02502000331878662,
328,2631,,,-0.025007961317896843,,0.025007961317896843,
329,2639,,,-0.025026975199580193,,0.025026975199580193,
330,2647,,,-0.025014936923980713,,0.025014936923980713,
331,2649,,,,-0.02628040313720703,,0.02628040313720703
331,2655,,,-0.025015413761138916,,0.025015413761138916,
332,2663,,,-0.02503073215484619,,0.02503073215484619,
333,2671,,,-0.025005102157592773,,0.025005102157592773,
334,2679,,,-0.025021791458129883,,0.025021791458129883,
335,2687,,,-0.02501988224685192,,0.02501988224685192,
336,2695,,,-0.025026025250554085,,0.025026025250554085,
337,2699,,,,-0.024712085723876953,,0.024712085723876953
337,2703,,,-0.025021078065037727,,0.025021078065037727,
338,2711,,,-0.025017857551574707,,0.025017857551574707,
339,2719,,,-0.02502078004181385,,0.02502078004181385,
340,2727,,,-0.02502208948135376,,0.02502208948135376,
341,2735,,,-0.025024056434631348,,0.025024056434631348,
342,2743,,,-0.025024235248565674,,0.025024235248565674,
343,2749,,,,-0.014972686767578125,,0.014972686767578125
343,2751,,,-0.025022802874445915,,0.025022802874445915,
344,2759,,,-0.02501446008682251,,0.02501446008682251,
345,2767,,,-0.025019407272338867,,0.025019407272338867,
346,2775,,,-0.025026798248291016,,0.025026798248291016,
347,2783,,,-0.025024235248565674,,0.025024235248565674,
348,2791,,,-0.025021912530064583,,0.025021912530064583,
349,2799,,,,-0.027984619140625,,0.027984619140625
349,2799,,,-0.025024114176630974,,0.025024114176630974,
350,2807,,,-0.02500051259994507,,0.02500051259994507,
351,2815,,,-0.02500969171524048,,0.02500969171524048,
352,2823,,,-0.02502763457596302,,0.02502763457596302,
353,2831,,,-0.02502298355102539,,0.02502298355102539,
354,2839,,,-0.025016846135258675,,0.025016846135258675,
355,2847,,,-0.02503269910812378,,0.02503269910812378,
356,2849,,,,-0.021802425384521484,,0.021802425384521484
356,2855,,,-0.025035977363586426,,0.025035977363586426,
357,2863,,,-0.025027692317962646,,0.025027692317962646,
358,2871,,,-0.02502608112990856,,0.02502608112990856,
359,2879,,,-0.02500372938811779,,0.02500372938811779,
360,2887,,,-0.025037942454218864,,0.025037942454218864,
361,2895,,,-0.025037942454218864,,0.025037942454218864,
362,2899,,,,-0.028484344482421875,,0.028484344482421875
362,2903,,,-0.025042057037353516,,0.025042057037353516,
363,2911,,,-0.025027334690093994,,0.025027334690093994,
364,2919,,,-0.025036156177520752,,0.025036156177520752,
365,2927,,,-0.025017917156219482,,0.025017917156219482,
366,2935,,,-0.02502894401550293,,0.02502894401550293,
367,2943,,,-0.02503025531768799,,0.02503025531768799,
368,2949,,,,-0.021323204040527344,,0.021323204040527344
368,2951,,,-0.02503580041229725,,0.02503580041229725,
369,2959,,,-0.02501779794692993,,0.02501779794692993,
370,2967,,,-0.02502959780395031,,0.02502959780395031,
371,2975,,,-0.025001704692840576,,0.025001704692840576,
372,2983,,,-0.025022506713867188,,0.025022506713867188,
373,2991,,,-0.02504044771194458,,0.02504044771194458,
374,2999,,,,-0.025571346282958984,,0.025571346282958984
374,2999,,,-0.025036873295903206,,0.025036873295903206,
375,3007,,,-0.02502661943435669,,0.02502661943435669,
376,3015,,,-0.025046108290553093,,0.025046108290553093,
377,3023,,,-0.02502340078353882,,0.02502340078353882,
378,3031,,,-0.025036275386810303,,0.025036275386810303,
379,3039,,,-0.02503204345703125,,0.02503204345703125,
380,3047,,,-0.025037407875061035,,0.025037407875061035,
381,3049,,,,-0.026368141174316406,,0.026368141174316406
381,3055,,,-0.025027811527252197,,0.025027811527252197,
382,3063,,,-0.025036156177520752,,0.025036156177520752,
383,3071,,,-0.02504730224609375,,0.02504730224609375,
384,3079,,,-0.025035738945007324,,0.025035738945007324,
385,3087,,,-0.025025250390172005,,0.025025250390172005,
386,3095,,,-0.02503400854766369,,0.02503400854766369,
387,3099,,,,-0.026000022888183594,,0.026000022888183594
387,3103,,,-0.02503037266433239,,0.02503037266433239,
388,3111,,,-0.025026977062225342,,0.025026977062225342,
389,3119,,,-0.025041459128260612,,0.025041459128260612,
390,3127,,,-0.0250399112701416,,0.0250399112701416,
391,3135,,,-0.025033414363861084,,0.025033414363861084,
392,3143,,,-0.025034723803400993,,0.025034723803400993,
393,3149,,,,-0.028652667999267578,,0.028652667999267578
393,3151,,,-0.025023281574249268,,0.025023281574249268,
394,3159,,,-0.025041520595550537,,0.025041520595550537,
395,3167,,,-0.025042712688446045,,0.025042712688446045,
396,3175,,,-0.025036275386810303,,0.025036275386810303,
397,3183,,,-0.025052189826965332,,0.025052189826965332,
398,3191,,,-0.02504861354827881,,0.02504861354827881,
399,3199,,,,-0.02990245819091797,,0.02990245819091797
399,3199,,,-0.025030435994267464,,0.025030435994267464,
400,3207,,,-0.025041699409484863,,0.025041699409484863,
401,3215,,,-0.025048019364476204,,0.025048019364476204,
402,3223,,,-0.025041520595550537,,0.025041520595550537,
403,3231,,,-0.025041043758392334,,0.025041043758392334,
404,3239,,,-0.025034425780177116,,0.025034425780177116,
405,3247,,,-0.02502959780395031,,0.02502959780395031,
406,3249,,,,-0.027795791625976562,,0.027795791625976562
406,3255,,,-0.025048911571502686,,0.025048911571502686,
407,3263,,,-0.0250169038772583,,0.0250169038772583,
408,3271,,,-0.02504521794617176,,0.02504521794617176,
409,3279,,,-0.02504497766494751,,0.02504497766494751,
410,3287,,,-0.025051293894648552,,0.025051293894648552,
411,3295,,,-0.025041280314326286,,0.025041280314326286,
412,3299,,,,-0.022068023681640625,,0.022068023681640625
412,3303,,,-0.025046110153198242,,0.025046110153198242,
413,3311,,,-0.025041760876774788,,0.025041760876774788,
414,3319,,,-0.025029776617884636,,0.025029776617884636,
415,3327,,,-0.025047002360224724,,0.025047002360224724,
416,3335,,,-0.025029363110661507,,0.025029363110661507,
417,3343,,,-0.02500927448272705,,0.02500927448272705,
418,3349,,,,-0.02720355987548828,,0.02720355987548828
418,3351,,,-0.025027098134160042,,0.025027098134160042,
419,3359,,,-0.02503555826842785,,0.02503555826842785,
420,3367,,,-0.025049686431884766,,0.025049686431884766,
421,3375,,,-0.025046825408935547,,0.025046825408935547,
422,3383,,,-0.025031626224517822,,0.025031626224517822,
423,3391,,,-0.025014160200953484,,0.025014160200953484,
424,3399,,,,-0.025241851806640625,,0.025241851806640625
424,3399,,,-0.025040030479431152,,0.025040030479431152,
425,3407,,,-0.025049148127436638,,0.025049148127436638,
426,3415,,,-0.02503347210586071,,0.02503347210586071,
427,3423,,,-0.025042472407221794,,0.025042472407221794,
428,3431,,,-0.025055525824427605,,0.025055525824427605,
429,3439,,,-0.025056183338165283,,0.025056183338165283,
430,3447,,,-0.025050343945622444,,0.025050343945622444,
431,3449,,,,-0.02343273162841797,,0.02343273162841797
431,3455,,,-0.02505856566131115,,0.02505856566131115,
432,3463,,,-0.025042295455932617,,0.025042295455932617,
433,3471,,,-0.02504199743270874,,0.02504199743270874,
434,3479,,,-0.025055887177586555,,0.025055887177586555,
435,3487,,,-0.025035975500941277,,0.025035975500941277,
436,3495,,,-0.025058865547180176,,0.025058865547180176,
437,3499,,,,-0.026833534240722656,,0.026833534240722656
437,3503,,,-0.02506554126739502,,0.02506554126739502,
438,3511,,,-0.025059819221496582,,0.025059819221496582,
439,3519,,,-0.02504754066467285,,0.02504754066467285,
440,3527,,,-0.02505856566131115,,0.02505856566131115,
441,3535,,,-0.025055408477783203,,0.025055408477783203,
442,3543,,,-0.025045214220881462,,0.025045214220881462,
443,3549,,,,-0.02606821060180664,,0.02606821060180664
443,3551,,,-0.02505260892212391,,0.02505260892212391,
444,3559,,,-0.02505737543106079,,0.02505737543106079,
445,3567,,,-0.02506279945373535,,0.02506279945373535,
446,3575,,,-0.025041459128260612,,0.025041459128260612,
447,3583,,,-0.02505326271057129,,0.02505326271057129,
448,3591,,,-0.025046169757843018,,0.025046169757843018,
449,3599,,,,-0.023778915405273438,,0.023778915405273438
449,3599,,,-0.025055408477783203,,0.025055408477783203,
450,3607,,,-0.025049328804016113,,0.025049328804016113,
451,3615,,,-0.025049330666661263,,0.025049330666661263,
452,3623,,,-0.025038721039891243,,0.025038721039891243,
453,3631,,,-0.02499777264893055,,0.02499777264893055,
454,3639,,,-0.025067267939448357,,0.025067267939448357,
455,3647,,,-0.02505815215408802,,0.02505815215408802,
456,3649,,,,-0.03181600570678711,,0.03181600570678711
456,3655,,,-0.025059999898076057,,0.025059999898076057,
457,3663,,,-0.025067923590540886,,0.025067923590540886,
458,3671,,,-0.025053856894373894,,0.025053856894373894,
459,3679,,,-0.02505350112915039,,0.02505350112915039,
460,3687,,,-0.025061070919036865,,0.025061070919036865,
461,3695,,,-0.025055766105651855,,0.025055766105651855,
462,3699,,,,-0.017429351806640625,,0.017429351806640625
462,3703,,,-0.02505856566131115,,0.02505856566131115,
463,3711,,,-0.025073707103729248,,0.025073707103729248,
464,3719,,,-0.025057794526219368,,0.025057794526219368,
465,3727,,,-0.025069713592529297,,0.025069713592529297,
466,3735,,,-0.025074481964111328,,0.025074481964111328,
467,3743,,,-0.02504485845565796,,0.02504485845565796,
468,3749,,,,-0.027869701385498047,,0.027869701385498047
468,3751,,,-0.025080502033233643,,0.025080502033233643,
469,3759,,,-0.025073053315281868,,0.025073053315281868,
470,3767,,,-0.0250703077763319,,0.0250703077763319,
471,3775,,,-0.025065064430236816,,0.025065064430236816,
472,3783,,,-0.025072691962122917,,0.025072691962122917,
473,3791,,,-0.025084735825657845,,0.025084735825657845,
474,3799,,,,-0.025791645050048828,,0.025791645050048828
474,3799,,,-0.02506399154663086,,0.02506399154663086,
475,3807,,,-0.025082051753997803,,0.025082051753997803,
476,3815,,,-0.025075256824493408,,0.025075256824493408,
477,3823,,,-0.025050759315490723,,0.025050759315490723,
478,3831,,,-0.025076987221837044,,0.025076987221837044,
479,3839,,,-0.025037171319127083,,0.025037171319127083,
480,3847,,,-0.02506774663925171,,0.02506774663925171,
481,3849,,,,-0.023286819458007812,,0.023286819458007812
481,3855,,,-0.025054931640625,,0.025054931640625,
482,3863,,,-0.0250586848706007,,0.0250586848706007,
483,3871,,,-0.025074303150177002,,0.025074303150177002,
484,3879,,,-0.02507072687149048,,0.02507072687149048,
485,3887,,,-0.025071799755096436,,0.025071799755096436,
486,3895,,,-0.02506732940673828,,0.02506732940673828,
487,3899,,,,-0.02206277847290039,,0.02206277847290039
487,3903,,,-0.025061368942260742,,0.025061368942260742,
488,3911,,,-0.02507162280380726,,0.02507162280380726,
489,3919,,,-0.025078952312469482,,0.025078952312469482,
490,3927,,,-0.025058625265955925,,0.025058625265955925,
491,3935,,,-0.02504563517868519,,0.02504563517868519,
492,3943,,,-0.025084195658564568,,0.025084195658564568,
493,3949,,,,-0.02763509750366211,,0.02763509750366211
493,3951,,,-0.025054514408111572,,0.025054514408111572,
494,3959,,,-0.025067688897252083,,0.025067688897252083,
495,3967,,,-0.025070667266845703,,0.025070667266845703,
496,3975,,,-0.025064051151275635,,0.025064051151275635,
497,3983,,,-0.025024712085723877,,0.025024712085723877,
498,3991,,,-0.02507507987320423,,0.02507507987320423,
499,3999,,,,-0.027396202087402344,,0.027396202087402344
499,3999,,,-0.02504408173263073,,0.02504408173263073,
500,4007,,,-0.02507209964096546,,0.02507209964096546,
501,4015,,,-0.02507758140563965,,0.02507758140563965,
502,4023,,,-0.02507728338241577,,0.02507728338241577,
503,4031,,,-0.02505648136138916,,0.02505648136138916,
504,4039,,,-0.025071682408452034,,0.025071682408452034,
505,4047,,,-0.02507120370864868,,0.02507120370864868,
506,4049,,,,-0.027426719665527344,,0.027426719665527344
506,4055,,,-0.02507251501083374,,0.02507251501083374,
507,4063,,,-0.025083720684051514,,0.025083720684051514,
508,4071,,,-0.025076746940612793,,0.025076746940612793,
509,4079,,,-0.0250737052410841,,0.0250737052410841,
510,4087,,,-0.025094926357269287,,0.025094926357269287,
511,4095,,,-0.02507925033569336,,0.02507925033569336,
512,4099,,,,-0.029259204864501953,,0.029259204864501953
512,4103,,,-0.02507341094315052,,0.02507341094315052,
513,4111,,,-0.02508443221449852,,0.02508443221449852,
514,4119,,,-0.025083541870117188,,0.025083541870117188,
515,4127,,,-0.02507990412414074,,0.02507990412414074,
516,4135,,,-0.025076212361454964,,0.025076212361454964,
517,4143,,,-0.02506202459335327,,0.02506202459335327,
518,4149,,,,-0.02365875244140625,,0.02365875244140625
518,4151,,,-0.02508026361465454,,0.02508026361465454,
519,4159,,,-0.025078237056732178,,0.025078237056732178,
520,4167,,,-0.025089800357818604,,0.025089800357818604,
521,4175,,,-0.02508246898651123,,0.02508246898651123,
522,4183,,,-0.025075793266296387,,0.025075793266296387,
523,4191,,,-0.025074899196624756,,0.025074899196624756,
524,4199,,,,-0.02488422393798828,,0.02488422393798828
524,4199,,,-0.02508080191910267,,0.02508080191910267,
525,4207,,,-0.02507239580154419,,0.02507239580154419,
526,4215,,,-0.02508610486984253,,0.02508610486984253,
527,4223,,,-0.02507871203124523,,0.02507871203124523,
528,4231,,,-0.025094805285334587,,0.025094805285334587,
529,4239,,,-0.0250739473849535,,0.0250739473849535,
530,4247,,,-0.02508777379989624,,0.02508777379989624,
531,4249,,,,-0.030859947204589844,,0.030859947204589844
531,4255,,,-0.02507573552429676,,0.02507573552429676,
532,4263,,,-0.025079907849431038,,0.025079907849431038,
533,4271,,,-0.025080857798457146,,0.025080857798457146,
534,4279,,,-0.025073828175663948,,0.025073828175663948,
535,4287,,,-0.025046585127711296,,0.025046585127711296,
536,4295,,,-0.025005877017974854,,0.025005877017974854,
537,4299,,,,-0.018217086791992188,,0.018217086791992188
537,4303,,,-0.025088904425501823,,0.025088904425501823,
538,4311,,,-0.02508544921875,,0.02508544921875,
539,4319,,,-0.02509307861328125,,0.02509307861328125,
540,4327,,,-0.025082290172576904,,0.025082290172576904,
541,4335,,,-0.025084612891077995,,0.025084612891077995,
542,4343,,,-0.025093793869018555,,0.025093793869018555,
543,4349,,,,-0.02446889877319336,,0.02446889877319336
543,4351,,,-0.025087714195251465,,0.025087714195251465,
544,4359,,,-0.025078060105443,,0.025078060105443,
545,4367,,,-0.025085508823394775,,0.025085508823394775,
546,4375,,,-0.025069773197174072,,0.025069773197174072,
547,4383,,,-0.025097012519836426,,0.025097012519836426,
548,4391,,,-0.025097014382481575,,0.025097014382481575,
549,4399,,,,-0.022251605987548828,,0.022251605987548828
549,4399,,,-0.025092897936701775,,0.025092897936701775,
550,4407,,,-0.025091171264648438,,0.025091171264648438,
551,4415,,,-0.025083420798182487,,0.025083420798182487,
552,4423,,,-0.025089681148529053,,0.025089681148529053,
553,4431,,,-0.025034725666046143,,0.025034725666046143,
554,4439,,,-0.02509021945297718,,0.02509021945297718,
555,4447,,,-0.025087952613830566,,0.025087952613830566,
556,4449,,,,-0.02833271026611328,,0.02833271026611328
556,4455,,,-0.025095580145716667,,0.025095580145716667,
557,4463,,,-0.025085268542170525,,0.025085268542170525,
558,4471,,,-0.025096772238612175,,0.025096772238612175,
559,4479,,,-0.025072753429412842,,0.025072753429412842,
560,4487,,,-0.025085510686039925,,0.025085510686039925,
561,4495,,,-0.02508723735809326,,0.02508723735809326,
562,4499,,,,-0.029274463653564453,,0.029274463653564453
562,4503,,,-0.025098862126469612,,0.025098862126469612,
563,4511,,,-0.025087354704737663,,0.025087354704737663,
564,4519,,,-0.025092780590057373,,0.025092780590057373,
565,4527,,,-0.025091884657740593,,0.025091884657740593,
566,4535,,,-0.025060413405299187,,0.025060413405299187,
567,4543,,,-0.025083422660827637,,0.025083422660827637,
568,4549,,,,-0.028143882751464844,,0.028143882751464844
568,4551,,,-0.02509116940200329,,0.02509116940200329,
569,4559,,,-0.02509540319442749,,0.02509540319442749,
570,4567,,,-0.02509021759033203,,0.02509021759033203,
571,4575,,,-0.025087833404541016,,0.025087833404541016,
572,4583,,,-0.025081276893615723,,0.025081276893615723,
573,4591,,,-0.02508998103439808,,0.02508998103439808,
574,4599,,,,-0.016949176788330078,,0.016949176788330078
574,4599,,,-0.025071384385228157,,0.025071384385228157,
575,4607,,,-0.025094805285334587,,0.025094805285334587,
576,4615,,,-0.025098441168665886,,0.025098441168665886,
577,4623,,,-0.025092188268899918,,0.025092188268899918,
578,4631,,,-0.02509033866226673,,0.02509033866226673,
579,4639,,,-0.02509540133178234,,0.02509540133178234,
580,4647,,,-0.02508658356964588,,0.02508658356964588,
581,4649,,,,-0.024837017059326172,,0.024837017059326172
581,4655,,,-0.025092899799346924,,0.025092899799346924,
582,4663,,,-0.02509552240371704,,0.02509552240371704,
583,4671,,,-0.025074541568756104,,0.025074541568756104,
584,4679,,,-0.025097012519836426,,0.025097012519836426,
585,4687,,,-0.02510267309844494,,0.02510267309844494,
586,4695,,,-0.025097906589508057,,0.025097906589508057,
587,4699,,,,-0.024477005004882812,,0.024477005004882812
587,4703,,,-0.025097668170928955,,0.025097668170928955,
588,4711,,,-0.025100531056523323,,0.025100531056523323,
589,4719,,,-0.02504354901611805,,0.02504354901611805,
590,4727,,,-0.025068700313568115,,0.025068700313568115,
591,4735,,,-0.025097131729125977,,0.025097131729125977,
592,4743,,,-0.025093792006373405,,0.025093792006373405,
593,4749,,,,-0.02601909637451172,,0.02601909637451172
593,4751,,,-0.02510744333267212,,0.02510744333267212,
594,4759,,,-0.02509969472885132,,0.02509969472885132,
595,4767,,,-0.025100648403167725,,0.025100648403167725,
596,4775,,,-0.02507108263671398,,0.02507108263671398,
597,4783,,,-0.02510922960937023,,0.02510922960937023,
598,4791,,,-0.02510380931198597,,0.02510380931198597,
599,4799,,,,-0.01969289779663086,,0.01969289779663086
599,4799,,,-0.025101125240325928,,0.025101125240325928,
600,4807,,,-0.025090934708714485,,0.025090934708714485,
601,4815,,,-0.025101304054260254,,0.025101304054260254,
602,4823,,,-0.025099337100982666,,0.025099337100982666,
603,4831,,,-0.025079188868403435,,0.025079188868403435,
604,4839,,,-0.025088369846343994,,0.025088369846343994,
605,4847,,,-0.025101840496063232,,0.025101840496063232,
606,4849,,,,-0.024036884307861328,,0.024036884307861328
606,4855,,,-0.025099994614720345,,0.025099994614720345,
607,4863,,,-0.025104999542236328,,0.025104999542236328,
608,4871,,,-0.025098443031311035,,0.025098443031311035,
609,4879,,,-0.02509736828505993,,0.02509736828505993,
610,4887,,,-0.025096414610743523,,0.025096414610743523,
611,4895,,,-0.025092003867030144,,0.025092003867030144,
612,4899,,,,-0.018245697021484375,,0.018245697021484375
612,4903,,,-0.025104999542236328,,0.025104999542236328,
613,4911,,,-0.025111379101872444,,0.025111379101872444,
614,4919,,,-0.025111079216003418,,0.025111079216003418,
615,4927,,,-0.025108875706791878,,0.025108875706791878,
616,4935,,,-0.025103390216827393,,0.025103390216827393,
617,4943,,,-0.025088131427764893,,0.025088131427764893,
618,4949,,,,-0.024358749389648438,,0.024358749389648438
618,4951,,,-0.025084316730499268,,0.025084316730499268,
619,4959,,,-0.025104882195591927,,0.025104882195591927,
620,4967,,,-0.025107145309448242,,0.025107145309448242,
621,4975,,,-0.02509450912475586,,0.02509450912475586,
622,4983,,,-0.025108400732278824,,0.025108400732278824,
623,4991,,,-0.02510654926300049,,0.02510654926300049,
624,4999,,,,-0.026126384735107422,,0.026126384735107422
624,4999,,,-0.025095999240875244,,0.025095999240875244,
625,5007,,,-0.025100350379943848,,0.025100350379943848,
626,5015,,,-0.02508002519607544,,0.02508002519607544,
627,5023,,,-0.025094032287597656,,0.025094032287597656,
628,5031,,,-0.025089560076594353,,0.025089560076594353,
629,5039,,,-0.025076566264033318,,0.025076566264033318,
630,5047,,,-0.02510470151901245,,0.02510470151901245,
631,5049,,,,-0.028421878814697266,,0.028421878814697266
631,5055,,,-0.025109410285949707,,0.025109410285949707,
632,5063,,,-0.025119423866271973,,0.025119423866271973,
633,5071,,,-0.025105953216552734,,0.025105953216552734,
634,5079,,,-0.025115011259913445,,0.025115011259913445,
635,5087,,,-0.025111079216003418,,0.025111079216003418,
636,5095,,,-0.025096654891967773,,0.025096654891967773,
637,5099,,,,-0.030741214752197266,,0.030741214752197266
637,5103,,,-0.02510434202849865,,0.02510434202849865,
638,5111,,,-0.025097012519836426,,0.025097012519836426,
639,5119,,,-0.025113403797149658,,0.025113403797149658,
640,5127,,,-0.0251157283782959,,0.0251157283782959,
641,5135,,,-0.025122882798314095,,0.025122882798314095,
642,5143,,,-0.02510482259094715,,0.02510482259094715,
643,5149,,,,-0.023917198181152344,,0.023917198181152344
643,5151,,,-0.025116026401519775,,0.025116026401519775,
644,5159,,,-0.02508092112839222,,0.02508092112839222,
645,5167,,,-0.025104878470301628,,0.025104878470301628,
646,5175,,,-0.025110721588134766,,0.025110721588134766,
647,5183,,,-0.025116445496678352,,0.025116445496678352,
648,5191,,,-0.025111613795161247,,0.025111613795161247,
649,5199,,,,-0.02481365203857422,,0.02481365203857422
649,5199,,,-0.025116560980677605,,0.025116560980677605,
650,5207,,,-0.025113346055150032,,0.025113346055150032,
651,5215,,,-0.025102736428380013,,0.025102736428380013,
652,5223,,,-0.025117160752415657,,0.025117160752415657,
653,5231,,,-0.025106729939579964,,0.025106729939579964,
654,5239,,,-0.02511143684387207,,0.02511143684387207,
655,5247,,,-0.02511352114379406,,0.02511352114379406,
656,5249,,,,-0.023255348205566406,,0.023255348205566406
656,5255,,,-0.0251119714230299,,0.0251119714230299,
657,5263,,,-0.02512878179550171,,0.02512878179550171,
658,5271,,,-0.02511465549468994,,0.02511465549468994,
659,5279,,,-0.025118231773376465,,0.025118231773376465,
660,5287,,,-0.025116026401519775,,0.025116026401519775,
661,5295,,,-0.02511650323867798,,0.02511650323867798,
662,5299,,,,-0.025636672973632812,,0.025636672973632812
662,5303,,,-0.025118114426732063,,0.025118114426732063,
663,5311,,,-0.025106847286224365,,0.025106847286224365,
664,5319,,,-0.025120437145233154,,0.025120437145233154,
665,5327,,,-0.025104045867919922,,0.025104045867919922,
666,5335,,,-0.02510291524231434,,0.02510291524231434,
667,5343,,,-0.025114476680755615,,0.025114476680755615,
668,5349,,,,-0.02727508544921875,,0.02727508544921875
668,5351,,,-0.02512812614440918,,0.02512812614440918,
669,5359,,,-0.02512240596115589,,0.02512240596115589,
670,5367,,,-0.025119781494140625,,0.025119781494140625,
671,5375,,,-0.025102553889155388,,0.025102553889155388,
672,5383,,,-0.02511739730834961,,0.02511739730834961,
673,5391,,,-0.025104761123657227,,0.025104761123657227,
674,5399,,,,-0.02990245819091797,,0.02990245819091797
674,5399,,,-0.02511012926697731,,0.02511012926697731,
675,5407,,,-0.025112569332122803,,0.025112569332122803,
676,5415,,,-0.025104403495788574,,0.025104403495788574,
677,5423,,,-0.025106310844421387,,0.025106310844421387,
678,5431,,,-0.02511209435760975,,0.02511209435760975,
679,5439,,,-0.025128543376922607,,0.025128543376922607,
680,5447,,,-0.025133492425084114,,0.025133492425084114,
681,5449,,,,-0.020890235900878906,,0.020890235900878906
681,5455,,,-0.02511882781982422,,0.02511882781982422,
682,5463,,,-0.025110958144068718,,0.025110958144068718,
683,5471,,,-0.025103390216827393,,0.025103390216827393,
684,5479,,,-0.02513265609741211,,0.02513265609741211,
685,5487,,,-0.02511400170624256,,0.02511400170624256,
686,5495,,,-0.02512127161026001,,0.02512127161026001,
687,5499,,,,-0.019319534301757812,,0.019319534301757812
687,5503,,,-0.025118468329310417,,0.025118468329310417,
688,5511,,,-0.025126755237579346,,0.025126755237579346,
689,5519,,,-0.025113584473729134,,0.025113584473729134,
690,5527,,,-0.02512824349105358,,0.02512824349105358,
691,5535,,,-0.025120794773101807,,0.025120794773101807,
692,5543,,,-0.025102974846959114,,0.025102974846959114,
693,5549,,,,-0.015790939331054688,,0.015790939331054688
693,5551,,,-0.025136470794677734,,0.025136470794677734,
694,5559,,,-0.02511066198348999,,0.02511066198348999,
695,5567,,,-0.025119127705693245,,0.025119127705693245,
696,5575,,,-0.025095345452427864,,0.025095345452427864,
697,5583,,,-0.02512049674987793,,0.02512049674987793,
698,5591,,,-0.025111913681030273,,0.025111913681030273,
699,5599,,,,-0.02296304702758789,,0.02296304702758789
699,5599,,,-0.025128483772277832,,0.025128483772277832,
700,5607,,,-0.025114119052886963,,0.025114119052886963,
701,5615,,,-0.02508646249771118,,0.02508646249771118,
702,5623,,,-0.025110898539423943,,0.025110898539423943,
703,5631,,,-0.025113940238952637,,0.025113940238952637,
704,5639,,,-0.025120200589299202,,0.025120200589299202,
705,5647,,,-0.02513289265334606,,0.02513289265334606,
706,5649,,,,-0.02551412582397461,,0.02551412582397461
706,5655,,,-0.02512282319366932,,0.02512282319366932,
707,5663,,,-0.02512681670486927,,0.02512681670486927,
708,5671,,,-0.025118470191955566,,0.025118470191955566,
709,5679,,,-0.02513277530670166,,0.02513277530670166,
710,5687,,,-0.025123655796051025,,0.025123655796051025,
711,5695,,,-0.025100944563746452,,0.025100944563746452,
712,5699,,,,-0.027483463287353516,,0.027483463287353516
712,5703,,,-0.02511763386428356,,0.02511763386428356,
713,5711,,,-0.02513200044631958,,0.02513200044631958,
714,5719,,,-0.025123417377471924,,0.025123417377471924,
715,5727,,,-0.025088904425501823,,0.025088904425501823,
716,5735,,,-0.025132473558187485,,0.025132473558187485,
717,5743,,,-0.025130927562713623,,0.025130927562713623,
718,5749,,,,-0.032753944396972656,,0.032753944396972656
718,5751,,,-0.025117039680480957,,0.025117039680480957,
719,5759,,,-0.025133373215794563,,0.025133373215794563,
720,5767,,,-0.025128424167633057,,0.025128424167633057,
721,5775,,,-0.025132419541478157,,0.025132419541478157,
722,5783,,,-0.025128545239567757,,0.025128545239567757,
723,5791,,,-0.025147974491119385,,0.025147974491119385,
724,5799,,,,-0.03217124938964844,,0.03217124938964844
724,5799,,,-0.025124073028564453,,0.025124073028564453,
725,5807,,,-0.025133194401860237,,0.025133194401860237,
726,5815,,,-0.02512473054230213,,0.02512473054230213,
727,5823,,,-0.025137901306152344,,0.025137901306152344,
728,5831,,,-0.02513575740158558,,0.02513575740158558,
729,5839,,,-0.025098443031311035,,0.025098443031311035,
730,5847,,,-0.025137247517704964,,0.025137247517704964,
731,5849,,,,-0.029844284057617188,,0.029844284057617188
731,5855,,,-0.025110600516200066,,0.025110600516200066,
732,5863,,,-0.025128483772277832,,0.025128483772277832,
733,5871,,,-0.025126755237579346,,0.025126755237579346,
734,5879,,,-0.02512282133102417,,0.02512282133102417,
735,5887,,,-0.025137601420283318,,0.025137601420283318,
736,5895,,,-0.025111496448516846,,0.025111496448516846,
737,5899,,,,-0.02271556854248047,,0.02271556854248047
737,5903,,,-0.025142310187220573,,0.025142310187220573,
738,5911,,,-0.02509194426238537,,0.02509194426238537,
739,5919,,,-0.025128720328211784,,0.025128720328211784,
740,5927,,,-0.025136230513453484,,0.025136230513453484,
741,5935,,,-0.02512413263320923,,0.02512413263320923,
742,5943,,,-0.025136053562164307,,0.025136053562164307,
743,5949,,,,-0.02741861343383789,,0.02741861343383789
743,5951,,,-0.025130273774266243,,0.025130273774266243,
744,5959,,,-0.025136828422546387,,0.025136828422546387,
745,5967,,,-0.02511984296143055,,0.02511984296143055,
746,5975,,,-0.025133075192570686,,0.025133075192570686,
747,5983,,,-0.025118529796600342,,0.025118529796600342,
748,5991,,,-0.02513921447098255,,0.02513921447098255,
749,5999,,,,-0.02631092071533203,,0.02631092071533203
749,5999,,,-0.02513653039932251,,0.02513653039932251,
750,6007,,,-0.02511012554168701,,0.02511012554168701,
751,6015,,,-0.02514570951461792,,0.02514570951461792,
752,6023,,,-0.02512085624039173,,0.02512085624039173,
753,6031,,,-0.02513783983886242,,0.02513783983886242,
754,6039,,,-0.0251424890011549,,0.0251424890011549,
755,6047,,,-0.025128422304987907,,0.025128422304987907,
756,6049,,,,-0.022258281707763672,,0.022258281707763672
756,6055,,,-0.02513831853866577,,0.02513831853866577,
757,6063,,,-0.025132181122899055,,0.025132181122899055,
758,6071,,,-0.025137007236480713,,0.025137007236480713,
759,6079,,,-0.025144698098301888,,0.025144698098301888,
760,6087,,,-0.025139687582850456,,0.025139687582850456,
761,6095,,,-0.025127649307250977,,0.025127649307250977,
762,6099,,,,-0.023346424102783203,,0.023346424102783203
762,6103,,,-0.025109468027949333,,0.025109468027949333,
763,6111,,,-0.02514427714049816,,0.02514427714049816,
764,6119,,,-0.02513575740158558,,0.02513575740158558,
765,6127,,,-0.02513056993484497,,0.02513056993484497,
766,6135,,,-0.025142252445220947,,0.025142252445220947,
767,6143,,,-0.025138916447758675,,0.025138916447758675,
768,6149,,,,-0.027653217315673828,,0.027653217315673828
768,6151,,,-0.02512318082153797,,0.02512318082153797,
769,6159,,,-0.02512878179550171,,0.02512878179550171,
770,6167,,,-0.02513444609940052,,0.02513444609940052,
771,6175,,,-0.02514207363128662,,0.02514207363128662,
772,6183,,,-0.025133786723017693,,0.025133786723017693,
773,6191,,,-0.025132058188319206,,0.025132058188319206,
774,6199,,,,-0.026653766632080078,,0.026653766632080078
774,6199,,,-0.0251387357711792,,0.0251387357711792,
775,6207,,,-0.025133728981018066,,0.025133728981018066,
776,6215,,,-0.025131642818450928,,0.025131642818450928,
777,6223,,,-0.0251235943287611,,0.0251235943287611,
778,6231,,,-0.025124430656433105,,0.025124430656433105,
779,6239,,,-0.02513265609741211,,0.02513265609741211,
780,6247,,,-0.025144994258880615,,0.025144994258880615,
781,6249,,,,-0.02710723876953125,,0.02710723876953125
781,6255,,,-0.025145409628748894,,0.025145409628748894,
782,6263,,,-0.02514028549194336,,0.02514028549194336,
783,6271,,,-0.025138678029179573,,0.025138678029179573,
784,6279,,,-0.025138022378087044,,0.025138022378087044,
785,6287,,,-0.025146422907710075,,0.025146422907710075,
786,6295,,,-0.025145351886749268,,0.025145351886749268,
787,6299,,,,-0.029458999633789062,,0.029458999633789062
787,6303,,,-0.02514183707535267,,0.02514183707535267,
788,6311,,,-0.025147557258605957,,0.025147557258605957,
789,6319,,,-0.02514016628265381,,0.02514016628265381,
790,6327,,,-0.025142310187220573,,0.025142310187220573,
791,6335,,,-0.02513611502945423,,0.02513611502945423,
792,6343,,,-0.025112034752964973,,0.025112034752964973,
793,6349,,,,-0.026819705963134766,,0.026819705963134766
793,6351,,,-0.025093376636505127,,0.025093376636505127,
794,6359,,,-0.02514827251434326,,0.02514827251434326,
795,6367,,,-0.025146842002868652,,0.025146842002868652,
796,6375,,,-0.02514481544494629,,0.02514481544494629,
797,6383,,,-0.02511543035507202,,0.02511543035507202,
798,6391,,,-0.02515166997909546,,0.02515166997909546,
799,6399,,,,-0.023777484893798828,,0.023777484893798828
799,6399,,,-0.025153696537017822,,0.025153696537017822,
800,6407,,,-0.02513962984085083,,0.02513962984085083,
801,6415,,,-0.025145113468170166,,0.025145113468170166,
802,6423,,,-0.025145353749394417,,0.025145353749394417,
803,6431,,,-0.02514892816543579,,0.02514892816543579,
804,6439,,,-0.02514749951660633,,0.02514749951660633,
805,6447,,,-0.02514725923538208,,0.02514725923538208,
806,6449,,,,-0.02730417251586914,,0.02730417251586914
806,6455,,,-0.025146184489130974,,0.025146184489130974,
807,6463,,,-0.025150954723358154,,0.025150954723358154,
808,6471,,,-0.025131940841674805,,0.025131940841674805,
809,6479,,,-0.025151073932647705,,0.025151073932647705,
810,6487,,,-0.025138022378087044,,0.025138022378087044,
811,6495,,,-0.025134503841400146,,0.025134503841400146,
812,6499,,,,-0.024211406707763672,,0.024211406707763672
812,6503,,,-0.025143802165985107,,0.025143802165985107,
813,6511,,,-0.02514374442398548,,0.02514374442398548,
814,6519,,,-0.025156736373901367,,0.025156736373901367,
815,6527,,,-0.025135576725006104,,0.025135576725006104,
816,6535,,,-0.02513861656188965,,0.02513861656188965,
817,6543,,,-0.02512645721435547,,0.02512645721435547,
818,6549,,,,-0.030900955200195312,,0.030900955200195312
818,6551,,,-0.025130093097686768,,0.025130093097686768,
819,6559,,,-0.025157809257507324,,0.025157809257507324,
820,6567,,,-0.02514338307082653,,0.02514338307082653,
821,6575,,,-0.025154056027531624,,0.025154056027531624,
822,6583,,,-0.02514195628464222,,0.02514195628464222,
823,6591,,,-0.025149941444396973,,0.025149941444396973,
824,6599,,,,-0.021484851837158203,,0.021484851837158203
824,6599,,,-0.025154056027531624,,0.025154056027531624,
825,6607,,,-0.025151493027806282,,0.025151493027806282,
826,6615,,,-0.02514106035232544,,0.02514106035232544,
827,6623,,,-0.025152087211608887,,0.025152087211608887,
828,6631,,,-0.025147974491119385,,0.025147974491119385,
829,6639,,,-0.025138378143310547,,0.025138378143310547,
830,6647,,,-0.025120556354522705,,0.025120556354522705,
831,6649,,,,-0.025354385375976562,,0.025354385375976562
831,6655,,,-0.025138258934020996,,0.025138258934020996,
832,6663,,,-0.025151671841740608,,0.025151671841740608,
833,6671,,,-0.025151968002319336,,0.025151968002319336,
834,6679,,,-0.02513211965560913,,0.02513211965560913,
835,6687,,,-0.025151250883936882,,0.025151250883936882,
836,6695,,,-0.025134503841400146,,0.025134503841400146,
837,6699,,,,-0.027063369750976562,,0.027063369750976562
837,6703,,,-0.02516019344329834,,0.02516019344329834,
838,6711,,,-0.02514815330505371,,0.02514815330505371,
839,6719,,,-0.025150060653686523,,0.025150060653686523,
840,6727,,,-0.02515190653502941,,0.02515190653502941,
841,6735,,,-0.025157155469059944,,0.025157155469059944,
842,6743,,,-0.025163352489471436,,0.025163352489471436,
843,6749,,,,-0.02765369415283203,,0.02765369415283203
843,6751,,,-0.025145946070551872,,0.025145946070551872,
844,6759,,,-0.025138316676020622,,0.025138316676020622,
845,6767,,,-0.0251541119068861,,0.0251541119068861,
846,6775,,,-0.025150122120976448,,0.025150122120976448,
847,6783,,,-0.02515232190489769,,0.02515232190489769,
848,6791,,,-0.02515697479248047,,0.02515697479248047,
849,6799,,,,-0.01675558090209961,,0.01675558090209961
849,6799,,,-0.0251616258174181,,0.0251616258174181,
850,6807,,,-0.02515113539993763,,0.02515113539993763,
851,6815,,,-0.025145171210169792,,0.025145171210169792,
852,6823,,,-0.02513354830443859,,0.02513354830443859,
853,6831,,,-0.02516239881515503,,0.02516239881515503,
854,6839,,,-0.025149285793304443,,0.025149285793304443,
855,6847,,,-0.025143027305603027,,0.025143027305603027,
856,6849,,,,-0.030018329620361328,,0.030018329620361328
856,6855,,,-0.025135517120361328,,0.025135517120361328,
857,6863,,,-0.025158703327178955,,0.025158703327178955,
858,6871,,,-0.025146303698420525,,0.025146303698420525,
859,6879,,,-0.02516263723373413,,0.02516263723373413,
860,6887,,,-0.0251619815826416,,0.0251619815826416,
861,6895,,,-0.02516329288482666,,0.02516329288482666,
862,6899,,,,-0.025544166564941406,,0.025544166564941406
862,6903,,,-0.025144100189208984,,0.025144100189208984,
863,6911,,,-0.025109171867370605,,0.025109171867370605,
864,6919,,,-0.025172946974635124,,0.025172946974635124,
865,6927,,,-0.02513044886291027,,0.02513044886291027,
866,6935,,,-0.025156201794743538,,0.025156201794743538,
867,6943,,,-0.025160910561680794,,0.025160910561680794,
868,6949,,,,-0.026555538177490234,,0.026555538177490234
868,6951,,,-0.025171101093292236,,0.025171101093292236,
869,6959,,,-0.025144577026367188,,0.025144577026367188,
870,6967,,,-0.02516198344528675,,0.02516198344528675,
871,6975,,,-0.025159062817692757,,0.025159062817692757,
872,6983,,,-0.025165021419525146,,0.025165021419525146,
873,6991,,,-0.02516353130340576,,0.02516353130340576,
874,6999,,,,-0.014925003051757812,,0.014925003051757812
874,6999,,,-0.025105059146881104,,0.025105059146881104,
875,7007,,,-0.025150714442133904,,0.025150714442133904,
876,7015,,,-0.02516317367553711,,0.02516317367553711,
877,7023,,,-0.02515489049255848,,0.02515489049255848,
878,7031,,,-0.02516108937561512,,0.02516108937561512,
879,7039,,,-0.02515762858092785,,0.02515762858092785,
880,7047,,,-0.025170624256134033,,0.025170624256134033,
881,7049,,,,-0.02371692657470703,,0.02371692657470703
881,7055,,,-0.025158166885375977,,0.025158166885375977,
882,7063,,,-0.025154471397399902,,0.025154471397399902,
883,7071,,,-0.025154829025268555,,0.025154829025268555,
884,7079,,,-0.02517390064895153,,0.02517390064895153,
885,7087,,,-0.025163888931274414,,0.025163888931274414,
886,7095,,,-0.025115489959716797,,0.025115489959716797,
887,7099,,,,-0.028154373168945312,,0.028154373168945312
887,7103,,,-0.025170085951685905,,0.025170085951685905,
888,7111,,,-0.025164783000946045,,0.025164783000946045,
889,7119,,,-0.025150775909423828,,0.025150775909423828,
890,7127,,,-0.02516019344329834,,0.02516019344329834,
891,7135,,,-0.025148391723632812,,0.025148391723632812,
892,7143,,,-0.025174498558044434,,0.025174498558044434,
893,7149,,,,-0.028443336486816406,,0.028443336486816406
893,7151,,,-0.025151612237095833,,0.025151612237095833,
894,7159,,,-0.025159357115626335,,0.025159357115626335,
895,7167,,,-0.025145113468170166,,0.025145113468170166,
896,7175,,,-0.025156736373901367,,0.025156736373901367,
897,7183,,,-0.025165975093841553,,0.025165975093841553,
898,7191,,,-0.02515787072479725,,0.02515787072479725,
899,7199,,,,-0.02537822723388672,,0.02537822723388672
899,7199,,,-0.02516019344329834,,0.02516019344329834,
900,7207,,,-0.025175748392939568,,0.025175748392939568,
901,7215,,,-0.02516573667526245,,0.02516573667526245,
902,7223,,,-0.02516651339828968,,0.02516651339828968,
903,7231,,,-0.02516394667327404,,0.02516394667327404,
904,7239,,,-0.025160908699035645,,0.025160908699035645,
905,7247,,,-0.02517324686050415,,0.02517324686050415,
906,7249,,,,-0.022432327270507812,,0.022432327270507812
906,7255,,,-0.025163888931274414,,0.025163888931274414,
907,7263,,,-0.025149643421173096,,0.025149643421173096,
908,7271,,,-0.025152387097477913,,0.025152387097477913,
909,7279,,,-0.025162041187286377,,0.025162041187286377,
910,7287,,,-0.025159239768981934,,0.025159239768981934,
911,7295,,,-0.025171279907226562,,0.025171279907226562,
912,7299,,,,-0.021515846252441406,,0.021515846252441406
912,7303,,,-0.025137243792414665,,0.025137243792414665,
913,7311,,,-0.025152085348963737,,0.025152085348963737,
914,7319,,,-0.02517038583755493,,0.02517038583755493,
915,7327,,,-0.02516108751296997,,0.02516108751296997,
916,7335,,,-0.025176823139190674,,0.025176823139190674,
917,7343,,,-0.025167347863316536,,0.025167347863316536,
918,7349,,,,-0.02245187759399414,,0.02245187759399414
918,7351,,,-0.025160253047943115,,0.025160253047943115,
919,7359,,,-0.025164127349853516,,0.025164127349853516,
920,7367,,,-0.025171101093292236,,0.025171101093292236,
921,7375,,,-0.02516561560332775,,0.02516561560332775,
922,7383,,,-0.02517259307205677,,0.02517259307205677,
923,7391,,,-0.025161979719996452,,0.025161979719996452,
924,7399,,,,-0.032944679260253906,,0.032944679260253906
924,7399,,,-0.025166450068354607,,0.025166450068354607,
925,7407,,,-0.025158047676086426,,0.025158047676086426,
926,7415,,,-0.025171397253870964,,0.025171397253870964,
927,7423,,,-0.025165319442749023,,0.025165319442749023,
928,7431,,,-0.02513962984085083,,0.02513962984085083,
929,7439,,,-0.02517688274383545,,0.02517688274383545,
930,7447,,,-0.025171099230647087,,0.025171099230647087,
931,7449,,,,-0.027770042419433594,,0.027770042419433594
931,7455,,,-0.025156915187835693,,0.025156915187835693,
932,7463,,,-0.025143444538116455,,0.025143444538116455,
933,7471,,,-0.025160551071166992,,0.025160551071166992,
934,7479,,,-0.025168955326080322,,0.025168955326080322,
935,7487,,,-0.02516096830368042,,0.02516096830368042,
936,7495,,,-0.025170624256134033,,0.025170624256134033,
937,7499,,,,-0.02453327178955078,,0.02453327178955078
937,7503,,,-0.025170207023620605,,0.025170207023620605,
938,7511,,,-0.02516472153365612,,0.02516472153365612,
939,7519,,,-0.02517038770020008,,0.02517038770020008,
940,7527,,,-0.02516990900039673,,0.02516990900039673,
941,7535,,,-0.025169432163238525,,0.025169432163238525,
942,7543,,,-0.025167226791381836,,0.025167226791381836,
943,7549,,,,-0.023299217224121094,,0.023299217224121094
943,7551,,,-0.025127531960606575,,0.025127531960606575,
944,7559,,,-0.02515101619064808,,0.02515101619064808,
945,7567,,,-0.025173960253596306,,0.025173960253596306,
946,7575,,,-0.02517390064895153,,0.02517390064895153,
947,7583,,,-0.025143863633275032,,0.025143863633275032,
948,7591,,,-0.0251847505569458,,0.0251847505569458,
949,7599,,,,-0.020191669464111328,,0.020191669464111328
949,7599,,,-0.02515786699950695,,0.02515786699950695,
950,7607,,,-0.0251578688621521,,0.0251578688621521,
951,7615,,,-0.025133728981018066,,0.025133728981018066,
952,7623,,,-0.025148868560791016,,0.025148868560791016,
953,7631,,,-0.025162817910313606,,0.025162817910313606,
954,7639,,,-0.025170207023620605,,0.025170207023620605,
955,7647,,,-0.025152742862701416,,0.025152742862701416,
956,7649,,,,-0.02787494659423828,,0.02787494659423828
956,7655,,,-0.02516293339431286,,0.02516293339431286,
957,7663,,,-0.025177001953125,,0.025177001953125,
958,7671,,,-0.02515643835067749,,0.02515643835067749,
959,7679,,,-0.025172948837280273,,0.025172948837280273,
960,7687,,,-0.025171874091029167,,0.025171874091029167,
961,7695,,,-0.0251617431640625,,0.0251617431640625,
962,7699,,,,-0.021531105041503906,,0.021531105041503906
962,7703,,,-0.02517777681350708,,0.02517777681350708,
963,7711,,,-0.025149166584014893,,0.025149166584014893,
964,7719,,,-0.025177597999572754,,0.025177597999572754,
965,7727,,,-0.02517491765320301,,0.02517491765320301,
966,7735,,,-0.02511507272720337,,0.02511507272720337,
967,7743,,,-0.02514028549194336,,0.02514028549194336,
968,7749,,,,-0.021911144256591797,,0.021911144256591797
968,7751,,,-0.02517080307006836,,0.02517080307006836,
969,7759,,,-0.025166809558868408,,0.025166809558868408,
970,7767,,,-0.025162816047668457,,0.025162816047668457,
971,7775,,,-0.02516537718474865,,0.02516537718474865,
972,7783,,,-0.02517133764922619,,0.02517133764922619,
973,7791,,,-0.025168539956212044,,0.025168539956212044,
974,7799,,,,-0.02396678924560547,,0.02396678924560547
974,7799,,,-0.025181232020258904,,0.025181232020258904,
975,7807,,,-0.025174081325531006,,0.025174081325531006,
976,7815,,,-0.025137780234217644,,0.025137780234217644,
977,7823,,,-0.02513176202774048,,0.02513176202774048,
978,7831,,,-0.025128960609436035,,0.025128960609436035,
979,7839,,,-0.025175273418426514,,0.025175273418426514,
980,7847,,,-0.025142431259155273,,0.025142431259155273,
981,7849,,,,-0.02037525177001953,,0.02037525177001953
981,7855,,,-0.025179266929626465,,0.025179266929626465,
982,7863,,,-0.025166094303131104,,0.025166094303131104,
983,7871,,,-0.0251652579754591,,0.0251652579754591,
984,7879,,,-0.025174377486109734,,0.025174377486109734,
985,7887,,,-0.025180518627166748,,0.025180518627166748,
986,7895,,,-0.02515423484146595,,0.02515423484146595,
987,7899,,,,-0.025916576385498047,,0.025916576385498047
987,7903,,,-0.025168120861053467,,0.025168120861053467,
988,7911,,,-0.025165855884552002,,0.025165855884552002,
989,7919,,,-0.025185704231262207,,0.025185704231262207,
990,7927,,,-0.02517491579055786,,0.02517491579055786,
991,7935,,,-0.025178194046020508,,0.025178194046020508,
992,7943,,,-0.02515202760696411,,0.02515202760696411,
993,7949,,,,-0.025231361389160156,,0.025231361389160156
993,7951,,,-0.025179268792271614,,0.025179268792271614,
994,7959,,,-0.025178255513310432,,0.025178255513310432,
995,7967,,,-0.0251807551831007,,0.0251807551831007,
996,7975,,,-0.02517235092818737,,0.02517235092818737,
997,7983,,,-0.025174617767333984,,0.025174617767333984,
998,7991,,,-0.025162100791931152,,0.025162100791931152,
999,7999,,,,-0.02846813201904297,,0.02846813201904297
999,7999,,,-0.025177182629704475,,0.025177182629704475,
1000,8007,,,-0.025177717208862305,,0.025177717208862305,
1001,8015,,,-0.02516072988510132,,0.02516072988510132,
1002,8023,,,-0.02517843246459961,,0.02517843246459961,
1003,8031,,,-0.025180935859680176,,0.025180935859680176,
1004,8039,,,-0.0251848716288805,,0.0251848716288805,
1005,8047,,,-0.02516239695250988,,0.02516239695250988,
1006,8049,,,,-0.024916648864746094,,0.024916648864746094
1006,8055,,,-0.025184690952301025,,0.025184690952301025,
1007,8063,,,-0.025160489603877068,,0.025160489603877068,
1008,8071,,,-0.025156017392873764,,0.025156017392873764,
1009,8079,,,-0.0251773614436388,,0.0251773614436388,
1010,8087,,,-0.025169851258397102,,0.025169851258397102,
1011,8095,,,-0.025173244997859,,0.025173244997859,
1012,8099,,,,-0.025069236755371094,,0.025069236755371094
1012,8103,,,-0.025181353092193604,,0.025181353092193604,
1013,8111,,,-0.025180041790008545,,0.025180041790008545,
1014,8119,,,-0.025178372859954834,,0.025178372859954834,
1015,8127,,,-0.025183916091918945,,0.025183916091918945,
1016,8135,,,-0.0251805167645216,,0.0251805167645216,
1017,8143,,,-0.025171756744384766,,0.025171756744384766,
1018,8149,,,,-0.023485183715820312,,0.023485183715820312
1018,8151,,,-0.02517998218536377,,0.02517998218536377,
1019,8159,,,-0.02517157979309559,,0.02517157979309559,
1020,8167,,,-0.02518153004348278,,0.02518153004348278,
1021,8175,,,-0.025160133838653564,,0.025160133838653564,
1022,8183,,,-0.025187017396092415,,0.025187017396092415,
1023,8191,,,-0.025181828066706657,,0.025181828066706657,
1024,8199,,,,-0.025503158569335938,,0.025503158569335938
1024,8199,,,-0.025171343237161636,,0.025171343237161636,
1025,8207,,,-0.025165200233459473,,0.025165200233459473,
1026,8215,,,-0.02514725737273693,,0.02514725737273693,
1027,8223,,,-0.025155246257781982,,0.025155246257781982,
1028,8231,,,-0.02516472153365612,,0.02516472153365612,
1029,8239,,,-0.02517712116241455,,0.02517712116241455,
1030,8247,,,-0.025190889835357666,,0.025190889835357666,
1031,8249,,,,-0.02351999282836914,,0.02351999282836914
1031,8255,,,-0.02517753839492798,,0.02517753839492798,
1032,8263,,,-0.02516251616179943,,0.02516251616179943,
1033,8271,,,-0.025168895721435547,,0.025168895721435547,
1034,8279,,,-0.02519303373992443,,0.02519303373992443,
1035,8287,,,-0.025187790393829346,,0.025187790393829346,
1036,8295,,,-0.025177301838994026,,0.025177301838994026,
1037,8299,,,,-0.030490398406982422,,0.030490398406982422
1037,8303,,,-0.025187017396092415,,0.025187017396092415,
1038,8311,,,-0.025183437392115593,,0.025183437392115593,
1039,8319,,,-0.025177359580993652,,0.025177359580993652,
1040,8327,,,-0.02518683671951294,,0.02518683671951294,
1041,8335,,,-0.025190770626068115,,0.025190770626068115,
1042,8343,,,-0.025176821276545525,,0.025176821276545525,
1043,8349,,,,-0.02780628204345703,,0.02780628204345703
1043,8351,,,-0.025175275281071663,,0.025175275281071663,
1044,8359,,,-0.02518695592880249,,0.02518695592880249,
1045,8367,,,-0.025175927206873894,,0.025175927206873894,
1046,8375,,,-0.025182010605931282,,0.025182010605931282,
1047,8383,,,-0.025173962116241455,,0.025173962116241455,
1048,8391,,,-0.02518189139664173,,0.02518189139664173,
1049,8399,,,,-0.025884628295898438,,0.025884628295898438
1049,8399,,,-0.02519392780959606,,0.02519392780959606,
1050,8407,,,-0.02516883611679077,,0.02516883611679077,
1051,8415,,,-0.025179386138916016,,0.025179386138916016,
1052,8423,,,-0.025179564952850342,,0.025179564952850342,
1053,8431,,,-0.02518707513809204,,0.02518707513809204,
1054,8439,,,-0.025189993903040886,,0.025189993903040886,
1055,8447,,,-0.025181114673614502,,0.025181114673614502,
1056,8449,,,,-0.030263900756835938,,0.030263900756835938
1056,8455,,,-0.025150835514068604,,0.025150835514068604,
1057,8463,,,-0.025173185393214226,,0.025173185393214226,
1058,8471,,,-0.02516615390777588,,0.02516615390777588,
1059,8479,,,-0.02517533302307129,,0.02517533302307129,
1060,8487,,,-0.025182010605931282,,0.025182010605931282,
1061,8495,,,-0.025192560628056526,,0.025192560628056526,
1062,8499,,,,-0.02089071273803711,,0.02089071273803711
1062,8503,,,-0.025189099833369255,,0.025189099833369255,
1063,8511,,,-0.025181353092193604,,0.025181353092193604,
1064,8519,,,-0.025179745629429817,,0.025179745629429817,
1065,8527,,,-0.02518373727798462,,0.02518373727798462,
1066,8535,,,-0.02518230676651001,,0.02518230676651001,
1067,8543,,,-0.025194644927978516,,0.025194644927978516,
1068,8549,,,,-0.0234832763671875,,0.0234832763671875
1068,8551,,,-0.0251767635345459,,0.0251767635345459,
1069,8559,,,-0.0251652579754591,,0.0251652579754591,
1070,8567,,,-0.025191010907292366,,0.025191010907292366,
1071,8575,,,-0.025192737579345703,,0.025192737579345703,
1072,8583,,,-0.02518761157989502,,0.02518761157989502,
1073,8591,,,-0.025192439556121826,,0.025192439556121826,
1074,8599,,,,-0.024623870849609375,,0.024623870849609375
1074,8599,,,-0.025175631046295166,,0.025175631046295166,
1075,8607,,,-0.025184867903590202,,0.025184867903590202,
1076,8615,,,-0.02518630027770996,,0.02518630027770996,
1077,8623,,,-0.025198400020599365,,0.025198400020599365,
1078,8631,,,-0.025180160999298096,,0.025180160999298096,
1079,8639,,,-0.02519482560455799,,0.02519482560455799,
1080,8647,,,-0.02518010139465332,,0.02518010139465332,
1081,8649,,,,-0.02901744842529297,,0.02901744842529297
1081,8655,,,-0.025186240673065186,,0.025186240673065186,
1082,8663,,,-0.025194942951202393,,0.025194942951202393,
1083,8671,,,-0.025185881182551384,,0.025185881182551384,
1084,8679,,,-0.02517467737197876,,0.02517467737197876,
1085,8687,,,-0.025186002254486084,,0.025186002254486084,
1086,8695,,,-0.02517050690948963,,0.02517050690948963,
1087,8699,,,,-0.029214859008789062,,0.029214859008789062
1087,8703,,,-0.02519899420440197,,0.02519899420440197,
1088,8711,,,-0.025172950699925423,,0.025172950699925423,
1089,8719,,,-0.025171756744384766,,0.025171756744384766,
1090,8727,,,-0.025209246203303337,,0.025209246203303337,
1091,8735,,,-0.025191068649291992,,0.025191068649291992,
1092,8743,,,-0.02519524097442627,,0.02519524097442627,
1093,8749,,,,-0.023404598236083984,,0.023404598236083984
1093,8751,,,-0.025196611881256104,,0.025196611881256104,
1094,8759,,,-0.025189220905303955,,0.025189220905303955,
1095,8767,,,-0.025188148021697998,,0.025188148021697998,
1096,8775,,,-0.02518641948699951,,0.02518641948699951,
1097,8783,,,-0.025183020159602165,,0.025183020159602165,
1098,8791,,,-0.025172414258122444,,0.025172414258122444,
1099,8799,,,,-0.025954723358154297,,0.025954723358154297
1099,8799,,,-0.025138020515441895,,0.025138020515441895,
1100,8807,,,-0.02519768290221691,,0.02519768290221691,
1101,8815,,,-0.02519845962524414,,0.02519845962524414,
1102,8823,,,-0.025194168090820312,,0.025194168090820312,
1103,8831,,,-0.0251924991607666,,0.0251924991607666,
1104,8839,,,-0.02519237995147705,,0.02519237995147705,
1105,8847,,,-0.02516549825668335,,0.02516549825668335,
1106,8849,,,,-0.01032114028930664,,0.01032114028930664
1106,8855,,,-0.02516627125442028,,0.02516627125442028,
1107,8863,,,-0.025201261043548584,,0.025201261043548584,
1108,8871,,,-0.025187792256474495,,0.025187792256474495,
1109,8879,,,-0.02519237995147705,,0.02519237995147705,
1110,8887,,,-0.0251924991607666,,0.0251924991607666,
1111,8895,,,-0.0251885075122118,,0.0251885075122118,
1112,8899,,,,-0.020733356475830078,,0.020733356475830078
1112,8903,,,-0.025189219042658806,,0.025189219042658806,
1113,8911,,,-0.025184692814946175,,0.025184692814946175,
1114,8919,,,-0.025164244696497917,,0.025164244696497917,
1115,8927,,,-0.025199176743626595,,0.025199176743626595,
1116,8935,,,-0.025191305205225945,,0.025191305205225945,
1117,8943,,,-0.02519911527633667,,0.02519911527633667,
1118,8949,,,,-0.03304004669189453,,0.03304004669189453
1118,8951,,,-0.025184391066432,,0.025184391066432,
1119,8959,,,-0.025182723999023438,,0.025182723999023438,
1120,8967,,,-0.02518385834991932,,0.02518385834991932,
1121,8975,,,-0.025174975395202637,,0.025174975395202637,
1122,8983,,,-0.025197863578796387,,0.025197863578796387,
1123,8991,,,-0.02520209737122059,,0.02520209737122059,
1124,8999,,,,-0.01602315902709961,,0.01602315902709961
1124,8999,,,-0.025162337347865105,,0.025162337347865105,
1125,9007,,,-0.025161802768707275,,0.025161802768707275,
1126,9015,,,-0.025151491165161133,,0.025151491165161133,
1127,9023,,,-0.025201916694641113,,0.025201916694641113,
1128,9031,,,-0.02519380860030651,,0.02519380860030651,
1129,9039,,,-0.025187013670802116,,0.025187013670802116,
1130,9047,,,-0.025191185995936394,,0.025191185995936394,
1131,9049,,,,-0.025956153869628906,,0.025956153869628906
1131,9055,,,-0.025180812925100327,,0.025180812925100327,
1132,9063,,,-0.02517610788345337,,0.02517610788345337,
1133,9071,,,-0.025199590250849724,,0.025199590250849724,
1134,9079,,,-0.025196611881256104,,0.025196611881256104,
1135,9087,,,-0.025196848437190056,,0.025196848437190056,
1136,9095,,,-0.02517557144165039,,0.02517557144165039,
1137,9099,,,,-0.019734859466552734,,0.019734859466552734
1137,9103,,,-0.02519834227859974,,0.02519834227859974,
1138,9111,,,-0.025203227996826172,,0.025203227996826172,
1139,9119,,,-0.025191666558384895,,0.025191666558384895,
1140,9127,,,-0.02519702911376953,,0.02519702911376953,
1141,9135,,,-0.02518773265182972,,0.02518773265182972,
1142,9143,,,-0.02518242411315441,,0.02518242411315441,
1143,9149,,,,-0.020895004272460938,,0.020895004272460938
1143,9151,,,-0.02517235465347767,,0.02517235465347767,
1144,9159,,,-0.02520233578979969,,0.02520233578979969,
1145,9167,,,-0.025183141231536865,,0.025183141231536865,
1146,9175,,,-0.025203585624694824,,0.025203585624694824,
1147,9183,,,-0.02519678883254528,,0.02519678883254528,
1148,9191,,,-0.025200247764587402,,0.025200247764587402,
1149,9199,,,,-0.024750709533691406,,0.024750709533691406
1149,9199,,,-0.025195538997650146,,0.025195538997650146,
1150,9207,,,-0.025183141231536865,,0.025183141231536865,
1151,9215,,,-0.025190414860844612,,0.025190414860844612,
1152,9223,,,-0.02519458532333374,,0.02519458532333374,
1153,9231,,,-0.025207102298736572,,0.025207102298736572,
1154,9239,,,-0.025193868204951286,,0.025193868204951286,
1155,9247,,,-0.025204122066497803,,0.025204122066497803,
1156,9249,,,,-0.02646160125732422,,0.02646160125732422
1156,9255,,,-0.02517944574356079,,0.02517944574356079,
1157,9263,,,-0.02520519495010376,,0.02520519495010376,
1158,9271,,,-0.025199532508850098,,0.025199532508850098,
1159,9279,,,-0.025203824043273926,,0.025203824043273926,
1160,9287,,,-0.02518671751022339,,0.02518671751022339,
1161,9295,,,-0.025192558765411377,,0.025192558765411377,
1162,9299,,,,-0.023088455200195312,,0.023088455200195312
1162,9303,,,-0.0251733660697937,,0.0251733660697937,
1163,9311,,,-0.02519690804183483,,0.02519690804183483,
1164,9319,,,-0.025194287300109863,,0.025194287300109863,
1165,9327,,,-0.025202514603734016,,0.025202514603734016,
1166,9335,,,-0.02520054578781128,,0.02520054578781128,
1167,9343,,,-0.025184154510498047,,0.025184154510498047,
1168,9349,,,,-0.026520252227783203,,0.026520252227783203
1168,9351,,,-0.02517843246459961,,0.02517843246459961,
1169,9359,,,-0.025189995765686035,,0.025189995765686035,
1170,9367,,,-0.025197088718414307,,0.025197088718414307,
1171,9375,,,-0.02519237995147705,,0.02519237995147705,
1172,9383,,,-0.025202514603734016,,0.025202514603734016,
1173,9391,,,-0.025185050442814827,,0.025185050442814827,
1174,9399,,,,-0.027489662170410156,,0.027489662170410156
1174,9399,,,-0.025210440158843994,,0.025210440158843994,
1175,9407,,,-0.02520441822707653,,0.02520441822707653,
1176,9415,,,-0.02518284320831299,,0.02518284320831299,
1177,9423,,,-0.025189518928527832,,0.025189518928527832,
1178,9431,,,-0.025205252692103386,,0.025205252692103386,
1179,9439,,,-0.02519589476287365,,0.02519589476287365,
1180,9447,,,-0.025187132880091667,,0.025187132880091667,
1181,9449,,,,-0.027929306030273438,,0.027929306030273438
1181,9455,,,-0.02519690804183483,,0.02519690804183483,
1182,9463,,,-0.02520066313445568,,0.02520066313445568,
1183,9471,,,-0.02519911341369152,,0.02519911341369152,
1184,9479,,,-0.025196492671966553,,0.025196492671966553,
1185,9487,,,-0.025184331461787224,,0.025184331461787224,
1186,9495,,,-0.025204122066497803,,0.025204122066497803,
1187,9499,,,,-0.03367805480957031,,0.03367805480957031
1187,9503,,,-0.025200307369232178,,0.025200307369232178,
1188,9511,,,-0.02520751953125,,0.02520751953125,
1189,9519,,,-0.025204777717590332,,0.025204777717590332,
1190,9527,,,-0.025185225531458855,,0.025185225531458855,
1191,9535,,,-0.025200484320521355,,0.025200484320521355,
1192,9543,,,-0.025187253952026367,,0.025187253952026367,
1193,9549,,,,-0.023211956024169922,,0.023211956024169922
1193,9551,,,-0.02519911527633667,,0.02519911527633667,
1194,9559,,,-0.025198576971888542,,0.025198576971888542,
1195,9567,,,-0.02520650625228882,,0.02520650625228882,
1196,9575,,,-0.025194227695465088,,0.025194227695465088,
1197,9583,,,-0.025185763835906982,,0.025185763835906982,
1198,9591,,,-0.02520311065018177,,0.02520311065018177,
1199,9599,,,,-0.02906036376953125,,0.02906036376953125
1199,9599,,,-0.025202510878443718,,0.025202510878443718,
1200,9607,,,-0.025210082530975342,,0.025210082530975342,
1201,9615,,,-0.025190234184265137,,0.025190234184265137,
1202,9623,,,-0.02520895004272461,,0.02520895004272461,
1203,9631,,,-0.025212647393345833,,0.025212647393345833,
1204,9639,,,-0.025182902812957764,,0.025182902812957764,
1205,9647,,,-0.02519744634628296,,0.02519744634628296,
1206,9649,,,,-0.024346351623535156,,0.024346351623535156
1206,9655,,,-0.025204360485076904,,0.025204360485076904,
1207,9663,,,-0.02520120143890381,,0.02520120143890381,
1208,9671,,,-0.025201737880706787,,0.025201737880706787,
1209,9679,,,-0.025204777717590332,,0.025204777717590332,
1210,9687,,,-0.025195956230163574,,0.025195956230163574,
1211,9695,,,-0.025193393230438232,,0.025193393230438232,
1212,9699,,,,-0.017006874084472656,,0.017006874084472656
1212,9703,,,-0.02518850564956665,,0.02518850564956665,
1213,9711,,,-0.025176940485835075,,0.025176940485835075,
1214,9719,,,-0.025202155113220215,,0.025202155113220215,
1215,9727,,,-0.02520221471786499,,0.02520221471786499,
1216,9735,,,-0.025188086554408073,,0.025188086554408073,
1217,9743,,,-0.02520155906677246,,0.02520155906677246,
1218,9749,,,,-0.022808551788330078,,0.022808551788330078
1218,9751,,,-0.025204064324498177,,0.025204064324498177,
1219,9759,,,-0.02519935369491577,,0.02519935369491577,
1220,9767,,,-0.02520209737122059,,0.02520209737122059,
1221,9775,,,-0.025207936763763428,,0.025207936763763428,
1222,9783,,,-0.025205792859196663,,0.025205792859196663,
1223,9791,,,-0.02519768290221691,,0.02519768290221691,
1224,9799,,,,-0.02268075942993164,,0.02268075942993164
1224,9799,,,-0.02518618106842041,,0.02518618106842041,
1225,9807,,,-0.025206446647644043,,0.025206446647644043,
1226,9815,,,-0.0251961350440979,,0.0251961350440979,
1227,9823,,,-0.025204123929142952,,0.025204123929142952,
1228,9831,,,-0.02519381046295166,,0.02519381046295166,
1229,9839,,,-0.025220157578587532,,0.025220157578587532,
1230,9847,,,-0.025199055671691895,,0.025199055671691895,
1231,9849,,,,-0.022530078887939453,,0.022530078887939453
1231,9855,,,-0.025204062461853027,,0.025204062461853027,
1232,9863,,,-0.025200070813298225,,0.025200070813298225,
1233,9871,,,-0.02520299144089222,,0.02520299144089222,
1234,9879,,,-0.025218963623046875,,0.025218963623046875,
1235,9887,,,-0.025208832696080208,,0.025208832696080208,
1236,9895,,,-0.025208771228790283,,0.025208771228790283,
1237,9899,,,,-0.031868934631347656,,0.031868934631347656
1237,9903,,,-0.025206804275512695,,0.025206804275512695,
1238,9911,,,-0.025203168392181396,,0.025203168392181396,
1239,9919,,,-0.025216462090611458,,0.025216462090611458,
1240,9927,,,-0.025204598903656006,,0.025204598903656006,
1241,9935,,,-0.025213539600372314,,0.025213539600372314,
1242,9943,,,-0.025213122367858887,,0.025213122367858887,
1243,9949,,,,-0.03451347351074219,,0.03451347351074219
1243,9951,,,-0.02519977279007435,,0.02519977279007435,
1244,9959,,,-0.025213241577148438,,0.025213241577148438,
1245,9967,,,-0.02518838457763195,,0.02518838457763195,
1246,9975,,,-0.025188684463500977,,0.025188684463500977,
1247,9983,,,-0.025217175483703613,,0.025217175483703613,
1248,9991,,,-0.025213778018951416,,0.025213778018951416,
1249,9999,,,,-0.020425796508789062,,0.020425796508789062
1249,9999,,,-0.025194285437464714,,0.025194285437464714,
1250,10007,,,-0.02521216683089733,,0.02521216683089733,
1251,10015,,,-0.025197861716151237,,0.025197861716151237,
1252,10023,,,-0.02521270513534546,,0.02521270513534546,
1253,10031,,,-0.025211276486516,,0.025211276486516,
1254,10039,,,-0.02520441822707653,,0.02520441822707653,
1255,10047,,,-0.025205669924616814,,0.025205669924616814,
1256,10049,,,,-0.02208995819091797,,0.02208995819091797
1256,10055,,,-0.025210440158843994,,0.025210440158843994,
1257,10063,,,-0.025203170254826546,,0.025203170254826546,
1258,10071,,,-0.025208832696080208,,0.025208832696080208,
1259,10079,,,-0.02520793490111828,,0.02520793490111828,
1260,10087,,,-0.025188028812408447,,0.025188028812408447,
1261,10095,,,-0.025196731090545654,,0.025196731090545654,
1262,10099,,,,-0.022809982299804688,,0.022809982299804688
1262,10103,,,-0.025210857391357422,,0.025210857391357422,
1263,10111,,,-0.025214552879333496,,0.025214552879333496,
1264,10119,,,-0.02521025948226452,,0.02521025948226452,
1265,10127,,,-0.025218963623046875,,0.025218963623046875,
1266,10135,,,-0.025213241577148438,,0.025213241577148438,
1267,10143,,,-0.025214016437530518,,0.025214016437530518,
1268,10149,,,,-0.0245819091796875,,0.0245819091796875
1268,10151,,,-0.02521151304244995,,0.02521151304244995,
1269,10159,,,-0.025206567719578743,,0.025206567719578743,
1270,10167,,,-0.025213897228240967,,0.025213897228240967,
1271,10175,,,-0.025190232321619987,,0.025190232321619987,
1272,10183,,,-0.025214672088623047,,0.025214672088623047,
1273,10191,,,-0.02520751953125,,0.02520751953125,
1274,10199,,,,-0.0234375,,0.0234375
1274,10199,,,-0.025204360485076904,,0.025204360485076904,
1275,10207,,,-0.025211095809936523,,0.025211095809936523,
1276,10215,,,-0.025188086554408073,,0.025188086554408073,
1277,10223,,,-0.02521359920501709,,0.02521359920501709,
1278,10231,,,-0.02520311065018177,,0.02520311065018177,
1279,10239,,,-0.02521449141204357,,0.02521449141204357,
1280,10247,,,-0.025218546390533447,,0.025218546390533447,
1281,10249,,,,-0.021162033081054688,,0.021162033081054688
1281,10255,,,-0.025210080668330193,,0.025210080668330193,
1282,10263,,,-0.025206448510289192,,0.025206448510289192,
1283,10271,,,-0.02519446797668934,,0.02519446797668934,
1284,10279,,,-0.02521371841430664,,0.02521371841430664,
1285,10287,,,-0.025215981528162956,,0.025215981528162956,
1286,10295,,,-0.02520740032196045,,0.02520740032196045,
1287,10299,,,,-0.022602081298828125,,0.022602081298828125
1287,10303,,,-0.02518278732895851,,0.02518278732895851,
1288,10311,,,-0.025221645832061768,,0.025221645832061768,
1289,10319,,,-0.025209128856658936,,0.025209128856658936,
1290,10327,,,-0.025206267833709717,,0.025206267833709717,
1291,10335,,,-0.025211989879608154,,0.025211989879608154,
1292,10343,,,-0.025209667161107063,,0.025209667161107063,
1293,10349,,,,-0.018902301788330078,,0.018902301788330078
1293,10351,,,-0.025213422253727913,,0.025213422253727913,
1294,10359,,,-0.02521955780684948,,0.02521955780684948,
1295,10367,,,-0.02521866373717785,,0.02521866373717785,
1296,10375,,,-0.025212883949279785,,0.025212883949279785,
1297,10383,,,-0.025198042392730713,,0.025198042392730713,
1298,10391,,,-0.025215625762939453,,0.025215625762939453,
1299,10399,,,,-0.023048877716064453,,0.023048877716064453
1299,10399,,,-0.025209305807948112,,0.025209305807948112,
1300,10407,,,-0.02521747350692749,,0.02521747350692749,
1301,10415,,,-0.02521038055419922,,0.02521038055419922,
1302,10423,,,-0.025209365412592888,,0.025209365412592888,
1303,10431,,,-0.025214433670043945,,0.025214433670043945,
1304,10439,,,-0.025211751461029053,,0.025211751461029053,
1305,10447,,,-0.02521836943924427,,0.02521836943924427,
1306,10449,,,,-0.027762413024902344,,0.027762413024902344
1306,10455,,,-0.02521062083542347,,0.02521062083542347,
1307,10463,,,-0.025183439254760742,,0.025183439254760742,
1308,10471,,,-0.025208355858922005,,0.025208355858922005,
1309,10479,,,-0.025204719975590706,,0.025204719975590706,
1310,10487,,,-0.025186896324157715,,0.025186896324157715,
1311,10495,,,-0.025224030017852783,,0.025224030017852783,
1312,10499,,,,-0.024862289428710938,,0.024862289428710938
1312,10503,,,-0.02519834227859974,,0.02519834227859974,
1313,10511,,,-0.02522265911102295,,0.02522265911102295,
1314,10519,,,-0.025204062461853027,,0.025204062461853027,
1315,10527,,,-0.02520519495010376,,0.02520519495010376,
1316,10535,,,-0.02520608901977539,,0.02520608901977539,
1317,10543,,,-0.025222597643733025,,0.025222597643733025,
1318,10549,,,,-0.02734851837158203,,0.02734851837158203
1318,10551,,,-0.025203345343470573,,0.025203345343470573,
1319,10559,,,-0.02521735429763794,,0.02521735429763794,
1320,10567,,,-0.025214431807398796,,0.025214431807398796,
1321,10575,,,-0.025199173018336296,,0.025199173018336296,
1322,10583,,,-0.025222482159733772,,0.025222482159733772,
1323,10591,,,-0.025213362649083138,,0.025213362649083138,
1324,10599,,,,-0.024435043334960938,,0.024435043334960938
1324,10599,,,-0.025213299319148064,,0.025213299319148064,
1325,10607,,,-0.025206148624420166,,0.025206148624420166,
1326,10615,,,-0.02520895004272461,,0.02520895004272461,
1327,10623,,,-0.025214731693267822,,0.025214731693267822,
1328,10631,,,-0.0252151507884264,,0.0252151507884264,
1329,10639,,,-0.025217415764927864,,0.025217415764927864,
1330,10647,,,-0.02521902322769165,,0.02521902322769165,
1331,10649,,,,-0.020873069763183594,,0.020873069763183594
1331,10655,,,-0.025217296555638313,,0.025217296555638313,
1332,10663,,,-0.025216994807124138,,0.025216994807124138,
1333,10671,,,-0.02521461248397827,,0.02521461248397827,
1334,10679,,,-0.025211451575160027,,0.025211451575160027,
1335,10687,,,-0.025191903114318848,,0.025191903114318848,
1336,10695,,,-0.025224685668945312,,0.025224685668945312,
1337,10699,,,,-0.02062511444091797,,0.02062511444091797
1337,10703,,,-0.025204477831721306,,0.025204477831721306,
1338,10711,,,-0.02520930767059326,,0.02520930767059326,
1339,10719,,,-0.025226416066288948,,0.025226416066288948,
1340,10727,,,-0.02522212080657482,,0.02522212080657482,
1341,10735,,,-0.02519214153289795,,0.02519214153289795,
1342,10743,,,-0.025208113715052605,,0.025208113715052605,
1343,10749,,,,-0.018741607666015625,,0.018741607666015625
1343,10751,,,-0.02520519495010376,,0.02520519495010376,
1344,10759,,,-0.0252077579498291,,0.0252077579498291,
1345,10767,,,-0.025205550715327263,,0.025205550715327263,
1346,10775,,,-0.02522123046219349,,0.02522123046219349,
1347,10783,,,-0.02520596981048584,,0.02520596981048584,
1348,10791,,,-0.025214908644557,,0.025214908644557,
1349,10799,,,,-0.021231651306152344,,0.021231651306152344
1349,10799,,,-0.02520120143890381,,0.02520120143890381,
1350,10807,,,-0.02521449327468872,,0.02521449327468872,
1351,10815,,,-0.025221465155482292,,0.025221465155482292,
1352,10823,,,-0.02521074004471302,,0.02521074004471302,
1353,10831,,,-0.02521836943924427,,0.02521836943924427,
1354,10839,,,-0.025220215320587158,,0.025220215320587158,
1355,10847,,,-0.025218188762664795,,0.025218188762664795,
1356,10849,,,,-0.03103923797607422,,0.03103923797607422
1356,10855,,,-0.02521336078643799,,0.02521336078643799,
1357,10863,,,-0.025211036205291748,,0.025211036205291748,
1358,10871,,,-0.02521514892578125,,0.02521514892578125,
1359,10879,,,-0.025222180411219597,,0.025222180411219597,
1360,10887,,,-0.02521216869354248,,0.02521216869354248,
1361,10895,,,-0.025213241577148438,,0.025213241577148438,
1362,10899,,,,-0.019540786743164062,,0.019540786743164062
1362,10903,,,-0.02520740032196045,,0.02520740032196045,
1363,10911,,,-0.0252265352755785,,0.0252265352755785,
1364,10919,,,-0.025209369137883186,,0.025209369137883186,
1365,10927,,,-0.025234339758753777,,0.025234339758753777,
1366,10935,,,-0.02521759271621704,,0.02521759271621704,
1367,10943,,,-0.02521646022796631,,0.02521646022796631,
1368,10949,,,,-0.026119232177734375,,0.026119232177734375
1368,10951,,,-0.025214672088623047,,0.025214672088623047,
1369,10959,,,-0.02521646022796631,,0.02521646022796631,
1370,10967,,,-0.02520829252898693,,0.02520829252898693,
1371,10975,,,-0.025222063064575195,,0.025222063064575195,
1372,10983,,,-0.025218427181243896,,0.025218427181243896,
1373,10991,,,-0.025210736319422722,,0.025210736319422722,
1374,10999,,,,-0.027840137481689453,,0.027840137481689453
1374,10999,,,-0.02522396855056286,,0.02522396855056286,
1375,11007,,,-0.025203706696629524,,0.025203706696629524,
1376,11015,,,-0.025224091485142708,,0.025224091485142708,
1377,11023,,,-0.025213541463017464,,0.025213541463017464,
1378,11031,,,-0.02521049976348877,,0.02521049976348877,
1379,11039,,,-0.025224866345524788,,0.025224866345524788,
1380,11047,,,-0.025203227996826172,,0.025203227996826172,
1381,11049,,,,-0.016875743865966797,,0.016875743865966797
1381,11055,,,-0.02522927336394787,,0.02522927336394787,
1382,11063,,,-0.02521914429962635,,0.02521914429962635,
1383,11071,,,-0.02521604485809803,,0.02521604485809803,
1384,11079,,,-0.0252264142036438,,0.0252264142036438,
1385,11087,,,-0.025204600766301155,,0.025204600766301155,
1386,11095,,,-0.02522057294845581,,0.02522057294845581,
1387,11099,,,,-0.025491714477539062,,0.025491714477539062
1387,11103,,,-0.025227725505828857,,0.025227725505828857,
1388,11111,,,-0.025205254554748535,,0.025205254554748535,
1389,11119,,,-0.025223733857274055,,0.025223733857274055,
1390,11127,,,-0.02521503157913685,,0.02521503157913685,
1391,11135,,,-0.025213241577148438,,0.025213241577148438,
1392,11143,,,-0.02521681785583496,,0.02521681785583496,
1393,11149,,,,-0.028354644775390625,,0.028354644775390625
1393,11151,,,-0.025219380855560303,,0.025219380855560303,
1394,11159,,,-0.02521383762359619,,0.02521383762359619,
1395,11167,,,-0.025203168392181396,,0.025203168392181396,
1396,11175,,,-0.02522110939025879,,0.02522110939025879,
1397,11183,,,-0.025213060900568962,,0.025213060900568962,
1398,11191,,,-0.025224803015589714,,0.025224803015589714,
1399,11199,,,,-0.02573108673095703,,0.02573108673095703
1399,11199,,,-0.02521336078643799,,0.02521336078643799,
1400,11207,,,-0.02522331476211548,,0.02522331476211548,
1401,11215,,,-0.025209009647369385,,0.025209009647369385,
1402,11223,,,-0.025216756388545036,,0.025216756388545036,
1403,11231,,,-0.02521413564682007,,0.02521413564682007,
1404,11239,,,-0.025227846577763557,,0.025227846577763557,
1405,11247,,,-0.025221528485417366,,0.025221528485417366,
1406,11249,,,,-0.015209674835205078,,0.015209674835205078
1406,11255,,,-0.025149941444396973,,0.025149941444396973,
1407,11263,,,-0.025249183177947998,,0.025249183177947998,
1408,11271,,,-0.025225460529327393,,0.025225460529327393,
1409,11279,,,-0.025203824043273926,,0.025203824043273926,
1410,11287,,,-0.025227606296539307,,0.025227606296539307,
1411,11295,,,-0.025219140574336052,,0.025219140574336052,
1412,11299,,,,-0.022610187530517578,,0.022610187530517578
1412,11303,,,-0.025222063064575195,,0.025222063064575195,
1413,11311,,,-0.025229990482330322,,0.025229990482330322,
1414,11319,,,-0.025217173621058464,,0.025217173621058464,
1415,11327,,,-0.025232015177607536,,0.025232015177607536,
1416,11335,,,-0.02520918846130371,,0.02520918846130371,
1417,11343,,,-0.02521825022995472,,0.02521825022995472,
1418,11349,,,,-0.023862838745117188,,0.023862838745117188
1418,11351,,,-0.025220992043614388,,0.025220992043614388,
1419,11359,,,-0.02524125762283802,,0.02524125762283802,
1420,11367,,,-0.025224745273590088,,0.025224745273590088,
1421,11375,,,-0.025214968249201775,,0.025214968249201775,
1422,11383,,,-0.0252302885055542,,0.0252302885055542,
1423,11391,,,-0.025226831436157227,,0.025226831436157227,
1424,11399,,,,-0.027873516082763672,,0.027873516082763672
1424,11399,,,-0.025219738483428955,,0.025219738483428955,
1425,11407,,,-0.025219380855560303,,0.025219380855560303,
1426,11415,,,-0.02522999234497547,,0.02522999234497547,
1427,11423,,,-0.025222361087799072,,0.025222361087799072,
1428,11431,,,-0.025216519832611084,,0.025216519832611084,
1429,11439,,,-0.025212885811924934,,0.025212885811924934,
1430,11447,,,-0.025232791900634766,,0.025232791900634766,
1431,11449,,,,-0.030392169952392578,,0.030392169952392578
1431,11455,,,-0.025223972275853157,,0.025223972275853157,
1432,11463,,,-0.025204239413142204,,0.025204239413142204,
1433,11471,,,-0.025197388604283333,,0.025197388604283333,
1434,11479,,,-0.0252115149050951,,0.0252115149050951,
1435,11487,,,-0.025227487087249756,,0.025227487087249756,
1436,11495,,,-0.025228681042790413,,0.025228681042790413,
1437,11499,,,,-0.021988868713378906,,0.021988868713378906
1437,11503,,,-0.025221465155482292,,0.025221465155482292,
1438,11511,,,-0.02522355131804943,,0.02522355131804943,
1439,11519,,,-0.025225939229130745,,0.025225939229130745,
1440,11527,,,-0.02518904209136963,,0.02518904209136963,
1441,11535,,,-0.0252227783203125,,0.0252227783203125,
1442,11543,,,-0.02521478943526745,,0.02521478943526745,
1443,11549,,,,-0.024379730224609375,,0.024379730224609375
1443,11551,,,-0.025229215621948242,,0.025229215621948242,
1444,11559,,,-0.025232315063476562,,0.025232315063476562,
1445,11567,,,-0.02522146888077259,,0.02522146888077259,
1446,11575,,,-0.025214076042175293,,0.025214076042175293,
1447,11583,,,-0.025230586528778076,,0.025230586528778076,
1448,11591,,,-0.02522110939025879,,0.02522110939025879,
1449,11599,,,,-0.027115821838378906,,0.027115821838378906
1449,11599,,,-0.025220096111297607,,0.025220096111297607,
1450,11607,,,-0.025229213759303093,,0.025229213759303093,
1451,11615,,,-0.025222301483154297,,0.025222301483154297,
1452,11623,,,-0.025212528184056282,,0.025212528184056282,
1453,11631,,,-0.025211870670318604,,0.025211870670318604,
1454,11639,,,-0.0252382755279541,,0.0252382755279541,
1455,11647,,,-0.025218188762664795,,0.025218188762664795,
1456,11649,,,,-0.028239727020263672,,0.028239727020263672
1456,11655,,,-0.025219323113560677,,0.025219323113560677,
1457,11663,,,-0.02521711401641369,,0.02521711401641369,
1458,11671,,,-0.02522176504135132,,0.02522176504135132,
1459,11679,,,-0.0252420324832201,,0.0252420324832201,
1460,11687,,,-0.025230824947357178,,0.025230824947357178,
1461,11695,,,-0.02523142099380493,,0.02523142099380493,
1462,11699,,,,-0.021468162536621094,,0.021468162536621094
1462,11703,,,-0.025220511481165886,,0.025220511481165886,
1463,11711,,,-0.02520584873855114,,0.02520584873855114,
1464,11719,,,-0.025239288806915283,,0.025239288806915283,
1465,11727,,,-0.02522367238998413,,0.02522367238998413,
1466,11735,,,-0.02522951550781727,,0.02522951550781727,
1467,11743,,,-0.02522754669189453,,0.02522754669189453,
1468,11749,,,,-0.02583026885986328,,0.02583026885986328
1468,11751,,,-0.025225279852747917,,0.025225279852747917,
1469,11759,,,-0.02522832341492176,,0.02522832341492176,
1470,11767,,,-0.02522355318069458,,0.02522355318069458,
1471,11775,,,-0.025223195552825928,,0.025223195552825928,
1472,11783,,,-0.025215446949005127,,0.025215446949005127,
1473,11791,,,-0.025206148624420166,,0.025206148624420166,
1474,11799,,,,-0.018798351287841797,,0.018798351287841797
1474,11799,,,-0.02523637004196644,,0.02523637004196644,
1475,11807,,,-0.025238096714019775,,0.025238096714019775,
1476,11815,,,-0.025223851203918457,,0.025223851203918457,
1477,11823,,,-0.025234639644622803,,0.025234639644622803,
1478,11831,,,-0.02522057294845581,,0.02522057294845581,
1479,11839,,,-0.025223195552825928,,0.025223195552825928,
1480,11847,,,-0.02522754669189453,,0.02522754669189453,
1481,11849,,,,-0.030078411102294922,,0.030078411102294922
1481,11855,,,-0.025229275226593018,,0.025229275226593018,
1482,11863,,,-0.025221943855285645,,0.025221943855285645,
1483,11871,,,-0.025213778018951416,,0.025213778018951416,
1484,11879,,,-0.025233149528503418,,0.025233149528503418,
1485,11887,,,-0.02523106336593628,,0.02523106336593628,
1486,11895,,,-0.025228915736079216,,0.025228915736079216,
1487,11899,,,,-0.026422500610351562,,0.026422500610351562
1487,11903,,,-0.025226416066288948,,0.025226416066288948,
1488,11911,,,-0.025233566761016846,,0.025233566761016846,
1489,11919,,,-0.02520620822906494,,0.02520620822906494,
1490,11927,,,-0.025217769667506218,,0.025217769667506218,
1491,11935,,,-0.025212645530700684,,0.025212645530700684,
1492,11943,,,-0.02523362822830677,,0.02523362822830677,
1493,11949,,,,-0.028018951416015625,,0.028018951416015625
1493,11951,,,-0.0252376776188612,,0.0252376776188612,
1494,11959,,,-0.02520233392715454,,0.02520233392715454,
1495,11967,,,-0.025240063667297363,,0.025240063667297363,
1496,11975,,,-0.02522200345993042,,0.02522200345993042,
1497,11983,,,-0.0252040047198534,,0.0252040047198534,
1498,11991,,,-0.025200366973876953,,0.025200366973876953,
1499,11999,,,,-0.025273799896240234,,0.025273799896240234
1499,11999,,,-0.025195777416229248,,0.025195777416229248,
1500,12007,,,-0.025218484923243523,,0.025218484923243523,
1501,12015,,,-0.0252262931317091,,0.0252262931317091,
1502,12023,,,-0.025213122367858887,,0.025213122367858887,
1503,12031,,,-0.025221943855285645,,0.025221943855285645,
1504,12039,,,-0.025221526622772217,,0.025221526622772217,
1505,12047,,,-0.02521461248397827,,0.02521461248397827,
1506,12049,,,,-0.029134750366210938,,0.029134750366210938
1506,12055,,,-0.025226235389709473,,0.025226235389709473,
1507,12063,,,-0.025230705738067627,,0.025230705738067627,
1508,12071,,,-0.025221288204193115,,0.025221288204193115,
1509,12079,,,-0.025227725505828857,,0.025227725505828857,
1510,12087,,,-0.02522963285446167,,0.02522963285446167,
1511,12095,,,-0.025223908945918083,,0.025223908945918083,
1512,12099,,,,-0.023138999938964844,,0.023138999938964844
1512,12103,,,-0.025240600109100342,,0.025240600109100342,
1513,12111,,,-0.025228440761566162,,0.025228440761566162,
1514,12119,,,-0.02523714303970337,,0.02523714303970337,
1515,12127,,,-0.025233328342437744,,0.025233328342437744,
1516,12135,,,-0.02523857355117798,,0.02523857355117798,
1517,12143,,,-0.02519071102142334,,0.02519071102142334,
1518,12149,,,,-0.01926565170288086,,0.01926565170288086
1518,12151,,,-0.0252227783203125,,0.0252227783203125,
1519,12159,,,-0.025229156017303467,,0.025229156017303467,
1520,12167,,,-0.02523660659790039,,0.02523660659790039,
1521,12175,,,-0.025238037109375,,0.025238037109375,
1522,12183,,,-0.025241076946258545,,0.025241076946258545,
1523,12191,,,-0.025232315063476562,,0.025232315063476562,
1524,12199,,,,-0.02117633819580078,,0.02117633819580078
1524,12199,,,-0.02523154206573963,,0.02523154206573963,
1525,12207,,,-0.02522289752960205,,0.02522289752960205,
1526,12215,,,-0.02522873878479004,,0.02522873878479004,
1527,12223,,,-0.025227367877960205,,0.025227367877960205,
1528,12231,,,-0.02519625425338745,,0.02519625425338745,
1529,12239,,,-0.025241076946258545,,0.025241076946258545,
1530,12247,,,-0.025216640904545784,,0.025216640904545784,
1531,12249,,,,-0.028540611267089844,,0.028540611267089844
1531,12255,,,-0.025230467319488525,,0.025230467319488525,
1532,12263,,,-0.025208115577697754,,0.025208115577697754,
1533,12271,,,-0.025213778018951416,,0.025213778018951416,
1534,12279,,,-0.025160370394587517,,0.025160370394587517,
1535,12287,,,-0.025229036808013916,,0.025229036808013916,
1536,12295,,,-0.025242507457733154,,0.025242507457733154,
1537,12299,,,,-0.019235610961914062,,0.019235610961914062
1537,12303,,,-0.025234462693333626,,0.025234462693333626,
1538,12311,,,-0.025233089923858643,,0.025233089923858643,
1539,12319,,,-0.02522367238998413,,0.02522367238998413,
1540,12327,,,-0.025246024131774902,,0.025246024131774902,
1541,12335,,,-0.025245964527130127,,0.025245964527130127,
1542,12343,,,-0.02523982711136341,,0.02523982711136341,
1543,12349,,,,-0.023694515228271484,,0.023694515228271484
1543,12351,,,-0.025234699249267578,,0.025234699249267578,
1544,12359,,,-0.02522885799407959,,0.02522885799407959,
1545,12367,,,-0.02523660659790039,,0.02523660659790039,
1546,12375,,,-0.02522045373916626,,0.02522045373916626,
1547,12383,,,-0.025222718715667725,,0.025222718715667725,
1548,12391,,,-0.02523326873779297,,0.02523326873779297,
1549,12399,,,,-0.024779319763183594,,0.024779319763183594
1549,12399,,,-0.025228798389434814,,0.025228798389434814,
1550,12407,,,-0.025232257321476936,,0.025232257321476936,
1551,12415,,,-0.025233089923858643,,0.025233089923858643,
1552,12423,,,-0.025237679481506348,,0.025237679481506348,
1553,12431,,,-0.025231121107935905,,0.025231121107935905,
1554,12439,,,-0.0252265352755785,,0.0252265352755785,
1555,12447,,,-0.0252262931317091,,0.0252262931317091,
1556,12449,,,,-0.02854013442993164,,0.02854013442993164
1556,12455,,,-0.025237858295440674,,0.025237858295440674,
1557,12463,,,-0.025237085297703743,,0.025237085297703743,
1558,12471,,,-0.025231778621673584,,0.025231778621673584,
1559,12479,,,-0.02519446611404419,,0.02519446611404419,
1560,12487,,,-0.02524334378540516,,0.02524334378540516,
1561,12495,,,-0.025213956832885742,,0.025213956832885742,
1562,12499,,,,-0.02425670623779297,,0.02425670623779297
1562,12503,,,-0.025227606296539307,,0.025227606296539307,
1563,12511,,,-0.0252304095774889,,0.0252304095774889,
1564,12519,,,-0.02524060383439064,,0.02524060383439064,
1565,12527,,,-0.025232793763279915,,0.025232793763279915,
1566,12535,,,-0.025242628529667854,,0.025242628529667854,
1567,12543,,,-0.02522176504135132,,0.02522176504135132,
1568,12549,,,,-0.027441024780273438,,0.027441024780273438
1568,12551,,,-0.025233030319213867,,0.025233030319213867,
1569,12559,,,-0.025232909247279167,,0.025232909247279167,
1570,12567,,,-0.025232553482055664,,0.025232553482055664,
1571,12575,,,-0.025227904319763184,,0.025227904319763184,
1572,12583,,,-0.025243164971470833,,0.025243164971470833,
1573,12591,,,-0.02523702196776867,,0.02523702196776867,
1574,12599,,,,-0.023077964782714844,,0.023077964782714844
1574,12599,,,-0.025235893204808235,,0.025235893204808235,
1575,12607,,,-0.025242745876312256,,0.025242745876312256,
1576,12615,,,-0.0252415519207716,,0.0252415519207716,
1577,12623,,,-0.02522665448486805,,0.02522665448486805,
1578,12631,,,-0.025240182876586914,,0.025240182876586914,
1579,12639,,,-0.025233328342437744,,0.025233328342437744,
1580,12647,,,-0.025244712829589844,,0.025244712829589844,
1581,12649,,,,-0.022452831268310547,,0.022452831268310547
1581,12655,,,-0.02523285150527954,,0.02523285150527954,
1582,12663,,,-0.025235118344426155,,0.025235118344426155,
1583,12671,,,-0.025234876200556755,,0.025234876200556755,
1584,12679,,,-0.02524346113204956,,0.02524346113204956,
1585,12687,,,-0.025225818157196045,,0.025225818157196045,
1586,12695,,,-0.02523893117904663,,0.02523893117904663,
1587,12699,,,,-0.02131366729736328,,0.02131366729736328
1587,12703,,,-0.025240004062652588,,0.025240004062652588,
1588,12711,,,-0.0252379160374403,,0.0252379160374403,
1589,12719,,,-0.025236785411834717,,0.025236785411834717,
1590,12727,,,-0.025236546993255615,,0.025236546993255615,
1591,12735,,,-0.025239942595362663,,0.025239942595362663,
1592,12743,,,-0.025243164971470833,,0.025243164971470833,
1593,12749,,,,-0.022439002990722656,,0.022439002990722656
1593,12751,,,-0.025222063064575195,,0.025222063064575195,
1594,12759,,,-0.025224149227142334,,0.025224149227142334,
1595,12767,,,-0.02523791790008545,,0.02523791790008545,
1596,12775,,,-0.025254787877202034,,0.025254787877202034,
1597,12783,,,-0.025238513946533203,,0.025238513946533203,
1598,12791,,,-0.02523970603942871,,0.02523970603942871,
1599,12799,,,,-0.02617025375366211,,0.02617025375366211
1599,12799,,,-0.02523934841156006,,0.02523934841156006,
1600,12807,,,-0.02523881196975708,,0.02523881196975708,
1601,12815,,,-0.025247514247894287,,0.025247514247894287,
1602,12823,,,-0.02523648738861084,,0.02523648738861084,
1603,12831,,,-0.025234341621398926,,0.025234341621398926,
1604,12839,,,-0.025248529389500618,,0.025248529389500618,
1605,12847,,,-0.025244591757655144,,0.025244591757655144,
1606,12849,,,,-0.027184486389160156,,0.027184486389160156
1606,12855,,,-0.025239408016204834,,0.025239408016204834,
1607,12863,,,-0.02520620822906494,,0.02520620822906494,
1608,12871,,,-0.025238096714019775,,0.025238096714019775,
1609,12879,,,-0.02524632215499878,,0.02524632215499878,
1610,12887,,,-0.02522987127304077,,0.02522987127304077,
1611,12895,,,-0.025222599506378174,,0.025222599506378174,
1612,12899,,,,-0.01850748062133789,,0.01850748062133789
1612,12903,,,-0.025229454040527344,,0.025229454040527344,
1613,12911,,,-0.02523624710738659,,0.02523624710738659,
1614,12919,,,-0.025239408016204834,,0.025239408016204834,
1615,12927,,,-0.02523582987487316,,0.02523582987487316,
1616,12935,,,-0.025245485827326775,,0.025245485827326775,
1617,12943,,,-0.02521759271621704,,0.02521759271621704,
1618,12949,,,,-0.024671077728271484,,0.024671077728271484
1618,12951,,,-0.0252383965998888,,0.0252383965998888,
1619,12959,,,-0.02524215169250965,,0.02524215169250965,
1620,12967,,,-0.025242269039154053,,0.025242269039154053,
1621,12975,,,-0.025233566761016846,,0.025233566761016846,
1622,12983,,,-0.025233566761016846,,0.025233566761016846,
1623,12991,,,-0.025235414505004883,,0.025235414505004883,
1624,12999,,,,-0.0263824462890625,,0.0263824462890625
1624,12999,,,-0.025246500968933105,,0.025246500968933105,
1625,13007,,,-0.02524643950164318,,0.02524643950164318,
1626,13015,,,-0.025230884552001953,,0.025230884552001953,
1627,13023,,,-0.025237737223505974,,0.025237737223505974,
1628,13031,,,-0.025240661576390266,,0.025240661576390266,
1629,13039,,,-0.02524489164352417,,0.02524489164352417,
1630,13047,,,-0.025240661576390266,,0.025240661576390266,
1631,13049,,,,-0.028349876403808594,,0.028349876403808594
1631,13055,,,-0.02524966187775135,,0.02524966187775135,
1632,13063,,,-0.025241851806640625,,0.025241851806640625,
1633,13071,,,-0.025190947577357292,,0.025190947577357292,
1634,13079,,,-0.025241851806640625,,0.025241851806640625,
1635,13087,,,-0.02524000220000744,,0.02524000220000744,
1636,13095,,,-0.025221941992640495,,0.025221941992640495,
1637,13099,,,,-0.029498577117919922,,0.029498577117919922
1637,13103,,,-0.0252341628074646,,0.0252341628074646,
1638,13111,,,-0.025258123874664307,,0.025258123874664307,
1639,13119,,,-0.025243399664759636,,0.025243399664759636,
1640,13127,,,-0.02522134780883789,,0.02522134780883789,
1641,13135,,,-0.025234460830688477,,0.025234460830688477,
1642,13143,,,-0.025233210995793343,,0.025233210995793343,
1643,13149,,,,-0.03127861022949219,,0.03127861022949219
1643,13151,,,-0.025237800553441048,,0.025237800553441048,
1644,13159,,,-0.025242924690246582,,0.025242924690246582,
1645,13167,,,-0.025235353037714958,,0.025235353037714958,
1646,13175,,,-0.025243105366826057,,0.025243105366826057,
1647,13183,,,-0.025232672691345215,,0.025232672691345215,
1648,13191,,,-0.02523595280945301,,0.02523595280945301,
1649,13199,,,,-0.021162033081054688,,0.021162033081054688
1649,13199,,,-0.025241076946258545,,0.025241076946258545,
1650,13207,,,-0.02524840645492077,,0.02524840645492077,
1651,13215,,,-0.025240182876586914,,0.025240182876586914,
1652,13223,,,-0.02521759271621704,,0.02521759271621704,
1653,13231,,,-0.025246262550354004,,0.025246262550354004,
1654,13239,,,-0.025233862921595573,,0.025233862921595573,
1655,13247,,,-0.02523857355117798,,0.02523857355117798,
1656,13249,,,,-0.02353382110595703,,0.02353382110595703
1656,13255,,,-0.02524387836456299,,0.02524387836456299,
1657,13263,,,-0.025245843455195427,,0.025245843455195427,
1658,13271,,,-0.025236070156097412,,0.025236070156097412,
1659,13279,,,-0.02522754669189453,,0.02522754669189453,
1660,13287,,,-0.025245727971196175,,0.025245727971196175,
1661,13295,,,-0.025246083736419678,,0.025246083736419678,
1662,13299,,,,-0.023448944091796875,,0.023448944091796875
1662,13303,,,-0.02523404359817505,,0.02523404359817505,
1663,13311,,,-0.02524477243423462,,0.02524477243423462,
1664,13319,,,-0.025229930877685547,,0.025229930877685547,
1665,13327,,,-0.025240005925297737,,0.025240005925297737,
1666,13335,,,-0.02525019831955433,,0.02525019831955433,
1667,13343,,,-0.025245847180485725,,0.025245847180485725,
1668,13349,,,,-0.022255897521972656,,0.022255897521972656
1668,13351,,,-0.02523481659591198,,0.02523481659591198,
1669,13359,,,-0.025247931480407715,,0.025247931480407715,
1670,13367,,,-0.025241969153285027,,0.025241969153285027,
1671,13375,,,-0.025241075083613396,,0.025241075083613396,
1672,13383,,,-0.02523958869278431,,0.02523958869278431,
1673,13391,,,-0.025236546993255615,,0.025236546993255615,
1674,13399,,,,-0.02293109893798828,,0.02293109893798828
1674,13399,,,-0.02524501085281372,,0.02524501085281372,
1675,13407,,,-0.02523970790207386,,0.02523970790207386,
1676,13415,,,-0.025222361087799072,,0.025222361087799072,
1677,13423,,,-0.02524745650589466,,0.02524745650589466,
1678,13431,,,-0.025218427181243896,,0.025218427181243896,
1679,13439,,,-0.02525407075881958,,0.02525407075881958,
1680,13447,,,-0.025231244042515755,,0.025231244042515755,
1681,13449,,,,-0.02916717529296875,,0.02916717529296875
1681,13455,,,-0.02520870976150036,,0.02520870976150036,
1682,13463,,,-0.02523004822432995,,0.02523004822432995,
1683,13471,,,-0.02524024061858654,,0.02524024061858654,
1684,13479,,,-0.025222182273864746,,0.025222182273864746,
1685,13487,,,-0.02524852566421032,,0.02524852566421032,
1686,13495,,,-0.025242269039154053,,0.025242269039154053,
1687,13499,,,,-0.02128458023071289,,0.02128458023071289
1687,13503,,,-0.02523982524871826,,0.02523982524871826,
1688,13511,,,-0.025249481201171875,,0.025249481201171875,
1689,13519,,,-0.025239944458007812,,0.025239944458007812,
1690,13527,,,-0.025239290669560432,,0.025239290669560432,
1691,13535,,,-0.025243939831852913,,0.025243939831852913,
1692,13543,,,-0.02525276131927967,,0.02525276131927967,
1693,13549,,,,-0.019094467163085938,,0.019094467163085938
1693,13551,,,-0.025226235389709473,,0.025226235389709473,
1694,13559,,,-0.025249600410461426,,0.025249600410461426,
1695,13567,,,-0.025234639644622803,,0.025234639644622803,
1696,13575,,,-0.025238037109375,,0.025238037109375,
1697,13583,,,-0.025234699249267578,,0.025234699249267578,
1698,13591,,,-0.025247812271118164,,0.025247812271118164,
1699,13599,,,,-0.029221057891845703,,0.029221057891845703
1699,13599,,,-0.025211036205291748,,0.025211036205291748,
1700,13607,,,-0.025251207873225212,,0.025251207873225212,
1701,13615,,,-0.025233568623661995,,0.025233568623661995,
1702,13623,,,-0.02523791790008545,,0.02523791790008545,
1703,13631,,,-0.025253059342503548,,0.025253059342503548,
1704,13639,,,-0.025235116481781006,,0.025235116481781006,
1705,13647,,,-0.025234999135136604,,0.025234999135136604,
1706,13649,,,,-0.02464151382446289,,0.02464151382446289
1706,13655,,,-0.025251029059290886,,0.025251029059290886,
1707,13663,,,-0.025218190625309944,,0.025218190625309944,
1708,13671,,,-0.02524811029434204,,0.02524811029434204,
1709,13679,,,-0.02524501085281372,,0.02524501085281372,
1710,13687,,,-0.02524215169250965,,0.02524215169250965,
1711,13695,,,-0.02524644136428833,,0.02524644136428833,
1712,13699,,,,-0.02778482437133789,,0.02778482437133789
1712,13703,,,-0.025233745574951172,,0.025233745574951172,
1713,13711,,,-0.025237560272216797,,0.025237560272216797,
1714,13719,,,-0.0252344012260437,,0.0252344012260437,
1715,13727,,,-0.025241730734705925,,0.025241730734705925,
1716,13735,,,-0.025242449715733528,,0.025242449715733528,
1717,13743,,,-0.02521413564682007,,0.02521413564682007,
1718,13749,,,,-0.02518177032470703,,0.02518177032470703
1718,13751,,,-0.025238754227757454,,0.025238754227757454,
1719,13759,,,-0.025253713130950928,,0.025253713130950928,
1720,13767,,,-0.025250671431422234,,0.025250671431422234,
1721,13775,,,-0.025243224576115608,,0.025243224576115608,
1722,13783,,,-0.025249123573303223,,0.025249123573303223,
1723,13791,,,-0.02524334192276001,,0.02524334192276001,
1724,13799,,,,-0.02900075912475586,,0.02900075912475586
1724,13799,,,-0.025242866948246956,,0.025242866948246956,
1725,13807,,,-0.025251148268580437,,0.025251148268580437,
1726,13815,,,-0.02523350901901722,,0.02523350901901722,
1727,13823,,,-0.025237977504730225,,0.025237977504730225,
1728,13831,,,-0.02523702383041382,,0.02523702383041382,
1729,13839,,,-0.025227785110473633,,0.025227785110473633,
1730,13847,,,-0.02523261308670044,,0.02523261308670044,
1731,13849,,,,-0.02247905731201172,,0.02247905731201172
1731,13855,,,-0.025240657851099968,,0.025240657851099968,
1732,13863,,,-0.02525150589644909,,0.02525150589644909,
1733,13871,,,-0.025245608761906624,,0.025245608761906624,
1734,13879,,,-0.025236785411834717,,0.025236785411834717,
1735,13887,,,-0.02524411678314209,,0.02524411678314209,
1736,13895,,,-0.02525228075683117,,0.02525228075683117,
1737,13899,,,,-0.02286815643310547,,0.02286815643310547
1737,13903,,,-0.025245072320103645,,0.025245072320103645,
1738,13911,,,-0.02524024061858654,,0.02524024061858654,
1739,13919,,,-0.025222478434443474,,0.025222478434443474,
1740,13927,,,-0.025209547951817513,,0.025209547951817513,
1741,13935,,,-0.025239408016204834,,0.025239408016204834,
1742,13943,,,-0.025220096111297607,,0.025220096111297607,
1743,13949,,,,-0.021230697631835938,,0.021230697631835938
1743,13951,,,-0.025253357365727425,,0.025253357365727425,
1744,13959,,,-0.025240421295166016,,0.025240421295166016,
1745,13967,,,-0.025243641808629036,,0.025243641808629036,
1746,13975,,,-0.025225462391972542,,0.025225462391972542,
1747,13983,,,-0.025228438898921013,,0.025228438898921013,
1748,13991,,,-0.02524721436202526,,0.02524721436202526,
1749,13999,,,,-0.02780437469482422,,0.02780437469482422
1749,13999,,,-0.02524667978286743,,0.02524667978286743,
1750,14007,,,-0.025242863222956657,,0.025242863222956657,
1751,14015,,,-0.02524423599243164,,0.02524423599243164,
1752,14023,,,-0.025229573249816895,,0.025229573249816895,
1753,14031,,,-0.025229575112462044,,0.025229575112462044,
1754,14039,,,-0.0252305269241333,,0.0252305269241333,
1755,14047,,,-0.025255262851715088,,0.025255262851715088,
1756,14049,,,,-0.03208303451538086,,0.03208303451538086
1756,14055,,,-0.025231659412384033,,0.025231659412384033,
1757,14063,,,-0.02524465322494507,,0.02524465322494507,
1758,14071,,,-0.02524775080382824,,0.02524775080382824,
1759,14079,,,-0.025204122066497803,,0.025204122066497803,
1760,14087,,,-0.025271475315093994,,0.025271475315093994,
1761,14095,,,-0.025244593620300293,,0.025244593620300293,
1762,14099,,,,-0.02195596694946289,,0.02195596694946289
1762,14103,,,-0.025249898433685303,,0.025249898433685303,
1763,14111,,,-0.025235595181584358,,0.025235595181584358,
1764,14119,,,-0.025265872478485107,,0.025265872478485107,
1765,14127,,,-0.02522045373916626,,0.02522045373916626,
1766,14135,,,-0.02525484561920166,,0.02525484561920166,
1767,14143,,,-0.02524745650589466,,0.02524745650589466,
1768,14149,,,,-0.02539348602294922,,0.02539348602294922
1768,14151,,,-0.02524530701339245,,0.02524530701339245,
1769,14159,,,-0.02525847963988781,,0.02525847963988781,
1770,14167,,,-0.02524334192276001,,0.02524334192276001,
1771,14175,,,-0.025246143341064453,,0.025246143341064453,
1772,14183,,,-0.02525431104004383,,0.02525431104004383,
1773,14191,,,-0.025243518874049187,,0.025243518874049187,
1774,14199,,,,-0.025485992431640625,,0.025485992431640625
1774,14199,,,-0.025251388549804688,,0.025251388549804688,
1775,14207,,,-0.0252344012260437,,0.0252344012260437,
1776,14215,,,-0.02524775266647339,,0.02524775266647339,
1777,14223,,,-0.025246918201446533,,0.025246918201446533,
1778,14231,,,-0.02525031380355358,,0.02525031380355358,
1779,14239,,,-0.025228681042790413,,0.025228681042790413,
1780,14247,,,-0.025248825550079346,,0.025248825550079346,
1781,14249,,,,-0.018222332000732422,,0.018222332000732422
1781,14255,,,-0.025255324319005013,,0.025255324319005013,
1782,14263,,,-0.025247037410736084,,0.025247037410736084,
1783,14271,,,-0.025260748341679573,,0.025260748341679573,
1784,14279,,,-0.025254368782043457,,0.025254368782043457,
1785,14287,,,-0.025228800252079964,,0.025228800252079964,
1786,14295,,,-0.02522796392440796,,0.02522796392440796,
1787,14299,,,,-0.024829864501953125,,0.024829864501953125
1787,14303,,,-0.025256454944610596,,0.025256454944610596,
1788,14311,,,-0.025243520736694336,,0.025243520736694336,
1789,14319,,,-0.025253893807530403,,0.025253893807530403,
1790,14327,,,-0.025226952508091927,,0.025226952508091927,
1791,14335,,,-0.0252493005245924,,0.0252493005245924,
1792,14343,,,-0.025234758853912354,,0.025234758853912354,
1793,14349,,,,-0.021574974060058594,,0.021574974060058594
1793,14351,,,-0.025251924991607666,,0.025251924991607666,
1794,14359,,,-0.025254247710108757,,0.025254247710108757,
1795,14367,,,-0.025246379896998405,,0.025246379896998405,
1796,14375,,,-0.025200307369232178,,0.025200307369232178,
1797,14383,,,-0.02525806613266468,,0.02525806613266468,
1798,14391,,,-0.02524530701339245,,0.02524530701339245,
1799,14399,,,,-0.0259552001953125,,0.0259552001953125
1799,14399,,,-0.025252101942896843,,0.025252101942896843,
1800,14407,,,-0.025262057781219482,,0.025262057781219482,
1801,14415,,,-0.02525520510971546,,0.02525520510971546,
1802,14423,,,-0.02524554915726185,,0.02524554915726185,
1803,14431,,,-0.025240719318389893,,0.025240719318389893,
1804,14439,,,-0.02524447627365589,,0.02524447627365589,
1805,14447,,,-0.025253774598240852,,0.025253774598240852,
1806,14449,,,,-0.02293539047241211,,0.02293539047241211
1806,14455,,,-0.025252461433410645,,0.025252461433410645,
1807,14463,,,-0.02525341510772705,,0.02525341510772705,
1808,14471,,,-0.025233566761016846,,0.025233566761016846,
1809,14479,,,-0.025230467319488525,,0.025230467319488525,
1810,14487,,,-0.02526235580444336,,0.02526235580444336,
1811,14495,,,-0.025234580039978027,,0.025234580039978027,
1812,14499,,,,-0.026440143585205078,,0.026440143585205078
1812,14503,,,-0.025257527828216553,,0.025257527828216553,
1813,14511,,,-0.02524799108505249,,0.02524799108505249,
1814,14519,,,-0.025254666805267334,,0.025254666805267334,
1815,14527,,,-0.025246143341064453,,0.025246143341064453,
1816,14535,,,-0.02525228261947632,,0.02525228261947632,
1817,14543,,,-0.025254489853978157,,0.025254489853978157,
1818,14549,,,,-0.02520895004272461,,0.02520895004272461
1818,14551,,,-0.025231001898646355,,0.025231001898646355,
1819,14559,,,-0.025241436436772346,,0.025241436436772346,
1820,14567,,,-0.02525460533797741,,0.02525460533797741,
1821,14575,,,-0.025262238457798958,,0.025262238457798958,
1822,14583,,,-0.025246860459446907,,0.025246860459446907,
1823,14591,,,-0.025234460830688477,,0.025234460830688477,
1824,14599,,,,-0.02049112319946289,,0.02049112319946289
1824,14599,,,-0.02526003308594227,,0.02526003308594227,
1825,14607,,,-0.02524477243423462,,0.02524477243423462,
1826,14615,,,-0.02523648925125599,,0.02523648925125599,
1827,14623,,,-0.02525240182876587,,0.02525240182876587,
1828,14631,,,-0.02524864859879017,,0.02524864859879017,
1829,14639,,,-0.025254013016819954,,0.025254013016819954,
1830,14647,,,-0.0252532958984375,,0.0252532958984375,
1831,14649,,,,-0.025778770446777344,,0.025778770446777344
1831,14655,,,-0.02524787373840809,,0.02524787373840809,
1832,14663,,,-0.025251328945159912,,0.025251328945159912,
1833,14671,,,-0.025252223014831543,,0.025252223014831543,
1834,14679,,,-0.025252701714634895,,0.025252701714634895,
1835,14687,,,-0.0252570528537035,,0.0252570528537035,
1836,14695,,,-0.025235535576939583,,0.025235535576939583,
1837,14699,,,,-0.028191566467285156,,0.028191566467285156
1837,14703,,,-0.02522456645965576,,0.02522456645965576,
1838,14711,,,-0.025241732597351074,,0.025241732597351074,
1839,14719,,,-0.025246622040867805,,0.025246622040867805,
1840,14727,,,-0.02524787187576294,,0.02524787187576294,
1841,14735,,,-0.02526128478348255,,0.02526128478348255,
1842,14743,,,-0.025256335735321045,,0.025256335735321045,
1843,14749,,,,-0.021706581115722656,,0.021706581115722656
1843,14751,,,-0.025238333269953728,,0.025238333269953728,
1844,14759,,,-0.02524477243423462,,0.02524477243423462,
1845,14767,,,-0.025220157578587532,,0.025220157578587532,
1846,14775,,,-0.025249004364013672,,0.025249004364013672,
1847,14783,,,-0.02525806613266468,,0.02525806613266468,
1848,14791,,,-0.02525418810546398,,0.02525418810546398,
1849,14799,,,,-0.028069019317626953,,0.028069019317626953
1849,14799,,,-0.025227069854736328,,0.025227069854736328,
1850,14807,,,-0.025258779525756836,,0.025258779525756836,
1851,14815,,,-0.025256454944610596,,0.025256454944610596,
1852,14823,,,-0.02524113841354847,,0.02524113841354847,
1853,14831,,,-0.02523946762084961,,0.02523946762084961,
1854,14839,,,-0.025248171761631966,,0.025248171761631966,
1855,14847,,,-0.02525418996810913,,0.02525418996810913,
1856,14849,,,,-0.033232688903808594,,0.033232688903808594
1856,14855,,,-0.02523845247924328,,0.02523845247924328,
1857,14863,,,-0.02521413564682007,,0.02521413564682007,
1858,14871,,,-0.025242092087864876,,0.025242092087864876,
1859,14879,,,-0.025256752967834473,,0.025256752967834473,
1860,14887,,,-0.025247931480407715,,0.025247931480407715,
1861,14895,,,-0.025251686573028564,,0.025251686573028564,
1862,14899,,,,-0.027631282806396484,,0.027631282806396484
1862,14903,,,-0.025248289108276367,,0.025248289108276367,
1863,14911,,,-0.025236783549189568,,0.025236783549189568,
1864,14919,,,-0.025256337597966194,,0.025256337597966194,
1865,14927,,,-0.025256218388676643,,0.025256218388676643,
1866,14935,,,-0.025237858295440674,,0.025237858295440674,
1867,14943,,,-0.02526700682938099,,0.02526700682938099,
1868,14949,,,,-0.0257415771484375,,0.0257415771484375
1868,14951,,,-0.025245608761906624,,0.025245608761906624,
1869,14959,,,-0.025256633758544922,,0.025256633758544922,
1870,14967,,,-0.025254249572753906,,0.025254249572753906,
1871,14975,,,-0.025239767506718636,,0.025239767506718636,
1872,14983,,,-0.0251920223236084,,0.0251920223236084,
1873,14991,,,-0.025262832641601562,,0.025262832641601562,
1874,14999,,,,-0.02433490753173828,,0.02433490753173828
1874,14999,,,-0.02525430917739868,,0.02525430917739868,
1875,15007,,,-0.02522355131804943,,0.02522355131804943,
1876,15015,,,-0.025234580039978027,,0.025234580039978027,
1877,15023,,,-0.025233983993530273,,0.025233983993530273,
1878,15031,,,-0.025204181671142578,,0.025204181671142578,
1879,15039,,,-0.025244714692234993,,0.025244714692234993,
1880,15047,,,-0.025242507457733154,,0.025242507457733154,
1881,15049,,,,-0.031029701232910156,,0.031029701232910156
1881,15055,,,-0.025254905223846436,,0.025254905223846436,
1882,15063,,,-0.02524501085281372,,0.02524501085281372,
1883,15071,,,-0.025255918502807617,,0.025255918502807617,
1884,15079,,,-0.025231359526515007,,0.025231359526515007,
1885,15087,,,-0.025252459570765495,,0.025252459570765495,
1886,15095,,,-0.02526015229523182,,0.02526015229523182,
1887,15099,,,,-0.01519918441772461,,0.01519918441772461
1887,15103,,,-0.025232553482055664,,0.025232553482055664,
1888,15111,,,-0.025258958339691162,,0.025258958339691162,
1889,15119,,,-0.025252103805541992,,0.025252103805541992,
1890,15127,,,-0.02525186724960804,,0.02525186724960804,
1891,15135,,,-0.02525991201400757,,0.02525991201400757,
1892,15143,,,-0.025250494480133057,,0.025250494480133057,
1893,15149,,,,-0.015088081359863281,,0.015088081359863281
1893,15151,,,-0.025200845673680305,,0.025200845673680305,
1894,15159,,,-0.025254903361201286,,0.025254903361201286,
1895,15167,,,-0.025248944759368896,,0.025248944759368896,
1896,15175,,,-0.025259435176849365,,0.025259435176849365,
1897,15183,,,-0.025273678824305534,,0.025273678824305534,
1898,15191,,,-0.025247635319828987,,0.025247635319828987,
1899,15199,,,,-0.025292396545410156,,0.025292396545410156
1899,15199,,,-0.02523738332092762,,0.02523738332092762,
1900,15207,,,-0.02525639347732067,,0.02525639347732067,
1901,15215,,,-0.025228023529052734,,0.025228023529052734,
1902,15223,,,-0.02524941973388195,,0.02524941973388195,
1903,15231,,,-0.025260567665100098,,0.025260567665100098,
1904,15239,,,-0.025265218690037727,,0.025265218690037727,
1905,15247,,,-0.025228800252079964,,0.025228800252079964,
1906,15249,,,,-0.026449203491210938,,0.026449203491210938
1906,15255,,,-0.025205790996551514,,0.025205790996551514,
1907,15263,,,-0.025235654786229134,,0.025235654786229134,
1908,15271,,,-0.025253595784306526,,0.025253595784306526,
1909,15279,,,-0.02526259236037731,,0.02526259236037731,
1910,15287,,,-0.025251805782318115,,0.025251805782318115,
1911,15295,,,-0.02526289038360119,,0.02526289038360119,
1912,15299,,,,-0.02857685089111328,,0.02857685089111328
1912,15303,,,-0.025240661576390266,,0.025240661576390266,
1913,15311,,,-0.02524632215499878,,0.02524632215499878,
1914,15319,,,-0.025265157222747803,,0.025265157222747803,
1915,15327,,,-0.025254549458622932,,0.025254549458622932,
1916,15335,,,-0.025262296199798584,,0.025262296199798584,
1917,15343,,,-0.02525925636291504,,0.02525925636291504,
1918,15349,,,,-0.03100442886352539,,0.03100442886352539
1918,15351,,,-0.025255858898162842,,0.025255858898162842,
1919,15359,,,-0.025255024433135986,,0.025255024433135986,
1920,15367,,,-0.025262178853154182,,0.025262178853154182,
1921,15375,,,-0.02525228261947632,,0.02525228261947632,
1922,15383,,,-0.02525055781006813,,0.02525055781006813,
1923,15391,,,-0.02526170015335083,,0.02526170015335083,
1924,15399,,,,-0.02081441879272461,,0.02081441879272461
1924,15399,,,-0.025256512686610222,,0.025256512686610222,
1925,15407,,,-0.025263547897338867,,0.025263547897338867,
1926,15415,,,-0.025270281359553337,,0.025270281359553337,
1927,15423,,,-0.025260211899876595,,0.025260211899876595,
1928,15431,,,-0.025252224877476692,,0.025252224877476692,
1929,15439,,,-0.02526050992310047,,0.02526050992310047,
1930,15447,,,-0.02525860071182251,,0.02525860071182251,
1931,15449,,,,-0.01413869857788086,,0.01413869857788086
1931,15455,,,-0.025249958038330078,,0.025249958038330078,
1932,15463,,,-0.025260865688323975,,0.025260865688323975,
1933,15471,,,-0.025248348712921143,,0.025248348712921143,
1934,15479,,,-0.02526259236037731,,0.02526259236037731,
1935,15487,,,-0.025261223316192627,,0.025261223316192627,
1936,15495,,,-0.025233745574951172,,0.025233745574951172,
1937,15499,,,,-0.021239280700683594,,0.021239280700683594
1937,15503,,,-0.025255976244807243,,0.025255976244807243,
1938,15511,,,-0.025254487991333008,,0.025254487991333008,
1939,15519,,,-0.025251805782318115,,0.025251805782318115,
1940,15527,,,-0.02524399757385254,,0.02524399757385254,
1941,15535,,,-0.025251388549804688,,0.025251388549804688,
1942,15543,,,-0.02521979808807373,,0.02521979808807373,
1943,15549,,,,-0.0199737548828125,,0.0199737548828125
1943,15551,,,-0.02524465322494507,,0.02524465322494507,
1944,15559,,,-0.02519381046295166,,0.02519381046295166,
1945,15567,,,-0.02528214640915394,,0.02528214640915394,
1946,15575,,,-0.02523195557296276,,0.02523195557296276,
1947,15583,,,-0.025250734761357307,,0.025250734761357307,
1948,15591,,,-0.025251029059290886,,0.025251029059290886,
1949,15599,,,,-0.019567489624023438,,0.019567489624023438
1949,15599,,,-0.02525586076080799,,0.02525586076080799,
1950,15607,,,-0.02526545710861683,,0.02526545710861683,
1951,15615,,,-0.02526146173477173,,0.02526146173477173,
1952,15623,,,-0.025254786014556885,,0.025254786014556885,
1953,15631,,,-0.025258304551243782,,0.025258304551243782,
1954,15639,,,-0.025233982130885124,,0.025233982130885124,
1955,15647,,,-0.025263192132115364,,0.025263192132115364,
1956,15649,,,,-0.025043487548828125,,0.025043487548828125
1956,15655,,,-0.02525341510772705,,0.02525341510772705,
1957,15663,,,-0.025262178853154182,,0.025262178853154182,
1958,15671,,,-0.025266289710998535,,0.025266289710998535,
1959,15679,,,-0.025241196155548096,,0.025241196155548096,
1960,15687,,,-0.02523905038833618,,0.02523905038833618,
1961,15695,,,-0.025234876200556755,,0.025234876200556755,
1962,15699,,,,-0.023102283477783203,,0.023102283477783203
1962,15703,,,-0.02525174617767334,,0.02525174617767334,
1963,15711,,,-0.025240838527679443,,0.025240838527679443,
1964,15719,,,-0.025265395641326904,,0.025265395641326904,
1965,15727,,,-0.025260567665100098,,0.025260567665100098,
1966,15735,,,-0.025256872177124023,,0.025256872177124023,
1967,15743,,,-0.025240719318389893,,0.025240719318389893,
1968,15749,,,,-0.023169517517089844,,0.023169517517089844
1968,15751,,,-0.025261761620640755,,0.025261761620640755,
1969,15759,,,-0.02526027150452137,,0.02526027150452137,
1970,15767,,,-0.025261998176574707,,0.025261998176574707,
1971,15775,,,-0.0252645593136549,,0.0252645593136549,
1972,15783,,,-0.02526956796646118,,0.02526956796646118,
1973,15791,,,-0.025249898433685303,,0.025249898433685303,
1974,15799,,,,-0.02514362335205078,,0.02514362335205078
1974,15799,,,-0.025240421295166016,,0.025240421295166016,
1975,15807,,,-0.02525770664215088,,0.02525770664215088,
1976,15815,,,-0.025261757895350456,,0.025261757895350456,
1977,15823,,,-0.025261342525482178,,0.025261342525482178,
1978,15831,,,-0.02525550313293934,,0.02525550313293934,
1979,15839,,,-0.025255920365452766,,0.025255920365452766,
1980,15847,,,-0.02525949478149414,,0.02525949478149414,
1981,15849,,,,-0.02311229705810547,,0.02311229705810547
1981,15855,,,-0.02525418810546398,,0.02525418810546398,
1982,15863,,,-0.025260625407099724,,0.025260625407099724,
1983,15871,,,-0.025254609063267708,,0.025254609063267708,
1984,15879,,,-0.02525573968887329,,0.02525573968887329,
1985,15887,,,-0.025258423760533333,,0.025258423760533333,
1986,15895,,,-0.025243518874049187,,0.025243518874049187,
1987,15899,,,,-0.02715444564819336,,0.02715444564819336
1987,15903,,,-0.025256456807255745,,0.025256456807255745,
1988,15911,,,-0.02525496296584606,,0.02525496296584606,
1989,15919,,,-0.025266408920288086,,0.025266408920288086,
1990,15927,,,-0.025254489853978157,,0.025254489853978157,
1991,15935,,,-0.025265991687774658,,0.025265991687774658,
1992,15943,,,-0.02526104636490345,,0.02526104636490345,
1993,15949,,,,-0.026017189025878906,,0.026017189025878906
1993,15951,,,-0.025263724848628044,,0.025263724848628044,
1994,15959,,,-0.02527010254561901,,0.02527010254561901,
1995,15967,,,-0.025252938270568848,,0.025252938270568848,
1996,15975,,,-0.025230107828974724,,0.025230107828974724,
1997,15983,,,-0.025261161848902702,,0.025261161848902702,
1998,15991,,,-0.02524632029235363,,0.02524632029235363,
1999,15999,,,,-0.021615028381347656,,0.021615028381347656
1999,15999,,,-0.02525884099304676,,0.02525884099304676,
2000,16000,-0.0249631404876709,0.0249631404876709,,,,
