epoch,step,test_loss,test_renyi_lb,train_loss_epoch,train_loss_step,train_renyi_lb_epoch,train_renyi_lb_step
0,7,,,0.1641647070646286,,-0.1641647070646286,
1,15,,,0.1379338651895523,,-0.1379338651895523,
2,23,,,0.11875089257955551,,-0.11875089257955551,
3,31,,,0.10405407845973969,,-0.10405407845973969,
4,39,,,0.09041610360145569,,-0.09041610360145569,
5,47,,,0.07712441682815552,,-0.07712441682815552,
6,49,,,,0.06566059589385986,,-0.06566059589385986
6,55,,,0.0635586827993393,,-0.0635586827993393,
7,63,,,0.050216734409332275,,-0.050216734409332275,
8,71,,,0.037261057645082474,,-0.037261057645082474,
9,79,,,0.02475309744477272,,-0.02475309744477272,
10,87,,,0.012754504568874836,,-0.012754504568874836,
11,95,,,0.0010369663359597325,,-0.0010369663359597325,
12,99,,,,-0.009801283478736877,,0.009801283478736877
12,103,,,-0.010201390832662582,,0.010201390832662582,
13,111,,,-0.02124161273241043,,0.02124161273241043,
14,119,,,-0.03172754868865013,,0.03172754868865013,
15,127,,,-0.04172304645180702,,0.04172304645180702,
16,135,,,-0.051274750381708145,,0.051274750381708145,
17,143,,,-0.06013065204024315,,0.06013065204024315,
18,149,,,,-0.06905297935009003,,0.06905297935009003
18,151,,,-0.06846874952316284,,0.06846874952316284,
19,159,,,-0.07642114907503128,,0.07642114907503128,
20,167,,,-0.08367110788822174,,0.08367110788822174,
21,175,,,-0.09066261351108551,,0.09066261351108551,
22,183,,,-0.09676743298768997,,0.09676743298768997,
23,191,,,-0.10222752392292023,,0.10222752392292023,
24,199,,,,-0.11761990189552307,,0.11761990189552307
24,199,,,-0.10722993314266205,,0.10722993314266205,
25,207,,,-0.11163970082998276,,0.11163970082998276,
26,215,,,-0.11560572683811188,,0.11560572683811188,
27,223,,,-0.11882346123456955,,0.11882346123456955,
28,231,,,-0.12166059762239456,,0.12166059762239456,
29,239,,,-0.12425541877746582,,0.12425541877746582,
30,247,,,-0.12659329175949097,,0.12659329175949097,
31,249,,,,-0.12632405757904053,,0.12632405757904053
31,255,,,-0.12870097160339355,,0.12870097160339355,
32,263,,,-0.13074813783168793,,0.13074813783168793,
33,271,,,-0.13254930078983307,,0.13254930078983307,
34,279,,,-0.13392861187458038,,0.13392861187458038,
35,287,,,-0.1353960484266281,,0.1353960484266281,
36,295,,,-0.13672764599323273,,0.13672764599323273,
37,299,,,,-0.13410493731498718,,0.13410493731498718
37,303,,,-0.13824713230133057,,0.13824713230133057,
38,311,,,-0.1391414999961853,,0.1391414999961853,
39,319,,,-0.14013507962226868,,0.14013507962226868,
40,327,,,-0.1414029449224472,,0.1414029449224472,
41,335,,,-0.14224934577941895,,0.14224934577941895,
42,343,,,-0.14342069625854492,,0.14342069625854492,
43,349,,,,-0.14869424700737,,0.14869424700737
43,351,,,-0.14443525671958923,,0.14443525671958923,
44,359,,,-0.14524799585342407,,0.14524799585342407,
45,367,,,-0.14602844417095184,,0.14602844417095184,
46,375,,,-0.1468396782875061,,0.1468396782875061,
47,383,,,-0.14754003286361694,,0.14754003286361694,
48,391,,,-0.1483207494020462,,0.1483207494020462,
49,399,,,,-0.12712746858596802,,0.12712746858596802
49,399,,,-0.14904259145259857,,0.14904259145259857,
50,407,,,-0.14957991242408752,,0.14957991242408752,
51,415,,,-0.14995905756950378,,0.14995905756950378,
52,423,,,-0.1504361778497696,,0.1504361778497696,
53,431,,,-0.1516406387090683,,0.1516406387090683,
54,439,,,-0.1511227786540985,,0.1511227786540985,
55,447,,,-0.15258483588695526,,0.15258483588695526,
56,449,,,,-0.17374426126480103,,0.17374426126480103
56,455,,,-0.15261182188987732,,0.15261182188987732,
57,463,,,-0.1525159329175949,,0.1525159329175949,
58,471,,,-0.15264274179935455,,0.15264274179935455,
59,479,,,-0.15286481380462646,,0.15286481380462646,
60,487,,,-0.15386618673801422,,0.15386618673801422,
61,495,,,-0.15405365824699402,,0.15405365824699402,
62,499,,,,-0.16238388419151306,,0.16238388419151306
62,503,,,-0.1544446349143982,,0.1544446349143982,
63,511,,,-0.15442457795143127,,0.15442457795143127,
64,519,,,-0.15457534790039062,,0.15457534790039062,
65,527,,,-0.15507544577121735,,0.15507544577121735,
66,535,,,-0.15517404675483704,,0.15517404675483704,
67,543,,,-0.15546083450317383,,0.15546083450317383,
68,549,,,,-0.17997366189956665,,0.17997366189956665
68,551,,,-0.1564038097858429,,0.1564038097858429,
69,559,,,-0.1567358672618866,,0.1567358672618866,
70,567,,,-0.15598884224891663,,0.15598884224891663,
71,575,,,-0.1574651598930359,,0.1574651598930359,
72,583,,,-0.156713604927063,,0.156713604927063,
73,591,,,-0.15731064975261688,,0.15731064975261688,
74,599,,,,-0.15498632192611694,,0.15498632192611694
74,599,,,-0.15742698311805725,,0.15742698311805725,
75,607,,,-0.15690073370933533,,0.15690073370933533,
76,615,,,-0.15816619992256165,,0.15816619992256165,
77,623,,,-0.15733034908771515,,0.15733034908771515,
78,631,,,-0.1571306586265564,,0.1571306586265564,
79,639,,,-0.15889416635036469,,0.15889416635036469,
80,647,,,-0.15808410942554474,,0.15808410942554474,
81,649,,,,-0.1470494270324707,,0.1470494270324707
81,655,,,-0.15797533094882965,,0.15797533094882965,
82,663,,,-0.15740524232387543,,0.15740524232387543,
83,671,,,-0.15858875215053558,,0.15858875215053558,
84,679,,,-0.15816380083560944,,0.15816380083560944,
85,687,,,-0.15874652564525604,,0.15874652564525604,
86,695,,,-0.15815836191177368,,0.15815836191177368,
87,699,,,,-0.17211705446243286,,0.17211705446243286
87,703,,,-0.15983454883098602,,0.15983454883098602,
88,711,,,-0.15914523601531982,,0.15914523601531982,
89,719,,,-0.15968897938728333,,0.15968897938728333,
90,727,,,-0.16101209819316864,,0.16101209819316864,
91,735,,,-0.16255782544612885,,0.16255782544612885,
92,743,,,-0.15970632433891296,,0.15970632433891296,
93,749,,,,-0.14807277917861938,,0.14807277917861938
93,751,,,-0.16151899099349976,,0.16151899099349976,
94,759,,,-0.16028402745723724,,0.16028402745723724,
95,767,,,-0.15901216864585876,,0.15901216864585876,
96,775,,,-0.16041703522205353,,0.16041703522205353,
97,783,,,-0.16010071337223053,,0.16010071337223053,
98,791,,,-0.16073867678642273,,0.16073867678642273,
99,799,,,,-0.14016848802566528,,0.14016848802566528
99,799,,,-0.15976156294345856,,0.15976156294345856,
100,807,,,-0.16085785627365112,,0.16085785627365112,
101,815,,,-0.16051089763641357,,0.16051089763641357,
102,823,,,-0.16112378239631653,,0.16112378239631653,
103,831,,,-0.16249391436576843,,0.16249391436576843,
104,839,,,-0.1628623902797699,,0.1628623902797699,
105,847,,,-0.1614590883255005,,0.1614590883255005,
106,849,,,,-0.18710869550704956,,0.18710869550704956
106,855,,,-0.16075676679611206,,0.16075676679611206,
107,863,,,-0.16170738637447357,,0.16170738637447357,
108,871,,,-0.1617194265127182,,0.1617194265127182,
109,879,,,-0.16114966571331024,,0.16114966571331024,
110,887,,,-0.16079141199588776,,0.16079141199588776,
111,895,,,-0.16102610528469086,,0.16102610528469086,
112,899,,,,-0.1665753722190857,,0.1665753722190857
112,903,,,-0.16066542267799377,,0.16066542267799377,
113,911,,,-0.16332583129405975,,0.16332583129405975,
114,919,,,-0.1614142805337906,,0.1614142805337906,
115,927,,,-0.16351275146007538,,0.16351275146007538,
116,935,,,-0.16081508994102478,,0.16081508994102478,
117,943,,,-0.16141414642333984,,0.16141414642333984,
118,949,,,,-0.16603392362594604,,0.16603392362594604
118,951,,,-0.1608194261789322,,0.1608194261789322,
119,959,,,-0.16175535321235657,,0.16175535321235657,
120,967,,,-0.16084568202495575,,0.16084568202495575,
121,975,,,-0.16345073282718658,,0.16345073282718658,
122,983,,,-0.16240166127681732,,0.16240166127681732,
123,991,,,-0.16090178489685059,,0.16090178489685059,
124,999,,,,-0.15085041522979736,,0.15085041522979736
124,999,,,-0.16045044362545013,,0.16045044362545013,
125,1007,,,-0.16295380890369415,,0.16295380890369415,
126,1015,,,-0.16181153059005737,,0.16181153059005737,
127,1023,,,-0.16272729635238647,,0.16272729635238647,
128,1031,,,-0.1625748574733734,,0.1625748574733734,
129,1039,,,-0.16251763701438904,,0.16251763701438904,
130,1047,,,-0.16206660866737366,,0.16206660866737366,
131,1049,,,,-0.15564566850662231,,0.15564566850662231
131,1055,,,-0.16231472790241241,,0.16231472790241241,
132,1063,,,-0.16112838685512543,,0.16112838685512543,
133,1071,,,-0.1621764898300171,,0.1621764898300171,
134,1079,,,-0.16144078969955444,,0.16144078969955444,
135,1087,,,-0.16395443677902222,,0.16395443677902222,
136,1095,,,-0.16286340355873108,,0.16286340355873108,
137,1099,,,,-0.2035520076751709,,0.2035520076751709
137,1103,,,-0.16503772139549255,,0.16503772139549255,
138,1111,,,-0.16282878816127777,,0.16282878816127777,
139,1119,,,-0.16336986422538757,,0.16336986422538757,
140,1127,,,-0.16447745263576508,,0.16447745263576508,
141,1135,,,-0.16257663071155548,,0.16257663071155548,
142,1143,,,-0.1626710742712021,,0.1626710742712021,
143,1149,,,,-0.12473922967910767,,0.12473922967910767
143,1151,,,-0.16332033276557922,,0.16332033276557922,
144,1159,,,-0.163000226020813,,0.163000226020813,
145,1167,,,-0.16315041482448578,,0.16315041482448578,
146,1175,,,-0.1630336344242096,,0.1630336344242096,
147,1183,,,-0.16314531862735748,,0.16314531862735748,
148,1191,,,-0.1635320633649826,,0.1635320633649826,
149,1199,,,,-0.19389694929122925,,0.19389694929122925
149,1199,,,-0.16439701616764069,,0.16439701616764069,
150,1207,,,-0.16387641429901123,,0.16387641429901123,
151,1215,,,-0.16341207921504974,,0.16341207921504974,
152,1223,,,-0.16446605324745178,,0.16446605324745178,
153,1231,,,-0.16470521688461304,,0.16470521688461304,
154,1239,,,-0.16275669634342194,,0.16275669634342194,
155,1247,,,-0.16305604577064514,,0.16305604577064514,
156,1249,,,,-0.1684359908103943,,0.1684359908103943
156,1255,,,-0.16352586448192596,,0.16352586448192596,
157,1263,,,-0.16297197341918945,,0.16297197341918945,
158,1271,,,-0.16604313254356384,,0.16604313254356384,
159,1279,,,-0.1646266132593155,,0.1646266132593155,
160,1287,,,-0.16255348920822144,,0.16255348920822144,
161,1295,,,-0.16436178982257843,,0.16436178982257843,
162,1299,,,,-0.21923351287841797,,0.21923351287841797
162,1303,,,-0.16501456499099731,,0.16501456499099731,
163,1311,,,-0.1644359976053238,,0.1644359976053238,
164,1319,,,-0.16396065056324005,,0.16396065056324005,
165,1327,,,-0.1645933836698532,,0.1645933836698532,
166,1335,,,-0.16356590390205383,,0.16356590390205383,
167,1343,,,-0.16388224065303802,,0.16388224065303802,
168,1349,,,,-0.17558419704437256,,0.17558419704437256
168,1351,,,-0.1637948751449585,,0.1637948751449585,
169,1359,,,-0.1627732664346695,,0.1627732664346695,
170,1367,,,-0.1643550992012024,,0.1643550992012024,
171,1375,,,-0.1645849645137787,,0.1645849645137787,
172,1383,,,-0.1635100394487381,,0.1635100394487381,
173,1391,,,-0.16465862095355988,,0.16465862095355988,
174,1399,,,,-0.16575193405151367,,0.16575193405151367
174,1399,,,-0.16367127001285553,,0.16367127001285553,
175,1407,,,-0.16472689807415009,,0.16472689807415009,
176,1415,,,-0.1649714857339859,,0.1649714857339859,
177,1423,,,-0.16503004729747772,,0.16503004729747772,
178,1431,,,-0.16532982885837555,,0.16532982885837555,
179,1439,,,-0.1649952232837677,,0.1649952232837677,
180,1447,,,-0.16300362348556519,,0.16300362348556519,
181,1449,,,,-0.2276206612586975,,0.2276206612586975
181,1455,,,-0.1643647998571396,,0.1643647998571396,
182,1463,,,-0.1645195633172989,,0.1645195633172989,
183,1471,,,-0.1640665978193283,,0.1640665978193283,
184,1479,,,-0.16285116970539093,,0.16285116970539093,
185,1487,,,-0.16401046514511108,,0.16401046514511108,
186,1495,,,-0.1648305207490921,,0.1648305207490921,
187,1499,,,,-0.21858924627304077,,0.21858924627304077
187,1503,,,-0.16462767124176025,,0.16462767124176025,
188,1511,,,-0.1632944494485855,,0.1632944494485855,
189,1519,,,-0.16584862768650055,,0.16584862768650055,
190,1527,,,-0.164530411362648,,0.164530411362648,
191,1535,,,-0.16320885717868805,,0.16320885717868805,
192,1543,,,-0.16761797666549683,,0.16761797666549683,
193,1549,,,,-0.14752548933029175,,0.14752548933029175
193,1551,,,-0.16431058943271637,,0.16431058943271637,
194,1559,,,-0.16385771334171295,,0.16385771334171295,
195,1567,,,-0.16370569169521332,,0.16370569169521332,
196,1575,,,-0.16650792956352234,,0.16650792956352234,
197,1583,,,-0.16512174904346466,,0.16512174904346466,
198,1591,,,-0.16542984545230865,,0.16542984545230865,
199,1599,,,,-0.14929252862930298,,0.14929252862930298
199,1599,,,-0.16425178945064545,,0.16425178945064545,
200,1607,,,-0.16760341823101044,,0.16760341823101044,
201,1615,,,-0.16393928229808807,,0.16393928229808807,
202,1623,,,-0.16462501883506775,,0.16462501883506775,
203,1631,,,-0.1653536856174469,,0.1653536856174469,
204,1639,,,-0.1638747751712799,,0.1638747751712799,
205,1647,,,-0.16494017839431763,,0.16494017839431763,
206,1649,,,,-0.2094264030456543,,0.2094264030456543
206,1655,,,-0.16799631714820862,,0.16799631714820862,
207,1663,,,-0.1664816439151764,,0.1664816439151764,
208,1671,,,-0.16419078409671783,,0.16419078409671783,
209,1679,,,-0.166387140750885,,0.166387140750885,
210,1687,,,-0.1648225039243698,,0.1648225039243698,
211,1695,,,-0.16487206518650055,,0.16487206518650055,
212,1699,,,,-0.15733551979064941,,0.15733551979064941
212,1703,,,-0.16532495617866516,,0.16532495617866516,
213,1711,,,-0.1658642292022705,,0.1658642292022705,
214,1719,,,-0.1647946685552597,,0.1647946685552597,
215,1727,,,-0.1676274836063385,,0.1676274836063385,
216,1735,,,-0.16403184831142426,,0.16403184831142426,
217,1743,,,-0.16434091329574585,,0.16434091329574585,
218,1749,,,,-0.15065640211105347,,0.15065640211105347
218,1751,,,-0.16792422533035278,,0.16792422533035278,
219,1759,,,-0.1654636412858963,,0.1654636412858963,
220,1767,,,-0.1689312607049942,,0.1689312607049942,
221,1775,,,-0.16482874751091003,,0.16482874751091003,
222,1783,,,-0.16437247395515442,,0.16437247395515442,
223,1791,,,-0.16679182648658752,,0.16679182648658752,
224,1799,,,,-0.19621235132217407,,0.19621235132217407
224,1799,,,-0.1651228815317154,,0.1651228815317154,
225,1807,,,-0.16661067306995392,,0.16661067306995392,
226,1815,,,-0.16666267812252045,,0.16666267812252045,
227,1823,,,-0.16525118052959442,,0.16525118052959442,
228,1831,,,-0.16531190276145935,,0.16531190276145935,
229,1839,,,-0.1661124974489212,,0.1661124974489212,
230,1847,,,-0.16739509999752045,,0.16739509999752045,
231,1849,,,,-0.15503579378128052,,0.15503579378128052
231,1855,,,-0.16625413298606873,,0.16625413298606873,
232,1863,,,-0.16637207567691803,,0.16637207567691803,
233,1871,,,-0.16433575749397278,,0.16433575749397278,
234,1879,,,-0.16661852598190308,,0.16661852598190308,
235,1887,,,-0.16724418103694916,,0.16724418103694916,
236,1895,,,-0.16588027775287628,,0.16588027775287628,
237,1899,,,,-0.17600774765014648,,0.17600774765014648
237,1903,,,-0.16545288264751434,,0.16545288264751434,
238,1911,,,-0.16452206671237946,,0.16452206671237946,
239,1919,,,-0.16529513895511627,,0.16529513895511627,
240,1927,,,-0.16697143018245697,,0.16697143018245697,
241,1935,,,-0.17087605595588684,,0.17087605595588684,
242,1943,,,-0.1654660850763321,,0.1654660850763321,
243,1949,,,,-0.15881001949310303,,0.15881001949310303
243,1951,,,-0.16490885615348816,,0.16490885615348816,
244,1959,,,-0.16684752702713013,,0.16684752702713013,
245,1967,,,-0.1652199774980545,,0.1652199774980545,
246,1975,,,-0.16672277450561523,,0.16672277450561523,
247,1983,,,-0.16713528335094452,,0.16713528335094452,
248,1991,,,-0.1646474450826645,,0.1646474450826645,
249,1999,,,,-0.18273556232452393,,0.18273556232452393
249,1999,,,-0.16557234525680542,,0.16557234525680542,
250,2007,,,-0.16615672409534454,,0.16615672409534454,
251,2015,,,-0.16690325736999512,,0.16690325736999512,
252,2023,,,-0.1645660251379013,,0.1645660251379013,
253,2031,,,-0.16917665302753448,,0.16917665302753448,
254,2039,,,-0.1684512495994568,,0.1684512495994568,
255,2047,,,-0.1678110808134079,,0.1678110808134079,
256,2049,,,,-0.18950331211090088,,0.18950331211090088
256,2055,,,-0.164637491106987,,0.164637491106987,
257,2063,,,-0.16545704007148743,,0.16545704007148743,
258,2071,,,-0.16419830918312073,,0.16419830918312073,
259,2079,,,-0.16867324709892273,,0.16867324709892273,
260,2087,,,-0.17253299057483673,,0.17253299057483673,
261,2095,,,-0.16809047758579254,,0.16809047758579254,
262,2099,,,,-0.13337773084640503,,0.13337773084640503
262,2103,,,-0.16637495160102844,,0.16637495160102844,
263,2111,,,-0.16606879234313965,,0.16606879234313965,
264,2119,,,-0.16657580435276031,,0.16657580435276031,
265,2127,,,-0.16669705510139465,,0.16669705510139465,
266,2135,,,-0.16602879762649536,,0.16602879762649536,
267,2143,,,-0.16662128269672394,,0.16662128269672394,
268,2149,,,,-0.22050350904464722,,0.22050350904464722
268,2151,,,-0.16643835604190826,,0.16643835604190826,
269,2159,,,-0.16824640333652496,,0.16824640333652496,
270,2167,,,-0.16429965198040009,,0.16429965198040009,
271,2175,,,-0.16694705188274384,,0.16694705188274384,
272,2183,,,-0.16458706557750702,,0.16458706557750702,
273,2191,,,-0.1662377417087555,,0.1662377417087555,
274,2199,,,,-0.061430424451828,,0.061430424451828
274,2199,,,-0.16917409002780914,,0.16917409002780914,
275,2207,,,-0.1676625907421112,,0.1676625907421112,
276,2215,,,-0.16434292495250702,,0.16434292495250702,
277,2223,,,-0.16793273389339447,,0.16793273389339447,
278,2231,,,-0.165494903922081,,0.165494903922081,
279,2239,,,-0.1657259315252304,,0.1657259315252304,
280,2247,,,-0.1663476526737213,,0.1663476526737213,
281,2249,,,,-0.19040942192077637,,0.19040942192077637
281,2255,,,-0.16766272485256195,,0.16766272485256195,
282,2263,,,-0.16510862112045288,,0.16510862112045288,
283,2271,,,-0.16636843979358673,,0.16636843979358673,
284,2279,,,-0.16452328860759735,,0.16452328860759735,
285,2287,,,-0.1673128604888916,,0.1673128604888916,
286,2295,,,-0.16750070452690125,,0.16750070452690125,
287,2299,,,,-0.21792536973953247,,0.21792536973953247
287,2303,,,-0.16694888472557068,,0.16694888472557068,
288,2311,,,-0.16807936131954193,,0.16807936131954193,
289,2319,,,-0.16660615801811218,,0.16660615801811218,
290,2327,,,-0.16414108872413635,,0.16414108872413635,
291,2335,,,-0.1645982712507248,,0.1645982712507248,
292,2343,,,-0.16529600322246552,,0.16529600322246552,
293,2349,,,,-0.1340201497077942,,0.1340201497077942
293,2351,,,-0.16950932145118713,,0.16950932145118713,
294,2359,,,-0.16592882573604584,,0.16592882573604584,
295,2367,,,-0.16528438031673431,,0.16528438031673431,
296,2375,,,-0.16472549736499786,,0.16472549736499786,
297,2383,,,-0.1651131957769394,,0.1651131957769394,
298,2391,,,-0.1671401858329773,,0.1671401858329773,
299,2399,,,,-0.1117706298828125,,0.1117706298828125
299,2399,,,-0.1669074445962906,,0.1669074445962906,
300,2407,,,-0.16548360884189606,,0.16548360884189606,
301,2415,,,-0.16613061726093292,,0.16613061726093292,
302,2423,,,-0.16771015524864197,,0.16771015524864197,
303,2431,,,-0.16760823130607605,,0.16760823130607605,
304,2439,,,-0.16568584740161896,,0.16568584740161896,
305,2447,,,-0.16519707441329956,,0.16519707441329956,
306,2449,,,,-0.20379221439361572,,0.20379221439361572
306,2455,,,-0.17206624150276184,,0.17206624150276184,
307,2463,,,-0.1658151000738144,,0.1658151000738144,
308,2471,,,-0.16765223443508148,,0.16765223443508148,
309,2479,,,-0.16909606754779816,,0.16909606754779816,
310,2487,,,-0.16481968760490417,,0.16481968760490417,
311,2495,,,-0.16548416018486023,,0.16548416018486023,
312,2499,,,,-0.16897904872894287,,0.16897904872894287
312,2503,,,-0.16556261479854584,,0.16556261479854584,
313,2511,,,-0.16607405245304108,,0.16607405245304108,
314,2519,,,-0.16654276847839355,,0.16654276847839355,
315,2527,,,-0.16635529696941376,,0.16635529696941376,
316,2535,,,-0.1653362214565277,,0.1653362214565277,
317,2543,,,-0.16587795317173004,,0.16587795317173004,
318,2549,,,,-0.1731855273246765,,0.1731855273246765
318,2551,,,-0.16691884398460388,,0.16691884398460388,
319,2559,,,-0.16620700061321259,,0.16620700061321259,
320,2567,,,-0.16885003447532654,,0.16885003447532654,
321,2575,,,-0.16612423956394196,,0.16612423956394196,
322,2583,,,-0.16430997848510742,,0.16430997848510742,
323,2591,,,-0.16568739712238312,,0.16568739712238312,
324,2599,,,,-0.20516067743301392,,0.20516067743301392
324,2599,,,-0.16582176089286804,,0.16582176089286804,
325,2607,,,-0.16429653763771057,,0.16429653763771057,
326,2615,,,-0.1666971743106842,,0.1666971743106842,
327,2623,,,-0.16546672582626343,,0.16546672582626343,
328,2631,,,-0.16538414359092712,,0.16538414359092712,
329,2639,,,-0.1661624014377594,,0.1661624014377594,
330,2647,,,-0.16479992866516113,,0.16479992866516113,
331,2649,,,,-0.19087600708007812,,0.19087600708007812
331,2655,,,-0.16509097814559937,,0.16509097814559937,
332,2663,,,-0.16734401881694794,,0.16734401881694794,
333,2671,,,-0.16536135971546173,,0.16536135971546173,
334,2679,,,-0.1667204350233078,,0.1667204350233078,
335,2687,,,-0.1678069680929184,,0.1678069680929184,
336,2695,,,-0.16526877880096436,,0.16526877880096436,
337,2699,,,,-0.1658002734184265,,0.1658002734184265
337,2703,,,-0.16607879102230072,,0.16607879102230072,
338,2711,,,-0.16614031791687012,,0.16614031791687012,
339,2719,,,-0.1654578149318695,,0.1654578149318695,
340,2727,,,-0.16691593825817108,,0.16691593825817108,
341,2735,,,-0.16531234979629517,,0.16531234979629517,
342,2743,,,-0.16651606559753418,,0.16651606559753418,
343,2749,,,,-0.13452905416488647,,0.13452905416488647
343,2751,,,-0.16741427779197693,,0.16741427779197693,
344,2759,,,-0.1651425063610077,,0.1651425063610077,
345,2767,,,-0.16661608219146729,,0.16661608219146729,
346,2775,,,-0.16721847653388977,,0.16721847653388977,
347,2783,,,-0.17068585753440857,,0.17068585753440857,
348,2791,,,-0.16705434024333954,,0.16705434024333954,
349,2799,,,,-0.16198855638504028,,0.16198855638504028
349,2799,,,-0.16561923921108246,,0.16561923921108246,
350,2807,,,-0.16750070452690125,,0.16750070452690125,
351,2815,,,-0.16526974737644196,,0.16526974737644196,
352,2823,,,-0.1670088917016983,,0.1670088917016983,
353,2831,,,-0.1676708459854126,,0.1676708459854126,
354,2839,,,-0.1660892516374588,,0.1660892516374588,
355,2847,,,-0.16573494672775269,,0.16573494672775269,
356,2849,,,,-0.17460417747497559,,0.17460417747497559
356,2855,,,-0.1648014485836029,,0.1648014485836029,
357,2863,,,-0.16647149622440338,,0.16647149622440338,
358,2871,,,-0.16642096638679504,,0.16642096638679504,
359,2879,,,-0.16661511361598969,,0.16661511361598969,
360,2887,,,-0.16446563601493835,,0.16446563601493835,
361,2895,,,-0.16653063893318176,,0.16653063893318176,
362,2899,,,,-0.12783628702163696,,0.12783628702163696
362,2903,,,-0.16545061767101288,,0.16545061767101288,
363,2911,,,-0.16995254158973694,,0.16995254158973694,
364,2919,,,-0.17493458092212677,,0.17493458092212677,
365,2927,,,-0.16728481650352478,,0.16728481650352478,
366,2935,,,-0.17131072282791138,,0.17131072282791138,
367,2943,,,-0.1651371568441391,,0.1651371568441391,
368,2949,,,,-0.19290071725845337,,0.19290071725845337
368,2951,,,-0.1711934357881546,,0.1711934357881546,
369,2959,,,-0.16552509367465973,,0.16552509367465973,
370,2967,,,-0.1684129387140274,,0.1684129387140274,
371,2975,,,-0.16709072887897491,,0.16709072887897491,
372,2983,,,-0.16756772994995117,,0.16756772994995117,
373,2991,,,-0.16610363125801086,,0.16610363125801086,
374,2999,,,,-0.20303845405578613,,0.20303845405578613
374,2999,,,-0.16626369953155518,,0.16626369953155518,
375,3007,,,-0.16495099663734436,,0.16495099663734436,
376,3015,,,-0.1665286421775818,,0.1665286421775818,
377,3023,,,-0.16620101034641266,,0.16620101034641266,
378,3031,,,-0.1672430783510208,,0.1672430783510208,
379,3039,,,-0.16706959903240204,,0.16706959903240204,
380,3047,,,-0.1652725338935852,,0.1652725338935852,
381,3049,,,,-0.19094902276992798,,0.19094902276992798
381,3055,,,-0.16469530761241913,,0.16469530761241913,
382,3063,,,-0.17647089064121246,,0.17647089064121246,
383,3071,,,-0.16660641133785248,,0.16660641133785248,
384,3079,,,-0.1682887226343155,,0.1682887226343155,
385,3087,,,-0.1665957272052765,,0.1665957272052765,
386,3095,,,-0.16746388375759125,,0.16746388375759125,
387,3099,,,,-0.14861363172531128,,0.14861363172531128
387,3103,,,-0.1668156236410141,,0.1668156236410141,
388,3111,,,-0.1671496331691742,,0.1671496331691742,
389,3119,,,-0.16769959032535553,,0.16769959032535553,
390,3127,,,-0.16937032341957092,,0.16937032341957092,
391,3135,,,-0.1687694638967514,,0.1687694638967514,
392,3143,,,-0.16960957646369934,,0.16960957646369934,
393,3149,,,,-0.21659034490585327,,0.21659034490585327
393,3151,,,-0.16781869530677795,,0.16781869530677795,
394,3159,,,-0.16698141396045685,,0.16698141396045685,
395,3167,,,-0.16987381875514984,,0.16987381875514984,
396,3175,,,-0.16548265516757965,,0.16548265516757965,
397,3183,,,-0.1675012856721878,,0.1675012856721878,
398,3191,,,-0.17300856113433838,,0.17300856113433838,
399,3199,,,,-0.1530170440673828,,0.1530170440673828
399,3199,,,-0.1676214039325714,,0.1676214039325714,
400,3207,,,-0.1666615754365921,,0.1666615754365921,
401,3215,,,-0.16720855236053467,,0.16720855236053467,
402,3223,,,-0.16871067881584167,,0.16871067881584167,
403,3231,,,-0.16901685297489166,,0.16901685297489166,
404,3239,,,-0.16902175545692444,,0.16902175545692444,
405,3247,,,-0.16675402224063873,,0.16675402224063873,
406,3249,,,,-0.15436214208602905,,0.15436214208602905
406,3255,,,-0.16553986072540283,,0.16553986072540283,
407,3263,,,-0.1713898777961731,,0.1713898777961731,
408,3271,,,-0.170674666762352,,0.170674666762352,
409,3279,,,-0.16716496646404266,,0.16716496646404266,
410,3287,,,-0.1675235778093338,,0.1675235778093338,
411,3295,,,-0.17068760097026825,,0.17068760097026825,
412,3299,,,,-0.20273828506469727,,0.20273828506469727
412,3303,,,-0.1656131148338318,,0.1656131148338318,
413,3311,,,-0.16537004709243774,,0.16537004709243774,
414,3319,,,-0.16682077944278717,,0.16682077944278717,
415,3327,,,-0.1680007427930832,,0.1680007427930832,
416,3335,,,-0.16773676872253418,,0.16773676872253418,
417,3343,,,-0.16669802367687225,,0.16669802367687225,
418,3349,,,,-0.15990442037582397,,0.15990442037582397
418,3351,,,-0.1665765345096588,,0.1665765345096588,
419,3359,,,-0.16692672669887543,,0.16692672669887543,
420,3367,,,-0.16590671241283417,,0.16590671241283417,
421,3375,,,-0.16580376029014587,,0.16580376029014587,
422,3383,,,-0.16679689288139343,,0.16679689288139343,
423,3391,,,-0.16532832384109497,,0.16532832384109497,
424,3399,,,,-0.2181677222251892,,0.2181677222251892
424,3399,,,-0.16816815733909607,,0.16816815733909607,
425,3407,,,-0.16652412712574005,,0.16652412712574005,
426,3415,,,-0.1681453138589859,,0.1681453138589859,
427,3423,,,-0.16656610369682312,,0.16656610369682312,
428,3431,,,-0.1653076410293579,,0.1653076410293579,
429,3439,,,-0.16601674258708954,,0.16601674258708954,
430,3447,,,-0.16646531224250793,,0.16646531224250793,
431,3449,,,,-0.16184896230697632,,0.16184896230697632
431,3455,,,-0.1688203364610672,,0.1688203364610672,
432,3463,,,-0.16692005097866058,,0.16692005097866058,
433,3471,,,-0.16703785955905914,,0.16703785955905914,
434,3479,,,-0.16967768967151642,,0.16967768967151642,
435,3487,,,-0.16878141462802887,,0.16878141462802887,
436,3495,,,-0.16855591535568237,,0.16855591535568237,
437,3499,,,,-0.20773357152938843,,0.20773357152938843
437,3503,,,-0.16620253026485443,,0.16620253026485443,
438,3511,,,-0.16534647345542908,,0.16534647345542908,
439,3519,,,-0.16733001172542572,,0.16733001172542572,
440,3527,,,-0.16957704722881317,,0.16957704722881317,
441,3535,,,-0.16536401212215424,,0.16536401212215424,
442,3543,,,-0.16760924458503723,,0.16760924458503723,
443,3549,,,,-0.2130534052848816,,0.2130534052848816
443,3551,,,-0.16788657009601593,,0.16788657009601593,
444,3559,,,-0.16542674601078033,,0.16542674601078033,
445,3567,,,-0.16804811358451843,,0.16804811358451843,
446,3575,,,-0.16595740616321564,,0.16595740616321564,
447,3583,,,-0.16507704555988312,,0.16507704555988312,
448,3591,,,-0.16681286692619324,,0.16681286692619324,
449,3599,,,,-0.1607946753501892,,0.1607946753501892
449,3599,,,-0.1664288341999054,,0.1664288341999054,
450,3607,,,-0.16570217907428741,,0.16570217907428741,
451,3615,,,-0.1691395342350006,,0.1691395342350006,
452,3623,,,-0.16860538721084595,,0.16860538721084595,
453,3631,,,-0.17317147552967072,,0.17317147552967072,
454,3639,,,-0.16767917573451996,,0.16767917573451996,
455,3647,,,-0.16750562191009521,,0.16750562191009521,
456,3649,,,,-0.14642399549484253,,0.14642399549484253
456,3655,,,-0.1644161194562912,,0.1644161194562912,
457,3663,,,-0.16847065091133118,,0.16847065091133118,
458,3671,,,-0.16977933049201965,,0.16977933049201965,
459,3679,,,-0.17038103938102722,,0.17038103938102722,
460,3687,,,-0.16611799597740173,,0.16611799597740173,
461,3695,,,-0.16962583363056183,,0.16962583363056183,
462,3699,,,,-0.14110034704208374,,0.14110034704208374
462,3703,,,-0.16620147228240967,,0.16620147228240967,
463,3711,,,-0.16697776317596436,,0.16697776317596436,
464,3719,,,-0.16743728518486023,,0.16743728518486023,
465,3727,,,-0.16875191032886505,,0.16875191032886505,
466,3735,,,-0.16637901961803436,,0.16637901961803436,
467,3743,,,-0.16601872444152832,,0.16601872444152832,
468,3749,,,,-0.19358330965042114,,0.19358330965042114
468,3751,,,-0.1694330871105194,,0.1694330871105194,
469,3759,,,-0.16461338102817535,,0.16461338102817535,
470,3767,,,-0.1665683388710022,,0.1665683388710022,
471,3775,,,-0.16517862677574158,,0.16517862677574158,
472,3783,,,-0.17036785185337067,,0.17036785185337067,
473,3791,,,-0.16691264510154724,,0.16691264510154724,
474,3799,,,,-0.21228301525115967,,0.21228301525115967
474,3799,,,-0.16674470901489258,,0.16674470901489258,
475,3807,,,-0.16564111411571503,,0.16564111411571503,
476,3815,,,-0.1668471246957779,,0.1668471246957779,
477,3823,,,-0.16915510594844818,,0.16915510594844818,
478,3831,,,-0.16580095887184143,,0.16580095887184143,
479,3839,,,-0.16573217511177063,,0.16573217511177063,
480,3847,,,-0.17077529430389404,,0.17077529430389404,
481,3849,,,,-0.12507885694503784,,0.12507885694503784
481,3855,,,-0.1668366640806198,,0.1668366640806198,
482,3863,,,-0.1696915477514267,,0.1696915477514267,
483,3871,,,-0.16570933163166046,,0.16570933163166046,
484,3879,,,-0.1667233407497406,,0.1667233407497406,
485,3887,,,-0.16556856036186218,,0.16556856036186218,
486,3895,,,-0.16605111956596375,,0.16605111956596375,
487,3899,,,,-0.16724014282226562,,0.16724014282226562
487,3903,,,-0.16712573170661926,,0.16712573170661926,
488,3911,,,-0.16974875330924988,,0.16974875330924988,
489,3919,,,-0.16673117876052856,,0.16673117876052856,
490,3927,,,-0.16805292665958405,,0.16805292665958405,
491,3935,,,-0.16790683567523956,,0.16790683567523956,
492,3943,,,-0.16470517218112946,,0.16470517218112946,
493,3949,,,,-0.15128427743911743,,0.15128427743911743
493,3951,,,-0.1673983484506607,,0.1673983484506607,
494,3959,,,-0.16664980351924896,,0.16664980351924896,
495,3967,,,-0.16527238488197327,,0.16527238488197327,
496,3975,,,-0.17130258679389954,,0.17130258679389954,
497,3983,,,-0.16560430824756622,,0.16560430824756622,
498,3991,,,-0.16610220074653625,,0.16610220074653625,
499,3999,,,,-0.13707631826400757,,0.13707631826400757
499,3999,,,-0.1692872792482376,,0.1692872792482376,
500,4007,,,-0.16677099466323853,,0.16677099466323853,
501,4015,,,-0.16720664501190186,,0.16720664501190186,
502,4023,,,-0.16683150827884674,,0.16683150827884674,
503,4031,,,-0.16673746705055237,,0.16673746705055237,
504,4039,,,-0.16697444021701813,,0.16697444021701813,
505,4047,,,-0.1675349324941635,,0.1675349324941635,
506,4049,,,,-0.19435644149780273,,0.19435644149780273
506,4055,,,-0.16756610572338104,,0.16756610572338104,
507,4063,,,-0.1647460013628006,,0.1647460013628006,
508,4071,,,-0.16772709786891937,,0.16772709786891937,
509,4079,,,-0.16511929035186768,,0.16511929035186768,
510,4087,,,-0.16535188257694244,,0.16535188257694244,
511,4095,,,-0.16633963584899902,,0.16633963584899902,
512,4099,,,,-0.1826765537261963,,0.1826765537261963
512,4103,,,-0.17102932929992676,,0.17102932929992676,
513,4111,,,-0.16768933832645416,,0.16768933832645416,
514,4119,,,-0.16612966358661652,,0.16612966358661652,
515,4127,,,-0.16816067695617676,,0.16816067695617676,
516,4135,,,-0.17116346955299377,,0.17116346955299377,
517,4143,,,-0.16804316639900208,,0.16804316639900208,
518,4149,,,,-0.13765853643417358,,0.13765853643417358
518,4151,,,-0.16872423887252808,,0.16872423887252808,
519,4159,,,-0.1652202159166336,,0.1652202159166336,
520,4167,,,-0.16600339114665985,,0.16600339114665985,
521,4175,,,-0.16668154299259186,,0.16668154299259186,
522,4183,,,-0.17134445905685425,,0.17134445905685425,
523,4191,,,-0.16598698496818542,,0.16598698496818542,
524,4199,,,,-0.13837659358978271,,0.13837659358978271
524,4199,,,-0.16713948547840118,,0.16713948547840118,
525,4207,,,-0.16895513236522675,,0.16895513236522675,
526,4215,,,-0.17006145417690277,,0.17006145417690277,
527,4223,,,-0.16844172775745392,,0.16844172775745392,
528,4231,,,-0.16664497554302216,,0.16664497554302216,
529,4239,,,-0.1667436957359314,,0.1667436957359314,
530,4247,,,-0.17283353209495544,,0.17283353209495544,
531,4249,,,,-0.18670809268951416,,0.18670809268951416
531,4255,,,-0.1681853085756302,,0.1681853085756302,
532,4263,,,-0.16654643416404724,,0.16654643416404724,
533,4271,,,-0.16757895052433014,,0.16757895052433014,
534,4279,,,-0.1685764193534851,,0.1685764193534851,
535,4287,,,-0.16962915658950806,,0.16962915658950806,
536,4295,,,-0.1693204790353775,,0.1693204790353775,
537,4299,,,,-0.16384530067443848,,0.16384530067443848
537,4303,,,-0.16512370109558105,,0.16512370109558105,
538,4311,,,-0.1707037091255188,,0.1707037091255188,
539,4319,,,-0.1653936207294464,,0.1653936207294464,
540,4327,,,-0.1667514145374298,,0.1667514145374298,
541,4335,,,-0.16703128814697266,,0.16703128814697266,
542,4343,,,-0.16837626695632935,,0.16837626695632935,
543,4349,,,,-0.13906842470169067,,0.13906842470169067
543,4351,,,-0.16697433590888977,,0.16697433590888977,
544,4359,,,-0.16684085130691528,,0.16684085130691528,
545,4367,,,-0.1656848043203354,,0.1656848043203354,
546,4375,,,-0.1652490198612213,,0.1652490198612213,
547,4383,,,-0.17296656966209412,,0.17296656966209412,
548,4391,,,-0.1688280701637268,,0.1688280701637268,
549,4399,,,,-0.2227657437324524,,0.2227657437324524
549,4399,,,-0.17238935828208923,,0.17238935828208923,
550,4407,,,-0.1669062376022339,,0.1669062376022339,
551,4415,,,-0.16611087322235107,,0.16611087322235107,
552,4423,,,-0.16968071460723877,,0.16968071460723877,
553,4431,,,-0.16698214411735535,,0.16698214411735535,
554,4439,,,-0.16942977905273438,,0.16942977905273438,
555,4447,,,-0.16618941724300385,,0.16618941724300385,
556,4449,,,,-0.15675026178359985,,0.15675026178359985
556,4455,,,-0.16543808579444885,,0.16543808579444885,
557,4463,,,-0.17367276549339294,,0.17367276549339294,
558,4471,,,-0.17176826298236847,,0.17176826298236847,
559,4479,,,-0.16610629856586456,,0.16610629856586456,
560,4487,,,-0.16541989147663116,,0.16541989147663116,
561,4495,,,-0.16894757747650146,,0.16894757747650146,
562,4499,,,,-0.19179153442382812,,0.19179153442382812
562,4503,,,-0.1675410270690918,,0.1675410270690918,
563,4511,,,-0.16612008213996887,,0.16612008213996887,
564,4519,,,-0.16866622865200043,,0.16866622865200043,
565,4527,,,-0.16914567351341248,,0.16914567351341248,
566,4535,,,-0.16803456842899323,,0.16803456842899323,
567,4543,,,-0.16825437545776367,,0.16825437545776367,
568,4549,,,,-0.09791290760040283,,0.09791290760040283
568,4551,,,-0.1672733575105667,,0.1672733575105667,
569,4559,,,-0.16797222197055817,,0.16797222197055817,
570,4567,,,-0.16648003458976746,,0.16648003458976746,
571,4575,,,-0.1656775027513504,,0.1656775027513504,
572,4583,,,-0.1691172569990158,,0.1691172569990158,
573,4591,,,-0.17090141773223877,,0.17090141773223877,
574,4599,,,,-0.1673528552055359,,0.1673528552055359
574,4599,,,-0.1663026511669159,,0.1663026511669159,
575,4607,,,-0.16879169642925262,,0.16879169642925262,
576,4615,,,-0.16926133632659912,,0.16926133632659912,
577,4623,,,-0.16608957946300507,,0.16608957946300507,
578,4631,,,-0.1670697033405304,,0.1670697033405304,
579,4639,,,-0.17136427760124207,,0.17136427760124207,
580,4647,,,-0.16587033867835999,,0.16587033867835999,
581,4649,,,,-0.1814776062965393,,0.1814776062965393
581,4655,,,-0.16902926564216614,,0.16902926564216614,
582,4663,,,-0.1711024045944214,,0.1711024045944214,
583,4671,,,-0.1657017469406128,,0.1657017469406128,
584,4679,,,-0.17189358174800873,,0.17189358174800873,
585,4687,,,-0.1667335033416748,,0.1667335033416748,
586,4695,,,-0.16535428166389465,,0.16535428166389465,
587,4699,,,,-0.13517636060714722,,0.13517636060714722
587,4703,,,-0.16820493340492249,,0.16820493340492249,
588,4711,,,-0.16649563610553741,,0.16649563610553741,
589,4719,,,-0.1662321537733078,,0.1662321537733078,
590,4727,,,-0.16710752248764038,,0.16710752248764038,
591,4735,,,-0.1679624319076538,,0.1679624319076538,
592,4743,,,-0.168028324842453,,0.168028324842453,
593,4749,,,,-0.13601988554000854,,0.13601988554000854
593,4751,,,-0.16913020610809326,,0.16913020610809326,
594,4759,,,-0.16723594069480896,,0.16723594069480896,
595,4767,,,-0.1694905310869217,,0.1694905310869217,
596,4775,,,-0.16625581681728363,,0.16625581681728363,
597,4783,,,-0.16743196547031403,,0.16743196547031403,
598,4791,,,-0.16602447628974915,,0.16602447628974915,
599,4799,,,,-0.20331674814224243,,0.20331674814224243
599,4799,,,-0.1683259755373001,,0.1683259755373001,
600,4807,,,-0.1671316921710968,,0.1671316921710968,
601,4815,,,-0.16845294833183289,,0.16845294833183289,
602,4823,,,-0.16732312738895416,,0.16732312738895416,
603,4831,,,-0.17071238160133362,,0.17071238160133362,
604,4839,,,-0.1673891395330429,,0.1673891395330429,
605,4847,,,-0.16689883172512054,,0.16689883172512054,
606,4849,,,,-0.11487799882888794,,0.11487799882888794
606,4855,,,-0.16751812398433685,,0.16751812398433685,
607,4863,,,-0.1680900752544403,,0.1680900752544403,
608,4871,,,-0.1694493591785431,,0.1694493591785431,
609,4879,,,-0.17270083725452423,,0.17270083725452423,
610,4887,,,-0.166433185338974,,0.166433185338974,
611,4895,,,-0.16812680661678314,,0.16812680661678314,
612,4899,,,,-0.1357855200767517,,0.1357855200767517
612,4903,,,-0.1679859161376953,,0.1679859161376953,
613,4911,,,-0.1679263412952423,,0.1679263412952423,
614,4919,,,-0.16522124409675598,,0.16522124409675598,
615,4927,,,-0.1709946095943451,,0.1709946095943451,
616,4935,,,-0.16641005873680115,,0.16641005873680115,
617,4943,,,-0.16675825417041779,,0.16675825417041779,
618,4949,,,,-0.0947796106338501,,0.0947796106338501
618,4951,,,-0.17264896631240845,,0.17264896631240845,
619,4959,,,-0.16767990589141846,,0.16767990589141846,
620,4967,,,-0.17005011439323425,,0.17005011439323425,
621,4975,,,-0.16913288831710815,,0.16913288831710815,
622,4983,,,-0.16744789481163025,,0.16744789481163025,
623,4991,,,-0.16730064153671265,,0.16730064153671265,
624,4999,,,,-0.1167563796043396,,0.1167563796043396
624,4999,,,-0.16709767282009125,,0.16709767282009125,
625,5007,,,-0.16737599670886993,,0.16737599670886993,
626,5015,,,-0.16766270995140076,,0.16766270995140076,
627,5023,,,-0.16641199588775635,,0.16641199588775635,
628,5031,,,-0.17007309198379517,,0.17007309198379517,
629,5039,,,-0.1673787534236908,,0.1673787534236908,
630,5047,,,-0.16677144169807434,,0.16677144169807434,
631,5049,,,,-0.08558547496795654,,0.08558547496795654
631,5055,,,-0.17271488904953003,,0.17271488904953003,
632,5063,,,-0.17044806480407715,,0.17044806480407715,
633,5071,,,-0.17141763865947723,,0.17141763865947723,
634,5079,,,-0.16965848207473755,,0.16965848207473755,
635,5087,,,-0.16985318064689636,,0.16985318064689636,
636,5095,,,-0.17080098390579224,,0.17080098390579224,
637,5099,,,,-0.25998908281326294,,0.25998908281326294
637,5103,,,-0.17189852893352509,,0.17189852893352509,
638,5111,,,-0.17479950189590454,,0.17479950189590454,
639,5119,,,-0.16784702241420746,,0.16784702241420746,
640,5127,,,-0.1672624945640564,,0.1672624945640564,
641,5135,,,-0.17372609674930573,,0.17372609674930573,
642,5143,,,-0.16595308482646942,,0.16595308482646942,
643,5149,,,,-0.26937538385391235,,0.26937538385391235
643,5151,,,-0.1714046597480774,,0.1714046597480774,
644,5159,,,-0.16692210733890533,,0.16692210733890533,
645,5167,,,-0.16896134614944458,,0.16896134614944458,
646,5175,,,-0.17097391188144684,,0.17097391188144684,
647,5183,,,-0.17562894523143768,,0.17562894523143768,
648,5191,,,-0.16984741389751434,,0.16984741389751434,
649,5199,,,,-0.222156822681427,,0.222156822681427
649,5199,,,-0.16718436777591705,,0.16718436777591705,
650,5207,,,-0.16855664551258087,,0.16855664551258087,
651,5215,,,-0.17027346789836884,,0.17027346789836884,
652,5223,,,-0.16752304136753082,,0.16752304136753082,
653,5231,,,-0.17079433798789978,,0.17079433798789978,
654,5239,,,-0.16555242240428925,,0.16555242240428925,
655,5247,,,-0.16918642818927765,,0.16918642818927765,
656,5249,,,,-0.26766687631607056,,0.26766687631607056
656,5255,,,-0.1691219061613083,,0.1691219061613083,
657,5263,,,-0.1679774969816208,,0.1679774969816208,
658,5271,,,-0.1679883599281311,,0.1679883599281311,
659,5279,,,-0.16758272051811218,,0.16758272051811218,
660,5287,,,-0.17155000567436218,,0.17155000567436218,
661,5295,,,-0.16837731003761292,,0.16837731003761292,
662,5299,,,,-0.19928526878356934,,0.19928526878356934
662,5303,,,-0.1684616208076477,,0.1684616208076477,
663,5311,,,-0.16887901723384857,,0.16887901723384857,
664,5319,,,-0.16754531860351562,,0.16754531860351562,
665,5327,,,-0.1665274053812027,,0.1665274053812027,
666,5335,,,-0.16733847558498383,,0.16733847558498383,
667,5343,,,-0.16908316314220428,,0.16908316314220428,
668,5349,,,,-0.13115179538726807,,0.13115179538726807
668,5351,,,-0.1668795645236969,,0.1668795645236969,
669,5359,,,-0.16646245121955872,,0.16646245121955872,
670,5367,,,-0.16670681536197662,,0.16670681536197662,
671,5375,,,-0.16632018983364105,,0.16632018983364105,
672,5383,,,-0.16765327751636505,,0.16765327751636505,
673,5391,,,-0.16853126883506775,,0.16853126883506775,
674,5399,,,,-0.16994595527648926,,0.16994595527648926
674,5399,,,-0.16638705134391785,,0.16638705134391785,
675,5407,,,-0.16768696904182434,,0.16768696904182434,
676,5415,,,-0.16974613070487976,,0.16974613070487976,
677,5423,,,-0.16798163950443268,,0.16798163950443268,
678,5431,,,-0.16634801030158997,,0.16634801030158997,
679,5439,,,-0.16701044142246246,,0.16701044142246246,
680,5447,,,-0.16814477741718292,,0.16814477741718292,
681,5449,,,,-0.13973844051361084,,0.13973844051361084
681,5455,,,-0.16825415194034576,,0.16825415194034576,
682,5463,,,-0.1714976578950882,,0.1714976578950882,
683,5471,,,-0.16693811118602753,,0.16693811118602753,
684,5479,,,-0.1670880913734436,,0.1670880913734436,
685,5487,,,-0.16986173391342163,,0.16986173391342163,
686,5495,,,-0.16925778985023499,,0.16925778985023499,
687,5499,,,,-0.15782254934310913,,0.15782254934310913
687,5503,,,-0.16794537007808685,,0.16794537007808685,
688,5511,,,-0.16965961456298828,,0.16965961456298828,
689,5519,,,-0.1690325289964676,,0.1690325289964676,
690,5527,,,-0.16943329572677612,,0.16943329572677612,
691,5535,,,-0.17416530847549438,,0.17416530847549438,
692,5543,,,-0.16664418578147888,,0.16664418578147888,
693,5549,,,,-0.1639242172241211,,0.1639242172241211
693,5551,,,-0.16692005097866058,,0.16692005097866058,
694,5559,,,-0.16623665392398834,,0.16623665392398834,
695,5567,,,-0.1671389937400818,,0.1671389937400818,
696,5575,,,-0.16739404201507568,,0.16739404201507568,
697,5583,,,-0.16999408602714539,,0.16999408602714539,
698,5591,,,-0.16818781197071075,,0.16818781197071075,
699,5599,,,,-0.2031070590019226,,0.2031070590019226
699,5599,,,-0.16787701845169067,,0.16787701845169067,
700,5607,,,-0.1677820235490799,,0.1677820235490799,
701,5615,,,-0.16729523241519928,,0.16729523241519928,
702,5623,,,-0.16771167516708374,,0.16771167516708374,
703,5631,,,-0.16523538529872894,,0.16523538529872894,
704,5639,,,-0.16670256853103638,,0.16670256853103638,
705,5647,,,-0.16937768459320068,,0.16937768459320068,
706,5649,,,,-0.14876919984817505,,0.14876919984817505
706,5655,,,-0.17053870856761932,,0.17053870856761932,
707,5663,,,-0.17093409597873688,,0.17093409597873688,
708,5671,,,-0.17012827098369598,,0.17012827098369598,
709,5679,,,-0.1675628125667572,,0.1675628125667572,
710,5687,,,-0.1659356951713562,,0.1659356951713562,
711,5695,,,-0.16721726953983307,,0.16721726953983307,
712,5699,,,,-0.12426155805587769,,0.12426155805587769
712,5703,,,-0.16985522210597992,,0.16985522210597992,
713,5711,,,-0.16776549816131592,,0.16776549816131592,
714,5719,,,-0.16776703298091888,,0.16776703298091888,
715,5727,,,-0.16751006245613098,,0.16751006245613098,
716,5735,,,-0.1663132607936859,,0.1663132607936859,
717,5743,,,-0.16872049868106842,,0.16872049868106842,
718,5749,,,,-0.1811794638633728,,0.1811794638633728
718,5751,,,-0.16670070588588715,,0.16670070588588715,
719,5759,,,-0.16696973145008087,,0.16696973145008087,
720,5767,,,-0.16743040084838867,,0.16743040084838867,
721,5775,,,-0.16699950397014618,,0.16699950397014618,
722,5783,,,-0.1672898530960083,,0.1672898530960083,
723,5791,,,-0.16948944330215454,,0.16948944330215454,
724,5799,,,,-0.10831552743911743,,0.10831552743911743
724,5799,,,-0.16795919835567474,,0.16795919835567474,
725,5807,,,-0.16688229143619537,,0.16688229143619537,
726,5815,,,-0.169989213347435,,0.169989213347435,
727,5823,,,-0.16646702587604523,,0.16646702587604523,
728,5831,,,-0.1687905639410019,,0.1687905639410019,
729,5839,,,-0.16592788696289062,,0.16592788696289062,
730,5847,,,-0.16917477548122406,,0.16917477548122406,
731,5849,,,,-0.1803327202796936,,0.1803327202796936
731,5855,,,-0.16574259102344513,,0.16574259102344513,
732,5863,,,-0.1686287224292755,,0.1686287224292755,
733,5871,,,-0.16713407635688782,,0.16713407635688782,
734,5879,,,-0.16667503118515015,,0.16667503118515015,
735,5887,,,-0.1705157309770584,,0.1705157309770584,
736,5895,,,-0.16985328495502472,,0.16985328495502472,
737,5899,,,,-0.1071215569972992,,0.1071215569972992
737,5903,,,-0.16908307373523712,,0.16908307373523712,
738,5911,,,-0.16743776202201843,,0.16743776202201843,
739,5919,,,-0.16817370057106018,,0.16817370057106018,
740,5927,,,-0.16852930188179016,,0.16852930188179016,
741,5935,,,-0.16756367683410645,,0.16756367683410645,
742,5943,,,-0.16842368245124817,,0.16842368245124817,
743,5949,,,,-0.12378406524658203,,0.12378406524658203
743,5951,,,-0.16851134598255157,,0.16851134598255157,
744,5959,,,-0.1665671020746231,,0.1665671020746231,
745,5967,,,-0.16696327924728394,,0.16696327924728394,
746,5975,,,-0.17299456894397736,,0.17299456894397736,
747,5983,,,-0.16632969677448273,,0.16632969677448273,
748,5991,,,-0.16837775707244873,,0.16837775707244873,
749,5999,,,,-0.13339346647262573,,0.13339346647262573
749,5999,,,-0.1688668131828308,,0.1688668131828308,
750,6007,,,-0.16693219542503357,,0.16693219542503357,
751,6015,,,-0.1677762269973755,,0.1677762269973755,
752,6023,,,-0.17214041948318481,,0.17214041948318481,
753,6031,,,-0.16777634620666504,,0.16777634620666504,
754,6039,,,-0.16605918109416962,,0.16605918109416962,
755,6047,,,-0.16904699802398682,,0.16904699802398682,
756,6049,,,,-0.19060397148132324,,0.19060397148132324
756,6055,,,-0.16831783950328827,,0.16831783950328827,
757,6063,,,-0.16830848157405853,,0.16830848157405853,
758,6071,,,-0.16698198020458221,,0.16698198020458221,
759,6079,,,-0.16726408898830414,,0.16726408898830414,
760,6087,,,-0.16763867437839508,,0.16763867437839508,
761,6095,,,-0.16609518229961395,,0.16609518229961395,
762,6099,,,,-0.14979195594787598,,0.14979195594787598
762,6103,,,-0.16704677045345306,,0.16704677045345306,
763,6111,,,-0.1692921221256256,,0.1692921221256256,
764,6119,,,-0.16716080904006958,,0.16716080904006958,
765,6127,,,-0.16762171685695648,,0.16762171685695648,
766,6135,,,-0.1663954257965088,,0.1663954257965088,
767,6143,,,-0.16862767934799194,,0.16862767934799194,
768,6149,,,,-0.20558351278305054,,0.20558351278305054
768,6151,,,-0.16821284592151642,,0.16821284592151642,
769,6159,,,-0.1669607162475586,,0.1669607162475586,
770,6167,,,-0.1668776422739029,,0.1668776422739029,
771,6175,,,-0.17066892981529236,,0.17066892981529236,
772,6183,,,-0.16916878521442413,,0.16916878521442413,
773,6191,,,-0.16842390596866608,,0.16842390596866608,
774,6199,,,,-0.16913282871246338,,0.16913282871246338
774,6199,,,-0.16928879916667938,,0.16928879916667938,
775,6207,,,-0.16681058704853058,,0.16681058704853058,
776,6215,,,-0.17219458520412445,,0.17219458520412445,
777,6223,,,-0.16591483354568481,,0.16591483354568481,
778,6231,,,-0.1669154018163681,,0.1669154018163681,
779,6239,,,-0.16849420964717865,,0.16849420964717865,
780,6247,,,-0.1703164279460907,,0.1703164279460907,
781,6249,,,,-0.22094249725341797,,0.22094249725341797
781,6255,,,-0.17001992464065552,,0.17001992464065552,
782,6263,,,-0.1690114438533783,,0.1690114438533783,
783,6271,,,-0.16921642422676086,,0.16921642422676086,
784,6279,,,-0.1671353429555893,,0.1671353429555893,
785,6287,,,-0.17045769095420837,,0.17045769095420837,
786,6295,,,-0.1705394834280014,,0.1705394834280014,
787,6299,,,,-0.14562398195266724,,0.14562398195266724
787,6303,,,-0.16719220578670502,,0.16719220578670502,
788,6311,,,-0.16924895346164703,,0.16924895346164703,
789,6319,,,-0.17094866931438446,,0.17094866931438446,
790,6327,,,-0.16944698989391327,,0.16944698989391327,
791,6335,,,-0.17071853578090668,,0.17071853578090668,
792,6343,,,-0.16975703835487366,,0.16975703835487366,
793,6349,,,,-0.17064237594604492,,0.17064237594604492
793,6351,,,-0.1674196571111679,,0.1674196571111679,
794,6359,,,-0.169343963265419,,0.169343963265419,
795,6367,,,-0.16764402389526367,,0.16764402389526367,
796,6375,,,-0.1673717200756073,,0.1673717200756073,
797,6383,,,-0.16689838469028473,,0.16689838469028473,
798,6391,,,-0.16860415041446686,,0.16860415041446686,
799,6399,,,,-0.19794028997421265,,0.19794028997421265
799,6399,,,-0.16749462485313416,,0.16749462485313416,
800,6407,,,-0.17157477140426636,,0.17157477140426636,
801,6415,,,-0.17256776988506317,,0.17256776988506317,
802,6423,,,-0.1687822937965393,,0.1687822937965393,
803,6431,,,-0.17252136766910553,,0.17252136766910553,
804,6439,,,-0.16827139258384705,,0.16827139258384705,
805,6447,,,-0.16676312685012817,,0.16676312685012817,
806,6449,,,,-0.12521129846572876,,0.12521129846572876
806,6455,,,-0.16668327152729034,,0.16668327152729034,
807,6463,,,-0.17212994396686554,,0.17212994396686554,
808,6471,,,-0.17068715393543243,,0.17068715393543243,
809,6479,,,-0.16778777539730072,,0.16778777539730072,
810,6487,,,-0.16662448644638062,,0.16662448644638062,
811,6495,,,-0.16509410738945007,,0.16509410738945007,
812,6499,,,,-0.15528267621994019,,0.15528267621994019
812,6503,,,-0.1724839210510254,,0.1724839210510254,
813,6511,,,-0.17116159200668335,,0.17116159200668335,
814,6519,,,-0.16835083067417145,,0.16835083067417145,
815,6527,,,-0.16605626046657562,,0.16605626046657562,
816,6535,,,-0.16623157262802124,,0.16623157262802124,
817,6543,,,-0.1678350269794464,,0.1678350269794464,
818,6549,,,,-0.15642505884170532,,0.15642505884170532
818,6551,,,-0.16782279312610626,,0.16782279312610626,
819,6559,,,-0.16788263618946075,,0.16788263618946075,
820,6567,,,-0.16978244483470917,,0.16978244483470917,
821,6575,,,-0.1730666160583496,,0.1730666160583496,
822,6583,,,-0.16931745409965515,,0.16931745409965515,
823,6591,,,-0.1676250696182251,,0.1676250696182251,
824,6599,,,,-0.16712850332260132,,0.16712850332260132
824,6599,,,-0.17117927968502045,,0.17117927968502045,
825,6607,,,-0.16568800806999207,,0.16568800806999207,
826,6615,,,-0.16666263341903687,,0.16666263341903687,
827,6623,,,-0.16690652072429657,,0.16690652072429657,
828,6631,,,-0.17338430881500244,,0.17338430881500244,
829,6639,,,-0.16926328837871552,,0.16926328837871552,
830,6647,,,-0.17092519998550415,,0.17092519998550415,
831,6649,,,,-0.12411803007125854,,0.12411803007125854
831,6655,,,-0.17018020153045654,,0.17018020153045654,
832,6663,,,-0.1733856499195099,,0.1733856499195099,
833,6671,,,-0.1708323210477829,,0.1708323210477829,
834,6679,,,-0.17043834924697876,,0.17043834924697876,
835,6687,,,-0.16611099243164062,,0.16611099243164062,
836,6695,,,-0.17070843279361725,,0.17070843279361725,
837,6699,,,,-0.23125267028808594,,0.23125267028808594
837,6703,,,-0.16751931607723236,,0.16751931607723236,
838,6711,,,-0.1689586490392685,,0.1689586490392685,
839,6719,,,-0.17101410031318665,,0.17101410031318665,
840,6727,,,-0.16785204410552979,,0.16785204410552979,
841,6735,,,-0.17225156724452972,,0.17225156724452972,
842,6743,,,-0.16731785237789154,,0.16731785237789154,
843,6749,,,,-0.2346045970916748,,0.2346045970916748
843,6751,,,-0.1683790534734726,,0.1683790534734726,
844,6759,,,-0.16731178760528564,,0.16731178760528564,
845,6767,,,-0.168878436088562,,0.168878436088562,
846,6775,,,-0.1732514351606369,,0.1732514351606369,
847,6783,,,-0.16941997408866882,,0.16941997408866882,
848,6791,,,-0.16951756179332733,,0.16951756179332733,
849,6799,,,,-0.17448878288269043,,0.17448878288269043
849,6799,,,-0.16677618026733398,,0.16677618026733398,
850,6807,,,-0.16659197211265564,,0.16659197211265564,
851,6815,,,-0.1688256859779358,,0.1688256859779358,
852,6823,,,-0.1678226739168167,,0.1678226739168167,
853,6831,,,-0.1691008061170578,,0.1691008061170578,
854,6839,,,-0.17069818079471588,,0.17069818079471588,
855,6847,,,-0.17081019282341003,,0.17081019282341003,
856,6849,,,,-0.23125803470611572,,0.23125803470611572
856,6855,,,-0.17011429369449615,,0.17011429369449615,
857,6863,,,-0.16743257641792297,,0.16743257641792297,
858,6871,,,-0.16977277398109436,,0.16977277398109436,
859,6879,,,-0.17137634754180908,,0.17137634754180908,
860,6887,,,-0.16566255688667297,,0.16566255688667297,
861,6895,,,-0.17398059368133545,,0.17398059368133545,
862,6899,,,,-0.17322027683258057,,0.17322027683258057
862,6903,,,-0.16658833622932434,,0.16658833622932434,
863,6911,,,-0.16764922440052032,,0.16764922440052032,
864,6919,,,-0.16985014081001282,,0.16985014081001282,
865,6927,,,-0.16749373078346252,,0.16749373078346252,
866,6935,,,-0.16777637600898743,,0.16777637600898743,
867,6943,,,-0.16792210936546326,,0.16792210936546326,
868,6949,,,,-0.16535156965255737,,0.16535156965255737
868,6951,,,-0.17276793718338013,,0.17276793718338013,
869,6959,,,-0.17207427322864532,,0.17207427322864532,
870,6967,,,-0.16646450757980347,,0.16646450757980347,
871,6975,,,-0.17405636608600616,,0.17405636608600616,
872,6983,,,-0.16853243112564087,,0.16853243112564087,
873,6991,,,-0.17237812280654907,,0.17237812280654907,
874,6999,,,,-0.13953787088394165,,0.13953787088394165
874,6999,,,-0.1716647893190384,,0.1716647893190384,
875,7007,,,-0.16795805096626282,,0.16795805096626282,
876,7015,,,-0.16699707508087158,,0.16699707508087158,
877,7023,,,-0.1682129204273224,,0.1682129204273224,
878,7031,,,-0.16882559657096863,,0.16882559657096863,
879,7039,,,-0.16891619563102722,,0.16891619563102722,
880,7047,,,-0.16971246898174286,,0.16971246898174286,
881,7049,,,,-0.1377599835395813,,0.1377599835395813
881,7055,,,-0.1712948977947235,,0.1712948977947235,
882,7063,,,-0.16604949533939362,,0.16604949533939362,
883,7071,,,-0.17145653069019318,,0.17145653069019318,
884,7079,,,-0.16869503259658813,,0.16869503259658813,
885,7087,,,-0.1693388968706131,,0.1693388968706131,
886,7095,,,-0.16684117913246155,,0.16684117913246155,
887,7099,,,,-0.26758474111557007,,0.26758474111557007
887,7103,,,-0.17128264904022217,,0.17128264904022217,
888,7111,,,-0.17166022956371307,,0.17166022956371307,
889,7119,,,-0.16697409749031067,,0.16697409749031067,
890,7127,,,-0.1659257858991623,,0.1659257858991623,
891,7135,,,-0.17301835119724274,,0.17301835119724274,
892,7143,,,-0.17076542973518372,,0.17076542973518372,
893,7149,,,,-0.13798579573631287,,0.13798579573631287
893,7151,,,-0.1687655746936798,,0.1687655746936798,
894,7159,,,-0.17210668325424194,,0.17210668325424194,
895,7167,,,-0.17127516865730286,,0.17127516865730286,
896,7175,,,-0.17156149446964264,,0.17156149446964264,
897,7183,,,-0.1753344088792801,,0.1753344088792801,
898,7191,,,-0.16751164197921753,,0.16751164197921753,
899,7199,,,,-0.19616419076919556,,0.19616419076919556
899,7199,,,-0.16717271506786346,,0.16717271506786346,
900,7207,,,-0.16780409216880798,,0.16780409216880798,
901,7215,,,-0.17195963859558105,,0.17195963859558105,
902,7223,,,-0.1713598370552063,,0.1713598370552063,
903,7231,,,-0.1682318150997162,,0.1682318150997162,
904,7239,,,-0.16729971766471863,,0.16729971766471863,
905,7247,,,-0.16610926389694214,,0.16610926389694214,
906,7249,,,,-0.2155623435974121,,0.2155623435974121
906,7255,,,-0.16786164045333862,,0.16786164045333862,
907,7263,,,-0.172504723072052,,0.172504723072052,
908,7271,,,-0.17063218355178833,,0.17063218355178833,
909,7279,,,-0.16743957996368408,,0.16743957996368408,
910,7287,,,-0.17107543349266052,,0.17107543349266052,
911,7295,,,-0.17105314135551453,,0.17105314135551453,
912,7299,,,,-0.12887436151504517,,0.12887436151504517
912,7303,,,-0.1723955273628235,,0.1723955273628235,
913,7311,,,-0.16943687200546265,,0.16943687200546265,
914,7319,,,-0.16651861369609833,,0.16651861369609833,
915,7327,,,-0.16729098558425903,,0.16729098558425903,
916,7335,,,-0.1681373119354248,,0.1681373119354248,
917,7343,,,-0.168727308511734,,0.168727308511734,
918,7349,,,,-0.1560928225517273,,0.1560928225517273
918,7351,,,-0.16789638996124268,,0.16789638996124268,
919,7359,,,-0.1693396419286728,,0.1693396419286728,
920,7367,,,-0.16788603365421295,,0.16788603365421295,
921,7375,,,-0.16882914304733276,,0.16882914304733276,
922,7383,,,-0.16805236041545868,,0.16805236041545868,
923,7391,,,-0.16663013398647308,,0.16663013398647308,
924,7399,,,,-0.15101194381713867,,0.15101194381713867
924,7399,,,-0.1692061573266983,,0.1692061573266983,
925,7407,,,-0.16774967312812805,,0.16774967312812805,
926,7415,,,-0.16893315315246582,,0.16893315315246582,
927,7423,,,-0.16703832149505615,,0.16703832149505615,
928,7431,,,-0.1693333387374878,,0.1693333387374878,
929,7439,,,-0.1698189377784729,,0.1698189377784729,
930,7447,,,-0.169255793094635,,0.169255793094635,
931,7449,,,,-0.1776372790336609,,0.1776372790336609
931,7455,,,-0.16990253329277039,,0.16990253329277039,
932,7463,,,-0.16782335937023163,,0.16782335937023163,
933,7471,,,-0.16755516827106476,,0.16755516827106476,
934,7479,,,-0.16754215955734253,,0.16754215955734253,
935,7487,,,-0.16978760063648224,,0.16978760063648224,
936,7495,,,-0.17076130211353302,,0.17076130211353302,
937,7499,,,,-0.12217697501182556,,0.12217697501182556
937,7503,,,-0.16963395476341248,,0.16963395476341248,
938,7511,,,-0.17407266795635223,,0.17407266795635223,
939,7519,,,-0.17020736634731293,,0.17020736634731293,
940,7527,,,-0.16696088016033173,,0.16696088016033173,
941,7535,,,-0.1672562062740326,,0.1672562062740326,
942,7543,,,-0.16761472821235657,,0.16761472821235657,
943,7549,,,,-0.2020270824432373,,0.2020270824432373
943,7551,,,-0.171110600233078,,0.171110600233078,
944,7559,,,-0.17027704417705536,,0.17027704417705536,
945,7567,,,-0.17228291928768158,,0.17228291928768158,
946,7575,,,-0.16728155314922333,,0.16728155314922333,
947,7583,,,-0.17245952785015106,,0.17245952785015106,
948,7591,,,-0.1689847707748413,,0.1689847707748413,
949,7599,,,,-0.24915176630020142,,0.24915176630020142
949,7599,,,-0.16741372644901276,,0.16741372644901276,
950,7607,,,-0.16787588596343994,,0.16787588596343994,
951,7615,,,-0.16854450106620789,,0.16854450106620789,
952,7623,,,-0.1675691455602646,,0.1675691455602646,
953,7631,,,-0.16785454750061035,,0.16785454750061035,
954,7639,,,-0.16808179020881653,,0.16808179020881653,
955,7647,,,-0.1675659865140915,,0.1675659865140915,
956,7649,,,,-0.22044795751571655,,0.22044795751571655
956,7655,,,-0.1702393740415573,,0.1702393740415573,
957,7663,,,-0.16749908030033112,,0.16749908030033112,
958,7671,,,-0.16823209822177887,,0.16823209822177887,
959,7679,,,-0.17246635258197784,,0.17246635258197784,
960,7687,,,-0.17294687032699585,,0.17294687032699585,
961,7695,,,-0.16773055493831635,,0.16773055493831635,
962,7699,,,,-0.15623244643211365,,0.15623244643211365
962,7703,,,-0.16675660014152527,,0.16675660014152527,
963,7711,,,-0.16767507791519165,,0.16767507791519165,
964,7719,,,-0.168210968375206,,0.168210968375206,
965,7727,,,-0.17461830377578735,,0.17461830377578735,
966,7735,,,-0.16797329485416412,,0.16797329485416412,
967,7743,,,-0.1700928658246994,,0.1700928658246994,
968,7749,,,,-0.15155595541000366,,0.15155595541000366
968,7751,,,-0.17324048280715942,,0.17324048280715942,
969,7759,,,-0.1673736572265625,,0.1673736572265625,
970,7767,,,-0.1733226180076599,,0.1733226180076599,
971,7775,,,-0.1692528873682022,,0.1692528873682022,
972,7783,,,-0.1693473905324936,,0.1693473905324936,
973,7791,,,-0.16900020837783813,,0.16900020837783813,
974,7799,,,,-0.13657131791114807,,0.13657131791114807
974,7799,,,-0.17034460604190826,,0.17034460604190826,
975,7807,,,-0.16828590631484985,,0.16828590631484985,
976,7815,,,-0.17008952796459198,,0.17008952796459198,
977,7823,,,-0.17209501564502716,,0.17209501564502716,
978,7831,,,-0.16805028915405273,,0.16805028915405273,
979,7839,,,-0.1690436750650406,,0.1690436750650406,
980,7847,,,-0.17222340404987335,,0.17222340404987335,
981,7849,,,,-0.23528635501861572,,0.23528635501861572
981,7855,,,-0.17253316938877106,,0.17253316938877106,
982,7863,,,-0.16872955858707428,,0.16872955858707428,
983,7871,,,-0.1711137741804123,,0.1711137741804123,
984,7879,,,-0.1701297163963318,,0.1701297163963318,
985,7887,,,-0.16618239879608154,,0.16618239879608154,
986,7895,,,-0.17202241718769073,,0.17202241718769073,
987,7899,,,,-0.20985502004623413,,0.20985502004623413
987,7903,,,-0.1670316457748413,,0.1670316457748413,
988,7911,,,-0.16889958083629608,,0.16889958083629608,
989,7919,,,-0.16805411875247955,,0.16805411875247955,
990,7927,,,-0.16762806475162506,,0.16762806475162506,
991,7935,,,-0.16895419359207153,,0.16895419359207153,
992,7943,,,-0.16658081114292145,,0.16658081114292145,
993,7949,,,,-0.15440136194229126,,0.15440136194229126
993,7951,,,-0.1661476045846939,,0.1661476045846939,
994,7959,,,-0.17079460620880127,,0.17079460620880127,
995,7967,,,-0.16791880130767822,,0.16791880130767822,
996,7975,,,-0.1678992658853531,,0.1678992658853531,
997,7983,,,-0.16733062267303467,,0.16733062267303467,
998,7991,,,-0.16600407660007477,,0.16600407660007477,
999,7999,,,,-0.18461757898330688,,0.18461757898330688
999,7999,,,-0.17107655107975006,,0.17107655107975006,
1000,8007,,,-0.16806843876838684,,0.16806843876838684,
1001,8015,,,-0.16841013729572296,,0.16841013729572296,
1002,8023,,,-0.1679752916097641,,0.1679752916097641,
1003,8031,,,-0.16811245679855347,,0.16811245679855347,
1004,8039,,,-0.1661166399717331,,0.1661166399717331,
1005,8047,,,-0.16837848722934723,,0.16837848722934723,
1006,8049,,,,-0.06599506735801697,,0.06599506735801697
1006,8055,,,-0.1696266382932663,,0.1696266382932663,
1007,8063,,,-0.16691140830516815,,0.16691140830516815,
1008,8071,,,-0.1671421080827713,,0.1671421080827713,
1009,8079,,,-0.17166711390018463,,0.17166711390018463,
1010,8087,,,-0.1664879322052002,,0.1664879322052002,
1011,8095,,,-0.16963988542556763,,0.16963988542556763,
1012,8099,,,,-0.17812061309814453,,0.17812061309814453
1012,8103,,,-0.16827182471752167,,0.16827182471752167,
1013,8111,,,-0.17101062834262848,,0.17101062834262848,
1014,8119,,,-0.16953355073928833,,0.16953355073928833,
1015,8127,,,-0.16999191045761108,,0.16999191045761108,
1016,8135,,,-0.16720730066299438,,0.16720730066299438,
1017,8143,,,-0.17021189630031586,,0.17021189630031586,
1018,8149,,,,-0.23561376333236694,,0.23561376333236694
1018,8151,,,-0.16888386011123657,,0.16888386011123657,
1019,8159,,,-0.17104853689670563,,0.17104853689670563,
1020,8167,,,-0.16855160892009735,,0.16855160892009735,
1021,8175,,,-0.1695706695318222,,0.1695706695318222,
1022,8183,,,-0.16681638360023499,,0.16681638360023499,
1023,8191,,,-0.17392483353614807,,0.17392483353614807,
1024,8199,,,,-0.18708544969558716,,0.18708544969558716
1024,8199,,,-0.17001643776893616,,0.17001643776893616,
1025,8207,,,-0.16647113859653473,,0.16647113859653473,
1026,8215,,,-0.16868621110916138,,0.16868621110916138,
1027,8223,,,-0.16728565096855164,,0.16728565096855164,
1028,8231,,,-0.17589935660362244,,0.17589935660362244,
1029,8239,,,-0.16989564895629883,,0.16989564895629883,
1030,8247,,,-0.16789819300174713,,0.16789819300174713,
1031,8249,,,,-0.21071404218673706,,0.21071404218673706
1031,8255,,,-0.16595682501792908,,0.16595682501792908,
1032,8263,,,-0.17392221093177795,,0.17392221093177795,
1033,8271,,,-0.16724903881549835,,0.16724903881549835,
1034,8279,,,-0.16918525099754333,,0.16918525099754333,
1035,8287,,,-0.16785047948360443,,0.16785047948360443,
1036,8295,,,-0.16691118478775024,,0.16691118478775024,
1037,8299,,,,-0.1454957127571106,,0.1454957127571106
1037,8303,,,-0.17192405462265015,,0.17192405462265015,
1038,8311,,,-0.16768917441368103,,0.16768917441368103,
1039,8319,,,-0.16657088696956635,,0.16657088696956635,
1040,8327,,,-0.16800761222839355,,0.16800761222839355,
1041,8335,,,-0.16773362457752228,,0.16773362457752228,
1042,8343,,,-0.16695953905582428,,0.16695953905582428,
1043,8349,,,,-0.16639596223831177,,0.16639596223831177
1043,8351,,,-0.1716826856136322,,0.1716826856136322,
1044,8359,,,-0.1685720533132553,,0.1685720533132553,
1045,8367,,,-0.1665266901254654,,0.1665266901254654,
1046,8375,,,-0.16743558645248413,,0.16743558645248413,
1047,8383,,,-0.1708521842956543,,0.1708521842956543,
1048,8391,,,-0.1691167950630188,,0.1691167950630188,
1049,8399,,,,-0.14706358313560486,,0.14706358313560486
1049,8399,,,-0.17019234597682953,,0.17019234597682953,
1050,8407,,,-0.17060184478759766,,0.17060184478759766,
1051,8415,,,-0.16890287399291992,,0.16890287399291992,
1052,8423,,,-0.16890275478363037,,0.16890275478363037,
1053,8431,,,-0.17455734312534332,,0.17455734312534332,
1054,8439,,,-0.16799072921276093,,0.16799072921276093,
1055,8447,,,-0.16819685697555542,,0.16819685697555542,
1056,8449,,,,-0.15606087446212769,,0.15606087446212769
1056,8455,,,-0.16966506838798523,,0.16966506838798523,
1057,8463,,,-0.16739539802074432,,0.16739539802074432,
1058,8471,,,-0.16860394179821014,,0.16860394179821014,
1059,8479,,,-0.16623540222644806,,0.16623540222644806,
1060,8487,,,-0.16829746961593628,,0.16829746961593628,
1061,8495,,,-0.17035165429115295,,0.17035165429115295,
1062,8499,,,,-0.2404543161392212,,0.2404543161392212
1062,8503,,,-0.1695670485496521,,0.1695670485496521,
1063,8511,,,-0.1685977727174759,,0.1685977727174759,
1064,8519,,,-0.16655829548835754,,0.16655829548835754,
1065,8527,,,-0.16594170033931732,,0.16594170033931732,
1066,8535,,,-0.16802476346492767,,0.16802476346492767,
1067,8543,,,-0.16664324700832367,,0.16664324700832367,
1068,8549,,,,-0.14950108528137207,,0.14950108528137207
1068,8551,,,-0.1673763394355774,,0.1673763394355774,
1069,8559,,,-0.16981647908687592,,0.16981647908687592,
1070,8567,,,-0.16856051981449127,,0.16856051981449127,
1071,8575,,,-0.17070475220680237,,0.17070475220680237,
1072,8583,,,-0.16764989495277405,,0.16764989495277405,
1073,8591,,,-0.16871291399002075,,0.16871291399002075,
1074,8599,,,,-0.17162132263183594,,0.17162132263183594
1074,8599,,,-0.16818706691265106,,0.16818706691265106,
1075,8607,,,-0.1685190200805664,,0.1685190200805664,
1076,8615,,,-0.16803544759750366,,0.16803544759750366,
1077,8623,,,-0.1688774973154068,,0.1688774973154068,
1078,8631,,,-0.16900360584259033,,0.16900360584259033,
1079,8639,,,-0.17428748309612274,,0.17428748309612274,
1080,8647,,,-0.16842488944530487,,0.16842488944530487,
1081,8649,,,,-0.1400863528251648,,0.1400863528251648
1081,8655,,,-0.16732542216777802,,0.16732542216777802,
1082,8663,,,-0.17193573713302612,,0.17193573713302612,
1083,8671,,,-0.1699172556400299,,0.1699172556400299,
1084,8679,,,-0.16933582723140717,,0.16933582723140717,
1085,8687,,,-0.1696653962135315,,0.1696653962135315,
1086,8695,,,-0.16552232205867767,,0.16552232205867767,
1087,8699,,,,-0.13653123378753662,,0.13653123378753662
1087,8703,,,-0.16952234506607056,,0.16952234506607056,
1088,8711,,,-0.17154575884342194,,0.17154575884342194,
1089,8719,,,-0.16777291893959045,,0.16777291893959045,
1090,8727,,,-0.1698823869228363,,0.1698823869228363,
1091,8735,,,-0.16832099854946136,,0.16832099854946136,
1092,8743,,,-0.16950412094593048,,0.16950412094593048,
1093,8749,,,,-0.11292794346809387,,0.11292794346809387
1093,8751,,,-0.1687813699245453,,0.1687813699245453,
1094,8759,,,-0.17539604008197784,,0.17539604008197784,
1095,8767,,,-0.1684035211801529,,0.1684035211801529,
1096,8775,,,-0.1722985804080963,,0.1722985804080963,
1097,8783,,,-0.17236468195915222,,0.17236468195915222,
1098,8791,,,-0.16948352754116058,,0.16948352754116058,
1099,8799,,,,-0.11244556307792664,,0.11244556307792664
1099,8799,,,-0.16967347264289856,,0.16967347264289856,
1100,8807,,,-0.16752156615257263,,0.16752156615257263,
1101,8815,,,-0.16818535327911377,,0.16818535327911377,
1102,8823,,,-0.16942544281482697,,0.16942544281482697,
1103,8831,,,-0.16826219856739044,,0.16826219856739044,
1104,8839,,,-0.1680465042591095,,0.1680465042591095,
1105,8847,,,-0.16937878727912903,,0.16937878727912903,
1106,8849,,,,-0.1358952522277832,,0.1358952522277832
1106,8855,,,-0.17015762627124786,,0.17015762627124786,
1107,8863,,,-0.1694614440202713,,0.1694614440202713,
1108,8871,,,-0.16983594000339508,,0.16983594000339508,
1109,8879,,,-0.16966016590595245,,0.16966016590595245,
1110,8887,,,-0.17103786766529083,,0.17103786766529083,
1111,8895,,,-0.168405681848526,,0.168405681848526,
1112,8899,,,,-0.1682194471359253,,0.1682194471359253
1112,8903,,,-0.1683853566646576,,0.1683853566646576,
1113,8911,,,-0.16758278012275696,,0.16758278012275696,
1114,8919,,,-0.17458350956439972,,0.17458350956439972,
1115,8927,,,-0.17183776199817657,,0.17183776199817657,
1116,8935,,,-0.17237026989459991,,0.17237026989459991,
1117,8943,,,-0.16993120312690735,,0.16993120312690735,
1118,8949,,,,-0.09140491485595703,,0.09140491485595703
1118,8951,,,-0.17151786386966705,,0.17151786386966705,
1119,8959,,,-0.16899485886096954,,0.16899485886096954,
1120,8967,,,-0.16749219596385956,,0.16749219596385956,
1121,8975,,,-0.1708075851202011,,0.1708075851202011,
1122,8983,,,-0.16967466473579407,,0.16967466473579407,
1123,8991,,,-0.17158091068267822,,0.17158091068267822,
1124,8999,,,,-0.2371366024017334,,0.2371366024017334
1124,8999,,,-0.168930321931839,,0.168930321931839,
1125,9007,,,-0.1678837388753891,,0.1678837388753891,
1126,9015,,,-0.1696917712688446,,0.1696917712688446,
1127,9023,,,-0.1680106669664383,,0.1680106669664383,
1128,9031,,,-0.1679249107837677,,0.1679249107837677,
1129,9039,,,-0.17064933478832245,,0.17064933478832245,
1130,9047,,,-0.17062461376190186,,0.17062461376190186,
1131,9049,,,,-0.144911527633667,,0.144911527633667
1131,9055,,,-0.17298294603824615,,0.17298294603824615,
1132,9063,,,-0.1698610782623291,,0.1698610782623291,
1133,9071,,,-0.17269085347652435,,0.17269085347652435,
1134,9079,,,-0.16771748661994934,,0.16771748661994934,
1135,9087,,,-0.17034895718097687,,0.17034895718097687,
1136,9095,,,-0.16961030662059784,,0.16961030662059784,
1137,9099,,,,-0.14244455099105835,,0.14244455099105835
1137,9103,,,-0.1685383915901184,,0.1685383915901184,
1138,9111,,,-0.17221957445144653,,0.17221957445144653,
1139,9119,,,-0.1720321625471115,,0.1720321625471115,
1140,9127,,,-0.16742458939552307,,0.16742458939552307,
1141,9135,,,-0.16863496601581573,,0.16863496601581573,
1142,9143,,,-0.1674068123102188,,0.1674068123102188,
1143,9149,,,,-0.16034388542175293,,0.16034388542175293
1143,9151,,,-0.16767394542694092,,0.16767394542694092,
1144,9159,,,-0.16870640218257904,,0.16870640218257904,
1145,9167,,,-0.16784927248954773,,0.16784927248954773,
1146,9175,,,-0.1691882163286209,,0.1691882163286209,
1147,9183,,,-0.17406724393367767,,0.17406724393367767,
1148,9191,,,-0.17320294678211212,,0.17320294678211212,
1149,9199,,,,-0.16179892420768738,,0.16179892420768738
1149,9199,,,-0.170468270778656,,0.170468270778656,
1150,9207,,,-0.16638778150081635,,0.16638778150081635,
1151,9215,,,-0.1692824363708496,,0.1692824363708496,
1152,9223,,,-0.17277613282203674,,0.17277613282203674,
1153,9231,,,-0.16673614084720612,,0.16673614084720612,
1154,9239,,,-0.16725203394889832,,0.16725203394889832,
1155,9247,,,-0.1675422191619873,,0.1675422191619873,
1156,9249,,,,-0.17169207334518433,,0.17169207334518433
1156,9255,,,-0.16742807626724243,,0.16742807626724243,
1157,9263,,,-0.17093753814697266,,0.17093753814697266,
1158,9271,,,-0.17079946398735046,,0.17079946398735046,
1159,9279,,,-0.16914808750152588,,0.16914808750152588,
1160,9287,,,-0.17007645964622498,,0.17007645964622498,
1161,9295,,,-0.16833294928073883,,0.16833294928073883,
1162,9299,,,,-0.1187945008277893,,0.1187945008277893
1162,9303,,,-0.1710958033800125,,0.1710958033800125,
1163,9311,,,-0.17227621376514435,,0.17227621376514435,
1164,9319,,,-0.16751858592033386,,0.16751858592033386,
1165,9327,,,-0.1709824949502945,,0.1709824949502945,
1166,9335,,,-0.17147912085056305,,0.17147912085056305,
1167,9343,,,-0.16995593905448914,,0.16995593905448914,
1168,9349,,,,-0.16556638479232788,,0.16556638479232788
1168,9351,,,-0.16630658507347107,,0.16630658507347107,
1169,9359,,,-0.16814711689949036,,0.16814711689949036,
1170,9367,,,-0.17177751660346985,,0.17177751660346985,
1171,9375,,,-0.17025430500507355,,0.17025430500507355,
1172,9383,,,-0.16815558075904846,,0.16815558075904846,
1173,9391,,,-0.16852188110351562,,0.16852188110351562,
1174,9399,,,,-0.22643989324569702,,0.22643989324569702
1174,9399,,,-0.16847607493400574,,0.16847607493400574,
1175,9407,,,-0.1685243397951126,,0.1685243397951126,
1176,9415,,,-0.17190369963645935,,0.17190369963645935,
1177,9423,,,-0.16975446045398712,,0.16975446045398712,
1178,9431,,,-0.1708422303199768,,0.1708422303199768,
1179,9439,,,-0.17574875056743622,,0.17574875056743622,
1180,9447,,,-0.17470958828926086,,0.17470958828926086,
1181,9449,,,,-0.15873000025749207,,0.15873000025749207
1181,9455,,,-0.16764530539512634,,0.16764530539512634,
1182,9463,,,-0.16648922860622406,,0.16648922860622406,
1183,9471,,,-0.1723465919494629,,0.1723465919494629,
1184,9479,,,-0.16678869724273682,,0.16678869724273682,
1185,9487,,,-0.1675957292318344,,0.1675957292318344,
1186,9495,,,-0.16892731189727783,,0.16892731189727783,
1187,9499,,,,-0.13622918725013733,,0.13622918725013733
1187,9503,,,-0.16761133074760437,,0.16761133074760437,
1188,9511,,,-0.16960729658603668,,0.16960729658603668,
1189,9519,,,-0.16898900270462036,,0.16898900270462036,
1190,9527,,,-0.1707460582256317,,0.1707460582256317,
1191,9535,,,-0.16658572852611542,,0.16658572852611542,
1192,9543,,,-0.1666829138994217,,0.1666829138994217,
1193,9549,,,,-0.18375134468078613,,0.18375134468078613
1193,9551,,,-0.17090097069740295,,0.17090097069740295,
1194,9559,,,-0.17074792087078094,,0.17074792087078094,
1195,9567,,,-0.16840432584285736,,0.16840432584285736,
1196,9575,,,-0.16874946653842926,,0.16874946653842926,
1197,9583,,,-0.17524629831314087,,0.17524629831314087,
1198,9591,,,-0.16820603609085083,,0.16820603609085083,
1199,9599,,,,-0.1271640956401825,,0.1271640956401825
1199,9599,,,-0.16804376244544983,,0.16804376244544983,
1200,9607,,,-0.16933409869670868,,0.16933409869670868,
1201,9615,,,-0.1712149828672409,,0.1712149828672409,
1202,9623,,,-0.16978277266025543,,0.16978277266025543,
1203,9631,,,-0.17281492054462433,,0.17281492054462433,
1204,9639,,,-0.1710578054189682,,0.1710578054189682,
1205,9647,,,-0.17049406468868256,,0.17049406468868256,
1206,9649,,,,-0.1421240270137787,,0.1421240270137787
1206,9655,,,-0.16921235620975494,,0.16921235620975494,
1207,9663,,,-0.17036955058574677,,0.17036955058574677,
1208,9671,,,-0.16919083893299103,,0.16919083893299103,
1209,9679,,,-0.16961988806724548,,0.16961988806724548,
1210,9687,,,-0.1685335636138916,,0.1685335636138916,
1211,9695,,,-0.17148001492023468,,0.17148001492023468,
1212,9699,,,,-0.19952142238616943,,0.19952142238616943
1212,9703,,,-0.16991624236106873,,0.16991624236106873,
1213,9711,,,-0.16978366672992706,,0.16978366672992706,
1214,9719,,,-0.1714441478252411,,0.1714441478252411,
1215,9727,,,-0.16775387525558472,,0.16775387525558472,
1216,9735,,,-0.16761763393878937,,0.16761763393878937,
1217,9743,,,-0.17450357973575592,,0.17450357973575592,
1218,9749,,,,-0.1412409245967865,,0.1412409245967865
1218,9751,,,-0.1715647429227829,,0.1715647429227829,
1219,9759,,,-0.16818895936012268,,0.16818895936012268,
1220,9767,,,-0.1754186749458313,,0.1754186749458313,
1221,9775,,,-0.16707263886928558,,0.16707263886928558,
1222,9783,,,-0.1681818664073944,,0.1681818664073944,
1223,9791,,,-0.16879214346408844,,0.16879214346408844,
1224,9799,,,,-0.16825264692306519,,0.16825264692306519
1224,9799,,,-0.1724051684141159,,0.1724051684141159,
1225,9807,,,-0.16858936846256256,,0.16858936846256256,
1226,9815,,,-0.1711369752883911,,0.1711369752883911,
1227,9823,,,-0.16853024065494537,,0.16853024065494537,
1228,9831,,,-0.16660960018634796,,0.16660960018634796,
1229,9839,,,-0.17177101969718933,,0.17177101969718933,
1230,9847,,,-0.16842113435268402,,0.16842113435268402,
1231,9849,,,,-0.1745876967906952,,0.1745876967906952
1231,9855,,,-0.17018049955368042,,0.17018049955368042,
1232,9863,,,-0.170609712600708,,0.170609712600708,
1233,9871,,,-0.17006655037403107,,0.17006655037403107,
1234,9879,,,-0.1672981083393097,,0.1672981083393097,
1235,9887,,,-0.16892985999584198,,0.16892985999584198,
1236,9895,,,-0.1705983281135559,,0.1705983281135559,
1237,9899,,,,-0.1771041452884674,,0.1771041452884674
1237,9903,,,-0.17045797407627106,,0.17045797407627106,
1238,9911,,,-0.1724313646554947,,0.1724313646554947,
1239,9919,,,-0.16859863698482513,,0.16859863698482513,
1240,9927,,,-0.16894832253456116,,0.16894832253456116,
1241,9935,,,-0.17226096987724304,,0.17226096987724304,
1242,9943,,,-0.17046022415161133,,0.17046022415161133,
1243,9949,,,,-0.143082857131958,,0.143082857131958
1243,9951,,,-0.17087864875793457,,0.17087864875793457,
1244,9959,,,-0.1672246903181076,,0.1672246903181076,
1245,9967,,,-0.17129500210285187,,0.17129500210285187,
1246,9975,,,-0.1697722226381302,,0.1697722226381302,
1247,9983,,,-0.1731681078672409,,0.1731681078672409,
1248,9991,,,-0.1674610823392868,,0.1674610823392868,
1249,9999,,,,-0.20665079355239868,,0.20665079355239868
1249,9999,,,-0.16686956584453583,,0.16686956584453583,
1250,10007,,,-0.1680285930633545,,0.1680285930633545,
1251,10015,,,-0.1728670746088028,,0.1728670746088028,
1252,10023,,,-0.16881971061229706,,0.16881971061229706,
1253,10031,,,-0.17044834792613983,,0.17044834792613983,
1254,10039,,,-0.16818222403526306,,0.16818222403526306,
1255,10047,,,-0.168802872300148,,0.168802872300148,
1256,10049,,,,-0.15820178389549255,,0.15820178389549255
1256,10055,,,-0.16911152005195618,,0.16911152005195618,
1257,10063,,,-0.1705513745546341,,0.1705513745546341,
1258,10071,,,-0.1681460738182068,,0.1681460738182068,
1259,10079,,,-0.16941556334495544,,0.16941556334495544,
1260,10087,,,-0.1668938547372818,,0.1668938547372818,
1261,10095,,,-0.16869288682937622,,0.16869288682937622,
1262,10099,,,,-0.13782626390457153,,0.13782626390457153
1262,10103,,,-0.16874225437641144,,0.16874225437641144,
1263,10111,,,-0.16905255615711212,,0.16905255615711212,
1264,10119,,,-0.16847039759159088,,0.16847039759159088,
1265,10127,,,-0.17444638907909393,,0.17444638907909393,
1266,10135,,,-0.17002692818641663,,0.17002692818641663,
1267,10143,,,-0.1712910383939743,,0.1712910383939743,
1268,10149,,,,-0.17782104015350342,,0.17782104015350342
1268,10151,,,-0.16887043416500092,,0.16887043416500092,
1269,10159,,,-0.17067775130271912,,0.17067775130271912,
1270,10167,,,-0.1707797795534134,,0.1707797795534134,
1271,10175,,,-0.1693178415298462,,0.1693178415298462,
1272,10183,,,-0.17192432284355164,,0.17192432284355164,
1273,10191,,,-0.1681964099407196,,0.1681964099407196,
1274,10199,,,,-0.21423715353012085,,0.21423715353012085
1274,10199,,,-0.17136171460151672,,0.17136171460151672,
1275,10207,,,-0.16942547261714935,,0.16942547261714935,
1276,10215,,,-0.17053678631782532,,0.17053678631782532,
1277,10223,,,-0.1714995801448822,,0.1714995801448822,
1278,10231,,,-0.17011263966560364,,0.17011263966560364,
1279,10239,,,-0.16864047944545746,,0.16864047944545746,
1280,10247,,,-0.16884255409240723,,0.16884255409240723,
1281,10249,,,,-0.22650671005249023,,0.22650671005249023
1281,10255,,,-0.17003479599952698,,0.17003479599952698,
1282,10263,,,-0.17317639291286469,,0.17317639291286469,
1283,10271,,,-0.1684652417898178,,0.1684652417898178,
1284,10279,,,-0.16924229264259338,,0.16924229264259338,
1285,10287,,,-0.1723783314228058,,0.1723783314228058,
1286,10295,,,-0.16715894639492035,,0.16715894639492035,
1287,10299,,,,-0.11616411805152893,,0.11616411805152893
1287,10303,,,-0.1733323186635971,,0.1733323186635971,
1288,10311,,,-0.16805632412433624,,0.16805632412433624,
1289,10319,,,-0.17421656847000122,,0.17421656847000122,
1290,10327,,,-0.17086248099803925,,0.17086248099803925,
1291,10335,,,-0.17231275141239166,,0.17231275141239166,
1292,10343,,,-0.1693049818277359,,0.1693049818277359,
1293,10349,,,,-0.19445180892944336,,0.19445180892944336
1293,10351,,,-0.16663366556167603,,0.16663366556167603,
1294,10359,,,-0.16793058812618256,,0.16793058812618256,
1295,10367,,,-0.17019714415073395,,0.17019714415073395,
1296,10375,,,-0.16682837903499603,,0.16682837903499603,
1297,10383,,,-0.16914860904216766,,0.16914860904216766,
1298,10391,,,-0.17320778965950012,,0.17320778965950012,
1299,10399,,,,-0.2370935082435608,,0.2370935082435608
1299,10399,,,-0.16840116679668427,,0.16840116679668427,
1300,10407,,,-0.16843412816524506,,0.16843412816524506,
1301,10415,,,-0.16928833723068237,,0.16928833723068237,
1302,10423,,,-0.16822177171707153,,0.16822177171707153,
1303,10431,,,-0.17271174490451813,,0.17271174490451813,
1304,10439,,,-0.16685529053211212,,0.16685529053211212,
1305,10447,,,-0.16963990032672882,,0.16963990032672882,
1306,10449,,,,-0.18625131249427795,,0.18625131249427795
1306,10455,,,-0.16744530200958252,,0.16744530200958252,
1307,10463,,,-0.16793352365493774,,0.16793352365493774,
1308,10471,,,-0.1703738272190094,,0.1703738272190094,
1309,10479,,,-0.168869286775589,,0.168869286775589,
1310,10487,,,-0.17414365708827972,,0.17414365708827972,
1311,10495,,,-0.1706121563911438,,0.1706121563911438,
1312,10499,,,,-0.188819020986557,,0.188819020986557
1312,10503,,,-0.16863605380058289,,0.16863605380058289,
1313,10511,,,-0.17100459337234497,,0.17100459337234497,
1314,10519,,,-0.17058147490024567,,0.17058147490024567,
1315,10527,,,-0.16878741979599,,0.16878741979599,
1316,10535,,,-0.1675940901041031,,0.1675940901041031,
1317,10543,,,-0.1722610890865326,,0.1722610890865326,
1318,10549,,,,-0.23978877067565918,,0.23978877067565918
1318,10551,,,-0.16806553304195404,,0.16806553304195404,
1319,10559,,,-0.1724432408809662,,0.1724432408809662,
1320,10567,,,-0.17420971393585205,,0.17420971393585205,
1321,10575,,,-0.1694062203168869,,0.1694062203168869,
1322,10583,,,-0.16879788041114807,,0.16879788041114807,
1323,10591,,,-0.1701391637325287,,0.1701391637325287,
1324,10599,,,,-0.155778169631958,,0.155778169631958
1324,10599,,,-0.17124763131141663,,0.17124763131141663,
1325,10607,,,-0.17729780077934265,,0.17729780077934265,
1326,10615,,,-0.16707591712474823,,0.16707591712474823,
1327,10623,,,-0.172806516289711,,0.172806516289711,
1328,10631,,,-0.17185890674591064,,0.17185890674591064,
1329,10639,,,-0.16862255334854126,,0.16862255334854126,
1330,10647,,,-0.16919568181037903,,0.16919568181037903,
1331,10649,,,,-0.13213667273521423,,0.13213667273521423
1331,10655,,,-0.168583944439888,,0.168583944439888,
1332,10663,,,-0.1721649467945099,,0.1721649467945099,
1333,10671,,,-0.1741558313369751,,0.1741558313369751,
1334,10679,,,-0.17065627872943878,,0.17065627872943878,
1335,10687,,,-0.16865085065364838,,0.16865085065364838,
1336,10695,,,-0.17305423319339752,,0.17305423319339752,
1337,10699,,,,-0.25047510862350464,,0.25047510862350464
1337,10703,,,-0.17119652032852173,,0.17119652032852173,
1338,10711,,,-0.16972050070762634,,0.16972050070762634,
1339,10719,,,-0.16793692111968994,,0.16793692111968994,
1340,10727,,,-0.17013812065124512,,0.17013812065124512,
1341,10735,,,-0.16682066023349762,,0.16682066023349762,
1342,10743,,,-0.16939298808574677,,0.16939298808574677,
1343,10749,,,,-0.13372251391410828,,0.13372251391410828
1343,10751,,,-0.16827043890953064,,0.16827043890953064,
1344,10759,,,-0.17081457376480103,,0.17081457376480103,
1345,10767,,,-0.17277605831623077,,0.17277605831623077,
1346,10775,,,-0.16910524666309357,,0.16910524666309357,
1347,10783,,,-0.16891318559646606,,0.16891318559646606,
1348,10791,,,-0.16804461181163788,,0.16804461181163788,
1349,10799,,,,-0.21796196699142456,,0.21796196699142456
1349,10799,,,-0.17060159146785736,,0.17060159146785736,
1350,10807,,,-0.16754832863807678,,0.16754832863807678,
1351,10815,,,-0.1760341376066208,,0.1760341376066208,
1352,10823,,,-0.1696775108575821,,0.1696775108575821,
1353,10831,,,-0.16863271594047546,,0.16863271594047546,
1354,10839,,,-0.168429896235466,,0.168429896235466,
1355,10847,,,-0.16878822445869446,,0.16878822445869446,
1356,10849,,,,-0.16874641180038452,,0.16874641180038452
1356,10855,,,-0.16760657727718353,,0.16760657727718353,
1357,10863,,,-0.1697486937046051,,0.1697486937046051,
1358,10871,,,-0.16814789175987244,,0.16814789175987244,
1359,10879,,,-0.17152170836925507,,0.17152170836925507,
1360,10887,,,-0.16971972584724426,,0.16971972584724426,
1361,10895,,,-0.1703692078590393,,0.1703692078590393,
1362,10899,,,,-0.12930616736412048,,0.12930616736412048
1362,10903,,,-0.16850394010543823,,0.16850394010543823,
1363,10911,,,-0.16761352121829987,,0.16761352121829987,
1364,10919,,,-0.16846799850463867,,0.16846799850463867,
1365,10927,,,-0.17167849838733673,,0.17167849838733673,
1366,10935,,,-0.16935424506664276,,0.16935424506664276,
1367,10943,,,-0.17261560261249542,,0.17261560261249542,
1368,10949,,,,-0.16661271452903748,,0.16661271452903748
1368,10951,,,-0.16891588270664215,,0.16891588270664215,
1369,10959,,,-0.16905763745307922,,0.16905763745307922,
1370,10967,,,-0.16839519143104553,,0.16839519143104553,
1371,10975,,,-0.16829368472099304,,0.16829368472099304,
1372,10983,,,-0.16847294569015503,,0.16847294569015503,
1373,10991,,,-0.17158153653144836,,0.17158153653144836,
1374,10999,,,,-0.14715760946273804,,0.14715760946273804
1374,10999,,,-0.1681022197008133,,0.1681022197008133,
1375,11007,,,-0.17331503331661224,,0.17331503331661224,
1376,11015,,,-0.16937722265720367,,0.16937722265720367,
1377,11023,,,-0.1694316416978836,,0.1694316416978836,
1378,11031,,,-0.16673117876052856,,0.16673117876052856,
1379,11039,,,-0.16907957196235657,,0.16907957196235657,
1380,11047,,,-0.16993899643421173,,0.16993899643421173,
1381,11049,,,,-0.14574217796325684,,0.14574217796325684
1381,11055,,,-0.1696317195892334,,0.1696317195892334,
1382,11063,,,-0.1742924004793167,,0.1742924004793167,
1383,11071,,,-0.16979214549064636,,0.16979214549064636,
1384,11079,,,-0.17087793350219727,,0.17087793350219727,
1385,11087,,,-0.17257899045944214,,0.17257899045944214,
1386,11095,,,-0.16943539679050446,,0.16943539679050446,
1387,11099,,,,-0.1592637002468109,,0.1592637002468109
1387,11103,,,-0.16941098868846893,,0.16941098868846893,
1388,11111,,,-0.17161056399345398,,0.17161056399345398,
1389,11119,,,-0.17231106758117676,,0.17231106758117676,
1390,11127,,,-0.1695534735918045,,0.1695534735918045,
1391,11135,,,-0.1689308136701584,,0.1689308136701584,
1392,11143,,,-0.16766469180583954,,0.16766469180583954,
1393,11149,,,,-0.17125535011291504,,0.17125535011291504
1393,11151,,,-0.17115016281604767,,0.17115016281604767,
1394,11159,,,-0.17363497614860535,,0.17363497614860535,
1395,11167,,,-0.16863879561424255,,0.16863879561424255,
1396,11175,,,-0.16790437698364258,,0.16790437698364258,
1397,11183,,,-0.16885171830654144,,0.16885171830654144,
1398,11191,,,-0.16928429901599884,,0.16928429901599884,
1399,11199,,,,-0.1842983365058899,,0.1842983365058899
1399,11199,,,-0.16820232570171356,,0.16820232570171356,
1400,11207,,,-0.1724543273448944,,0.1724543273448944,
1401,11215,,,-0.16925905644893646,,0.16925905644893646,
1402,11223,,,-0.1684829294681549,,0.1684829294681549,
1403,11231,,,-0.17412452399730682,,0.17412452399730682,
1404,11239,,,-0.1697331964969635,,0.1697331964969635,
1405,11247,,,-0.17150750756263733,,0.17150750756263733,
1406,11249,,,,-0.17183423042297363,,0.17183423042297363
1406,11255,,,-0.16708925366401672,,0.16708925366401672,
1407,11263,,,-0.16891269385814667,,0.16891269385814667,
1408,11271,,,-0.16779769957065582,,0.16779769957065582,
1409,11279,,,-0.16747425496578217,,0.16747425496578217,
1410,11287,,,-0.17204083502292633,,0.17204083502292633,
1411,11295,,,-0.17879563570022583,,0.17879563570022583,
1412,11299,,,,-0.1580791175365448,,0.1580791175365448
1412,11303,,,-0.16874614357948303,,0.16874614357948303,
1413,11311,,,-0.1700623631477356,,0.1700623631477356,
1414,11319,,,-0.1692855954170227,,0.1692855954170227,
1415,11327,,,-0.17125698924064636,,0.17125698924064636,
1416,11335,,,-0.16840973496437073,,0.16840973496437073,
1417,11343,,,-0.1699274480342865,,0.1699274480342865,
1418,11349,,,,-0.25320929288864136,,0.25320929288864136
1418,11351,,,-0.1737385094165802,,0.1737385094165802,
1419,11359,,,-0.17387636005878448,,0.17387636005878448,
1420,11367,,,-0.17295527458190918,,0.17295527458190918,
1421,11375,,,-0.1744287610054016,,0.1744287610054016,
1422,11383,,,-0.1689174920320511,,0.1689174920320511,
1423,11391,,,-0.1709001064300537,,0.1709001064300537,
1424,11399,,,,-0.17327246069908142,,0.17327246069908142
1424,11399,,,-0.17202754318714142,,0.17202754318714142,
1425,11407,,,-0.16858430206775665,,0.16858430206775665,
1426,11415,,,-0.16930966079235077,,0.16930966079235077,
1427,11423,,,-0.16830742359161377,,0.16830742359161377,
1428,11431,,,-0.1703624427318573,,0.1703624427318573,
1429,11439,,,-0.16749469935894012,,0.16749469935894012,
1430,11447,,,-0.16787804663181305,,0.16787804663181305,
1431,11449,,,,-0.1543036699295044,,0.1543036699295044
1431,11455,,,-0.17327795922756195,,0.17327795922756195,
1432,11463,,,-0.16696809232234955,,0.16696809232234955,
1433,11471,,,-0.16911065578460693,,0.16911065578460693,
1434,11479,,,-0.1718256175518036,,0.1718256175518036,
1435,11487,,,-0.1717989444732666,,0.1717989444732666,
1436,11495,,,-0.16926756501197815,,0.16926756501197815,
1437,11499,,,,-0.1701483428478241,,0.1701483428478241
1437,11503,,,-0.17097410559654236,,0.17097410559654236,
1438,11511,,,-0.1692924052476883,,0.1692924052476883,
1439,11519,,,-0.17173220217227936,,0.17173220217227936,
1440,11527,,,-0.17194099724292755,,0.17194099724292755,
1441,11535,,,-0.17067007720470428,,0.17067007720470428,
1442,11543,,,-0.16851863265037537,,0.16851863265037537,
1443,11549,,,,-0.14834514260292053,,0.14834514260292053
1443,11551,,,-0.1685628443956375,,0.1685628443956375,
1444,11559,,,-0.16889119148254395,,0.16889119148254395,
1445,11567,,,-0.16845270991325378,,0.16845270991325378,
1446,11575,,,-0.16785532236099243,,0.16785532236099243,
1447,11583,,,-0.17092381417751312,,0.17092381417751312,
1448,11591,,,-0.16941700875759125,,0.16941700875759125,
1449,11599,,,,-0.16254651546478271,,0.16254651546478271
1449,11599,,,-0.16880600154399872,,0.16880600154399872,
1450,11607,,,-0.16925694048404694,,0.16925694048404694,
1451,11615,,,-0.16906841099262238,,0.16906841099262238,
1452,11623,,,-0.17036427557468414,,0.17036427557468414,
1453,11631,,,-0.17113788425922394,,0.17113788425922394,
1454,11639,,,-0.16723886132240295,,0.16723886132240295,
1455,11647,,,-0.17285066843032837,,0.17285066843032837,
1456,11649,,,,-0.185705304145813,,0.185705304145813
1456,11655,,,-0.17221364378929138,,0.17221364378929138,
1457,11663,,,-0.16966263949871063,,0.16966263949871063,
1458,11671,,,-0.17247585952281952,,0.17247585952281952,
1459,11679,,,-0.17195941507816315,,0.17195941507816315,
1460,11687,,,-0.17288227379322052,,0.17288227379322052,
1461,11695,,,-0.1681276559829712,,0.1681276559829712,
1462,11699,,,,-0.18296679854393005,,0.18296679854393005
1462,11703,,,-0.17109818756580353,,0.17109818756580353,
1463,11711,,,-0.17318496108055115,,0.17318496108055115,
1464,11719,,,-0.17068694531917572,,0.17068694531917572,
1465,11727,,,-0.17356543242931366,,0.17356543242931366,
1466,11735,,,-0.16805066168308258,,0.16805066168308258,
1467,11743,,,-0.1706860214471817,,0.1706860214471817,
1468,11749,,,,-0.19056248664855957,,0.19056248664855957
1468,11751,,,-0.17228898406028748,,0.17228898406028748,
1469,11759,,,-0.16957324743270874,,0.16957324743270874,
1470,11767,,,-0.16823060810565948,,0.16823060810565948,
1471,11775,,,-0.16836382448673248,,0.16836382448673248,
1472,11783,,,-0.1687011867761612,,0.1687011867761612,
1473,11791,,,-0.16921845078468323,,0.16921845078468323,
1474,11799,,,,-0.16891393065452576,,0.16891393065452576
1474,11799,,,-0.17099377512931824,,0.17099377512931824,
1475,11807,,,-0.1704721450805664,,0.1704721450805664,
1476,11815,,,-0.16784143447875977,,0.16784143447875977,
1477,11823,,,-0.1696721464395523,,0.1696721464395523,
1478,11831,,,-0.17559383809566498,,0.17559383809566498,
1479,11839,,,-0.1676793098449707,,0.1676793098449707,
1480,11847,,,-0.1702471375465393,,0.1702471375465393,
1481,11849,,,,-0.1253473460674286,,0.1253473460674286
1481,11855,,,-0.1781724989414215,,0.1781724989414215,
1482,11863,,,-0.16893501579761505,,0.16893501579761505,
1483,11871,,,-0.1705237329006195,,0.1705237329006195,
1484,11879,,,-0.16599373519420624,,0.16599373519420624,
1485,11887,,,-0.17045731842517853,,0.17045731842517853,
1486,11895,,,-0.16913774609565735,,0.16913774609565735,
1487,11899,,,,-0.1670268476009369,,0.1670268476009369
1487,11903,,,-0.16776396334171295,,0.16776396334171295,
1488,11911,,,-0.16995742917060852,,0.16995742917060852,
1489,11919,,,-0.1691976636648178,,0.1691976636648178,
1490,11927,,,-0.17021754384040833,,0.17021754384040833,
1491,11935,,,-0.16817760467529297,,0.16817760467529297,
1492,11943,,,-0.17022882401943207,,0.17022882401943207,
1493,11949,,,,-0.16058912873268127,,0.16058912873268127
1493,11951,,,-0.1679428517818451,,0.1679428517818451,
1494,11959,,,-0.17215730249881744,,0.17215730249881744,
1495,11967,,,-0.16881558299064636,,0.16881558299064636,
1496,11975,,,-0.1708199381828308,,0.1708199381828308,
1497,11983,,,-0.16913481056690216,,0.16913481056690216,
1498,11991,,,-0.1719771772623062,,0.1719771772623062,
1499,11999,,,,-0.22726547718048096,,0.22726547718048096
1499,11999,,,-0.16923405230045319,,0.16923405230045319,
1500,12007,,,-0.16988423466682434,,0.16988423466682434,
1501,12015,,,-0.17078901827335358,,0.17078901827335358,
1502,12023,,,-0.16749970614910126,,0.16749970614910126,
1503,12031,,,-0.16988758742809296,,0.16988758742809296,
1504,12039,,,-0.17479677498340607,,0.17479677498340607,
1505,12047,,,-0.17071306705474854,,0.17071306705474854,
1506,12049,,,,-0.15330109000205994,,0.15330109000205994
1506,12055,,,-0.17020291090011597,,0.17020291090011597,
1507,12063,,,-0.16927967965602875,,0.16927967965602875,
1508,12071,,,-0.17094621062278748,,0.17094621062278748,
1509,12079,,,-0.17081286013126373,,0.17081286013126373,
1510,12087,,,-0.17309366166591644,,0.17309366166591644,
1511,12095,,,-0.1726735234260559,,0.1726735234260559,
1512,12099,,,,-0.18124991655349731,,0.18124991655349731
1512,12103,,,-0.1700054258108139,,0.1700054258108139,
1513,12111,,,-0.16874118149280548,,0.16874118149280548,
1514,12119,,,-0.1692877858877182,,0.1692877858877182,
1515,12127,,,-0.17369477450847626,,0.17369477450847626,
1516,12135,,,-0.17049506306648254,,0.17049506306648254,
1517,12143,,,-0.17000147700309753,,0.17000147700309753,
1518,12149,,,,-0.20098042488098145,,0.20098042488098145
1518,12151,,,-0.17215512692928314,,0.17215512692928314,
1519,12159,,,-0.17102614045143127,,0.17102614045143127,
1520,12167,,,-0.16844068467617035,,0.16844068467617035,
1521,12175,,,-0.17238512635231018,,0.17238512635231018,
1522,12183,,,-0.17140430212020874,,0.17140430212020874,
1523,12191,,,-0.16805756092071533,,0.16805756092071533,
1524,12199,,,,-0.190914124250412,,0.190914124250412
1524,12199,,,-0.1727680116891861,,0.1727680116891861,
1525,12207,,,-0.171682670712471,,0.171682670712471,
1526,12215,,,-0.17267026007175446,,0.17267026007175446,
1527,12223,,,-0.17407749593257904,,0.17407749593257904,
1528,12231,,,-0.1695563942193985,,0.1695563942193985,
1529,12239,,,-0.16888870298862457,,0.16888870298862457,
1530,12247,,,-0.169843390583992,,0.169843390583992,
1531,12249,,,,-0.1535951793193817,,0.1535951793193817
1531,12255,,,-0.17367401719093323,,0.17367401719093323,
1532,12263,,,-0.1690172553062439,,0.1690172553062439,
1533,12271,,,-0.1704230159521103,,0.1704230159521103,
1534,12279,,,-0.16907161474227905,,0.16907161474227905,
1535,12287,,,-0.17238833010196686,,0.17238833010196686,
1536,12295,,,-0.1727907657623291,,0.1727907657623291,
1537,12299,,,,-0.11778566241264343,,0.11778566241264343
1537,12303,,,-0.1677490621805191,,0.1677490621805191,
1538,12311,,,-0.1700454205274582,,0.1700454205274582,
1539,12319,,,-0.16982251405715942,,0.16982251405715942,
1540,12327,,,-0.17079666256904602,,0.17079666256904602,
1541,12335,,,-0.17609374225139618,,0.17609374225139618,
1542,12343,,,-0.17264503240585327,,0.17264503240585327,
1543,12349,,,,-0.1348634660243988,,0.1348634660243988
1543,12351,,,-0.17013351619243622,,0.17013351619243622,
1544,12359,,,-0.16824546456336975,,0.16824546456336975,
1545,12367,,,-0.17277218401432037,,0.17277218401432037,
1546,12375,,,-0.1688017100095749,,0.1688017100095749,
1547,12383,,,-0.17300744354724884,,0.17300744354724884,
1548,12391,,,-0.17172370851039886,,0.17172370851039886,
1549,12399,,,,-0.2211836278438568,,0.2211836278438568
1549,12399,,,-0.16986782848834991,,0.16986782848834991,
1550,12407,,,-0.16935186088085175,,0.16935186088085175,
1551,12415,,,-0.172331765294075,,0.172331765294075,
1552,12423,,,-0.17135313153266907,,0.17135313153266907,
1553,12431,,,-0.1711096465587616,,0.1711096465587616,
1554,12439,,,-0.1781686246395111,,0.1781686246395111,
1555,12447,,,-0.17008280754089355,,0.17008280754089355,
1556,12449,,,,-0.1889985203742981,,0.1889985203742981
1556,12455,,,-0.17066945135593414,,0.17066945135593414,
1557,12463,,,-0.17403779923915863,,0.17403779923915863,
1558,12471,,,-0.17299999296665192,,0.17299999296665192,
1559,12479,,,-0.17209771275520325,,0.17209771275520325,
1560,12487,,,-0.1751316338777542,,0.1751316338777542,
1561,12495,,,-0.16812263429164886,,0.16812263429164886,
1562,12499,,,,-0.18081137537956238,,0.18081137537956238
1562,12503,,,-0.1691087782382965,,0.1691087782382965,
1563,12511,,,-0.17134776711463928,,0.17134776711463928,
1564,12519,,,-0.16727928817272186,,0.16727928817272186,
1565,12527,,,-0.17141038179397583,,0.17141038179397583,
1566,12535,,,-0.16974282264709473,,0.16974282264709473,
1567,12543,,,-0.16775400936603546,,0.16775400936603546,
1568,12549,,,,-0.2490256428718567,,0.2490256428718567
1568,12551,,,-0.1699330359697342,,0.1699330359697342,
1569,12559,,,-0.17414060235023499,,0.17414060235023499,
1570,12567,,,-0.17010833323001862,,0.17010833323001862,
1571,12575,,,-0.1698029339313507,,0.1698029339313507,
1572,12583,,,-0.1799207478761673,,0.1799207478761673,
1573,12591,,,-0.1747560054063797,,0.1747560054063797,
1574,12599,,,,-0.1890493929386139,,0.1890493929386139
1574,12599,,,-0.16895915567874908,,0.16895915567874908,
1575,12607,,,-0.16929024457931519,,0.16929024457931519,
1576,12615,,,-0.1695491075515747,,0.1695491075515747,
1577,12623,,,-0.17450758814811707,,0.17450758814811707,
1578,12631,,,-0.17062778770923615,,0.17062778770923615,
1579,12639,,,-0.1747547835111618,,0.1747547835111618,
1580,12647,,,-0.16863082349300385,,0.16863082349300385,
1581,12649,,,,-0.27830809354782104,,0.27830809354782104
1581,12655,,,-0.16996988654136658,,0.16996988654136658,
1582,12663,,,-0.1714523881673813,,0.1714523881673813,
1583,12671,,,-0.16948460042476654,,0.16948460042476654,
1584,12679,,,-0.1680850386619568,,0.1680850386619568,
1585,12687,,,-0.16892367601394653,,0.16892367601394653,
1586,12695,,,-0.17462526261806488,,0.17462526261806488,
1587,12699,,,,-0.11682960391044617,,0.11682960391044617
1587,12703,,,-0.1717759072780609,,0.1717759072780609,
1588,12711,,,-0.16951316595077515,,0.16951316595077515,
1589,12719,,,-0.17040841281414032,,0.17040841281414032,
1590,12727,,,-0.17033082246780396,,0.17033082246780396,
1591,12735,,,-0.16734614968299866,,0.16734614968299866,
1592,12743,,,-0.17535927891731262,,0.17535927891731262,
1593,12749,,,,-0.14652860164642334,,0.14652860164642334
1593,12751,,,-0.1734415739774704,,0.1734415739774704,
1594,12759,,,-0.1692090630531311,,0.1692090630531311,
1595,12767,,,-0.17100942134857178,,0.17100942134857178,
1596,12775,,,-0.16928450763225555,,0.16928450763225555,
1597,12783,,,-0.17134663462638855,,0.17134663462638855,
1598,12791,,,-0.16907909512519836,,0.16907909512519836,
1599,12799,,,,-0.1571710705757141,,0.1571710705757141
1599,12799,,,-0.17218878865242004,,0.17218878865242004,
1600,12807,,,-0.17462128400802612,,0.17462128400802612,
1601,12815,,,-0.168766587972641,,0.168766587972641,
1602,12823,,,-0.16966533660888672,,0.16966533660888672,
1603,12831,,,-0.16851721704006195,,0.16851721704006195,
1604,12839,,,-0.16948288679122925,,0.16948288679122925,
1605,12847,,,-0.1676434874534607,,0.1676434874534607,
1606,12849,,,,-0.14762264490127563,,0.14762264490127563
1606,12855,,,-0.1722722053527832,,0.1722722053527832,
1607,12863,,,-0.17264673113822937,,0.17264673113822937,
1608,12871,,,-0.17324332892894745,,0.17324332892894745,
1609,12879,,,-0.16973204910755157,,0.16973204910755157,
1610,12887,,,-0.17107529938220978,,0.17107529938220978,
1611,12895,,,-0.17013810575008392,,0.17013810575008392,
1612,12899,,,,-0.20129546523094177,,0.20129546523094177
1612,12903,,,-0.16966576874256134,,0.16966576874256134,
1613,12911,,,-0.16976089775562286,,0.16976089775562286,
1614,12919,,,-0.17087051272392273,,0.17087051272392273,
1615,12927,,,-0.17029190063476562,,0.17029190063476562,
1616,12935,,,-0.1705206036567688,,0.1705206036567688,
1617,12943,,,-0.16765756905078888,,0.16765756905078888,
1618,12949,,,,-0.19757473468780518,,0.19757473468780518
1618,12951,,,-0.1708855926990509,,0.1708855926990509,
1619,12959,,,-0.17132686078548431,,0.17132686078548431,
1620,12967,,,-0.1691276878118515,,0.1691276878118515,
1621,12975,,,-0.17058005928993225,,0.17058005928993225,
1622,12983,,,-0.1757870763540268,,0.1757870763540268,
1623,12991,,,-0.17092464864253998,,0.17092464864253998,
1624,12999,,,,-0.24523496627807617,,0.24523496627807617
1624,12999,,,-0.1703868955373764,,0.1703868955373764,
1625,13007,,,-0.16936413943767548,,0.16936413943767548,
1626,13015,,,-0.16955551505088806,,0.16955551505088806,
1627,13023,,,-0.1708313673734665,,0.1708313673734665,
1628,13031,,,-0.17201580107212067,,0.17201580107212067,
1629,13039,,,-0.16881482303142548,,0.16881482303142548,
1630,13047,,,-0.17202399671077728,,0.17202399671077728,
1631,13049,,,,-0.2154051959514618,,0.2154051959514618
1631,13055,,,-0.16982556879520416,,0.16982556879520416,
1632,13063,,,-0.16850993037223816,,0.16850993037223816,
1633,13071,,,-0.16678589582443237,,0.16678589582443237,
1634,13079,,,-0.17404301464557648,,0.17404301464557648,
1635,13087,,,-0.16911055147647858,,0.16911055147647858,
1636,13095,,,-0.1697470247745514,,0.1697470247745514,
1637,13099,,,,-0.20566391944885254,,0.20566391944885254
1637,13103,,,-0.17645077407360077,,0.17645077407360077,
1638,13111,,,-0.16871137917041779,,0.16871137917041779,
1639,13119,,,-0.16871677339076996,,0.16871677339076996,
1640,13127,,,-0.16878418624401093,,0.16878418624401093,
1641,13135,,,-0.17166668176651,,0.17166668176651,
1642,13143,,,-0.1709005981683731,,0.1709005981683731,
1643,13149,,,,-0.1531078815460205,,0.1531078815460205
1643,13151,,,-0.16914652287960052,,0.16914652287960052,
1644,13159,,,-0.17647981643676758,,0.17647981643676758,
1645,13167,,,-0.17099586129188538,,0.17099586129188538,
1646,13175,,,-0.16944050788879395,,0.16944050788879395,
1647,13183,,,-0.17589782178401947,,0.17589782178401947,
1648,13191,,,-0.17079715430736542,,0.17079715430736542,
1649,13199,,,,-0.22863924503326416,,0.22863924503326416
1649,13199,,,-0.17286990582942963,,0.17286990582942963,
1650,13207,,,-0.16770310699939728,,0.16770310699939728,
1651,13215,,,-0.16922341287136078,,0.16922341287136078,
1652,13223,,,-0.1743476390838623,,0.1743476390838623,
1653,13231,,,-0.16996023058891296,,0.16996023058891296,
1654,13239,,,-0.17089086771011353,,0.17089086771011353,
1655,13247,,,-0.16877008974552155,,0.16877008974552155,
1656,13249,,,,-0.2540220618247986,,0.2540220618247986
1656,13255,,,-0.17530784010887146,,0.17530784010887146,
1657,13263,,,-0.17228877544403076,,0.17228877544403076,
1658,13271,,,-0.17028646171092987,,0.17028646171092987,
1659,13279,,,-0.17113097012043,,0.17113097012043,
1660,13287,,,-0.17673428356647491,,0.17673428356647491,
1661,13295,,,-0.171146959066391,,0.171146959066391,
1662,13299,,,,-0.1930689811706543,,0.1930689811706543
1662,13303,,,-0.1683569848537445,,0.1683569848537445,
1663,13311,,,-0.16748259961605072,,0.16748259961605072,
1664,13319,,,-0.17004650831222534,,0.17004650831222534,
1665,13327,,,-0.16897350549697876,,0.16897350549697876,
1666,13335,,,-0.17784690856933594,,0.17784690856933594,
1667,13343,,,-0.17080919444561005,,0.17080919444561005,
1668,13349,,,,-0.10857057571411133,,0.10857057571411133
1668,13351,,,-0.1714443862438202,,0.1714443862438202,
1669,13359,,,-0.17243830859661102,,0.17243830859661102,
1670,13367,,,-0.16919533908367157,,0.16919533908367157,
1671,13375,,,-0.16941861808300018,,0.16941861808300018,
1672,13383,,,-0.16922326385974884,,0.16922326385974884,
1673,13391,,,-0.17162646353244781,,0.17162646353244781,
1674,13399,,,,-0.19136279821395874,,0.19136279821395874
1674,13399,,,-0.16749820113182068,,0.16749820113182068,
1675,13407,,,-0.1721780151128769,,0.1721780151128769,
1676,13415,,,-0.17153297364711761,,0.17153297364711761,
1677,13423,,,-0.17025382816791534,,0.17025382816791534,
1678,13431,,,-0.16852745413780212,,0.16852745413780212,
1679,13439,,,-0.16864435374736786,,0.16864435374736786,
1680,13447,,,-0.17111897468566895,,0.17111897468566895,
1681,13449,,,,-0.21899005770683289,,0.21899005770683289
1681,13455,,,-0.16927804052829742,,0.16927804052829742,
1682,13463,,,-0.1695374697446823,,0.1695374697446823,
1683,13471,,,-0.16977569460868835,,0.16977569460868835,
1684,13479,,,-0.17040452361106873,,0.17040452361106873,
1685,13487,,,-0.16804495453834534,,0.16804495453834534,
1686,13495,,,-0.1696215569972992,,0.1696215569972992,
1687,13499,,,,-0.16396993398666382,,0.16396993398666382
1687,13503,,,-0.16818776726722717,,0.16818776726722717,
1688,13511,,,-0.17064730823040009,,0.17064730823040009,
1689,13519,,,-0.16901083290576935,,0.16901083290576935,
1690,13527,,,-0.1726866066455841,,0.1726866066455841,
1691,13535,,,-0.17158657312393188,,0.17158657312393188,
1692,13543,,,-0.17279170453548431,,0.17279170453548431,
1693,13549,,,,-0.1841888427734375,,0.1841888427734375
1693,13551,,,-0.17050136625766754,,0.17050136625766754,
1694,13559,,,-0.16945017874240875,,0.16945017874240875,
1695,13567,,,-0.17031347751617432,,0.17031347751617432,
1696,13575,,,-0.16893139481544495,,0.16893139481544495,
1697,13583,,,-0.16952762007713318,,0.16952762007713318,
1698,13591,,,-0.1693933606147766,,0.1693933606147766,
1699,13599,,,,-0.08751890063285828,,0.08751890063285828
1699,13599,,,-0.1686324030160904,,0.1686324030160904,
1700,13607,,,-0.16847799718379974,,0.16847799718379974,
1701,13615,,,-0.169450044631958,,0.169450044631958,
1702,13623,,,-0.17301340401172638,,0.17301340401172638,
1703,13631,,,-0.17043296992778778,,0.17043296992778778,
1704,13639,,,-0.1696586012840271,,0.1696586012840271,
1705,13647,,,-0.17140133678913116,,0.17140133678913116,
1706,13649,,,,-0.13045087456703186,,0.13045087456703186
1706,13655,,,-0.17143315076828003,,0.17143315076828003,
1707,13663,,,-0.17254933714866638,,0.17254933714866638,
1708,13671,,,-0.16832995414733887,,0.16832995414733887,
1709,13679,,,-0.1676148772239685,,0.1676148772239685,
1710,13687,,,-0.17060837149620056,,0.17060837149620056,
1711,13695,,,-0.1684224009513855,,0.1684224009513855,
1712,13699,,,,-0.12598076462745667,,0.12598076462745667
1712,13703,,,-0.16894102096557617,,0.16894102096557617,
1713,13711,,,-0.16989608108997345,,0.16989608108997345,
1714,13719,,,-0.17056167125701904,,0.17056167125701904,
1715,13727,,,-0.16927488148212433,,0.16927488148212433,
1716,13735,,,-0.1702246367931366,,0.1702246367931366,
1717,13743,,,-0.16823337972164154,,0.16823337972164154,
1718,13749,,,,-0.1982416808605194,,0.1982416808605194
1718,13751,,,-0.17281357944011688,,0.17281357944011688,
1719,13759,,,-0.1728779822587967,,0.1728779822587967,
1720,13767,,,-0.16983379423618317,,0.16983379423618317,
1721,13775,,,-0.17774330079555511,,0.17774330079555511,
1722,13783,,,-0.17329438030719757,,0.17329438030719757,
1723,13791,,,-0.16915667057037354,,0.16915667057037354,
1724,13799,,,,-0.24842247366905212,,0.24842247366905212
1724,13799,,,-0.17561393976211548,,0.17561393976211548,
1725,13807,,,-0.1700948029756546,,0.1700948029756546,
1726,13815,,,-0.17289069294929504,,0.17289069294929504,
1727,13823,,,-0.1745501458644867,,0.1745501458644867,
1728,13831,,,-0.16985255479812622,,0.16985255479812622,
1729,13839,,,-0.1730087846517563,,0.1730087846517563,
1730,13847,,,-0.17019711434841156,,0.17019711434841156,
1731,13849,,,,-0.21461880207061768,,0.21461880207061768
1731,13855,,,-0.17339101433753967,,0.17339101433753967,
1732,13863,,,-0.16926316916942596,,0.16926316916942596,
1733,13871,,,-0.17063942551612854,,0.17063942551612854,
1734,13879,,,-0.1728060245513916,,0.1728060245513916,
1735,13887,,,-0.17647980153560638,,0.17647980153560638,
1736,13895,,,-0.17240135371685028,,0.17240135371685028,
1737,13899,,,,-0.20508155226707458,,0.20508155226707458
1737,13903,,,-0.1692412793636322,,0.1692412793636322,
1738,13911,,,-0.17131634056568146,,0.17131634056568146,
1739,13919,,,-0.16975921392440796,,0.16975921392440796,
1740,13927,,,-0.17278102040290833,,0.17278102040290833,
1741,13935,,,-0.17063994705677032,,0.17063994705677032,
1742,13943,,,-0.1719042807817459,,0.1719042807817459,
1743,13949,,,,-0.17536017298698425,,0.17536017298698425
1743,13951,,,-0.1718616932630539,,0.1718616932630539,
1744,13959,,,-0.16991500556468964,,0.16991500556468964,
1745,13967,,,-0.1690833419561386,,0.1690833419561386,
1746,13975,,,-0.17035320401191711,,0.17035320401191711,
1747,13983,,,-0.1680629849433899,,0.1680629849433899,
1748,13991,,,-0.16953229904174805,,0.16953229904174805,
1749,13999,,,,-0.12025588750839233,,0.12025588750839233
1749,13999,,,-0.1722174882888794,,0.1722174882888794,
1750,14007,,,-0.1686350256204605,,0.1686350256204605,
1751,14015,,,-0.17026165127754211,,0.17026165127754211,
1752,14023,,,-0.17417486011981964,,0.17417486011981964,
1753,14031,,,-0.17018292844295502,,0.17018292844295502,
1754,14039,,,-0.16883650422096252,,0.16883650422096252,
1755,14047,,,-0.16954554617404938,,0.16954554617404938,
1756,14049,,,,-0.21470442414283752,,0.21470442414283752
1756,14055,,,-0.17166897654533386,,0.17166897654533386,
1757,14063,,,-0.16879902780056,,0.16879902780056,
1758,14071,,,-0.174993634223938,,0.174993634223938,
1759,14079,,,-0.17283564805984497,,0.17283564805984497,
1760,14087,,,-0.17484824359416962,,0.17484824359416962,
1761,14095,,,-0.17100386321544647,,0.17100386321544647,
1762,14099,,,,-0.22564584016799927,,0.22564584016799927
1762,14103,,,-0.1724862903356552,,0.1724862903356552,
1763,14111,,,-0.16977737843990326,,0.16977737843990326,
1764,14119,,,-0.1678910106420517,,0.1678910106420517,
1765,14127,,,-0.16744762659072876,,0.16744762659072876,
1766,14135,,,-0.16942742466926575,,0.16942742466926575,
1767,14143,,,-0.17599119246006012,,0.17599119246006012,
1768,14149,,,,-0.20179453492164612,,0.20179453492164612
1768,14151,,,-0.17034338414669037,,0.17034338414669037,
1769,14159,,,-0.1718880534172058,,0.1718880534172058,
1770,14167,,,-0.17022959887981415,,0.17022959887981415,
1771,14175,,,-0.1714756190776825,,0.1714756190776825,
1772,14183,,,-0.16894251108169556,,0.16894251108169556,
1773,14191,,,-0.1736784279346466,,0.1736784279346466,
1774,14199,,,,-0.15690776705741882,,0.15690776705741882
1774,14199,,,-0.1689569056034088,,0.1689569056034088,
1775,14207,,,-0.16979257762432098,,0.16979257762432098,
1776,14215,,,-0.17158329486846924,,0.17158329486846924,
1777,14223,,,-0.17009887099266052,,0.17009887099266052,
1778,14231,,,-0.17099744081497192,,0.17099744081497192,
1779,14239,,,-0.16969461739063263,,0.16969461739063263,
1780,14247,,,-0.16895388066768646,,0.16895388066768646,
1781,14249,,,,-0.20690098404884338,,0.20690098404884338
1781,14255,,,-0.17246709764003754,,0.17246709764003754,
1782,14263,,,-0.1735948920249939,,0.1735948920249939,
1783,14271,,,-0.1694929301738739,,0.1694929301738739,
1784,14279,,,-0.16975253820419312,,0.16975253820419312,
1785,14287,,,-0.1756935566663742,,0.1756935566663742,
1786,14295,,,-0.1719398945569992,,0.1719398945569992,
1787,14299,,,,-0.17042049765586853,,0.17042049765586853
1787,14303,,,-0.1714133471250534,,0.1714133471250534,
1788,14311,,,-0.17121410369873047,,0.17121410369873047,
1789,14319,,,-0.16834767162799835,,0.16834767162799835,
1790,14327,,,-0.1719655990600586,,0.1719655990600586,
1791,14335,,,-0.16847778856754303,,0.16847778856754303,
1792,14343,,,-0.17115861177444458,,0.17115861177444458,
1793,14349,,,,-0.1908266246318817,,0.1908266246318817
1793,14351,,,-0.1688143014907837,,0.1688143014907837,
1794,14359,,,-0.17329739034175873,,0.17329739034175873,
1795,14367,,,-0.1687653809785843,,0.1687653809785843,
1796,14375,,,-0.16998374462127686,,0.16998374462127686,
1797,14383,,,-0.17380061745643616,,0.17380061745643616,
1798,14391,,,-0.16952945291996002,,0.16952945291996002,
1799,14399,,,,-0.20772692561149597,,0.20772692561149597
1799,14399,,,-0.1724662482738495,,0.1724662482738495,
1800,14407,,,-0.17055541276931763,,0.17055541276931763,
1801,14415,,,-0.16823191940784454,,0.16823191940784454,
1802,14423,,,-0.17008131742477417,,0.17008131742477417,
1803,14431,,,-0.17024777829647064,,0.17024777829647064,
1804,14439,,,-0.1698167324066162,,0.1698167324066162,
1805,14447,,,-0.1736358404159546,,0.1736358404159546,
1806,14449,,,,-0.17149686813354492,,0.17149686813354492
1806,14455,,,-0.16862578690052032,,0.16862578690052032,
1807,14463,,,-0.1684577614068985,,0.1684577614068985,
1808,14471,,,-0.1707947850227356,,0.1707947850227356,
1809,14479,,,-0.17685867846012115,,0.17685867846012115,
1810,14487,,,-0.17477382719516754,,0.17477382719516754,
1811,14495,,,-0.16927500069141388,,0.16927500069141388,
1812,14499,,,,-0.18404191732406616,,0.18404191732406616
1812,14503,,,-0.16887608170509338,,0.16887608170509338,
1813,14511,,,-0.17021013796329498,,0.17021013796329498,
1814,14519,,,-0.17087562382221222,,0.17087562382221222,
1815,14527,,,-0.16846957802772522,,0.16846957802772522,
1816,14535,,,-0.17097152769565582,,0.17097152769565582,
1817,14543,,,-0.1706516146659851,,0.1706516146659851,
1818,14549,,,,-0.1666293740272522,,0.1666293740272522
1818,14551,,,-0.16991490125656128,,0.16991490125656128,
1819,14559,,,-0.17016592621803284,,0.17016592621803284,
1820,14567,,,-0.17155428230762482,,0.17155428230762482,
1821,14575,,,-0.16803127527236938,,0.16803127527236938,
1822,14583,,,-0.16870881617069244,,0.16870881617069244,
1823,14591,,,-0.17191122472286224,,0.17191122472286224,
1824,14599,,,,-0.16125747561454773,,0.16125747561454773
1824,14599,,,-0.16981063783168793,,0.16981063783168793,
1825,14607,,,-0.1708962470293045,,0.1708962470293045,
1826,14615,,,-0.17075832188129425,,0.17075832188129425,
1827,14623,,,-0.16813938319683075,,0.16813938319683075,
1828,14631,,,-0.1689743846654892,,0.1689743846654892,
1829,14639,,,-0.16994406282901764,,0.16994406282901764,
1830,14647,,,-0.17359662055969238,,0.17359662055969238,
1831,14649,,,,-0.18438264727592468,,0.18438264727592468
1831,14655,,,-0.17086072266101837,,0.17086072266101837,
1832,14663,,,-0.17031049728393555,,0.17031049728393555,
1833,14671,,,-0.1744689792394638,,0.1744689792394638,
1834,14679,,,-0.17164474725723267,,0.17164474725723267,
1835,14687,,,-0.17004117369651794,,0.17004117369651794,
1836,14695,,,-0.16834713518619537,,0.16834713518619537,
1837,14699,,,,-0.11463269591331482,,0.11463269591331482
1837,14703,,,-0.16914372146129608,,0.16914372146129608,
1838,14711,,,-0.169524148106575,,0.169524148106575,
1839,14719,,,-0.1704041212797165,,0.1704041212797165,
1840,14727,,,-0.174616277217865,,0.174616277217865,
1841,14735,,,-0.17006611824035645,,0.17006611824035645,
1842,14743,,,-0.16878753900527954,,0.16878753900527954,
1843,14749,,,,-0.16606393456459045,,0.16606393456459045
1843,14751,,,-0.17157721519470215,,0.17157721519470215,
1844,14759,,,-0.1704547107219696,,0.1704547107219696,
1845,14767,,,-0.1717279702425003,,0.1717279702425003,
1846,14775,,,-0.17004968225955963,,0.17004968225955963,
1847,14783,,,-0.1698690950870514,,0.1698690950870514,
1848,14791,,,-0.17332962155342102,,0.17332962155342102,
1849,14799,,,,-0.14692741632461548,,0.14692741632461548
1849,14799,,,-0.1704651564359665,,0.1704651564359665,
1850,14807,,,-0.16758283972740173,,0.16758283972740173,
1851,14815,,,-0.17159759998321533,,0.17159759998321533,
1852,14823,,,-0.17002739012241364,,0.17002739012241364,
1853,14831,,,-0.17230425775051117,,0.17230425775051117,
1854,14839,,,-0.17100617289543152,,0.17100617289543152,
1855,14847,,,-0.1735156923532486,,0.1735156923532486,
1856,14849,,,,-0.21915125846862793,,0.21915125846862793
1856,14855,,,-0.1717211753129959,,0.1717211753129959,
1857,14863,,,-0.1712869554758072,,0.1712869554758072,
1858,14871,,,-0.16895650327205658,,0.16895650327205658,
1859,14879,,,-0.1706857979297638,,0.1706857979297638,
1860,14887,,,-0.17307355999946594,,0.17307355999946594,
1861,14895,,,-0.17377535998821259,,0.17377535998821259,
1862,14899,,,,-0.15938466787338257,,0.15938466787338257
1862,14903,,,-0.16827647387981415,,0.16827647387981415,
1863,14911,,,-0.17242206633090973,,0.17242206633090973,
1864,14919,,,-0.17113274335861206,,0.17113274335861206,
1865,14927,,,-0.1698438674211502,,0.1698438674211502,
1866,14935,,,-0.17001262307167053,,0.17001262307167053,
1867,14943,,,-0.17099393904209137,,0.17099393904209137,
1868,14949,,,,-0.27142637968063354,,0.27142637968063354
1868,14951,,,-0.17162947356700897,,0.17162947356700897,
1869,14959,,,-0.17446941137313843,,0.17446941137313843,
1870,14967,,,-0.16966362297534943,,0.16966362297534943,
1871,14975,,,-0.1764080822467804,,0.1764080822467804,
1872,14983,,,-0.1728520691394806,,0.1728520691394806,
1873,14991,,,-0.17415903508663177,,0.17415903508663177,
1874,14999,,,,-0.21627196669578552,,0.21627196669578552
1874,14999,,,-0.1706058830022812,,0.1706058830022812,
1875,15007,,,-0.17215603590011597,,0.17215603590011597,
1876,15015,,,-0.16910123825073242,,0.16910123825073242,
1877,15023,,,-0.17041821777820587,,0.17041821777820587,
1878,15031,,,-0.1708689033985138,,0.1708689033985138,
1879,15039,,,-0.1724269837141037,,0.1724269837141037,
1880,15047,,,-0.16992032527923584,,0.16992032527923584,
1881,15049,,,,-0.28283411264419556,,0.28283411264419556
1881,15055,,,-0.1739470362663269,,0.1739470362663269,
1882,15063,,,-0.16820037364959717,,0.16820037364959717,
1883,15071,,,-0.17136558890342712,,0.17136558890342712,
1884,15079,,,-0.16953010857105255,,0.16953010857105255,
1885,15087,,,-0.1744505912065506,,0.1744505912065506,
1886,15095,,,-0.16994182765483856,,0.16994182765483856,
1887,15099,,,,-0.10930278897285461,,0.10930278897285461
1887,15103,,,-0.1727803647518158,,0.1727803647518158,
1888,15111,,,-0.17298974096775055,,0.17298974096775055,
1889,15119,,,-0.17385756969451904,,0.17385756969451904,
1890,15127,,,-0.16958431899547577,,0.16958431899547577,
1891,15135,,,-0.1730971783399582,,0.1730971783399582,
1892,15143,,,-0.1724061220884323,,0.1724061220884323,
1893,15149,,,,-0.16412684321403503,,0.16412684321403503
1893,15151,,,-0.17184978723526,,0.17184978723526,
1894,15159,,,-0.16793274879455566,,0.16793274879455566,
1895,15167,,,-0.17216673493385315,,0.17216673493385315,
1896,15175,,,-0.1722332090139389,,0.1722332090139389,
1897,15183,,,-0.16940321028232574,,0.16940321028232574,
1898,15191,,,-0.1717057079076767,,0.1717057079076767,
1899,15199,,,,-0.17091521620750427,,0.17091521620750427
1899,15199,,,-0.1686960756778717,,0.1686960756778717,
1900,15207,,,-0.1716732531785965,,0.1716732531785965,
1901,15215,,,-0.172089084982872,,0.172089084982872,
1902,15223,,,-0.1709822118282318,,0.1709822118282318,
1903,15231,,,-0.17169196903705597,,0.17169196903705597,
1904,15239,,,-0.17104512453079224,,0.17104512453079224,
1905,15247,,,-0.17067161202430725,,0.17067161202430725,
1906,15249,,,,-0.20079466700553894,,0.20079466700553894
1906,15255,,,-0.16815418004989624,,0.16815418004989624,
1907,15263,,,-0.1690043956041336,,0.1690043956041336,
1908,15271,,,-0.17055575549602509,,0.17055575549602509,
1909,15279,,,-0.17348426580429077,,0.17348426580429077,
1910,15287,,,-0.17082028090953827,,0.17082028090953827,
1911,15295,,,-0.16902762651443481,,0.16902762651443481,
1912,15299,,,,-0.16544243693351746,,0.16544243693351746
1912,15303,,,-0.16942836344242096,,0.16942836344242096,
1913,15311,,,-0.17041383683681488,,0.17041383683681488,
1914,15319,,,-0.1697053760290146,,0.1697053760290146,
1915,15327,,,-0.17511899769306183,,0.17511899769306183,
1916,15335,,,-0.17314402759075165,,0.17314402759075165,
1917,15343,,,-0.17571546137332916,,0.17571546137332916,
1918,15349,,,,-0.1908751130104065,,0.1908751130104065
1918,15351,,,-0.17136909067630768,,0.17136909067630768,
1919,15359,,,-0.16922101378440857,,0.16922101378440857,
1920,15367,,,-0.17041222751140594,,0.17041222751140594,
1921,15375,,,-0.17319107055664062,,0.17319107055664062,
1922,15383,,,-0.1673448085784912,,0.1673448085784912,
1923,15391,,,-0.1757703721523285,,0.1757703721523285,
1924,15399,,,,-0.04320213198661804,,0.04320213198661804
1924,15399,,,-0.17191193997859955,,0.17191193997859955,
1925,15407,,,-0.1732792854309082,,0.1732792854309082,
1926,15415,,,-0.16943559050559998,,0.16943559050559998,
1927,15423,,,-0.17297013103961945,,0.17297013103961945,
1928,15431,,,-0.1695055514574051,,0.1695055514574051,
1929,15439,,,-0.1704660803079605,,0.1704660803079605,
1930,15447,,,-0.17272697389125824,,0.17272697389125824,
1931,15449,,,,-0.15037769079208374,,0.15037769079208374
1931,15455,,,-0.1718720942735672,,0.1718720942735672,
1932,15463,,,-0.17316773533821106,,0.17316773533821106,
1933,15471,,,-0.17581863701343536,,0.17581863701343536,
1934,15479,,,-0.17389103770256042,,0.17389103770256042,
1935,15487,,,-0.17224736511707306,,0.17224736511707306,
1936,15495,,,-0.1703449934720993,,0.1703449934720993,
1937,15499,,,,-0.13867324590682983,,0.13867324590682983
1937,15503,,,-0.17263683676719666,,0.17263683676719666,
1938,15511,,,-0.17017772793769836,,0.17017772793769836,
1939,15519,,,-0.16928981244564056,,0.16928981244564056,
1940,15527,,,-0.17154599726200104,,0.17154599726200104,
1941,15535,,,-0.17282521724700928,,0.17282521724700928,
1942,15543,,,-0.17279255390167236,,0.17279255390167236,
1943,15549,,,,-0.09882089495658875,,0.09882089495658875
1943,15551,,,-0.1741791069507599,,0.1741791069507599,
1944,15559,,,-0.17036700248718262,,0.17036700248718262,
1945,15567,,,-0.17004993557929993,,0.17004993557929993,
1946,15575,,,-0.16952712833881378,,0.16952712833881378,
1947,15583,,,-0.1711447685956955,,0.1711447685956955,
1948,15591,,,-0.17557395994663239,,0.17557395994663239,
1949,15599,,,,-0.1668490767478943,,0.1668490767478943
1949,15599,,,-0.1681337207555771,,0.1681337207555771,
1950,15607,,,-0.17266453802585602,,0.17266453802585602,
1951,15615,,,-0.16937042772769928,,0.16937042772769928,
1952,15623,,,-0.17085272073745728,,0.17085272073745728,
1953,15631,,,-0.1706313043832779,,0.1706313043832779,
1954,15639,,,-0.17049145698547363,,0.17049145698547363,
1955,15647,,,-0.17085744440555573,,0.17085744440555573,
1956,15649,,,,-0.17489606142044067,,0.17489606142044067
1956,15655,,,-0.16870896518230438,,0.16870896518230438,
1957,15663,,,-0.17665377259254456,,0.17665377259254456,
1958,15671,,,-0.17107778787612915,,0.17107778787612915,
1959,15679,,,-0.17300258576869965,,0.17300258576869965,
1960,15687,,,-0.17096862196922302,,0.17096862196922302,
1961,15695,,,-0.171942800283432,,0.171942800283432,
1962,15699,,,,-0.16138896346092224,,0.16138896346092224
1962,15703,,,-0.16981738805770874,,0.16981738805770874,
1963,15711,,,-0.16957050561904907,,0.16957050561904907,
1964,15719,,,-0.16940957307815552,,0.16940957307815552,
1965,15727,,,-0.17592103779315948,,0.17592103779315948,
1966,15735,,,-0.17264074087142944,,0.17264074087142944,
1967,15743,,,-0.1684674322605133,,0.1684674322605133,
1968,15749,,,,-0.14927241206169128,,0.14927241206169128
1968,15751,,,-0.17203493416309357,,0.17203493416309357,
1969,15759,,,-0.17344388365745544,,0.17344388365745544,
1970,15767,,,-0.16901065409183502,,0.16901065409183502,
1971,15775,,,-0.17070433497428894,,0.17070433497428894,
1972,15783,,,-0.17448154091835022,,0.17448154091835022,
1973,15791,,,-0.1701740324497223,,0.1701740324497223,
1974,15799,,,,-0.1729145646095276,,0.1729145646095276
1974,15799,,,-0.17345118522644043,,0.17345118522644043,
1975,15807,,,-0.17416168749332428,,0.17416168749332428,
1976,15815,,,-0.16829630732536316,,0.16829630732536316,
1977,15823,,,-0.17185848951339722,,0.17185848951339722,
1978,15831,,,-0.17346133291721344,,0.17346133291721344,
1979,15839,,,-0.17264990508556366,,0.17264990508556366,
1980,15847,,,-0.1696801334619522,,0.1696801334619522,
1981,15849,,,,-0.17817363142967224,,0.17817363142967224
1981,15855,,,-0.16857679188251495,,0.16857679188251495,
1982,15863,,,-0.18028374016284943,,0.18028374016284943,
1983,15871,,,-0.17118246853351593,,0.17118246853351593,
1984,15879,,,-0.17094722390174866,,0.17094722390174866,
1985,15887,,,-0.16867400705814362,,0.16867400705814362,
1986,15895,,,-0.17146767675876617,,0.17146767675876617,
1987,15899,,,,-0.14418262243270874,,0.14418262243270874
1987,15903,,,-0.17041470110416412,,0.17041470110416412,
1988,15911,,,-0.17029693722724915,,0.17029693722724915,
1989,15919,,,-0.17017865180969238,,0.17017865180969238,
1990,15927,,,-0.17593637108802795,,0.17593637108802795,
1991,15935,,,-0.17094458639621735,,0.17094458639621735,
1992,15943,,,-0.17120634019374847,,0.17120634019374847,
1993,15949,,,,-0.12916883826255798,,0.12916883826255798
1993,15951,,,-0.16902585327625275,,0.16902585327625275,
1994,15959,,,-0.1695324033498764,,0.1695324033498764,
1995,15967,,,-0.17144861817359924,,0.17144861817359924,
1996,15975,,,-0.17149850726127625,,0.17149850726127625,
1997,15983,,,-0.16883498430252075,,0.16883498430252075,
1998,15991,,,-0.172259122133255,,0.172259122133255,
1999,15999,,,,-0.17342716455459595,,0.17342716455459595
1999,15999,,,-0.17049221694469452,,0.17049221694469452,
2000,16000,-0.15460307896137238,0.15460307896137238,,,,
