epoch,step,test_loss,test_renyi_lb,train_loss_epoch,train_loss_step,train_renyi_lb_epoch,train_renyi_lb_step
0,7,,,0.11506474763154984,,-0.11506474763154984,
1,15,,,0.0992121770977974,,-0.0992121770977974,
2,23,,,0.08328831940889359,,-0.08328831940889359,
3,31,,,0.06756699085235596,,-0.06756699085235596,
4,39,,,0.05198007822036743,,-0.05198007822036743,
5,47,,,0.036664243787527084,,-0.036664243787527084,
6,49,,,,0.02630901336669922,,-0.02630901336669922
6,55,,,0.02138572931289673,,-0.02138572931289673,
7,63,,,0.0062093730084598064,,-0.0062093730084598064,
8,71,,,-0.009031176567077637,,0.009031176567077637,
9,79,,,-0.024322986602783203,,0.024322986602783203,
10,87,,,-0.039556682109832764,,0.039556682109832764,
11,95,,,-0.054889146238565445,,0.054889146238565445,
12,99,,,,-0.06889581680297852,,0.06889581680297852
12,103,,,-0.07040619850158691,,0.07040619850158691,
13,111,,,-0.08599483966827393,,0.08599483966827393,
14,119,,,-0.1018892452120781,,0.1018892452120781,
15,127,,,-0.11833607405424118,,0.11833607405424118,
16,135,,,-0.13491255044937134,,0.13491255044937134,
17,143,,,-0.15076349675655365,,0.15076349675655365,
18,149,,,,-0.16976690292358398,,0.16976690292358398
18,151,,,-0.1651923656463623,,0.1651923656463623,
19,159,,,-0.17943933606147766,,0.17943933606147766,
20,167,,,-0.19280469417572021,,0.19280469417572021,
21,175,,,-0.20493437349796295,,0.20493437349796295,
22,183,,,-0.216844379901886,,0.216844379901886,
23,191,,,-0.2285701483488083,,0.2285701483488083,
24,199,,,,-0.2475886344909668,,0.2475886344909668
24,199,,,-0.24027761816978455,,0.24027761816978455,
25,207,,,-0.25189751386642456,,0.25189751386642456,
26,215,,,-0.2635491192340851,,0.2635491192340851,
27,223,,,-0.27510756254196167,,0.27510756254196167,
28,231,,,-0.2866993844509125,,0.2866993844509125,
29,239,,,-0.2982410192489624,,0.2982410192489624,
30,247,,,-0.3098026216030121,,0.3098026216030121,
31,249,,,,-0.3194456100463867,,0.3194456100463867
31,255,,,-0.3213341534137726,,0.3213341534137726,
32,263,,,-0.3327929973602295,,0.3327929973602295,
33,271,,,-0.34428563714027405,,0.34428563714027405,
34,279,,,-0.3558124601840973,,0.3558124601840973,
35,287,,,-0.3673827648162842,,0.3673827648162842,
36,295,,,-0.3790072798728943,,0.3790072798728943,
37,299,,,,-0.3925185203552246,,0.3925185203552246
37,303,,,-0.39065614342689514,,0.39065614342689514,
38,311,,,-0.40237855911254883,,0.40237855911254883,
39,319,,,-0.41411092877388,,0.41411092877388,
40,327,,,-0.42583999037742615,,0.42583999037742615,
41,335,,,-0.43766412138938904,,0.43766412138938904,
42,343,,,-0.4494680166244507,,0.4494680166244507,
43,349,,,,-0.46680450439453125,,0.46680450439453125
43,351,,,-0.461337149143219,,0.461337149143219,
44,359,,,-0.47312068939208984,,0.47312068939208984,
45,367,,,-0.48489129543304443,,0.48489129543304443,
46,375,,,-0.49666351079940796,,0.49666351079940796,
47,383,,,-0.5084425210952759,,0.5084425210952759,
48,391,,,-0.5202075242996216,,0.5202075242996216,
49,399,,,,-0.5316987037658691,,0.5316987037658691
49,399,,,-0.532024085521698,,0.532024085521698,
50,407,,,-0.543819785118103,,0.543819785118103,
51,415,,,-0.5554888844490051,,0.5554888844490051,
52,423,,,-0.5672095417976379,,0.5672095417976379,
53,431,,,-0.5788745284080505,,0.5788745284080505,
54,439,,,-0.5906103253364563,,0.5906103253364563,
55,447,,,-0.6022843718528748,,0.6022843718528748,
56,449,,,,-0.600104808807373,,0.600104808807373
56,455,,,-0.6140113472938538,,0.6140113472938538,
57,463,,,-0.6258366703987122,,0.6258366703987122,
58,471,,,-0.637597918510437,,0.637597918510437,
59,479,,,-0.6494113206863403,,0.6494113206863403,
60,487,,,-0.6612769365310669,,0.6612769365310669,
61,495,,,-0.6730061769485474,,0.6730061769485474,
62,499,,,,-0.680950403213501,,0.680950403213501
62,503,,,-0.6848630309104919,,0.6848630309104919,
63,511,,,-0.6966980695724487,,0.6966980695724487,
64,519,,,-0.7085524797439575,,0.7085524797439575,
65,527,,,-0.7202904224395752,,0.7202904224395752,
66,535,,,-0.7321444153785706,,0.7321444153785706,
67,543,,,-0.7440186738967896,,0.7440186738967896,
68,549,,,,-0.7507636547088623,,0.7507636547088623
68,551,,,-0.7561228275299072,,0.7561228275299072,
69,559,,,-0.7686327695846558,,0.7686327695846558,
70,567,,,-0.7812110781669617,,0.7812110781669617,
71,575,,,-0.7928385734558105,,0.7928385734558105,
72,583,,,-0.8041967749595642,,0.8041967749595642,
73,591,,,-0.8154604434967041,,0.8154604434967041,
74,599,,,,-0.8334078788757324,,0.8334078788757324
74,599,,,-0.8269870281219482,,0.8269870281219482,
75,607,,,-0.8384041786193848,,0.8384041786193848,
76,615,,,-0.8497518301010132,,0.8497518301010132,
77,623,,,-0.861076831817627,,0.861076831817627,
78,631,,,-0.872499406337738,,0.872499406337738,
79,639,,,-0.8837605714797974,,0.8837605714797974,
80,647,,,-0.895196795463562,,0.895196795463562,
81,649,,,,-0.915306568145752,,0.915306568145752
81,655,,,-0.9064217805862427,,0.9064217805862427,
82,663,,,-0.9177036881446838,,0.9177036881446838,
83,671,,,-0.9289896488189697,,0.9289896488189697,
84,679,,,-0.9399221539497375,,0.9399221539497375,
85,687,,,-0.9511871337890625,,0.9511871337890625,
86,695,,,-0.9623010754585266,,0.9623010754585266,
87,699,,,,-0.9873433113098145,,0.9873433113098145
87,703,,,-0.9732463955879211,,0.9732463955879211,
88,711,,,-0.9842642545700073,,0.9842642545700073,
89,719,,,-0.9956012964248657,,0.9956012964248657,
90,727,,,-1.0059820413589478,,1.0059820413589478,
91,735,,,-1.0168505907058716,,1.0168505907058716,
92,743,,,-1.0277998447418213,,1.0277998447418213,
93,749,,,,-1.0531611442565918,,1.0531611442565918
93,751,,,-1.0385620594024658,,1.0385620594024658,
94,759,,,-1.0491816997528076,,1.0491816997528076,
95,767,,,-1.05982506275177,,1.05982506275177,
96,775,,,-1.0703456401824951,,1.0703456401824951,
97,783,,,-1.0809623003005981,,1.0809623003005981,
98,791,,,-1.09121835231781,,1.09121835231781,
99,799,,,,-1.110856056213379,,1.110856056213379
99,799,,,-1.1016343832015991,,1.1016343832015991,
100,807,,,-1.1117159128189087,,1.1117159128189087,
101,815,,,-1.121712327003479,,1.121712327003479,
102,823,,,-1.1325016021728516,,1.1325016021728516,
103,831,,,-1.1419788599014282,,1.1419788599014282,
104,839,,,-1.1520204544067383,,1.1520204544067383,
105,847,,,-1.1626347303390503,,1.1626347303390503,
106,849,,,,-1.161228895187378,,1.161228895187378
106,855,,,-1.171147108078003,,1.171147108078003,
107,863,,,-1.1814460754394531,,1.1814460754394531,
108,871,,,-1.1906514167785645,,1.1906514167785645,
109,879,,,-1.2004061937332153,,1.2004061937332153,
110,887,,,-1.2089505195617676,,1.2089505195617676,
111,895,,,-1.2194957733154297,,1.2194957733154297,
112,899,,,,-1.182724952697754,,1.182724952697754
112,903,,,-1.2275577783584595,,1.2275577783584595,
113,911,,,-1.2362197637557983,,1.2362197637557983,
114,919,,,-1.245408058166504,,1.245408058166504,
115,927,,,-1.2545061111450195,,1.2545061111450195,
116,935,,,-1.2630802392959595,,1.2630802392959595,
117,943,,,-1.2718055248260498,,1.2718055248260498,
118,949,,,,-1.2687792778015137,,1.2687792778015137
118,951,,,-1.2793068885803223,,1.2793068885803223,
119,959,,,-1.288391351699829,,1.288391351699829,
120,967,,,-1.296537160873413,,1.296537160873413,
121,975,,,-1.3042957782745361,,1.3042957782745361,
122,983,,,-1.3137654066085815,,1.3137654066085815,
123,991,,,-1.3208566904067993,,1.3208566904067993,
124,999,,,,-1.3649554252624512,,1.3649554252624512
124,999,,,-1.3281387090682983,,1.3281387090682983,
125,1007,,,-1.3382474184036255,,1.3382474184036255,
126,1015,,,-1.3438067436218262,,1.3438067436218262,
127,1023,,,-1.3508729934692383,,1.3508729934692383,
128,1031,,,-1.3598333597183228,,1.3598333597183228,
129,1039,,,-1.3661085367202759,,1.3661085367202759,
130,1047,,,-1.3727329969406128,,1.3727329969406128,
131,1049,,,,-1.2848072052001953,,1.2848072052001953
131,1055,,,-1.3810306787490845,,1.3810306787490845,
132,1063,,,-1.3894435167312622,,1.3894435167312622,
133,1071,,,-1.395119309425354,,1.395119309425354,
134,1079,,,-1.4020706415176392,,1.4020706415176392,
135,1087,,,-1.4118317365646362,,1.4118317365646362,
136,1095,,,-1.413864254951477,,1.413864254951477,
137,1099,,,,-1.484243631362915,,1.484243631362915
137,1103,,,-1.4155791997909546,,1.4155791997909546,
138,1111,,,-1.4251044988632202,,1.4251044988632202,
139,1119,,,-1.4337515830993652,,1.4337515830993652,
140,1127,,,-1.43809974193573,,1.43809974193573,
141,1135,,,-1.4382070302963257,,1.4382070302963257,
142,1143,,,-1.445188045501709,,1.445188045501709,
143,1149,,,,-1.5387582778930664,,1.5387582778930664
143,1151,,,-1.458009123802185,,1.458009123802185,
144,1159,,,-1.4583463668823242,,1.4583463668823242,
145,1167,,,-1.4661521911621094,,1.4661521911621094,
146,1175,,,-1.4698622226715088,,1.4698622226715088,
147,1183,,,-1.4689078330993652,,1.4689078330993652,
148,1191,,,-1.4822624921798706,,1.4822624921798706,
149,1199,,,,-1.2162351608276367,,1.2162351608276367
149,1199,,,-1.488234043121338,,1.488234043121338,
150,1207,,,-1.483651876449585,,1.483651876449585,
151,1215,,,-1.4901050329208374,,1.4901050329208374,
152,1223,,,-1.4932600259780884,,1.4932600259780884,
153,1231,,,-1.497740387916565,,1.497740387916565,
154,1239,,,-1.525457501411438,,1.525457501411438,
155,1247,,,-1.505464792251587,,1.505464792251587,
156,1249,,,,-1.4860248565673828,,1.4860248565673828
156,1255,,,-1.5042651891708374,,1.5042651891708374,
157,1263,,,-1.5153816938400269,,1.5153816938400269,
158,1271,,,-1.5113064050674438,,1.5113064050674438,
159,1279,,,-1.5246843099594116,,1.5246843099594116,
160,1287,,,-1.5297632217407227,,1.5297632217407227,
161,1295,,,-1.5379925966262817,,1.5379925966262817,
162,1299,,,,-1.6206293106079102,,1.6206293106079102
162,1303,,,-1.542902946472168,,1.542902946472168,
163,1311,,,-1.5260210037231445,,1.5260210037231445,
164,1319,,,-1.5332635641098022,,1.5332635641098022,
165,1327,,,-1.543380618095398,,1.543380618095398,
166,1335,,,-1.5471513271331787,,1.5471513271331787,
167,1343,,,-1.5514761209487915,,1.5514761209487915,
168,1349,,,,-1.666612148284912,,1.666612148284912
168,1351,,,-1.544111967086792,,1.544111967086792,
169,1359,,,-1.5556083917617798,,1.5556083917617798,
170,1367,,,-1.5485470294952393,,1.5485470294952393,
171,1375,,,-1.5539531707763672,,1.5539531707763672,
172,1383,,,-1.5605119466781616,,1.5605119466781616,
173,1391,,,-1.5549919605255127,,1.5549919605255127,
174,1399,,,,-1.5899300575256348,,1.5899300575256348
174,1399,,,-1.561429738998413,,1.561429738998413,
175,1407,,,-1.5820776224136353,,1.5820776224136353,
176,1415,,,-1.5606197118759155,,1.5606197118759155,
177,1423,,,-1.5737723112106323,,1.5737723112106323,
178,1431,,,-1.5782475471496582,,1.5782475471496582,
179,1439,,,-1.5789705514907837,,1.5789705514907837,
180,1447,,,-1.5839972496032715,,1.5839972496032715,
181,1449,,,,-1.4562292098999023,,1.4562292098999023
181,1455,,,-1.5726217031478882,,1.5726217031478882,
182,1463,,,-1.5724972486495972,,1.5724972486495972,
183,1471,,,-1.590864896774292,,1.590864896774292,
184,1479,,,-1.5872653722763062,,1.5872653722763062,
185,1487,,,-1.5940138101577759,,1.5940138101577759,
186,1495,,,-1.5885714292526245,,1.5885714292526245,
187,1499,,,,-1.607180118560791,,1.607180118560791
187,1503,,,-1.5856077671051025,,1.5856077671051025,
188,1511,,,-1.590044617652893,,1.590044617652893,
189,1519,,,-1.5950363874435425,,1.5950363874435425,
190,1527,,,-1.5843613147735596,,1.5843613147735596,
191,1535,,,-1.6046279668807983,,1.6046279668807983,
192,1543,,,-1.591700553894043,,1.591700553894043,
193,1549,,,,-1.5605239868164062,,1.5605239868164062
193,1551,,,-1.5919063091278076,,1.5919063091278076,
194,1559,,,-1.592979907989502,,1.592979907989502,
195,1567,,,-1.5935713052749634,,1.5935713052749634,
196,1575,,,-1.6008824110031128,,1.6008824110031128,
197,1583,,,-1.60972261428833,,1.60972261428833,
198,1591,,,-1.6090599298477173,,1.6090599298477173,
199,1599,,,,-1.767652988433838,,1.767652988433838
199,1599,,,-1.6201714277267456,,1.6201714277267456,
200,1607,,,-1.5987014770507812,,1.5987014770507812,
201,1615,,,-1.6181159019470215,,1.6181159019470215,
202,1623,,,-1.6099904775619507,,1.6099904775619507,
203,1631,,,-1.6032037734985352,,1.6032037734985352,
204,1639,,,-1.5998708009719849,,1.5998708009719849,
205,1647,,,-1.5980160236358643,,1.5980160236358643,
206,1649,,,,-1.5594892501831055,,1.5594892501831055
206,1655,,,-1.623304009437561,,1.623304009437561,
207,1663,,,-1.6357494592666626,,1.6357494592666626,
208,1671,,,-1.6145416498184204,,1.6145416498184204,
209,1679,,,-1.6125019788742065,,1.6125019788742065,
210,1687,,,-1.6081833839416504,,1.6081833839416504,
211,1695,,,-1.6087594032287598,,1.6087594032287598,
212,1699,,,,-2.029608726501465,,2.029608726501465
212,1703,,,-1.613145351409912,,1.613145351409912,
213,1711,,,-1.6115329265594482,,1.6115329265594482,
214,1719,,,-1.6238963603973389,,1.6238963603973389,
215,1727,,,-1.6146221160888672,,1.6146221160888672,
216,1735,,,-1.6291959285736084,,1.6291959285736084,
217,1743,,,-1.624177098274231,,1.624177098274231,
218,1749,,,,-1.8327345848083496,,1.8327345848083496
218,1751,,,-1.622111439704895,,1.622111439704895,
219,1759,,,-1.614495038986206,,1.614495038986206,
220,1767,,,-1.6352897882461548,,1.6352897882461548,
221,1775,,,-1.6289747953414917,,1.6289747953414917,
222,1783,,,-1.618208646774292,,1.618208646774292,
223,1791,,,-1.6421711444854736,,1.6421711444854736,
224,1799,,,,-1.68333101272583,,1.68333101272583
224,1799,,,-1.619989275932312,,1.619989275932312,
225,1807,,,-1.6369010210037231,,1.6369010210037231,
226,1815,,,-1.6196644306182861,,1.6196644306182861,
227,1823,,,-1.6218689680099487,,1.6218689680099487,
228,1831,,,-1.6356076002120972,,1.6356076002120972,
229,1839,,,-1.6442203521728516,,1.6442203521728516,
230,1847,,,-1.63041353225708,,1.63041353225708,
231,1849,,,,-1.6983981132507324,,1.6983981132507324
231,1855,,,-1.6247899532318115,,1.6247899532318115,
232,1863,,,-1.6444218158721924,,1.6444218158721924,
233,1871,,,-1.6168729066848755,,1.6168729066848755,
234,1879,,,-1.6256892681121826,,1.6256892681121826,
235,1887,,,-1.6339384317398071,,1.6339384317398071,
236,1895,,,-1.6373671293258667,,1.6373671293258667,
237,1899,,,,-1.3853673934936523,,1.3853673934936523
237,1903,,,-1.6398042440414429,,1.6398042440414429,
238,1911,,,-1.6363883018493652,,1.6363883018493652,
239,1919,,,-1.617876410484314,,1.617876410484314,
240,1927,,,-1.6406437158584595,,1.6406437158584595,
241,1935,,,-1.6280817985534668,,1.6280817985534668,
242,1943,,,-1.6441431045532227,,1.6441431045532227,
243,1949,,,,-1.5879154205322266,,1.5879154205322266
243,1951,,,-1.6419389247894287,,1.6419389247894287,
244,1959,,,-1.6344512701034546,,1.6344512701034546,
245,1967,,,-1.6356967687606812,,1.6356967687606812,
246,1975,,,-1.649632453918457,,1.649632453918457,
247,1983,,,-1.6274352073669434,,1.6274352073669434,
248,1991,,,-1.6238168478012085,,1.6238168478012085,
249,1999,,,,-1.5874505043029785,,1.5874505043029785
249,1999,,,-1.6649043560028076,,1.6649043560028076,
250,2007,,,-1.6301263570785522,,1.6301263570785522,
251,2015,,,-1.6325371265411377,,1.6325371265411377,
252,2023,,,-1.632944941520691,,1.632944941520691,
253,2031,,,-1.6340484619140625,,1.6340484619140625,
254,2039,,,-1.642301321029663,,1.642301321029663,
255,2047,,,-1.6556384563446045,,1.6556384563446045,
256,2049,,,,-1.8175911903381348,,1.8175911903381348
256,2055,,,-1.6179291009902954,,1.6179291009902954,
257,2063,,,-1.654191017150879,,1.654191017150879,
258,2071,,,-1.6415601968765259,,1.6415601968765259,
259,2079,,,-1.6473718881607056,,1.6473718881607056,
260,2087,,,-1.6423132419586182,,1.6423132419586182,
261,2095,,,-1.629939079284668,,1.629939079284668,
262,2099,,,,-1.794081687927246,,1.794081687927246
262,2103,,,-1.6423113346099854,,1.6423113346099854,
263,2111,,,-1.673247218132019,,1.673247218132019,
264,2119,,,-1.6448744535446167,,1.6448744535446167,
265,2127,,,-1.6521506309509277,,1.6521506309509277,
266,2135,,,-1.6620886325836182,,1.6620886325836182,
267,2143,,,-1.6537936925888062,,1.6537936925888062,
268,2149,,,,-1.9148192405700684,,1.9148192405700684
268,2151,,,-1.6518101692199707,,1.6518101692199707,
269,2159,,,-1.6551945209503174,,1.6551945209503174,
270,2167,,,-1.6302963495254517,,1.6302963495254517,
271,2175,,,-1.6529247760772705,,1.6529247760772705,
272,2183,,,-1.652255892753601,,1.652255892753601,
273,2191,,,-1.6648187637329102,,1.6648187637329102,
274,2199,,,,-1.3727526664733887,,1.3727526664733887
274,2199,,,-1.6671760082244873,,1.6671760082244873,
275,2207,,,-1.6641662120819092,,1.6641662120819092,
276,2215,,,-1.6461377143859863,,1.6461377143859863,
277,2223,,,-1.643843173980713,,1.643843173980713,
278,2231,,,-1.6640734672546387,,1.6640734672546387,
279,2239,,,-1.6341065168380737,,1.6341065168380737,
280,2247,,,-1.6382399797439575,,1.6382399797439575,
281,2249,,,,-1.4982390403747559,,1.4982390403747559
281,2255,,,-1.6735212802886963,,1.6735212802886963,
282,2263,,,-1.6577463150024414,,1.6577463150024414,
283,2271,,,-1.6314679384231567,,1.6314679384231567,
284,2279,,,-1.6342111825942993,,1.6342111825942993,
285,2287,,,-1.6512551307678223,,1.6512551307678223,
286,2295,,,-1.6479785442352295,,1.6479785442352295,
287,2299,,,,-1.5946950912475586,,1.5946950912475586
287,2303,,,-1.6302601099014282,,1.6302601099014282,
288,2311,,,-1.6729421615600586,,1.6729421615600586,
289,2319,,,-1.6522332429885864,,1.6522332429885864,
290,2327,,,-1.6332676410675049,,1.6332676410675049,
291,2335,,,-1.6289818286895752,,1.6289818286895752,
292,2343,,,-1.6373169422149658,,1.6373169422149658,
293,2349,,,,-1.906733512878418,,1.906733512878418
293,2351,,,-1.6410064697265625,,1.6410064697265625,
294,2359,,,-1.668136477470398,,1.668136477470398,
295,2367,,,-1.6314353942871094,,1.6314353942871094,
296,2375,,,-1.6460248231887817,,1.6460248231887817,
297,2383,,,-1.6621445417404175,,1.6621445417404175,
298,2391,,,-1.6445789337158203,,1.6445789337158203,
299,2399,,,,-1.6094880104064941,,1.6094880104064941
299,2399,,,-1.6402496099472046,,1.6402496099472046,
300,2407,,,-1.631665587425232,,1.631665587425232,
301,2415,,,-1.6350229978561401,,1.6350229978561401,
302,2423,,,-1.654680609703064,,1.654680609703064,
303,2431,,,-1.6342190504074097,,1.6342190504074097,
304,2439,,,-1.6542614698410034,,1.6542614698410034,
305,2447,,,-1.6923285722732544,,1.6923285722732544,
306,2449,,,,-1.7760977745056152,,1.7760977745056152
306,2455,,,-1.6854358911514282,,1.6854358911514282,
307,2463,,,-1.6570545434951782,,1.6570545434951782,
308,2471,,,-1.6619248390197754,,1.6619248390197754,
309,2479,,,-1.641733169555664,,1.641733169555664,
310,2487,,,-1.6582082509994507,,1.6582082509994507,
311,2495,,,-1.6475496292114258,,1.6475496292114258,
312,2499,,,,-1.9385461807250977,,1.9385461807250977
312,2503,,,-1.650002121925354,,1.650002121925354,
313,2511,,,-1.657262921333313,,1.657262921333313,
314,2519,,,-1.6462302207946777,,1.6462302207946777,
315,2527,,,-1.6612738370895386,,1.6612738370895386,
316,2535,,,-1.6728525161743164,,1.6728525161743164,
317,2543,,,-1.6528706550598145,,1.6528706550598145,
318,2549,,,,-1.8128156661987305,,1.8128156661987305
318,2551,,,-1.6423605680465698,,1.6423605680465698,
319,2559,,,-1.6418806314468384,,1.6418806314468384,
320,2567,,,-1.6511129140853882,,1.6511129140853882,
321,2575,,,-1.6378602981567383,,1.6378602981567383,
322,2583,,,-1.6568111181259155,,1.6568111181259155,
323,2591,,,-1.660719871520996,,1.660719871520996,
324,2599,,,,-1.7426977157592773,,1.7426977157592773
324,2599,,,-1.637394905090332,,1.637394905090332,
325,2607,,,-1.6554930210113525,,1.6554930210113525,
326,2615,,,-1.6339935064315796,,1.6339935064315796,
327,2623,,,-1.6753857135772705,,1.6753857135772705,
328,2631,,,-1.6522575616836548,,1.6522575616836548,
329,2639,,,-1.6617236137390137,,1.6617236137390137,
330,2647,,,-1.6510101556777954,,1.6510101556777954,
331,2649,,,,-1.632194995880127,,1.632194995880127
331,2655,,,-1.650038242340088,,1.650038242340088,
332,2663,,,-1.6603398323059082,,1.6603398323059082,
333,2671,,,-1.6497007608413696,,1.6497007608413696,
334,2679,,,-1.6394857168197632,,1.6394857168197632,
335,2687,,,-1.6453578472137451,,1.6453578472137451,
336,2695,,,-1.642533540725708,,1.642533540725708,
337,2699,,,,-1.7210965156555176,,1.7210965156555176
337,2703,,,-1.6418437957763672,,1.6418437957763672,
338,2711,,,-1.6348735094070435,,1.6348735094070435,
339,2719,,,-1.6459593772888184,,1.6459593772888184,
340,2727,,,-1.6293158531188965,,1.6293158531188965,
341,2735,,,-1.6546847820281982,,1.6546847820281982,
342,2743,,,-1.6326987743377686,,1.6326987743377686,
343,2749,,,,-1.4661173820495605,,1.4661173820495605
343,2751,,,-1.6465091705322266,,1.6465091705322266,
344,2759,,,-1.629573941230774,,1.629573941230774,
345,2767,,,-1.636411428451538,,1.636411428451538,
346,2775,,,-1.64439058303833,,1.64439058303833,
347,2783,,,-1.6663739681243896,,1.6663739681243896,
348,2791,,,-1.6303819417953491,,1.6303819417953491,
349,2799,,,,-1.7174506187438965,,1.7174506187438965
349,2799,,,-1.6572099924087524,,1.6572099924087524,
350,2807,,,-1.6542470455169678,,1.6542470455169678,
351,2815,,,-1.6482784748077393,,1.6482784748077393,
352,2823,,,-1.635379672050476,,1.635379672050476,
353,2831,,,-1.6606322526931763,,1.6606322526931763,
354,2839,,,-1.6403707265853882,,1.6403707265853882,
355,2847,,,-1.6556421518325806,,1.6556421518325806,
356,2849,,,,-1.8986477851867676,,1.8986477851867676
356,2855,,,-1.6472982168197632,,1.6472982168197632,
357,2863,,,-1.685865044593811,,1.685865044593811,
358,2871,,,-1.655213713645935,,1.655213713645935,
359,2879,,,-1.6499656438827515,,1.6499656438827515,
360,2887,,,-1.6577999591827393,,1.6577999591827393,
361,2895,,,-1.667297124862671,,1.667297124862671,
362,2899,,,,-1.8117504119873047,,1.8117504119873047
362,2903,,,-1.6579339504241943,,1.6579339504241943,
363,2911,,,-1.6502310037612915,,1.6502310037612915,
364,2919,,,-1.6490222215652466,,1.6490222215652466,
365,2927,,,-1.6623562574386597,,1.6623562574386597,
366,2935,,,-1.673836350440979,,1.673836350440979,
367,2943,,,-1.6591506004333496,,1.6591506004333496,
368,2949,,,,-1.1070449352264404,,1.1070449352264404
368,2951,,,-1.652983546257019,,1.652983546257019,
369,2959,,,-1.6589152812957764,,1.6589152812957764,
370,2967,,,-1.6496853828430176,,1.6496853828430176,
371,2975,,,-1.6387267112731934,,1.6387267112731934,
372,2983,,,-1.6827765703201294,,1.6827765703201294,
373,2991,,,-1.6608353853225708,,1.6608353853225708,
374,2999,,,,-1.7737445831298828,,1.7737445831298828
374,2999,,,-1.659554123878479,,1.659554123878479,
375,3007,,,-1.6414812803268433,,1.6414812803268433,
376,3015,,,-1.6444892883300781,,1.6444892883300781,
377,3023,,,-1.636338472366333,,1.636338472366333,
378,3031,,,-1.6555771827697754,,1.6555771827697754,
379,3039,,,-1.6624548435211182,,1.6624548435211182,
380,3047,,,-1.656616449356079,,1.656616449356079,
381,3049,,,,-1.7921605110168457,,1.7921605110168457
381,3055,,,-1.682313323020935,,1.682313323020935,
382,3063,,,-1.6461209058761597,,1.6461209058761597,
383,3071,,,-1.660123586654663,,1.660123586654663,
384,3079,,,-1.6676208972930908,,1.6676208972930908,
385,3087,,,-1.647352933883667,,1.647352933883667,
386,3095,,,-1.6609134674072266,,1.6609134674072266,
387,3099,,,,-1.6647729873657227,,1.6647729873657227
387,3103,,,-1.650336742401123,,1.650336742401123,
388,3111,,,-1.6769357919692993,,1.6769357919692993,
389,3119,,,-1.6691497564315796,,1.6691497564315796,
390,3127,,,-1.6643800735473633,,1.6643800735473633,
391,3135,,,-1.657564401626587,,1.657564401626587,
392,3143,,,-1.6582438945770264,,1.6582438945770264,
393,3149,,,,-1.9217243194580078,,1.9217243194580078
393,3151,,,-1.6500980854034424,,1.6500980854034424,
394,3159,,,-1.63576078414917,,1.63576078414917,
395,3167,,,-1.6672630310058594,,1.6672630310058594,
396,3175,,,-1.6699175834655762,,1.6699175834655762,
397,3183,,,-1.6491589546203613,,1.6491589546203613,
398,3191,,,-1.6605044603347778,,1.6605044603347778,
399,3199,,,,-1.8572382926940918,,1.8572382926940918
399,3199,,,-1.6386089324951172,,1.6386089324951172,
400,3207,,,-1.6572571992874146,,1.6572571992874146,
401,3215,,,-1.653964638710022,,1.653964638710022,
402,3223,,,-1.6497982740402222,,1.6497982740402222,
403,3231,,,-1.6693896055221558,,1.6693896055221558,
404,3239,,,-1.6737314462661743,,1.6737314462661743,
405,3247,,,-1.6456727981567383,,1.6456727981567383,
406,3249,,,,-1.8526215553283691,,1.8526215553283691
406,3255,,,-1.6618508100509644,,1.6618508100509644,
407,3263,,,-1.6754095554351807,,1.6754095554351807,
408,3271,,,-1.6783148050308228,,1.6783148050308228,
409,3279,,,-1.6726105213165283,,1.6726105213165283,
410,3287,,,-1.6589664220809937,,1.6589664220809937,
411,3295,,,-1.6557693481445312,,1.6557693481445312,
412,3299,,,,-1.7748603820800781,,1.7748603820800781
412,3303,,,-1.6404460668563843,,1.6404460668563843,
413,3311,,,-1.6476861238479614,,1.6476861238479614,
414,3319,,,-1.6493648290634155,,1.6493648290634155,
415,3327,,,-1.6432474851608276,,1.6432474851608276,
416,3335,,,-1.6645587682724,,1.6645587682724,
417,3343,,,-1.6615079641342163,,1.6615079641342163,
418,3349,,,,-1.688654899597168,,1.688654899597168
418,3351,,,-1.6518174409866333,,1.6518174409866333,
419,3359,,,-1.665683388710022,,1.665683388710022,
420,3367,,,-1.670920491218567,,1.670920491218567,
421,3375,,,-1.6539064645767212,,1.6539064645767212,
422,3383,,,-1.6378123760223389,,1.6378123760223389,
423,3391,,,-1.6577534675598145,,1.6577534675598145,
424,3399,,,,-1.968151569366455,,1.968151569366455
424,3399,,,-1.6435867547988892,,1.6435867547988892,
425,3407,,,-1.6382405757904053,,1.6382405757904053,
426,3415,,,-1.6462109088897705,,1.6462109088897705,
427,3423,,,-1.6653321981430054,,1.6653321981430054,
428,3431,,,-1.649735689163208,,1.649735689163208,
429,3439,,,-1.642973780632019,,1.642973780632019,
430,3447,,,-1.6661076545715332,,1.6661076545715332,
431,3449,,,,-1.8194150924682617,,1.8194150924682617
431,3455,,,-1.6923068761825562,,1.6923068761825562,
432,3463,,,-1.6361892223358154,,1.6361892223358154,
433,3471,,,-1.6701326370239258,,1.6701326370239258,
434,3479,,,-1.6866060495376587,,1.6866060495376587,
435,3487,,,-1.6589343547821045,,1.6589343547821045,
436,3495,,,-1.700763463973999,,1.700763463973999,
437,3499,,,,-1.901254653930664,,1.901254653930664
437,3503,,,-1.642759919166565,,1.642759919166565,
438,3511,,,-1.66435706615448,,1.66435706615448,
439,3519,,,-1.6385644674301147,,1.6385644674301147,
440,3527,,,-1.6575303077697754,,1.6575303077697754,
441,3535,,,-1.667802333831787,,1.667802333831787,
442,3543,,,-1.6498539447784424,,1.6498539447784424,
443,3549,,,,-1.1546363830566406,,1.1546363830566406
443,3551,,,-1.6345957517623901,,1.6345957517623901,
444,3559,,,-1.6626324653625488,,1.6626324653625488,
445,3567,,,-1.6629549264907837,,1.6629549264907837,
446,3575,,,-1.6914185285568237,,1.6914185285568237,
447,3583,,,-1.6426513195037842,,1.6426513195037842,
448,3591,,,-1.6627459526062012,,1.6627459526062012,
449,3599,,,,-0.9822697639465332,,0.9822697639465332
449,3599,,,-1.717077374458313,,1.717077374458313,
450,3607,,,-1.6516872644424438,,1.6516872644424438,
451,3615,,,-1.6390796899795532,,1.6390796899795532,
452,3623,,,-1.6414905786514282,,1.6414905786514282,
453,3631,,,-1.6681424379348755,,1.6681424379348755,
454,3639,,,-1.657228708267212,,1.657228708267212,
455,3647,,,-1.6430838108062744,,1.6430838108062744,
456,3649,,,,-1.8497791290283203,,1.8497791290283203
456,3655,,,-1.6589943170547485,,1.6589943170547485,
457,3663,,,-1.6674612760543823,,1.6674612760543823,
458,3671,,,-1.6758044958114624,,1.6758044958114624,
459,3679,,,-1.6686910390853882,,1.6686910390853882,
460,3687,,,-1.6570794582366943,,1.6570794582366943,
461,3695,,,-1.6759402751922607,,1.6759402751922607,
462,3699,,,,-1.6780190467834473,,1.6780190467834473
462,3703,,,-1.6441019773483276,,1.6441019773483276,
463,3711,,,-1.637470006942749,,1.637470006942749,
464,3719,,,-1.6818077564239502,,1.6818077564239502,
465,3727,,,-1.6498488187789917,,1.6498488187789917,
466,3735,,,-1.6489603519439697,,1.6489603519439697,
467,3743,,,-1.6577812433242798,,1.6577812433242798,
468,3749,,,,-1.6853666305541992,,1.6853666305541992
468,3751,,,-1.6687214374542236,,1.6687214374542236,
469,3759,,,-1.6440032720565796,,1.6440032720565796,
470,3767,,,-1.6503640413284302,,1.6503640413284302,
471,3775,,,-1.6746021509170532,,1.6746021509170532,
472,3783,,,-1.6697273254394531,,1.6697273254394531,
473,3791,,,-1.692336082458496,,1.692336082458496,
474,3799,,,,-2.026613235473633,,2.026613235473633
474,3799,,,-1.654558539390564,,1.654558539390564,
475,3807,,,-1.6662135124206543,,1.6662135124206543,
476,3815,,,-1.642754316329956,,1.642754316329956,
477,3823,,,-1.665021538734436,,1.665021538734436,
478,3831,,,-1.6453925371170044,,1.6453925371170044,
479,3839,,,-1.6504243612289429,,1.6504243612289429,
480,3847,,,-1.6797747611999512,,1.6797747611999512,
481,3849,,,,-1.0235347747802734,,1.0235347747802734
481,3855,,,-1.6666462421417236,,1.6666462421417236,
482,3863,,,-1.6543546915054321,,1.6543546915054321,
483,3871,,,-1.6510909795761108,,1.6510909795761108,
484,3879,,,-1.6969306468963623,,1.6969306468963623,
485,3887,,,-1.6669594049453735,,1.6669594049453735,
486,3895,,,-1.6570944786071777,,1.6570944786071777,
487,3899,,,,-1.7407445907592773,,1.7407445907592773
487,3903,,,-1.630427598953247,,1.630427598953247,
488,3911,,,-1.6679072380065918,,1.6679072380065918,
489,3919,,,-1.6482940912246704,,1.6482940912246704,
490,3927,,,-1.6534647941589355,,1.6534647941589355,
491,3935,,,-1.6437681913375854,,1.6437681913375854,
492,3943,,,-1.673919916152954,,1.673919916152954,
493,3949,,,,-1.1637132167816162,,1.1637132167816162
493,3951,,,-1.622404932975769,,1.622404932975769,
494,3959,,,-1.6320972442626953,,1.6320972442626953,
495,3967,,,-1.672751545906067,,1.672751545906067,
496,3975,,,-1.654740571975708,,1.654740571975708,
497,3983,,,-1.69160795211792,,1.69160795211792,
498,3991,,,-1.66584312915802,,1.66584312915802,
499,3999,,,,-1.6415753364562988,,1.6415753364562988
499,3999,,,-1.6884287595748901,,1.6884287595748901,
500,4007,,,-1.6525462865829468,,1.6525462865829468,
501,4015,,,-1.6588644981384277,,1.6588644981384277,
502,4023,,,-1.6458556652069092,,1.6458556652069092,
503,4031,,,-1.6749937534332275,,1.6749937534332275,
504,4039,,,-1.6498974561691284,,1.6498974561691284,
505,4047,,,-1.6605021953582764,,1.6605021953582764,
506,4049,,,,-1.7662954330444336,,1.7662954330444336
506,4055,,,-1.6625747680664062,,1.6625747680664062,
507,4063,,,-1.660044550895691,,1.660044550895691,
508,4071,,,-1.6614619493484497,,1.6614619493484497,
509,4079,,,-1.654535174369812,,1.654535174369812,
510,4087,,,-1.6572515964508057,,1.6572515964508057,
511,4095,,,-1.6650701761245728,,1.6650701761245728,
512,4099,,,,-1.4392452239990234,,1.4392452239990234
512,4103,,,-1.6657519340515137,,1.6657519340515137,
513,4111,,,-1.6373770236968994,,1.6373770236968994,
514,4119,,,-1.657739281654358,,1.657739281654358,
515,4127,,,-1.6438034772872925,,1.6438034772872925,
516,4135,,,-1.6464601755142212,,1.6464601755142212,
517,4143,,,-1.6759976148605347,,1.6759976148605347,
518,4149,,,,-1.937713623046875,,1.937713623046875
518,4151,,,-1.6829161643981934,,1.6829161643981934,
519,4159,,,-1.668607234954834,,1.668607234954834,
520,4167,,,-1.6705113649368286,,1.6705113649368286,
521,4175,,,-1.668532371520996,,1.668532371520996,
522,4183,,,-1.6548597812652588,,1.6548597812652588,
523,4191,,,-1.663960576057434,,1.663960576057434,
524,4199,,,,-1.992833137512207,,1.992833137512207
524,4199,,,-1.6947507858276367,,1.6947507858276367,
525,4207,,,-1.6385451555252075,,1.6385451555252075,
526,4215,,,-1.6802586317062378,,1.6802586317062378,
527,4223,,,-1.6678212881088257,,1.6678212881088257,
528,4231,,,-1.7046624422073364,,1.7046624422073364,
529,4239,,,-1.6861777305603027,,1.6861777305603027,
530,4247,,,-1.6471261978149414,,1.6471261978149414,
531,4249,,,,-1.9754409790039062,,1.9754409790039062
531,4255,,,-1.6642035245895386,,1.6642035245895386,
532,4263,,,-1.646098017692566,,1.646098017692566,
533,4271,,,-1.6414381265640259,,1.6414381265640259,
534,4279,,,-1.6503902673721313,,1.6503902673721313,
535,4287,,,-1.6621663570404053,,1.6621663570404053,
536,4295,,,-1.6541812419891357,,1.6541812419891357,
537,4299,,,,-1.7689342498779297,,1.7689342498779297
537,4303,,,-1.6788045167922974,,1.6788045167922974,
538,4311,,,-1.6615651845932007,,1.6615651845932007,
539,4319,,,-1.676330327987671,,1.676330327987671,
540,4327,,,-1.6367734670639038,,1.6367734670639038,
541,4335,,,-1.6605561971664429,,1.6605561971664429,
542,4343,,,-1.6713683605194092,,1.6713683605194092,
543,4349,,,,-1.5490694046020508,,1.5490694046020508
543,4351,,,-1.6692941188812256,,1.6692941188812256,
544,4359,,,-1.6543359756469727,,1.6543359756469727,
545,4367,,,-1.668677568435669,,1.668677568435669,
546,4375,,,-1.672149658203125,,1.672149658203125,
547,4383,,,-1.6776111125946045,,1.6776111125946045,
548,4391,,,-1.6592882871627808,,1.6592882871627808,
549,4399,,,,-1.7117133140563965,,1.7117133140563965
549,4399,,,-1.6596050262451172,,1.6596050262451172,
550,4407,,,-1.6339807510375977,,1.6339807510375977,
551,4415,,,-1.6353659629821777,,1.6353659629821777,
552,4423,,,-1.6707301139831543,,1.6707301139831543,
553,4431,,,-1.650815486907959,,1.650815486907959,
554,4439,,,-1.6604670286178589,,1.6604670286178589,
555,4447,,,-1.65913987159729,,1.65913987159729,
556,4449,,,,-1.7528190612792969,,1.7528190612792969
556,4455,,,-1.6418319940567017,,1.6418319940567017,
557,4463,,,-1.7126504182815552,,1.7126504182815552,
558,4471,,,-1.6880042552947998,,1.6880042552947998,
559,4479,,,-1.690281867980957,,1.690281867980957,
560,4487,,,-1.657130241394043,,1.657130241394043,
561,4495,,,-1.650044322013855,,1.650044322013855,
562,4499,,,,-1.890233039855957,,1.890233039855957
562,4503,,,-1.6557968854904175,,1.6557968854904175,
563,4511,,,-1.6479357481002808,,1.6479357481002808,
564,4519,,,-1.6881030797958374,,1.6881030797958374,
565,4527,,,-1.6532927751541138,,1.6532927751541138,
566,4535,,,-1.650452971458435,,1.650452971458435,
567,4543,,,-1.6550960540771484,,1.6550960540771484,
568,4549,,,,-1.6358671188354492,,1.6358671188354492
568,4551,,,-1.6549654006958008,,1.6549654006958008,
569,4559,,,-1.6452609300613403,,1.6452609300613403,
570,4567,,,-1.6649410724639893,,1.6649410724639893,
571,4575,,,-1.644779086112976,,1.644779086112976,
572,4583,,,-1.6857237815856934,,1.6857237815856934,
573,4591,,,-1.6454530954360962,,1.6454530954360962,
574,4599,,,,-1.0966551303863525,,1.0966551303863525
574,4599,,,-1.653459906578064,,1.653459906578064,
575,4607,,,-1.6389011144638062,,1.6389011144638062,
576,4615,,,-1.6779484748840332,,1.6779484748840332,
577,4623,,,-1.6545131206512451,,1.6545131206512451,
578,4631,,,-1.6682370901107788,,1.6682370901107788,
579,4639,,,-1.6416884660720825,,1.6416884660720825,
580,4647,,,-1.6904957294464111,,1.6904957294464111,
581,4649,,,,-1.8655028343200684,,1.8655028343200684
581,4655,,,-1.6516492366790771,,1.6516492366790771,
582,4663,,,-1.6597509384155273,,1.6597509384155273,
583,4671,,,-1.648233413696289,,1.648233413696289,
584,4679,,,-1.665399193763733,,1.665399193763733,
585,4687,,,-1.6516728401184082,,1.6516728401184082,
586,4695,,,-1.654322624206543,,1.654322624206543,
587,4699,,,,-1.7714142799377441,,1.7714142799377441
587,4703,,,-1.6450023651123047,,1.6450023651123047,
588,4711,,,-1.6580195426940918,,1.6580195426940918,
589,4719,,,-1.674712896347046,,1.674712896347046,
590,4727,,,-1.6722140312194824,,1.6722140312194824,
591,4735,,,-1.6655769348144531,,1.6655769348144531,
592,4743,,,-1.674218773841858,,1.674218773841858,
593,4749,,,,-1.9694476127624512,,1.9694476127624512
593,4751,,,-1.6566299200057983,,1.6566299200057983,
594,4759,,,-1.6524978876113892,,1.6524978876113892,
595,4767,,,-1.6658834218978882,,1.6658834218978882,
596,4775,,,-1.6394855976104736,,1.6394855976104736,
597,4783,,,-1.6841816902160645,,1.6841816902160645,
598,4791,,,-1.6792175769805908,,1.6792175769805908,
599,4799,,,,-0.9853620529174805,,0.9853620529174805
599,4799,,,-1.6944962739944458,,1.6944962739944458,
600,4807,,,-1.664014220237732,,1.664014220237732,
601,4815,,,-1.6605812311172485,,1.6605812311172485,
602,4823,,,-1.6682342290878296,,1.6682342290878296,
603,4831,,,-1.6521284580230713,,1.6521284580230713,
604,4839,,,-1.681365966796875,,1.681365966796875,
605,4847,,,-1.6510136127471924,,1.6510136127471924,
606,4849,,,,-1.1314432621002197,,1.1314432621002197
606,4855,,,-1.6695446968078613,,1.6695446968078613,
607,4863,,,-1.6304582357406616,,1.6304582357406616,
608,4871,,,-1.666404128074646,,1.666404128074646,
609,4879,,,-1.656816005706787,,1.656816005706787,
610,4887,,,-1.679065227508545,,1.679065227508545,
611,4895,,,-1.663954257965088,,1.663954257965088,
612,4899,,,,-1.03578519821167,,1.03578519821167
612,4903,,,-1.6552504301071167,,1.6552504301071167,
613,4911,,,-1.6555958986282349,,1.6555958986282349,
614,4919,,,-1.6496340036392212,,1.6496340036392212,
615,4927,,,-1.6602314710617065,,1.6602314710617065,
616,4935,,,-1.6766051054000854,,1.6766051054000854,
617,4943,,,-1.6813414096832275,,1.6813414096832275,
618,4949,,,,-1.523155689239502,,1.523155689239502
618,4951,,,-1.659212350845337,,1.659212350845337,
619,4959,,,-1.6931732892990112,,1.6931732892990112,
620,4967,,,-1.6827585697174072,,1.6827585697174072,
621,4975,,,-1.6501100063323975,,1.6501100063323975,
622,4983,,,-1.6820151805877686,,1.6820151805877686,
623,4991,,,-1.639693021774292,,1.639693021774292,
624,4999,,,,-1.7358980178833008,,1.7358980178833008
624,4999,,,-1.6574945449829102,,1.6574945449829102,
625,5007,,,-1.640058159828186,,1.640058159828186,
626,5015,,,-1.6465376615524292,,1.6465376615524292,
627,5023,,,-1.6755845546722412,,1.6755845546722412,
628,5031,,,-1.6740769147872925,,1.6740769147872925,
629,5039,,,-1.6524238586425781,,1.6524238586425781,
630,5047,,,-1.6842007637023926,,1.6842007637023926,
631,5049,,,,-1.7315630912780762,,1.7315630912780762
631,5055,,,-1.681756854057312,,1.681756854057312,
632,5063,,,-1.6483540534973145,,1.6483540534973145,
633,5071,,,-1.636047601699829,,1.636047601699829,
634,5079,,,-1.7021334171295166,,1.7021334171295166,
635,5087,,,-1.6557101011276245,,1.6557101011276245,
636,5095,,,-1.6430039405822754,,1.6430039405822754,
637,5099,,,,-1.8535490036010742,,1.8535490036010742
637,5103,,,-1.674963116645813,,1.674963116645813,
638,5111,,,-1.6588456630706787,,1.6588456630706787,
639,5119,,,-1.6679123640060425,,1.6679123640060425,
640,5127,,,-1.6664562225341797,,1.6664562225341797,
641,5135,,,-1.6784125566482544,,1.6784125566482544,
642,5143,,,-1.6565861701965332,,1.6565861701965332,
643,5149,,,,-1.5987014770507812,,1.5987014770507812
643,5151,,,-1.6651414632797241,,1.6651414632797241,
644,5159,,,-1.6597189903259277,,1.6597189903259277,
645,5167,,,-1.6467912197113037,,1.6467912197113037,
646,5175,,,-1.6805472373962402,,1.6805472373962402,
647,5183,,,-1.6819339990615845,,1.6819339990615845,
648,5191,,,-1.6986708641052246,,1.6986708641052246,
649,5199,,,,-2.004115581512451,,2.004115581512451
649,5199,,,-1.6841152906417847,,1.6841152906417847,
650,5207,,,-1.6704392433166504,,1.6704392433166504,
651,5215,,,-1.6712722778320312,,1.6712722778320312,
652,5223,,,-1.645774006843567,,1.645774006843567,
653,5231,,,-1.6656341552734375,,1.6656341552734375,
654,5239,,,-1.6546099185943604,,1.6546099185943604,
655,5247,,,-1.6567190885543823,,1.6567190885543823,
656,5249,,,,-1.7670660018920898,,1.7670660018920898
656,5255,,,-1.6489859819412231,,1.6489859819412231,
657,5263,,,-1.654534935951233,,1.654534935951233,
658,5271,,,-1.6537905931472778,,1.6537905931472778,
659,5279,,,-1.6526286602020264,,1.6526286602020264,
660,5287,,,-1.6429884433746338,,1.6429884433746338,
661,5295,,,-1.6477187871932983,,1.6477187871932983,
662,5299,,,,-1.6680445671081543,,1.6680445671081543
662,5303,,,-1.651211142539978,,1.651211142539978,
663,5311,,,-1.6616904735565186,,1.6616904735565186,
664,5319,,,-1.6777273416519165,,1.6777273416519165,
665,5327,,,-1.6442441940307617,,1.6442441940307617,
666,5335,,,-1.6513334512710571,,1.6513334512710571,
667,5343,,,-1.654299020767212,,1.654299020767212,
668,5349,,,,-1.6036081314086914,,1.6036081314086914
668,5351,,,-1.6530300378799438,,1.6530300378799438,
669,5359,,,-1.655887246131897,,1.655887246131897,
670,5367,,,-1.6585993766784668,,1.6585993766784668,
671,5375,,,-1.6502896547317505,,1.6502896547317505,
672,5383,,,-1.6745595932006836,,1.6745595932006836,
673,5391,,,-1.6769707202911377,,1.6769707202911377,
674,5399,,,,-1.683027744293213,,1.683027744293213
674,5399,,,-1.6486464738845825,,1.6486464738845825,
675,5407,,,-1.641031265258789,,1.641031265258789,
676,5415,,,-1.634812355041504,,1.634812355041504,
677,5423,,,-1.6598005294799805,,1.6598005294799805,
678,5431,,,-1.6459707021713257,,1.6459707021713257,
679,5439,,,-1.6995078325271606,,1.6995078325271606,
680,5447,,,-1.6586068868637085,,1.6586068868637085,
681,5449,,,,-1.8636970520019531,,1.8636970520019531
681,5455,,,-1.648235559463501,,1.648235559463501,
682,5463,,,-1.6827945709228516,,1.6827945709228516,
683,5471,,,-1.6677793264389038,,1.6677793264389038,
684,5479,,,-1.6604827642440796,,1.6604827642440796,
685,5487,,,-1.6664366722106934,,1.6664366722106934,
686,5495,,,-1.6809375286102295,,1.6809375286102295,
687,5499,,,,-1.6576361656188965,,1.6576361656188965
687,5503,,,-1.6678221225738525,,1.6678221225738525,
688,5511,,,-1.6528123617172241,,1.6528123617172241,
689,5519,,,-1.692116618156433,,1.692116618156433,
690,5527,,,-1.6592882871627808,,1.6592882871627808,
691,5535,,,-1.6454802751541138,,1.6454802751541138,
692,5543,,,-1.6715269088745117,,1.6715269088745117,
693,5549,,,,-1.5057501792907715,,1.5057501792907715
693,5551,,,-1.6693605184555054,,1.6693605184555054,
694,5559,,,-1.6759804487228394,,1.6759804487228394,
695,5567,,,-1.6737847328186035,,1.6737847328186035,
696,5575,,,-1.647535800933838,,1.647535800933838,
697,5583,,,-1.6580902338027954,,1.6580902338027954,
698,5591,,,-1.6326345205307007,,1.6326345205307007,
699,5599,,,,-1.9030427932739258,,1.9030427932739258
699,5599,,,-1.6953777074813843,,1.6953777074813843,
700,5607,,,-1.6814597845077515,,1.6814597845077515,
701,5615,,,-1.671412467956543,,1.671412467956543,
702,5623,,,-1.635572075843811,,1.635572075843811,
703,5631,,,-1.6886931657791138,,1.6886931657791138,
704,5639,,,-1.671006202697754,,1.671006202697754,
705,5647,,,-1.6675530672073364,,1.6675530672073364,
706,5649,,,,-1.5341477394104004,,1.5341477394104004
706,5655,,,-1.68148672580719,,1.68148672580719,
707,5663,,,-1.7012628316879272,,1.7012628316879272,
708,5671,,,-1.7077566385269165,,1.7077566385269165,
709,5679,,,-1.6807169914245605,,1.6807169914245605,
710,5687,,,-1.6739131212234497,,1.6739131212234497,
711,5695,,,-1.6544431447982788,,1.6544431447982788,
712,5699,,,,-1.6864557266235352,,1.6864557266235352
712,5703,,,-1.643773078918457,,1.643773078918457,
713,5711,,,-1.645732045173645,,1.645732045173645,
714,5719,,,-1.6589735746383667,,1.6589735746383667,
715,5727,,,-1.6564081907272339,,1.6564081907272339,
716,5735,,,-1.6666902303695679,,1.6666902303695679,
717,5743,,,-1.6674023866653442,,1.6674023866653442,
718,5749,,,,-1.9318385124206543,,1.9318385124206543
718,5751,,,-1.6674675941467285,,1.6674675941467285,
719,5759,,,-1.6440799236297607,,1.6440799236297607,
720,5767,,,-1.6499613523483276,,1.6499613523483276,
721,5775,,,-1.6618255376815796,,1.6618255376815796,
722,5783,,,-1.6558492183685303,,1.6558492183685303,
723,5791,,,-1.6624542474746704,,1.6624542474746704,
724,5799,,,,-1.7174134254455566,,1.7174134254455566
724,5799,,,-1.6915931701660156,,1.6915931701660156,
725,5807,,,-1.6382828950881958,,1.6382828950881958,
726,5815,,,-1.6955853700637817,,1.6955853700637817,
727,5823,,,-1.6563950777053833,,1.6563950777053833,
728,5831,,,-1.7119083404541016,,1.7119083404541016,
729,5839,,,-1.6537562608718872,,1.6537562608718872,
730,5847,,,-1.6730926036834717,,1.6730926036834717,
731,5849,,,,-1.7669625282287598,,1.7669625282287598
731,5855,,,-1.6645541191101074,,1.6645541191101074,
732,5863,,,-1.6864064931869507,,1.6864064931869507,
733,5871,,,-1.6857714653015137,,1.6857714653015137,
734,5879,,,-1.681862711906433,,1.681862711906433,
735,5887,,,-1.674282193183899,,1.674282193183899,
736,5895,,,-1.6836885213851929,,1.6836885213851929,
737,5899,,,,-1.9328975677490234,,1.9328975677490234
737,5903,,,-1.6694393157958984,,1.6694393157958984,
738,5911,,,-1.673291563987732,,1.673291563987732,
739,5919,,,-1.6449822187423706,,1.6449822187423706,
740,5927,,,-1.6470674276351929,,1.6470674276351929,
741,5935,,,-1.6720373630523682,,1.6720373630523682,
742,5943,,,-1.6542980670928955,,1.6542980670928955,
743,5949,,,,-1.960953712463379,,1.960953712463379
743,5951,,,-1.6846964359283447,,1.6846964359283447,
744,5959,,,-1.6807992458343506,,1.6807992458343506,
745,5967,,,-1.6762202978134155,,1.6762202978134155,
746,5975,,,-1.6415187120437622,,1.6415187120437622,
747,5983,,,-1.6850990056991577,,1.6850990056991577,
748,5991,,,-1.643610954284668,,1.643610954284668,
749,5999,,,,-1.4836077690124512,,1.4836077690124512
749,5999,,,-1.6751142740249634,,1.6751142740249634,
750,6007,,,-1.6802418231964111,,1.6802418231964111,
751,6015,,,-1.6918550729751587,,1.6918550729751587,
752,6023,,,-1.6810758113861084,,1.6810758113861084,
753,6031,,,-1.646978497505188,,1.646978497505188,
754,6039,,,-1.690069556236267,,1.690069556236267,
755,6047,,,-1.6652148962020874,,1.6652148962020874,
756,6049,,,,-1.0960302352905273,,1.0960302352905273
756,6055,,,-1.656326174736023,,1.656326174736023,
757,6063,,,-1.6537501811981201,,1.6537501811981201,
758,6071,,,-1.6510282754898071,,1.6510282754898071,
759,6079,,,-1.674177885055542,,1.674177885055542,
760,6087,,,-1.6682223081588745,,1.6682223081588745,
761,6095,,,-1.7007668018341064,,1.7007668018341064,
762,6099,,,,-1.8616905212402344,,1.8616905212402344
762,6103,,,-1.6576032638549805,,1.6576032638549805,
763,6111,,,-1.6456657648086548,,1.6456657648086548,
764,6119,,,-1.649111270904541,,1.649111270904541,
765,6127,,,-1.6735056638717651,,1.6735056638717651,
766,6135,,,-1.6572669744491577,,1.6572669744491577,
767,6143,,,-1.6633681058883667,,1.6633681058883667,
768,6149,,,,-1.8765854835510254,,1.8765854835510254
768,6151,,,-1.6460994482040405,,1.6460994482040405,
769,6159,,,-1.680454134941101,,1.680454134941101,
770,6167,,,-1.6343398094177246,,1.6343398094177246,
771,6175,,,-1.6662070751190186,,1.6662070751190186,
772,6183,,,-1.6879355907440186,,1.6879355907440186,
773,6191,,,-1.680259346961975,,1.680259346961975,
774,6199,,,,-1.7263083457946777,,1.7263083457946777
774,6199,,,-1.6636197566986084,,1.6636197566986084,
775,6207,,,-1.6699013710021973,,1.6699013710021973,
776,6215,,,-1.666702389717102,,1.666702389717102,
777,6223,,,-1.6735173463821411,,1.6735173463821411,
778,6231,,,-1.657896876335144,,1.657896876335144,
779,6239,,,-1.6800140142440796,,1.6800140142440796,
780,6247,,,-1.6483628749847412,,1.6483628749847412,
781,6249,,,,-1.8002405166625977,,1.8002405166625977
781,6255,,,-1.6546281576156616,,1.6546281576156616,
782,6263,,,-1.669540286064148,,1.669540286064148,
783,6271,,,-1.7083851099014282,,1.7083851099014282,
784,6279,,,-1.63633394241333,,1.63633394241333,
785,6287,,,-1.6930042505264282,,1.6930042505264282,
786,6295,,,-1.6383066177368164,,1.6383066177368164,
787,6299,,,,-1.888322353363037,,1.888322353363037
787,6303,,,-1.672763705253601,,1.672763705253601,
788,6311,,,-1.675133228302002,,1.675133228302002,
789,6319,,,-1.682239294052124,,1.682239294052124,
790,6327,,,-1.6617048978805542,,1.6617048978805542,
791,6335,,,-1.6632357835769653,,1.6632357835769653,
792,6343,,,-1.6716042757034302,,1.6716042757034302,
793,6349,,,,-1.130728006362915,,1.130728006362915
793,6351,,,-1.656206488609314,,1.656206488609314,
794,6359,,,-1.695330023765564,,1.695330023765564,
795,6367,,,-1.6786938905715942,,1.6786938905715942,
796,6375,,,-1.674653172492981,,1.674653172492981,
797,6383,,,-1.671293020248413,,1.671293020248413,
798,6391,,,-1.6678760051727295,,1.6678760051727295,
799,6399,,,,-1.7837491035461426,,1.7837491035461426
799,6399,,,-1.6845232248306274,,1.6845232248306274,
800,6407,,,-1.6820114850997925,,1.6820114850997925,
801,6415,,,-1.678328514099121,,1.678328514099121,
802,6423,,,-1.650740623474121,,1.650740623474121,
803,6431,,,-1.649638295173645,,1.649638295173645,
804,6439,,,-1.698466420173645,,1.698466420173645,
805,6447,,,-1.6457300186157227,,1.6457300186157227,
806,6449,,,,-1.7551641464233398,,1.7551641464233398
806,6455,,,-1.6694529056549072,,1.6694529056549072,
807,6463,,,-1.6582554578781128,,1.6582554578781128,
808,6471,,,-1.6653785705566406,,1.6653785705566406,
809,6479,,,-1.6579509973526,,1.6579509973526,
810,6487,,,-1.6643259525299072,,1.6643259525299072,
811,6495,,,-1.6499472856521606,,1.6499472856521606,
812,6499,,,,-2.0687546730041504,,2.0687546730041504
812,6503,,,-1.6927896738052368,,1.6927896738052368,
813,6511,,,-1.6555901765823364,,1.6555901765823364,
814,6519,,,-1.647874355316162,,1.647874355316162,
815,6527,,,-1.6450556516647339,,1.6450556516647339,
816,6535,,,-1.6877435445785522,,1.6877435445785522,
817,6543,,,-1.6637284755706787,,1.6637284755706787,
818,6549,,,,-1.8046493530273438,,1.8046493530273438
818,6551,,,-1.6517328023910522,,1.6517328023910522,
819,6559,,,-1.6813867092132568,,1.6813867092132568,
820,6567,,,-1.6627919673919678,,1.6627919673919678,
821,6575,,,-1.6783568859100342,,1.6783568859100342,
822,6583,,,-1.6614935398101807,,1.6614935398101807,
823,6591,,,-1.6478402614593506,,1.6478402614593506,
824,6599,,,,-1.9110956192016602,,1.9110956192016602
824,6599,,,-1.665717601776123,,1.665717601776123,
825,6607,,,-1.679667592048645,,1.679667592048645,
826,6615,,,-1.6641043424606323,,1.6641043424606323,
827,6623,,,-1.653252124786377,,1.653252124786377,
828,6631,,,-1.6593939065933228,,1.6593939065933228,
829,6639,,,-1.6556490659713745,,1.6556490659713745,
830,6647,,,-1.6698870658874512,,1.6698870658874512,
831,6649,,,,-1.9875669479370117,,1.9875669479370117
831,6655,,,-1.6832541227340698,,1.6832541227340698,
832,6663,,,-1.6478937864303589,,1.6478937864303589,
833,6671,,,-1.6740689277648926,,1.6740689277648926,
834,6679,,,-1.6711724996566772,,1.6711724996566772,
835,6687,,,-1.6699882745742798,,1.6699882745742798,
836,6695,,,-1.6511199474334717,,1.6511199474334717,
837,6699,,,,-1.8414745330810547,,1.8414745330810547
837,6703,,,-1.6466822624206543,,1.6466822624206543,
838,6711,,,-1.662061333656311,,1.662061333656311,
839,6719,,,-1.6427680253982544,,1.6427680253982544,
840,6727,,,-1.6573748588562012,,1.6573748588562012,
841,6735,,,-1.6827661991119385,,1.6827661991119385,
842,6743,,,-1.6787497997283936,,1.6787497997283936,
843,6749,,,,-1.9220914840698242,,1.9220914840698242
843,6751,,,-1.6552470922470093,,1.6552470922470093,
844,6759,,,-1.6837458610534668,,1.6837458610534668,
845,6767,,,-1.676031231880188,,1.676031231880188,
846,6775,,,-1.6488498449325562,,1.6488498449325562,
847,6783,,,-1.6610019207000732,,1.6610019207000732,
848,6791,,,-1.6491115093231201,,1.6491115093231201,
849,6799,,,,-1.5728745460510254,,1.5728745460510254
849,6799,,,-1.6568310260772705,,1.6568310260772705,
850,6807,,,-1.6659584045410156,,1.6659584045410156,
851,6815,,,-1.67195463180542,,1.67195463180542,
852,6823,,,-1.6549383401870728,,1.6549383401870728,
853,6831,,,-1.7135339975357056,,1.7135339975357056,
854,6839,,,-1.6472232341766357,,1.6472232341766357,
855,6847,,,-1.6499882936477661,,1.6499882936477661,
856,6849,,,,-1.8638091087341309,,1.8638091087341309
856,6855,,,-1.676958441734314,,1.676958441734314,
857,6863,,,-1.667712688446045,,1.667712688446045,
858,6871,,,-1.6626933813095093,,1.6626933813095093,
859,6879,,,-1.6770076751708984,,1.6770076751708984,
860,6887,,,-1.6817816495895386,,1.6817816495895386,
861,6895,,,-1.6715928316116333,,1.6715928316116333,
862,6899,,,,-1.428483009338379,,1.428483009338379
862,6903,,,-1.6716326475143433,,1.6716326475143433,
863,6911,,,-1.6476659774780273,,1.6476659774780273,
864,6919,,,-1.649642825126648,,1.649642825126648,
865,6927,,,-1.667602777481079,,1.667602777481079,
866,6935,,,-1.659477710723877,,1.659477710723877,
867,6943,,,-1.6551611423492432,,1.6551611423492432,
868,6949,,,,-1.8238062858581543,,1.8238062858581543
868,6951,,,-1.6858307123184204,,1.6858307123184204,
869,6959,,,-1.657768726348877,,1.657768726348877,
870,6967,,,-1.6557056903839111,,1.6557056903839111,
871,6975,,,-1.6731473207473755,,1.6731473207473755,
872,6983,,,-1.6546361446380615,,1.6546361446380615,
873,6991,,,-1.6688073873519897,,1.6688073873519897,
874,6999,,,,-1.7837975025177002,,1.7837975025177002
874,6999,,,-1.637892484664917,,1.637892484664917,
875,7007,,,-1.6519001722335815,,1.6519001722335815,
876,7015,,,-1.687072992324829,,1.687072992324829,
877,7023,,,-1.6453202962875366,,1.6453202962875366,
878,7031,,,-1.652598261833191,,1.652598261833191,
879,7039,,,-1.6854602098464966,,1.6854602098464966,
880,7047,,,-1.6776318550109863,,1.6776318550109863,
881,7049,,,,-1.0633034706115723,,1.0633034706115723
881,7055,,,-1.6944822072982788,,1.6944822072982788,
882,7063,,,-1.6752359867095947,,1.6752359867095947,
883,7071,,,-1.6419802904129028,,1.6419802904129028,
884,7079,,,-1.664050579071045,,1.664050579071045,
885,7087,,,-1.6691784858703613,,1.6691784858703613,
886,7095,,,-1.6683282852172852,,1.6683282852172852,
887,7099,,,,-1.7762112617492676,,1.7762112617492676
887,7103,,,-1.676482081413269,,1.676482081413269,
888,7111,,,-1.67862069606781,,1.67862069606781,
889,7119,,,-1.7146329879760742,,1.7146329879760742,
890,7127,,,-1.657734990119934,,1.657734990119934,
891,7135,,,-1.6592130661010742,,1.6592130661010742,
892,7143,,,-1.69288969039917,,1.69288969039917,
893,7149,,,,-1.710080623626709,,1.710080623626709
893,7151,,,-1.663796305656433,,1.663796305656433,
894,7159,,,-1.6519982814788818,,1.6519982814788818,
895,7167,,,-1.6613136529922485,,1.6613136529922485,
896,7175,,,-1.6605000495910645,,1.6605000495910645,
897,7183,,,-1.6839256286621094,,1.6839256286621094,
898,7191,,,-1.6576597690582275,,1.6576597690582275,
899,7199,,,,-1.594876766204834,,1.594876766204834
899,7199,,,-1.6855665445327759,,1.6855665445327759,
900,7207,,,-1.6571763753890991,,1.6571763753890991,
901,7215,,,-1.6841509342193604,,1.6841509342193604,
902,7223,,,-1.669677972793579,,1.669677972793579,
903,7231,,,-1.6702648401260376,,1.6702648401260376,
904,7239,,,-1.6596312522888184,,1.6596312522888184,
905,7247,,,-1.6561254262924194,,1.6561254262924194,
906,7249,,,,-1.0410356521606445,,1.0410356521606445
906,7255,,,-1.6539087295532227,,1.6539087295532227,
907,7263,,,-1.6480379104614258,,1.6480379104614258,
908,7271,,,-1.6677998304367065,,1.6677998304367065,
909,7279,,,-1.6596404314041138,,1.6596404314041138,
910,7287,,,-1.6687250137329102,,1.6687250137329102,
911,7295,,,-1.652008056640625,,1.652008056640625,
912,7299,,,,-1.9834833145141602,,1.9834833145141602
912,7303,,,-1.6783082485198975,,1.6783082485198975,
913,7311,,,-1.6819747686386108,,1.6819747686386108,
914,7319,,,-1.643466591835022,,1.643466591835022,
915,7327,,,-1.6636372804641724,,1.6636372804641724,
916,7335,,,-1.6678017377853394,,1.6678017377853394,
917,7343,,,-1.6934621334075928,,1.6934621334075928,
918,7349,,,,-1.075052261352539,,1.075052261352539
918,7351,,,-1.6699591875076294,,1.6699591875076294,
919,7359,,,-1.67044198513031,,1.67044198513031,
920,7367,,,-1.6895344257354736,,1.6895344257354736,
921,7375,,,-1.685575008392334,,1.685575008392334,
922,7383,,,-1.6646575927734375,,1.6646575927734375,
923,7391,,,-1.6516119241714478,,1.6516119241714478,
924,7399,,,,-1.6594362258911133,,1.6594362258911133
924,7399,,,-1.643476128578186,,1.643476128578186,
925,7407,,,-1.6568973064422607,,1.6568973064422607,
926,7415,,,-1.6662508249282837,,1.6662508249282837,
927,7423,,,-1.6791398525238037,,1.6791398525238037,
928,7431,,,-1.660062551498413,,1.660062551498413,
929,7439,,,-1.6820634603500366,,1.6820634603500366,
930,7447,,,-1.6884355545043945,,1.6884355545043945,
931,7449,,,,-1.959242820739746,,1.959242820739746
931,7455,,,-1.6692417860031128,,1.6692417860031128,
932,7463,,,-1.6757409572601318,,1.6757409572601318,
933,7471,,,-1.6753721237182617,,1.6753721237182617,
934,7479,,,-1.6714540719985962,,1.6714540719985962,
935,7487,,,-1.661203145980835,,1.661203145980835,
936,7495,,,-1.6604976654052734,,1.6604976654052734,
937,7499,,,,-1.0695970058441162,,1.0695970058441162
937,7503,,,-1.6754995584487915,,1.6754995584487915,
938,7511,,,-1.665459156036377,,1.665459156036377,
939,7519,,,-1.6673424243927002,,1.6673424243927002,
940,7527,,,-1.6555931568145752,,1.6555931568145752,
941,7535,,,-1.6634656190872192,,1.6634656190872192,
942,7543,,,-1.659852147102356,,1.659852147102356,
943,7549,,,,-1.9721550941467285,,1.9721550941467285
943,7551,,,-1.671294927597046,,1.671294927597046,
944,7559,,,-1.6804109811782837,,1.6804109811782837,
945,7567,,,-1.6888494491577148,,1.6888494491577148,
946,7575,,,-1.673439860343933,,1.673439860343933,
947,7583,,,-1.6690781116485596,,1.6690781116485596,
948,7591,,,-1.6623599529266357,,1.6623599529266357,
949,7599,,,,-1.525089979171753,,1.525089979171753
949,7599,,,-1.6600894927978516,,1.6600894927978516,
950,7607,,,-1.6760777235031128,,1.6760777235031128,
951,7615,,,-1.6576080322265625,,1.6576080322265625,
952,7623,,,-1.6626273393630981,,1.6626273393630981,
953,7631,,,-1.6425576210021973,,1.6425576210021973,
954,7639,,,-1.653096318244934,,1.653096318244934,
955,7647,,,-1.6503925323486328,,1.6503925323486328,
956,7649,,,,-1.9106569290161133,,1.9106569290161133
956,7655,,,-1.6670398712158203,,1.6670398712158203,
957,7663,,,-1.6864628791809082,,1.6864628791809082,
958,7671,,,-1.6779228448867798,,1.6779228448867798,
959,7679,,,-1.6624363660812378,,1.6624363660812378,
960,7687,,,-1.6857558488845825,,1.6857558488845825,
961,7695,,,-1.7010008096694946,,1.7010008096694946,
962,7699,,,,-1.083907127380371,,1.083907127380371
962,7703,,,-1.6476346254348755,,1.6476346254348755,
963,7711,,,-1.6911646127700806,,1.6911646127700806,
964,7719,,,-1.6403453350067139,,1.6403453350067139,
965,7727,,,-1.6582640409469604,,1.6582640409469604,
966,7735,,,-1.655237078666687,,1.655237078666687,
967,7743,,,-1.6569308042526245,,1.6569308042526245,
968,7749,,,,-1.7494707107543945,,1.7494707107543945
968,7751,,,-1.6806190013885498,,1.6806190013885498,
969,7759,,,-1.7043869495391846,,1.7043869495391846,
970,7767,,,-1.6617101430892944,,1.6617101430892944,
971,7775,,,-1.6781009435653687,,1.6781009435653687,
972,7783,,,-1.6620421409606934,,1.6620421409606934,
973,7791,,,-1.676703929901123,,1.676703929901123,
974,7799,,,,-1.6636326313018799,,1.6636326313018799
974,7799,,,-1.6875773668289185,,1.6875773668289185,
975,7807,,,-1.6668744087219238,,1.6668744087219238,
976,7815,,,-1.6762001514434814,,1.6762001514434814,
977,7823,,,-1.6666529178619385,,1.6666529178619385,
978,7831,,,-1.673159122467041,,1.673159122467041,
979,7839,,,-1.6805551052093506,,1.6805551052093506,
980,7847,,,-1.643511176109314,,1.643511176109314,
981,7849,,,,-1.7242674827575684,,1.7242674827575684
981,7855,,,-1.684432029724121,,1.684432029724121,
982,7863,,,-1.6466658115386963,,1.6466658115386963,
983,7871,,,-1.680100440979004,,1.680100440979004,
984,7879,,,-1.652755618095398,,1.652755618095398,
985,7887,,,-1.674572229385376,,1.674572229385376,
986,7895,,,-1.68612539768219,,1.68612539768219,
987,7899,,,,-1.605346918106079,,1.605346918106079
987,7903,,,-1.6859409809112549,,1.6859409809112549,
988,7911,,,-1.659619927406311,,1.659619927406311,
989,7919,,,-1.6525498628616333,,1.6525498628616333,
990,7927,,,-1.6613576412200928,,1.6613576412200928,
991,7935,,,-1.673155665397644,,1.673155665397644,
992,7943,,,-1.652223825454712,,1.652223825454712,
993,7949,,,,-1.1605639457702637,,1.1605639457702637
993,7951,,,-1.6541389226913452,,1.6541389226913452,
994,7959,,,-1.6870503425598145,,1.6870503425598145,
995,7967,,,-1.6547545194625854,,1.6547545194625854,
996,7975,,,-1.671715259552002,,1.671715259552002,
997,7983,,,-1.6549968719482422,,1.6549968719482422,
998,7991,,,-1.701338291168213,,1.701338291168213,
999,7999,,,,-1.7482304573059082,,1.7482304573059082
999,7999,,,-1.6450773477554321,,1.6450773477554321,
1000,8007,,,-1.648593544960022,,1.648593544960022,
1001,8015,,,-1.6459527015686035,,1.6459527015686035,
1002,8023,,,-1.6821820735931396,,1.6821820735931396,
1003,8031,,,-1.6671730279922485,,1.6671730279922485,
1004,8039,,,-1.6817193031311035,,1.6817193031311035,
1005,8047,,,-1.6702648401260376,,1.6702648401260376,
1006,8049,,,,-1.643801212310791,,1.643801212310791
1006,8055,,,-1.6506378650665283,,1.6506378650665283,
1007,8063,,,-1.7014622688293457,,1.7014622688293457,
1008,8071,,,-1.665331482887268,,1.665331482887268,
1009,8079,,,-1.6617484092712402,,1.6617484092712402,
1010,8087,,,-1.6558948755264282,,1.6558948755264282,
1011,8095,,,-1.6364370584487915,,1.6364370584487915,
1012,8099,,,,-1.527541160583496,,1.527541160583496
1012,8103,,,-1.683841347694397,,1.683841347694397,
1013,8111,,,-1.652096152305603,,1.652096152305603,
1014,8119,,,-1.669683814048767,,1.669683814048767,
1015,8127,,,-1.6856842041015625,,1.6856842041015625,
1016,8135,,,-1.6726012229919434,,1.6726012229919434,
1017,8143,,,-1.6717058420181274,,1.6717058420181274,
1018,8149,,,,-1.561551570892334,,1.561551570892334
1018,8151,,,-1.675777792930603,,1.675777792930603,
1019,8159,,,-1.690551996231079,,1.690551996231079,
1020,8167,,,-1.6694636344909668,,1.6694636344909668,
1021,8175,,,-1.67680823802948,,1.67680823802948,
1022,8183,,,-1.6435787677764893,,1.6435787677764893,
1023,8191,,,-1.6634513139724731,,1.6634513139724731,
1024,8199,,,,-1.8426330089569092,,1.8426330089569092
1024,8199,,,-1.6577439308166504,,1.6577439308166504,
1025,8207,,,-1.6726146936416626,,1.6726146936416626,
1026,8215,,,-1.6551716327667236,,1.6551716327667236,
1027,8223,,,-1.6890531778335571,,1.6890531778335571,
1028,8231,,,-1.6573271751403809,,1.6573271751403809,
1029,8239,,,-1.6824253797531128,,1.6824253797531128,
1030,8247,,,-1.6709272861480713,,1.6709272861480713,
1031,8249,,,,-1.7818913459777832,,1.7818913459777832
1031,8255,,,-1.6665226221084595,,1.6665226221084595,
1032,8263,,,-1.6560863256454468,,1.6560863256454468,
1033,8271,,,-1.6543611288070679,,1.6543611288070679,
1034,8279,,,-1.6413965225219727,,1.6413965225219727,
1035,8287,,,-1.651819109916687,,1.651819109916687,
1036,8295,,,-1.6890937089920044,,1.6890937089920044,
1037,8299,,,,-1.8113996982574463,,1.8113996982574463
1037,8303,,,-1.669918179512024,,1.669918179512024,
1038,8311,,,-1.6632832288742065,,1.6632832288742065,
1039,8319,,,-1.6688467264175415,,1.6688467264175415,
1040,8327,,,-1.6628509759902954,,1.6628509759902954,
1041,8335,,,-1.6641496419906616,,1.6641496419906616,
1042,8343,,,-1.6626187562942505,,1.6626187562942505,
1043,8349,,,,-1.7966618537902832,,1.7966618537902832
1043,8351,,,-1.6556053161621094,,1.6556053161621094,
1044,8359,,,-1.6885805130004883,,1.6885805130004883,
1045,8367,,,-1.6738673448562622,,1.6738673448562622,
1046,8375,,,-1.6585922241210938,,1.6585922241210938,
1047,8383,,,-1.7238490581512451,,1.7238490581512451,
1048,8391,,,-1.6620773077011108,,1.6620773077011108,
1049,8399,,,,-2.0649847984313965,,2.0649847984313965
1049,8399,,,-1.6652976274490356,,1.6652976274490356,
1050,8407,,,-1.6921687126159668,,1.6921687126159668,
1051,8415,,,-1.668837308883667,,1.668837308883667,
1052,8423,,,-1.6642931699752808,,1.6642931699752808,
1053,8431,,,-1.644973874092102,,1.644973874092102,
1054,8439,,,-1.644263505935669,,1.644263505935669,
1055,8447,,,-1.685149073600769,,1.685149073600769,
1056,8449,,,,-1.7332713603973389,,1.7332713603973389
1056,8455,,,-1.6829500198364258,,1.6829500198364258,
1057,8463,,,-1.6817651987075806,,1.6817651987075806,
1058,8471,,,-1.6650625467300415,,1.6650625467300415,
1059,8479,,,-1.662477731704712,,1.662477731704712,
1060,8487,,,-1.6725527048110962,,1.6725527048110962,
1061,8495,,,-1.6615244150161743,,1.6615244150161743,
1062,8499,,,,-2.039151430130005,,2.039151430130005
1062,8503,,,-1.6656849384307861,,1.6656849384307861,
1063,8511,,,-1.672839641571045,,1.672839641571045,
1064,8519,,,-1.6665327548980713,,1.6665327548980713,
1065,8527,,,-1.6584964990615845,,1.6584964990615845,
1066,8535,,,-1.6764874458312988,,1.6764874458312988,
1067,8543,,,-1.6528754234313965,,1.6528754234313965,
1068,8549,,,,-1.7847142219543457,,1.7847142219543457
1068,8551,,,-1.686823844909668,,1.686823844909668,
1069,8559,,,-1.6549277305603027,,1.6549277305603027,
1070,8567,,,-1.6591126918792725,,1.6591126918792725,
1071,8575,,,-1.6570683717727661,,1.6570683717727661,
1072,8583,,,-1.6516025066375732,,1.6516025066375732,
1073,8591,,,-1.6934316158294678,,1.6934316158294678,
1074,8599,,,,-2.060452461242676,,2.060452461242676
1074,8599,,,-1.6878353357315063,,1.6878353357315063,
1075,8607,,,-1.6495639085769653,,1.6495639085769653,
1076,8615,,,-1.6538019180297852,,1.6538019180297852,
1077,8623,,,-1.6644788980484009,,1.6644788980484009,
1078,8631,,,-1.654674768447876,,1.654674768447876,
1079,8639,,,-1.6761765480041504,,1.6761765480041504,
1080,8647,,,-1.690779685974121,,1.690779685974121,
1081,8649,,,,-1.7401766777038574,,1.7401766777038574
1081,8655,,,-1.6778322458267212,,1.6778322458267212,
1082,8663,,,-1.6455665826797485,,1.6455665826797485,
1083,8671,,,-1.6795213222503662,,1.6795213222503662,
1084,8679,,,-1.6574386358261108,,1.6574386358261108,
1085,8687,,,-1.6718027591705322,,1.6718027591705322,
1086,8695,,,-1.6714038848876953,,1.6714038848876953,
1087,8699,,,,-1.421905517578125,,1.421905517578125
1087,8703,,,-1.7050374746322632,,1.7050374746322632,
1088,8711,,,-1.6698956489562988,,1.6698956489562988,
1089,8719,,,-1.6750571727752686,,1.6750571727752686,
1090,8727,,,-1.6712843179702759,,1.6712843179702759,
1091,8735,,,-1.674920678138733,,1.674920678138733,
1092,8743,,,-1.6570396423339844,,1.6570396423339844,
1093,8749,,,,-1.7523107528686523,,1.7523107528686523
1093,8751,,,-1.6686338186264038,,1.6686338186264038,
1094,8759,,,-1.6678647994995117,,1.6678647994995117,
1095,8767,,,-1.6459269523620605,,1.6459269523620605,
1096,8775,,,-1.6911859512329102,,1.6911859512329102,
1097,8783,,,-1.6686593294143677,,1.6686593294143677,
1098,8791,,,-1.6611371040344238,,1.6611371040344238,
1099,8799,,,,-1.7334139347076416,,1.7334139347076416
1099,8799,,,-1.6967146396636963,,1.6967146396636963,
1100,8807,,,-1.6969648599624634,,1.6969648599624634,
1101,8815,,,-1.6574701070785522,,1.6574701070785522,
1102,8823,,,-1.6678820848464966,,1.6678820848464966,
1103,8831,,,-1.6968519687652588,,1.6968519687652588,
1104,8839,,,-1.6756778955459595,,1.6756778955459595,
1105,8847,,,-1.6808642148971558,,1.6808642148971558,
1106,8849,,,,-1.7019970417022705,,1.7019970417022705
1106,8855,,,-1.6593390703201294,,1.6593390703201294,
1107,8863,,,-1.7195992469787598,,1.7195992469787598,
1108,8871,,,-1.6853134632110596,,1.6853134632110596,
1109,8879,,,-1.6558775901794434,,1.6558775901794434,
1110,8887,,,-1.7143492698669434,,1.7143492698669434,
1111,8895,,,-1.6640114784240723,,1.6640114784240723,
1112,8899,,,,-1.7298595905303955,,1.7298595905303955
1112,8903,,,-1.652381420135498,,1.652381420135498,
1113,8911,,,-1.6490068435668945,,1.6490068435668945,
1114,8919,,,-1.6850078105926514,,1.6850078105926514,
1115,8927,,,-1.662959337234497,,1.662959337234497,
1116,8935,,,-1.6664652824401855,,1.6664652824401855,
1117,8943,,,-1.677609920501709,,1.677609920501709,
1118,8949,,,,-1.6568679809570312,,1.6568679809570312
1118,8951,,,-1.6652330160140991,,1.6652330160140991,
1119,8959,,,-1.6825529336929321,,1.6825529336929321,
1120,8967,,,-1.6614078283309937,,1.6614078283309937,
1121,8975,,,-1.6444402933120728,,1.6444402933120728,
1122,8983,,,-1.6791982650756836,,1.6791982650756836,
1123,8991,,,-1.6722484827041626,,1.6722484827041626,
1124,8999,,,,-1.6941804885864258,,1.6941804885864258
1124,8999,,,-1.6811245679855347,,1.6811245679855347,
1125,9007,,,-1.6797089576721191,,1.6797089576721191,
1126,9015,,,-1.6707377433776855,,1.6707377433776855,
1127,9023,,,-1.6717640161514282,,1.6717640161514282,
1128,9031,,,-1.6584378480911255,,1.6584378480911255,
1129,9039,,,-1.655709981918335,,1.655709981918335,
1130,9047,,,-1.6643654108047485,,1.6643654108047485,
1131,9049,,,,-1.7585630416870117,,1.7585630416870117
1131,9055,,,-1.658353567123413,,1.658353567123413,
1132,9063,,,-1.654270887374878,,1.654270887374878,
1133,9071,,,-1.681748390197754,,1.681748390197754,
1134,9079,,,-1.7083125114440918,,1.7083125114440918,
1135,9087,,,-1.6708382368087769,,1.6708382368087769,
1136,9095,,,-1.64564847946167,,1.64564847946167,
1137,9099,,,,-1.8468925952911377,,1.8468925952911377
1137,9103,,,-1.6756671667099,,1.6756671667099,
1138,9111,,,-1.6671212911605835,,1.6671212911605835,
1139,9119,,,-1.6845813989639282,,1.6845813989639282,
1140,9127,,,-1.6594605445861816,,1.6594605445861816,
1141,9135,,,-1.6781706809997559,,1.6781706809997559,
1142,9143,,,-1.6794766187667847,,1.6794766187667847,
1143,9149,,,,-1.6108348369598389,,1.6108348369598389
1143,9151,,,-1.6971402168273926,,1.6971402168273926,
1144,9159,,,-1.6629341840744019,,1.6629341840744019,
1145,9167,,,-1.6515370607376099,,1.6515370607376099,
1146,9175,,,-1.6739168167114258,,1.6739168167114258,
1147,9183,,,-1.7125149965286255,,1.7125149965286255,
1148,9191,,,-1.672408938407898,,1.672408938407898,
1149,9199,,,,-1.5210075378417969,,1.5210075378417969
1149,9199,,,-1.6647331714630127,,1.6647331714630127,
1150,9207,,,-1.6806659698486328,,1.6806659698486328,
1151,9215,,,-1.6462490558624268,,1.6462490558624268,
1152,9223,,,-1.7051421403884888,,1.7051421403884888,
1153,9231,,,-1.6736280918121338,,1.6736280918121338,
1154,9239,,,-1.6946355104446411,,1.6946355104446411,
1155,9247,,,-1.6639682054519653,,1.6639682054519653,
1156,9249,,,,-2.1566367149353027,,2.1566367149353027
1156,9255,,,-1.7060335874557495,,1.7060335874557495,
1157,9263,,,-1.6649384498596191,,1.6649384498596191,
1158,9271,,,-1.686193585395813,,1.686193585395813,
1159,9279,,,-1.6717844009399414,,1.6717844009399414,
1160,9287,,,-1.6636220216751099,,1.6636220216751099,
1161,9295,,,-1.6991064548492432,,1.6991064548492432,
1162,9299,,,,-1.6054143905639648,,1.6054143905639648
1162,9303,,,-1.6649072170257568,,1.6649072170257568,
1163,9311,,,-1.6828521490097046,,1.6828521490097046,
1164,9319,,,-1.6589006185531616,,1.6589006185531616,
1165,9327,,,-1.680138111114502,,1.680138111114502,
1166,9335,,,-1.6563771963119507,,1.6563771963119507,
1167,9343,,,-1.6612762212753296,,1.6612762212753296,
1168,9349,,,,-1.8717479705810547,,1.8717479705810547
1168,9351,,,-1.6912447214126587,,1.6912447214126587,
1169,9359,,,-1.6614652872085571,,1.6614652872085571,
1170,9367,,,-1.687371850013733,,1.687371850013733,
1171,9375,,,-1.6763625144958496,,1.6763625144958496,
1172,9383,,,-1.6403316259384155,,1.6403316259384155,
1173,9391,,,-1.6879242658615112,,1.6879242658615112,
1174,9399,,,,-1.7249677181243896,,1.7249677181243896
1174,9399,,,-1.6521947383880615,,1.6521947383880615,
1175,9407,,,-1.6696709394454956,,1.6696709394454956,
1176,9415,,,-1.6855818033218384,,1.6855818033218384,
1177,9423,,,-1.6784414052963257,,1.6784414052963257,
1178,9431,,,-1.6664007902145386,,1.6664007902145386,
1179,9439,,,-1.6765565872192383,,1.6765565872192383,
1180,9447,,,-1.6592828035354614,,1.6592828035354614,
1181,9449,,,,-1.798912763595581,,1.798912763595581
1181,9455,,,-1.6561713218688965,,1.6561713218688965,
1182,9463,,,-1.655764102935791,,1.655764102935791,
1183,9471,,,-1.698488473892212,,1.698488473892212,
1184,9479,,,-1.6551406383514404,,1.6551406383514404,
1185,9487,,,-1.680147647857666,,1.680147647857666,
1186,9495,,,-1.6658473014831543,,1.6658473014831543,
1187,9499,,,,-1.590475082397461,,1.590475082397461
1187,9503,,,-1.6699261665344238,,1.6699261665344238,
1188,9511,,,-1.6735864877700806,,1.6735864877700806,
1189,9519,,,-1.656473994255066,,1.656473994255066,
1190,9527,,,-1.6772691011428833,,1.6772691011428833,
1191,9535,,,-1.6872855424880981,,1.6872855424880981,
1192,9543,,,-1.7015259265899658,,1.7015259265899658,
1193,9549,,,,-1.6907243728637695,,1.6907243728637695
1193,9551,,,-1.685324788093567,,1.685324788093567,
1194,9559,,,-1.6861296892166138,,1.6861296892166138,
1195,9567,,,-1.6884082555770874,,1.6884082555770874,
1196,9575,,,-1.6757371425628662,,1.6757371425628662,
1197,9583,,,-1.6717537641525269,,1.6717537641525269,
1198,9591,,,-1.7142443656921387,,1.7142443656921387,
1199,9599,,,,-1.6805596351623535,,1.6805596351623535
1199,9599,,,-1.6717560291290283,,1.6717560291290283,
1200,9607,,,-1.6502299308776855,,1.6502299308776855,
1201,9615,,,-1.6641343832015991,,1.6641343832015991,
1202,9623,,,-1.6417888402938843,,1.6417888402938843,
1203,9631,,,-1.6790812015533447,,1.6790812015533447,
1204,9639,,,-1.6657788753509521,,1.6657788753509521,
1205,9647,,,-1.6580300331115723,,1.6580300331115723,
1206,9649,,,,-1.7296695709228516,,1.7296695709228516
1206,9655,,,-1.6637144088745117,,1.6637144088745117,
1207,9663,,,-1.6766632795333862,,1.6766632795333862,
1208,9671,,,-1.6637673377990723,,1.6637673377990723,
1209,9679,,,-1.6765490770339966,,1.6765490770339966,
1210,9687,,,-1.6913453340530396,,1.6913453340530396,
1211,9695,,,-1.6765421628952026,,1.6765421628952026,
1212,9699,,,,-1.1537318229675293,,1.1537318229675293
1212,9703,,,-1.6524101495742798,,1.6524101495742798,
1213,9711,,,-1.651718020439148,,1.651718020439148,
1214,9719,,,-1.6581835746765137,,1.6581835746765137,
1215,9727,,,-1.6747021675109863,,1.6747021675109863,
1216,9735,,,-1.675735592842102,,1.675735592842102,
1217,9743,,,-1.6820476055145264,,1.6820476055145264,
1218,9749,,,,-1.546410083770752,,1.546410083770752
1218,9751,,,-1.6752734184265137,,1.6752734184265137,
1219,9759,,,-1.678252935409546,,1.678252935409546,
1220,9767,,,-1.6733949184417725,,1.6733949184417725,
1221,9775,,,-1.6556476354599,,1.6556476354599,
1222,9783,,,-1.6652621030807495,,1.6652621030807495,
1223,9791,,,-1.6780365705490112,,1.6780365705490112,
1224,9799,,,,-1.6585876941680908,,1.6585876941680908
1224,9799,,,-1.684554100036621,,1.684554100036621,
1225,9807,,,-1.6505151987075806,,1.6505151987075806,
1226,9815,,,-1.6889954805374146,,1.6889954805374146,
1227,9823,,,-1.6810351610183716,,1.6810351610183716,
1228,9831,,,-1.6793593168258667,,1.6793593168258667,
1229,9839,,,-1.6696105003356934,,1.6696105003356934,
1230,9847,,,-1.6537638902664185,,1.6537638902664185,
1231,9849,,,,-1.721144199371338,,1.721144199371338
1231,9855,,,-1.6600323915481567,,1.6600323915481567,
1232,9863,,,-1.6778472661972046,,1.6778472661972046,
1233,9871,,,-1.6834181547164917,,1.6834181547164917,
1234,9879,,,-1.6740309000015259,,1.6740309000015259,
1235,9887,,,-1.71438729763031,,1.71438729763031,
1236,9895,,,-1.6762902736663818,,1.6762902736663818,
1237,9899,,,,-1.5779449939727783,,1.5779449939727783
1237,9903,,,-1.6539617776870728,,1.6539617776870728,
1238,9911,,,-1.6724070310592651,,1.6724070310592651,
1239,9919,,,-1.664670467376709,,1.664670467376709,
1240,9927,,,-1.6724456548690796,,1.6724456548690796,
1241,9935,,,-1.7083489894866943,,1.7083489894866943,
1242,9943,,,-1.6451406478881836,,1.6451406478881836,
1243,9949,,,,-1.8790507316589355,,1.8790507316589355
1243,9951,,,-1.6844669580459595,,1.6844669580459595,
1244,9959,,,-1.6779050827026367,,1.6779050827026367,
1245,9967,,,-1.6472201347351074,,1.6472201347351074,
1246,9975,,,-1.6489168405532837,,1.6489168405532837,
1247,9983,,,-1.6891220808029175,,1.6891220808029175,
1248,9991,,,-1.7279398441314697,,1.7279398441314697,
1249,9999,,,,-1.575031042098999,,1.575031042098999
1249,9999,,,-1.6855244636535645,,1.6855244636535645,
1250,10007,,,-1.6620594263076782,,1.6620594263076782,
1251,10015,,,-1.681657075881958,,1.681657075881958,
1252,10023,,,-1.6772953271865845,,1.6772953271865845,
1253,10031,,,-1.7148900032043457,,1.7148900032043457,
1254,10039,,,-1.716495156288147,,1.716495156288147,
1255,10047,,,-1.678676962852478,,1.678676962852478,
1256,10049,,,,-1.7136168479919434,,1.7136168479919434
1256,10055,,,-1.678328514099121,,1.678328514099121,
1257,10063,,,-1.6766226291656494,,1.6766226291656494,
1258,10071,,,-1.6955474615097046,,1.6955474615097046,
1259,10079,,,-1.6852359771728516,,1.6852359771728516,
1260,10087,,,-1.6538822650909424,,1.6538822650909424,
1261,10095,,,-1.6800191402435303,,1.6800191402435303,
1262,10099,,,,-1.615485668182373,,1.615485668182373
1262,10103,,,-1.6658501625061035,,1.6658501625061035,
1263,10111,,,-1.7055655717849731,,1.7055655717849731,
1264,10119,,,-1.6536705493927002,,1.6536705493927002,
1265,10127,,,-1.6762373447418213,,1.6762373447418213,
1266,10135,,,-1.6569513082504272,,1.6569513082504272,
1267,10143,,,-1.6855676174163818,,1.6855676174163818,
1268,10149,,,,-1.924642562866211,,1.924642562866211
1268,10151,,,-1.6849925518035889,,1.6849925518035889,
1269,10159,,,-1.6564403772354126,,1.6564403772354126,
1270,10167,,,-1.671274185180664,,1.671274185180664,
1271,10175,,,-1.693395733833313,,1.693395733833313,
1272,10183,,,-1.6694246530532837,,1.6694246530532837,
1273,10191,,,-1.6699610948562622,,1.6699610948562622,
1274,10199,,,,-1.7485523223876953,,1.7485523223876953
1274,10199,,,-1.6642616987228394,,1.6642616987228394,
1275,10207,,,-1.6771970987319946,,1.6771970987319946,
1276,10215,,,-1.6717753410339355,,1.6717753410339355,
1277,10223,,,-1.6524863243103027,,1.6524863243103027,
1278,10231,,,-1.7141655683517456,,1.7141655683517456,
1279,10239,,,-1.6724337339401245,,1.6724337339401245,
1280,10247,,,-1.691102147102356,,1.691102147102356,
1281,10249,,,,-1.7163784503936768,,1.7163784503936768
1281,10255,,,-1.6687228679656982,,1.6687228679656982,
1282,10263,,,-1.6793091297149658,,1.6793091297149658,
1283,10271,,,-1.7024328708648682,,1.7024328708648682,
1284,10279,,,-1.688779354095459,,1.688779354095459,
1285,10287,,,-1.6907334327697754,,1.6907334327697754,
1286,10295,,,-1.6603786945343018,,1.6603786945343018,
1287,10299,,,,-1.9598684310913086,,1.9598684310913086
1287,10303,,,-1.7064520120620728,,1.7064520120620728,
1288,10311,,,-1.6670154333114624,,1.6670154333114624,
1289,10319,,,-1.6842693090438843,,1.6842693090438843,
1290,10327,,,-1.6565470695495605,,1.6565470695495605,
1291,10335,,,-1.6921995878219604,,1.6921995878219604,
1292,10343,,,-1.6785500049591064,,1.6785500049591064,
1293,10349,,,,-1.8728666305541992,,1.8728666305541992
1293,10351,,,-1.712388038635254,,1.712388038635254,
1294,10359,,,-1.7015820741653442,,1.7015820741653442,
1295,10367,,,-1.6815972328186035,,1.6815972328186035,
1296,10375,,,-1.687459945678711,,1.687459945678711,
1297,10383,,,-1.674090027809143,,1.674090027809143,
1298,10391,,,-1.7207095623016357,,1.7207095623016357,
1299,10399,,,,-1.9148807525634766,,1.9148807525634766
1299,10399,,,-1.6735457181930542,,1.6735457181930542,
1300,10407,,,-1.6589998006820679,,1.6589998006820679,
1301,10415,,,-1.696811556816101,,1.696811556816101,
1302,10423,,,-1.679643988609314,,1.679643988609314,
1303,10431,,,-1.6652110815048218,,1.6652110815048218,
1304,10439,,,-1.692060947418213,,1.692060947418213,
1305,10447,,,-1.674972414970398,,1.674972414970398,
1306,10449,,,,-1.7081046104431152,,1.7081046104431152
1306,10455,,,-1.6553382873535156,,1.6553382873535156,
1307,10463,,,-1.6709039211273193,,1.6709039211273193,
1308,10471,,,-1.6845800876617432,,1.6845800876617432,
1309,10479,,,-1.6848236322402954,,1.6848236322402954,
1310,10487,,,-1.7126669883728027,,1.7126669883728027,
1311,10495,,,-1.6670576333999634,,1.6670576333999634,
1312,10499,,,,-1.1309549808502197,,1.1309549808502197
1312,10503,,,-1.6751209497451782,,1.6751209497451782,
1313,10511,,,-1.6776162385940552,,1.6776162385940552,
1314,10519,,,-1.6908185482025146,,1.6908185482025146,
1315,10527,,,-1.6597527265548706,,1.6597527265548706,
1316,10535,,,-1.6553478240966797,,1.6553478240966797,
1317,10543,,,-1.6833930015563965,,1.6833930015563965,
1318,10549,,,,-1.5464646816253662,,1.5464646816253662
1318,10551,,,-1.6840492486953735,,1.6840492486953735,
1319,10559,,,-1.709038257598877,,1.709038257598877,
1320,10567,,,-1.6773831844329834,,1.6773831844329834,
1321,10575,,,-1.6703214645385742,,1.6703214645385742,
1322,10583,,,-1.6747841835021973,,1.6747841835021973,
1323,10591,,,-1.6718212366104126,,1.6718212366104126,
1324,10599,,,,-1.1201956272125244,,1.1201956272125244
1324,10599,,,-1.6763845682144165,,1.6763845682144165,
1325,10607,,,-1.6861661672592163,,1.6861661672592163,
1326,10615,,,-1.6846791505813599,,1.6846791505813599,
1327,10623,,,-1.7074289321899414,,1.7074289321899414,
1328,10631,,,-1.662957787513733,,1.662957787513733,
1329,10639,,,-1.6652110815048218,,1.6652110815048218,
1330,10647,,,-1.6633234024047852,,1.6633234024047852,
1331,10649,,,,-1.8716540336608887,,1.8716540336608887
1331,10655,,,-1.6921603679656982,,1.6921603679656982,
1332,10663,,,-1.7150946855545044,,1.7150946855545044,
1333,10671,,,-1.6862330436706543,,1.6862330436706543,
1334,10679,,,-1.6758203506469727,,1.6758203506469727,
1335,10687,,,-1.6632343530654907,,1.6632343530654907,
1336,10695,,,-1.6632022857666016,,1.6632022857666016,
1337,10699,,,,-1.891331434249878,,1.891331434249878
1337,10703,,,-1.6813173294067383,,1.6813173294067383,
1338,10711,,,-1.6666228771209717,,1.6666228771209717,
1339,10719,,,-1.6551786661148071,,1.6551786661148071,
1340,10727,,,-1.6709861755371094,,1.6709861755371094,
1341,10735,,,-1.6611438989639282,,1.6611438989639282,
1342,10743,,,-1.6686019897460938,,1.6686019897460938,
1343,10749,,,,-1.506136417388916,,1.506136417388916
1343,10751,,,-1.6725860834121704,,1.6725860834121704,
1344,10759,,,-1.7005248069763184,,1.7005248069763184,
1345,10767,,,-1.671766757965088,,1.671766757965088,
1346,10775,,,-1.6873191595077515,,1.6873191595077515,
1347,10783,,,-1.671578288078308,,1.671578288078308,
1348,10791,,,-1.7031134366989136,,1.7031134366989136,
1349,10799,,,,-1.4698266983032227,,1.4698266983032227
1349,10799,,,-1.6581909656524658,,1.6581909656524658,
1350,10807,,,-1.6781574487686157,,1.6781574487686157,
1351,10815,,,-1.669830083847046,,1.669830083847046,
1352,10823,,,-1.6888436079025269,,1.6888436079025269,
1353,10831,,,-1.656261920928955,,1.656261920928955,
1354,10839,,,-1.6998562812805176,,1.6998562812805176,
1355,10847,,,-1.6872010231018066,,1.6872010231018066,
1356,10849,,,,-1.7537574768066406,,1.7537574768066406
1356,10855,,,-1.686841368675232,,1.686841368675232,
1357,10863,,,-1.6956419944763184,,1.6956419944763184,
1358,10871,,,-1.7308835983276367,,1.7308835983276367,
1359,10879,,,-1.6465250253677368,,1.6465250253677368,
1360,10887,,,-1.6628341674804688,,1.6628341674804688,
1361,10895,,,-1.6895629167556763,,1.6895629167556763,
1362,10899,,,,-1.3240737915039062,,1.3240737915039062
1362,10903,,,-1.702345371246338,,1.702345371246338,
1363,10911,,,-1.6634453535079956,,1.6634453535079956,
1364,10919,,,-1.7030069828033447,,1.7030069828033447,
1365,10927,,,-1.6572473049163818,,1.6572473049163818,
1366,10935,,,-1.665022611618042,,1.665022611618042,
1367,10943,,,-1.6780956983566284,,1.6780956983566284,
1368,10949,,,,-1.5781116485595703,,1.5781116485595703
1368,10951,,,-1.7184699773788452,,1.7184699773788452,
1369,10959,,,-1.6884390115737915,,1.6884390115737915,
1370,10967,,,-1.6658015251159668,,1.6658015251159668,
1371,10975,,,-1.7073677778244019,,1.7073677778244019,
1372,10983,,,-1.672913670539856,,1.672913670539856,
1373,10991,,,-1.67196524143219,,1.67196524143219,
1374,10999,,,,-1.9774198532104492,,1.9774198532104492
1374,10999,,,-1.7008183002471924,,1.7008183002471924,
1375,11007,,,-1.6678295135498047,,1.6678295135498047,
1376,11015,,,-1.6697441339492798,,1.6697441339492798,
1377,11023,,,-1.6545450687408447,,1.6545450687408447,
1378,11031,,,-1.6566089391708374,,1.6566089391708374,
1379,11039,,,-1.6949414014816284,,1.6949414014816284,
1380,11047,,,-1.6558277606964111,,1.6558277606964111,
1381,11049,,,,-1.5793781280517578,,1.5793781280517578
1381,11055,,,-1.6952834129333496,,1.6952834129333496,
1382,11063,,,-1.6994843482971191,,1.6994843482971191,
1383,11071,,,-1.6891282796859741,,1.6891282796859741,
1384,11079,,,-1.6772797107696533,,1.6772797107696533,
1385,11087,,,-1.6923593282699585,,1.6923593282699585,
1386,11095,,,-1.6967203617095947,,1.6967203617095947,
1387,11099,,,,-1.8715720176696777,,1.8715720176696777
1387,11103,,,-1.7098037004470825,,1.7098037004470825,
1388,11111,,,-1.7108607292175293,,1.7108607292175293,
1389,11119,,,-1.6805671453475952,,1.6805671453475952,
1390,11127,,,-1.6710474491119385,,1.6710474491119385,
1391,11135,,,-1.7038350105285645,,1.7038350105285645,
1392,11143,,,-1.687249779701233,,1.687249779701233,
1393,11149,,,,-1.0720090866088867,,1.0720090866088867
1393,11151,,,-1.684617042541504,,1.684617042541504,
1394,11159,,,-1.6637988090515137,,1.6637988090515137,
1395,11167,,,-1.6751914024353027,,1.6751914024353027,
1396,11175,,,-1.6819541454315186,,1.6819541454315186,
1397,11183,,,-1.6676667928695679,,1.6676667928695679,
1398,11191,,,-1.6813756227493286,,1.6813756227493286,
1399,11199,,,,-1.6112918853759766,,1.6112918853759766
1399,11199,,,-1.663111925125122,,1.663111925125122,
1400,11207,,,-1.6655805110931396,,1.6655805110931396,
1401,11215,,,-1.7055829763412476,,1.7055829763412476,
1402,11223,,,-1.6566823720932007,,1.6566823720932007,
1403,11231,,,-1.6984039545059204,,1.6984039545059204,
1404,11239,,,-1.658036708831787,,1.658036708831787,
1405,11247,,,-1.6790187358856201,,1.6790187358856201,
1406,11249,,,,-1.2214038372039795,,1.2214038372039795
1406,11255,,,-1.667556881904602,,1.667556881904602,
1407,11263,,,-1.7050656080245972,,1.7050656080245972,
1408,11271,,,-1.6804609298706055,,1.6804609298706055,
1409,11279,,,-1.6802144050598145,,1.6802144050598145,
1410,11287,,,-1.6794904470443726,,1.6794904470443726,
1411,11295,,,-1.679581642150879,,1.679581642150879,
1412,11299,,,,-1.5400629043579102,,1.5400629043579102
1412,11303,,,-1.675363302230835,,1.675363302230835,
1413,11311,,,-1.6885355710983276,,1.6885355710983276,
1414,11319,,,-1.700684905052185,,1.700684905052185,
1415,11327,,,-1.6606316566467285,,1.6606316566467285,
1416,11335,,,-1.6623241901397705,,1.6623241901397705,
1417,11343,,,-1.674793004989624,,1.674793004989624,
1418,11349,,,,-1.0934653282165527,,1.0934653282165527
1418,11351,,,-1.6864300966262817,,1.6864300966262817,
1419,11359,,,-1.6799992322921753,,1.6799992322921753,
1420,11367,,,-1.6589034795761108,,1.6589034795761108,
1421,11375,,,-1.6587547063827515,,1.6587547063827515,
1422,11383,,,-1.680877685546875,,1.680877685546875,
1423,11391,,,-1.684890866279602,,1.684890866279602,
1424,11399,,,,-1.609593152999878,,1.609593152999878
1424,11399,,,-1.6670912504196167,,1.6670912504196167,
1425,11407,,,-1.6663107872009277,,1.6663107872009277,
1426,11415,,,-1.6766749620437622,,1.6766749620437622,
1427,11423,,,-1.672953486442566,,1.672953486442566,
1428,11431,,,-1.6765785217285156,,1.6765785217285156,
1429,11439,,,-1.6815311908721924,,1.6815311908721924,
1430,11447,,,-1.6906394958496094,,1.6906394958496094,
1431,11449,,,,-1.5916624069213867,,1.5916624069213867
1431,11455,,,-1.6774765253067017,,1.6774765253067017,
1432,11463,,,-1.6770380735397339,,1.6770380735397339,
1433,11471,,,-1.6792123317718506,,1.6792123317718506,
1434,11479,,,-1.6792999505996704,,1.6792999505996704,
1435,11487,,,-1.682267189025879,,1.682267189025879,
1436,11495,,,-1.7090418338775635,,1.7090418338775635,
1437,11499,,,,-1.8471670150756836,,1.8471670150756836
1437,11503,,,-1.7017085552215576,,1.7017085552215576,
1438,11511,,,-1.7117568254470825,,1.7117568254470825,
1439,11519,,,-1.6721078157424927,,1.6721078157424927,
1440,11527,,,-1.6912144422531128,,1.6912144422531128,
1441,11535,,,-1.6810342073440552,,1.6810342073440552,
1442,11543,,,-1.6920697689056396,,1.6920697689056396,
1443,11549,,,,-1.56245756149292,,1.56245756149292
1443,11551,,,-1.6857402324676514,,1.6857402324676514,
1444,11559,,,-1.668776035308838,,1.668776035308838,
1445,11567,,,-1.707035779953003,,1.707035779953003,
1446,11575,,,-1.6882312297821045,,1.6882312297821045,
1447,11583,,,-1.6817829608917236,,1.6817829608917236,
1448,11591,,,-1.6703040599822998,,1.6703040599822998,
1449,11599,,,,-1.097278118133545,,1.097278118133545
1449,11599,,,-1.655965805053711,,1.655965805053711,
1450,11607,,,-1.680775761604309,,1.680775761604309,
1451,11615,,,-1.6857273578643799,,1.6857273578643799,
1452,11623,,,-1.6879249811172485,,1.6879249811172485,
1453,11631,,,-1.658150553703308,,1.658150553703308,
1454,11639,,,-1.677202582359314,,1.677202582359314,
1455,11647,,,-1.6989378929138184,,1.6989378929138184,
1456,11649,,,,-1.8918578624725342,,1.8918578624725342
1456,11655,,,-1.6988894939422607,,1.6988894939422607,
1457,11663,,,-1.70429527759552,,1.70429527759552,
1458,11671,,,-1.6857210397720337,,1.6857210397720337,
1459,11679,,,-1.667972207069397,,1.667972207069397,
1460,11687,,,-1.6792232990264893,,1.6792232990264893,
1461,11695,,,-1.689781665802002,,1.689781665802002,
1462,11699,,,,-1.3782708644866943,,1.3782708644866943
1462,11703,,,-1.6858794689178467,,1.6858794689178467,
1463,11711,,,-1.6775376796722412,,1.6775376796722412,
1464,11719,,,-1.6736277341842651,,1.6736277341842651,
1465,11727,,,-1.657090187072754,,1.657090187072754,
1466,11735,,,-1.6642611026763916,,1.6642611026763916,
1467,11743,,,-1.7098591327667236,,1.7098591327667236,
1468,11749,,,,-1.9116096496582031,,1.9116096496582031
1468,11751,,,-1.6810158491134644,,1.6810158491134644,
1469,11759,,,-1.681214690208435,,1.681214690208435,
1470,11767,,,-1.7060555219650269,,1.7060555219650269,
1471,11775,,,-1.6835463047027588,,1.6835463047027588,
1472,11783,,,-1.7210277318954468,,1.7210277318954468,
1473,11791,,,-1.6841773986816406,,1.6841773986816406,
1474,11799,,,,-1.4762227535247803,,1.4762227535247803
1474,11799,,,-1.686619758605957,,1.686619758605957,
1475,11807,,,-1.6856496334075928,,1.6856496334075928,
1476,11815,,,-1.6949396133422852,,1.6949396133422852,
1477,11823,,,-1.7017290592193604,,1.7017290592193604,
1478,11831,,,-1.6753699779510498,,1.6753699779510498,
1479,11839,,,-1.663375973701477,,1.663375973701477,
1480,11847,,,-1.7063541412353516,,1.7063541412353516,
1481,11849,,,,-1.6496922969818115,,1.6496922969818115
1481,11855,,,-1.6996433734893799,,1.6996433734893799,
1482,11863,,,-1.672899603843689,,1.672899603843689,
1483,11871,,,-1.6624003648757935,,1.6624003648757935,
1484,11879,,,-1.6950414180755615,,1.6950414180755615,
1485,11887,,,-1.675881266593933,,1.675881266593933,
1486,11895,,,-1.6605027914047241,,1.6605027914047241,
1487,11899,,,,-1.829345703125,,1.829345703125
1487,11903,,,-1.717369556427002,,1.717369556427002,
1488,11911,,,-1.6772103309631348,,1.6772103309631348,
1489,11919,,,-1.6928930282592773,,1.6928930282592773,
1490,11927,,,-1.6870379447937012,,1.6870379447937012,
1491,11935,,,-1.6585687398910522,,1.6585687398910522,
1492,11943,,,-1.6634836196899414,,1.6634836196899414,
1493,11949,,,,-2.062039852142334,,2.062039852142334
1493,11951,,,-1.6712677478790283,,1.6712677478790283,
1494,11959,,,-1.6807711124420166,,1.6807711124420166,
1495,11967,,,-1.736449956893921,,1.736449956893921,
1496,11975,,,-1.6676000356674194,,1.6676000356674194,
1497,11983,,,-1.6773210763931274,,1.6773210763931274,
1498,11991,,,-1.6601277589797974,,1.6601277589797974,
1499,11999,,,,-1.6141648292541504,,1.6141648292541504
1499,11999,,,-1.648837685585022,,1.648837685585022,
1500,12007,,,-1.6999735832214355,,1.6999735832214355,
1501,12015,,,-1.6790850162506104,,1.6790850162506104,
1502,12023,,,-1.6937469244003296,,1.6937469244003296,
1503,12031,,,-1.7010140419006348,,1.7010140419006348,
1504,12039,,,-1.6687203645706177,,1.6687203645706177,
1505,12047,,,-1.6915987730026245,,1.6915987730026245,
1506,12049,,,,-1.6545023918151855,,1.6545023918151855
1506,12055,,,-1.6784007549285889,,1.6784007549285889,
1507,12063,,,-1.6873396635055542,,1.6873396635055542,
1508,12071,,,-1.6588425636291504,,1.6588425636291504,
1509,12079,,,-1.6851599216461182,,1.6851599216461182,
1510,12087,,,-1.7498295307159424,,1.7498295307159424,
1511,12095,,,-1.6728708744049072,,1.6728708744049072,
1512,12099,,,,-1.7573325634002686,,1.7573325634002686
1512,12103,,,-1.7131742238998413,,1.7131742238998413,
1513,12111,,,-1.680100440979004,,1.680100440979004,
1514,12119,,,-1.6571345329284668,,1.6571345329284668,
1515,12127,,,-1.7351763248443604,,1.7351763248443604,
1516,12135,,,-1.669789433479309,,1.669789433479309,
1517,12143,,,-1.6752644777297974,,1.6752644777297974,
1518,12149,,,,-1.977046012878418,,1.977046012878418
1518,12151,,,-1.710263729095459,,1.710263729095459,
1519,12159,,,-1.6990618705749512,,1.6990618705749512,
1520,12167,,,-1.6743576526641846,,1.6743576526641846,
1521,12175,,,-1.6932449340820312,,1.6932449340820312,
1522,12183,,,-1.6979120969772339,,1.6979120969772339,
1523,12191,,,-1.671661376953125,,1.671661376953125,
1524,12199,,,,-1.7427237033843994,,1.7427237033843994
1524,12199,,,-1.6988146305084229,,1.6988146305084229,
1525,12207,,,-1.6845226287841797,,1.6845226287841797,
1526,12215,,,-1.654617428779602,,1.654617428779602,
1527,12223,,,-1.7119667530059814,,1.7119667530059814,
1528,12231,,,-1.6814675331115723,,1.6814675331115723,
1529,12239,,,-1.6894562244415283,,1.6894562244415283,
1530,12247,,,-1.7123643159866333,,1.7123643159866333,
1531,12249,,,,-1.607346534729004,,1.607346534729004
1531,12255,,,-1.6918089389801025,,1.6918089389801025,
1532,12263,,,-1.7024474143981934,,1.7024474143981934,
1533,12271,,,-1.6738407611846924,,1.6738407611846924,
1534,12279,,,-1.6798101663589478,,1.6798101663589478,
1535,12287,,,-1.687497854232788,,1.687497854232788,
1536,12295,,,-1.6780534982681274,,1.6780534982681274,
1537,12299,,,,-1.6135902404785156,,1.6135902404785156
1537,12303,,,-1.6819781064987183,,1.6819781064987183,
1538,12311,,,-1.7062324285507202,,1.7062324285507202,
1539,12319,,,-1.7082183361053467,,1.7082183361053467,
1540,12327,,,-1.6903780698776245,,1.6903780698776245,
1541,12335,,,-1.6655281782150269,,1.6655281782150269,
1542,12343,,,-1.682719111442566,,1.682719111442566,
1543,12349,,,,-1.658574104309082,,1.658574104309082
1543,12351,,,-1.655342936515808,,1.655342936515808,
1544,12359,,,-1.6759923696517944,,1.6759923696517944,
1545,12367,,,-1.6791062355041504,,1.6791062355041504,
1546,12375,,,-1.6588101387023926,,1.6588101387023926,
1547,12383,,,-1.6682811975479126,,1.6682811975479126,
1548,12391,,,-1.6848989725112915,,1.6848989725112915,
1549,12399,,,,-1.6790351867675781,,1.6790351867675781
1549,12399,,,-1.6749567985534668,,1.6749567985534668,
1550,12407,,,-1.7018663883209229,,1.7018663883209229,
1551,12415,,,-1.6645740270614624,,1.6645740270614624,
1552,12423,,,-1.6991523504257202,,1.6991523504257202,
1553,12431,,,-1.66643226146698,,1.66643226146698,
1554,12439,,,-1.6835941076278687,,1.6835941076278687,
1555,12447,,,-1.7191429138183594,,1.7191429138183594,
1556,12449,,,,-1.7413489818572998,,1.7413489818572998
1556,12455,,,-1.7282142639160156,,1.7282142639160156,
1557,12463,,,-1.6713178157806396,,1.6713178157806396,
1558,12471,,,-1.6803170442581177,,1.6803170442581177,
1559,12479,,,-1.7301017045974731,,1.7301017045974731,
1560,12487,,,-1.708215594291687,,1.708215594291687,
1561,12495,,,-1.7129573822021484,,1.7129573822021484,
1562,12499,,,,-1.5121197700500488,,1.5121197700500488
1562,12503,,,-1.6818890571594238,,1.6818890571594238,
1563,12511,,,-1.668992042541504,,1.668992042541504,
1564,12519,,,-1.699920892715454,,1.699920892715454,
1565,12527,,,-1.7047234773635864,,1.7047234773635864,
1566,12535,,,-1.6983205080032349,,1.6983205080032349,
1567,12543,,,-1.6691142320632935,,1.6691142320632935,
1568,12549,,,,-1.1732110977172852,,1.1732110977172852
1568,12551,,,-1.666289210319519,,1.666289210319519,
1569,12559,,,-1.7002123594284058,,1.7002123594284058,
1570,12567,,,-1.6796351671218872,,1.6796351671218872,
1571,12575,,,-1.682151198387146,,1.682151198387146,
1572,12583,,,-1.7010142803192139,,1.7010142803192139,
1573,12591,,,-1.6776065826416016,,1.6776065826416016,
1574,12599,,,,-1.8327598571777344,,1.8327598571777344
1574,12599,,,-1.7081031799316406,,1.7081031799316406,
1575,12607,,,-1.720584750175476,,1.720584750175476,
1576,12615,,,-1.6966207027435303,,1.6966207027435303,
1577,12623,,,-1.720322847366333,,1.720322847366333,
1578,12631,,,-1.715516209602356,,1.715516209602356,
1579,12639,,,-1.692868709564209,,1.692868709564209,
1580,12647,,,-1.6807712316513062,,1.6807712316513062,
1581,12649,,,,-1.9167771339416504,,1.9167771339416504
1581,12655,,,-1.7354494333267212,,1.7354494333267212,
1582,12663,,,-1.7027148008346558,,1.7027148008346558,
1583,12671,,,-1.674116849899292,,1.674116849899292,
1584,12679,,,-1.6745193004608154,,1.6745193004608154,
1585,12687,,,-1.6929194927215576,,1.6929194927215576,
1586,12695,,,-1.6906644105911255,,1.6906644105911255,
1587,12699,,,,-1.6443061828613281,,1.6443061828613281
1587,12703,,,-1.681298017501831,,1.681298017501831,
1588,12711,,,-1.6745754480361938,,1.6745754480361938,
1589,12719,,,-1.6918219327926636,,1.6918219327926636,
1590,12727,,,-1.6796023845672607,,1.6796023845672607,
1591,12735,,,-1.7238366603851318,,1.7238366603851318,
1592,12743,,,-1.6558105945587158,,1.6558105945587158,
1593,12749,,,,-1.6032302379608154,,1.6032302379608154
1593,12751,,,-1.6849952936172485,,1.6849952936172485,
1594,12759,,,-1.6907885074615479,,1.6907885074615479,
1595,12767,,,-1.6696122884750366,,1.6696122884750366,
1596,12775,,,-1.6878677606582642,,1.6878677606582642,
1597,12783,,,-1.6678357124328613,,1.6678357124328613,
1598,12791,,,-1.6756972074508667,,1.6756972074508667,
1599,12799,,,,-1.7110531330108643,,1.7110531330108643
1599,12799,,,-1.6951824426651,,1.6951824426651,
1600,12807,,,-1.7030631303787231,,1.7030631303787231,
1601,12815,,,-1.680228352546692,,1.680228352546692,
1602,12823,,,-1.6787503957748413,,1.6787503957748413,
1603,12831,,,-1.6991034746170044,,1.6991034746170044,
1604,12839,,,-1.6960179805755615,,1.6960179805755615,
1605,12847,,,-1.696553111076355,,1.696553111076355,
1606,12849,,,,-1.573380947113037,,1.573380947113037
1606,12855,,,-1.6817197799682617,,1.6817197799682617,
1607,12863,,,-1.684278964996338,,1.684278964996338,
1608,12871,,,-1.7012693881988525,,1.7012693881988525,
1609,12879,,,-1.6992312669754028,,1.6992312669754028,
1610,12887,,,-1.6972626447677612,,1.6972626447677612,
1611,12895,,,-1.673597812652588,,1.673597812652588,
1612,12899,,,,-1.9140212535858154,,1.9140212535858154
1612,12903,,,-1.6789687871932983,,1.6789687871932983,
1613,12911,,,-1.6860219240188599,,1.6860219240188599,
1614,12919,,,-1.697282075881958,,1.697282075881958,
1615,12927,,,-1.6681663990020752,,1.6681663990020752,
1616,12935,,,-1.6715173721313477,,1.6715173721313477,
1617,12943,,,-1.6827884912490845,,1.6827884912490845,
1618,12949,,,,-1.7613418102264404,,1.7613418102264404
1618,12951,,,-1.6949777603149414,,1.6949777603149414,
1619,12959,,,-1.6737360954284668,,1.6737360954284668,
1620,12967,,,-1.6813702583312988,,1.6813702583312988,
1621,12975,,,-1.6606619358062744,,1.6606619358062744,
1622,12983,,,-1.6995525360107422,,1.6995525360107422,
1623,12991,,,-1.6877392530441284,,1.6877392530441284,
1624,12999,,,,-1.0967390537261963,,1.0967390537261963
1624,12999,,,-1.7220605611801147,,1.7220605611801147,
1625,13007,,,-1.699832797050476,,1.699832797050476,
1626,13015,,,-1.6986790895462036,,1.6986790895462036,
1627,13023,,,-1.6789296865463257,,1.6789296865463257,
1628,13031,,,-1.6668347120285034,,1.6668347120285034,
1629,13039,,,-1.6749013662338257,,1.6749013662338257,
1630,13047,,,-1.6687097549438477,,1.6687097549438477,
1631,13049,,,,-1.9502105712890625,,1.9502105712890625
1631,13055,,,-1.6811726093292236,,1.6811726093292236,
1632,13063,,,-1.7010976076126099,,1.7010976076126099,
1633,13071,,,-1.663040041923523,,1.663040041923523,
1634,13079,,,-1.71146559715271,,1.71146559715271,
1635,13087,,,-1.678146481513977,,1.678146481513977,
1636,13095,,,-1.714961290359497,,1.714961290359497,
1637,13099,,,,-2.0677003860473633,,2.0677003860473633
1637,13103,,,-1.6875749826431274,,1.6875749826431274,
1638,13111,,,-1.673508644104004,,1.673508644104004,
1639,13119,,,-1.6845134496688843,,1.6845134496688843,
1640,13127,,,-1.7088085412979126,,1.7088085412979126,
1641,13135,,,-1.7114135026931763,,1.7114135026931763,
1642,13143,,,-1.701438069343567,,1.701438069343567,
1643,13149,,,,-1.9864702224731445,,1.9864702224731445
1643,13151,,,-1.706695556640625,,1.706695556640625,
1644,13159,,,-1.6977765560150146,,1.6977765560150146,
1645,13167,,,-1.6913979053497314,,1.6913979053497314,
1646,13175,,,-1.666323184967041,,1.666323184967041,
1647,13183,,,-1.675298810005188,,1.675298810005188,
1648,13191,,,-1.7064411640167236,,1.7064411640167236,
1649,13199,,,,-1.0747199058532715,,1.0747199058532715
1649,13199,,,-1.7120611667633057,,1.7120611667633057,
1650,13207,,,-1.7115962505340576,,1.7115962505340576,
1651,13215,,,-1.6852085590362549,,1.6852085590362549,
1652,13223,,,-1.71834135055542,,1.71834135055542,
1653,13231,,,-1.690069556236267,,1.690069556236267,
1654,13239,,,-1.680049180984497,,1.680049180984497,
1655,13247,,,-1.6902740001678467,,1.6902740001678467,
1656,13249,,,,-1.891737937927246,,1.891737937927246
1656,13255,,,-1.6857943534851074,,1.6857943534851074,
1657,13263,,,-1.716164469718933,,1.716164469718933,
1658,13271,,,-1.7043322324752808,,1.7043322324752808,
1659,13279,,,-1.682497501373291,,1.682497501373291,
1660,13287,,,-1.6914788484573364,,1.6914788484573364,
1661,13295,,,-1.6903109550476074,,1.6903109550476074,
1662,13299,,,,-1.0077764987945557,,1.0077764987945557
1662,13303,,,-1.7381314039230347,,1.7381314039230347,
1663,13311,,,-1.6656972169876099,,1.6656972169876099,
1664,13319,,,-1.672869324684143,,1.672869324684143,
1665,13327,,,-1.6970933675765991,,1.6970933675765991,
1666,13335,,,-1.6990535259246826,,1.6990535259246826,
1667,13343,,,-1.6928762197494507,,1.6928762197494507,
1668,13349,,,,-1.1832449436187744,,1.1832449436187744
1668,13351,,,-1.670566201210022,,1.670566201210022,
1669,13359,,,-1.706798791885376,,1.706798791885376,
1670,13367,,,-1.6893420219421387,,1.6893420219421387,
1671,13375,,,-1.7039008140563965,,1.7039008140563965,
1672,13383,,,-1.7009646892547607,,1.7009646892547607,
1673,13391,,,-1.6635690927505493,,1.6635690927505493,
1674,13399,,,,-1.8860325813293457,,1.8860325813293457
1674,13399,,,-1.6709835529327393,,1.6709835529327393,
1675,13407,,,-1.6808226108551025,,1.6808226108551025,
1676,13415,,,-1.7075252532958984,,1.7075252532958984,
1677,13423,,,-1.699472427368164,,1.699472427368164,
1678,13431,,,-1.6926941871643066,,1.6926941871643066,
1679,13439,,,-1.706053376197815,,1.706053376197815,
1680,13447,,,-1.6822724342346191,,1.6822724342346191,
1681,13449,,,,-1.8413703441619873,,1.8413703441619873
1681,13455,,,-1.7146718502044678,,1.7146718502044678,
1682,13463,,,-1.6676361560821533,,1.6676361560821533,
1683,13471,,,-1.694231390953064,,1.694231390953064,
1684,13479,,,-1.6820499897003174,,1.6820499897003174,
1685,13487,,,-1.6896339654922485,,1.6896339654922485,
1686,13495,,,-1.6980558633804321,,1.6980558633804321,
1687,13499,,,,-1.0844695568084717,,1.0844695568084717
1687,13503,,,-1.6911871433258057,,1.6911871433258057,
1688,13511,,,-1.6697958707809448,,1.6697958707809448,
1689,13519,,,-1.6959048509597778,,1.6959048509597778,
1690,13527,,,-1.7015066146850586,,1.7015066146850586,
1691,13535,,,-1.6866388320922852,,1.6866388320922852,
1692,13543,,,-1.7165277004241943,,1.7165277004241943,
1693,13549,,,,-1.908357858657837,,1.908357858657837
1693,13551,,,-1.6704181432724,,1.6704181432724,
1694,13559,,,-1.6989840269088745,,1.6989840269088745,
1695,13567,,,-1.677413821220398,,1.677413821220398,
1696,13575,,,-1.7098771333694458,,1.7098771333694458,
1697,13583,,,-1.6979426145553589,,1.6979426145553589,
1698,13591,,,-1.666145920753479,,1.666145920753479,
1699,13599,,,,-1.8100807666778564,,1.8100807666778564
1699,13599,,,-1.7233749628067017,,1.7233749628067017,
1700,13607,,,-1.6863676309585571,,1.6863676309585571,
1701,13615,,,-1.6899316310882568,,1.6899316310882568,
1702,13623,,,-1.6955267190933228,,1.6955267190933228,
1703,13631,,,-1.6715773344039917,,1.6715773344039917,
1704,13639,,,-1.6814910173416138,,1.6814910173416138,
1705,13647,,,-1.6898683309555054,,1.6898683309555054,
1706,13649,,,,-1.8788087368011475,,1.8788087368011475
1706,13655,,,-1.6936818361282349,,1.6936818361282349,
1707,13663,,,-1.6876156330108643,,1.6876156330108643,
1708,13671,,,-1.7035894393920898,,1.7035894393920898,
1709,13679,,,-1.6993234157562256,,1.6993234157562256,
1710,13687,,,-1.6735543012619019,,1.6735543012619019,
1711,13695,,,-1.6954116821289062,,1.6954116821289062,
1712,13699,,,,-1.6790692806243896,,1.6790692806243896
1712,13703,,,-1.6940505504608154,,1.6940505504608154,
1713,13711,,,-1.7180004119873047,,1.7180004119873047,
1714,13719,,,-1.6772236824035645,,1.6772236824035645,
1715,13727,,,-1.66242516040802,,1.66242516040802,
1716,13735,,,-1.696351408958435,,1.696351408958435,
1717,13743,,,-1.6960638761520386,,1.6960638761520386,
1718,13749,,,,-1.5271973609924316,,1.5271973609924316
1718,13751,,,-1.6844353675842285,,1.6844353675842285,
1719,13759,,,-1.6744608879089355,,1.6744608879089355,
1720,13767,,,-1.6976985931396484,,1.6976985931396484,
1721,13775,,,-1.6703697443008423,,1.6703697443008423,
1722,13783,,,-1.6892486810684204,,1.6892486810684204,
1723,13791,,,-1.6934940814971924,,1.6934940814971924,
1724,13799,,,,-0.9569320678710938,,0.9569320678710938
1724,13799,,,-1.7460027933120728,,1.7460027933120728,
1725,13807,,,-1.685198187828064,,1.685198187828064,
1726,13815,,,-1.6942449808120728,,1.6942449808120728,
1727,13823,,,-1.7050334215164185,,1.7050334215164185,
1728,13831,,,-1.6842001676559448,,1.6842001676559448,
1729,13839,,,-1.684690237045288,,1.684690237045288,
1730,13847,,,-1.7043328285217285,,1.7043328285217285,
1731,13849,,,,-1.0559945106506348,,1.0559945106506348
1731,13855,,,-1.7025023698806763,,1.7025023698806763,
1732,13863,,,-1.7051640748977661,,1.7051640748977661,
1733,13871,,,-1.6888904571533203,,1.6888904571533203,
1734,13879,,,-1.685049057006836,,1.685049057006836,
1735,13887,,,-1.7290351390838623,,1.7290351390838623,
1736,13895,,,-1.6842105388641357,,1.6842105388641357,
1737,13899,,,,-2.22015380859375,,2.22015380859375
1737,13903,,,-1.72683846950531,,1.72683846950531,
1738,13911,,,-1.6970505714416504,,1.6970505714416504,
1739,13919,,,-1.682068943977356,,1.682068943977356,
1740,13927,,,-1.686895489692688,,1.686895489692688,
1741,13935,,,-1.70255708694458,,1.70255708694458,
1742,13943,,,-1.7095555067062378,,1.7095555067062378,
1743,13949,,,,-1.9068794250488281,,1.9068794250488281
1743,13951,,,-1.7084994316101074,,1.7084994316101074,
1744,13959,,,-1.6980534791946411,,1.6980534791946411,
1745,13967,,,-1.6848148107528687,,1.6848148107528687,
1746,13975,,,-1.7458579540252686,,1.7458579540252686,
1747,13983,,,-1.6859822273254395,,1.6859822273254395,
1748,13991,,,-1.7175216674804688,,1.7175216674804688,
1749,13999,,,,-1.542038917541504,,1.542038917541504
1749,13999,,,-1.6854972839355469,,1.6854972839355469,
1750,14007,,,-1.7387503385543823,,1.7387503385543823,
1751,14015,,,-1.6908506155014038,,1.6908506155014038,
1752,14023,,,-1.6847892999649048,,1.6847892999649048,
1753,14031,,,-1.7107799053192139,,1.7107799053192139,
1754,14039,,,-1.6995577812194824,,1.6995577812194824,
1755,14047,,,-1.6897300481796265,,1.6897300481796265,
1756,14049,,,,-1.697636365890503,,1.697636365890503
1756,14055,,,-1.6933655738830566,,1.6933655738830566,
1757,14063,,,-1.672062873840332,,1.672062873840332,
1758,14071,,,-1.6862238645553589,,1.6862238645553589,
1759,14079,,,-1.7021000385284424,,1.7021000385284424,
1760,14087,,,-1.6975945234298706,,1.6975945234298706,
1761,14095,,,-1.7376656532287598,,1.7376656532287598,
1762,14099,,,,-2.0805063247680664,,2.0805063247680664
1762,14103,,,-1.6871634721755981,,1.6871634721755981,
1763,14111,,,-1.6775000095367432,,1.6775000095367432,
1764,14119,,,-1.692272424697876,,1.692272424697876,
1765,14127,,,-1.6896785497665405,,1.6896785497665405,
1766,14135,,,-1.7111657857894897,,1.7111657857894897,
1767,14143,,,-1.6992824077606201,,1.6992824077606201,
1768,14149,,,,-1.0622186660766602,,1.0622186660766602
1768,14151,,,-1.7168338298797607,,1.7168338298797607,
1769,14159,,,-1.6924171447753906,,1.6924171447753906,
1770,14167,,,-1.7218139171600342,,1.7218139171600342,
1771,14175,,,-1.697464108467102,,1.697464108467102,
1772,14183,,,-1.7242220640182495,,1.7242220640182495,
1773,14191,,,-1.697569727897644,,1.697569727897644,
1774,14199,,,,-0.9895739555358887,,0.9895739555358887
1774,14199,,,-1.6830087900161743,,1.6830087900161743,
1775,14207,,,-1.6827025413513184,,1.6827025413513184,
1776,14215,,,-1.6963671445846558,,1.6963671445846558,
1777,14223,,,-1.7133314609527588,,1.7133314609527588,
1778,14231,,,-1.7208775281906128,,1.7208775281906128,
1779,14239,,,-1.7062418460845947,,1.7062418460845947,
1780,14247,,,-1.6896617412567139,,1.6896617412567139,
1781,14249,,,,-1.9434261322021484,,1.9434261322021484
1781,14255,,,-1.7243340015411377,,1.7243340015411377,
1782,14263,,,-1.7107818126678467,,1.7107818126678467,
1783,14271,,,-1.6963107585906982,,1.6963107585906982,
1784,14279,,,-1.6638624668121338,,1.6638624668121338,
1785,14287,,,-1.6888039112091064,,1.6888039112091064,
1786,14295,,,-1.6788939237594604,,1.6788939237594604,
1787,14299,,,,-1.8352041244506836,,1.8352041244506836
1787,14303,,,-1.6807390451431274,,1.6807390451431274,
1788,14311,,,-1.7158445119857788,,1.7158445119857788,
1789,14319,,,-1.7076866626739502,,1.7076866626739502,
1790,14327,,,-1.7066781520843506,,1.7066781520843506,
1791,14335,,,-1.699677586555481,,1.699677586555481,
1792,14343,,,-1.6905373334884644,,1.6905373334884644,
1793,14349,,,,-1.9921226501464844,,1.9921226501464844
1793,14351,,,-1.7132933139801025,,1.7132933139801025,
1794,14359,,,-1.6913676261901855,,1.6913676261901855,
1795,14367,,,-1.6670570373535156,,1.6670570373535156,
1796,14375,,,-1.6830366849899292,,1.6830366849899292,
1797,14383,,,-1.734310507774353,,1.734310507774353,
1798,14391,,,-1.70083749294281,,1.70083749294281,
1799,14399,,,,-1.8670828342437744,,1.8670828342437744
1799,14399,,,-1.7008132934570312,,1.7008132934570312,
1800,14407,,,-1.706241250038147,,1.706241250038147,
1801,14415,,,-1.7294625043869019,,1.7294625043869019,
1802,14423,,,-1.7018693685531616,,1.7018693685531616,
1803,14431,,,-1.6863967180252075,,1.6863967180252075,
1804,14439,,,-1.7227437496185303,,1.7227437496185303,
1805,14447,,,-1.6645222902297974,,1.6645222902297974,
1806,14449,,,,-1.7100024223327637,,1.7100024223327637
1806,14455,,,-1.6694797277450562,,1.6694797277450562,
1807,14463,,,-1.6752201318740845,,1.6752201318740845,
1808,14471,,,-1.6848357915878296,,1.6848357915878296,
1809,14479,,,-1.710371494293213,,1.710371494293213,
1810,14487,,,-1.7040777206420898,,1.7040777206420898,
1811,14495,,,-1.6891621351242065,,1.6891621351242065,
1812,14499,,,,-1.8927867412567139,,1.8927867412567139
1812,14503,,,-1.6814323663711548,,1.6814323663711548,
1813,14511,,,-1.6798756122589111,,1.6798756122589111,
1814,14519,,,-1.6835718154907227,,1.6835718154907227,
1815,14527,,,-1.6754101514816284,,1.6754101514816284,
1816,14535,,,-1.7083748579025269,,1.7083748579025269,
1817,14543,,,-1.6967415809631348,,1.6967415809631348,
1818,14549,,,,-1.9146394729614258,,1.9146394729614258
1818,14551,,,-1.7117595672607422,,1.7117595672607422,
1819,14559,,,-1.6904939413070679,,1.6904939413070679,
1820,14567,,,-1.6980106830596924,,1.6980106830596924,
1821,14575,,,-1.6817914247512817,,1.6817914247512817,
1822,14583,,,-1.7066937685012817,,1.7066937685012817,
1823,14591,,,-1.7233599424362183,,1.7233599424362183,
1824,14599,,,,-1.723390817642212,,1.723390817642212
1824,14599,,,-1.6770557165145874,,1.6770557165145874,
1825,14607,,,-1.7002816200256348,,1.7002816200256348,
1826,14615,,,-1.7048970460891724,,1.7048970460891724,
1827,14623,,,-1.715408444404602,,1.715408444404602,
1828,14631,,,-1.7020189762115479,,1.7020189762115479,
1829,14639,,,-1.7236355543136597,,1.7236355543136597,
1830,14647,,,-1.6974583864212036,,1.6974583864212036,
1831,14649,,,,-1.5727217197418213,,1.5727217197418213
1831,14655,,,-1.6965845823287964,,1.6965845823287964,
1832,14663,,,-1.7019829750061035,,1.7019829750061035,
1833,14671,,,-1.7049297094345093,,1.7049297094345093,
1834,14679,,,-1.689252495765686,,1.689252495765686,
1835,14687,,,-1.6763535737991333,,1.6763535737991333,
1836,14695,,,-1.724166750907898,,1.724166750907898,
1837,14699,,,,-1.660658836364746,,1.660658836364746
1837,14703,,,-1.7081375122070312,,1.7081375122070312,
1838,14711,,,-1.7222496271133423,,1.7222496271133423,
1839,14719,,,-1.710947871208191,,1.710947871208191,
1840,14727,,,-1.706955075263977,,1.706955075263977,
1841,14735,,,-1.6905869245529175,,1.6905869245529175,
1842,14743,,,-1.685865879058838,,1.685865879058838,
1843,14749,,,,-1.0668244361877441,,1.0668244361877441
1843,14751,,,-1.704501748085022,,1.704501748085022,
1844,14759,,,-1.7071983814239502,,1.7071983814239502,
1845,14767,,,-1.698408603668213,,1.698408603668213,
1846,14775,,,-1.7123711109161377,,1.7123711109161377,
1847,14783,,,-1.6964902877807617,,1.6964902877807617,
1848,14791,,,-1.6789801120758057,,1.6789801120758057,
1849,14799,,,,-1.6576404571533203,,1.6576404571533203
1849,14799,,,-1.6881403923034668,,1.6881403923034668,
1850,14807,,,-1.7307089567184448,,1.7307089567184448,
1851,14815,,,-1.71013343334198,,1.71013343334198,
1852,14823,,,-1.6732966899871826,,1.6732966899871826,
1853,14831,,,-1.7059231996536255,,1.7059231996536255,
1854,14839,,,-1.684402346611023,,1.684402346611023,
1855,14847,,,-1.7086374759674072,,1.7086374759674072,
1856,14849,,,,-1.7965126037597656,,1.7965126037597656
1856,14855,,,-1.7204550504684448,,1.7204550504684448,
1857,14863,,,-1.703096628189087,,1.703096628189087,
1858,14871,,,-1.7028270959854126,,1.7028270959854126,
1859,14879,,,-1.7138421535491943,,1.7138421535491943,
1860,14887,,,-1.69041109085083,,1.69041109085083,
1861,14895,,,-1.6960439682006836,,1.6960439682006836,
1862,14899,,,,-1.7947721481323242,,1.7947721481323242
1862,14903,,,-1.7204489707946777,,1.7204489707946777,
1863,14911,,,-1.7107465267181396,,1.7107465267181396,
1864,14919,,,-1.708362102508545,,1.708362102508545,
1865,14927,,,-1.7221342325210571,,1.7221342325210571,
1866,14935,,,-1.7240078449249268,,1.7240078449249268,
1867,14943,,,-1.702290415763855,,1.702290415763855,
1868,14949,,,,-1.926025152206421,,1.926025152206421
1868,14951,,,-1.740896463394165,,1.740896463394165,
1869,14959,,,-1.7169764041900635,,1.7169764041900635,
1870,14967,,,-1.7004890441894531,,1.7004890441894531,
1871,14975,,,-1.71476149559021,,1.71476149559021,
1872,14983,,,-1.7034783363342285,,1.7034783363342285,
1873,14991,,,-1.6999361515045166,,1.6999361515045166,
1874,14999,,,,-1.0543866157531738,,1.0543866157531738
1874,14999,,,-1.7243562936782837,,1.7243562936782837,
1875,15007,,,-1.7341278791427612,,1.7341278791427612,
1876,15015,,,-1.7204474210739136,,1.7204474210739136,
1877,15023,,,-1.6996192932128906,,1.6996192932128906,
1878,15031,,,-1.7213202714920044,,1.7213202714920044,
1879,15039,,,-1.7036933898925781,,1.7036933898925781,
1880,15047,,,-1.7098644971847534,,1.7098644971847534,
1881,15049,,,,-2.045344591140747,,2.045344591140747
1881,15055,,,-1.7214196920394897,,1.7214196920394897,
1882,15063,,,-1.6934887170791626,,1.6934887170791626,
1883,15071,,,-1.7071175575256348,,1.7071175575256348,
1884,15079,,,-1.6797000169754028,,1.6797000169754028,
1885,15087,,,-1.7075468301773071,,1.7075468301773071,
1886,15095,,,-1.6905673742294312,,1.6905673742294312,
1887,15099,,,,-1.69209623336792,,1.69209623336792
1887,15103,,,-1.6815341711044312,,1.6815341711044312,
1888,15111,,,-1.7052236795425415,,1.7052236795425415,
1889,15119,,,-1.6712355613708496,,1.6712355613708496,
1890,15127,,,-1.7049260139465332,,1.7049260139465332,
1891,15135,,,-1.7050738334655762,,1.7050738334655762,
1892,15143,,,-1.6961820125579834,,1.6961820125579834,
1893,15149,,,,-1.596435546875,,1.596435546875
1893,15151,,,-1.7243355512619019,,1.7243355512619019,
1894,15159,,,-1.702086091041565,,1.702086091041565,
1895,15167,,,-1.7279798984527588,,1.7279798984527588,
1896,15175,,,-1.726777195930481,,1.726777195930481,
1897,15183,,,-1.700021505355835,,1.700021505355835,
1898,15191,,,-1.6895861625671387,,1.6895861625671387,
1899,15199,,,,-2.162980556488037,,2.162980556488037
1899,15199,,,-1.7314507961273193,,1.7314507961273193,
1900,15207,,,-1.7141309976577759,,1.7141309976577759,
1901,15215,,,-1.7148326635360718,,1.7148326635360718,
1902,15223,,,-1.7003284692764282,,1.7003284692764282,
1903,15231,,,-1.6810595989227295,,1.6810595989227295,
1904,15239,,,-1.7336817979812622,,1.7336817979812622,
1905,15247,,,-1.7083003520965576,,1.7083003520965576,
1906,15249,,,,-2.0331127643585205,,2.0331127643585205
1906,15255,,,-1.711071491241455,,1.711071491241455,
1907,15263,,,-1.688595175743103,,1.688595175743103,
1908,15271,,,-1.7110328674316406,,1.7110328674316406,
1909,15279,,,-1.6946191787719727,,1.6946191787719727,
1910,15287,,,-1.6860554218292236,,1.6860554218292236,
1911,15295,,,-1.735277533531189,,1.735277533531189,
1912,15299,,,,-1.8450465202331543,,1.8450465202331543
1912,15303,,,-1.7275917530059814,,1.7275917530059814,
1913,15311,,,-1.6899806261062622,,1.6899806261062622,
1914,15319,,,-1.7055269479751587,,1.7055269479751587,
1915,15327,,,-1.7030320167541504,,1.7030320167541504,
1916,15335,,,-1.7221266031265259,,1.7221266031265259,
1917,15343,,,-1.7261111736297607,,1.7261111736297607,
1918,15349,,,,-2.0685367584228516,,2.0685367584228516
1918,15351,,,-1.7175577878952026,,1.7175577878952026,
1919,15359,,,-1.7107114791870117,,1.7107114791870117,
1920,15367,,,-1.677834153175354,,1.677834153175354,
1921,15375,,,-1.7073369026184082,,1.7073369026184082,
1922,15383,,,-1.7201281785964966,,1.7201281785964966,
1923,15391,,,-1.6934144496917725,,1.6934144496917725,
1924,15399,,,,-1.9388742446899414,,1.9388742446899414
1924,15399,,,-1.7222388982772827,,1.7222388982772827,
1925,15407,,,-1.7193493843078613,,1.7193493843078613,
1926,15415,,,-1.700545072555542,,1.700545072555542,
1927,15423,,,-1.7553826570510864,,1.7553826570510864,
1928,15431,,,-1.697525978088379,,1.697525978088379,
1929,15439,,,-1.7129310369491577,,1.7129310369491577,
1930,15447,,,-1.7039101123809814,,1.7039101123809814,
1931,15449,,,,-1.8518359661102295,,1.8518359661102295
1931,15455,,,-1.6977334022521973,,1.6977334022521973,
1932,15463,,,-1.7150168418884277,,1.7150168418884277,
1933,15471,,,-1.7269785404205322,,1.7269785404205322,
1934,15479,,,-1.687281847000122,,1.687281847000122,
1935,15487,,,-1.6906521320343018,,1.6906521320343018,
1936,15495,,,-1.6995668411254883,,1.6995668411254883,
1937,15499,,,,-1.787574052810669,,1.787574052810669
1937,15503,,,-1.6870386600494385,,1.6870386600494385,
1938,15511,,,-1.6943858861923218,,1.6943858861923218,
1939,15519,,,-1.735223650932312,,1.735223650932312,
1940,15527,,,-1.7052968740463257,,1.7052968740463257,
1941,15535,,,-1.7113410234451294,,1.7113410234451294,
1942,15543,,,-1.7148396968841553,,1.7148396968841553,
1943,15549,,,,-1.0903198719024658,,1.0903198719024658
1943,15551,,,-1.711255669593811,,1.711255669593811,
1944,15559,,,-1.7376418113708496,,1.7376418113708496,
1945,15567,,,-1.7017990350723267,,1.7017990350723267,
1946,15575,,,-1.6927582025527954,,1.6927582025527954,
1947,15583,,,-1.701632022857666,,1.701632022857666,
1948,15591,,,-1.6939730644226074,,1.6939730644226074,
1949,15599,,,,-1.7621800899505615,,1.7621800899505615
1949,15599,,,-1.7085872888565063,,1.7085872888565063,
1950,15607,,,-1.7081161737442017,,1.7081161737442017,
1951,15615,,,-1.6790716648101807,,1.6790716648101807,
1952,15623,,,-1.7069917917251587,,1.7069917917251587,
1953,15631,,,-1.7115474939346313,,1.7115474939346313,
1954,15639,,,-1.701278567314148,,1.701278567314148,
1955,15647,,,-1.6863738298416138,,1.6863738298416138,
1956,15649,,,,-1.819427251815796,,1.819427251815796
1956,15655,,,-1.708412528038025,,1.708412528038025,
1957,15663,,,-1.7293692827224731,,1.7293692827224731,
1958,15671,,,-1.706761360168457,,1.706761360168457,
1959,15679,,,-1.7289944887161255,,1.7289944887161255,
1960,15687,,,-1.6838246583938599,,1.6838246583938599,
1961,15695,,,-1.70878005027771,,1.70878005027771,
1962,15699,,,,-1.75642991065979,,1.75642991065979
1962,15703,,,-1.7152204513549805,,1.7152204513549805,
1963,15711,,,-1.7005703449249268,,1.7005703449249268,
1964,15719,,,-1.7206722497940063,,1.7206722497940063,
1965,15727,,,-1.7049098014831543,,1.7049098014831543,
1966,15735,,,-1.7064974308013916,,1.7064974308013916,
1967,15743,,,-1.6835172176361084,,1.6835172176361084,
1968,15749,,,,-2.012514114379883,,2.012514114379883
1968,15751,,,-1.738324761390686,,1.738324761390686,
1969,15759,,,-1.7000720500946045,,1.7000720500946045,
1970,15767,,,-1.731054663658142,,1.731054663658142,
1971,15775,,,-1.6963318586349487,,1.6963318586349487,
1972,15783,,,-1.6730412244796753,,1.6730412244796753,
1973,15791,,,-1.7200756072998047,,1.7200756072998047,
1974,15799,,,,-1.9254648685455322,,1.9254648685455322
1974,15799,,,-1.6846574544906616,,1.6846574544906616,
1975,15807,,,-1.7078238725662231,,1.7078238725662231,
1976,15815,,,-1.7058331966400146,,1.7058331966400146,
1977,15823,,,-1.7413361072540283,,1.7413361072540283,
1978,15831,,,-1.723120093345642,,1.723120093345642,
1979,15839,,,-1.7000426054000854,,1.7000426054000854,
1980,15847,,,-1.7142328023910522,,1.7142328023910522,
1981,15849,,,,-1.8729877471923828,,1.8729877471923828
1981,15855,,,-1.7000656127929688,,1.7000656127929688,
1982,15863,,,-1.7033394575119019,,1.7033394575119019,
1983,15871,,,-1.7150352001190186,,1.7150352001190186,
1984,15879,,,-1.6903586387634277,,1.6903586387634277,
1985,15887,,,-1.7064238786697388,,1.7064238786697388,
1986,15895,,,-1.7347685098648071,,1.7347685098648071,
1987,15899,,,,-1.3478827476501465,,1.3478827476501465
1987,15903,,,-1.7053378820419312,,1.7053378820419312,
1988,15911,,,-1.7106508016586304,,1.7106508016586304,
1989,15919,,,-1.7093548774719238,,1.7093548774719238,
1990,15927,,,-1.716310739517212,,1.716310739517212,
1991,15935,,,-1.7171484231948853,,1.7171484231948853,
1992,15943,,,-1.7060598134994507,,1.7060598134994507,
1993,15949,,,,-1.8886218070983887,,1.8886218070983887
1993,15951,,,-1.7091978788375854,,1.7091978788375854,
1994,15959,,,-1.729550838470459,,1.729550838470459,
1995,15967,,,-1.7032541036605835,,1.7032541036605835,
1996,15975,,,-1.7053179740905762,,1.7053179740905762,
1997,15983,,,-1.7244998216629028,,1.7244998216629028,
1998,15991,,,-1.7095304727554321,,1.7095304727554321,
1999,15999,,,,-1.9933509826660156,,1.9933509826660156
1999,15999,,,-1.7453540563583374,,1.7453540563583374,
2000,16000,-1.0706603527069092,1.0706603527069092,,,,
