epoch,step,test_loss,test_renyi_lb,train_loss_epoch,train_loss_step,train_renyi_lb_epoch,train_renyi_lb_step
0,7,,,-0.17301994562149048,,0.17301994562149048,
1,15,,,-0.1986856758594513,,0.1986856758594513,
2,23,,,-0.22574704885482788,,0.22574704885482788,
3,31,,,-0.25319650769233704,,0.25319650769233704,
4,39,,,-0.2802671492099762,,0.2802671492099762,
5,47,,,-0.3074420094490051,,0.3074420094490051,
6,49,,,,-0.3195834159851074,,0.3195834159851074
6,55,,,-0.3329363763332367,,0.3329363763332367,
7,63,,,-0.3586002588272095,,0.3586002588272095,
8,71,,,-0.3843860626220703,,0.3843860626220703,
9,79,,,-0.40499547123908997,,0.40499547123908997,
10,87,,,-0.426089346408844,,0.426089346408844,
11,95,,,-0.4488767683506012,,0.4488767683506012,
12,99,,,,-0.496168851852417,,0.496168851852417
12,103,,,-0.4649713337421417,,0.4649713337421417,
13,111,,,-0.47432655096054077,,0.47432655096054077,
14,119,,,-0.48616865277290344,,0.48616865277290344,
15,127,,,-0.5108879804611206,,0.5108879804611206,
16,135,,,-0.5226739048957825,,0.5226739048957825,
17,143,,,-0.5408720970153809,,0.5408720970153809,
18,149,,,,-0.5693165063858032,,0.5693165063858032
18,151,,,-0.543357253074646,,0.543357253074646,
19,159,,,-0.5670017600059509,,0.5670017600059509,
20,167,,,-0.568499743938446,,0.568499743938446,
21,175,,,-0.5785317420959473,,0.5785317420959473,
22,183,,,-0.5846701264381409,,0.5846701264381409,
23,191,,,-0.6023473739624023,,0.6023473739624023,
24,199,,,,-0.62773597240448,,0.62773597240448
24,199,,,-0.5981603264808655,,0.5981603264808655,
25,207,,,-0.6145293712615967,,0.6145293712615967,
26,215,,,-0.6270955801010132,,0.6270955801010132,
27,223,,,-0.6307210922241211,,0.6307210922241211,
28,231,,,-0.6417497396469116,,0.6417497396469116,
29,239,,,-0.6813603639602661,,0.6813603639602661,
30,247,,,-0.6520516872406006,,0.6520516872406006,
31,249,,,,-1.2567721605300903,,1.2567721605300903
31,255,,,-0.705411434173584,,0.705411434173584,
32,263,,,-0.6696348786354065,,0.6696348786354065,
33,271,,,-0.6972747445106506,,0.6972747445106506,
34,279,,,-0.7169570326805115,,0.7169570326805115,
35,287,,,-0.7082096338272095,,0.7082096338272095,
36,295,,,-0.7285730242729187,,0.7285730242729187,
37,299,,,,-0.337695837020874,,0.337695837020874
37,303,,,-0.7210839986801147,,0.7210839986801147,
38,311,,,-0.7219212651252747,,0.7219212651252747,
39,319,,,-0.7379091382026672,,0.7379091382026672,
40,327,,,-0.767281711101532,,0.767281711101532,
41,335,,,-0.7568885087966919,,0.7568885087966919,
42,343,,,-0.7844542860984802,,0.7844542860984802,
43,349,,,,-0.6844208240509033,,0.6844208240509033
43,351,,,-0.7682656049728394,,0.7682656049728394,
44,359,,,-0.8078744411468506,,0.8078744411468506,
45,367,,,-0.8017368912696838,,0.8017368912696838,
46,375,,,-0.7795145511627197,,0.7795145511627197,
47,383,,,-0.8010910153388977,,0.8010910153388977,
48,391,,,-0.7590051293373108,,0.7590051293373108,
49,399,,,,-0.5675044059753418,,0.5675044059753418
49,399,,,-0.8337012529373169,,0.8337012529373169,
50,407,,,-0.8044580817222595,,0.8044580817222595,
51,415,,,-0.8295478224754333,,0.8295478224754333,
52,423,,,-0.8888882994651794,,0.8888882994651794,
53,431,,,-0.8955805897712708,,0.8955805897712708,
54,439,,,-0.8407824039459229,,0.8407824039459229,
55,447,,,-0.8600731492042542,,0.8600731492042542,
56,449,,,,-0.9415948390960693,,0.9415948390960693
56,455,,,-0.8609082102775574,,0.8609082102775574,
57,463,,,-0.8579952120780945,,0.8579952120780945,
58,471,,,-0.8850719928741455,,0.8850719928741455,
59,479,,,-0.837618350982666,,0.837618350982666,
60,487,,,-0.8954563736915588,,0.8954563736915588,
61,495,,,-0.8718957304954529,,0.8718957304954529,
62,499,,,,-0.4247114658355713,,0.4247114658355713
62,503,,,-0.9297732710838318,,0.9297732710838318,
63,511,,,-0.8902983665466309,,0.8902983665466309,
64,519,,,-0.9021973609924316,,0.9021973609924316,
65,527,,,-0.9121803641319275,,0.9121803641319275,
66,535,,,-0.9142100811004639,,0.9142100811004639,
67,543,,,-0.9423564672470093,,0.9423564672470093,
68,549,,,,-1.10557222366333,,1.10557222366333
68,551,,,-0.9393185377120972,,0.9393185377120972,
69,559,,,-0.9136682748794556,,0.9136682748794556,
70,567,,,-0.9349112510681152,,0.9349112510681152,
71,575,,,-0.9189208745956421,,0.9189208745956421,
72,583,,,-0.9516867995262146,,0.9516867995262146,
73,591,,,-0.8989513516426086,,0.8989513516426086,
74,599,,,,-1.7985107898712158,,1.7985107898712158
74,599,,,-0.9508489370346069,,0.9508489370346069,
75,607,,,-0.9792861342430115,,0.9792861342430115,
76,615,,,-0.8843879103660583,,0.8843879103660583,
77,623,,,-1.0090099573135376,,1.0090099573135376,
78,631,,,-0.9813249111175537,,0.9813249111175537,
79,639,,,-0.9854881763458252,,0.9854881763458252,
80,647,,,-0.950122058391571,,0.950122058391571,
81,649,,,,-0.9862823486328125,,0.9862823486328125
81,655,,,-0.9558572173118591,,0.9558572173118591,
82,663,,,-1.0082793235778809,,1.0082793235778809,
83,671,,,-0.9883126020431519,,0.9883126020431519,
84,679,,,-1.0509554147720337,,1.0509554147720337,
85,687,,,-0.9962322115898132,,0.9962322115898132,
86,695,,,-1.0195903778076172,,1.0195903778076172,
87,699,,,,-0.930217981338501,,0.930217981338501
87,703,,,-0.9701864123344421,,0.9701864123344421,
88,711,,,-1.0555583238601685,,1.0555583238601685,
89,719,,,-1.0929373502731323,,1.0929373502731323,
90,727,,,-1.0266315937042236,,1.0266315937042236,
91,735,,,-1.054640293121338,,1.054640293121338,
92,743,,,-1.0306317806243896,,1.0306317806243896,
93,749,,,,-0.8373723030090332,,0.8373723030090332
93,751,,,-1.1249603033065796,,1.1249603033065796,
94,759,,,-1.0250306129455566,,1.0250306129455566,
95,767,,,-1.0347357988357544,,1.0347357988357544,
96,775,,,-1.0618493556976318,,1.0618493556976318,
97,783,,,-1.1145305633544922,,1.1145305633544922,
98,791,,,-1.1490130424499512,,1.1490130424499512,
99,799,,,,-0.9643828868865967,,0.9643828868865967
99,799,,,-1.0236436128616333,,1.0236436128616333,
100,807,,,-1.0977580547332764,,1.0977580547332764,
101,815,,,-1.1031100749969482,,1.1031100749969482,
102,823,,,-0.9941617250442505,,0.9941617250442505,
103,831,,,-1.1330504417419434,,1.1330504417419434,
104,839,,,-1.0881046056747437,,1.0881046056747437,
105,847,,,-1.1247857809066772,,1.1247857809066772,
106,849,,,,-1.2799818515777588,,1.2799818515777588
106,855,,,-1.0902049541473389,,1.0902049541473389,
107,863,,,-1.125939130783081,,1.125939130783081,
108,871,,,-1.1379051208496094,,1.1379051208496094,
109,879,,,-1.0350688695907593,,1.0350688695907593,
110,887,,,-1.1882236003875732,,1.1882236003875732,
111,895,,,-1.0517886877059937,,1.0517886877059937,
112,899,,,,-1.3152456283569336,,1.3152456283569336
112,903,,,-1.2222397327423096,,1.2222397327423096,
113,911,,,-1.2045437097549438,,1.2045437097549438,
114,919,,,-1.1473544836044312,,1.1473544836044312,
115,927,,,-1.1188092231750488,,1.1188092231750488,
116,935,,,-1.214860439300537,,1.214860439300537,
117,943,,,-1.073720097541809,,1.073720097541809,
118,949,,,,-0.39803361892700195,,0.39803361892700195
118,951,,,-1.194719672203064,,1.194719672203064,
119,959,,,-1.208876371383667,,1.208876371383667,
120,967,,,-1.2454934120178223,,1.2454934120178223,
121,975,,,-1.2098318338394165,,1.2098318338394165,
122,983,,,-1.2217917442321777,,1.2217917442321777,
123,991,,,-1.1715576648712158,,1.1715576648712158,
124,999,,,,0.1480731964111328,,-0.1480731964111328
124,999,,,-1.1975308656692505,,1.1975308656692505,
125,1007,,,-1.230117917060852,,1.230117917060852,
126,1015,,,-1.1973689794540405,,1.1973689794540405,
127,1023,,,-1.241214394569397,,1.241214394569397,
128,1031,,,-1.1348755359649658,,1.1348755359649658,
129,1039,,,-1.3145527839660645,,1.3145527839660645,
130,1047,,,-1.1988574266433716,,1.1988574266433716,
131,1049,,,,-2.426600456237793,,2.426600456237793
131,1055,,,-1.2596226930618286,,1.2596226930618286,
132,1063,,,-1.3064241409301758,,1.3064241409301758,
133,1071,,,-1.2374978065490723,,1.2374978065490723,
134,1079,,,-1.2735986709594727,,1.2735986709594727,
135,1087,,,-1.2662904262542725,,1.2662904262542725,
136,1095,,,-1.2522621154785156,,1.2522621154785156,
137,1099,,,,-0.3773331642150879,,0.3773331642150879
137,1103,,,-1.2938048839569092,,1.2938048839569092,
138,1111,,,-1.303712248802185,,1.303712248802185,
139,1119,,,-1.145064353942871,,1.145064353942871,
140,1127,,,-1.3153847455978394,,1.3153847455978394,
141,1135,,,-1.3081872463226318,,1.3081872463226318,
142,1143,,,-1.2409297227859497,,1.2409297227859497,
143,1149,,,,-0.7262005805969238,,0.7262005805969238
143,1151,,,-1.205605149269104,,1.205605149269104,
144,1159,,,-1.3292503356933594,,1.3292503356933594,
145,1167,,,-1.2859413623809814,,1.2859413623809814,
146,1175,,,-1.309531569480896,,1.309531569480896,
147,1183,,,-1.2917441129684448,,1.2917441129684448,
148,1191,,,-1.1948388814926147,,1.1948388814926147,
149,1199,,,,-1.1304945945739746,,1.1304945945739746
149,1199,,,-1.35332190990448,,1.35332190990448,
150,1207,,,-1.432895302772522,,1.432895302772522,
151,1215,,,-1.3636974096298218,,1.3636974096298218,
152,1223,,,-1.3383262157440186,,1.3383262157440186,
153,1231,,,-1.36564302444458,,1.36564302444458,
154,1239,,,-1.2458816766738892,,1.2458816766738892,
155,1247,,,-1.2838029861450195,,1.2838029861450195,
156,1249,,,,-1.0866243839263916,,1.0866243839263916
156,1255,,,-1.364145040512085,,1.364145040512085,
157,1263,,,-1.3915059566497803,,1.3915059566497803,
158,1271,,,-1.2620793581008911,,1.2620793581008911,
159,1279,,,-1.3488335609436035,,1.3488335609436035,
160,1287,,,-1.3561594486236572,,1.3561594486236572,
161,1295,,,-1.3665263652801514,,1.3665263652801514,
162,1299,,,,-2.751361608505249,,2.751361608505249
162,1303,,,-1.374332308769226,,1.374332308769226,
163,1311,,,-1.3115484714508057,,1.3115484714508057,
164,1319,,,-1.424991250038147,,1.424991250038147,
165,1327,,,-1.4194560050964355,,1.4194560050964355,
166,1335,,,-1.4352360963821411,,1.4352360963821411,
167,1343,,,-1.3470162153244019,,1.3470162153244019,
168,1349,,,,-1.4465126991271973,,1.4465126991271973
168,1351,,,-1.4131234884262085,,1.4131234884262085,
169,1359,,,-1.351707935333252,,1.351707935333252,
170,1367,,,-1.3039228916168213,,1.3039228916168213,
171,1375,,,-1.3108501434326172,,1.3108501434326172,
172,1383,,,-1.250567078590393,,1.250567078590393,
173,1391,,,-1.3545761108398438,,1.3545761108398438,
174,1399,,,,-1.3933520317077637,,1.3933520317077637
174,1399,,,-1.4381943941116333,,1.4381943941116333,
175,1407,,,-1.3876880407333374,,1.3876880407333374,
176,1415,,,-1.3952590227127075,,1.3952590227127075,
177,1423,,,-1.3474336862564087,,1.3474336862564087,
178,1431,,,-1.4728922843933105,,1.4728922843933105,
179,1439,,,-1.4271825551986694,,1.4271825551986694,
180,1447,,,-1.3867422342300415,,1.3867422342300415,
181,1449,,,,-1.3954739570617676,,1.3954739570617676
181,1455,,,-1.5791572332382202,,1.5791572332382202,
182,1463,,,-1.458392858505249,,1.458392858505249,
183,1471,,,-1.4004913568496704,,1.4004913568496704,
184,1479,,,-1.3878250122070312,,1.3878250122070312,
185,1487,,,-1.423227071762085,,1.423227071762085,
186,1495,,,-1.5576368570327759,,1.5576368570327759,
187,1499,,,,-2.6985325813293457,,2.6985325813293457
187,1503,,,-1.4125224351882935,,1.4125224351882935,
188,1511,,,-1.46915864944458,,1.46915864944458,
189,1519,,,-1.4252063035964966,,1.4252063035964966,
190,1527,,,-1.4476373195648193,,1.4476373195648193,
191,1535,,,-1.4379035234451294,,1.4379035234451294,
192,1543,,,-1.399608850479126,,1.399608850479126,
193,1549,,,,-0.9214529991149902,,0.9214529991149902
193,1551,,,-1.4832388162612915,,1.4832388162612915,
194,1559,,,-1.585288405418396,,1.585288405418396,
195,1567,,,-1.4519548416137695,,1.4519548416137695,
196,1575,,,-1.5057604312896729,,1.5057604312896729,
197,1583,,,-1.4756206274032593,,1.4756206274032593,
198,1591,,,-1.509108066558838,,1.509108066558838,
199,1599,,,,-1.242577075958252,,1.242577075958252
199,1599,,,-1.5572786331176758,,1.5572786331176758,
200,1607,,,-1.6268221139907837,,1.6268221139907837,
201,1615,,,-1.4681634902954102,,1.4681634902954102,
202,1623,,,-1.5583726167678833,,1.5583726167678833,
203,1631,,,-1.4521723985671997,,1.4521723985671997,
204,1639,,,-1.6263139247894287,,1.6263139247894287,
205,1647,,,-1.5430666208267212,,1.5430666208267212,
206,1649,,,,-0.48532629013061523,,0.48532629013061523
206,1655,,,-1.5836845636367798,,1.5836845636367798,
207,1663,,,-1.4855420589447021,,1.4855420589447021,
208,1671,,,-1.3414337635040283,,1.3414337635040283,
209,1679,,,-1.5916341543197632,,1.5916341543197632,
210,1687,,,-1.4978150129318237,,1.4978150129318237,
211,1695,,,-1.4751474857330322,,1.4751474857330322,
212,1699,,,,-1.940910816192627,,1.940910816192627
212,1703,,,-1.6267319917678833,,1.6267319917678833,
213,1711,,,-1.4870229959487915,,1.4870229959487915,
214,1719,,,-1.45208740234375,,1.45208740234375,
215,1727,,,-1.577044129371643,,1.577044129371643,
216,1735,,,-1.5327805280685425,,1.5327805280685425,
217,1743,,,-1.446223497390747,,1.446223497390747,
218,1749,,,,-1.439077377319336,,1.439077377319336
218,1751,,,-1.495257019996643,,1.495257019996643,
219,1759,,,-1.525634527206421,,1.525634527206421,
220,1767,,,-1.6464121341705322,,1.6464121341705322,
221,1775,,,-1.5361242294311523,,1.5361242294311523,
222,1783,,,-1.534793496131897,,1.534793496131897,
223,1791,,,-1.4781864881515503,,1.4781864881515503,
224,1799,,,,-0.4844989776611328,,0.4844989776611328
224,1799,,,-1.615920901298523,,1.615920901298523,
225,1807,,,-1.5795974731445312,,1.5795974731445312,
226,1815,,,-1.4127060174942017,,1.4127060174942017,
227,1823,,,-1.544821858406067,,1.544821858406067,
228,1831,,,-1.5753602981567383,,1.5753602981567383,
229,1839,,,-1.68366539478302,,1.68366539478302,
230,1847,,,-1.664196252822876,,1.664196252822876,
231,1849,,,,-1.468693733215332,,1.468693733215332
231,1855,,,-1.7722550630569458,,1.7722550630569458,
232,1863,,,-1.6243056058883667,,1.6243056058883667,
233,1871,,,-1.6567496061325073,,1.6567496061325073,
234,1879,,,-1.6391552686691284,,1.6391552686691284,
235,1887,,,-1.641649842262268,,1.641649842262268,
236,1895,,,-1.706457257270813,,1.706457257270813,
237,1899,,,,-2.176039218902588,,2.176039218902588
237,1903,,,-1.5647072792053223,,1.5647072792053223,
238,1911,,,-1.6400272846221924,,1.6400272846221924,
239,1919,,,-1.5295072793960571,,1.5295072793960571,
240,1927,,,-1.6749898195266724,,1.6749898195266724,
241,1935,,,-1.6872907876968384,,1.6872907876968384,
242,1943,,,-1.5332067012786865,,1.5332067012786865,
243,1949,,,,-2.5425777435302734,,2.5425777435302734
243,1951,,,-1.6946042776107788,,1.6946042776107788,
244,1959,,,-1.7552039623260498,,1.7552039623260498,
245,1967,,,-1.667554497718811,,1.667554497718811,
246,1975,,,-1.7110657691955566,,1.7110657691955566,
247,1983,,,-1.649412751197815,,1.649412751197815,
248,1991,,,-1.6701443195343018,,1.6701443195343018,
249,1999,,,,-2.1131649017333984,,2.1131649017333984
249,1999,,,-1.534560203552246,,1.534560203552246,
250,2007,,,-1.6220321655273438,,1.6220321655273438,
251,2015,,,-1.6297026872634888,,1.6297026872634888,
252,2023,,,-1.559555172920227,,1.559555172920227,
253,2031,,,-1.7090330123901367,,1.7090330123901367,
254,2039,,,-1.65958571434021,,1.65958571434021,
255,2047,,,-1.414562702178955,,1.414562702178955,
256,2049,,,,-2.0458922386169434,,2.0458922386169434
256,2055,,,-1.7217724323272705,,1.7217724323272705,
257,2063,,,-1.6379319429397583,,1.6379319429397583,
258,2071,,,-1.6609396934509277,,1.6609396934509277,
259,2079,,,-1.7076892852783203,,1.7076892852783203,
260,2087,,,-1.7337520122528076,,1.7337520122528076,
261,2095,,,-1.7219828367233276,,1.7219828367233276,
262,2099,,,,-1.3771357536315918,,1.3771357536315918
262,2103,,,-1.7482267618179321,,1.7482267618179321,
263,2111,,,-1.6886215209960938,,1.6886215209960938,
264,2119,,,-1.7586003541946411,,1.7586003541946411,
265,2127,,,-1.8744250535964966,,1.8744250535964966,
266,2135,,,-1.6758195161819458,,1.6758195161819458,
267,2143,,,-1.6485435962677002,,1.6485435962677002,
268,2149,,,,-1.4265341758728027,,1.4265341758728027
268,2151,,,-1.7254972457885742,,1.7254972457885742,
269,2159,,,-1.7849748134613037,,1.7849748134613037,
270,2167,,,-1.9124449491500854,,1.9124449491500854,
271,2175,,,-1.822009563446045,,1.822009563446045,
272,2183,,,-1.933681607246399,,1.933681607246399,
273,2191,,,-1.6609054803848267,,1.6609054803848267,
274,2199,,,,-2.1341872215270996,,2.1341872215270996
274,2199,,,-1.6851986646652222,,1.6851986646652222,
275,2207,,,-1.7012434005737305,,1.7012434005737305,
276,2215,,,-1.6918634176254272,,1.6918634176254272,
277,2223,,,-1.7972091436386108,,1.7972091436386108,
278,2231,,,-1.7332286834716797,,1.7332286834716797,
279,2239,,,-1.647787094116211,,1.647787094116211,
280,2247,,,-1.7640482187271118,,1.7640482187271118,
281,2249,,,,-1.0322370529174805,,1.0322370529174805
281,2255,,,-1.793122410774231,,1.793122410774231,
282,2263,,,-1.8251827955245972,,1.8251827955245972,
283,2271,,,-1.8607536554336548,,1.8607536554336548,
284,2279,,,-1.6979732513427734,,1.6979732513427734,
285,2287,,,-1.7210583686828613,,1.7210583686828613,
286,2295,,,-1.7711619138717651,,1.7711619138717651,
287,2299,,,,-1.596583366394043,,1.596583366394043
287,2303,,,-1.7271379232406616,,1.7271379232406616,
288,2311,,,-1.8696659803390503,,1.8696659803390503,
289,2319,,,-1.8427664041519165,,1.8427664041519165,
290,2327,,,-1.7552833557128906,,1.7552833557128906,
291,2335,,,-1.8470128774642944,,1.8470128774642944,
292,2343,,,-1.8929800987243652,,1.8929800987243652,
293,2349,,,,-0.6588325500488281,,0.6588325500488281
293,2351,,,-1.7647194862365723,,1.7647194862365723,
294,2359,,,-1.8108386993408203,,1.8108386993408203,
295,2367,,,-1.8795056343078613,,1.8795056343078613,
296,2375,,,-1.880655288696289,,1.880655288696289,
297,2383,,,-1.7587027549743652,,1.7587027549743652,
298,2391,,,-1.7767207622528076,,1.7767207622528076,
299,2399,,,,-1.4262480735778809,,1.4262480735778809
299,2399,,,-1.7896603345870972,,1.7896603345870972,
300,2407,,,-1.8074421882629395,,1.8074421882629395,
301,2415,,,-1.8320707082748413,,1.8320707082748413,
302,2423,,,-1.8036808967590332,,1.8036808967590332,
303,2431,,,-1.99900484085083,,1.99900484085083,
304,2439,,,-1.8212995529174805,,1.8212995529174805,
305,2447,,,-1.7966749668121338,,1.7966749668121338,
306,2449,,,,-2.060157299041748,,2.060157299041748
306,2455,,,-1.8327863216400146,,1.8327863216400146,
307,2463,,,-1.858136773109436,,1.858136773109436,
308,2471,,,-1.8785419464111328,,1.8785419464111328,
309,2479,,,-1.8400992155075073,,1.8400992155075073,
310,2487,,,-1.8511738777160645,,1.8511738777160645,
311,2495,,,-1.8413217067718506,,1.8413217067718506,
312,2499,,,,-2.608501434326172,,2.608501434326172
312,2503,,,-1.8709633350372314,,1.8709633350372314,
313,2511,,,-1.8739205598831177,,1.8739205598831177,
314,2519,,,-1.8490076065063477,,1.8490076065063477,
315,2527,,,-1.766446828842163,,1.766446828842163,
316,2535,,,-1.9229644536972046,,1.9229644536972046,
317,2543,,,-1.8873568773269653,,1.8873568773269653,
318,2549,,,,-1.6698408126831055,,1.6698408126831055
318,2551,,,-1.759021282196045,,1.759021282196045,
319,2559,,,-1.7380691766738892,,1.7380691766738892,
320,2567,,,-1.775957465171814,,1.775957465171814,
321,2575,,,-2.004298448562622,,2.004298448562622,
322,2583,,,-1.8916569948196411,,1.8916569948196411,
323,2591,,,-1.752240777015686,,1.752240777015686,
324,2599,,,,-3.4387030601501465,,3.4387030601501465
324,2599,,,-2.020723342895508,,2.020723342895508,
325,2607,,,-2.0358481407165527,,2.0358481407165527,
326,2615,,,-2.0627715587615967,,2.0627715587615967,
327,2623,,,-1.7943007946014404,,1.7943007946014404,
328,2631,,,-2.0519330501556396,,2.0519330501556396,
329,2639,,,-2.0743954181671143,,2.0743954181671143,
330,2647,,,-1.92841637134552,,1.92841637134552,
331,2649,,,,-1.9549455642700195,,1.9549455642700195
331,2655,,,-1.84228515625,,1.84228515625,
332,2663,,,-1.9089003801345825,,1.9089003801345825,
333,2671,,,-1.823620080947876,,1.823620080947876,
334,2679,,,-2.001183032989502,,2.001183032989502,
335,2687,,,-2.024991512298584,,2.024991512298584,
336,2695,,,-2.053804636001587,,2.053804636001587,
337,2699,,,,-2.9310994148254395,,2.9310994148254395
337,2703,,,-1.9562103748321533,,1.9562103748321533,
338,2711,,,-1.9937223196029663,,1.9937223196029663,
339,2719,,,-2.0368494987487793,,2.0368494987487793,
340,2727,,,-2.0253028869628906,,2.0253028869628906,
341,2735,,,-2.047758102416992,,2.047758102416992,
342,2743,,,-2.012420177459717,,2.012420177459717,
343,2749,,,,-3.3844008445739746,,3.3844008445739746
343,2751,,,-1.9560859203338623,,1.9560859203338623,
344,2759,,,-2.1546993255615234,,2.1546993255615234,
345,2767,,,-1.9002822637557983,,1.9002822637557983,
346,2775,,,-1.8020527362823486,,1.8020527362823486,
347,2783,,,-2.152341365814209,,2.152341365814209,
348,2791,,,-1.99832284450531,,1.99832284450531,
349,2799,,,,-1.713365077972412,,1.713365077972412
349,2799,,,-2.0813395977020264,,2.0813395977020264,
350,2807,,,-1.9613744020462036,,1.9613744020462036,
351,2815,,,-2.0216729640960693,,2.0216729640960693,
352,2823,,,-1.689279317855835,,1.689279317855835,
353,2831,,,-1.870129108428955,,1.870129108428955,
354,2839,,,-2.109417676925659,,2.109417676925659,
355,2847,,,-2.180227518081665,,2.180227518081665,
356,2849,,,,-0.8994717597961426,,0.8994717597961426
356,2855,,,-1.9827834367752075,,1.9827834367752075,
357,2863,,,-1.8708504438400269,,1.8708504438400269,
358,2871,,,-1.8411760330200195,,1.8411760330200195,
359,2879,,,-2.001875162124634,,2.001875162124634,
360,2887,,,-2.0525851249694824,,2.0525851249694824,
361,2895,,,-2.0483949184417725,,2.0483949184417725,
362,2899,,,,-0.9383749961853027,,0.9383749961853027
362,2903,,,-1.943781852722168,,1.943781852722168,
363,2911,,,-2.1123390197753906,,2.1123390197753906,
364,2919,,,-2.119155168533325,,2.119155168533325,
365,2927,,,-1.8588005304336548,,1.8588005304336548,
366,2935,,,-2.0161893367767334,,2.0161893367767334,
367,2943,,,-1.9495069980621338,,1.9495069980621338,
368,2949,,,,-2.671257972717285,,2.671257972717285
368,2951,,,-1.9901114702224731,,1.9901114702224731,
369,2959,,,-1.9445843696594238,,1.9445843696594238,
370,2967,,,-2.065185070037842,,2.065185070037842,
371,2975,,,-2.187426805496216,,2.187426805496216,
372,2983,,,-2.1929030418395996,,2.1929030418395996,
373,2991,,,-2.066787004470825,,2.066787004470825,
374,2999,,,,-2.421377658843994,,2.421377658843994
374,2999,,,-2.0508155822753906,,2.0508155822753906,
375,3007,,,-1.930476188659668,,1.930476188659668,
376,3015,,,-2.087324380874634,,2.087324380874634,
377,3023,,,-1.9884473085403442,,1.9884473085403442,
378,3031,,,-2.1576521396636963,,2.1576521396636963,
379,3039,,,-2.282435178756714,,2.282435178756714,
380,3047,,,-2.011089563369751,,2.011089563369751,
381,3049,,,,-3.6278176307678223,,3.6278176307678223
381,3055,,,-1.971929907798767,,1.971929907798767,
382,3063,,,-2.0067617893218994,,2.0067617893218994,
383,3071,,,-2.0011708736419678,,2.0011708736419678,
384,3079,,,-2.179680585861206,,2.179680585861206,
385,3087,,,-2.156339168548584,,2.156339168548584,
386,3095,,,-2.130112648010254,,2.130112648010254,
387,3099,,,,-4.108275413513184,,4.108275413513184
387,3103,,,-2.1643030643463135,,2.1643030643463135,
388,3111,,,-2.099757671356201,,2.099757671356201,
389,3119,,,-2.1776797771453857,,2.1776797771453857,
390,3127,,,-2.1635327339172363,,2.1635327339172363,
391,3135,,,-2.321549415588379,,2.321549415588379,
392,3143,,,-2.090552568435669,,2.090552568435669,
393,3149,,,,-1.832221508026123,,1.832221508026123
393,3151,,,-2.1173770427703857,,2.1173770427703857,
394,3159,,,-2.353961229324341,,2.353961229324341,
395,3167,,,-2.30999493598938,,2.30999493598938,
396,3175,,,-2.0922458171844482,,2.0922458171844482,
397,3183,,,-2.14874529838562,,2.14874529838562,
398,3191,,,-2.1575100421905518,,2.1575100421905518,
399,3199,,,,-2.486910820007324,,2.486910820007324
399,3199,,,-2.090644121170044,,2.090644121170044,
400,3207,,,-2.162656545639038,,2.162656545639038,
401,3215,,,-2.1408944129943848,,2.1408944129943848,
402,3223,,,-2.01230788230896,,2.01230788230896,
403,3231,,,-1.972219705581665,,1.972219705581665,
404,3239,,,-2.2321128845214844,,2.2321128845214844,
405,3247,,,-2.264085531234741,,2.264085531234741,
406,3249,,,,-2.271523952484131,,2.271523952484131
406,3255,,,-2.1400868892669678,,2.1400868892669678,
407,3263,,,-2.1730263233184814,,2.1730263233184814,
408,3271,,,-2.128326654434204,,2.128326654434204,
409,3279,,,-2.144152879714966,,2.144152879714966,
410,3287,,,-2.2252345085144043,,2.2252345085144043,
411,3295,,,-2.156217336654663,,2.156217336654663,
412,3299,,,,-1.826056957244873,,1.826056957244873
412,3303,,,-2.312112808227539,,2.312112808227539,
413,3311,,,-2.226219415664673,,2.226219415664673,
414,3319,,,-2.212599992752075,,2.212599992752075,
415,3327,,,-2.1989076137542725,,2.1989076137542725,
416,3335,,,-2.030512809753418,,2.030512809753418,
417,3343,,,-2.351191759109497,,2.351191759109497,
418,3349,,,,-1.6204209327697754,,1.6204209327697754
418,3351,,,-2.310533285140991,,2.310533285140991,
419,3359,,,-2.074462890625,,2.074462890625,
420,3367,,,-2.2121241092681885,,2.2121241092681885,
421,3375,,,-2.0376088619232178,,2.0376088619232178,
422,3383,,,-2.408076524734497,,2.408076524734497,
423,3391,,,-2.3629956245422363,,2.3629956245422363,
424,3399,,,,-1.2565975189208984,,1.2565975189208984
424,3399,,,-2.321746587753296,,2.321746587753296,
425,3407,,,-2.276630401611328,,2.276630401611328,
426,3415,,,-2.374523401260376,,2.374523401260376,
427,3423,,,-2.388383150100708,,2.388383150100708,
428,3431,,,-2.0749611854553223,,2.0749611854553223,
429,3439,,,-2.2824339866638184,,2.2824339866638184,
430,3447,,,-2.1946654319763184,,2.1946654319763184,
431,3449,,,,-3.0161290168762207,,3.0161290168762207
431,3455,,,-2.047149419784546,,2.047149419784546,
432,3463,,,-2.360567569732666,,2.360567569732666,
433,3471,,,-2.2323412895202637,,2.2323412895202637,
434,3479,,,-2.3599889278411865,,2.3599889278411865,
435,3487,,,-2.2530152797698975,,2.2530152797698975,
436,3495,,,-2.410844564437866,,2.410844564437866,
437,3499,,,,-3.052356719970703,,3.052356719970703
437,3503,,,-2.19398832321167,,2.19398832321167,
438,3511,,,-2.344404935836792,,2.344404935836792,
439,3519,,,-2.2340898513793945,,2.2340898513793945,
440,3527,,,-2.2376577854156494,,2.2376577854156494,
441,3535,,,-2.3322668075561523,,2.3322668075561523,
442,3543,,,-2.198745012283325,,2.198745012283325,
443,3549,,,,-1.508314609527588,,1.508314609527588
443,3551,,,-2.351151704788208,,2.351151704788208,
444,3559,,,-2.260103702545166,,2.260103702545166,
445,3567,,,-2.4147839546203613,,2.4147839546203613,
446,3575,,,-2.363692045211792,,2.363692045211792,
447,3583,,,-2.234649896621704,,2.234649896621704,
448,3591,,,-2.409029960632324,,2.409029960632324,
449,3599,,,,-1.496842861175537,,1.496842861175537
449,3599,,,-2.1633923053741455,,2.1633923053741455,
450,3607,,,-2.300405263900757,,2.300405263900757,
451,3615,,,-2.3348162174224854,,2.3348162174224854,
452,3623,,,-2.429839849472046,,2.429839849472046,
453,3631,,,-2.4150826930999756,,2.4150826930999756,
454,3639,,,-2.3162355422973633,,2.3162355422973633,
455,3647,,,-2.4476051330566406,,2.4476051330566406,
456,3649,,,,-2.7133679389953613,,2.7133679389953613
456,3655,,,-2.3401570320129395,,2.3401570320129395,
457,3663,,,-2.185931444168091,,2.185931444168091,
458,3671,,,-2.307034969329834,,2.307034969329834,
459,3679,,,-2.5132551193237305,,2.5132551193237305,
460,3687,,,-2.4035191535949707,,2.4035191535949707,
461,3695,,,-2.2409496307373047,,2.2409496307373047,
462,3699,,,,-1.7069478034973145,,1.7069478034973145
462,3703,,,-2.470276117324829,,2.470276117324829,
463,3711,,,-2.288872241973877,,2.288872241973877,
464,3719,,,-2.364802360534668,,2.364802360534668,
465,3727,,,-2.374586343765259,,2.374586343765259,
466,3735,,,-2.1977479457855225,,2.1977479457855225,
467,3743,,,-2.501044273376465,,2.501044273376465,
468,3749,,,,-3.2029314041137695,,3.2029314041137695
468,3751,,,-2.2930686473846436,,2.2930686473846436,
469,3759,,,-2.42631196975708,,2.42631196975708,
470,3767,,,-2.5076632499694824,,2.5076632499694824,
471,3775,,,-2.7184793949127197,,2.7184793949127197,
472,3783,,,-2.305797576904297,,2.305797576904297,
473,3791,,,-2.4158661365509033,,2.4158661365509033,
474,3799,,,,-1.9938726425170898,,1.9938726425170898
474,3799,,,-2.5072667598724365,,2.5072667598724365,
475,3807,,,-2.314260244369507,,2.314260244369507,
476,3815,,,-2.2158596515655518,,2.2158596515655518,
477,3823,,,-2.46655535697937,,2.46655535697937,
478,3831,,,-2.4235081672668457,,2.4235081672668457,
479,3839,,,-2.670841932296753,,2.670841932296753,
480,3847,,,-2.3276729583740234,,2.3276729583740234,
481,3849,,,,-2.9797186851501465,,2.9797186851501465
481,3855,,,-2.4230904579162598,,2.4230904579162598,
482,3863,,,-2.515565872192383,,2.515565872192383,
483,3871,,,-2.566408395767212,,2.566408395767212,
484,3879,,,-2.6167218685150146,,2.6167218685150146,
485,3887,,,-2.3892648220062256,,2.3892648220062256,
486,3895,,,-2.47570538520813,,2.47570538520813,
487,3899,,,,-2.5956239700317383,,2.5956239700317383
487,3903,,,-2.4141597747802734,,2.4141597747802734,
488,3911,,,-2.4877350330352783,,2.4877350330352783,
489,3919,,,-2.6407907009124756,,2.6407907009124756,
490,3927,,,-2.3000123500823975,,2.3000123500823975,
491,3935,,,-2.4073562622070312,,2.4073562622070312,
492,3943,,,-2.7781097888946533,,2.7781097888946533,
493,3949,,,,-2.4577760696411133,,2.4577760696411133
493,3951,,,-2.3743340969085693,,2.3743340969085693,
494,3959,,,-2.650387763977051,,2.650387763977051,
495,3967,,,-2.477663040161133,,2.477663040161133,
496,3975,,,-2.5801944732666016,,2.5801944732666016,
497,3983,,,-2.667435884475708,,2.667435884475708,
498,3991,,,-2.5982749462127686,,2.5982749462127686,
499,3999,,,,-3.492570400238037,,3.492570400238037
499,3999,,,-2.6075010299682617,,2.6075010299682617,
500,4007,,,-2.443138360977173,,2.443138360977173,
501,4015,,,-2.3017547130584717,,2.3017547130584717,
502,4023,,,-2.3471996784210205,,2.3471996784210205,
503,4031,,,-2.46356201171875,,2.46356201171875,
504,4039,,,-2.5403430461883545,,2.5403430461883545,
505,4047,,,-2.617621898651123,,2.617621898651123,
506,4049,,,,-2.903334617614746,,2.903334617614746
506,4055,,,-2.561673164367676,,2.561673164367676,
507,4063,,,-2.502779006958008,,2.502779006958008,
508,4071,,,-2.442901134490967,,2.442901134490967,
509,4079,,,-2.527975082397461,,2.527975082397461,
510,4087,,,-2.2430262565612793,,2.2430262565612793,
511,4095,,,-2.8134090900421143,,2.8134090900421143,
512,4099,,,,-3.552306652069092,,3.552306652069092
512,4103,,,-2.5688891410827637,,2.5688891410827637,
513,4111,,,-2.616225242614746,,2.616225242614746,
514,4119,,,-2.702147960662842,,2.702147960662842,
515,4127,,,-2.548130989074707,,2.548130989074707,
516,4135,,,-2.569582223892212,,2.569582223892212,
517,4143,,,-2.381649971008301,,2.381649971008301,
518,4149,,,,-2.4242067337036133,,2.4242067337036133
518,4151,,,-2.6661150455474854,,2.6661150455474854,
519,4159,,,-2.5884454250335693,,2.5884454250335693,
520,4167,,,-2.934363603591919,,2.934363603591919,
521,4175,,,-2.583113193511963,,2.583113193511963,
522,4183,,,-2.586188793182373,,2.586188793182373,
523,4191,,,-2.8295111656188965,,2.8295111656188965,
524,4199,,,,-0.9911928176879883,,0.9911928176879883
524,4199,,,-2.3389430046081543,,2.3389430046081543,
525,4207,,,-2.72727632522583,,2.72727632522583,
526,4215,,,-2.6781387329101562,,2.6781387329101562,
527,4223,,,-2.5705878734588623,,2.5705878734588623,
528,4231,,,-2.5083045959472656,,2.5083045959472656,
529,4239,,,-2.6067636013031006,,2.6067636013031006,
530,4247,,,-2.661761999130249,,2.661761999130249,
531,4249,,,,-1.622269630432129,,1.622269630432129
531,4255,,,-2.7913577556610107,,2.7913577556610107,
532,4263,,,-2.5419845581054688,,2.5419845581054688,
533,4271,,,-2.714444160461426,,2.714444160461426,
534,4279,,,-2.5142621994018555,,2.5142621994018555,
535,4287,,,-2.7584073543548584,,2.7584073543548584,
536,4295,,,-2.781515121459961,,2.781515121459961,
537,4299,,,,-2.761443614959717,,2.761443614959717
537,4303,,,-2.593679666519165,,2.593679666519165,
538,4311,,,-2.868680953979492,,2.868680953979492,
539,4319,,,-2.644129991531372,,2.644129991531372,
540,4327,,,-2.532536268234253,,2.532536268234253,
541,4335,,,-2.668670177459717,,2.668670177459717,
542,4343,,,-2.752206563949585,,2.752206563949585,
543,4349,,,,-1.2547903060913086,,1.2547903060913086
543,4351,,,-2.6208536624908447,,2.6208536624908447,
544,4359,,,-2.7725729942321777,,2.7725729942321777,
545,4367,,,-2.640552043914795,,2.640552043914795,
546,4375,,,-2.741826057434082,,2.741826057434082,
547,4383,,,-2.687532663345337,,2.687532663345337,
548,4391,,,-2.8027148246765137,,2.8027148246765137,
549,4399,,,,-5.370334625244141,,5.370334625244141
549,4399,,,-2.494823932647705,,2.494823932647705,
550,4407,,,-2.4121646881103516,,2.4121646881103516,
551,4415,,,-2.596466064453125,,2.596466064453125,
552,4423,,,-2.628329038619995,,2.628329038619995,
553,4431,,,-2.7553815841674805,,2.7553815841674805,
554,4439,,,-2.8036625385284424,,2.8036625385284424,
555,4447,,,-2.635695219039917,,2.635695219039917,
556,4449,,,,-2.983095169067383,,2.983095169067383
556,4455,,,-2.635876178741455,,2.635876178741455,
557,4463,,,-2.8406670093536377,,2.8406670093536377,
558,4471,,,-2.7100586891174316,,2.7100586891174316,
559,4479,,,-2.9332633018493652,,2.9332633018493652,
560,4487,,,-2.652642250061035,,2.652642250061035,
561,4495,,,-2.4687860012054443,,2.4687860012054443,
562,4499,,,,-1.1594085693359375,,1.1594085693359375
562,4503,,,-2.8481297492980957,,2.8481297492980957,
563,4511,,,-2.8654582500457764,,2.8654582500457764,
564,4519,,,-2.805104970932007,,2.805104970932007,
565,4527,,,-2.8129281997680664,,2.8129281997680664,
566,4535,,,-2.7311930656433105,,2.7311930656433105,
567,4543,,,-2.9758570194244385,,2.9758570194244385,
568,4549,,,,-3.4590330123901367,,3.4590330123901367
568,4551,,,-2.739718198776245,,2.739718198776245,
569,4559,,,-2.6480374336242676,,2.6480374336242676,
570,4567,,,-2.9736099243164062,,2.9736099243164062,
571,4575,,,-2.757659435272217,,2.757659435272217,
572,4583,,,-2.635279655456543,,2.635279655456543,
573,4591,,,-2.8458240032196045,,2.8458240032196045,
574,4599,,,,-1.322113037109375,,1.322113037109375
574,4599,,,-2.823054790496826,,2.823054790496826,
575,4607,,,-2.9883182048797607,,2.9883182048797607,
576,4615,,,-2.7661914825439453,,2.7661914825439453,
577,4623,,,-2.8485965728759766,,2.8485965728759766,
578,4631,,,-2.7304842472076416,,2.7304842472076416,
579,4639,,,-2.8958890438079834,,2.8958890438079834,
580,4647,,,-2.685724973678589,,2.685724973678589,
581,4649,,,,-2.183680534362793,,2.183680534362793
581,4655,,,-2.5609545707702637,,2.5609545707702637,
582,4663,,,-3.145148515701294,,3.145148515701294,
583,4671,,,-2.8109169006347656,,2.8109169006347656,
584,4679,,,-3.060089111328125,,3.060089111328125,
585,4687,,,-2.625476598739624,,2.625476598739624,
586,4695,,,-2.907801866531372,,2.907801866531372,
587,4699,,,,-3.051253318786621,,3.051253318786621
587,4703,,,-3.214928150177002,,3.214928150177002,
588,4711,,,-2.939927577972412,,2.939927577972412,
589,4719,,,-2.6538970470428467,,2.6538970470428467,
590,4727,,,-2.5102641582489014,,2.5102641582489014,
591,4735,,,-2.7232859134674072,,2.7232859134674072,
592,4743,,,-2.9058940410614014,,2.9058940410614014,
593,4749,,,,-3.023196220397949,,3.023196220397949
593,4751,,,-2.8555610179901123,,2.8555610179901123,
594,4759,,,-2.7447257041931152,,2.7447257041931152,
595,4767,,,-2.7707700729370117,,2.7707700729370117,
596,4775,,,-3.0631659030914307,,3.0631659030914307,
597,4783,,,-3.0332987308502197,,3.0332987308502197,
598,4791,,,-2.9674246311187744,,2.9674246311187744,
599,4799,,,,-1.937307357788086,,1.937307357788086
599,4799,,,-2.7587482929229736,,2.7587482929229736,
600,4807,,,-2.9206364154815674,,2.9206364154815674,
601,4815,,,-2.864060878753662,,2.864060878753662,
602,4823,,,-2.8200507164001465,,2.8200507164001465,
603,4831,,,-3.062162399291992,,3.062162399291992,
604,4839,,,-3.0729281902313232,,3.0729281902313232,
605,4847,,,-2.9341118335723877,,2.9341118335723877,
606,4849,,,,-3.6134204864501953,,3.6134204864501953
606,4855,,,-2.80322265625,,2.80322265625,
607,4863,,,-2.896682024002075,,2.896682024002075,
608,4871,,,-2.8597018718719482,,2.8597018718719482,
609,4879,,,-2.9321978092193604,,2.9321978092193604,
610,4887,,,-2.9371981620788574,,2.9371981620788574,
611,4895,,,-2.8352701663970947,,2.8352701663970947,
612,4899,,,,-2.0201902389526367,,2.0201902389526367
612,4903,,,-2.6338086128234863,,2.6338086128234863,
613,4911,,,-3.018561601638794,,3.018561601638794,
614,4919,,,-2.9249415397644043,,2.9249415397644043,
615,4927,,,-3.140289306640625,,3.140289306640625,
616,4935,,,-2.8103506565093994,,2.8103506565093994,
617,4943,,,-2.7462410926818848,,2.7462410926818848,
618,4949,,,,-3.130575180053711,,3.130575180053711
618,4951,,,-3.1032845973968506,,3.1032845973968506,
619,4959,,,-2.711798906326294,,2.711798906326294,
620,4967,,,-2.829130172729492,,2.829130172729492,
621,4975,,,-2.795257806777954,,2.795257806777954,
622,4983,,,-2.951479196548462,,2.951479196548462,
623,4991,,,-2.975633382797241,,2.975633382797241,
624,4999,,,,-2.1493005752563477,,2.1493005752563477
624,4999,,,-2.995938777923584,,2.995938777923584,
625,5007,,,-2.899794340133667,,2.899794340133667,
626,5015,,,-2.9937069416046143,,2.9937069416046143,
627,5023,,,-3.012714147567749,,3.012714147567749,
628,5031,,,-2.8393990993499756,,2.8393990993499756,
629,5039,,,-2.9033923149108887,,2.9033923149108887,
630,5047,,,-3.052155017852783,,3.052155017852783,
631,5049,,,,-3.545496940612793,,3.545496940612793
631,5055,,,-2.91154408454895,,2.91154408454895,
632,5063,,,-2.8073668479919434,,2.8073668479919434,
633,5071,,,-3.0353281497955322,,3.0353281497955322,
634,5079,,,-3.2663021087646484,,3.2663021087646484,
635,5087,,,-3.077427864074707,,3.077427864074707,
636,5095,,,-3.1728785037994385,,3.1728785037994385,
637,5099,,,,-3.480560302734375,,3.480560302734375
637,5103,,,-2.9470062255859375,,2.9470062255859375,
638,5111,,,-3.0266380310058594,,3.0266380310058594,
639,5119,,,-3.31640625,,3.31640625,
640,5127,,,-3.1285059452056885,,3.1285059452056885,
641,5135,,,-2.769329786300659,,2.769329786300659,
642,5143,,,-2.9968416690826416,,2.9968416690826416,
643,5149,,,,-0.9040517807006836,,0.9040517807006836
643,5151,,,-3.2092278003692627,,3.2092278003692627,
644,5159,,,-3.131243944168091,,3.131243944168091,
645,5167,,,-3.1014902591705322,,3.1014902591705322,
646,5175,,,-2.9621903896331787,,2.9621903896331787,
647,5183,,,-2.955334186553955,,2.955334186553955,
648,5191,,,-3.114424467086792,,3.114424467086792,
649,5199,,,,-1.9339227676391602,,1.9339227676391602
649,5199,,,-3.332106351852417,,3.332106351852417,
650,5207,,,-2.934385061264038,,2.934385061264038,
651,5215,,,-3.369929313659668,,3.369929313659668,
652,5223,,,-3.2500739097595215,,3.2500739097595215,
653,5231,,,-3.208271026611328,,3.208271026611328,
654,5239,,,-3.1050662994384766,,3.1050662994384766,
655,5247,,,-2.9573071002960205,,2.9573071002960205,
656,5249,,,,-2.567241668701172,,2.567241668701172
656,5255,,,-3.2067582607269287,,3.2067582607269287,
657,5263,,,-3.3575282096862793,,3.3575282096862793,
658,5271,,,-3.181051254272461,,3.181051254272461,
659,5279,,,-3.422297239303589,,3.422297239303589,
660,5287,,,-3.182831287384033,,3.182831287384033,
661,5295,,,-3.288485527038574,,3.288485527038574,
662,5299,,,,-2.8764162063598633,,2.8764162063598633
662,5303,,,-3.084223747253418,,3.084223747253418,
663,5311,,,-3.4266796112060547,,3.4266796112060547,
664,5319,,,-2.9834954738616943,,2.9834954738616943,
665,5327,,,-3.1959569454193115,,3.1959569454193115,
666,5335,,,-3.2415454387664795,,3.2415454387664795,
667,5343,,,-3.2509067058563232,,3.2509067058563232,
668,5349,,,,-3.7180538177490234,,3.7180538177490234
668,5351,,,-3.243100166320801,,3.243100166320801,
669,5359,,,-3.1480135917663574,,3.1480135917663574,
670,5367,,,-3.0698249340057373,,3.0698249340057373,
671,5375,,,-3.276150703430176,,3.276150703430176,
672,5383,,,-3.1380043029785156,,3.1380043029785156,
673,5391,,,-3.037677764892578,,3.037677764892578,
674,5399,,,,-3.6300315856933594,,3.6300315856933594
674,5399,,,-3.1106858253479004,,3.1106858253479004,
675,5407,,,-3.2122280597686768,,3.2122280597686768,
676,5415,,,-3.052262783050537,,3.052262783050537,
677,5423,,,-3.430497169494629,,3.430497169494629,
678,5431,,,-2.9660189151763916,,2.9660189151763916,
679,5439,,,-3.2910971641540527,,3.2910971641540527,
680,5447,,,-3.1732096672058105,,3.1732096672058105,
681,5449,,,,-4.392965316772461,,4.392965316772461
681,5455,,,-3.1417808532714844,,3.1417808532714844,
682,5463,,,-3.048947811126709,,3.048947811126709,
683,5471,,,-2.9624903202056885,,2.9624903202056885,
684,5479,,,-3.089200496673584,,3.089200496673584,
685,5487,,,-3.233896017074585,,3.233896017074585,
686,5495,,,-3.4221866130828857,,3.4221866130828857,
687,5499,,,,-2.7496471405029297,,2.7496471405029297
687,5503,,,-3.0998103618621826,,3.0998103618621826,
688,5511,,,-3.0771584510803223,,3.0771584510803223,
689,5519,,,-2.9097776412963867,,2.9097776412963867,
690,5527,,,-3.3619468212127686,,3.3619468212127686,
691,5535,,,-3.277996063232422,,3.277996063232422,
692,5543,,,-3.205169916152954,,3.205169916152954,
693,5549,,,,-1.6867504119873047,,1.6867504119873047
693,5551,,,-3.1537601947784424,,3.1537601947784424,
694,5559,,,-3.2522592544555664,,3.2522592544555664,
695,5567,,,-3.1115810871124268,,3.1115810871124268,
696,5575,,,-3.1715192794799805,,3.1715192794799805,
697,5583,,,-3.2550127506256104,,3.2550127506256104,
698,5591,,,-3.3654963970184326,,3.3654963970184326,
699,5599,,,,-3.6349363327026367,,3.6349363327026367
699,5599,,,-3.2871639728546143,,3.2871639728546143,
700,5607,,,-3.155225992202759,,3.155225992202759,
701,5615,,,-3.446577310562134,,3.446577310562134,
702,5623,,,-3.329777240753174,,3.329777240753174,
703,5631,,,-3.062910795211792,,3.062910795211792,
704,5639,,,-2.947244882583618,,2.947244882583618,
705,5647,,,-3.1024110317230225,,3.1024110317230225,
706,5649,,,,-1.635401725769043,,1.635401725769043
706,5655,,,-3.438875436782837,,3.438875436782837,
707,5663,,,-3.5494089126586914,,3.5494089126586914,
708,5671,,,-3.039494276046753,,3.039494276046753,
709,5679,,,-3.1953744888305664,,3.1953744888305664,
710,5687,,,-3.537264108657837,,3.537264108657837,
711,5695,,,-3.20149302482605,,3.20149302482605,
712,5699,,,,-3.12093448638916,,3.12093448638916
712,5703,,,-3.1404850482940674,,3.1404850482940674,
713,5711,,,-3.0485148429870605,,3.0485148429870605,
714,5719,,,-3.2262496948242188,,3.2262496948242188,
715,5727,,,-3.4116249084472656,,3.4116249084472656,
716,5735,,,-3.1717584133148193,,3.1717584133148193,
717,5743,,,-3.33605694770813,,3.33605694770813,
718,5749,,,,-2.152237892150879,,2.152237892150879
718,5751,,,-3.3789796829223633,,3.3789796829223633,
719,5759,,,-3.2206878662109375,,3.2206878662109375,
720,5767,,,-3.376002311706543,,3.376002311706543,
721,5775,,,-3.394249200820923,,3.394249200820923,
722,5783,,,-3.5686328411102295,,3.5686328411102295,
723,5791,,,-3.2725424766540527,,3.2725424766540527,
724,5799,,,,-6.226071357727051,,6.226071357727051
724,5799,,,-3.339906692504883,,3.339906692504883,
725,5807,,,-2.977250099182129,,2.977250099182129,
726,5815,,,-3.1067380905151367,,3.1067380905151367,
727,5823,,,-3.496751546859741,,3.496751546859741,
728,5831,,,-3.6457579135894775,,3.6457579135894775,
729,5839,,,-3.26593017578125,,3.26593017578125,
730,5847,,,-3.702626943588257,,3.702626943588257,
731,5849,,,,-3.666497230529785,,3.666497230529785
731,5855,,,-3.3365375995635986,,3.3365375995635986,
732,5863,,,-3.416771173477173,,3.416771173477173,
733,5871,,,-3.8497965335845947,,3.8497965335845947,
734,5879,,,-2.9810597896575928,,2.9810597896575928,
735,5887,,,-3.3847925662994385,,3.3847925662994385,
736,5895,,,-3.0687801837921143,,3.0687801837921143,
737,5899,,,,-3.8349838256835938,,3.8349838256835938
737,5903,,,-3.7888848781585693,,3.7888848781585693,
738,5911,,,-3.2883551120758057,,3.2883551120758057,
739,5919,,,-3.431542158126831,,3.431542158126831,
740,5927,,,-3.385993719100952,,3.385993719100952,
741,5935,,,-3.1708319187164307,,3.1708319187164307,
742,5943,,,-3.571615219116211,,3.571615219116211,
743,5949,,,,-6.733895301818848,,6.733895301818848
743,5951,,,-3.425398111343384,,3.425398111343384,
744,5959,,,-3.1971027851104736,,3.1971027851104736,
745,5967,,,-3.308659076690674,,3.308659076690674,
746,5975,,,-3.4824585914611816,,3.4824585914611816,
747,5983,,,-3.539479970932007,,3.539479970932007,
748,5991,,,-3.4409897327423096,,3.4409897327423096,
749,5999,,,,-3.258425712585449,,3.258425712585449
749,5999,,,-3.3457436561584473,,3.3457436561584473,
750,6007,,,-3.4855008125305176,,3.4855008125305176,
751,6015,,,-3.409363269805908,,3.409363269805908,
752,6023,,,-3.477362871170044,,3.477362871170044,
753,6031,,,-3.4414024353027344,,3.4414024353027344,
754,6039,,,-3.742853879928589,,3.742853879928589,
755,6047,,,-3.5265135765075684,,3.5265135765075684,
756,6049,,,,-3.9731578826904297,,3.9731578826904297
756,6055,,,-3.40392804145813,,3.40392804145813,
757,6063,,,-3.4169106483459473,,3.4169106483459473,
758,6071,,,-3.330580949783325,,3.330580949783325,
759,6079,,,-3.531691789627075,,3.531691789627075,
760,6087,,,-3.713167905807495,,3.713167905807495,
761,6095,,,-3.4135444164276123,,3.4135444164276123,
762,6099,,,,-2.0198440551757812,,2.0198440551757812
762,6103,,,-3.53263783454895,,3.53263783454895,
763,6111,,,-3.6266026496887207,,3.6266026496887207,
764,6119,,,-3.8792476654052734,,3.8792476654052734,
765,6127,,,-3.912980794906616,,3.912980794906616,
766,6135,,,-3.497138261795044,,3.497138261795044,
767,6143,,,-3.553964853286743,,3.553964853286743,
768,6149,,,,-3.1434097290039062,,3.1434097290039062
768,6151,,,-3.522667169570923,,3.522667169570923,
769,6159,,,-3.684844970703125,,3.684844970703125,
770,6167,,,-3.862543821334839,,3.862543821334839,
771,6175,,,-3.6432247161865234,,3.6432247161865234,
772,6183,,,-3.4176788330078125,,3.4176788330078125,
773,6191,,,-3.5933926105499268,,3.5933926105499268,
774,6199,,,,-6.765531539916992,,6.765531539916992
774,6199,,,-3.5118062496185303,,3.5118062496185303,
775,6207,,,-3.8716163635253906,,3.8716163635253906,
776,6215,,,-3.482499599456787,,3.482499599456787,
777,6223,,,-3.4765992164611816,,3.4765992164611816,
778,6231,,,-3.5489087104797363,,3.5489087104797363,
779,6239,,,-3.5712854862213135,,3.5712854862213135,
780,6247,,,-3.6803882122039795,,3.6803882122039795,
781,6249,,,,-3.7542076110839844,,3.7542076110839844
781,6255,,,-3.1581790447235107,,3.1581790447235107,
782,6263,,,-3.3511226177215576,,3.3511226177215576,
783,6271,,,-3.512216329574585,,3.512216329574585,
784,6279,,,-3.6393918991088867,,3.6393918991088867,
785,6287,,,-3.565652370452881,,3.565652370452881,
786,6295,,,-3.4891881942749023,,3.4891881942749023,
787,6299,,,,-1.4761924743652344,,1.4761924743652344
787,6303,,,-3.3736562728881836,,3.3736562728881836,
788,6311,,,-3.7016351222991943,,3.7016351222991943,
789,6319,,,-3.720966339111328,,3.720966339111328,
790,6327,,,-3.3272640705108643,,3.3272640705108643,
791,6335,,,-3.7129011154174805,,3.7129011154174805,
792,6343,,,-3.74936842918396,,3.74936842918396,
793,6349,,,,-2.5783462524414062,,2.5783462524414062
793,6351,,,-3.6108953952789307,,3.6108953952789307,
794,6359,,,-3.5541961193084717,,3.5541961193084717,
795,6367,,,-4.038529872894287,,4.038529872894287,
796,6375,,,-3.4522106647491455,,3.4522106647491455,
797,6383,,,-4.02732515335083,,4.02732515335083,
798,6391,,,-3.6489551067352295,,3.6489551067352295,
799,6399,,,,-4.7183837890625,,4.7183837890625
799,6399,,,-3.6047465801239014,,3.6047465801239014,
800,6407,,,-3.80029296875,,3.80029296875,
801,6415,,,-3.718154191970825,,3.718154191970825,
802,6423,,,-3.7137110233306885,,3.7137110233306885,
803,6431,,,-3.506258249282837,,3.506258249282837,
804,6439,,,-3.462519645690918,,3.462519645690918,
805,6447,,,-3.852882146835327,,3.852882146835327,
806,6449,,,,-5.028299331665039,,5.028299331665039
806,6455,,,-3.6860430240631104,,3.6860430240631104,
807,6463,,,-3.898099899291992,,3.898099899291992,
808,6471,,,-3.4507172107696533,,3.4507172107696533,
809,6479,,,-3.96030592918396,,3.96030592918396,
810,6487,,,-3.9158883094787598,,3.9158883094787598,
811,6495,,,-3.879502296447754,,3.879502296447754,
812,6499,,,,-3.867799758911133,,3.867799758911133
812,6503,,,-3.889477014541626,,3.889477014541626,
813,6511,,,-3.9003586769104004,,3.9003586769104004,
814,6519,,,-3.8538429737091064,,3.8538429737091064,
815,6527,,,-3.9592370986938477,,3.9592370986938477,
816,6535,,,-3.706117868423462,,3.706117868423462,
817,6543,,,-3.9760167598724365,,3.9760167598724365,
818,6549,,,,-4.83466911315918,,4.83466911315918
818,6551,,,-3.6576762199401855,,3.6576762199401855,
819,6559,,,-3.839428186416626,,3.839428186416626,
820,6567,,,-3.9504523277282715,,3.9504523277282715,
821,6575,,,-3.878035068511963,,3.878035068511963,
822,6583,,,-3.6036324501037598,,3.6036324501037598,
823,6591,,,-3.8457765579223633,,3.8457765579223633,
824,6599,,,,-7.234164237976074,,7.234164237976074
824,6599,,,-3.5645203590393066,,3.5645203590393066,
825,6607,,,-3.872346878051758,,3.872346878051758,
826,6615,,,-3.9716954231262207,,3.9716954231262207,
827,6623,,,-3.6592016220092773,,3.6592016220092773,
828,6631,,,-3.858247995376587,,3.858247995376587,
829,6639,,,-3.6118850708007812,,3.6118850708007812,
830,6647,,,-3.7731401920318604,,3.7731401920318604,
831,6649,,,,-3.777228355407715,,3.777228355407715
831,6655,,,-3.5816733837127686,,3.5816733837127686,
832,6663,,,-3.9867985248565674,,3.9867985248565674,
833,6671,,,-3.719249963760376,,3.719249963760376,
834,6679,,,-3.761155128479004,,3.761155128479004,
835,6687,,,-4.04612922668457,,4.04612922668457,
836,6695,,,-3.985623359680176,,3.985623359680176,
837,6699,,,,-3.049984931945801,,3.049984931945801
837,6703,,,-3.6504714488983154,,3.6504714488983154,
838,6711,,,-3.857682704925537,,3.857682704925537,
839,6719,,,-4.0228400230407715,,4.0228400230407715,
840,6727,,,-3.7154600620269775,,3.7154600620269775,
841,6735,,,-3.9381046295166016,,3.9381046295166016,
842,6743,,,-3.597869873046875,,3.597869873046875,
843,6749,,,,-3.5648202896118164,,3.5648202896118164
843,6751,,,-3.670396089553833,,3.670396089553833,
844,6759,,,-3.7457475662231445,,3.7457475662231445,
845,6767,,,-3.913501501083374,,3.913501501083374,
846,6775,,,-3.4734785556793213,,3.4734785556793213,
847,6783,,,-3.9369375705718994,,3.9369375705718994,
848,6791,,,-3.984037399291992,,3.984037399291992,
849,6799,,,,-4.983732223510742,,4.983732223510742
849,6799,,,-4.149240970611572,,4.149240970611572,
850,6807,,,-4.204335689544678,,4.204335689544678,
851,6815,,,-3.9955105781555176,,3.9955105781555176,
852,6823,,,-3.8701624870300293,,3.8701624870300293,
853,6831,,,-4.1102118492126465,,4.1102118492126465,
854,6839,,,-3.702035665512085,,3.702035665512085,
855,6847,,,-3.7388594150543213,,3.7388594150543213,
856,6849,,,,0.3664722442626953,,-0.3664722442626953
856,6855,,,-3.734889507293701,,3.734889507293701,
857,6863,,,-3.590320348739624,,3.590320348739624,
858,6871,,,-3.8321352005004883,,3.8321352005004883,
859,6879,,,-4.031493186950684,,4.031493186950684,
860,6887,,,-4.233710765838623,,4.233710765838623,
861,6895,,,-3.966172695159912,,3.966172695159912,
862,6899,,,,-4.3522186279296875,,4.3522186279296875
862,6903,,,-3.8022899627685547,,3.8022899627685547,
863,6911,,,-3.694589376449585,,3.694589376449585,
864,6919,,,-3.611621379852295,,3.611621379852295,
865,6927,,,-3.7588210105895996,,3.7588210105895996,
866,6935,,,-3.8287878036499023,,3.8287878036499023,
867,6943,,,-3.969257116317749,,3.969257116317749,
868,6949,,,,-7.957332611083984,,7.957332611083984
868,6951,,,-4.034492015838623,,4.034492015838623,
869,6959,,,-4.332117557525635,,4.332117557525635,
870,6967,,,-3.3256635665893555,,3.3256635665893555,
871,6975,,,-4.067285537719727,,4.067285537719727,
872,6983,,,-3.9601566791534424,,3.9601566791534424,
873,6991,,,-4.130698204040527,,4.130698204040527,
874,6999,,,,-2.8476362228393555,,2.8476362228393555
874,6999,,,-4.062787055969238,,4.062787055969238,
875,7007,,,-4.126321315765381,,4.126321315765381,
876,7015,,,-4.25756311416626,,4.25756311416626,
877,7023,,,-4.003915786743164,,4.003915786743164,
878,7031,,,-4.008668422698975,,4.008668422698975,
879,7039,,,-3.743971586227417,,3.743971586227417,
880,7047,,,-3.6232964992523193,,3.6232964992523193,
881,7049,,,,-4.627594947814941,,4.627594947814941
881,7055,,,-4.008768558502197,,4.008768558502197,
882,7063,,,-4.385213851928711,,4.385213851928711,
883,7071,,,-3.870767116546631,,3.870767116546631,
884,7079,,,-4.122555255889893,,4.122555255889893,
885,7087,,,-4.202957630157471,,4.202957630157471,
886,7095,,,-4.068367004394531,,4.068367004394531,
887,7099,,,,-5.318458557128906,,5.318458557128906
887,7103,,,-3.425788164138794,,3.425788164138794,
888,7111,,,-4.2683329582214355,,4.2683329582214355,
889,7119,,,-3.9401257038116455,,3.9401257038116455,
890,7127,,,-4.416724681854248,,4.416724681854248,
891,7135,,,-4.034904479980469,,4.034904479980469,
892,7143,,,-4.1448974609375,,4.1448974609375,
893,7149,,,,-7.09785270690918,,7.09785270690918
893,7151,,,-3.7713680267333984,,3.7713680267333984,
894,7159,,,-3.5231106281280518,,3.5231106281280518,
895,7167,,,-4.316378593444824,,4.316378593444824,
896,7175,,,-4.276127815246582,,4.276127815246582,
897,7183,,,-4.469928741455078,,4.469928741455078,
898,7191,,,-4.021476745605469,,4.021476745605469,
899,7199,,,,-5.264603614807129,,5.264603614807129
899,7199,,,-4.486347198486328,,4.486347198486328,
900,7207,,,-4.212414741516113,,4.212414741516113,
901,7215,,,-3.9832582473754883,,3.9832582473754883,
902,7223,,,-3.9583444595336914,,3.9583444595336914,
903,7231,,,-3.747567653656006,,3.747567653656006,
904,7239,,,-3.7885918617248535,,3.7885918617248535,
905,7247,,,-4.19190788269043,,4.19190788269043,
906,7249,,,,-0.9885644912719727,,0.9885644912719727
906,7255,,,-3.9985461235046387,,3.9985461235046387,
907,7263,,,-3.8680851459503174,,3.8680851459503174,
908,7271,,,-4.240912437438965,,4.240912437438965,
909,7279,,,-4.120484828948975,,4.120484828948975,
910,7287,,,-3.848818302154541,,3.848818302154541,
911,7295,,,-3.5974831581115723,,3.5974831581115723,
912,7299,,,,-4.489280700683594,,4.489280700683594
912,7303,,,-3.932260513305664,,3.932260513305664,
913,7311,,,-3.9332830905914307,,3.9332830905914307,
914,7319,,,-3.906759262084961,,3.906759262084961,
915,7327,,,-4.220736026763916,,4.220736026763916,
916,7335,,,-4.224050998687744,,4.224050998687744,
917,7343,,,-4.099212169647217,,4.099212169647217,
918,7349,,,,-3.376498222351074,,3.376498222351074
918,7351,,,-3.818618059158325,,3.818618059158325,
919,7359,,,-4.299076557159424,,4.299076557159424,
920,7367,,,-4.217668533325195,,4.217668533325195,
921,7375,,,-4.1273980140686035,,4.1273980140686035,
922,7383,,,-4.239322185516357,,4.239322185516357,
923,7391,,,-4.28910493850708,,4.28910493850708,
924,7399,,,,-6.182995796203613,,6.182995796203613
924,7399,,,-3.7793023586273193,,3.7793023586273193,
925,7407,,,-4.059304237365723,,4.059304237365723,
926,7415,,,-4.176435470581055,,4.176435470581055,
927,7423,,,-4.086230278015137,,4.086230278015137,
928,7431,,,-3.9581973552703857,,3.9581973552703857,
929,7439,,,-3.9921417236328125,,3.9921417236328125,
930,7447,,,-4.286317825317383,,4.286317825317383,
931,7449,,,,-4.92201042175293,,4.92201042175293
931,7455,,,-4.664330959320068,,4.664330959320068,
932,7463,,,-4.668818950653076,,4.668818950653076,
933,7471,,,-4.408963680267334,,4.408963680267334,
934,7479,,,-4.144684314727783,,4.144684314727783,
935,7487,,,-4.043252944946289,,4.043252944946289,
936,7495,,,-4.12416934967041,,4.12416934967041,
937,7499,,,,-3.8925905227661133,,3.8925905227661133
937,7503,,,-4.515008926391602,,4.515008926391602,
938,7511,,,-4.044070243835449,,4.044070243835449,
939,7519,,,-4.640884876251221,,4.640884876251221,
940,7527,,,-4.447841644287109,,4.447841644287109,
941,7535,,,-4.599703311920166,,4.599703311920166,
942,7543,,,-4.477075099945068,,4.477075099945068,
943,7549,,,,-8.051136016845703,,8.051136016845703
943,7551,,,-3.892456531524658,,3.892456531524658,
944,7559,,,-4.264914035797119,,4.264914035797119,
945,7567,,,-4.475812911987305,,4.475812911987305,
946,7575,,,-4.076680660247803,,4.076680660247803,
947,7583,,,-4.2493896484375,,4.2493896484375,
948,7591,,,-4.583847522735596,,4.583847522735596,
949,7599,,,,-5.829267501831055,,5.829267501831055
949,7599,,,-4.1214165687561035,,4.1214165687561035,
950,7607,,,-4.216775894165039,,4.216775894165039,
951,7615,,,-4.47592306137085,,4.47592306137085,
952,7623,,,-3.924912452697754,,3.924912452697754,
953,7631,,,-4.339476585388184,,4.339476585388184,
954,7639,,,-4.529989242553711,,4.529989242553711,
955,7647,,,-4.042923450469971,,4.042923450469971,
956,7649,,,,-6.379563331604004,,6.379563331604004
956,7655,,,-4.5735578536987305,,4.5735578536987305,
957,7663,,,-4.500625133514404,,4.500625133514404,
958,7671,,,-4.253704071044922,,4.253704071044922,
959,7679,,,-4.328279495239258,,4.328279495239258,
960,7687,,,-4.351661682128906,,4.351661682128906,
961,7695,,,-4.088683605194092,,4.088683605194092,
962,7699,,,,-5.087058067321777,,5.087058067321777
962,7703,,,-4.495025634765625,,4.495025634765625,
963,7711,,,-4.5143232345581055,,4.5143232345581055,
964,7719,,,-4.351039886474609,,4.351039886474609,
965,7727,,,-4.180546760559082,,4.180546760559082,
966,7735,,,-4.450902938842773,,4.450902938842773,
967,7743,,,-4.6766510009765625,,4.6766510009765625,
968,7749,,,,-5.029012680053711,,5.029012680053711
968,7751,,,-4.1751532554626465,,4.1751532554626465,
969,7759,,,-4.247079849243164,,4.247079849243164,
970,7767,,,-4.360787868499756,,4.360787868499756,
971,7775,,,-4.517837047576904,,4.517837047576904,
972,7783,,,-4.0514397621154785,,4.0514397621154785,
973,7791,,,-4.746650218963623,,4.746650218963623,
974,7799,,,,-8.351003646850586,,8.351003646850586
974,7799,,,-4.1540069580078125,,4.1540069580078125,
975,7807,,,-4.829647064208984,,4.829647064208984,
976,7815,,,-4.392866611480713,,4.392866611480713,
977,7823,,,-4.181567192077637,,4.181567192077637,
978,7831,,,-4.27072286605835,,4.27072286605835,
979,7839,,,-4.893073558807373,,4.893073558807373,
980,7847,,,-4.172548294067383,,4.172548294067383,
981,7849,,,,-4.481650352478027,,4.481650352478027
981,7855,,,-4.6422119140625,,4.6422119140625,
982,7863,,,-4.39435338973999,,4.39435338973999,
983,7871,,,-3.923604965209961,,3.923604965209961,
984,7879,,,-4.517656326293945,,4.517656326293945,
985,7887,,,-4.389504432678223,,4.389504432678223,
986,7895,,,-4.309016704559326,,4.309016704559326,
987,7899,,,,-5.477299690246582,,5.477299690246582
987,7903,,,-4.530835151672363,,4.530835151672363,
988,7911,,,-3.954888343811035,,3.954888343811035,
989,7919,,,-4.366491794586182,,4.366491794586182,
990,7927,,,-4.473674774169922,,4.473674774169922,
991,7935,,,-4.101640701293945,,4.101640701293945,
992,7943,,,-4.784675598144531,,4.784675598144531,
993,7949,,,,-4.157785415649414,,4.157785415649414
993,7951,,,-4.611973285675049,,4.611973285675049,
994,7959,,,-4.270556449890137,,4.270556449890137,
995,7967,,,-4.37060022354126,,4.37060022354126,
996,7975,,,-4.829385757446289,,4.829385757446289,
997,7983,,,-4.6286115646362305,,4.6286115646362305,
998,7991,,,-4.142194747924805,,4.142194747924805,
999,7999,,,,-5.977855682373047,,5.977855682373047
999,7999,,,-4.825161933898926,,4.825161933898926,
1000,8007,,,-4.120105743408203,,4.120105743408203,
1001,8015,,,-4.585550785064697,,4.585550785064697,
1002,8023,,,-4.062288761138916,,4.062288761138916,
1003,8031,,,-4.113437175750732,,4.113437175750732,
1004,8039,,,-5.131695747375488,,5.131695747375488,
1005,8047,,,-4.483394622802734,,4.483394622802734,
1006,8049,,,,-4.579754829406738,,4.579754829406738
1006,8055,,,-4.54680871963501,,4.54680871963501,
1007,8063,,,-4.675754547119141,,4.675754547119141,
1008,8071,,,-4.579532623291016,,4.579532623291016,
1009,8079,,,-4.363244533538818,,4.363244533538818,
1010,8087,,,-4.450477123260498,,4.450477123260498,
1011,8095,,,-4.113908767700195,,4.113908767700195,
1012,8099,,,,-5.073843955993652,,5.073843955993652
1012,8103,,,-4.793707370758057,,4.793707370758057,
1013,8111,,,-4.387138843536377,,4.387138843536377,
1014,8119,,,-4.058849334716797,,4.058849334716797,
1015,8127,,,-4.4144134521484375,,4.4144134521484375,
1016,8135,,,-4.33356237411499,,4.33356237411499,
1017,8143,,,-4.551896572113037,,4.551896572113037,
1018,8149,,,,-2.646160125732422,,2.646160125732422
1018,8151,,,-4.559128284454346,,4.559128284454346,
1019,8159,,,-4.294789791107178,,4.294789791107178,
1020,8167,,,-4.564737319946289,,4.564737319946289,
1021,8175,,,-4.437845230102539,,4.437845230102539,
1022,8183,,,-4.568506717681885,,4.568506717681885,
1023,8191,,,-4.17439603805542,,4.17439603805542,
1024,8199,,,,0.010713577270507812,,-0.010713577270507812
1024,8199,,,-4.552507400512695,,4.552507400512695,
1025,8207,,,-4.511882781982422,,4.511882781982422,
1026,8215,,,-4.003816604614258,,4.003816604614258,
1027,8223,,,-4.546635150909424,,4.546635150909424,
1028,8231,,,-4.186707973480225,,4.186707973480225,
1029,8239,,,-4.598617076873779,,4.598617076873779,
1030,8247,,,-4.3500189781188965,,4.3500189781188965,
1031,8249,,,,-3.2228708267211914,,3.2228708267211914
1031,8255,,,-4.208220481872559,,4.208220481872559,
1032,8263,,,-4.0758137702941895,,4.0758137702941895,
1033,8271,,,-4.462806224822998,,4.462806224822998,
1034,8279,,,-4.010844707489014,,4.010844707489014,
1035,8287,,,-3.8268895149230957,,3.8268895149230957,
1036,8295,,,-4.187522888183594,,4.187522888183594,
1037,8299,,,,-4.33966064453125,,4.33966064453125
1037,8303,,,-3.9944355487823486,,3.9944355487823486,
1038,8311,,,-4.459888935089111,,4.459888935089111,
1039,8319,,,-4.1284565925598145,,4.1284565925598145,
1040,8327,,,-4.000802516937256,,4.000802516937256,
1041,8335,,,-4.348448276519775,,4.348448276519775,
1042,8343,,,-4.1956305503845215,,4.1956305503845215,
1043,8349,,,,-4.912738800048828,,4.912738800048828
1043,8351,,,-4.420235633850098,,4.420235633850098,
1044,8359,,,-4.130339622497559,,4.130339622497559,
1045,8367,,,-4.208686351776123,,4.208686351776123,
1046,8375,,,-4.174587249755859,,4.174587249755859,
1047,8383,,,-4.000267028808594,,4.000267028808594,
1048,8391,,,-4.114739894866943,,4.114739894866943,
1049,8399,,,,-3.3370847702026367,,3.3370847702026367
1049,8399,,,-3.8646137714385986,,3.8646137714385986,
1050,8407,,,-4.0052080154418945,,4.0052080154418945,
1051,8415,,,-3.812248468399048,,3.812248468399048,
1052,8423,,,-4.437878131866455,,4.437878131866455,
1053,8431,,,-3.9326090812683105,,3.9326090812683105,
1054,8439,,,-3.827113628387451,,3.827113628387451,
1055,8447,,,-4.32731819152832,,4.32731819152832,
1056,8449,,,,-5.198678970336914,,5.198678970336914
1056,8455,,,-4.13272762298584,,4.13272762298584,
1057,8463,,,-3.6615500450134277,,3.6615500450134277,
1058,8471,,,-3.651870012283325,,3.651870012283325,
1059,8479,,,-3.784064769744873,,3.784064769744873,
1060,8487,,,-3.9728636741638184,,3.9728636741638184,
1061,8495,,,-3.729464054107666,,3.729464054107666,
1062,8499,,,,-4.270146369934082,,4.270146369934082
1062,8503,,,-3.641622304916382,,3.641622304916382,
1063,8511,,,-3.9348485469818115,,3.9348485469818115,
1064,8519,,,-3.83606219291687,,3.83606219291687,
1065,8527,,,-3.769840717315674,,3.769840717315674,
1066,8535,,,-4.035379886627197,,4.035379886627197,
1067,8543,,,-3.827899694442749,,3.827899694442749,
1068,8549,,,,-5.543215751647949,,5.543215751647949
1068,8551,,,-3.7706596851348877,,3.7706596851348877,
1069,8559,,,-3.6941230297088623,,3.6941230297088623,
1070,8567,,,-3.579988718032837,,3.579988718032837,
1071,8575,,,-4.126879692077637,,4.126879692077637,
1072,8583,,,-3.5621156692504883,,3.5621156692504883,
1073,8591,,,-3.2775187492370605,,3.2775187492370605,
1074,8599,,,,-4.050381660461426,,4.050381660461426
1074,8599,,,-3.849583148956299,,3.849583148956299,
1075,8607,,,-3.5581753253936768,,3.5581753253936768,
1076,8615,,,-3.614161729812622,,3.614161729812622,
1077,8623,,,-3.559434413909912,,3.559434413909912,
1078,8631,,,-3.467740535736084,,3.467740535736084,
1079,8639,,,-3.4870691299438477,,3.4870691299438477,
1080,8647,,,-3.4904661178588867,,3.4904661178588867,
1081,8649,,,,-2.8047866821289062,,2.8047866821289062
1081,8655,,,-3.3269968032836914,,3.3269968032836914,
1082,8663,,,-3.546359062194824,,3.546359062194824,
1083,8671,,,-3.5899972915649414,,3.5899972915649414,
1084,8679,,,-3.6607534885406494,,3.6607534885406494,
1085,8687,,,-3.3771066665649414,,3.3771066665649414,
1086,8695,,,-3.4742555618286133,,3.4742555618286133,
1087,8699,,,,-4.276973724365234,,4.276973724365234
1087,8703,,,-3.513392686843872,,3.513392686843872,
1088,8711,,,-3.4163882732391357,,3.4163882732391357,
1089,8719,,,-3.330303907394409,,3.330303907394409,
1090,8727,,,-3.6348040103912354,,3.6348040103912354,
1091,8735,,,-3.307467222213745,,3.307467222213745,
1092,8743,,,-3.2193121910095215,,3.2193121910095215,
1093,8749,,,,-2.1985692977905273,,2.1985692977905273
1093,8751,,,-3.4291961193084717,,3.4291961193084717,
1094,8759,,,-3.1353626251220703,,3.1353626251220703,
1095,8767,,,-3.2776639461517334,,3.2776639461517334,
1096,8775,,,-3.1770975589752197,,3.1770975589752197,
1097,8783,,,-3.2098567485809326,,3.2098567485809326,
1098,8791,,,-3.5454328060150146,,3.5454328060150146,
1099,8799,,,,-3.6693525314331055,,3.6693525314331055
1099,8799,,,-3.0682852268218994,,3.0682852268218994,
1100,8807,,,-3.338587999343872,,3.338587999343872,
1101,8815,,,-3.2672996520996094,,3.2672996520996094,
1102,8823,,,-3.216313123703003,,3.216313123703003,
1103,8831,,,-3.2533679008483887,,3.2533679008483887,
1104,8839,,,-2.960547685623169,,2.960547685623169,
1105,8847,,,-3.1693174839019775,,3.1693174839019775,
1106,8849,,,,-2.7834835052490234,,2.7834835052490234
1106,8855,,,-3.126389741897583,,3.126389741897583,
1107,8863,,,-3.415858507156372,,3.415858507156372,
1108,8871,,,-2.955817222595215,,2.955817222595215,
1109,8879,,,-3.088409662246704,,3.088409662246704,
1110,8887,,,-3.1569838523864746,,3.1569838523864746,
1111,8895,,,-2.8468775749206543,,2.8468775749206543,
1112,8899,,,,-2.218897819519043,,2.218897819519043
1112,8903,,,-2.8230342864990234,,2.8230342864990234,
1113,8911,,,-3.2316739559173584,,3.2316739559173584,
1114,8919,,,-3.305910587310791,,3.305910587310791,
1115,8927,,,-2.9486186504364014,,2.9486186504364014,
1116,8935,,,-2.914517402648926,,2.914517402648926,
1117,8943,,,-3.127763271331787,,3.127763271331787,
1118,8949,,,,-5.751029014587402,,5.751029014587402
1118,8951,,,-2.8266024589538574,,2.8266024589538574,
1119,8959,,,-3.0796926021575928,,3.0796926021575928,
1120,8967,,,-2.948270082473755,,2.948270082473755,
1121,8975,,,-2.9421284198760986,,2.9421284198760986,
1122,8983,,,-2.9780075550079346,,2.9780075550079346,
1123,8991,,,-3.0270802974700928,,3.0270802974700928,
1124,8999,,,,-5.79185152053833,,5.79185152053833
1124,8999,,,-2.6286864280700684,,2.6286864280700684,
1125,9007,,,-2.6118006706237793,,2.6118006706237793,
1126,9015,,,-2.890129804611206,,2.890129804611206,
1127,9023,,,-2.799739122390747,,2.799739122390747,
1128,9031,,,-2.6905598640441895,,2.6905598640441895,
1129,9039,,,-2.7795588970184326,,2.7795588970184326,
1130,9047,,,-2.9023525714874268,,2.9023525714874268,
1131,9049,,,,-1.1238269805908203,,1.1238269805908203
1131,9055,,,-2.6249349117279053,,2.6249349117279053,
1132,9063,,,-2.8584728240966797,,2.8584728240966797,
1133,9071,,,-2.7351090908050537,,2.7351090908050537,
1134,9079,,,-2.9658405780792236,,2.9658405780792236,
1135,9087,,,-2.6012864112854004,,2.6012864112854004,
1136,9095,,,-2.708587884902954,,2.708587884902954,
1137,9099,,,,-3.9113521575927734,,3.9113521575927734
1137,9103,,,-2.878669500350952,,2.878669500350952,
1138,9111,,,-2.68249773979187,,2.68249773979187,
1139,9119,,,-2.571268081665039,,2.571268081665039,
1140,9127,,,-2.592393398284912,,2.592393398284912,
1141,9135,,,-2.214996337890625,,2.214996337890625,
1142,9143,,,-2.518901824951172,,2.518901824951172,
1143,9149,,,,-3.297975540161133,,3.297975540161133
1143,9151,,,-2.639859437942505,,2.639859437942505,
1144,9159,,,-2.6148383617401123,,2.6148383617401123,
1145,9167,,,-2.481651782989502,,2.481651782989502,
1146,9175,,,-2.6224300861358643,,2.6224300861358643,
1147,9183,,,-2.4502203464508057,,2.4502203464508057,
1148,9191,,,-2.4236695766448975,,2.4236695766448975,
1149,9199,,,,-1.9069833755493164,,1.9069833755493164
1149,9199,,,-2.388248920440674,,2.388248920440674,
1150,9207,,,-2.5303289890289307,,2.5303289890289307,
1151,9215,,,-2.6583497524261475,,2.6583497524261475,
1152,9223,,,-2.326622247695923,,2.326622247695923,
1153,9231,,,-2.3984193801879883,,2.3984193801879883,
1154,9239,,,-2.1754937171936035,,2.1754937171936035,
1155,9247,,,-2.3795714378356934,,2.3795714378356934,
1156,9249,,,,-3.2860546112060547,,3.2860546112060547
1156,9255,,,-2.503288745880127,,2.503288745880127,
1157,9263,,,-2.1834633350372314,,2.1834633350372314,
1158,9271,,,-2.3756253719329834,,2.3756253719329834,
1159,9279,,,-2.1484720706939697,,2.1484720706939697,
1160,9287,,,-2.2106261253356934,,2.2106261253356934,
1161,9295,,,-2.267887592315674,,2.267887592315674,
1162,9299,,,,-1.783876895904541,,1.783876895904541
1162,9303,,,-2.183781147003174,,2.183781147003174,
1163,9311,,,-2.1322319507598877,,2.1322319507598877,
1164,9319,,,-2.1060612201690674,,2.1060612201690674,
1165,9327,,,-2.2397303581237793,,2.2397303581237793,
1166,9335,,,-2.2192649841308594,,2.2192649841308594,
1167,9343,,,-2.090259552001953,,2.090259552001953,
1168,9349,,,,-1.1694035530090332,,1.1694035530090332
1168,9351,,,-2.2554893493652344,,2.2554893493652344,
1169,9359,,,-2.1384332180023193,,2.1384332180023193,
1170,9367,,,-2.052455425262451,,2.052455425262451,
1171,9375,,,-2.224954843521118,,2.224954843521118,
1172,9383,,,-2.0635128021240234,,2.0635128021240234,
1173,9391,,,-2.098809003829956,,2.098809003829956,
1174,9399,,,,-0.9984478950500488,,0.9984478950500488
1174,9399,,,-1.973879337310791,,1.973879337310791,
1175,9407,,,-1.8896023035049438,,1.8896023035049438,
1176,9415,,,-2.100938081741333,,2.100938081741333,
1177,9423,,,-2.0172035694122314,,2.0172035694122314,
1178,9431,,,-1.9036954641342163,,1.9036954641342163,
1179,9439,,,-1.9305949211120605,,1.9305949211120605,
1180,9447,,,-1.8898968696594238,,1.8898968696594238,
1181,9449,,,,-2.933230400085449,,2.933230400085449
1181,9455,,,-1.791330099105835,,1.791330099105835,
1182,9463,,,-1.9449270963668823,,1.9449270963668823,
1183,9471,,,-1.8055211305618286,,1.8055211305618286,
1184,9479,,,-1.8926270008087158,,1.8926270008087158,
1185,9487,,,-1.850638508796692,,1.850638508796692,
1186,9495,,,-1.7707339525222778,,1.7707339525222778,
1187,9499,,,,-1.8377008438110352,,1.8377008438110352
1187,9503,,,-1.7944189310073853,,1.7944189310073853,
1188,9511,,,-1.7604594230651855,,1.7604594230651855,
1189,9519,,,-1.698586106300354,,1.698586106300354,
1190,9527,,,-1.6299465894699097,,1.6299465894699097,
1191,9535,,,-1.7138898372650146,,1.7138898372650146,
1192,9543,,,-1.8493099212646484,,1.8493099212646484,
1193,9549,,,,-2.481767177581787,,2.481767177581787
1193,9551,,,-1.8861351013183594,,1.8861351013183594,
1194,9559,,,-1.794674277305603,,1.794674277305603,
1195,9567,,,-1.741284966468811,,1.741284966468811,
1196,9575,,,-1.4882975816726685,,1.4882975816726685,
1197,9583,,,-1.5200353860855103,,1.5200353860855103,
1198,9591,,,-1.5687665939331055,,1.5687665939331055,
1199,9599,,,,-1.7574448585510254,,1.7574448585510254
1199,9599,,,-1.5502538681030273,,1.5502538681030273,
1200,9607,,,-1.4440654516220093,,1.4440654516220093,
1201,9615,,,-1.6355234384536743,,1.6355234384536743,
1202,9623,,,-1.5188111066818237,,1.5188111066818237,
1203,9631,,,-1.5634652376174927,,1.5634652376174927,
1204,9639,,,-1.481863021850586,,1.481863021850586,
1205,9647,,,-1.4640356302261353,,1.4640356302261353,
1206,9649,,,,-0.6582074165344238,,0.6582074165344238
1206,9655,,,-1.5058472156524658,,1.5058472156524658,
1207,9663,,,-1.477320909500122,,1.477320909500122,
1208,9671,,,-1.3970441818237305,,1.3970441818237305,
1209,9679,,,-1.4435499906539917,,1.4435499906539917,
1210,9687,,,-1.4049400091171265,,1.4049400091171265,
1211,9695,,,-1.3406083583831787,,1.3406083583831787,
1212,9699,,,,0.20420503616333008,,-0.20420503616333008
1212,9703,,,-1.392931342124939,,1.392931342124939,
1213,9711,,,-1.3143072128295898,,1.3143072128295898,
1214,9719,,,-1.3146040439605713,,1.3146040439605713,
1215,9727,,,-1.2218679189682007,,1.2218679189682007,
1216,9735,,,-1.329301118850708,,1.329301118850708,
1217,9743,,,-1.308336615562439,,1.308336615562439,
1218,9749,,,,-0.7731368541717529,,0.7731368541717529
1218,9751,,,-1.2326297760009766,,1.2326297760009766,
1219,9759,,,-1.179482340812683,,1.179482340812683,
1220,9767,,,-1.2263818979263306,,1.2263818979263306,
1221,9775,,,-1.1863409280776978,,1.1863409280776978,
1222,9783,,,-1.1350030899047852,,1.1350030899047852,
1223,9791,,,-1.134488582611084,,1.134488582611084,
1224,9799,,,,-1.107497215270996,,1.107497215270996
1224,9799,,,-1.0415310859680176,,1.0415310859680176,
1225,9807,,,-1.1074955463409424,,1.1074955463409424,
1226,9815,,,-1.0831103324890137,,1.0831103324890137,
1227,9823,,,-1.0435844659805298,,1.0435844659805298,
1228,9831,,,-1.015519142150879,,1.015519142150879,
1229,9839,,,-1.012557029724121,,1.012557029724121,
1230,9847,,,-0.9776400327682495,,0.9776400327682495,
1231,9849,,,,-0.9043771028518677,,0.9043771028518677
1231,9855,,,-0.9004775285720825,,0.9004775285720825,
1232,9863,,,-0.8855473399162292,,0.8855473399162292,
1233,9871,,,-0.9243127703666687,,0.9243127703666687,
1234,9879,,,-0.8181577324867249,,0.8181577324867249,
1235,9887,,,-0.8312125205993652,,0.8312125205993652,
1236,9895,,,-0.892143726348877,,0.892143726348877,
1237,9899,,,,-0.7905350923538208,,0.7905350923538208
1237,9903,,,-0.839392364025116,,0.839392364025116,
1238,9911,,,-0.7959251403808594,,0.7959251403808594,
1239,9919,,,-0.8091131448745728,,0.8091131448745728,
1240,9927,,,-0.8242695331573486,,0.8242695331573486,
1241,9935,,,-0.7710319757461548,,0.7710319757461548,
1242,9943,,,-0.7248094081878662,,0.7248094081878662,
1243,9949,,,,-0.6559726595878601,,0.6559726595878601
1243,9951,,,-0.7315541505813599,,0.7315541505813599,
1244,9959,,,-0.6949021816253662,,0.6949021816253662,
1245,9967,,,-0.6805168986320496,,0.6805168986320496,
1246,9975,,,-0.6814978122711182,,0.6814978122711182,
1247,9983,,,-0.6232573986053467,,0.6232573986053467,
1248,9991,,,-0.6305834650993347,,0.6305834650993347,
1249,9999,,,,-0.5735936760902405,,0.5735936760902405
1249,9999,,,-0.5958311557769775,,0.5958311557769775,
1250,10007,,,-0.5838414430618286,,0.5838414430618286,
1251,10015,,,-0.5628157258033752,,0.5628157258033752,
1252,10023,,,-0.5390543341636658,,0.5390543341636658,
1253,10031,,,-0.5261189341545105,,0.5261189341545105,
1254,10039,,,-0.48465201258659363,,0.48465201258659363,
1255,10047,,,-0.4686802625656128,,0.4686802625656128,
1256,10049,,,,-0.39923372864723206,,0.39923372864723206
1256,10055,,,-0.43427640199661255,,0.43427640199661255,
1257,10063,,,-0.41190341114997864,,0.41190341114997864,
1258,10071,,,-0.38936591148376465,,0.38936591148376465,
1259,10079,,,-0.365093469619751,,0.365093469619751,
1260,10087,,,-0.34589728713035583,,0.34589728713035583,
1261,10095,,,-0.32449641823768616,,0.32449641823768616,
1262,10099,,,,-0.2832200527191162,,0.2832200527191162
1262,10103,,,-0.2961650490760803,,0.2961650490760803,
1263,10111,,,-0.27219536900520325,,0.27219536900520325,
1264,10119,,,-0.24999624490737915,,0.24999624490737915,
1265,10127,,,-0.22857773303985596,,0.22857773303985596,
1266,10135,,,-0.2067241668701172,,0.2067241668701172,
1267,10143,,,-0.18531769514083862,,0.18531769514083862,
1268,10149,,,,-0.16785454750061035,,0.16785454750061035
1268,10151,,,-0.1640338897705078,,0.1640338897705078,
1269,10159,,,-0.14336183667182922,,0.14336183667182922,
1270,10167,,,-0.12303807586431503,,0.12303807586431503,
1271,10175,,,-0.10326530784368515,,0.10326530784368515,
1272,10183,,,-0.08402466773986816,,0.08402466773986816,
1273,10191,,,-0.06565556675195694,,0.06565556675195694,
1274,10199,,,,-0.03986847400665283,,0.03986847400665283
1274,10199,,,-0.047920286655426025,,0.047920286655426025,
1275,10207,,,-0.031042156741023064,,0.031042156741023064,
1276,10215,,,-0.015036910772323608,,0.015036910772323608,
1277,10223,,,0.00031888490775600076,,-0.00031888490775600076,
1278,10231,,,0.014829695224761963,,-0.014829695224761963,
1279,10239,,,0.02835405059158802,,-0.02835405059158802,
1280,10247,,,0.041187092661857605,,-0.041187092661857605,
1281,10249,,,,0.046419620513916016,,-0.046419620513916016
1281,10255,,,0.05323779210448265,,-0.05323779210448265,
1282,10263,,,0.06451880931854248,,-0.06451880931854248,
1283,10271,,,0.07513627409934998,,-0.07513627409934998,
1284,10279,,,0.08505004644393921,,-0.08505004644393921,
1285,10287,,,0.0944114625453949,,-0.0944114625453949,
1286,10295,,,0.10319498181343079,,-0.10319498181343079,
1287,10299,,,,0.10846567153930664,,-0.10846567153930664
1287,10303,,,0.11145079135894775,,-0.11145079135894775,
1288,10311,,,0.1192173957824707,,-0.1192173957824707,
1289,10319,,,0.1265435814857483,,-0.1265435814857483,
1290,10327,,,0.13342857360839844,,-0.13342857360839844,
1291,10335,,,0.14000685513019562,,-0.14000685513019562,
1292,10343,,,0.1461089551448822,,-0.1461089551448822,
1293,10349,,,,0.15288424491882324,,-0.15288424491882324
1293,10351,,,0.15194031596183777,,-0.15194031596183777,
1294,10359,,,0.15750598907470703,,-0.15750598907470703,
1295,10367,,,0.16284392774105072,,-0.16284392774105072,
1296,10375,,,0.16781622171401978,,-0.16781622171401978,
1297,10383,,,0.17259956896305084,,-0.17259956896305084,
1298,10391,,,0.17713001370429993,,-0.17713001370429993,
1299,10399,,,,0.18771791458129883,,-0.18771791458129883
1299,10399,,,0.18149110674858093,,-0.18149110674858093,
1300,10407,,,0.18563008308410645,,-0.18563008308410645,
1301,10415,,,0.18964070081710815,,-0.18964070081710815,
1302,10423,,,0.19343990087509155,,-0.19343990087509155,
1303,10431,,,0.19713179767131805,,-0.19713179767131805,
1304,10439,,,0.20066237449645996,,-0.20066237449645996,
1305,10447,,,0.2040538489818573,,-0.2040538489818573,
1306,10449,,,,0.20543503761291504,,-0.20543503761291504
1306,10455,,,0.20733799040317535,,-0.20733799040317535,
1307,10463,,,0.21048493683338165,,-0.21048493683338165,
1308,10471,,,0.21352429687976837,,-0.21352429687976837,
1309,10479,,,0.2164735049009323,,-0.2164735049009323,
1310,10487,,,0.21932367980480194,,-0.21932367980480194,
1311,10495,,,0.22202709317207336,,-0.22202709317207336,
1312,10499,,,,0.22222685813903809,,-0.22222685813903809
1312,10503,,,0.22471174597740173,,-0.22471174597740173,
1313,10511,,,0.22734303772449493,,-0.22734303772449493,
1314,10519,,,0.2298509031534195,,-0.2298509031534195,
1315,10527,,,0.2323262244462967,,-0.2323262244462967,
1316,10535,,,0.2346571981906891,,-0.2346571981906891,
1317,10543,,,0.236982524394989,,-0.236982524394989,
1318,10549,,,,0.24964618682861328,,-0.24964618682861328
1318,10551,,,0.2393375188112259,,-0.2393375188112259,
1319,10559,,,0.24154013395309448,,-0.24154013395309448,
1320,10567,,,0.2436566948890686,,-0.2436566948890686,
1321,10575,,,0.24580761790275574,,-0.24580761790275574,
1322,10583,,,0.24785833060741425,,-0.24785833060741425,
1323,10591,,,0.24992232024669647,,-0.24992232024669647,
1324,10599,,,,0.25296926498413086,,-0.25296926498413086
1324,10599,,,0.25180870294570923,,-0.25180870294570923,
1325,10607,,,0.25386345386505127,,-0.25386345386505127,
1326,10615,,,0.2557132840156555,,-0.2557132840156555,
1327,10623,,,0.2575252652168274,,-0.2575252652168274,
1328,10631,,,0.2594076991081238,,-0.2594076991081238,
1329,10639,,,0.26120543479919434,,-0.26120543479919434,
1330,10647,,,0.2629537284374237,,-0.2629537284374237,
1331,10649,,,,0.2733120918273926,,-0.2733120918273926
1331,10655,,,0.26472097635269165,,-0.26472097635269165,
1332,10663,,,0.2663610577583313,,-0.2663610577583313,
1333,10671,,,0.2680910527706146,,-0.2680910527706146,
1334,10679,,,0.26975980401039124,,-0.26975980401039124,
1335,10687,,,0.2713708281517029,,-0.2713708281517029,
1336,10695,,,0.27293241024017334,,-0.27293241024017334,
1337,10699,,,,0.27866029739379883,,-0.27866029739379883
1337,10703,,,0.2745700776576996,,-0.2745700776576996,
1338,10711,,,0.2761189341545105,,-0.2761189341545105,
1339,10719,,,0.2777877449989319,,-0.2777877449989319,
1340,10727,,,0.27918291091918945,,-0.27918291091918945,
1341,10735,,,0.28065013885498047,,-0.28065013885498047,
1342,10743,,,0.2820777893066406,,-0.2820777893066406,
1343,10749,,,,0.2887139320373535,,-0.2887139320373535
1343,10751,,,0.2835453152656555,,-0.2835453152656555,
1344,10759,,,0.2849676012992859,,-0.2849676012992859,
1345,10767,,,0.2864827811717987,,-0.2864827811717987,
1346,10775,,,0.28776437044143677,,-0.28776437044143677,
1347,10783,,,0.28917449712753296,,-0.28917449712753296,
1348,10791,,,0.2905312478542328,,-0.2905312478542328,
1349,10799,,,,0.2879018783569336,,-0.2879018783569336
1349,10799,,,0.2917894423007965,,-0.2917894423007965,
1350,10807,,,0.2931547164916992,,-0.2931547164916992,
1351,10815,,,0.2944793105125427,,-0.2944793105125427,
1352,10823,,,0.2956676483154297,,-0.2956676483154297,
1353,10831,,,0.2969956398010254,,-0.2969956398010254,
1354,10839,,,0.2982098162174225,,-0.2982098162174225,
1355,10847,,,0.29942694306373596,,-0.29942694306373596,
1356,10849,,,,0.3118247985839844,,-0.3118247985839844
1356,10855,,,0.30079495906829834,,-0.30079495906829834,
1357,10863,,,0.3018997311592102,,-0.3018997311592102,
1358,10871,,,0.3032054901123047,,-0.3032054901123047,
1359,10879,,,0.30431437492370605,,-0.30431437492370605,
1360,10887,,,0.3054027557373047,,-0.3054027557373047,
1361,10895,,,0.30661147832870483,,-0.30661147832870483,
1362,10899,,,,0.316953182220459,,-0.316953182220459
1362,10903,,,0.30787020921707153,,-0.30787020921707153,
1363,10911,,,0.30894502997398376,,-0.30894502997398376,
1364,10919,,,0.31015321612358093,,-0.31015321612358093,
1365,10927,,,0.31108328700065613,,-0.31108328700065613,
1366,10935,,,0.3123016059398651,,-0.3123016059398651,
1367,10943,,,0.3133462369441986,,-0.3133462369441986,
1368,10949,,,,0.30689525604248047,,-0.30689525604248047
1368,10951,,,0.3144015669822693,,-0.3144015669822693,
1369,10959,,,0.3154873251914978,,-0.3154873251914978,
1370,10967,,,0.3166933059692383,,-0.3166933059692383,
1371,10975,,,0.31764063239097595,,-0.31764063239097595,
1372,10983,,,0.31869757175445557,,-0.31869757175445557,
1373,10991,,,0.3197028934955597,,-0.3197028934955597,
1374,10999,,,,0.32587337493896484,,-0.32587337493896484
1374,10999,,,0.32068148255348206,,-0.32068148255348206,
1375,11007,,,0.32177960872650146,,-0.32177960872650146,
1376,11015,,,0.32300588488578796,,-0.32300588488578796,
1377,11023,,,0.324008584022522,,-0.324008584022522,
1378,11031,,,0.3248726427555084,,-0.3248726427555084,
1379,11039,,,0.32599711418151855,,-0.32599711418151855,
1380,11047,,,0.32700252532958984,,-0.32700252532958984,
1381,11049,,,,0.3197908401489258,,-0.3197908401489258
1381,11055,,,0.3280238211154938,,-0.3280238211154938,
1382,11063,,,0.3290414810180664,,-0.3290414810180664,
1383,11071,,,0.3300844132900238,,-0.3300844132900238,
1384,11079,,,0.3311155140399933,,-0.3311155140399933,
1385,11087,,,0.3321424424648285,,-0.3321424424648285,
1386,11095,,,0.33335500955581665,,-0.33335500955581665,
1387,11099,,,,0.34143495559692383,,-0.34143495559692383
1387,11103,,,0.33421120047569275,,-0.33421120047569275,
1388,11111,,,0.3352973461151123,,-0.3352973461151123,
1389,11119,,,0.3364257216453552,,-0.3364257216453552,
1390,11127,,,0.33738046884536743,,-0.33738046884536743,
1391,11135,,,0.338489830493927,,-0.338489830493927,
1392,11143,,,0.3394976258277893,,-0.3394976258277893,
1393,11149,,,,0.33693838119506836,,-0.33693838119506836
1393,11151,,,0.3405415415763855,,-0.3405415415763855,
1394,11159,,,0.34172147512435913,,-0.34172147512435913,
1395,11167,,,0.3427865505218506,,-0.3427865505218506,
1396,11175,,,0.34384608268737793,,-0.34384608268737793,
1397,11183,,,0.34493881464004517,,-0.34493881464004517,
1398,11191,,,0.3461085557937622,,-0.3461085557937622,
1399,11199,,,,0.3408651351928711,,-0.3408651351928711
1399,11199,,,0.34713223576545715,,-0.34713223576545715,
1400,11207,,,0.3483425974845886,,-0.3483425974845886,
1401,11215,,,0.349292129278183,,-0.349292129278183,
1402,11223,,,0.3505241274833679,,-0.3505241274833679,
1403,11231,,,0.351598858833313,,-0.351598858833313,
1404,11239,,,0.35282984375953674,,-0.35282984375953674,
1405,11247,,,0.3541380763053894,,-0.3541380763053894,
1406,11249,,,,0.3471231460571289,,-0.3471231460571289
1406,11255,,,0.35505157709121704,,-0.35505157709121704,
1407,11263,,,0.35616451501846313,,-0.35616451501846313,
1408,11271,,,0.35735011100769043,,-0.35735011100769043,
1409,11279,,,0.3585185706615448,,-0.3585185706615448,
1410,11287,,,0.3597579896450043,,-0.3597579896450043,
1411,11295,,,0.36092090606689453,,-0.36092090606689453,
1412,11299,,,,0.35869407653808594,,-0.35869407653808594
1412,11303,,,0.3621941804885864,,-0.3621941804885864,
1413,11311,,,0.36333608627319336,,-0.36333608627319336,
1414,11319,,,0.36439022421836853,,-0.36439022421836853,
1415,11327,,,0.36555230617523193,,-0.36555230617523193,
1416,11335,,,0.3667210340499878,,-0.3667210340499878,
1417,11343,,,0.36805295944213867,,-0.36805295944213867,
1418,11349,,,,0.3786802291870117,,-0.3786802291870117
1418,11351,,,0.3691249191761017,,-0.3691249191761017,
1419,11359,,,0.37030577659606934,,-0.37030577659606934,
1420,11367,,,0.37144529819488525,,-0.37144529819488525,
1421,11375,,,0.3727674186229706,,-0.3727674186229706,
1422,11383,,,0.37374424934387207,,-0.37374424934387207,
1423,11391,,,0.3751215934753418,,-0.3751215934753418,
1424,11399,,,,0.39716243743896484,,-0.39716243743896484
1424,11399,,,0.37628471851348877,,-0.37628471851348877,
1425,11407,,,0.377460241317749,,-0.377460241317749,
1426,11415,,,0.3786088228225708,,-0.3786088228225708,
1427,11423,,,0.3798505961894989,,-0.3798505961894989,
1428,11431,,,0.38094082474708557,,-0.38094082474708557,
1429,11439,,,0.38211846351623535,,-0.38211846351623535,
1430,11447,,,0.38321995735168457,,-0.38321995735168457,
1431,11449,,,,0.35892772674560547,,-0.35892772674560547
1431,11455,,,0.3847482204437256,,-0.3847482204437256,
1432,11463,,,0.3857455253601074,,-0.3857455253601074,
1433,11471,,,0.386933833360672,,-0.386933833360672,
1434,11479,,,0.3880763053894043,,-0.3880763053894043,
1435,11487,,,0.3891772925853729,,-0.3891772925853729,
1436,11495,,,0.39043128490448,,-0.39043128490448,
1437,11499,,,,0.3910665512084961,,-0.3910665512084961
1437,11503,,,0.39154279232025146,,-0.39154279232025146,
1438,11511,,,0.3928563594818115,,-0.3928563594818115,
1439,11519,,,0.39403629302978516,,-0.39403629302978516,
1440,11527,,,0.39508792757987976,,-0.39508792757987976,
1441,11535,,,0.3966548442840576,,-0.3966548442840576,
1442,11543,,,0.39758849143981934,,-0.39758849143981934,
1443,11549,,,,0.3918924331665039,,-0.3918924331665039
1443,11551,,,0.398730993270874,,-0.398730993270874,
1444,11559,,,0.3999546766281128,,-0.3999546766281128,
1445,11567,,,0.40122318267822266,,-0.40122318267822266,
1446,11575,,,0.4022517204284668,,-0.4022517204284668,
1447,11583,,,0.40361034870147705,,-0.40361034870147705,
1448,11591,,,0.4047964811325073,,-0.4047964811325073,
1449,11599,,,,0.40613746643066406,,-0.40613746643066406
1449,11599,,,0.4059692621231079,,-0.4059692621231079,
1450,11607,,,0.40728428959846497,,-0.40728428959846497,
1451,11615,,,0.40863561630249023,,-0.40863561630249023,
1452,11623,,,0.40983521938323975,,-0.40983521938323975,
1453,11631,,,0.4107992649078369,,-0.4107992649078369,
1454,11639,,,0.41218701004981995,,-0.41218701004981995,
1455,11647,,,0.41321995854377747,,-0.41321995854377747,
1456,11649,,,,0.41765308380126953,,-0.41765308380126953
1456,11655,,,0.41444647312164307,,-0.41444647312164307,
1457,11663,,,0.41575708985328674,,-0.41575708985328674,
1458,11671,,,0.4169710874557495,,-0.4169710874557495,
1459,11679,,,0.4180580675601959,,-0.4180580675601959,
1460,11687,,,0.41951337456703186,,-0.41951337456703186,
1461,11695,,,0.42058292031288147,,-0.42058292031288147,
1462,11699,,,,0.4266090393066406,,-0.4266090393066406
1462,11703,,,0.42185360193252563,,-0.42185360193252563,
1463,11711,,,0.4231754541397095,,-0.4231754541397095,
1464,11719,,,0.42418813705444336,,-0.42418813705444336,
1465,11727,,,0.4257260859012604,,-0.4257260859012604,
1466,11735,,,0.42688944935798645,,-0.42688944935798645,
1467,11743,,,0.4281578063964844,,-0.4281578063964844,
1468,11749,,,,0.4104442596435547,,-0.4104442596435547
1468,11751,,,0.4291565418243408,,-0.4291565418243408,
1469,11759,,,0.43051981925964355,,-0.43051981925964355,
1470,11767,,,0.4318620264530182,,-0.4318620264530182,
1471,11775,,,0.43293002247810364,,-0.43293002247810364,
1472,11783,,,0.4346250593662262,,-0.4346250593662262,
1473,11791,,,0.43553364276885986,,-0.43553364276885986,
1474,11799,,,,0.4531364440917969,,-0.4531364440917969
1474,11799,,,0.43671151995658875,,-0.43671151995658875,
1475,11807,,,0.4380972683429718,,-0.4380972683429718,
1476,11815,,,0.4391537606716156,,-0.4391537606716156,
1477,11823,,,0.4407256841659546,,-0.4407256841659546,
1478,11831,,,0.44160914421081543,,-0.44160914421081543,
1479,11839,,,0.44292929768562317,,-0.44292929768562317,
1480,11847,,,0.44440150260925293,,-0.44440150260925293,
1481,11849,,,,0.4445953369140625,,-0.4445953369140625
1481,11855,,,0.4457089900970459,,-0.4457089900970459,
1482,11863,,,0.4467897415161133,,-0.4467897415161133,
1483,11871,,,0.4481211006641388,,-0.4481211006641388,
1484,11879,,,0.4493197202682495,,-0.4493197202682495,
1485,11887,,,0.450591117143631,,-0.450591117143631,
1486,11895,,,0.4519883394241333,,-0.4519883394241333,
1487,11899,,,,0.4545412063598633,,-0.4545412063598633
1487,11903,,,0.45333433151245117,,-0.45333433151245117,
1488,11911,,,0.454664945602417,,-0.454664945602417,
1489,11919,,,0.4556497037410736,,-0.4556497037410736,
1490,11927,,,0.4568748474121094,,-0.4568748474121094,
1491,11935,,,0.45818158984184265,,-0.45818158984184265,
1492,11943,,,0.45996177196502686,,-0.45996177196502686,
1493,11949,,,,0.4546184539794922,,-0.4546184539794922
1493,11951,,,0.4609375,,-0.4609375,
1494,11959,,,0.4623480439186096,,-0.4623480439186096,
1495,11967,,,0.4635404348373413,,-0.4635404348373413,
1496,11975,,,0.46481743454933167,,-0.46481743454933167,
1497,11983,,,0.46608221530914307,,-0.46608221530914307,
1498,11991,,,0.4673304557800293,,-0.4673304557800293,
1499,11999,,,,0.45563411712646484,,-0.45563411712646484
1499,11999,,,0.46893060207366943,,-0.46893060207366943,
1500,12007,,,0.4700127840042114,,-0.4700127840042114,
1501,12015,,,0.47124770283699036,,-0.47124770283699036,
1502,12023,,,0.47260522842407227,,-0.47260522842407227,
1503,12031,,,0.4742598235607147,,-0.4742598235607147,
1504,12039,,,0.4752742052078247,,-0.4752742052078247,
1505,12047,,,0.4766603410243988,,-0.4766603410243988,
1506,12049,,,,0.46805572509765625,,-0.46805572509765625
1506,12055,,,0.4781229496002197,,-0.4781229496002197,
1507,12063,,,0.4791516959667206,,-0.4791516959667206,
1508,12071,,,0.4804924726486206,,-0.4804924726486206,
1509,12079,,,0.48231709003448486,,-0.48231709003448486,
1510,12087,,,0.48331475257873535,,-0.48331475257873535,
1511,12095,,,0.4847460985183716,,-0.4847460985183716,
1512,12099,,,,0.4951181411743164,,-0.4951181411743164
1512,12103,,,0.48603618144989014,,-0.48603618144989014,
1513,12111,,,0.4872397482395172,,-0.4872397482395172,
1514,12119,,,0.48858392238616943,,-0.48858392238616943,
1515,12127,,,0.4900944232940674,,-0.4900944232940674,
1516,12135,,,0.49162757396698,,-0.49162757396698,
1517,12143,,,0.49298882484436035,,-0.49298882484436035,
1518,12149,,,,0.5011224746704102,,-0.5011224746704102
1518,12151,,,0.4944297969341278,,-0.4944297969341278,
1519,12159,,,0.49533745646476746,,-0.49533745646476746,
1520,12167,,,0.49688515067100525,,-0.49688515067100525,
1521,12175,,,0.49807798862457275,,-0.49807798862457275,
1522,12183,,,0.4994450807571411,,-0.4994450807571411,
1523,12191,,,0.5009555816650391,,-0.5009555816650391,
1524,12199,,,,0.5022115707397461,,-0.5022115707397461
1524,12199,,,0.5022083520889282,,-0.5022083520889282,
1525,12207,,,0.5038086175918579,,-0.5038086175918579,
1526,12215,,,0.5050588846206665,,-0.5050588846206665,
1527,12223,,,0.5063656568527222,,-0.5063656568527222,
1528,12231,,,0.5083600282669067,,-0.5083600282669067,
1529,12239,,,0.5090606808662415,,-0.5090606808662415,
1530,12247,,,0.5107376575469971,,-0.5107376575469971,
1531,12249,,,,0.5078105926513672,,-0.5078105926513672
1531,12255,,,0.5119912624359131,,-0.5119912624359131,
1532,12263,,,0.5133728981018066,,-0.5133728981018066,
1533,12271,,,0.5147596597671509,,-0.5147596597671509,
1534,12279,,,0.5166429877281189,,-0.5166429877281189,
1535,12287,,,0.5177401304244995,,-0.5177401304244995,
1536,12295,,,0.5197138786315918,,-0.5197138786315918,
1537,12299,,,,0.5148906707763672,,-0.5148906707763672
1537,12303,,,0.5204563736915588,,-0.5204563736915588,
1538,12311,,,0.5224478244781494,,-0.5224478244781494,
1539,12319,,,0.5231426954269409,,-0.5231426954269409,
1540,12327,,,0.5248267650604248,,-0.5248267650604248,
1541,12335,,,0.5266144275665283,,-0.5266144275665283,
1542,12343,,,0.5275461673736572,,-0.5275461673736572,
1543,12349,,,,0.5269184112548828,,-0.5269184112548828
1543,12351,,,0.5289971828460693,,-0.5289971828460693,
1544,12359,,,0.5306273102760315,,-0.5306273102760315,
1545,12367,,,0.5320050716400146,,-0.5320050716400146,
1546,12375,,,0.5332033634185791,,-0.5332033634185791,
1547,12383,,,0.5353978276252747,,-0.5353978276252747,
1548,12391,,,0.5361454486846924,,-0.5361454486846924,
1549,12399,,,,0.5236301422119141,,-0.5236301422119141
1549,12399,,,0.5380325317382812,,-0.5380325317382812,
1550,12407,,,0.5391955375671387,,-0.5391955375671387,
1551,12415,,,0.5403969287872314,,-0.5403969287872314,
1552,12423,,,0.5424444079399109,,-0.5424444079399109,
1553,12431,,,0.5434691905975342,,-0.5434691905975342,
1554,12439,,,0.545264720916748,,-0.545264720916748,
1555,12447,,,0.5462298393249512,,-0.5462298393249512,
1556,12449,,,,0.5501880645751953,,-0.5501880645751953
1556,12455,,,0.548548698425293,,-0.548548698425293,
1557,12463,,,0.5491169095039368,,-0.5491169095039368,
1558,12471,,,0.5511295795440674,,-0.5511295795440674,
1559,12479,,,0.5523719787597656,,-0.5523719787597656,
1560,12487,,,0.5539438724517822,,-0.5539438724517822,
1561,12495,,,0.5550804734230042,,-0.5550804734230042,
1562,12499,,,,0.5581989288330078,,-0.5581989288330078
1562,12503,,,0.5569510459899902,,-0.5569510459899902,
1563,12511,,,0.5580780506134033,,-0.5580780506134033,
1564,12519,,,0.5593060851097107,,-0.5593060851097107,
1565,12527,,,0.5611367225646973,,-0.5611367225646973,
1566,12535,,,0.5633414387702942,,-0.5633414387702942,
1567,12543,,,0.5643928050994873,,-0.5643928050994873,
1568,12549,,,,0.5260353088378906,,-0.5260353088378906
1568,12551,,,0.5655013918876648,,-0.5655013918876648,
1569,12559,,,0.5685083270072937,,-0.5685083270072937,
1570,12567,,,0.5681307315826416,,-0.5681307315826416,
1571,12575,,,0.5709221959114075,,-0.5709221959114075,
1572,12583,,,0.571054220199585,,-0.571054220199585,
1573,12591,,,0.5727027058601379,,-0.5727027058601379,
1574,12599,,,,0.5644645690917969,,-0.5644645690917969
1574,12599,,,0.5720316767692566,,-0.5720316767692566,
1575,12607,,,0.5717513561248779,,-0.5717513561248779,
1576,12615,,,0.572075366973877,,-0.572075366973877,
1577,12623,,,0.5724925994873047,,-0.5724925994873047,
1578,12631,,,0.5716719627380371,,-0.5716719627380371,
1579,12639,,,0.5718674659729004,,-0.5718674659729004,
1580,12647,,,0.5720445513725281,,-0.5720445513725281,
1581,12649,,,,0.5734748840332031,,-0.5734748840332031
1581,12655,,,0.572160005569458,,-0.572160005569458,
1582,12663,,,0.5722005367279053,,-0.5722005367279053,
1583,12671,,,0.5719870924949646,,-0.5719870924949646,
1584,12679,,,0.5724148750305176,,-0.5724148750305176,
1585,12687,,,0.572756290435791,,-0.572756290435791,
1586,12695,,,0.5721316337585449,,-0.5721316337585449,
1587,12699,,,,0.5803756713867188,,-0.5803756713867188
1587,12703,,,0.5720381736755371,,-0.5720381736755371,
1588,12711,,,0.5728306770324707,,-0.5728306770324707,
1589,12719,,,0.5721035003662109,,-0.5721035003662109,
1590,12727,,,0.5718698501586914,,-0.5718698501586914,
1591,12735,,,0.5736822485923767,,-0.5736822485923767,
1592,12743,,,0.5725319981575012,,-0.5725319981575012,
1593,12749,,,,0.5365428924560547,,-0.5365428924560547
1593,12751,,,0.5721068382263184,,-0.5721068382263184,
1594,12759,,,0.5717804431915283,,-0.5717804431915283,
1595,12767,,,0.5719003677368164,,-0.5719003677368164,
1596,12775,,,0.5728554725646973,,-0.5728554725646973,
1597,12783,,,0.5717730522155762,,-0.5717730522155762,
1598,12791,,,0.5716738700866699,,-0.5716738700866699,
1599,12799,,,,0.5862236022949219,,-0.5862236022949219
1599,12799,,,0.5720862746238708,,-0.5720862746238708,
1600,12807,,,0.5726735591888428,,-0.5726735591888428,
1601,12815,,,0.5718889236450195,,-0.5718889236450195,
1602,12823,,,0.5721361041069031,,-0.5721361041069031,
1603,12831,,,0.5719456672668457,,-0.5719456672668457,
1604,12839,,,0.5726540088653564,,-0.5726540088653564,
1605,12847,,,0.5718059539794922,,-0.5718059539794922,
1606,12849,,,,0.5372467041015625,,-0.5372467041015625
1606,12855,,,0.5722925662994385,,-0.5722925662994385,
1607,12863,,,0.5724593997001648,,-0.5724593997001648,
1608,12871,,,0.5722200870513916,,-0.5722200870513916,
1609,12879,,,0.5729851722717285,,-0.5729851722717285,
1610,12887,,,0.572197675704956,,-0.572197675704956,
1611,12895,,,0.5727391839027405,,-0.5727391839027405,
1612,12899,,,,0.5781421661376953,,-0.5781421661376953
1612,12903,,,0.5722119808197021,,-0.5722119808197021,
1613,12911,,,0.5721380710601807,,-0.5721380710601807,
1614,12919,,,0.5718369483947754,,-0.5718369483947754,
1615,12927,,,0.5727286338806152,,-0.5727286338806152,
1616,12935,,,0.572335422039032,,-0.572335422039032,
1617,12943,,,0.572155237197876,,-0.572155237197876,
1618,12949,,,,0.5703067779541016,,-0.5703067779541016
1618,12951,,,0.5725987553596497,,-0.5725987553596497,
1619,12959,,,0.5730850696563721,,-0.5730850696563721,
1620,12967,,,0.5727186799049377,,-0.5727186799049377,
1621,12975,,,0.5717206597328186,,-0.5717206597328186,
1622,12983,,,0.5727667212486267,,-0.5727667212486267,
1623,12991,,,0.572336733341217,,-0.572336733341217,
1624,12999,,,,0.5446071624755859,,-0.5446071624755859
1624,12999,,,0.5722522735595703,,-0.5722522735595703,
1625,13007,,,0.5720391869544983,,-0.5720391869544983,
1626,13015,,,0.5725541114807129,,-0.5725541114807129,
1627,13023,,,0.5719173550605774,,-0.5719173550605774,
1628,13031,,,0.5722076892852783,,-0.5722076892852783,
1629,13039,,,0.5723135471343994,,-0.5723135471343994,
1630,13047,,,0.5722641944885254,,-0.5722641944885254,
1631,13049,,,,0.5506591796875,,-0.5506591796875
1631,13055,,,0.5728471279144287,,-0.5728471279144287,
1632,13063,,,0.571962833404541,,-0.571962833404541,
1633,13071,,,0.572242259979248,,-0.572242259979248,
1634,13079,,,0.5718891620635986,,-0.5718891620635986,
1635,13087,,,0.5720941424369812,,-0.5720941424369812,
1636,13095,,,0.5717818737030029,,-0.5717818737030029,
1637,13099,,,,0.5658855438232422,,-0.5658855438232422
1637,13103,,,0.5726070404052734,,-0.5726070404052734,
1638,13111,,,0.5732324123382568,,-0.5732324123382568,
1639,13119,,,0.5720646381378174,,-0.5720646381378174,
1640,13127,,,0.5723927021026611,,-0.5723927021026611,
1641,13135,,,0.5725147724151611,,-0.5725147724151611,
1642,13143,,,0.5722965598106384,,-0.5722965598106384,
1643,13149,,,,0.5320816040039062,,-0.5320816040039062
1643,13151,,,0.5725526809692383,,-0.5725526809692383,
1644,13159,,,0.5719549655914307,,-0.5719549655914307,
1645,13167,,,0.5719497203826904,,-0.5719497203826904,
1646,13175,,,0.5733652114868164,,-0.5733652114868164,
1647,13183,,,0.5715203881263733,,-0.5715203881263733,
1648,13191,,,0.5724315643310547,,-0.5724315643310547,
1649,13199,,,,0.6099414825439453,,-0.6099414825439453
1649,13199,,,0.5718393325805664,,-0.5718393325805664,
1650,13207,,,0.5723464488983154,,-0.5723464488983154,
1651,13215,,,0.5726661086082458,,-0.5726661086082458,
1652,13223,,,0.5726813673973083,,-0.5726813673973083,
1653,13231,,,0.5717988014221191,,-0.5717988014221191,
1654,13239,,,0.5723311305046082,,-0.5723311305046082,
1655,13247,,,0.5727987885475159,,-0.5727987885475159,
1656,13249,,,,0.5516109466552734,,-0.5516109466552734
1656,13255,,,0.5721625685691833,,-0.5721625685691833,
1657,13263,,,0.5722581744194031,,-0.5722581744194031,
1658,13271,,,0.5718886852264404,,-0.5718886852264404,
1659,13279,,,0.5716352462768555,,-0.5716352462768555,
1660,13287,,,0.5724453926086426,,-0.5724453926086426,
1661,13295,,,0.5719714164733887,,-0.5719714164733887,
1662,13299,,,,0.5697078704833984,,-0.5697078704833984
1662,13303,,,0.5719180107116699,,-0.5719180107116699,
1663,13311,,,0.5720848441123962,,-0.5720848441123962,
1664,13319,,,0.5722448825836182,,-0.5722448825836182,
1665,13327,,,0.5729579329490662,,-0.5729579329490662,
1666,13335,,,0.5725114345550537,,-0.5725114345550537,
1667,13343,,,0.572458028793335,,-0.572458028793335,
1668,13349,,,,0.5899562835693359,,-0.5899562835693359
1668,13351,,,0.5726232528686523,,-0.5726232528686523,
1669,13359,,,0.5721940398216248,,-0.5721940398216248,
1670,13367,,,0.5719935894012451,,-0.5719935894012451,
1671,13375,,,0.5719997882843018,,-0.5719997882843018,
1672,13383,,,0.5731360912322998,,-0.5731360912322998,
1673,13391,,,0.5726876258850098,,-0.5726876258850098,
1674,13399,,,,0.5795803070068359,,-0.5795803070068359
1674,13399,,,0.5725593566894531,,-0.5725593566894531,
1675,13407,,,0.5718650817871094,,-0.5718650817871094,
1676,13415,,,0.5730469822883606,,-0.5730469822883606,
1677,13423,,,0.573274552822113,,-0.573274552822113,
1678,13431,,,0.5719087719917297,,-0.5719087719917297,
1679,13439,,,0.5720875263214111,,-0.5720875263214111,
1680,13447,,,0.5727675557136536,,-0.5727675557136536,
1681,13449,,,,0.5858078002929688,,-0.5858078002929688
1681,13455,,,0.5718965530395508,,-0.5718965530395508,
1682,13463,,,0.572411060333252,,-0.572411060333252,
1683,13471,,,0.5726811289787292,,-0.5726811289787292,
1684,13479,,,0.571967363357544,,-0.571967363357544,
1685,13487,,,0.5729250311851501,,-0.5729250311851501,
1686,13495,,,0.572298526763916,,-0.572298526763916,
1687,13499,,,,0.58837890625,,-0.58837890625
1687,13503,,,0.5723905563354492,,-0.5723905563354492,
1688,13511,,,0.5727787017822266,,-0.5727787017822266,
1689,13519,,,0.5722858905792236,,-0.5722858905792236,
1690,13527,,,0.5728621482849121,,-0.5728621482849121,
1691,13535,,,0.5718852877616882,,-0.5718852877616882,
1692,13543,,,0.5717548727989197,,-0.5717548727989197,
1693,13549,,,,0.5588054656982422,,-0.5588054656982422
1693,13551,,,0.5724458694458008,,-0.5724458694458008,
1694,13559,,,0.5723838806152344,,-0.5723838806152344,
1695,13567,,,0.5718746185302734,,-0.5718746185302734,
1696,13575,,,0.5729196071624756,,-0.5729196071624756,
1697,13583,,,0.5720446109771729,,-0.5720446109771729,
1698,13591,,,0.5730841159820557,,-0.5730841159820557,
1699,13599,,,,0.5550079345703125,,-0.5550079345703125
1699,13599,,,0.5723588466644287,,-0.5723588466644287,
1700,13607,,,0.5720834732055664,,-0.5720834732055664,
1701,13615,,,0.5718955993652344,,-0.5718955993652344,
1702,13623,,,0.571685791015625,,-0.571685791015625,
1703,13631,,,0.5723373889923096,,-0.5723373889923096,
1704,13639,,,0.5721293091773987,,-0.5721293091773987,
1705,13647,,,0.5729227066040039,,-0.5729227066040039,
1706,13649,,,,0.5693283081054688,,-0.5693283081054688
1706,13655,,,0.5715854167938232,,-0.5715854167938232,
1707,13663,,,0.5725438594818115,,-0.5725438594818115,
1708,13671,,,0.5722277164459229,,-0.5722277164459229,
1709,13679,,,0.572211742401123,,-0.572211742401123,
1710,13687,,,0.57161545753479,,-0.57161545753479,
1711,13695,,,0.5723471641540527,,-0.5723471641540527,
1712,13699,,,,0.5504169464111328,,-0.5504169464111328
1712,13703,,,0.5728187561035156,,-0.5728187561035156,
1713,13711,,,0.5728074908256531,,-0.5728074908256531,
1714,13719,,,0.5720219612121582,,-0.5720219612121582,
1715,13727,,,0.572045087814331,,-0.572045087814331,
1716,13735,,,0.5723450183868408,,-0.5723450183868408,
1717,13743,,,0.5721182823181152,,-0.5721182823181152,
1718,13749,,,,0.5674552917480469,,-0.5674552917480469
1718,13751,,,0.57183837890625,,-0.57183837890625,
1719,13759,,,0.5730235576629639,,-0.5730235576629639,
1720,13767,,,0.571951150894165,,-0.571951150894165,
1721,13775,,,0.5725140571594238,,-0.5725140571594238,
1722,13783,,,0.5724904537200928,,-0.5724904537200928,
1723,13791,,,0.5720345973968506,,-0.5720345973968506,
1724,13799,,,,0.5786094665527344,,-0.5786094665527344
1724,13799,,,0.572005033493042,,-0.572005033493042,
1725,13807,,,0.5723323822021484,,-0.5723323822021484,
1726,13815,,,0.5723512172698975,,-0.5723512172698975,
1727,13823,,,0.5724175572395325,,-0.5724175572395325,
1728,13831,,,0.572133481502533,,-0.572133481502533,
1729,13839,,,0.5723397731781006,,-0.5723397731781006,
1730,13847,,,0.5721485614776611,,-0.5721485614776611,
1731,13849,,,,0.5679836273193359,,-0.5679836273193359
1731,13855,,,0.5725891590118408,,-0.5725891590118408,
1732,13863,,,0.5725112557411194,,-0.5725112557411194,
1733,13871,,,0.5717790126800537,,-0.5717790126800537,
1734,13879,,,0.5719521045684814,,-0.5719521045684814,
1735,13887,,,0.5715863704681396,,-0.5715863704681396,
1736,13895,,,0.5723537802696228,,-0.5723537802696228,
1737,13899,,,,0.5815715789794922,,-0.5815715789794922
1737,13903,,,0.5727109909057617,,-0.5727109909057617,
1738,13911,,,0.5723076462745667,,-0.5723076462745667,
1739,13919,,,0.5734303593635559,,-0.5734303593635559,
1740,13927,,,0.572054386138916,,-0.572054386138916,
1741,13935,,,0.5729191303253174,,-0.5729191303253174,
1742,13943,,,0.573143720626831,,-0.573143720626831,
1743,13949,,,,0.6152229309082031,,-0.6152229309082031
1743,13951,,,0.5732426643371582,,-0.5732426643371582,
1744,13959,,,0.572258472442627,,-0.572258472442627,
1745,13967,,,0.5726838111877441,,-0.5726838111877441,
1746,13975,,,0.5728290677070618,,-0.5728290677070618,
1747,13983,,,0.572288990020752,,-0.572288990020752,
1748,13991,,,0.572298526763916,,-0.572298526763916,
1749,13999,,,,0.5983314514160156,,-0.5983314514160156
1749,13999,,,0.5720593929290771,,-0.5720593929290771,
1750,14007,,,0.5725023746490479,,-0.5725023746490479,
1751,14015,,,0.571967601776123,,-0.571967601776123,
1752,14023,,,0.5724850296974182,,-0.5724850296974182,
1753,14031,,,0.5718603730201721,,-0.5718603730201721,
1754,14039,,,0.572190523147583,,-0.572190523147583,
1755,14047,,,0.5727524161338806,,-0.5727524161338806,
1756,14049,,,,0.5901508331298828,,-0.5901508331298828
1756,14055,,,0.571846067905426,,-0.571846067905426,
1757,14063,,,0.5721638202667236,,-0.5721638202667236,
1758,14071,,,0.5719575881958008,,-0.5719575881958008,
1759,14079,,,0.5728440284729004,,-0.5728440284729004,
1760,14087,,,0.5720713138580322,,-0.5720713138580322,
1761,14095,,,0.5726222991943359,,-0.5726222991943359,
1762,14099,,,,0.5568447113037109,,-0.5568447113037109
1762,14103,,,0.5725902915000916,,-0.5725902915000916,
1763,14111,,,0.573237955570221,,-0.573237955570221,
1764,14119,,,0.571979284286499,,-0.571979284286499,
1765,14127,,,0.5718277096748352,,-0.5718277096748352,
1766,14135,,,0.5724704265594482,,-0.5724704265594482,
1767,14143,,,0.5717682838439941,,-0.5717682838439941,
1768,14149,,,,0.6012668609619141,,-0.6012668609619141
1768,14151,,,0.5719509124755859,,-0.5719509124755859,
1769,14159,,,0.5726304054260254,,-0.5726304054260254,
1770,14167,,,0.5723159313201904,,-0.5723159313201904,
1771,14175,,,0.5722126960754395,,-0.5722126960754395,
1772,14183,,,0.5720438957214355,,-0.5720438957214355,
1773,14191,,,0.5725760459899902,,-0.5725760459899902,
1774,14199,,,,0.602783203125,,-0.602783203125
1774,14199,,,0.571936845779419,,-0.571936845779419,
1775,14207,,,0.5717799067497253,,-0.5717799067497253,
1776,14215,,,0.5718481540679932,,-0.5718481540679932,
1777,14223,,,0.5722877979278564,,-0.5722877979278564,
1778,14231,,,0.5723249912261963,,-0.5723249912261963,
1779,14239,,,0.572830855846405,,-0.572830855846405,
1780,14247,,,0.571782112121582,,-0.571782112121582,
1781,14249,,,,0.5622692108154297,,-0.5622692108154297
1781,14255,,,0.5719799995422363,,-0.5719799995422363,
1782,14263,,,0.571845293045044,,-0.571845293045044,
1783,14271,,,0.572167158126831,,-0.572167158126831,
1784,14279,,,0.5719790458679199,,-0.5719790458679199,
1785,14287,,,0.5727298259735107,,-0.5727298259735107,
1786,14295,,,0.5718002319335938,,-0.5718002319335938,
1787,14299,,,,0.555694580078125,,-0.555694580078125
1787,14303,,,0.5723476409912109,,-0.5723476409912109,
1788,14311,,,0.5719649791717529,,-0.5719649791717529,
1789,14319,,,0.5724382400512695,,-0.5724382400512695,
1790,14327,,,0.5725367069244385,,-0.5725367069244385,
1791,14335,,,0.5723616480827332,,-0.5723616480827332,
1792,14343,,,0.5726829171180725,,-0.5726829171180725,
1793,14349,,,,0.5772609710693359,,-0.5772609710693359
1793,14351,,,0.5720482468605042,,-0.5720482468605042,
1794,14359,,,0.5719177722930908,,-0.5719177722930908,
1795,14367,,,0.571998119354248,,-0.571998119354248,
1796,14375,,,0.571986973285675,,-0.571986973285675,
1797,14383,,,0.5728743076324463,,-0.5728743076324463,
1798,14391,,,0.5723614692687988,,-0.5723614692687988,
1799,14399,,,,0.5680885314941406,,-0.5680885314941406
1799,14399,,,0.5721354484558105,,-0.5721354484558105,
1800,14407,,,0.5718722939491272,,-0.5718722939491272,
1801,14415,,,0.5720152258872986,,-0.5720152258872986,
1802,14423,,,0.5720856189727783,,-0.5720856189727783,
1803,14431,,,0.5721638798713684,,-0.5721638798713684,
1804,14439,,,0.5727500915527344,,-0.5727500915527344,
1805,14447,,,0.5715500712394714,,-0.5715500712394714,
1806,14449,,,,0.5640602111816406,,-0.5640602111816406
1806,14455,,,0.5720364451408386,,-0.5720364451408386,
1807,14463,,,0.5725078582763672,,-0.5725078582763672,
1808,14471,,,0.5722029209136963,,-0.5722029209136963,
1809,14479,,,0.5725991725921631,,-0.5725991725921631,
1810,14487,,,0.5727853775024414,,-0.5727853775024414,
1811,14495,,,0.5718770027160645,,-0.5718770027160645,
1812,14499,,,,0.5977306365966797,,-0.5977306365966797
1812,14503,,,0.5718510150909424,,-0.5718510150909424,
1813,14511,,,0.5716426372528076,,-0.5716426372528076,
1814,14519,,,0.5717236399650574,,-0.5717236399650574,
1815,14527,,,0.5729694366455078,,-0.5729694366455078,
1816,14535,,,0.571936845779419,,-0.571936845779419,
1817,14543,,,0.5718603134155273,,-0.5718603134155273,
1818,14549,,,,0.5746555328369141,,-0.5746555328369141
1818,14551,,,0.5724244117736816,,-0.5724244117736816,
1819,14559,,,0.5719168186187744,,-0.5719168186187744,
1820,14567,,,0.5721879005432129,,-0.5721879005432129,
1821,14575,,,0.5718810558319092,,-0.5718810558319092,
1822,14583,,,0.5719543099403381,,-0.5719543099403381,
1823,14591,,,0.5718095898628235,,-0.5718095898628235,
1824,14599,,,,0.5814075469970703,,-0.5814075469970703
1824,14599,,,0.5721628665924072,,-0.5721628665924072,
1825,14607,,,0.5714223384857178,,-0.5714223384857178,
1826,14615,,,0.5720180869102478,,-0.5720180869102478,
1827,14623,,,0.5721457600593567,,-0.5721457600593567,
1828,14631,,,0.5721678733825684,,-0.5721678733825684,
1829,14639,,,0.5724892616271973,,-0.5724892616271973,
1830,14647,,,0.5720834732055664,,-0.5720834732055664,
1831,14649,,,,0.5667629241943359,,-0.5667629241943359
1831,14655,,,0.5731467604637146,,-0.5731467604637146,
1832,14663,,,0.5723987221717834,,-0.5723987221717834,
1833,14671,,,0.571742057800293,,-0.571742057800293,
1834,14679,,,0.5723646283149719,,-0.5723646283149719,
1835,14687,,,0.5730233192443848,,-0.5730233192443848,
1836,14695,,,0.5719594955444336,,-0.5719594955444336,
1837,14699,,,,0.5895824432373047,,-0.5895824432373047
1837,14703,,,0.5716195106506348,,-0.5716195106506348,
1838,14711,,,0.5718355178833008,,-0.5718355178833008,
1839,14719,,,0.5722429752349854,,-0.5722429752349854,
1840,14727,,,0.5715866088867188,,-0.5715866088867188,
1841,14735,,,0.5719888210296631,,-0.5719888210296631,
1842,14743,,,0.572288453578949,,-0.572288453578949,
1843,14749,,,,0.5919761657714844,,-0.5919761657714844
1843,14751,,,0.5719473361968994,,-0.5719473361968994,
1844,14759,,,0.5729190707206726,,-0.5729190707206726,
1845,14767,,,0.572137176990509,,-0.572137176990509,
1846,14775,,,0.5718584656715393,,-0.5718584656715393,
1847,14783,,,0.5717868804931641,,-0.5717868804931641,
1848,14791,,,0.5719732642173767,,-0.5719732642173767,
1849,14799,,,,0.5400962829589844,,-0.5400962829589844
1849,14799,,,0.5727502703666687,,-0.5727502703666687,
1850,14807,,,0.5727199912071228,,-0.5727199912071228,
1851,14815,,,0.5726673603057861,,-0.5726673603057861,
1852,14823,,,0.5731492042541504,,-0.5731492042541504,
1853,14831,,,0.5720417499542236,,-0.5720417499542236,
1854,14839,,,0.5724081993103027,,-0.5724081993103027,
1855,14847,,,0.5725069046020508,,-0.5725069046020508,
1856,14849,,,,0.5586299896240234,,-0.5586299896240234
1856,14855,,,0.571897029876709,,-0.571897029876709,
1857,14863,,,0.5725788474082947,,-0.5725788474082947,
1858,14871,,,0.5715733170509338,,-0.5715733170509338,
1859,14879,,,0.5722840428352356,,-0.5722840428352356,
1860,14887,,,0.572014570236206,,-0.572014570236206,
1861,14895,,,0.57179856300354,,-0.57179856300354,
1862,14899,,,,0.5572681427001953,,-0.5572681427001953
1862,14903,,,0.5723819732666016,,-0.5723819732666016,
1863,14911,,,0.5727736949920654,,-0.5727736949920654,
1864,14919,,,0.5731010437011719,,-0.5731010437011719,
1865,14927,,,0.5721731185913086,,-0.5721731185913086,
1866,14935,,,0.5724053382873535,,-0.5724053382873535,
1867,14943,,,0.57236647605896,,-0.57236647605896,
1868,14949,,,,0.5732021331787109,,-0.5732021331787109
1868,14951,,,0.5717823505401611,,-0.5717823505401611,
1869,14959,,,0.5722050666809082,,-0.5722050666809082,
1870,14967,,,0.5723451972007751,,-0.5723451972007751,
1871,14975,,,0.5720429420471191,,-0.5720429420471191,
1872,14983,,,0.5725996494293213,,-0.5725996494293213,
1873,14991,,,0.5722009539604187,,-0.5722009539604187,
1874,14999,,,,0.5476474761962891,,-0.5476474761962891
1874,14999,,,0.5720930695533752,,-0.5720930695533752,
1875,15007,,,0.5717966556549072,,-0.5717966556549072,
1876,15015,,,0.5719399452209473,,-0.5719399452209473,
1877,15023,,,0.5726485252380371,,-0.5726485252380371,
1878,15031,,,0.5724847316741943,,-0.5724847316741943,
1879,15039,,,0.5719654560089111,,-0.5719654560089111,
1880,15047,,,0.5716841220855713,,-0.5716841220855713,
1881,15049,,,,0.582122802734375,,-0.582122802734375
1881,15055,,,0.5717816352844238,,-0.5717816352844238,
1882,15063,,,0.5718412399291992,,-0.5718412399291992,
1883,15071,,,0.5724191665649414,,-0.5724191665649414,
1884,15079,,,0.572242021560669,,-0.572242021560669,
1885,15087,,,0.5720891952514648,,-0.5720891952514648,
1886,15095,,,0.571556568145752,,-0.571556568145752,
1887,15099,,,,0.6003131866455078,,-0.6003131866455078
1887,15103,,,0.572246789932251,,-0.572246789932251,
1888,15111,,,0.572368860244751,,-0.572368860244751,
1889,15119,,,0.5719671845436096,,-0.5719671845436096,
1890,15127,,,0.572704553604126,,-0.572704553604126,
1891,15135,,,0.5718912482261658,,-0.5718912482261658,
1892,15143,,,0.5725882053375244,,-0.5725882053375244,
1893,15149,,,,0.5980434417724609,,-0.5980434417724609
1893,15151,,,0.5718026161193848,,-0.5718026161193848,
1894,15159,,,0.5722630023956299,,-0.5722630023956299,
1895,15167,,,0.572272539138794,,-0.572272539138794,
1896,15175,,,0.5719304084777832,,-0.5719304084777832,
1897,15183,,,0.5718932151794434,,-0.5718932151794434,
1898,15191,,,0.5725090503692627,,-0.5725090503692627,
1899,15199,,,,0.5992774963378906,,-0.5992774963378906
1899,15199,,,0.5722076892852783,,-0.5722076892852783,
1900,15207,,,0.5730836391448975,,-0.5730836391448975,
1901,15215,,,0.5725501179695129,,-0.5725501179695129,
1902,15223,,,0.5715305805206299,,-0.5715305805206299,
1903,15231,,,0.5719277262687683,,-0.5719277262687683,
1904,15239,,,0.5716826915740967,,-0.5716826915740967,
1905,15247,,,0.5725603699684143,,-0.5725603699684143,
1906,15249,,,,0.5659923553466797,,-0.5659923553466797
1906,15255,,,0.5725606083869934,,-0.5725606083869934,
1907,15263,,,0.5721731185913086,,-0.5721731185913086,
1908,15271,,,0.5722360610961914,,-0.5722360610961914,
1909,15279,,,0.5728287696838379,,-0.5728287696838379,
1910,15287,,,0.572190523147583,,-0.572190523147583,
1911,15295,,,0.5721433162689209,,-0.5721433162689209,
1912,15299,,,,0.5639400482177734,,-0.5639400482177734
1912,15303,,,0.5722963213920593,,-0.5722963213920593,
1913,15311,,,0.5726749897003174,,-0.5726749897003174,
1914,15319,,,0.5723893642425537,,-0.5723893642425537,
1915,15327,,,0.5718674659729004,,-0.5718674659729004,
1916,15335,,,0.5718342661857605,,-0.5718342661857605,
1917,15343,,,0.5719435214996338,,-0.5719435214996338,
1918,15349,,,,0.5845050811767578,,-0.5845050811767578
1918,15351,,,0.5720348358154297,,-0.5720348358154297,
1919,15359,,,0.5720760822296143,,-0.5720760822296143,
1920,15367,,,0.5720742344856262,,-0.5720742344856262,
1921,15375,,,0.5722193717956543,,-0.5722193717956543,
1922,15383,,,0.572669506072998,,-0.572669506072998,
1923,15391,,,0.5719525218009949,,-0.5719525218009949,
1924,15399,,,,0.5454616546630859,,-0.5454616546630859
1924,15399,,,0.5736076831817627,,-0.5736076831817627,
1925,15407,,,0.5728238224983215,,-0.5728238224983215,
1926,15415,,,0.5719320774078369,,-0.5719320774078369,
1927,15423,,,0.5720961689949036,,-0.5720961689949036,
1928,15431,,,0.5724129676818848,,-0.5724129676818848,
1929,15439,,,0.5721440315246582,,-0.5721440315246582,
1930,15447,,,0.5719881057739258,,-0.5719881057739258,
1931,15449,,,,0.5772533416748047,,-0.5772533416748047
1931,15455,,,0.5724947452545166,,-0.5724947452545166,
1932,15463,,,0.5718333721160889,,-0.5718333721160889,
1933,15471,,,0.5724753737449646,,-0.5724753737449646,
1934,15479,,,0.572108268737793,,-0.572108268737793,
1935,15487,,,0.5718398690223694,,-0.5718398690223694,
1936,15495,,,0.5723567008972168,,-0.5723567008972168,
1937,15499,,,,0.5534248352050781,,-0.5534248352050781
1937,15503,,,0.5725613236427307,,-0.5725613236427307,
1938,15511,,,0.5720734596252441,,-0.5720734596252441,
1939,15519,,,0.5730211734771729,,-0.5730211734771729,
1940,15527,,,0.5723075866699219,,-0.5723075866699219,
1941,15535,,,0.5726258158683777,,-0.5726258158683777,
1942,15543,,,0.5727956295013428,,-0.5727956295013428,
1943,15549,,,,0.5667095184326172,,-0.5667095184326172
1943,15551,,,0.5726313591003418,,-0.5726313591003418,
1944,15559,,,0.5724151134490967,,-0.5724151134490967,
1945,15567,,,0.5722312331199646,,-0.5722312331199646,
1946,15575,,,0.5720920562744141,,-0.5720920562744141,
1947,15583,,,0.5720944404602051,,-0.5720944404602051,
1948,15591,,,0.5720446109771729,,-0.5720446109771729,
1949,15599,,,,0.5791091918945312,,-0.5791091918945312
1949,15599,,,0.5721704959869385,,-0.5721704959869385,
1950,15607,,,0.5724506974220276,,-0.5724506974220276,
1951,15615,,,0.5723035335540771,,-0.5723035335540771,
1952,15623,,,0.5733419060707092,,-0.5733419060707092,
1953,15631,,,0.5717153549194336,,-0.5717153549194336,
1954,15639,,,0.5720272660255432,,-0.5720272660255432,
1955,15647,,,0.5733516216278076,,-0.5733516216278076,
1956,15649,,,,0.6044750213623047,,-0.6044750213623047
1956,15655,,,0.5723960399627686,,-0.5723960399627686,
1957,15663,,,0.5721257328987122,,-0.5721257328987122,
1958,15671,,,0.5720510482788086,,-0.5720510482788086,
1959,15679,,,0.5730059146881104,,-0.5730059146881104,
1960,15687,,,0.5725231170654297,,-0.5725231170654297,
1961,15695,,,0.5730974674224854,,-0.5730974674224854,
1962,15699,,,,0.5675735473632812,,-0.5675735473632812
1962,15703,,,0.5717885494232178,,-0.5717885494232178,
1963,15711,,,0.5724608302116394,,-0.5724608302116394,
1964,15719,,,0.5721759796142578,,-0.5721759796142578,
1965,15727,,,0.5718402862548828,,-0.5718402862548828,
1966,15735,,,0.5724074840545654,,-0.5724074840545654,
1967,15743,,,0.5720850825309753,,-0.5720850825309753,
1968,15749,,,,0.5576686859130859,,-0.5576686859130859
1968,15751,,,0.572044849395752,,-0.572044849395752,
1969,15759,,,0.5722654461860657,,-0.5722654461860657,
1970,15767,,,0.571541965007782,,-0.571541965007782,
1971,15775,,,0.5718441009521484,,-0.5718441009521484,
1972,15783,,,0.5716918110847473,,-0.5716918110847473,
1973,15791,,,0.5718498229980469,,-0.5718498229980469,
1974,15799,,,,0.5397300720214844,,-0.5397300720214844
1974,15799,,,0.5722596049308777,,-0.5722596049308777,
1975,15807,,,0.5718080997467041,,-0.5718080997467041,
1976,15815,,,0.5719635486602783,,-0.5719635486602783,
1977,15823,,,0.5721390247344971,,-0.5721390247344971,
1978,15831,,,0.5724470615386963,,-0.5724470615386963,
1979,15839,,,0.5733981132507324,,-0.5733981132507324,
1980,15847,,,0.5720541477203369,,-0.5720541477203369,
1981,15849,,,,0.6097221374511719,,-0.6097221374511719
1981,15855,,,0.572669267654419,,-0.572669267654419,
1982,15863,,,0.5729823112487793,,-0.5729823112487793,
1983,15871,,,0.5721401572227478,,-0.5721401572227478,
1984,15879,,,0.5721826553344727,,-0.5721826553344727,
1985,15887,,,0.5721457004547119,,-0.5721457004547119,
1986,15895,,,0.5719923973083496,,-0.5719923973083496,
1987,15899,,,,0.5650997161865234,,-0.5650997161865234
1987,15903,,,0.5731512904167175,,-0.5731512904167175,
1988,15911,,,0.5729779601097107,,-0.5729779601097107,
1989,15919,,,0.5723835825920105,,-0.5723835825920105,
1990,15927,,,0.5722119808197021,,-0.5722119808197021,
1991,15935,,,0.5721118450164795,,-0.5721118450164795,
1992,15943,,,0.5722219944000244,,-0.5722219944000244,
1993,15949,,,,0.5497112274169922,,-0.5497112274169922
1993,15951,,,0.5720260143280029,,-0.5720260143280029,
1994,15959,,,0.572087287902832,,-0.572087287902832,
1995,15967,,,0.5719037055969238,,-0.5719037055969238,
1996,15975,,,0.5731499195098877,,-0.5731499195098877,
1997,15983,,,0.571889340877533,,-0.571889340877533,
1998,15991,,,0.5738441944122314,,-0.5738441944122314,
1999,15999,,,,0.5416908264160156,,-0.5416908264160156
1999,15999,,,0.5721240043640137,,-0.5721240043640137,
2000,16000,0.5739507675170898,-0.5739507675170898,,,,
