epoch,step,test_loss,test_renyi_lb,train_loss_epoch,train_loss_step,train_renyi_lb_epoch,train_renyi_lb_step
0,3,,,0.19479885697364807,,-0.19479885697364807,
1,7,,,0.17712177336215973,,-0.17712177336215973,
2,11,,,0.16578689217567444,,-0.16578689217567444,
3,15,,,0.15577273070812225,,-0.15577273070812225,
4,19,,,0.15047240257263184,,-0.15047240257263184,
5,23,,,0.15715321898460388,,-0.15715321898460388,
6,27,,,0.13630323112010956,,-0.13630323112010956,
7,31,,,0.15025484561920166,,-0.15025484561920166,
8,35,,,0.1377139538526535,,-0.1377139538526535,
9,39,,,0.1254216432571411,,-0.1254216432571411,
10,43,,,0.13984248042106628,,-0.13984248042106628,
11,47,,,0.13092786073684692,,-0.13092786073684692,
12,49,,,,0.06079280376434326,,-0.06079280376434326
12,51,,,0.11662928760051727,,-0.11662928760051727,
13,55,,,0.12136124074459076,,-0.12136124074459076,
14,59,,,0.11988677084445953,,-0.11988677084445953,
15,63,,,0.1091817170381546,,-0.1091817170381546,
16,67,,,0.1106102392077446,,-0.1106102392077446,
17,71,,,0.10644236207008362,,-0.10644236207008362,
18,75,,,0.10272097587585449,,-0.10272097587585449,
19,79,,,0.08972252905368805,,-0.08972252905368805,
20,83,,,0.09292268753051758,,-0.09292268753051758,
21,87,,,0.09441982209682465,,-0.09441982209682465,
22,91,,,0.09056518226861954,,-0.09056518226861954,
23,95,,,0.08239511400461197,,-0.08239511400461197,
24,99,,,,0.03453099727630615,,-0.03453099727630615
24,99,,,0.07908280938863754,,-0.07908280938863754,
25,103,,,0.07530089467763901,,-0.07530089467763901,
26,107,,,0.0726262629032135,,-0.0726262629032135,
27,111,,,0.07218821346759796,,-0.07218821346759796,
28,115,,,0.06995262205600739,,-0.06995262205600739,
29,119,,,0.06474082171916962,,-0.06474082171916962,
30,123,,,0.06347529590129852,,-0.06347529590129852,
31,127,,,0.05712469294667244,,-0.05712469294667244,
32,131,,,0.05825835093855858,,-0.05825835093855858,
33,135,,,0.05622683838009834,,-0.05622683838009834,
34,139,,,0.0534394197165966,,-0.0534394197165966,
35,143,,,0.05043292045593262,,-0.05043292045593262,
36,147,,,0.04929852858185768,,-0.04929852858185768,
37,149,,,,0.06966114044189453,,-0.06966114044189453
37,151,,,0.046959202736616135,,-0.046959202736616135,
38,155,,,0.04409433528780937,,-0.04409433528780937,
39,159,,,0.040734563022851944,,-0.040734563022851944,
40,163,,,0.03801633045077324,,-0.03801633045077324,
41,167,,,0.037675097584724426,,-0.037675097584724426,
42,171,,,0.03549383208155632,,-0.03549383208155632,
43,175,,,0.033509328961372375,,-0.033509328961372375,
44,179,,,0.03135977312922478,,-0.03135977312922478,
45,183,,,0.030094221234321594,,-0.030094221234321594,
46,187,,,0.02725432999432087,,-0.02725432999432087,
47,191,,,0.026764538139104843,,-0.026764538139104843,
48,195,,,0.02429269813001156,,-0.02429269813001156,
49,199,,,,0.006054341793060303,,-0.006054341793060303
49,199,,,0.022598356008529663,,-0.022598356008529663,
50,203,,,0.021024780347943306,,-0.021024780347943306,
51,207,,,0.01938660815358162,,-0.01938660815358162,
52,211,,,0.018069785088300705,,-0.018069785088300705,
53,215,,,0.01701664738357067,,-0.01701664738357067,
54,219,,,0.015333267860114574,,-0.015333267860114574,
55,223,,,0.013968939892947674,,-0.013968939892947674,
56,227,,,0.01258079893887043,,-0.01258079893887043,
57,231,,,0.010946723632514477,,-0.010946723632514477,
58,235,,,0.009506326168775558,,-0.009506326168775558,
59,239,,,0.008398005738854408,,-0.008398005738854408,
60,243,,,0.00755281001329422,,-0.00755281001329422,
61,247,,,0.0068621449172496796,,-0.0068621449172496796,
62,249,,,,0.004498183727264404,,-0.004498183727264404
62,251,,,0.006106015760451555,,-0.006106015760451555,
63,255,,,0.005214876960963011,,-0.005214876960963011,
64,259,,,0.004574459977447987,,-0.004574459977447987,
65,263,,,0.003985638730227947,,-0.003985638730227947,
66,267,,,0.0032439816277474165,,-0.0032439816277474165,
67,271,,,0.002829903271049261,,-0.002829903271049261,
68,275,,,0.0023537524975836277,,-0.0023537524975836277,
69,279,,,0.0018871662905439734,,-0.0018871662905439734,
70,283,,,0.0014393016463145614,,-0.0014393016463145614,
71,287,,,0.0010105679975822568,,-0.0010105679975822568,
72,291,,,0.0006504899356514215,,-0.0006504899356514215,
73,295,,,0.0003546101215761155,,-0.0003546101215761155,
74,299,,,,0.005387544631958008,,-0.005387544631958008
74,299,,,-9.719729132484645e-05,,9.719729132484645e-05,
75,303,,,-0.0003315142821520567,,0.0003315142821520567,
76,307,,,-0.0005450061871670187,,0.0005450061871670187,
77,311,,,-0.0008105614106170833,,0.0008105614106170833,
78,315,,,-0.0011230417294427752,,0.0011230417294427752,
79,319,,,-0.0013931258581578732,,0.0013931258581578732,
80,323,,,-0.0015749329468235373,,0.0015749329468235373,
81,327,,,-0.0017930353060364723,,0.0017930353060364723,
82,331,,,-0.00191091513261199,,0.00191091513261199,
83,335,,,-0.00215648184530437,,0.00215648184530437,
84,339,,,-0.0023198500275611877,,0.0023198500275611877,
85,343,,,-0.0024505306500941515,,0.0024505306500941515,
86,347,,,-0.002556628780439496,,0.002556628780439496,
87,349,,,,-0.0013099908828735352,,0.0013099908828735352
87,351,,,-0.002727680839598179,,0.002727680839598179,
88,355,,,-0.0028221914544701576,,0.0028221914544701576,
89,359,,,-0.0029758319724351168,,0.0029758319724351168,
90,363,,,-0.0030667001847177744,,0.0030667001847177744,
91,367,,,-0.0031547711696475744,,0.0031547711696475744,
92,371,,,-0.0032620723359286785,,0.0032620723359286785,
93,375,,,-0.003326976438984275,,0.003326976438984275,
94,379,,,-0.0034464492928236723,,0.0034464492928236723,
95,383,,,-0.0034835718106478453,,0.0034835718106478453,
96,387,,,-0.003575189271941781,,0.003575189271941781,
97,391,,,-0.003638636786490679,,0.003638636786490679,
98,395,,,-0.003706352086737752,,0.003706352086737752,
99,399,,,,-0.0011563897132873535,,0.0011563897132873535
99,399,,,-0.003791605122387409,,0.003791605122387409,
100,403,,,-0.0038229075726121664,,0.0038229075726121664,
101,407,,,-0.003893817076459527,,0.003893817076459527,
102,411,,,-0.0039360481314361095,,0.0039360481314361095,
103,415,,,-0.003985166549682617,,0.003985166549682617,
104,419,,,-0.004037618171423674,,0.004037618171423674,
105,423,,,-0.004098225850611925,,0.004098225850611925,
106,427,,,-0.004121272824704647,,0.004121272824704647,
107,431,,,-0.004198459908366203,,0.004198459908366203,
108,435,,,-0.004262957721948624,,0.004262957721948624,
109,439,,,-0.0042718444019556046,,0.0042718444019556046,
110,443,,,-0.004278070293366909,,0.004278070293366909,
111,447,,,-0.004293899051845074,,0.004293899051845074,
112,449,,,,-0.007537543773651123,,0.007537543773651123
112,451,,,-0.004349768161773682,,0.004349768161773682,
113,455,,,-0.004387084860354662,,0.004387084860354662,
114,459,,,-0.004376379773020744,,0.004376379773020744,
115,463,,,-0.004443447105586529,,0.004443447105586529,
116,467,,,-0.004439949989318848,,0.004439949989318848,
117,471,,,-0.004469059407711029,,0.004469059407711029,
118,475,,,-0.0045015281066298485,,0.0045015281066298485,
119,479,,,-0.004529684782028198,,0.004529684782028198,
120,483,,,-0.004549648612737656,,0.004549648612737656,
121,487,,,-0.00456638727337122,,0.00456638727337122,
122,491,,,-0.004580479580909014,,0.004580479580909014,
123,495,,,-0.004605126567184925,,0.004605126567184925,
124,499,,,,-0.00645369291305542,,0.00645369291305542
124,499,,,-0.00461807195097208,,0.00461807195097208,
125,503,,,-0.0046351030468940735,,0.0046351030468940735,
126,507,,,-0.004668592009693384,,0.004668592009693384,
127,511,,,-0.004682467319071293,,0.004682467319071293,
128,515,,,-0.004719224292784929,,0.004719224292784929,
129,519,,,-0.00472627766430378,,0.00472627766430378,
130,523,,,-0.0047484226524829865,,0.0047484226524829865,
131,527,,,-0.004780123475939035,,0.004780123475939035,
132,531,,,-0.004812867380678654,,0.004812867380678654,
133,535,,,-0.0047972546890378,,0.0047972546890378,
134,539,,,-0.004819404799491167,,0.004819404799491167,
135,543,,,-0.004849088378250599,,0.004849088378250599,
136,547,,,-0.0048578474670648575,,0.0048578474670648575,
137,549,,,,-0.003302335739135742,,0.003302335739135742
137,551,,,-0.004864350892603397,,0.004864350892603397,
138,555,,,-0.004891403950750828,,0.004891403950750828,
139,559,,,-0.0049049025401473045,,0.0049049025401473045,
140,563,,,-0.004912392236292362,,0.004912392236292362,
141,567,,,-0.004935836885124445,,0.004935836885124445,
142,571,,,-0.004946391098201275,,0.004946391098201275,
143,575,,,-0.0049695889465510845,,0.0049695889465510845,
144,579,,,-0.004975725430995226,,0.004975725430995226,
145,583,,,-0.005004533566534519,,0.005004533566534519,
146,587,,,-0.005008094944059849,,0.005008094944059849,
147,591,,,-0.0050193872302770615,,0.0050193872302770615,
148,595,,,-0.005030652973800898,,0.005030652973800898,
149,599,,,,-0.004366695880889893,,0.004366695880889893
149,599,,,-0.0050498745404183865,,0.0050498745404183865,
150,603,,,-0.0050533851608633995,,0.0050533851608633995,
151,607,,,-0.005074603948742151,,0.005074603948742151,
152,611,,,-0.005079762544482946,,0.005079762544482946,
153,615,,,-0.0050811488181352615,,0.0050811488181352615,
154,619,,,-0.005104273557662964,,0.005104273557662964,
155,623,,,-0.005118074361234903,,0.005118074361234903,
156,627,,,-0.005111211910843849,,0.005111211910843849,
157,631,,,-0.005113162565976381,,0.005113162565976381,
158,635,,,-0.00513072032481432,,0.00513072032481432,
159,639,,,-0.005148321855813265,,0.005148321855813265,
160,643,,,-0.005138493608683348,,0.005138493608683348,
161,647,,,-0.005152708385139704,,0.005152708385139704,
162,649,,,,-0.0069367289543151855,,0.0069367289543151855
162,651,,,-0.005159744992852211,,0.005159744992852211,
163,655,,,-0.005157702602446079,,0.005157702602446079,
164,659,,,-0.005166658200323582,,0.005166658200323582,
165,663,,,-0.005179196130484343,,0.005179196130484343,
166,667,,,-0.005186076276004314,,0.005186076276004314,
167,671,,,-0.0051866681315004826,,0.0051866681315004826,
168,675,,,-0.005204482935369015,,0.005204482935369015,
169,679,,,-0.005210105795413256,,0.005210105795413256,
170,683,,,-0.005206406582146883,,0.005206406582146883,
171,687,,,-0.005227698013186455,,0.005227698013186455,
172,691,,,-0.005226513370871544,,0.005226513370871544,
173,695,,,-0.00522618880495429,,0.00522618880495429,
174,699,,,,-0.007367491722106934,,0.007367491722106934
174,699,,,-0.005227221176028252,,0.005227221176028252,
175,703,,,-0.005240767262876034,,0.005240767262876034,
176,707,,,-0.00524171395227313,,0.00524171395227313,
177,711,,,-0.0052460478618741035,,0.0052460478618741035,
178,715,,,-0.0052549284882843494,,0.0052549284882843494,
179,719,,,-0.005251787137240171,,0.005251787137240171,
180,723,,,-0.0052583604119718075,,0.0052583604119718075,
181,727,,,-0.005257319658994675,,0.005257319658994675,
182,731,,,-0.005278683267533779,,0.005278683267533779,
183,735,,,-0.005267828702926636,,0.005267828702926636,
184,739,,,-0.005273092538118362,,0.005273092538118362,
185,743,,,-0.005279337055981159,,0.005279337055981159,
186,747,,,-0.0052782646380364895,,0.0052782646380364895,
187,749,,,,-0.0037924647331237793,,0.0037924647331237793
187,751,,,-0.005276852753013372,,0.005276852753013372,
188,755,,,-0.0053108809515833855,,0.0053108809515833855,
189,759,,,-0.005299688782542944,,0.005299688782542944,
190,763,,,-0.005301150027662516,,0.005301150027662516,
191,767,,,-0.005302589386701584,,0.005302589386701584,
192,771,,,-0.005305340979248285,,0.005305340979248285,
193,775,,,-0.0053110369481146336,,0.0053110369481146336,
194,779,,,-0.005318235140293837,,0.005318235140293837,
195,783,,,-0.005319822579622269,,0.005319822579622269,
196,787,,,-0.005312328692525625,,0.005312328692525625,
197,791,,,-0.0053262291476130486,,0.0053262291476130486,
198,795,,,-0.005331302992999554,,0.005331302992999554,
199,799,,,,-0.005054831504821777,,0.005054831504821777
199,799,,,-0.0053222584538161755,,0.0053222584538161755,
200,803,,,-0.005337079055607319,,0.005337079055607319,
201,807,,,-0.005337820388376713,,0.005337820388376713,
202,811,,,-0.0053321598097682,,0.0053321598097682,
203,815,,,-0.005335322581231594,,0.005335322581231594,
204,819,,,-0.00533142639324069,,0.00533142639324069,
205,823,,,-0.005343713331967592,,0.005343713331967592,
206,827,,,-0.005356237757951021,,0.005356237757951021,
207,831,,,-0.00535045750439167,,0.00535045750439167,
208,835,,,-0.0053566149435937405,,0.0053566149435937405,
209,839,,,-0.005355106201022863,,0.005355106201022863,
210,843,,,-0.005359666422009468,,0.005359666422009468,
211,847,,,-0.00534483790397644,,0.00534483790397644,
212,849,,,,-0.006930828094482422,,0.006930828094482422
212,851,,,-0.005365738645195961,,0.005365738645195961,
213,855,,,-0.005371671635657549,,0.005371671635657549,
214,859,,,-0.005359211005270481,,0.005359211005270481,
215,863,,,-0.005382739007472992,,0.005382739007472992,
216,867,,,-0.005376641172915697,,0.005376641172915697,
217,871,,,-0.005381395108997822,,0.005381395108997822,
218,875,,,-0.005381669383496046,,0.005381669383496046,
219,879,,,-0.0053825522772967815,,0.0053825522772967815,
220,883,,,-0.0053527927957475185,,0.0053527927957475185,
221,887,,,-0.005392182618379593,,0.005392182618379593,
222,891,,,-0.0053857178427278996,,0.0053857178427278996,
223,895,,,-0.0053916210308671,,0.0053916210308671,
224,899,,,,-0.003413558006286621,,0.003413558006286621
224,899,,,-0.005405519623309374,,0.005405519623309374,
225,903,,,-0.005401794333010912,,0.005401794333010912,
226,907,,,-0.005401827394962311,,0.005401827394962311,
227,911,,,-0.005405067931860685,,0.005405067931860685,
228,915,,,-0.005409423261880875,,0.005409423261880875,
229,919,,,-0.005410734564065933,,0.005410734564065933,
230,923,,,-0.00542333023622632,,0.00542333023622632,
231,927,,,-0.005414166953414679,,0.005414166953414679,
232,931,,,-0.005435779225081205,,0.005435779225081205,
233,935,,,-0.005427432246506214,,0.005427432246506214,
234,939,,,-0.005424369126558304,,0.005424369126558304,
235,943,,,-0.00543521624058485,,0.00543521624058485,
236,947,,,-0.005435200408101082,,0.005435200408101082,
237,949,,,,0.0008041262626647949,,-0.0008041262626647949
237,951,,,-0.005438712891191244,,0.005438712891191244,
238,955,,,-0.005437420215457678,,0.005437420215457678,
239,959,,,-0.00544334389269352,,0.00544334389269352,
240,963,,,-0.005443170666694641,,0.005443170666694641,
241,967,,,-0.005439555738121271,,0.005439555738121271,
242,971,,,-0.005442031193524599,,0.005442031193524599,
243,975,,,-0.005457479972392321,,0.005457479972392321,
244,979,,,-0.0054457904770970345,,0.0054457904770970345,
245,983,,,-0.005451437085866928,,0.005451437085866928,
246,987,,,-0.005462289322167635,,0.005462289322167635,
247,991,,,-0.005453773308545351,,0.005453773308545351,
248,995,,,-0.005451205186545849,,0.005451205186545849,
249,999,,,,-0.011010706424713135,,0.011010706424713135
249,999,,,-0.005453917197883129,,0.005453917197883129,
250,1003,,,-0.0054571498185396194,,0.0054571498185396194,
251,1007,,,-0.005460367072373629,,0.005460367072373629,
252,1011,,,-0.00546077499166131,,0.00546077499166131,
253,1015,,,-0.005464760586619377,,0.005464760586619377,
254,1019,,,-0.0054713524878025055,,0.0054713524878025055,
255,1023,,,-0.005464696325361729,,0.005464696325361729,
256,1027,,,-0.0054722013883292675,,0.0054722013883292675,
257,1031,,,-0.005468862131237984,,0.005468862131237984,
258,1035,,,-0.005469298921525478,,0.005469298921525478,
259,1039,,,-0.005475060548633337,,0.005475060548633337,
260,1043,,,-0.005463354755192995,,0.005463354755192995,
261,1047,,,-0.005482967011630535,,0.005482967011630535,
262,1049,,,,-0.00212937593460083,,0.00212937593460083
262,1051,,,-0.005475389305502176,,0.005475389305502176,
263,1055,,,-0.005485296715050936,,0.005485296715050936,
264,1059,,,-0.005487814545631409,,0.005487814545631409,
265,1063,,,-0.00548494141548872,,0.00548494141548872,
266,1067,,,-0.00548547925427556,,0.00548547925427556,
267,1071,,,-0.005483852233737707,,0.005483852233737707,
268,1075,,,-0.005489033181220293,,0.005489033181220293,
269,1079,,,-0.005493343807756901,,0.005493343807756901,
270,1083,,,-0.005492205731570721,,0.005492205731570721,
271,1087,,,-0.005493964534252882,,0.005493964534252882,
272,1091,,,-0.005483067128807306,,0.005483067128807306,
273,1095,,,-0.005501198582351208,,0.005501198582351208,
274,1099,,,,-0.005079865455627441,,0.005079865455627441
274,1099,,,-0.005509892012923956,,0.005509892012923956,
275,1103,,,-0.005489247851073742,,0.005489247851073742,
276,1107,,,-0.005498828366398811,,0.005498828366398811,
277,1111,,,-0.005505751818418503,,0.005505751818418503,
278,1115,,,-0.005501841194927692,,0.005501841194927692,
279,1119,,,-0.005509709473699331,,0.005509709473699331,
280,1123,,,-0.005505986511707306,,0.005505986511707306,
281,1127,,,-0.005507449619472027,,0.005507449619472027,
282,1131,,,-0.005507983732968569,,0.005507983732968569,
283,1135,,,-0.00551151018589735,,0.00551151018589735,
284,1139,,,-0.0055053578689694405,,0.0055053578689694405,
285,1143,,,-0.005509485490620136,,0.005509485490620136,
286,1147,,,-0.005511929281055927,,0.005511929281055927,
287,1149,,,,-0.005961239337921143,,0.005961239337921143
287,1151,,,-0.005518727004528046,,0.005518727004528046,
288,1155,,,-0.005507805850356817,,0.005507805850356817,
289,1159,,,-0.005516829434782267,,0.005516829434782267,
290,1163,,,-0.005517847836017609,,0.005517847836017609,
291,1167,,,-0.005529203452169895,,0.005529203452169895,
292,1171,,,-0.0055154431611299515,,0.0055154431611299515,
293,1175,,,-0.005521073006093502,,0.005521073006093502,
294,1179,,,-0.005529074929654598,,0.005529074929654598,
295,1183,,,-0.005531066097319126,,0.005531066097319126,
296,1187,,,-0.005521012470126152,,0.005521012470126152,
297,1191,,,-0.005523972678929567,,0.005523972678929567,
298,1195,,,-0.0055301194079220295,,0.0055301194079220295,
299,1199,,,,-0.007133841514587402,,0.007133841514587402
299,1199,,,-0.005531615577638149,,0.005531615577638149,
300,1203,,,-0.005531858652830124,,0.005531858652830124,
301,1207,,,-0.0055260066874325275,,0.0055260066874325275,
302,1211,,,-0.005515506025403738,,0.005515506025403738,
303,1215,,,-0.00553723331540823,,0.00553723331540823,
304,1219,,,-0.005535530857741833,,0.005535530857741833,
305,1223,,,-0.005539441481232643,,0.005539441481232643,
306,1227,,,-0.005540255922824144,,0.005540255922824144,
307,1231,,,-0.00553554343059659,,0.00553554343059659,
308,1235,,,-0.005544628482311964,,0.005544628482311964,
309,1239,,,-0.005548441782593727,,0.005548441782593727,
310,1243,,,-0.005563751328736544,,0.005563751328736544,
311,1247,,,-0.005545651540160179,,0.005545651540160179,
312,1249,,,,-0.003908276557922363,,0.003908276557922363
312,1251,,,-0.0055393921211361885,,0.0055393921211361885,
313,1255,,,-0.005543009378015995,,0.005543009378015995,
314,1259,,,-0.005551271140575409,,0.005551271140575409,
315,1263,,,-0.005548298824578524,,0.005548298824578524,
316,1267,,,-0.005555233918130398,,0.005555233918130398,
317,1271,,,-0.005551905836910009,,0.005551905836910009,
318,1275,,,-0.005551432725042105,,0.005551432725042105,
319,1279,,,-0.005555169191211462,,0.005555169191211462,
320,1283,,,-0.00555380480363965,,0.00555380480363965,
321,1287,,,-0.005549414549022913,,0.005549414549022913,
322,1291,,,-0.005561477039009333,,0.005561477039009333,
323,1295,,,-0.005552997812628746,,0.005552997812628746,
324,1299,,,,-0.0025905370712280273,,0.0025905370712280273
324,1299,,,-0.005561257712543011,,0.005561257712543011,
325,1303,,,-0.005566050764173269,,0.005566050764173269,
326,1307,,,-0.005561786238104105,,0.005561786238104105,
327,1311,,,-0.00556592270731926,,0.00556592270731926,
328,1315,,,-0.0055656032636761665,,0.0055656032636761665,
329,1319,,,-0.005557993892580271,,0.005557993892580271,
330,1323,,,-0.005566148087382317,,0.005566148087382317,
331,1327,,,-0.005562739446759224,,0.005562739446759224,
332,1331,,,-0.005560743622481823,,0.005560743622481823,
333,1335,,,-0.005571985151618719,,0.005571985151618719,
334,1339,,,-0.005570250563323498,,0.005570250563323498,
335,1343,,,-0.0055686477571725845,,0.0055686477571725845,
336,1347,,,-0.00558240432292223,,0.00558240432292223,
337,1349,,,,-0.007762998342514038,,0.007762998342514038
337,1351,,,-0.005584230180829763,,0.005584230180829763,
338,1355,,,-0.0055746110156178474,,0.0055746110156178474,
339,1359,,,-0.005568281747400761,,0.005568281747400761,
340,1363,,,-0.005569900386035442,,0.005569900386035442,
341,1367,,,-0.005574743263423443,,0.005574743263423443,
342,1371,,,-0.005574180744588375,,0.005574180744588375,
343,1375,,,-0.005576181225478649,,0.005576181225478649,
344,1379,,,-0.005576147697865963,,0.005576147697865963,
345,1383,,,-0.005578956566751003,,0.005578956566751003,
346,1387,,,-0.005579400807619095,,0.005579400807619095,
347,1391,,,-0.00557944318279624,,0.00557944318279624,
348,1395,,,-0.005581469275057316,,0.005581469275057316,
349,1399,,,,-0.006542980670928955,,0.006542980670928955
349,1399,,,-0.005582328885793686,,0.005582328885793686,
350,1403,,,-0.0055735609494149685,,0.0055735609494149685,
351,1407,,,-0.005577942356467247,,0.005577942356467247,
352,1411,,,-0.005574352107942104,,0.005574352107942104,
353,1415,,,-0.00558057427406311,,0.00558057427406311,
354,1419,,,-0.005574818700551987,,0.005574818700551987,
355,1423,,,-0.005590380635112524,,0.005590380635112524,
356,1427,,,-0.005588327534496784,,0.005588327534496784,
357,1431,,,-0.005587780848145485,,0.005587780848145485,
358,1435,,,-0.0055893296375870705,,0.0055893296375870705,
359,1439,,,-0.005591952241957188,,0.005591952241957188,
360,1443,,,-0.005589415319263935,,0.005589415319263935,
361,1447,,,-0.005591417197138071,,0.005591417197138071,
362,1449,,,,-0.00508803129196167,,0.00508803129196167
362,1451,,,-0.005596916191279888,,0.005596916191279888,
363,1455,,,-0.005594100337475538,,0.005594100337475538,
364,1459,,,-0.00559554947540164,,0.00559554947540164,
365,1463,,,-0.005598397459834814,,0.005598397459834814,
366,1467,,,-0.005603499244898558,,0.005603499244898558,
367,1471,,,-0.005605779588222504,,0.005605779588222504,
368,1475,,,-0.0056001474149525166,,0.0056001474149525166,
369,1479,,,-0.00560526829212904,,0.00560526829212904,
370,1483,,,-0.005599025636911392,,0.005599025636911392,
371,1487,,,-0.005600635893642902,,0.005600635893642902,
372,1491,,,-0.005611041560769081,,0.005611041560769081,
373,1495,,,-0.005604979582130909,,0.005604979582130909,
374,1499,,,,-0.007757842540740967,,0.007757842540740967
374,1499,,,-0.005599754396826029,,0.005599754396826029,
375,1503,,,-0.005599730648100376,,0.005599730648100376,
376,1507,,,-0.005613820627331734,,0.005613820627331734,
377,1511,,,-0.005602728109806776,,0.005602728109806776,
378,1515,,,-0.005604327656328678,,0.005604327656328678,
379,1519,,,-0.005606377497315407,,0.005606377497315407,
380,1523,,,-0.005609137937426567,,0.005609137937426567,
381,1527,,,-0.005611497908830643,,0.005611497908830643,
382,1531,,,-0.005610580090433359,,0.005610580090433359,
383,1535,,,-0.0056134182959795,,0.0056134182959795,
384,1539,,,-0.005608496721833944,,0.005608496721833944,
385,1543,,,-0.005615295376628637,,0.005615295376628637,
386,1547,,,-0.005615583620965481,,0.005615583620965481,
387,1549,,,,-0.005037963390350342,,0.005037963390350342
387,1551,,,-0.005614547058939934,,0.005614547058939934,
388,1555,,,-0.005612724460661411,,0.005612724460661411,
389,1559,,,-0.00561993895098567,,0.00561993895098567,
390,1563,,,-0.005616680718958378,,0.005616680718958378,
391,1567,,,-0.00561696058139205,,0.00561696058139205,
392,1571,,,-0.005625017918646336,,0.005625017918646336,
393,1575,,,-0.005615456961095333,,0.005615456961095333,
394,1579,,,-0.0056160069070756435,,0.0056160069070756435,
395,1583,,,-0.005626685451716185,,0.005626685451716185,
396,1587,,,-0.005620094481855631,,0.005620094481855631,
397,1591,,,-0.005623534321784973,,0.005623534321784973,
398,1595,,,-0.0056219021789729595,,0.0056219021789729595,
399,1599,,,,-0.006788820028305054,,0.006788820028305054
399,1599,,,-0.005625071469694376,,0.005625071469694376,
400,1603,,,-0.005629091989248991,,0.005629091989248991,
401,1607,,,-0.005623889155685902,,0.005623889155685902,
402,1611,,,-0.005632616113871336,,0.005632616113871336,
403,1615,,,-0.00562994834035635,,0.00562994834035635,
404,1619,,,-0.005626897793263197,,0.005626897793263197,
405,1623,,,-0.005621783435344696,,0.005621783435344696,
406,1627,,,-0.005637488793581724,,0.005637488793581724,
407,1631,,,-0.005634975153952837,,0.005634975153952837,
408,1635,,,-0.005628424230962992,,0.005628424230962992,
409,1639,,,-0.005636956077069044,,0.005636956077069044,
410,1643,,,-0.005638374947011471,,0.005638374947011471,
411,1647,,,-0.0056295208632946014,,0.0056295208632946014,
412,1649,,,,-0.0034303665161132812,,0.0034303665161132812
412,1651,,,-0.0056272163055837154,,0.0056272163055837154,
413,1655,,,-0.00563918799161911,,0.00563918799161911,
414,1659,,,-0.005641196388751268,,0.005641196388751268,
415,1663,,,-0.005640230141580105,,0.005640230141580105,
416,1667,,,-0.005638908129185438,,0.005638908129185438,
417,1671,,,-0.005638613365590572,,0.005638613365590572,
418,1675,,,-0.0056439354084432125,,0.0056439354084432125,
419,1679,,,-0.005644751247018576,,0.005644751247018576,
420,1683,,,-0.005644916091114283,,0.005644916091114283,
421,1687,,,-0.00564501853659749,,0.00564501853659749,
422,1691,,,-0.0056521110236644745,,0.0056521110236644745,
423,1695,,,-0.00564831355586648,,0.00564831355586648,
424,1699,,,,-0.0037857890129089355,,0.0037857890129089355
424,1699,,,-0.005657602567225695,,0.005657602567225695,
425,1703,,,-0.005652242805808783,,0.005652242805808783,
426,1707,,,-0.0056547438725829124,,0.0056547438725829124,
427,1711,,,-0.005650932434946299,,0.005650932434946299,
428,1715,,,-0.005654118023812771,,0.005654118023812771,
429,1719,,,-0.005641798488795757,,0.005641798488795757,
430,1723,,,-0.005662327166646719,,0.005662327166646719,
431,1727,,,-0.005662191659212112,,0.005662191659212112,
432,1731,,,-0.005649935454130173,,0.005649935454130173,
433,1735,,,-0.005654079839587212,,0.005654079839587212,
434,1739,,,-0.005656218156218529,,0.005656218156218529,
435,1743,,,-0.005655261222273111,,0.005655261222273111,
436,1747,,,-0.005663616117089987,,0.005663616117089987,
437,1749,,,,-0.004097551107406616,,0.004097551107406616
437,1751,,,-0.005662317853420973,,0.005662317853420973,
438,1755,,,-0.005663525313138962,,0.005663525313138962,
439,1759,,,-0.00566335441544652,,0.00566335441544652,
440,1763,,,-0.005664504133164883,,0.005664504133164883,
441,1767,,,-0.005660508759319782,,0.005660508759319782,
442,1771,,,-0.005666001699864864,,0.005666001699864864,
443,1775,,,-0.005664822645485401,,0.005664822645485401,
444,1779,,,-0.005661326926201582,,0.005661326926201582,
445,1783,,,-0.0056653572246432304,,0.0056653572246432304,
446,1787,,,-0.00566737400367856,,0.00566737400367856,
447,1791,,,-0.005663914605975151,,0.005663914605975151,
448,1795,,,-0.005652483087033033,,0.005652483087033033,
449,1799,,,,-0.005441337823867798,,0.005441337823867798
449,1799,,,-0.005669107660651207,,0.005669107660651207,
450,1803,,,-0.005674091633409262,,0.005674091633409262,
451,1807,,,-0.005673497449606657,,0.005673497449606657,
452,1811,,,-0.0056503694504499435,,0.0056503694504499435,
453,1815,,,-0.0056764306500554085,,0.0056764306500554085,
454,1819,,,-0.005670277401804924,,0.005670277401804924,
455,1823,,,-0.005675911903381348,,0.005675911903381348,
456,1827,,,-0.005668700207024813,,0.005668700207024813,
457,1831,,,-0.005673098377883434,,0.005673098377883434,
458,1835,,,-0.005681648850440979,,0.005681648850440979,
459,1839,,,-0.005677888635545969,,0.005677888635545969,
460,1843,,,-0.005674510728567839,,0.005674510728567839,
461,1847,,,-0.005685706157237291,,0.005685706157237291,
462,1849,,,,-0.004630833864212036,,0.004630833864212036
462,1851,,,-0.005682516377419233,,0.005682516377419233,
463,1855,,,-0.005681836977601051,,0.005681836977601051,
464,1859,,,-0.005690507125109434,,0.005690507125109434,
465,1863,,,-0.00568576343357563,,0.00568576343357563,
466,1867,,,-0.005686961580067873,,0.005686961580067873,
467,1871,,,-0.005693536717444658,,0.005693536717444658,
468,1875,,,-0.005684948526322842,,0.005684948526322842,
469,1879,,,-0.005693439859896898,,0.005693439859896898,
470,1883,,,-0.005687818396836519,,0.005687818396836519,
471,1887,,,-0.0056847333908081055,,0.0056847333908081055,
472,1891,,,-0.005683170165866613,,0.005683170165866613,
473,1895,,,-0.005689145531505346,,0.005689145531505346,
474,1899,,,,-0.0067990124225616455,,0.0067990124225616455
474,1899,,,-0.005678379442542791,,0.005678379442542791,
475,1903,,,-0.0056991735473275185,,0.0056991735473275185,
476,1907,,,-0.005687063094228506,,0.005687063094228506,
477,1911,,,-0.005691339261829853,,0.005691339261829853,
478,1915,,,-0.005689655896276236,,0.005689655896276236,
479,1919,,,-0.005700717214494944,,0.005700717214494944,
480,1923,,,-0.005696355365216732,,0.005696355365216732,
481,1927,,,-0.0057089971378445625,,0.0057089971378445625,
482,1931,,,-0.005701699294149876,,0.005701699294149876,
483,1935,,,-0.005703612696379423,,0.005703612696379423,
484,1939,,,-0.005696887616068125,,0.005696887616068125,
485,1943,,,-0.005696296691894531,,0.005696296691894531,
486,1947,,,-0.00570401968434453,,0.00570401968434453,
487,1949,,,,-0.0043298304080963135,,0.0043298304080963135
487,1951,,,-0.005704943090677261,,0.005704943090677261,
488,1955,,,-0.005704001057893038,,0.005704001057893038,
489,1959,,,-0.005703259259462357,,0.005703259259462357,
490,1963,,,-0.005692989099770784,,0.005692989099770784,
491,1967,,,-0.005710985045880079,,0.005710985045880079,
492,1971,,,-0.0056989374570548534,,0.0056989374570548534,
493,1975,,,-0.005695549305528402,,0.005695549305528402,
494,1979,,,-0.00570599315688014,,0.00570599315688014,
495,1983,,,-0.005705413408577442,,0.005705413408577442,
496,1987,,,-0.005706086754798889,,0.005706086754798889,
497,1991,,,-0.005699731409549713,,0.005699731409549713,
498,1995,,,-0.005710232071578503,,0.005710232071578503,
499,1999,,,,-0.004643231630325317,,0.004643231630325317
499,1999,,,-0.005713161081075668,,0.005713161081075668,
500,2003,,,-0.005703098140656948,,0.005703098140656948,
501,2007,,,-0.005715824197977781,,0.005715824197977781,
502,2011,,,-0.005708875134587288,,0.005708875134587288,
503,2015,,,-0.00571678439155221,,0.00571678439155221,
504,2019,,,-0.005720430053770542,,0.005720430053770542,
505,2023,,,-0.005719074048101902,,0.005719074048101902,
506,2027,,,-0.0057195327244699,,0.0057195327244699,
507,2031,,,-0.005723545793443918,,0.005723545793443918,
508,2035,,,-0.0057198903523385525,,0.0057198903523385525,
509,2039,,,-0.0057181124575436115,,0.0057181124575436115,
510,2043,,,-0.005719614680856466,,0.005719614680856466,
511,2047,,,-0.005725373513996601,,0.005725373513996601,
512,2049,,,,-0.00796365737915039,,0.00796365737915039
512,2051,,,-0.0057208421640098095,,0.0057208421640098095,
513,2055,,,-0.005725447088479996,,0.005725447088479996,
514,2059,,,-0.005711063742637634,,0.005711063742637634,
515,2063,,,-0.005715294275432825,,0.005715294275432825,
516,2067,,,-0.005721846595406532,,0.005721846595406532,
517,2071,,,-0.005723557900637388,,0.005723557900637388,
518,2075,,,-0.005731056444346905,,0.005731056444346905,
519,2079,,,-0.005717917811125517,,0.005717917811125517,
520,2083,,,-0.005720329936593771,,0.005720329936593771,
521,2087,,,-0.005732489284127951,,0.005732489284127951,
522,2091,,,-0.005728882737457752,,0.005728882737457752,
523,2095,,,-0.005731374025344849,,0.005731374025344849,
524,2099,,,,-0.010707050561904907,,0.010707050561904907
524,2099,,,-0.005730734672397375,,0.005730734672397375,
525,2103,,,-0.0057333786971867085,,0.0057333786971867085,
526,2107,,,-0.005706210620701313,,0.005706210620701313,
527,2111,,,-0.00571774784475565,,0.00571774784475565,
528,2115,,,-0.0057297698222100735,,0.0057297698222100735,
529,2119,,,-0.005736370570957661,,0.005736370570957661,
530,2123,,,-0.005740032065659761,,0.005740032065659761,
531,2127,,,-0.005732778459787369,,0.005732778459787369,
532,2131,,,-0.0057365782558918,,0.0057365782558918,
533,2135,,,-0.005727715324610472,,0.005727715324610472,
534,2139,,,-0.005733630619943142,,0.005733630619943142,
535,2143,,,-0.005743400193750858,,0.005743400193750858,
536,2147,,,-0.005741575267165899,,0.005741575267165899,
537,2149,,,,-0.005273044109344482,,0.005273044109344482
537,2151,,,-0.005741822067648172,,0.005741822067648172,
538,2155,,,-0.0057431673631072044,,0.0057431673631072044,
539,2159,,,-0.005739444401115179,,0.005739444401115179,
540,2163,,,-0.005764531437307596,,0.005764531437307596,
541,2167,,,-0.005743814632296562,,0.005743814632296562,
542,2171,,,-0.005744784604758024,,0.005744784604758024,
543,2175,,,-0.005742263048887253,,0.005742263048887253,
544,2179,,,-0.00574314733967185,,0.00574314733967185,
545,2183,,,-0.005749590694904327,,0.005749590694904327,
546,2187,,,-0.005748826079070568,,0.005748826079070568,
547,2191,,,-0.005751214921474457,,0.005751214921474457,
548,2195,,,-0.0057443371042609215,,0.0057443371042609215,
549,2199,,,,-0.004920005798339844,,0.004920005798339844
549,2199,,,-0.00574869941920042,,0.00574869941920042,
550,2203,,,-0.005749199073761702,,0.005749199073761702,
551,2207,,,-0.00575836468487978,,0.00575836468487978,
552,2211,,,-0.0057539246045053005,,0.0057539246045053005,
553,2215,,,-0.005749382544308901,,0.005749382544308901,
554,2219,,,-0.005758211947977543,,0.005758211947977543,
555,2223,,,-0.005746965762227774,,0.005746965762227774,
556,2227,,,-0.0057531120255589485,,0.0057531120255589485,
557,2231,,,-0.0057525793090462685,,0.0057525793090462685,
558,2235,,,-0.0057586668990552425,,0.0057586668990552425,
559,2239,,,-0.005757707171142101,,0.005757707171142101,
560,2243,,,-0.005752693861722946,,0.005752693861722946,
561,2247,,,-0.005755432415753603,,0.005755432415753603,
562,2249,,,,-0.004529893398284912,,0.004529893398284912
562,2251,,,-0.005755318328738213,,0.005755318328738213,
563,2255,,,-0.00576147111132741,,0.00576147111132741,
564,2259,,,-0.005767244379967451,,0.005767244379967451,
565,2263,,,-0.005763118155300617,,0.005763118155300617,
566,2267,,,-0.005762187764048576,,0.005762187764048576,
567,2271,,,-0.005759174469858408,,0.005759174469858408,
568,2275,,,-0.005766606889665127,,0.005766606889665127,
569,2279,,,-0.005762466229498386,,0.005762466229498386,
570,2283,,,-0.005770188290625811,,0.005770188290625811,
571,2287,,,-0.005772803910076618,,0.005772803910076618,
572,2291,,,-0.0057655335403978825,,0.0057655335403978825,
573,2295,,,-0.005752623081207275,,0.005752623081207275,
574,2299,,,,-0.009237617254257202,,0.009237617254257202
574,2299,,,-0.005761722568422556,,0.005761722568422556,
575,2303,,,-0.005772261414676905,,0.005772261414676905,
576,2307,,,-0.0057679759338498116,,0.0057679759338498116,
577,2311,,,-0.005738863721489906,,0.005738863721489906,
578,2315,,,-0.005779825616627932,,0.005779825616627932,
579,2319,,,-0.005771751049906015,,0.005771751049906015,
580,2323,,,-0.0057693663984537125,,0.0057693663984537125,
581,2327,,,-0.005767230410128832,,0.005767230410128832,
582,2331,,,-0.005775253754109144,,0.005775253754109144,
583,2335,,,-0.005773123819380999,,0.005773123819380999,
584,2339,,,-0.00577619019895792,,0.00577619019895792,
585,2343,,,-0.005763683933764696,,0.005763683933764696,
586,2347,,,-0.005773722194135189,,0.005773722194135189,
587,2349,,,,-0.0043506920337677,,0.0043506920337677
587,2351,,,-0.005773925222456455,,0.005773925222456455,
588,2355,,,-0.005776971112936735,,0.005776971112936735,
589,2359,,,-0.005775553174316883,,0.005775553174316883,
590,2363,,,-0.005781293381005526,,0.005781293381005526,
591,2367,,,-0.005776847712695599,,0.005776847712695599,
592,2371,,,-0.005783997010439634,,0.005783997010439634,
593,2375,,,-0.005778384394943714,,0.005778384394943714,
594,2379,,,-0.005782218649983406,,0.005782218649983406,
595,2383,,,-0.00577126257121563,,0.00577126257121563,
596,2387,,,-0.005786682479083538,,0.005786682479083538,
597,2391,,,-0.00577627494931221,,0.00577627494931221,
598,2395,,,-0.00577783677726984,,0.00577783677726984,
599,2399,,,,-0.0038119256496429443,,0.0038119256496429443
599,2399,,,-0.005784436594694853,,0.005784436594694853,
600,2403,,,-0.005787160713225603,,0.005787160713225603,
601,2407,,,-0.005784039385616779,,0.005784039385616779,
602,2411,,,-0.005788226146250963,,0.005788226146250963,
603,2415,,,-0.005788844078779221,,0.005788844078779221,
604,2419,,,-0.005781836342066526,,0.005781836342066526,
605,2423,,,-0.0057907504960894585,,0.0057907504960894585,
606,2427,,,-0.005782435182482004,,0.005782435182482004,
607,2431,,,-0.005794812459498644,,0.005794812459498644,
608,2435,,,-0.005791633855551481,,0.005791633855551481,
609,2439,,,-0.005790636874735355,,0.005790636874735355,
610,2443,,,-0.005788423120975494,,0.005788423120975494,
611,2447,,,-0.0057792384177446365,,0.0057792384177446365,
612,2449,,,,-0.006627827882766724,,0.006627827882766724
612,2451,,,-0.005791176576167345,,0.005791176576167345,
613,2455,,,-0.0057892948389053345,,0.0057892948389053345,
614,2459,,,-0.005801589693874121,,0.005801589693874121,
615,2463,,,-0.005794956814497709,,0.005794956814497709,
616,2467,,,-0.005800011567771435,,0.005800011567771435,
617,2471,,,-0.00580108817666769,,0.00580108817666769,
618,2475,,,-0.00579588208347559,,0.00579588208347559,
619,2479,,,-0.005794558208435774,,0.005794558208435774,
620,2483,,,-0.005792334210127592,,0.005792334210127592,
621,2487,,,-0.005809192080050707,,0.005809192080050707,
622,2491,,,-0.0057970620691776276,,0.0057970620691776276,
623,2495,,,-0.005784444510936737,,0.005784444510936737,
624,2499,,,,-0.003773629665374756,,0.003773629665374756
624,2499,,,-0.005793110933154821,,0.005793110933154821,
625,2503,,,-0.0057969000190496445,,0.0057969000190496445,
626,2507,,,-0.005804076325148344,,0.005804076325148344,
627,2511,,,-0.0057982164435088634,,0.0057982164435088634,
628,2515,,,-0.005803754087537527,,0.005803754087537527,
629,2519,,,-0.005802907980978489,,0.005802907980978489,
630,2523,,,-0.005800617393106222,,0.005800617393106222,
631,2527,,,-0.0058152261190116405,,0.0058152261190116405,
632,2531,,,-0.0058076102286577225,,0.0058076102286577225,
633,2535,,,-0.0058059534057974815,,0.0058059534057974815,
634,2539,,,-0.005800854414701462,,0.005800854414701462,
635,2543,,,-0.005806466098874807,,0.005806466098874807,
636,2547,,,-0.005813485477119684,,0.005813485477119684,
637,2549,,,,-0.006876945495605469,,0.006876945495605469
637,2551,,,-0.005810502450913191,,0.005810502450913191,
638,2555,,,-0.005811021197587252,,0.005811021197587252,
639,2559,,,-0.00581098347902298,,0.00581098347902298,
640,2563,,,-0.005811879877001047,,0.005811879877001047,
641,2567,,,-0.00581507058814168,,0.00581507058814168,
642,2571,,,-0.005796521436423063,,0.005796521436423063,
643,2575,,,-0.005814408417791128,,0.005814408417791128,
644,2579,,,-0.005809466354548931,,0.005809466354548931,
645,2583,,,-0.005806980188935995,,0.005806980188935995,
646,2587,,,-0.005801272578537464,,0.005801272578537464,
647,2591,,,-0.005817999131977558,,0.005817999131977558,
648,2595,,,-0.005819730460643768,,0.005819730460643768,
649,2599,,,,-0.004998922348022461,,0.004998922348022461
649,2599,,,-0.005815860349684954,,0.005815860349684954,
650,2603,,,-0.005817648023366928,,0.005817648023366928,
651,2607,,,-0.005813624244183302,,0.005813624244183302,
652,2611,,,-0.005820245482027531,,0.005820245482027531,
653,2615,,,-0.005809760186821222,,0.005809760186821222,
654,2619,,,-0.005825605243444443,,0.005825605243444443,
655,2623,,,-0.005808668676763773,,0.005808668676763773,
656,2627,,,-0.005819699726998806,,0.005819699726998806,
657,2631,,,-0.005815589800477028,,0.005815589800477028,
658,2635,,,-0.005833671893924475,,0.005833671893924475,
659,2639,,,-0.005826201755553484,,0.005826201755553484,
660,2643,,,-0.0058294604532420635,,0.0058294604532420635,
661,2647,,,-0.0058287326246500015,,0.0058287326246500015,
662,2649,,,,-0.005910962820053101,,0.005910962820053101
662,2651,,,-0.005820885766297579,,0.005820885766297579,
663,2655,,,-0.005837131291627884,,0.005837131291627884,
664,2659,,,-0.005827450193464756,,0.005827450193464756,
665,2663,,,-0.005831765942275524,,0.005831765942275524,
666,2667,,,-0.0058327894657850266,,0.0058327894657850266,
667,2671,,,-0.005834626965224743,,0.005834626965224743,
668,2675,,,-0.005828670226037502,,0.005828670226037502,
669,2679,,,-0.005832727532833815,,0.005832727532833815,
670,2683,,,-0.005827481858432293,,0.005827481858432293,
671,2687,,,-0.0058378311805427074,,0.0058378311805427074,
672,2691,,,-0.005817699246108532,,0.005817699246108532,
673,2695,,,-0.005833344534039497,,0.005833344534039497,
674,2699,,,,-0.00603407621383667,,0.00603407621383667
674,2699,,,-0.005837246775627136,,0.005837246775627136,
675,2703,,,-0.0058321403339505196,,0.0058321403339505196,
676,2707,,,-0.005836331285536289,,0.005836331285536289,
677,2711,,,-0.005823931191116571,,0.005823931191116571,
678,2715,,,-0.005837637465447187,,0.005837637465447187,
679,2719,,,-0.005838941782712936,,0.005838941782712936,
680,2723,,,-0.005839008372277021,,0.005839008372277021,
681,2727,,,-0.005836283788084984,,0.005836283788084984,
682,2731,,,-0.005841772072017193,,0.005841772072017193,
683,2735,,,-0.005832944996654987,,0.005832944996654987,
684,2739,,,-0.005840065889060497,,0.005840065889060497,
685,2743,,,-0.005813495256006718,,0.005813495256006718,
686,2747,,,-0.005848579108715057,,0.005848579108715057,
687,2749,,,,-0.00641554594039917,,0.00641554594039917
687,2751,,,-0.005839123856276274,,0.005839123856276274,
688,2755,,,-0.005835845600813627,,0.005835845600813627,
689,2759,,,-0.005829103756695986,,0.005829103756695986,
690,2763,,,-0.005835941061377525,,0.005835941061377525,
691,2767,,,-0.005837623495608568,,0.005837623495608568,
692,2771,,,-0.005840625148266554,,0.005840625148266554,
693,2775,,,-0.005842551589012146,,0.005842551589012146,
694,2779,,,-0.005836370401084423,,0.005836370401084423,
695,2783,,,-0.005849204491823912,,0.005849204491823912,
696,2787,,,-0.005842353217303753,,0.005842353217303753,
697,2791,,,-0.005843284074217081,,0.005843284074217081,
698,2795,,,-0.005847224500030279,,0.005847224500030279,
699,2799,,,,-0.004287034273147583,,0.004287034273147583
699,2799,,,-0.005839091259986162,,0.005839091259986162,
700,2803,,,-0.00584179675206542,,0.00584179675206542,
701,2807,,,-0.005848289933055639,,0.005848289933055639,
702,2811,,,-0.005849641747772694,,0.005849641747772694,
703,2815,,,-0.005849632900208235,,0.005849632900208235,
704,2819,,,-0.005852525122463703,,0.005852525122463703,
705,2823,,,-0.005846558138728142,,0.005846558138728142,
706,2827,,,-0.005848356522619724,,0.005848356522619724,
707,2831,,,-0.005844521336257458,,0.005844521336257458,
708,2835,,,-0.00585088599473238,,0.00585088599473238,
709,2839,,,-0.005861216224730015,,0.005861216224730015,
710,2843,,,-0.0058568320237100124,,0.0058568320237100124,
711,2847,,,-0.005836300551891327,,0.005836300551891327,
712,2849,,,,-0.008595854043960571,,0.008595854043960571
712,2851,,,-0.005857645068317652,,0.005857645068317652,
713,2855,,,-0.005856510251760483,,0.005856510251760483,
714,2859,,,-0.0058472249656915665,,0.0058472249656915665,
715,2863,,,-0.005855538882315159,,0.005855538882315159,
716,2867,,,-0.005854343064129353,,0.005854343064129353,
717,2871,,,-0.005842592567205429,,0.005842592567205429,
718,2875,,,-0.005853195209056139,,0.005853195209056139,
719,2879,,,-0.005856808740645647,,0.005856808740645647,
720,2883,,,-0.00583967799320817,,0.00583967799320817,
721,2887,,,-0.005852497648447752,,0.005852497648447752,
722,2891,,,-0.005856082309037447,,0.005856082309037447,
723,2895,,,-0.0058647505939006805,,0.0058647505939006805,
724,2899,,,,-0.004576534032821655,,0.004576534032821655
724,2899,,,-0.0058591328561306,,0.0058591328561306,
725,2903,,,-0.0058485642075538635,,0.0058485642075538635,
726,2907,,,-0.0058666677214205265,,0.0058666677214205265,
727,2911,,,-0.005862212739884853,,0.005862212739884853,
728,2915,,,-0.005865436978638172,,0.005865436978638172,
729,2919,,,-0.005849030800163746,,0.005849030800163746,
730,2923,,,-0.005858040880411863,,0.005858040880411863,
731,2927,,,-0.005869286600500345,,0.005869286600500345,
732,2931,,,-0.005862542428076267,,0.005862542428076267,
733,2935,,,-0.005852255504578352,,0.005852255504578352,
734,2939,,,-0.005855212919414043,,0.005855212919414043,
735,2943,,,-0.00586159760132432,,0.00586159760132432,
736,2947,,,-0.005868412554264069,,0.005868412554264069,
737,2949,,,,-0.004104882478713989,,0.004104882478713989
737,2951,,,-0.005863911937922239,,0.005863911937922239,
738,2955,,,-0.005861043464392424,,0.005861043464392424,
739,2959,,,-0.0058654192835092545,,0.0058654192835092545,
740,2963,,,-0.005862771533429623,,0.005862771533429623,
741,2967,,,-0.005870540626347065,,0.005870540626347065,
742,2971,,,-0.005867122206836939,,0.005867122206836939,
743,2975,,,-0.005873666610568762,,0.005873666610568762,
744,2979,,,-0.0058714719489216805,,0.0058714719489216805,
745,2983,,,-0.005875205621123314,,0.005875205621123314,
746,2987,,,-0.005869620013982058,,0.005869620013982058,
747,2991,,,-0.005855729803442955,,0.005855729803442955,
748,2995,,,-0.00587077671661973,,0.00587077671661973,
749,2999,,,,-0.004485130310058594,,0.004485130310058594
749,2999,,,-0.0058725797571241856,,0.0058725797571241856,
750,3003,,,-0.0058617969043552876,,0.0058617969043552876,
751,3007,,,-0.005877010524272919,,0.005877010524272919,
752,3011,,,-0.005882385186851025,,0.005882385186851025,
753,3015,,,-0.005860298406332731,,0.005860298406332731,
754,3019,,,-0.005880417767912149,,0.005880417767912149,
755,3023,,,-0.0058792950585484505,,0.0058792950585484505,
756,3027,,,-0.0058623929508030415,,0.0058623929508030415,
757,3031,,,-0.00587830925360322,,0.00587830925360322,
758,3035,,,-0.005876457784324884,,0.005876457784324884,
759,3039,,,-0.005883859004825354,,0.005883859004825354,
760,3043,,,-0.005878958385437727,,0.005878958385437727,
761,3047,,,-0.005885945167392492,,0.005885945167392492,
762,3049,,,,-0.0037832558155059814,,0.0037832558155059814
762,3051,,,-0.0058814529329538345,,0.0058814529329538345,
763,3055,,,-0.005880963522940874,,0.005880963522940874,
764,3059,,,-0.005886861123144627,,0.005886861123144627,
765,3063,,,-0.005884084850549698,,0.005884084850549698,
766,3067,,,-0.005875872913748026,,0.005875872913748026,
767,3071,,,-0.0058808401226997375,,0.0058808401226997375,
768,3075,,,-0.005886391270905733,,0.005886391270905733,
769,3079,,,-0.005886238534003496,,0.005886238534003496,
770,3083,,,-0.005867431405931711,,0.005867431405931711,
771,3087,,,-0.00588681735098362,,0.00588681735098362,
772,3091,,,-0.0058774580247700214,,0.0058774580247700214,
773,3095,,,-0.005882344674319029,,0.005882344674319029,
774,3099,,,,-0.006153106689453125,,0.006153106689453125
774,3099,,,-0.005884435493499041,,0.005884435493499041,
775,3103,,,-0.005891487933695316,,0.005891487933695316,
776,3107,,,-0.005884901620447636,,0.005884901620447636,
777,3111,,,-0.005892148707062006,,0.005892148707062006,
778,3115,,,-0.0058924672193825245,,0.0058924672193825245,
779,3119,,,-0.005890482105314732,,0.005890482105314732,
780,3123,,,-0.0058883377350866795,,0.0058883377350866795,
781,3127,,,-0.005893331486731768,,0.005893331486731768,
782,3131,,,-0.005894337315112352,,0.005894337315112352,
783,3135,,,-0.00589545676484704,,0.00589545676484704,
784,3139,,,-0.005895296577364206,,0.005895296577364206,
785,3143,,,-0.005889859050512314,,0.005889859050512314,
786,3147,,,-0.005894027184695005,,0.005894027184695005,
787,3149,,,,-0.006668657064437866,,0.006668657064437866
787,3151,,,-0.005895659327507019,,0.005895659327507019,
788,3155,,,-0.005894296336919069,,0.005894296336919069,
789,3159,,,-0.0058914474211633205,,0.0058914474211633205,
790,3163,,,-0.005892281886190176,,0.005892281886190176,
791,3167,,,-0.005900002084672451,,0.005900002084672451,
792,3171,,,-0.005898547358810902,,0.005898547358810902,
793,3175,,,-0.005888754036277533,,0.005888754036277533,
794,3179,,,-0.00589772267267108,,0.00589772267267108,
795,3183,,,-0.005890894215553999,,0.005890894215553999,
796,3187,,,-0.005899704992771149,,0.005899704992771149,
797,3191,,,-0.005897141993045807,,0.005897141993045807,
798,3195,,,-0.005894195754081011,,0.005894195754081011,
799,3199,,,,-0.007409125566482544,,0.007409125566482544
799,3199,,,-0.005902550648897886,,0.005902550648897886,
800,3203,,,-0.005894138012081385,,0.005894138012081385,
801,3207,,,-0.005901325959712267,,0.005901325959712267,
802,3211,,,-0.005896884016692638,,0.005896884016692638,
803,3215,,,-0.005903871729969978,,0.005903871729969978,
804,3219,,,-0.005901840049773455,,0.005901840049773455,
805,3223,,,-0.00590339582413435,,0.00590339582413435,
806,3227,,,-0.005905298516154289,,0.005905298516154289,
807,3231,,,-0.00589869124814868,,0.00589869124814868,
808,3235,,,-0.005897802766412497,,0.005897802766412497,
809,3239,,,-0.005908445920795202,,0.005908445920795202,
810,3243,,,-0.005903657991439104,,0.005903657991439104,
811,3247,,,-0.0059062885120511055,,0.0059062885120511055,
812,3249,,,,-0.004863440990447998,,0.004863440990447998
812,3251,,,-0.005906058009713888,,0.005906058009713888,
813,3255,,,-0.005903773941099644,,0.005903773941099644,
814,3259,,,-0.0059122988022863865,,0.0059122988022863865,
815,3263,,,-0.005903081502765417,,0.005903081502765417,
816,3267,,,-0.005904069170355797,,0.005904069170355797,
817,3271,,,-0.005898929666727781,,0.005898929666727781,
818,3275,,,-0.0059031033888459206,,0.0059031033888459206,
819,3279,,,-0.005907836370170116,,0.005907836370170116,
820,3283,,,-0.005909095983952284,,0.005909095983952284,
821,3287,,,-0.00591060146689415,,0.00591060146689415,
822,3291,,,-0.005900053307414055,,0.005900053307414055,
823,3295,,,-0.005917551461607218,,0.005917551461607218,
824,3299,,,,-0.006634384393692017,,0.006634384393692017
824,3299,,,-0.005918289069086313,,0.005918289069086313,
825,3303,,,-0.005916754715144634,,0.005916754715144634,
826,3307,,,-0.005909301340579987,,0.005909301340579987,
827,3311,,,-0.005916047841310501,,0.005916047841310501,
828,3315,,,-0.005910941399633884,,0.005910941399633884,
829,3319,,,-0.005911414511501789,,0.005911414511501789,
830,3323,,,-0.005911168176680803,,0.005911168176680803,
831,3327,,,-0.00587326567620039,,0.00587326567620039,
832,3331,,,-0.005915549583733082,,0.005915549583733082,
833,3335,,,-0.0059210192412137985,,0.0059210192412137985,
834,3339,,,-0.0059102317318320274,,0.0059102317318320274,
835,3343,,,-0.0059199645183980465,,0.0059199645183980465,
836,3347,,,-0.005919432267546654,,0.005919432267546654,
837,3349,,,,-0.0041765570640563965,,0.0041765570640563965
837,3351,,,-0.00591712212190032,,0.00591712212190032,
838,3355,,,-0.0059219119139015675,,0.0059219119139015675,
839,3359,,,-0.005914839915931225,,0.005914839915931225,
840,3363,,,-0.00590552156791091,,0.00590552156791091,
841,3367,,,-0.0059189461171627045,,0.0059189461171627045,
842,3371,,,-0.005921145901083946,,0.005921145901083946,
843,3375,,,-0.005915629677474499,,0.005915629677474499,
844,3379,,,-0.005900598131120205,,0.005900598131120205,
845,3383,,,-0.005913688801229,,0.005913688801229,
846,3387,,,-0.005927030462771654,,0.005927030462771654,
847,3391,,,-0.005928500555455685,,0.005928500555455685,
848,3395,,,-0.005915782880038023,,0.005915782880038023,
849,3399,,,,-0.005698829889297485,,0.005698829889297485
849,3399,,,-0.0059317597188055515,,0.0059317597188055515,
850,3403,,,-0.005915552843362093,,0.005915552843362093,
851,3407,,,-0.005937088746577501,,0.005937088746577501,
852,3411,,,-0.005922448821365833,,0.005922448821365833,
853,3415,,,-0.00593093317002058,,0.00593093317002058,
854,3419,,,-0.005922103300690651,,0.005922103300690651,
855,3423,,,-0.00592277105897665,,0.00592277105897665,
856,3427,,,-0.005913946777582169,,0.005913946777582169,
857,3431,,,-0.005925789009779692,,0.005925789009779692,
858,3435,,,-0.005929803010076284,,0.005929803010076284,
859,3439,,,-0.005925273057073355,,0.005925273057073355,
860,3443,,,-0.005905223079025745,,0.005905223079025745,
861,3447,,,-0.005926316604018211,,0.005926316604018211,
862,3449,,,,-0.007880240678787231,,0.007880240678787231
862,3451,,,-0.005929166916757822,,0.005929166916757822,
863,3455,,,-0.005925879348069429,,0.005925879348069429,
864,3459,,,-0.005929088685661554,,0.005929088685661554,
865,3463,,,-0.0059181563556194305,,0.0059181563556194305,
866,3467,,,-0.005931944586336613,,0.005931944586336613,
867,3471,,,-0.005917650181800127,,0.005917650181800127,
868,3475,,,-0.005928163882344961,,0.005928163882344961,
869,3479,,,-0.005932508502155542,,0.005932508502155542,
870,3483,,,-0.005921757780015469,,0.005921757780015469,
871,3487,,,-0.00593846058472991,,0.00593846058472991,
872,3491,,,-0.005921029485762119,,0.005921029485762119,
873,3495,,,-0.005934558343142271,,0.005934558343142271,
874,3499,,,,-0.00873526930809021,,0.00873526930809021
874,3499,,,-0.005937232170253992,,0.005937232170253992,
875,3503,,,-0.005934081505984068,,0.005934081505984068,
876,3507,,,-0.005939612630754709,,0.005939612630754709,
877,3511,,,-0.0059289345517754555,,0.0059289345517754555,
878,3515,,,-0.00593568617478013,,0.00593568617478013,
879,3519,,,-0.0059359935112297535,,0.0059359935112297535,
880,3523,,,-0.005931548308581114,,0.005931548308581114,
881,3527,,,-0.005930008832365274,,0.005930008832365274,
882,3531,,,-0.005933476146310568,,0.005933476146310568,
883,3535,,,-0.005925063043832779,,0.005925063043832779,
884,3539,,,-0.0059446669183671474,,0.0059446669183671474,
885,3543,,,-0.005928546190261841,,0.005928546190261841,
886,3547,,,-0.005947205703705549,,0.005947205703705549,
887,3549,,,,-0.005516856908798218,,0.005516856908798218
887,3551,,,-0.005938107613474131,,0.005938107613474131,
888,3555,,,-0.005937612149864435,,0.005937612149864435,
889,3559,,,-0.00595227163285017,,0.00595227163285017,
890,3563,,,-0.005940290167927742,,0.005940290167927742,
891,3567,,,-0.005938427522778511,,0.005938427522778511,
892,3571,,,-0.005941483657807112,,0.005941483657807112,
893,3575,,,-0.005946858320385218,,0.005946858320385218,
894,3579,,,-0.005922400858253241,,0.005922400858253241,
895,3583,,,-0.005944539327174425,,0.005944539327174425,
896,3587,,,-0.005946207791566849,,0.005946207791566849,
897,3591,,,-0.005941528361290693,,0.005941528361290693,
898,3595,,,-0.005945524666458368,,0.005945524666458368,
899,3599,,,,-0.008755594491958618,,0.008755594491958618
899,3599,,,-0.005937809124588966,,0.005937809124588966,
900,3603,,,-0.005943737458437681,,0.005943737458437681,
901,3607,,,-0.00594268599525094,,0.00594268599525094,
902,3611,,,-0.005946440156549215,,0.005946440156549215,
903,3615,,,-0.005947581958025694,,0.005947581958025694,
904,3619,,,-0.005944123491644859,,0.005944123491644859,
905,3623,,,-0.005947337485849857,,0.005947337485849857,
906,3627,,,-0.00594964949414134,,0.00594964949414134,
907,3631,,,-0.005945990327745676,,0.005945990327745676,
908,3635,,,-0.0059446049854159355,,0.0059446049854159355,
909,3639,,,-0.005945815239101648,,0.005945815239101648,
910,3643,,,-0.005938786547631025,,0.005938786547631025,
911,3647,,,-0.005954432301223278,,0.005954432301223278,
912,3649,,,,-0.006247669458389282,,0.006247669458389282
912,3651,,,-0.005948582664132118,,0.005948582664132118,
913,3655,,,-0.005955353379249573,,0.005955353379249573,
914,3659,,,-0.005941938143223524,,0.005941938143223524,
915,3663,,,-0.005953059531748295,,0.005953059531748295,
916,3667,,,-0.005943899974226952,,0.005943899974226952,
917,3671,,,-0.005945967044681311,,0.005945967044681311,
918,3675,,,-0.005948448088020086,,0.005948448088020086,
919,3679,,,-0.0059500099159777164,,0.0059500099159777164,
920,3683,,,-0.005951797589659691,,0.005951797589659691,
921,3687,,,-0.005945362616330385,,0.005945362616330385,
922,3691,,,-0.0059571475721895695,,0.0059571475721895695,
923,3695,,,-0.005939100403338671,,0.005939100403338671,
924,3699,,,,-0.004789918661117554,,0.004789918661117554
924,3699,,,-0.005957781802862883,,0.005957781802862883,
925,3703,,,-0.0059599983505904675,,0.0059599983505904675,
926,3707,,,-0.005951625294983387,,0.005951625294983387,
927,3711,,,-0.005957501009106636,,0.005957501009106636,
928,3715,,,-0.005960237234830856,,0.005960237234830856,
929,3719,,,-0.005952713079750538,,0.005952713079750538,
930,3723,,,-0.005954710766673088,,0.005954710766673088,
931,3727,,,-0.005955630447715521,,0.005955630447715521,
932,3731,,,-0.005964329000562429,,0.005964329000562429,
933,3735,,,-0.0059722596779465675,,0.0059722596779465675,
934,3739,,,-0.005958653055131435,,0.005958653055131435,
935,3743,,,-0.005958011839538813,,0.005958011839538813,
936,3747,,,-0.005957838613539934,,0.005957838613539934,
937,3749,,,,-0.0060007572174072266,,0.0060007572174072266
937,3751,,,-0.005960050038993359,,0.005960050038993359,
938,3755,,,-0.005961565766483545,,0.005961565766483545,
939,3759,,,-0.00596425449475646,,0.00596425449475646,
940,3763,,,-0.005961306393146515,,0.005961306393146515,
941,3767,,,-0.005961894057691097,,0.005961894057691097,
942,3771,,,-0.00594834890216589,,0.00594834890216589,
943,3775,,,-0.005969783291220665,,0.005969783291220665,
944,3779,,,-0.005950793623924255,,0.005950793623924255,
945,3783,,,-0.005971843376755714,,0.005971843376755714,
946,3787,,,-0.00597204826772213,,0.00597204826772213,
947,3791,,,-0.005957899149507284,,0.005957899149507284,
948,3795,,,-0.005968187004327774,,0.005968187004327774,
949,3799,,,,-0.00289878249168396,,0.00289878249168396
949,3799,,,-0.00595881836488843,,0.00595881836488843,
950,3803,,,-0.005962235853075981,,0.005962235853075981,
951,3807,,,-0.005963004659861326,,0.005963004659861326,
952,3811,,,-0.005962368566542864,,0.005962368566542864,
953,3815,,,-0.005967480130493641,,0.005967480130493641,
954,3819,,,-0.005972696002572775,,0.005972696002572775,
955,3823,,,-0.005964786279946566,,0.005964786279946566,
956,3827,,,-0.005979237612336874,,0.005979237612336874,
957,3831,,,-0.005957077257335186,,0.005957077257335186,
958,3835,,,-0.005959083326160908,,0.005959083326160908,
959,3839,,,-0.005970558617264032,,0.005970558617264032,
960,3843,,,-0.00596830528229475,,0.00596830528229475,
961,3847,,,-0.005964099429547787,,0.005964099429547787,
962,3849,,,,-0.002466529607772827,,0.002466529607772827
962,3851,,,-0.00595810916274786,,0.00595810916274786,
963,3855,,,-0.005965393036603928,,0.005965393036603928,
964,3859,,,-0.005974154453724623,,0.005974154453724623,
965,3863,,,-0.0059719691053032875,,0.0059719691053032875,
966,3867,,,-0.005972648039460182,,0.005972648039460182,
967,3871,,,-0.005958335939794779,,0.005958335939794779,
968,3875,,,-0.005967032629996538,,0.005967032629996538,
969,3879,,,-0.005990738980472088,,0.005990738980472088,
970,3883,,,-0.005971385166049004,,0.005971385166049004,
971,3887,,,-0.0059697492979466915,,0.0059697492979466915,
972,3891,,,-0.005976707674562931,,0.005976707674562931,
973,3895,,,-0.005974419414997101,,0.005974419414997101,
974,3899,,,,-0.006642848253250122,,0.006642848253250122
974,3899,,,-0.0059746853075921535,,0.0059746853075921535,
975,3903,,,-0.005963949020951986,,0.005963949020951986,
976,3907,,,-0.00597663689404726,,0.00597663689404726,
977,3911,,,-0.005974900908768177,,0.005974900908768177,
978,3915,,,-0.005968995857983828,,0.005968995857983828,
979,3919,,,-0.005976784508675337,,0.005976784508675337,
980,3923,,,-0.005973449442535639,,0.005973449442535639,
981,3927,,,-0.005974216852337122,,0.005974216852337122,
982,3931,,,-0.005976775661110878,,0.005976775661110878,
983,3935,,,-0.0059756082482635975,,0.0059756082482635975,
984,3939,,,-0.005978753324598074,,0.005978753324598074,
985,3943,,,-0.005975143052637577,,0.005975143052637577,
986,3947,,,-0.005981224123388529,,0.005981224123388529,
987,3949,,,,-0.005272567272186279,,0.005272567272186279
987,3951,,,-0.005967728327959776,,0.005967728327959776,
988,3955,,,-0.005975247826427221,,0.005975247826427221,
989,3959,,,-0.005999569781124592,,0.005999569781124592,
990,3963,,,-0.0059836246073246,,0.0059836246073246,
991,3967,,,-0.0059713455848395824,,0.0059713455848395824,
992,3971,,,-0.005980733782052994,,0.005980733782052994,
993,3975,,,-0.005981139838695526,,0.005981139838695526,
994,3979,,,-0.00597913283854723,,0.00597913283854723,
995,3983,,,-0.005976251792162657,,0.005976251792162657,
996,3987,,,-0.005977944936603308,,0.005977944936603308,
997,3991,,,-0.00598102854564786,,0.00598102854564786,
998,3995,,,-0.0059855617582798,,0.0059855617582798,
999,3999,,,,-0.003640800714492798,,0.003640800714492798
999,3999,,,-0.005982595961540937,,0.005982595961540937,
1000,4003,,,-0.005976139102131128,,0.005976139102131128,
1001,4007,,,-0.005982176400721073,,0.005982176400721073,
1002,4011,,,-0.005980154033750296,,0.005980154033750296,
1003,4015,,,-0.00597867276519537,,0.00597867276519537,
1004,4019,,,-0.005976999644190073,,0.005976999644190073,
1005,4023,,,-0.005972616840153933,,0.005972616840153933,
1006,4027,,,-0.005986571311950684,,0.005986571311950684,
1007,4031,,,-0.005985022988170385,,0.005985022988170385,
1008,4035,,,-0.005981584079563618,,0.005981584079563618,
1009,4039,,,-0.005985895171761513,,0.005985895171761513,
1010,4043,,,-0.005984940100461245,,0.005984940100461245,
1011,4047,,,-0.005979784764349461,,0.005979784764349461,
1012,4049,,,,-0.008369356393814087,,0.008369356393814087
1012,4051,,,-0.00599116925150156,,0.00599116925150156,
1013,4055,,,-0.00598835339769721,,0.00598835339769721,
1014,4059,,,-0.005984637886285782,,0.005984637886285782,
1015,4063,,,-0.005982331000268459,,0.005982331000268459,
1016,4067,,,-0.005982366856187582,,0.005982366856187582,
1017,4071,,,-0.005979700945317745,,0.005979700945317745,
1018,4075,,,-0.0059887864626944065,,0.0059887864626944065,
1019,4079,,,-0.005980626679956913,,0.005980626679956913,
1020,4083,,,-0.005993299186229706,,0.005993299186229706,
1021,4087,,,-0.005980051588267088,,0.005980051588267088,
1022,4091,,,-0.00598728796467185,,0.00598728796467185,
1023,4095,,,-0.0059827882796525955,,0.0059827882796525955,
1024,4099,,,,-0.0031690001487731934,,0.0031690001487731934
1024,4099,,,-0.005984830670058727,,0.005984830670058727,
1025,4103,,,-0.005990308243781328,,0.005990308243781328,
1026,4107,,,-0.005989051423966885,,0.005989051423966885,
1027,4111,,,-0.005989518947899342,,0.005989518947899342,
1028,4115,,,-0.005984143353998661,,0.005984143353998661,
1029,4119,,,-0.005994036328047514,,0.005994036328047514,
1030,4123,,,-0.005992312449961901,,0.005992312449961901,
1031,4127,,,-0.00596337765455246,,0.00596337765455246,
1032,4131,,,-0.0059938994236290455,,0.0059938994236290455,
1033,4135,,,-0.005996786057949066,,0.005996786057949066,
1034,4139,,,-0.005998995155096054,,0.005998995155096054,
1035,4143,,,-0.005989999510347843,,0.005989999510347843,
1036,4147,,,-0.005991180427372456,,0.005991180427372456,
1037,4149,,,,-0.006440907716751099,,0.006440907716751099
1037,4151,,,-0.005994015373289585,,0.005994015373289585,
1038,4155,,,-0.005991791840642691,,0.005991791840642691,
1039,4159,,,-0.005994649138301611,,0.005994649138301611,
1040,4163,,,-0.005992413964122534,,0.005992413964122534,
1041,4167,,,-0.006000881548970938,,0.006000881548970938,
1042,4171,,,-0.0059903026558458805,,0.0059903026558458805,
1043,4175,,,-0.0059948028065264225,,0.0059948028065264225,
1044,4179,,,-0.00599247869104147,,0.00599247869104147,
1045,4183,,,-0.005992648657411337,,0.005992648657411337,
1046,4187,,,-0.005998880136758089,,0.005998880136758089,
1047,4191,,,-0.005962864961475134,,0.005962864961475134,
1048,4195,,,-0.005990153644233942,,0.005990153644233942,
1049,4199,,,,-0.008143097162246704,,0.008143097162246704
1049,4199,,,-0.005979543551802635,,0.005979543551802635,
1050,4203,,,-0.005982748698443174,,0.005982748698443174,
1051,4207,,,-0.005996817257255316,,0.005996817257255316,
1052,4211,,,-0.005991152487695217,,0.005991152487695217,
1053,4215,,,-0.005992428865283728,,0.005992428865283728,
1054,4219,,,-0.005999176762998104,,0.005999176762998104,
1055,4223,,,-0.0059916675090789795,,0.0059916675090789795,
1056,4227,,,-0.006000228691846132,,0.006000228691846132,
1057,4231,,,-0.005995874758809805,,0.005995874758809805,
1058,4235,,,-0.005997705273330212,,0.005997705273330212,
1059,4239,,,-0.006001656875014305,,0.006001656875014305,
1060,4243,,,-0.005990751553326845,,0.005990751553326845,
1061,4247,,,-0.005986341740936041,,0.005986341740936041,
1062,4249,,,,-0.005893319845199585,,0.005893319845199585
1062,4251,,,-0.00600156607106328,,0.00600156607106328,
1063,4255,,,-0.005993016995489597,,0.005993016995489597,
1064,4259,,,-0.006003736983984709,,0.006003736983984709,
1065,4263,,,-0.005997391417622566,,0.005997391417622566,
1066,4267,,,-0.006010480225086212,,0.006010480225086212,
1067,4271,,,-0.005999748129397631,,0.005999748129397631,
1068,4275,,,-0.006007159128785133,,0.006007159128785133,
1069,4279,,,-0.006001682952046394,,0.006001682952046394,
1070,4283,,,-0.006003752816468477,,0.006003752816468477,
1071,4287,,,-0.006002544891089201,,0.006002544891089201,
1072,4291,,,-0.006004651077091694,,0.006004651077091694,
1073,4295,,,-0.006001160945743322,,0.006001160945743322,
1074,4299,,,,-0.004625260829925537,,0.004625260829925537
1074,4299,,,-0.005990557372570038,,0.005990557372570038,
1075,4303,,,-0.00599256856366992,,0.00599256856366992,
1076,4307,,,-0.006007914897054434,,0.006007914897054434,
1077,4311,,,-0.006000760942697525,,0.006000760942697525,
1078,4315,,,-0.006006855051964521,,0.006006855051964521,
1079,4319,,,-0.0059883915819227695,,0.0059883915819227695,
1080,4323,,,-0.0059985010884702206,,0.0059985010884702206,
1081,4327,,,-0.006000532768666744,,0.006000532768666744,
1082,4331,,,-0.006008947268128395,,0.006008947268128395,
1083,4335,,,-0.005991037469357252,,0.005991037469357252,
1084,4339,,,-0.0059830122627317905,,0.0059830122627317905,
1085,4343,,,-0.006013740785419941,,0.006013740785419941,
1086,4347,,,-0.0060060760006308556,,0.0060060760006308556,
1087,4349,,,,-0.007387906312942505,,0.007387906312942505
1087,4351,,,-0.006013381760567427,,0.006013381760567427,
1088,4355,,,-0.00600369181483984,,0.00600369181483984,
1089,4359,,,-0.006005523726344109,,0.006005523726344109,
1090,4363,,,-0.006007796619087458,,0.006007796619087458,
1091,4367,,,-0.005994617938995361,,0.005994617938995361,
1092,4371,,,-0.006004420109093189,,0.006004420109093189,
1093,4375,,,-0.006005296483635902,,0.006005296483635902,
1094,4379,,,-0.006005908828228712,,0.006005908828228712,
1095,4383,,,-0.00601159268990159,,0.00601159268990159,
1096,4387,,,-0.006015517748892307,,0.006015517748892307,
1097,4391,,,-0.006001686677336693,,0.006001686677336693,
1098,4395,,,-0.006007770076394081,,0.006007770076394081,
1099,4399,,,,-0.006618410348892212,,0.006618410348892212
1099,4399,,,-0.006006348412483931,,0.006006348412483931,
1100,4403,,,-0.006010407116264105,,0.006010407116264105,
1101,4407,,,-0.006009175907820463,,0.006009175907820463,
1102,4411,,,-0.006020921748131514,,0.006020921748131514,
1103,4415,,,-0.006007671821862459,,0.006007671821862459,
1104,4419,,,-0.005998429376631975,,0.005998429376631975,
1105,4423,,,-0.005999225657433271,,0.005999225657433271,
1106,4427,,,-0.0060105775482952595,,0.0060105775482952595,
1107,4431,,,-0.006003775633871555,,0.006003775633871555,
1108,4435,,,-0.00599598279222846,,0.00599598279222846,
1109,4439,,,-0.006014598999172449,,0.006014598999172449,
1110,4443,,,-0.006014341022819281,,0.006014341022819281,
1111,4447,,,-0.006013850215822458,,0.006013850215822458,
1112,4449,,,,-0.00700831413269043,,0.00700831413269043
1112,4451,,,-0.006016237195581198,,0.006016237195581198,
1113,4455,,,-0.006010190583765507,,0.006010190583765507,
1114,4459,,,-0.006014639511704445,,0.006014639511704445,
1115,4463,,,-0.006014219019562006,,0.006014219019562006,
1116,4467,,,-0.006015000399202108,,0.006015000399202108,
1117,4471,,,-0.006016131024807692,,0.006016131024807692,
1118,4475,,,-0.006017329171299934,,0.006017329171299934,
1119,4479,,,-0.006017639767378569,,0.006017639767378569,
1120,4483,,,-0.00601509353145957,,0.00601509353145957,
1121,4487,,,-0.0060028452426195145,,0.0060028452426195145,
1122,4491,,,-0.006018425337970257,,0.006018425337970257,
1123,4495,,,-0.006020518485456705,,0.006020518485456705,
1124,4499,,,,-0.006765872240066528,,0.006765872240066528
1124,4499,,,-0.0060184248723089695,,0.0060184248723089695,
1125,4503,,,-0.006013917736709118,,0.006013917736709118,
1126,4507,,,-0.006019884254783392,,0.006019884254783392,
1127,4511,,,-0.006017339415848255,,0.006017339415848255,
1128,4515,,,-0.006016684230417013,,0.006016684230417013,
1129,4519,,,-0.006019736640155315,,0.006019736640155315,
1130,4523,,,-0.00601569190621376,,0.00601569190621376,
1131,4527,,,-0.0060152215883135796,,0.0060152215883135796,
1132,4531,,,-0.006017092615365982,,0.006017092615365982,
1133,4535,,,-0.006015199702233076,,0.006015199702233076,
1134,4539,,,-0.006018264219164848,,0.006018264219164848,
1135,4543,,,-0.0060193357057869434,,0.0060193357057869434,
1136,4547,,,-0.006016947794705629,,0.006016947794705629,
1137,4549,,,,-0.0037255287170410156,,0.0037255287170410156
1137,4551,,,-0.0060155740939080715,,0.0060155740939080715,
1138,4555,,,-0.006014284677803516,,0.006014284677803516,
1139,4559,,,-0.006014325190335512,,0.006014325190335512,
1140,4563,,,-0.006017268635332584,,0.006017268635332584,
1141,4567,,,-0.005997800268232822,,0.005997800268232822,
1142,4571,,,-0.006018856540322304,,0.006018856540322304,
1143,4575,,,-0.00601727981120348,,0.00601727981120348,
1144,4579,,,-0.00599861703813076,,0.00599861703813076,
1145,4583,,,-0.006011068355292082,,0.006011068355292082,
1146,4587,,,-0.006009366363286972,,0.006009366363286972,
1147,4591,,,-0.006021357141435146,,0.006021357141435146,
1148,4595,,,-0.006024593021720648,,0.006024593021720648,
1149,4599,,,,-0.003941625356674194,,0.003941625356674194
1149,4599,,,-0.006016092840582132,,0.006016092840582132,
1150,4603,,,-0.006013762671500444,,0.006013762671500444,
1151,4607,,,-0.006021014880388975,,0.006021014880388975,
1152,4611,,,-0.006013807840645313,,0.006013807840645313,
1153,4615,,,-0.006014625076204538,,0.006014625076204538,
1154,4619,,,-0.006015606224536896,,0.006015606224536896,
1155,4623,,,-0.006013825535774231,,0.006013825535774231,
1156,4627,,,-0.0060211000964045525,,0.0060211000964045525,
1157,4631,,,-0.006024090573191643,,0.006024090573191643,
1158,4635,,,-0.006023832131177187,,0.006023832131177187,
1159,4639,,,-0.006013659760355949,,0.006013659760355949,
1160,4643,,,-0.006011351943016052,,0.006011351943016052,
1161,4647,,,-0.00599832134321332,,0.00599832134321332,
1162,4649,,,,-0.007369428873062134,,0.007369428873062134
1162,4651,,,-0.006013219244778156,,0.006013219244778156,
1163,4655,,,-0.0060153016820549965,,0.0060153016820549965,
1164,4659,,,-0.006024724803864956,,0.006024724803864956,
1165,4663,,,-0.006029380951076746,,0.006029380951076746,
1166,4667,,,-0.006023908033967018,,0.006023908033967018,
1167,4671,,,-0.006026743911206722,,0.006026743911206722,
1168,4675,,,-0.006011814344674349,,0.006011814344674349,
1169,4679,,,-0.006022145040333271,,0.006022145040333271,
1170,4683,,,-0.00602796021848917,,0.00602796021848917,
1171,4687,,,-0.006026474758982658,,0.006026474758982658,
1172,4691,,,-0.006014773156493902,,0.006014773156493902,
1173,4695,,,-0.00600762153044343,,0.00600762153044343,
1174,4699,,,,-0.0042410194873809814,,0.0042410194873809814
1174,4699,,,-0.0060332659631967545,,0.0060332659631967545,
1175,4703,,,-0.006027865689247847,,0.006027865689247847,
1176,4707,,,-0.006025142967700958,,0.006025142967700958,
1177,4711,,,-0.006024620030075312,,0.006024620030075312,
1178,4715,,,-0.006031147204339504,,0.006031147204339504,
1179,4719,,,-0.006028337404131889,,0.006028337404131889,
1180,4723,,,-0.006014389917254448,,0.006014389917254448,
1181,4727,,,-0.00603204732760787,,0.00603204732760787,
1182,4731,,,-0.0060285767540335655,,0.0060285767540335655,
1183,4735,,,-0.006005461327731609,,0.006005461327731609,
1184,4739,,,-0.006020573899149895,,0.006020573899149895,
1185,4743,,,-0.00602904986590147,,0.00602904986590147,
1186,4747,,,-0.006023791618645191,,0.006023791618645191,
1187,4749,,,,-0.0050598084926605225,,0.0050598084926605225
1187,4751,,,-0.006015491206198931,,0.006015491206198931,
1188,4755,,,-0.006032140925526619,,0.006032140925526619,
1189,4759,,,-0.006028778851032257,,0.006028778851032257,
1190,4763,,,-0.0060322773642838,,0.0060322773642838,
1191,4767,,,-0.006031566299498081,,0.006031566299498081,
1192,4771,,,-0.006032892968505621,,0.006032892968505621,
1193,4775,,,-0.0060177450068295,,0.0060177450068295,
1194,4779,,,-0.006033519748598337,,0.006033519748598337,
1195,4783,,,-0.0060310387052595615,,0.0060310387052595615,
1196,4787,,,-0.006038413383066654,,0.006038413383066654,
1197,4791,,,-0.006024620495736599,,0.006024620495736599,
1198,4795,,,-0.006026882212609053,,0.006026882212609053,
1199,4799,,,,-0.009449809789657593,,0.009449809789657593
1199,4799,,,-0.006025992799550295,,0.006025992799550295,
1200,4803,,,-0.006030871532857418,,0.006030871532857418,
1201,4807,,,-0.0060115475207567215,,0.0060115475207567215,
1202,4811,,,-0.006033595185726881,,0.006033595185726881,
1203,4815,,,-0.006034256424754858,,0.006034256424754858,
1204,4819,,,-0.006022721994668245,,0.006022721994668245,
1205,4823,,,-0.006033163517713547,,0.006033163517713547,
1206,4827,,,-0.006022718269377947,,0.006022718269377947,
1207,4831,,,-0.006031952332705259,,0.006031952332705259,
1208,4835,,,-0.006034149322658777,,0.006034149322658777,
1209,4839,,,-0.006026137620210648,,0.006026137620210648,
1210,4843,,,-0.006023626774549484,,0.006023626774549484,
1211,4847,,,-0.006041552405804396,,0.006041552405804396,
1212,4849,,,,-0.008067548274993896,,0.008067548274993896
1212,4851,,,-0.0060379779897630215,,0.0060379779897630215,
1213,4855,,,-0.006020801607519388,,0.006020801607519388,
1214,4859,,,-0.006021574139595032,,0.006021574139595032,
1215,4863,,,-0.006014373619109392,,0.006014373619109392,
1216,4867,,,-0.006037481594830751,,0.006037481594830751,
1217,4871,,,-0.006037446204572916,,0.006037446204572916,
1218,4875,,,-0.006031459197402,,0.006031459197402,
1219,4879,,,-0.006028862204402685,,0.006028862204402685,
1220,4883,,,-0.006039669271558523,,0.006039669271558523,
1221,4887,,,-0.006033712066709995,,0.006033712066709995,
1222,4891,,,-0.006015034858137369,,0.006015034858137369,
1223,4895,,,-0.006034820806235075,,0.006034820806235075,
1224,4899,,,,-0.008296668529510498,,0.008296668529510498
1224,4899,,,-0.006031844764947891,,0.006031844764947891,
1225,4903,,,-0.006041872780770063,,0.006041872780770063,
1226,4907,,,-0.006033584475517273,,0.006033584475517273,
1227,4911,,,-0.006036956794559956,,0.006036956794559956,
1228,4915,,,-0.006045246031135321,,0.006045246031135321,
1229,4919,,,-0.006041107699275017,,0.006041107699275017,
1230,4923,,,-0.006033853627741337,,0.006033853627741337,
1231,4927,,,-0.006020654458552599,,0.006020654458552599,
1232,4931,,,-0.006003397982567549,,0.006003397982567549,
1233,4935,,,-0.006034477613866329,,0.006034477613866329,
1234,4939,,,-0.006040431559085846,,0.006040431559085846,
1235,4943,,,-0.0060353572480380535,,0.0060353572480380535,
1236,4947,,,-0.006038622930645943,,0.006038622930645943,
1237,4949,,,,-0.006685167551040649,,0.006685167551040649
1237,4951,,,-0.00602831831201911,,0.00602831831201911,
1238,4955,,,-0.0060333870351314545,,0.0060333870351314545,
1239,4959,,,-0.006017624866217375,,0.006017624866217375,
1240,4963,,,-0.0060273949056863785,,0.0060273949056863785,
1241,4967,,,-0.006044347770512104,,0.006044347770512104,
1242,4971,,,-0.006033038720488548,,0.006033038720488548,
1243,4975,,,-0.006031885743141174,,0.006031885743141174,
1244,4979,,,-0.006045487243682146,,0.006045487243682146,
1245,4983,,,-0.006037910468876362,,0.006037910468876362,
1246,4987,,,-0.006028344389051199,,0.006028344389051199,
1247,4991,,,-0.006044342648237944,,0.006044342648237944,
1248,4995,,,-0.006029105745255947,,0.006029105745255947,
1249,4999,,,,-0.006601244211196899,,0.006601244211196899
1249,4999,,,-0.006039037834852934,,0.006039037834852934,
1250,5003,,,-0.006031600758433342,,0.006031600758433342,
1251,5007,,,-0.006027272902429104,,0.006027272902429104,
1252,5011,,,-0.00603826018050313,,0.00603826018050313,
1253,5015,,,-0.006020443979650736,,0.006020443979650736,
1254,5019,,,-0.006035477854311466,,0.006035477854311466,
1255,5023,,,-0.006038346793502569,,0.006038346793502569,
1256,5027,,,-0.0060355039313435555,,0.0060355039313435555,
1257,5031,,,-0.006042763125151396,,0.006042763125151396,
1258,5035,,,-0.006031025666743517,,0.006031025666743517,
1259,5039,,,-0.0060444967821240425,,0.0060444967821240425,
1260,5043,,,-0.006041796412318945,,0.006041796412318945,
1261,5047,,,-0.00602951692417264,,0.00602951692417264,
1262,5049,,,,-0.009325414896011353,,0.009325414896011353
1262,5051,,,-0.006031562574207783,,0.006031562574207783,
1263,5055,,,-0.006040044594556093,,0.006040044594556093,
1264,5059,,,-0.006044443231076002,,0.006044443231076002,
1265,5063,,,-0.0060349442064762115,,0.0060349442064762115,
1266,5067,,,-0.006023049354553223,,0.006023049354553223,
1267,5071,,,-0.0060410769656300545,,0.0060410769656300545,
1268,5075,,,-0.0060448008589446545,,0.0060448008589446545,
1269,5079,,,-0.006048223469406366,,0.006048223469406366,
1270,5083,,,-0.006040619220584631,,0.006040619220584631,
1271,5087,,,-0.006046214606612921,,0.006046214606612921,
1272,5091,,,-0.006016348022967577,,0.006016348022967577,
1273,5095,,,-0.006034949794411659,,0.006034949794411659,
1274,5099,,,,-0.006094694137573242,,0.006094694137573242
1274,5099,,,-0.006046525202691555,,0.006046525202691555,
1275,5103,,,-0.0060476758517324924,,0.0060476758517324924,
1276,5107,,,-0.006035135593265295,,0.006035135593265295,
1277,5111,,,-0.0060380990616977215,,0.0060380990616977215,
1278,5115,,,-0.006045383866876364,,0.006045383866876364,
1279,5119,,,-0.006043527740985155,,0.006043527740985155,
1280,5123,,,-0.006043773144483566,,0.006043773144483566,
1281,5127,,,-0.006047536619007587,,0.006047536619007587,
1282,5131,,,-0.006044982001185417,,0.006044982001185417,
1283,5135,,,-0.0060465047135949135,,0.0060465047135949135,
1284,5139,,,-0.006051933392882347,,0.006051933392882347,
1285,5143,,,-0.00604633055627346,,0.00604633055627346,
1286,5147,,,-0.006045705638825893,,0.006045705638825893,
1287,5149,,,,-0.00901883840560913,,0.00901883840560913
1287,5151,,,-0.006024901755154133,,0.006024901755154133,
1288,5155,,,-0.0060364436358213425,,0.0060364436358213425,
1289,5159,,,-0.006052618846297264,,0.006052618846297264,
1290,5163,,,-0.0060420106165111065,,0.0060420106165111065,
1291,5167,,,-0.006030772812664509,,0.006030772812664509,
1292,5171,,,-0.006052718497812748,,0.006052718497812748,
1293,5175,,,-0.006049612071365118,,0.006049612071365118,
1294,5179,,,-0.006041970103979111,,0.006041970103979111,
1295,5183,,,-0.006043403409421444,,0.006043403409421444,
1296,5187,,,-0.006049750372767448,,0.006049750372767448,
1297,5191,,,-0.00603543221950531,,0.00603543221950531,
1298,5195,,,-0.00604987284168601,,0.00604987284168601,
1299,5199,,,,-0.004193782806396484,,0.004193782806396484
1299,5199,,,-0.006043717730790377,,0.006043717730790377,
1300,5203,,,-0.006050395779311657,,0.006050395779311657,
1301,5207,,,-0.006049867253750563,,0.006049867253750563,
1302,5211,,,-0.006040218286216259,,0.006040218286216259,
1303,5215,,,-0.006045441143214703,,0.006045441143214703,
1304,5219,,,-0.006053967401385307,,0.006053967401385307,
1305,5223,,,-0.006036669481545687,,0.006036669481545687,
1306,5227,,,-0.0060429759323596954,,0.0060429759323596954,
1307,5231,,,-0.006044737529009581,,0.006044737529009581,
1308,5235,,,-0.0060471729375422,,0.0060471729375422,
1309,5239,,,-0.0060165696777403355,,0.0060165696777403355,
1310,5243,,,-0.006053889635950327,,0.006053889635950327,
1311,5247,,,-0.006049446761608124,,0.006049446761608124,
1312,5249,,,,-0.005364567041397095,,0.005364567041397095
1312,5251,,,-0.006053966004401445,,0.006053966004401445,
1313,5255,,,-0.006047714501619339,,0.006047714501619339,
1314,5259,,,-0.006045911926776171,,0.006045911926776171,
1315,5263,,,-0.0060594091191887856,,0.0060594091191887856,
1316,5267,,,-0.006050982978194952,,0.006050982978194952,
1317,5271,,,-0.006049619521945715,,0.006049619521945715,
1318,5275,,,-0.006049031857401133,,0.006049031857401133,
1319,5279,,,-0.006049522664397955,,0.006049522664397955,
1320,5283,,,-0.0060458411462605,,0.0060458411462605,
1321,5287,,,-0.00605388917028904,,0.00605388917028904,
1322,5291,,,-0.0060546863824129105,,0.0060546863824129105,
1323,5295,,,-0.006053052376955748,,0.006053052376955748,
1324,5299,,,,-0.006340503692626953,,0.006340503692626953
1324,5299,,,-0.006057396996766329,,0.006057396996766329,
1325,5303,,,-0.006054415833204985,,0.006054415833204985,
1326,5307,,,-0.006040739826858044,,0.006040739826858044,
1327,5311,,,-0.006035275757312775,,0.006035275757312775,
1328,5315,,,-0.006049297749996185,,0.006049297749996185,
1329,5319,,,-0.006043428089469671,,0.006043428089469671,
1330,5323,,,-0.006062651053071022,,0.006062651053071022,
1331,5327,,,-0.006035749800503254,,0.006035749800503254,
1332,5331,,,-0.006044227629899979,,0.006044227629899979,
1333,5335,,,-0.006037714891135693,,0.006037714891135693,
1334,5339,,,-0.0060553415678441525,,0.0060553415678441525,
1335,5343,,,-0.006055561825633049,,0.006055561825633049,
1336,5347,,,-0.006041267886757851,,0.006041267886757851,
1337,5349,,,,-0.00631403923034668,,0.00631403923034668
1337,5351,,,-0.006049348507076502,,0.006049348507076502,
1338,5355,,,-0.006057363469153643,,0.006057363469153643,
1339,5359,,,-0.006050732918083668,,0.006050732918083668,
1340,5363,,,-0.006036120001226664,,0.006036120001226664,
1341,5367,,,-0.00604797201231122,,0.00604797201231122,
1342,5371,,,-0.0060612717643380165,,0.0060612717643380165,
1343,5375,,,-0.006034073419868946,,0.006034073419868946,
1344,5379,,,-0.006057127844542265,,0.006057127844542265,
1345,5383,,,-0.006047542206943035,,0.006047542206943035,
1346,5387,,,-0.006054215133190155,,0.006054215133190155,
1347,5391,,,-0.006057217251509428,,0.006057217251509428,
1348,5395,,,-0.006049246992915869,,0.006049246992915869,
1349,5399,,,,-0.0029391348361968994,,0.0029391348361968994
1349,5399,,,-0.0060566989704966545,,0.0060566989704966545,
1350,5403,,,-0.006039225496351719,,0.006039225496351719,
1351,5407,,,-0.00605565682053566,,0.00605565682053566,
1352,5411,,,-0.0060496702790260315,,0.0060496702790260315,
1353,5415,,,-0.006047610193490982,,0.006047610193490982,
1354,5419,,,-0.00605688476935029,,0.00605688476935029,
1355,5423,,,-0.006060679443180561,,0.006060679443180561,
1356,5427,,,-0.006053082644939423,,0.006053082644939423,
1357,5431,,,-0.006057619582861662,,0.006057619582861662,
1358,5435,,,-0.006054415367543697,,0.006054415367543697,
1359,5439,,,-0.006047809962183237,,0.006047809962183237,
1360,5443,,,-0.0060544987209141254,,0.0060544987209141254,
1361,5447,,,-0.0060593681409955025,,0.0060593681409955025,
1362,5449,,,,-0.004021495580673218,,0.004021495580673218
1362,5451,,,-0.00605742447078228,,0.00605742447078228,
1363,5455,,,-0.006055877078324556,,0.006055877078324556,
1364,5459,,,-0.006060600280761719,,0.006060600280761719,
1365,5463,,,-0.006050138268619776,,0.006050138268619776,
1366,5467,,,-0.006051742006093264,,0.006051742006093264,
1367,5471,,,-0.006059359759092331,,0.006059359759092331,
1368,5475,,,-0.0060600279830396175,,0.0060600279830396175,
1369,5479,,,-0.006023286376148462,,0.006023286376148462,
1370,5483,,,-0.006062750704586506,,0.006062750704586506,
1371,5487,,,-0.006017722655087709,,0.006017722655087709,
1372,5491,,,-0.006051838863641024,,0.006051838863641024,
1373,5495,,,-0.006060629617422819,,0.006060629617422819,
1374,5499,,,,-0.00509953498840332,,0.00509953498840332
1374,5499,,,-0.006058300845324993,,0.006058300845324993,
1375,5503,,,-0.006057970225811005,,0.006057970225811005,
1376,5507,,,-0.006048243958503008,,0.006048243958503008,
1377,5511,,,-0.00603237422183156,,0.00603237422183156,
1378,5515,,,-0.006071140523999929,,0.006071140523999929,
1379,5519,,,-0.006053514312952757,,0.006053514312952757,
1380,5523,,,-0.006060934625566006,,0.006060934625566006,
1381,5527,,,-0.006068116519600153,,0.006068116519600153,
1382,5531,,,-0.006041884422302246,,0.006041884422302246,
1383,5535,,,-0.006070265080779791,,0.006070265080779791,
1384,5539,,,-0.006043703760951757,,0.006043703760951757,
1385,5543,,,-0.006054811645299196,,0.006054811645299196,
1386,5547,,,-0.006058764643967152,,0.006058764643967152,
1387,5549,,,,-0.005989581346511841,,0.005989581346511841
1387,5551,,,-0.0060427128337323666,,0.0060427128337323666,
1388,5555,,,-0.00605741748586297,,0.00605741748586297,
1389,5559,,,-0.006040601059794426,,0.006040601059794426,
1390,5563,,,-0.0060582514852285385,,0.0060582514852285385,
1391,5567,,,-0.006058057304471731,,0.006058057304471731,
1392,5571,,,-0.006051626522094011,,0.006051626522094011,
1393,5575,,,-0.005970139522105455,,0.005970139522105455,
1394,5579,,,-0.006070202682167292,,0.006070202682167292,
1395,5583,,,-0.006046272348612547,,0.006046272348612547,
1396,5587,,,-0.006027218420058489,,0.006027218420058489,
1397,5591,,,-0.006027126219123602,,0.006027126219123602,
1398,5595,,,-0.006063275970518589,,0.006063275970518589,
1399,5599,,,,-0.008118867874145508,,0.008118867874145508
1399,5599,,,-0.006054064258933067,,0.006054064258933067,
1400,5603,,,-0.0060553234070539474,,0.0060553234070539474,
1401,5607,,,-0.006066081579774618,,0.006066081579774618,
1402,5611,,,-0.006063242442905903,,0.006063242442905903,
1403,5615,,,-0.006053602322936058,,0.006053602322936058,
1404,5619,,,-0.006060441490262747,,0.006060441490262747,
1405,5623,,,-0.006063643377274275,,0.006063643377274275,
1406,5627,,,-0.006041818298399448,,0.006041818298399448,
1407,5631,,,-0.006066327914595604,,0.006066327914595604,
1408,5635,,,-0.006061946973204613,,0.006061946973204613,
1409,5639,,,-0.006063769105821848,,0.006063769105821848,
1410,5643,,,-0.006053217686712742,,0.006053217686712742,
1411,5647,,,-0.006050171796232462,,0.006050171796232462,
1412,5649,,,,-0.002041727304458618,,0.002041727304458618
1412,5651,,,-0.006058653816580772,,0.006058653816580772,
1413,5655,,,-0.006064306944608688,,0.006064306944608688,
1414,5659,,,-0.006058954633772373,,0.006058954633772373,
1415,5663,,,-0.006044895853847265,,0.006044895853847265,
1416,5667,,,-0.006038146559149027,,0.006038146559149027,
1417,5671,,,-0.00606408528983593,,0.00606408528983593,
1418,5675,,,-0.006068346556276083,,0.006068346556276083,
1419,5679,,,-0.006060878746211529,,0.006060878746211529,
1420,5683,,,-0.006047428585588932,,0.006047428585588932,
1421,5687,,,-0.006062614731490612,,0.006062614731490612,
1422,5691,,,-0.00604265695437789,,0.00604265695437789,
1423,5695,,,-0.006061258260160685,,0.006061258260160685,
1424,5699,,,,-0.007569342851638794,,0.007569342851638794
1424,5699,,,-0.006059019826352596,,0.006059019826352596,
1425,5703,,,-0.006058574188500643,,0.006058574188500643,
1426,5707,,,-0.006072692573070526,,0.006072692573070526,
1427,5711,,,-0.0060475654900074005,,0.0060475654900074005,
1428,5715,,,-0.006054653320461512,,0.006054653320461512,
1429,5719,,,-0.006063430104404688,,0.006063430104404688,
1430,5723,,,-0.006060490850359201,,0.006060490850359201,
1431,5727,,,-0.006055380217730999,,0.006055380217730999,
1432,5731,,,-0.006065411027520895,,0.006065411027520895,
1433,5735,,,-0.006066277623176575,,0.006066277623176575,
1434,5739,,,-0.006066496018320322,,0.006066496018320322,
1435,5743,,,-0.006059430073946714,,0.006059430073946714,
1436,5747,,,-0.006060020066797733,,0.006060020066797733,
1437,5749,,,,-0.007049232721328735,,0.007049232721328735
1437,5751,,,-0.006066587753593922,,0.006066587753593922,
1438,5755,,,-0.006071492098271847,,0.006071492098271847,
1439,5759,,,-0.006072212476283312,,0.006072212476283312,
1440,5763,,,-0.006070157513022423,,0.006070157513022423,
1441,5767,,,-0.006061145104467869,,0.006061145104467869,
1442,5771,,,-0.006060608197003603,,0.006060608197003603,
1443,5775,,,-0.006057307124137878,,0.006057307124137878,
1444,5779,,,-0.006068251561373472,,0.006068251561373472,
1445,5783,,,-0.006051648408174515,,0.006051648408174515,
1446,5787,,,-0.006033322773873806,,0.006033322773873806,
1447,5791,,,-0.006037136539816856,,0.006037136539816856,
1448,5795,,,-0.006057565100491047,,0.006057565100491047,
1449,5799,,,,-0.004920750856399536,,0.004920750856399536
1449,5799,,,-0.006065438035875559,,0.006065438035875559,
1450,5803,,,-0.006046997848898172,,0.006046997848898172,
1451,5807,,,-0.006075797136873007,,0.006075797136873007,
1452,5811,,,-0.0060544670559465885,,0.0060544670559465885,
1453,5815,,,-0.006059914827346802,,0.006059914827346802,
1454,5819,,,-0.0060736918821930885,,0.0060736918821930885,
1455,5823,,,-0.006070870906114578,,0.006070870906114578,
1456,5827,,,-0.00606661569327116,,0.00606661569327116,
1457,5831,,,-0.006064331624656916,,0.006064331624656916,
1458,5835,,,-0.006072761490941048,,0.006072761490941048,
1459,5839,,,-0.006070274394005537,,0.006070274394005537,
1460,5843,,,-0.006053225602954626,,0.006053225602954626,
1461,5847,,,-0.0060754623264074326,,0.0060754623264074326,
1462,5849,,,,-0.0036746859550476074,,0.0036746859550476074
1462,5851,,,-0.006072178948670626,,0.006072178948670626,
1463,5855,,,-0.006071470212191343,,0.006071470212191343,
1464,5859,,,-0.006066317670047283,,0.006066317670047283,
1465,5863,,,-0.006055316422134638,,0.006055316422134638,
1466,5867,,,-0.006065228022634983,,0.006065228022634983,
1467,5871,,,-0.006051862612366676,,0.006051862612366676,
1468,5875,,,-0.006060743238776922,,0.006060743238776922,
1469,5879,,,-0.006072188261896372,,0.006072188261896372,
1470,5883,,,-0.006065082270652056,,0.006065082270652056,
1471,5887,,,-0.006065511144697666,,0.006065511144697666,
1472,5891,,,-0.006061128806322813,,0.006061128806322813,
1473,5895,,,-0.006067865993827581,,0.006067865993827581,
1474,5899,,,,-0.005742877721786499,,0.005742877721786499
1474,5899,,,-0.006064520217478275,,0.006064520217478275,
1475,5903,,,-0.006056173704564571,,0.006056173704564571,
1476,5907,,,-0.006035130936652422,,0.006035130936652422,
1477,5911,,,-0.0060720136389136314,,0.0060720136389136314,
1478,5915,,,-0.006074194796383381,,0.006074194796383381,
1479,5919,,,-0.006034627556800842,,0.006034627556800842,
1480,5923,,,-0.006069776602089405,,0.006069776602089405,
1481,5927,,,-0.006061953492462635,,0.006061953492462635,
1482,5931,,,-0.006050155498087406,,0.006050155498087406,
1483,5935,,,-0.006025750655680895,,0.006025750655680895,
1484,5939,,,-0.006067231763154268,,0.006067231763154268,
1485,5943,,,-0.006076811347156763,,0.006076811347156763,
1486,5947,,,-0.006070753093808889,,0.006070753093808889,
1487,5949,,,,-0.009382814168930054,,0.009382814168930054
1487,5951,,,-0.0060680825263261795,,0.0060680825263261795,
1488,5955,,,-0.006072996649891138,,0.006072996649891138,
1489,5959,,,-0.006061708554625511,,0.006061708554625511,
1490,5963,,,-0.006072572898119688,,0.006072572898119688,
1491,5967,,,-0.006073188968002796,,0.006073188968002796,
1492,5971,,,-0.006074938457459211,,0.006074938457459211,
1493,5975,,,-0.006073093507438898,,0.006073093507438898,
1494,5979,,,-0.006055104546248913,,0.006055104546248913,
1495,5983,,,-0.006055770441889763,,0.006055770441889763,
1496,5987,,,-0.006073570344597101,,0.006073570344597101,
1497,5991,,,-0.006067787297070026,,0.006067787297070026,
1498,5995,,,-0.006067678797990084,,0.006067678797990084,
1499,5999,,,,-0.0057592689990997314,,0.0057592689990997314
1499,5999,,,-0.00606841454282403,,0.00606841454282403,
1500,6003,,,-0.006068557500839233,,0.006068557500839233,
1501,6007,,,-0.006069117691367865,,0.006069117691367865,
1502,6011,,,-0.006055654492229223,,0.006055654492229223,
1503,6015,,,-0.00606852350756526,,0.00606852350756526,
1504,6019,,,-0.006068997085094452,,0.006068997085094452,
1505,6023,,,-0.006070053204894066,,0.006070053204894066,
1506,6027,,,-0.00606498122215271,,0.00606498122215271,
1507,6031,,,-0.0060622007586061954,,0.0060622007586061954,
1508,6035,,,-0.0060722180642187595,,0.0060722180642187595,
1509,6039,,,-0.006074045784771442,,0.006074045784771442,
1510,6043,,,-0.0060675791464746,,0.0060675791464746,
1511,6047,,,-0.006059792824089527,,0.006059792824089527,
1512,6049,,,,-0.004742175340652466,,0.004742175340652466
1512,6051,,,-0.006078565493226051,,0.006078565493226051,
1513,6055,,,-0.006064399145543575,,0.006064399145543575,
1514,6059,,,-0.006067860871553421,,0.006067860871553421,
1515,6063,,,-0.006065574008971453,,0.006065574008971453,
1516,6067,,,-0.0060670748353004456,,0.0060670748353004456,
1517,6071,,,-0.006059959996491671,,0.006059959996491671,
1518,6075,,,-0.0060591986402869225,,0.0060591986402869225,
1519,6079,,,-0.006069403141736984,,0.006069403141736984,
1520,6083,,,-0.006057694088667631,,0.006057694088667631,
1521,6087,,,-0.0060724434442818165,,0.0060724434442818165,
1522,6091,,,-0.00606202706694603,,0.00606202706694603,
1523,6095,,,-0.006053920369595289,,0.006053920369595289,
1524,6099,,,,-0.00542682409286499,,0.00542682409286499
1524,6099,,,-0.006075017154216766,,0.006075017154216766,
1525,6103,,,-0.006061992608010769,,0.006061992608010769,
1526,6107,,,-0.006069732829928398,,0.006069732829928398,
1527,6111,,,-0.0060623930767178535,,0.0060623930767178535,
1528,6115,,,-0.006075081881135702,,0.006075081881135702,
1529,6119,,,-0.006068740971386433,,0.006068740971386433,
1530,6123,,,-0.006081168074160814,,0.006081168074160814,
1531,6127,,,-0.006079154089093208,,0.006079154089093208,
1532,6131,,,-0.006075259298086166,,0.006075259298086166,
1533,6135,,,-0.006077222526073456,,0.006077222526073456,
1534,6139,,,-0.006067562848329544,,0.006067562848329544,
1535,6143,,,-0.006073877681046724,,0.006073877681046724,
1536,6147,,,-0.006058934610337019,,0.006058934610337019,
1537,6149,,,,-0.00730326771736145,,0.00730326771736145
1537,6151,,,-0.006067084614187479,,0.006067084614187479,
1538,6155,,,-0.006067521404474974,,0.006067521404474974,
1539,6159,,,-0.00607171468436718,,0.00607171468436718,
1540,6163,,,-0.006073080003261566,,0.006073080003261566,
1541,6167,,,-0.0060708653181791306,,0.0060708653181791306,
1542,6171,,,-0.006074664648622274,,0.006074664648622274,
1543,6175,,,-0.006073525175452232,,0.006073525175452232,
1544,6179,,,-0.0060714236460626125,,0.0060714236460626125,
1545,6183,,,-0.006071228999644518,,0.006071228999644518,
1546,6187,,,-0.006069358438253403,,0.006069358438253403,
1547,6191,,,-0.00606742687523365,,0.00606742687523365,
1548,6195,,,-0.006069776136428118,,0.006069776136428118,
1549,6199,,,,-0.00709417462348938,,0.00709417462348938
1549,6199,,,-0.0060678645968437195,,0.0060678645968437195,
1550,6203,,,-0.0060751717537641525,,0.0060751717537641525,
1551,6207,,,-0.006076451390981674,,0.006076451390981674,
1552,6211,,,-0.006066591944545507,,0.006066591944545507,
1553,6215,,,-0.0060572843067348,,0.0060572843067348,
1554,6219,,,-0.0060709016397595406,,0.0060709016397595406,
1555,6223,,,-0.006065244320780039,,0.006065244320780039,
1556,6227,,,-0.006075156386941671,,0.006075156386941671,
1557,6231,,,-0.006056906655430794,,0.006056906655430794,
1558,6235,,,-0.00607454776763916,,0.00607454776763916,
1559,6239,,,-0.006072608754038811,,0.006072608754038811,
1560,6243,,,-0.00607739994302392,,0.00607739994302392,
1561,6247,,,-0.006072202231734991,,0.006072202231734991,
1562,6249,,,,-0.005457013845443726,,0.005457013845443726
1562,6251,,,-0.006065844092518091,,0.006065844092518091,
1563,6255,,,-0.006046576891094446,,0.006046576891094446,
1564,6259,,,-0.006072666496038437,,0.006072666496038437,
1565,6263,,,-0.006068265996873379,,0.006068265996873379,
1566,6267,,,-0.006070468109101057,,0.006070468109101057,
1567,6271,,,-0.006079180631786585,,0.006079180631786585,
1568,6275,,,-0.0060789682902395725,,0.0060789682902395725,
1569,6279,,,-0.006074885372072458,,0.006074885372072458,
1570,6283,,,-0.006068050861358643,,0.006068050861358643,
1571,6287,,,-0.006069900002330542,,0.006069900002330542,
1572,6291,,,-0.00608547730371356,,0.00608547730371356,
1573,6295,,,-0.006027708761394024,,0.006027708761394024,
1574,6299,,,,-0.0014212429523468018,,0.0014212429523468018
1574,6299,,,-0.006073924247175455,,0.006073924247175455,
1575,6303,,,-0.0060710422694683075,,0.0060710422694683075,
1576,6307,,,-0.006032832898199558,,0.006032832898199558,
1577,6311,,,-0.006071390118449926,,0.006071390118449926,
1578,6315,,,-0.006066678091883659,,0.006066678091883659,
1579,6319,,,-0.006073255557566881,,0.006073255557566881,
1580,6323,,,-0.006076198536902666,,0.006076198536902666,
1581,6327,,,-0.006014341488480568,,0.006014341488480568,
1582,6331,,,-0.006060278974473476,,0.006060278974473476,
1583,6335,,,-0.006070422939956188,,0.006070422939956188,
1584,6339,,,-0.0060806237161159515,,0.0060806237161159515,
1585,6343,,,-0.006068977992981672,,0.006068977992981672,
1586,6347,,,-0.006021639332175255,,0.006021639332175255,
1587,6349,,,,-0.008971482515335083,,0.008971482515335083
1587,6351,,,-0.006066655274480581,,0.006066655274480581,
1588,6355,,,-0.006059980019927025,,0.006059980019927025,
1589,6359,,,-0.006080519407987595,,0.006080519407987595,
1590,6363,,,-0.006084424909204245,,0.006084424909204245,
1591,6367,,,-0.006076558958739042,,0.006076558958739042,
1592,6371,,,-0.006060711108148098,,0.006060711108148098,
1593,6375,,,-0.006067325361073017,,0.006067325361073017,
1594,6379,,,-0.006083127111196518,,0.006083127111196518,
1595,6383,,,-0.006067832000553608,,0.006067832000553608,
1596,6387,,,-0.006062090862542391,,0.006062090862542391,
1597,6391,,,-0.00608194200322032,,0.00608194200322032,
1598,6395,,,-0.006016165483742952,,0.006016165483742952,
1599,6399,,,,-0.009290456771850586,,0.009290456771850586
1599,6399,,,-0.006022904068231583,,0.006022904068231583,
1600,6403,,,-0.0060800123028457165,,0.0060800123028457165,
1601,6407,,,-0.006074440199881792,,0.006074440199881792,
1602,6411,,,-0.0060779014602303505,,0.0060779014602303505,
1603,6415,,,-0.0060621099546551704,,0.0060621099546551704,
1604,6419,,,-0.006075452547520399,,0.006075452547520399,
1605,6423,,,-0.006083756219595671,,0.006083756219595671,
1606,6427,,,-0.006056503392755985,,0.006056503392755985,
1607,6431,,,-0.0060647823847830296,,0.0060647823847830296,
1608,6435,,,-0.006070610135793686,,0.006070610135793686,
1609,6439,,,-0.006067086011171341,,0.006067086011171341,
1610,6443,,,-0.006053667049854994,,0.006053667049854994,
1611,6447,,,-0.006071595475077629,,0.006071595475077629,
1612,6449,,,,-0.004990994930267334,,0.004990994930267334
1612,6451,,,-0.00606747530400753,,0.00606747530400753,
1613,6455,,,-0.006068688351660967,,0.006068688351660967,
1614,6459,,,-0.006081943865865469,,0.006081943865865469,
1615,6463,,,-0.006076454650610685,,0.006076454650610685,
1616,6467,,,-0.006082633510231972,,0.006082633510231972,
1617,6471,,,-0.00607521366328001,,0.00607521366328001,
1618,6475,,,-0.00607085507363081,,0.00607085507363081,
1619,6479,,,-0.006083373446017504,,0.006083373446017504,
1620,6483,,,-0.0060773929581046104,,0.0060773929581046104,
1621,6487,,,-0.006056704092770815,,0.006056704092770815,
1622,6491,,,-0.006074570119380951,,0.006074570119380951,
1623,6495,,,-0.0060668084770441055,,0.0060668084770441055,
1624,6499,,,,-0.007286787033081055,,0.007286787033081055
1624,6499,,,-0.006069258786737919,,0.006069258786737919,
1625,6503,,,-0.00608880165964365,,0.00608880165964365,
1626,6507,,,-0.006092462223023176,,0.006092462223023176,
1627,6511,,,-0.006072162184864283,,0.006072162184864283,
1628,6515,,,-0.006067243870347738,,0.006067243870347738,
1629,6519,,,-0.0060847243294119835,,0.0060847243294119835,
1630,6523,,,-0.0060852509923279285,,0.0060852509923279285,
1631,6527,,,-0.006077181082218885,,0.006077181082218885,
1632,6531,,,-0.0060807811096310616,,0.0060807811096310616,
1633,6535,,,-0.006050577387213707,,0.006050577387213707,
1634,6539,,,-0.006081021390855312,,0.006081021390855312,
1635,6543,,,-0.006051936186850071,,0.006051936186850071,
1636,6547,,,-0.006089066155254841,,0.006089066155254841,
1637,6549,,,,-0.005242675542831421,,0.005242675542831421
1637,6551,,,-0.006074354983866215,,0.006074354983866215,
1638,6555,,,-0.006068164017051458,,0.006068164017051458,
1639,6559,,,-0.0060722255147993565,,0.0060722255147993565,
1640,6563,,,-0.00608803890645504,,0.00608803890645504,
1641,6567,,,-0.006071548443287611,,0.006071548443287611,
1642,6571,,,-0.006072512827813625,,0.006072512827813625,
1643,6575,,,-0.006077407393604517,,0.006077407393604517,
1644,6579,,,-0.006075049750506878,,0.006075049750506878,
1645,6583,,,-0.006076353136450052,,0.006076353136450052,
1646,6587,,,-0.006053562741726637,,0.006053562741726637,
1647,6591,,,-0.00607169046998024,,0.00607169046998024,
1648,6595,,,-0.006079218350350857,,0.006079218350350857,
1649,6599,,,,-0.0027772486209869385,,0.0027772486209869385
1649,6599,,,-0.0060736569575965405,,0.0060736569575965405,
1650,6603,,,-0.006070086732506752,,0.006070086732506752,
1651,6607,,,-0.006087625864893198,,0.006087625864893198,
1652,6611,,,-0.006028067786246538,,0.006028067786246538,
1653,6615,,,-0.006071257870644331,,0.006071257870644331,
1654,6619,,,-0.00607290817424655,,0.00607290817424655,
1655,6623,,,-0.006051845382899046,,0.006051845382899046,
1656,6627,,,-0.0060776411555707455,,0.0060776411555707455,
1657,6631,,,-0.006085495930165052,,0.006085495930165052,
1658,6635,,,-0.006085644010454416,,0.006085644010454416,
1659,6639,,,-0.006084765307605267,,0.006084765307605267,
1660,6643,,,-0.00607929565012455,,0.00607929565012455,
1661,6647,,,-0.006078595761209726,,0.006078595761209726,
1662,6649,,,,-0.004853039979934692,,0.004853039979934692
1662,6651,,,-0.006077197380363941,,0.006077197380363941,
1663,6655,,,-0.00607483834028244,,0.00607483834028244,
1664,6659,,,-0.006084040272980928,,0.006084040272980928,
1665,6663,,,-0.006058173254132271,,0.006058173254132271,
1666,6667,,,-0.006079496815800667,,0.006079496815800667,
1667,6671,,,-0.006060485262423754,,0.006060485262423754,
1668,6675,,,-0.006082608364522457,,0.006082608364522457,
1669,6679,,,-0.006077319383621216,,0.006077319383621216,
1670,6683,,,-0.006074775010347366,,0.006074775010347366,
1671,6687,,,-0.0060803634114563465,,0.0060803634114563465,
1672,6691,,,-0.006081505212932825,,0.006081505212932825,
1673,6695,,,-0.006077388767153025,,0.006077388767153025,
1674,6699,,,,-0.0026018619537353516,,0.0026018619537353516
1674,6699,,,-0.006072305608540773,,0.006072305608540773,
1675,6703,,,-0.006086403504014015,,0.006086403504014015,
1676,6707,,,-0.006069545168429613,,0.006069545168429613,
1677,6711,,,-0.006078200880438089,,0.006078200880438089,
1678,6715,,,-0.006053605582565069,,0.006053605582565069,
1679,6719,,,-0.006081509403884411,,0.006081509403884411,
1680,6723,,,-0.006081994157284498,,0.006081994157284498,
1681,6727,,,-0.006083772983402014,,0.006083772983402014,
1682,6731,,,-0.006072770804166794,,0.006072770804166794,
1683,6735,,,-0.006072444375604391,,0.006072444375604391,
1684,6739,,,-0.006061193533241749,,0.006061193533241749,
1685,6743,,,-0.006075241602957249,,0.006075241602957249,
1686,6747,,,-0.006087678950279951,,0.006087678950279951,
1687,6749,,,,-0.00576665997505188,,0.00576665997505188
1687,6751,,,-0.006078263744711876,,0.006078263744711876,
1688,6755,,,-0.006086691748350859,,0.006086691748350859,
1689,6759,,,-0.006082217209041119,,0.006082217209041119,
1690,6763,,,-0.00607328163459897,,0.00607328163459897,
1691,6767,,,-0.00607870751991868,,0.00607870751991868,
1692,6771,,,-0.006063594948500395,,0.006063594948500395,
1693,6775,,,-0.006084076128900051,,0.006084076128900051,
1694,6779,,,-0.006074067205190659,,0.006074067205190659,
1695,6783,,,-0.00608473876491189,,0.00608473876491189,
1696,6787,,,-0.006080978084355593,,0.006080978084355593,
1697,6791,,,-0.006086681969463825,,0.006086681969463825,
1698,6795,,,-0.006084149237722158,,0.006084149237722158,
1699,6799,,,,-0.007354259490966797,,0.007354259490966797
1699,6799,,,-0.0060800956562161446,,0.0060800956562161446,
1700,6803,,,-0.006086873356252909,,0.006086873356252909,
1701,6807,,,-0.006070842035114765,,0.006070842035114765,
1702,6811,,,-0.006085673347115517,,0.006085673347115517,
1703,6815,,,-0.0060790469869971275,,0.0060790469869971275,
1704,6819,,,-0.006049539428204298,,0.006049539428204298,
1705,6823,,,-0.006085427477955818,,0.006085427477955818,
1706,6827,,,-0.006083080545067787,,0.006083080545067787,
1707,6831,,,-0.006085173226892948,,0.006085173226892948,
1708,6835,,,-0.006069917231798172,,0.006069917231798172,
1709,6839,,,-0.006037977058440447,,0.006037977058440447,
1710,6843,,,-0.0060834805481135845,,0.0060834805481135845,
1711,6847,,,-0.006045651622116566,,0.006045651622116566,
1712,6849,,,,-0.0044786036014556885,,0.0044786036014556885
1712,6851,,,-0.006073690485209227,,0.006073690485209227,
1713,6855,,,-0.006083068437874317,,0.006083068437874317,
1714,6859,,,-0.006067386828362942,,0.006067386828362942,
1715,6863,,,-0.006085256114602089,,0.006085256114602089,
1716,6867,,,-0.0060784704983234406,,0.0060784704983234406,
1717,6871,,,-0.006083115469664335,,0.006083115469664335,
1718,6875,,,-0.006079725455492735,,0.006079725455492735,
1719,6879,,,-0.0060867201536893845,,0.0060867201536893845,
1720,6883,,,-0.006083371117711067,,0.006083371117711067,
1721,6887,,,-0.006074164528399706,,0.006074164528399706,
1722,6891,,,-0.006069608498364687,,0.006069608498364687,
1723,6895,,,-0.006085445638746023,,0.006085445638746023,
1724,6899,,,,-0.005870342254638672,,0.005870342254638672
1724,6899,,,-0.006088768132030964,,0.006088768132030964,
1725,6903,,,-0.006082481704652309,,0.006082481704652309,
1726,6907,,,-0.006088555790483952,,0.006088555790483952,
1727,6911,,,-0.006084050517529249,,0.006084050517529249,
1728,6915,,,-0.006079814862459898,,0.006079814862459898,
1729,6919,,,-0.0060777743346989155,,0.0060777743346989155,
1730,6923,,,-0.0060808188281953335,,0.0060808188281953335,
1731,6927,,,-0.0060802036896348,,0.0060802036896348,
1732,6931,,,-0.00605927687138319,,0.00605927687138319,
1733,6935,,,-0.00607686210423708,,0.00607686210423708,
1734,6939,,,-0.006084593944251537,,0.006084593944251537,
1735,6943,,,-0.006085253320634365,,0.006085253320634365,
1736,6947,,,-0.00606089923530817,,0.00606089923530817,
1737,6949,,,,-0.008137136697769165,,0.008137136697769165
1737,6951,,,-0.006075600162148476,,0.006075600162148476,
1738,6955,,,-0.006077921949326992,,0.006077921949326992,
1739,6959,,,-0.00606695469468832,,0.00606695469468832,
1740,6963,,,-0.006085727829486132,,0.006085727829486132,
1741,6967,,,-0.006071696989238262,,0.006071696989238262,
1742,6971,,,-0.00608969759196043,,0.00608969759196043,
1743,6975,,,-0.006093041505664587,,0.006093041505664587,
1744,6979,,,-0.0060846502892673016,,0.0060846502892673016,
1745,6983,,,-0.0060887932777404785,,0.0060887932777404785,
1746,6987,,,-0.006086577661335468,,0.006086577661335468,
1747,6991,,,-0.006089572329074144,,0.006089572329074144,
1748,6995,,,-0.006085584405809641,,0.006085584405809641,
1749,6999,,,,-0.005584627389907837,,0.005584627389907837
1749,6999,,,-0.006086320150643587,,0.006086320150643587,
1750,7003,,,-0.0060786837711930275,,0.0060786837711930275,
1751,7007,,,-0.00608685240149498,,0.00608685240149498,
1752,7011,,,-0.006087759975343943,,0.006087759975343943,
1753,7015,,,-0.006063039414584637,,0.006063039414584637,
1754,7019,,,-0.006058149039745331,,0.006058149039745331,
1755,7023,,,-0.006088453810662031,,0.006088453810662031,
1756,7027,,,-0.006069863215088844,,0.006069863215088844,
1757,7031,,,-0.006082513835281134,,0.006082513835281134,
1758,7035,,,-0.0060850270092487335,,0.0060850270092487335,
1759,7039,,,-0.006061771884560585,,0.006061771884560585,
1760,7043,,,-0.006083014886826277,,0.006083014886826277,
1761,7047,,,-0.006062147207558155,,0.006062147207558155,
1762,7049,,,,-0.005407422780990601,,0.005407422780990601
1762,7051,,,-0.00609561987221241,,0.00609561987221241,
1763,7055,,,-0.006082830484956503,,0.006082830484956503,
1764,7059,,,-0.006081625819206238,,0.006081625819206238,
1765,7063,,,-0.006090529728680849,,0.006090529728680849,
1766,7067,,,-0.006060909014195204,,0.006060909014195204,
1767,7071,,,-0.006092975381761789,,0.006092975381761789,
1768,7075,,,-0.006066721398383379,,0.006066721398383379,
1769,7079,,,-0.006087816320359707,,0.006087816320359707,
1770,7083,,,-0.006064330693334341,,0.006064330693334341,
1771,7087,,,-0.006025586277246475,,0.006025586277246475,
1772,7091,,,-0.006081361323595047,,0.006081361323595047,
1773,7095,,,-0.0060810670256614685,,0.0060810670256614685,
1774,7099,,,,-0.0037666261196136475,,0.0037666261196136475
1774,7099,,,-0.006081779487431049,,0.006081779487431049,
1775,7103,,,-0.006086285691708326,,0.006086285691708326,
1776,7107,,,-0.0060666692443192005,,0.0060666692443192005,
1777,7111,,,-0.006088605150580406,,0.006088605150580406,
1778,7115,,,-0.006079100538045168,,0.006079100538045168,
1779,7119,,,-0.006081335712224245,,0.006081335712224245,
1780,7123,,,-0.006088374648243189,,0.006088374648243189,
1781,7127,,,-0.006075332406908274,,0.006075332406908274,
1782,7131,,,-0.006077803671360016,,0.006077803671360016,
1783,7135,,,-0.006078595295548439,,0.006078595295548439,
1784,7139,,,-0.0060846987180411816,,0.0060846987180411816,
1785,7143,,,-0.006067101843655109,,0.006067101843655109,
1786,7147,,,-0.006092736963182688,,0.006092736963182688,
1787,7149,,,,-0.005649089813232422,,0.005649089813232422
1787,7151,,,-0.006075911223888397,,0.006075911223888397,
1788,7155,,,-0.006089636590331793,,0.006089636590331793,
1789,7159,,,-0.006067371927201748,,0.006067371927201748,
1790,7163,,,-0.00610465370118618,,0.00610465370118618,
1791,7167,,,-0.006066744215786457,,0.006066744215786457,
1792,7171,,,-0.0060912263579666615,,0.0060912263579666615,
1793,7175,,,-0.0060745831578969955,,0.0060745831578969955,
1794,7179,,,-0.0060982368886470795,,0.0060982368886470795,
1795,7183,,,-0.006087092682719231,,0.006087092682719231,
1796,7187,,,-0.006053631659597158,,0.006053631659597158,
1797,7191,,,-0.006080363877117634,,0.006080363877117634,
1798,7195,,,-0.006088861729949713,,0.006088861729949713,
1799,7199,,,,-0.00458216667175293,,0.00458216667175293
1799,7199,,,-0.006085336208343506,,0.006085336208343506,
1800,7203,,,-0.006094444543123245,,0.006094444543123245,
1801,7207,,,-0.006079023238271475,,0.006079023238271475,
1802,7211,,,-0.006063822656869888,,0.006063822656869888,
1803,7215,,,-0.006040944252163172,,0.006040944252163172,
1804,7219,,,-0.006062554661184549,,0.006062554661184549,
1805,7223,,,-0.006086315028369427,,0.006086315028369427,
1806,7227,,,-0.006085204426199198,,0.006085204426199198,
1807,7231,,,-0.006071651354432106,,0.006071651354432106,
1808,7235,,,-0.006089070811867714,,0.006089070811867714,
1809,7239,,,-0.0060888915322721004,,0.0060888915322721004,
1810,7243,,,-0.006088054273277521,,0.006088054273277521,
1811,7247,,,-0.006074874196201563,,0.006074874196201563,
1812,7249,,,,-0.0025692880153656006,,0.0025692880153656006
1812,7251,,,-0.006094254553318024,,0.006094254553318024,
1813,7255,,,-0.006093362346291542,,0.006093362346291542,
1814,7259,,,-0.00609551789239049,,0.00609551789239049,
1815,7263,,,-0.006084691267460585,,0.006084691267460585,
1816,7267,,,-0.006070371717214584,,0.006070371717214584,
1817,7271,,,-0.006094738375395536,,0.006094738375395536,
1818,7275,,,-0.006093145348131657,,0.006093145348131657,
1819,7279,,,-0.006088795140385628,,0.006088795140385628,
1820,7283,,,-0.006083367858082056,,0.006083367858082056,
1821,7287,,,-0.006090502720326185,,0.006090502720326185,
1822,7291,,,-0.006097377743571997,,0.006097377743571997,
1823,7295,,,-0.006075493060052395,,0.006075493060052395,
1824,7299,,,,-0.004665285348892212,,0.004665285348892212
1824,7299,,,-0.006082491483539343,,0.006082491483539343,
1825,7303,,,-0.006088658701628447,,0.006088658701628447,
1826,7307,,,-0.006089169066399336,,0.006089169066399336,
1827,7311,,,-0.006087184883654118,,0.006087184883654118,
1828,7315,,,-0.006096950266510248,,0.006096950266510248,
1829,7319,,,-0.006092357449233532,,0.006092357449233532,
1830,7323,,,-0.006088925525546074,,0.006088925525546074,
1831,7327,,,-0.006090868264436722,,0.006090868264436722,
1832,7331,,,-0.006087703630328178,,0.006087703630328178,
1833,7335,,,-0.006068466696888208,,0.006068466696888208,
1834,7339,,,-0.0060820202343165874,,0.0060820202343165874,
1835,7343,,,-0.006069105584174395,,0.006069105584174395,
1836,7347,,,-0.00609631696715951,,0.00609631696715951,
1837,7349,,,,-0.010341495275497437,,0.010341495275497437
1837,7351,,,-0.006062588654458523,,0.006062588654458523,
1838,7355,,,-0.006093582604080439,,0.006093582604080439,
1839,7359,,,-0.006103547755628824,,0.006103547755628824,
1840,7363,,,-0.006084789987653494,,0.006084789987653494,
1841,7367,,,-0.006093466188758612,,0.006093466188758612,
1842,7371,,,-0.0060998909175395966,,0.0060998909175395966,
1843,7375,,,-0.006086777895689011,,0.006086777895689011,
1844,7379,,,-0.006091640796512365,,0.006091640796512365,
1845,7383,,,-0.006053846329450607,,0.006053846329450607,
1846,7387,,,-0.0060716490261256695,,0.0060716490261256695,
1847,7391,,,-0.006089132744818926,,0.006089132744818926,
1848,7395,,,-0.0060857865028083324,,0.0060857865028083324,
1849,7399,,,,-0.007292449474334717,,0.007292449474334717
1849,7399,,,-0.006086951587349176,,0.006086951587349176,
1850,7403,,,-0.006085048895329237,,0.006085048895329237,
1851,7407,,,-0.006090880837291479,,0.006090880837291479,
1852,7411,,,-0.006086152978241444,,0.006086152978241444,
1853,7415,,,-0.006067147012799978,,0.006067147012799978,
1854,7419,,,-0.0060888854786753654,,0.0060888854786753654,
1855,7423,,,-0.006091970484703779,,0.006091970484703779,
1856,7427,,,-0.006085596047341824,,0.006085596047341824,
1857,7431,,,-0.006086285226047039,,0.006086285226047039,
1858,7435,,,-0.006082332693040371,,0.006082332693040371,
1859,7439,,,-0.006075432524085045,,0.006075432524085045,
1860,7443,,,-0.006088729947805405,,0.006088729947805405,
1861,7447,,,-0.00607557687908411,,0.00607557687908411,
1862,7449,,,,-0.002011537551879883,,0.002011537551879883
1862,7451,,,-0.006084435153752565,,0.006084435153752565,
1863,7455,,,-0.006058795843273401,,0.006058795843273401,
1864,7459,,,-0.006091283634305,,0.006091283634305,
1865,7463,,,-0.006080659106373787,,0.006080659106373787,
1866,7467,,,-0.006086376961320639,,0.006086376961320639,
1867,7471,,,-0.006078347098082304,,0.006078347098082304,
1868,7475,,,-0.006093885283917189,,0.006093885283917189,
1869,7479,,,-0.00606795446947217,,0.00606795446947217,
1870,7483,,,-0.006059939973056316,,0.006059939973056316,
1871,7487,,,-0.006081119645386934,,0.006081119645386934,
1872,7491,,,-0.006089865230023861,,0.006089865230023861,
1873,7495,,,-0.006091753952205181,,0.006091753952205181,
1874,7499,,,,-0.0064487457275390625,,0.0064487457275390625
1874,7499,,,-0.006090850569307804,,0.006090850569307804,
1875,7503,,,-0.00606012437492609,,0.00606012437492609,
1876,7507,,,-0.006074418313801289,,0.006074418313801289,
1877,7511,,,-0.006088972091674805,,0.006088972091674805,
1878,7515,,,-0.006078976672142744,,0.006078976672142744,
1879,7519,,,-0.006067242939025164,,0.006067242939025164,
1880,7523,,,-0.006086440756917,,0.006086440756917,
1881,7527,,,-0.0060949488542973995,,0.0060949488542973995,
1882,7531,,,-0.006088890600949526,,0.006088890600949526,
1883,7535,,,-0.00609038770198822,,0.00609038770198822,
1884,7539,,,-0.006082423031330109,,0.006082423031330109,
1885,7543,,,-0.006092862691730261,,0.006092862691730261,
1886,7547,,,-0.006070335395634174,,0.006070335395634174,
1887,7549,,,,-0.0038104355335235596,,0.0038104355335235596
1887,7551,,,-0.006083199288696051,,0.006083199288696051,
1888,7555,,,-0.006096924189478159,,0.006096924189478159,
1889,7559,,,-0.006094388663768768,,0.006094388663768768,
1890,7563,,,-0.006087194196879864,,0.006087194196879864,
1891,7567,,,-0.006072185933589935,,0.006072185933589935,
1892,7571,,,-0.00608713598921895,,0.00608713598921895,
1893,7575,,,-0.0061001768335700035,,0.0061001768335700035,
1894,7579,,,-0.006078254897147417,,0.006078254897147417,
1895,7583,,,-0.00608811667189002,,0.00608811667189002,
1896,7587,,,-0.00609795143827796,,0.00609795143827796,
1897,7591,,,-0.006081785541027784,,0.006081785541027784,
1898,7595,,,-0.006093814503401518,,0.006093814503401518,
1899,7599,,,,-0.005434542894363403,,0.005434542894363403
1899,7599,,,-0.0060734376311302185,,0.0060734376311302185,
1900,7603,,,-0.00608899025246501,,0.00608899025246501,
1901,7607,,,-0.006080826744437218,,0.006080826744437218,
1902,7611,,,-0.00607319176197052,,0.00607319176197052,
1903,7615,,,-0.006072736345231533,,0.006072736345231533,
1904,7619,,,-0.006088304799050093,,0.006088304799050093,
1905,7623,,,-0.006084241438657045,,0.006084241438657045,
1906,7627,,,-0.006093085277825594,,0.006093085277825594,
1907,7631,,,-0.006083823274821043,,0.006083823274821043,
1908,7635,,,-0.006095485296100378,,0.006095485296100378,
1909,7639,,,-0.006067352835088968,,0.006067352835088968,
1910,7643,,,-0.0060822684317827225,,0.0060822684317827225,
1911,7647,,,-0.0060811880975961685,,0.0060811880975961685,
1912,7649,,,,-0.00842374563217163,,0.00842374563217163
1912,7651,,,-0.006061961874365807,,0.006061961874365807,
1913,7655,,,-0.006073262542486191,,0.006073262542486191,
1914,7659,,,-0.0060872966423630714,,0.0060872966423630714,
1915,7663,,,-0.006087851244956255,,0.006087851244956255,
1916,7667,,,-0.006092263851314783,,0.006092263851314783,
1917,7671,,,-0.006095217075198889,,0.006095217075198889,
1918,7675,,,-0.006091113202273846,,0.006091113202273846,
1919,7679,,,-0.006092304829508066,,0.006092304829508066,
1920,7683,,,-0.006090073846280575,,0.006090073846280575,
1921,7687,,,-0.006092678289860487,,0.006092678289860487,
1922,7691,,,-0.006082228850573301,,0.006082228850573301,
1923,7695,,,-0.006077989470213652,,0.006077989470213652,
1924,7699,,,,-0.0067726969718933105,,0.0067726969718933105
1924,7699,,,-0.006084610242396593,,0.006084610242396593,
1925,7703,,,-0.00608870480209589,,0.00608870480209589,
1926,7707,,,-0.006092136260122061,,0.006092136260122061,
1927,7711,,,-0.006095929071307182,,0.006095929071307182,
1928,7715,,,-0.006091112270951271,,0.006091112270951271,
1929,7719,,,-0.006076403893530369,,0.006076403893530369,
1930,7723,,,-0.0060814786702394485,,0.0060814786702394485,
1931,7727,,,-0.006085888482630253,,0.006085888482630253,
1932,7731,,,-0.006076443940401077,,0.006076443940401077,
1933,7735,,,-0.006090537644922733,,0.006090537644922733,
1934,7739,,,-0.0060710967518389225,,0.0060710967518389225,
1935,7743,,,-0.006090934854000807,,0.006090934854000807,
1936,7747,,,-0.006091552320867777,,0.006091552320867777,
1937,7749,,,,-0.004895836114883423,,0.004895836114883423
1937,7751,,,-0.006090669892728329,,0.006090669892728329,
1938,7755,,,-0.0061149634420871735,,0.0061149634420871735,
1939,7759,,,-0.00610323203727603,,0.00610323203727603,
1940,7763,,,-0.006088613532483578,,0.006088613532483578,
1941,7767,,,-0.006087486632168293,,0.006087486632168293,
1942,7771,,,-0.0060938503593206406,,0.0060938503593206406,
1943,7775,,,-0.006077345926314592,,0.006077345926314592,
1944,7779,,,-0.0060999589040875435,,0.0060999589040875435,
1945,7783,,,-0.006095473654568195,,0.006095473654568195,
1946,7787,,,-0.006085939705371857,,0.006085939705371857,
1947,7791,,,-0.006077966652810574,,0.006077966652810574,
1948,7795,,,-0.006088234018534422,,0.006088234018534422,
1949,7799,,,,-0.010243982076644897,,0.010243982076644897
1949,7799,,,-0.0060692294500768185,,0.0060692294500768185,
1950,7803,,,-0.006092934403568506,,0.006092934403568506,
1951,7807,,,-0.006071611773222685,,0.006071611773222685,
1952,7811,,,-0.006083830259740353,,0.006083830259740353,
1953,7815,,,-0.006074892822653055,,0.006074892822653055,
1954,7819,,,-0.006086731795221567,,0.006086731795221567,
1955,7823,,,-0.006088378839194775,,0.006088378839194775,
1956,7827,,,-0.006088360212743282,,0.006088360212743282,
1957,7831,,,-0.006066375412046909,,0.006066375412046909,
1958,7835,,,-0.006084962747991085,,0.006084962747991085,
1959,7839,,,-0.0060930391773581505,,0.0060930391773581505,
1960,7843,,,-0.006068991497159004,,0.006068991497159004,
1961,7847,,,-0.00606742687523365,,0.00606742687523365,
1962,7849,,,,-0.005369424819946289,,0.005369424819946289
1962,7851,,,-0.0060903760604560375,,0.0060903760604560375,
1963,7855,,,-0.006098396144807339,,0.006098396144807339,
1964,7859,,,-0.006094170734286308,,0.006094170734286308,
1965,7863,,,-0.006088143680244684,,0.006088143680244684,
1966,7867,,,-0.0060953181236982346,,0.0060953181236982346,
1967,7871,,,-0.006087605841457844,,0.006087605841457844,
1968,7875,,,-0.006094693671911955,,0.006094693671911955,
1969,7879,,,-0.00608809245750308,,0.00608809245750308,
1970,7883,,,-0.006063284818083048,,0.006063284818083048,
1971,7887,,,-0.006069418042898178,,0.006069418042898178,
1972,7891,,,-0.006088782101869583,,0.006088782101869583,
1973,7895,,,-0.006068948656320572,,0.006068948656320572,
1974,7899,,,,-0.002303600311279297,,0.002303600311279297
1974,7899,,,-0.006099251564592123,,0.006099251564592123,
1975,7903,,,-0.006106349639594555,,0.006106349639594555,
1976,7907,,,-0.006061477120965719,,0.006061477120965719,
1977,7911,,,-0.00606852862983942,,0.00606852862983942,
1978,7915,,,-0.006098219659179449,,0.006098219659179449,
1979,7919,,,-0.006093618459999561,,0.006093618459999561,
1980,7923,,,-0.006087200716137886,,0.006087200716137886,
1981,7927,,,-0.006100568454712629,,0.006100568454712629,
1982,7931,,,-0.006102059502154589,,0.006102059502154589,
1983,7935,,,-0.006087970454245806,,0.006087970454245806,
1984,7939,,,-0.006099086720496416,,0.006099086720496416,
1985,7943,,,-0.00610176008194685,,0.00610176008194685,
1986,7947,,,-0.00609230063855648,,0.00609230063855648,
1987,7949,,,,-0.00618019700050354,,0.00618019700050354
1987,7951,,,-0.006079625338315964,,0.006079625338315964,
1988,7955,,,-0.006100401282310486,,0.006100401282310486,
1989,7959,,,-0.006095792632550001,,0.006095792632550001,
1990,7963,,,-0.006088615860790014,,0.006088615860790014,
1991,7967,,,-0.006098176818341017,,0.006098176818341017,
1992,7971,,,-0.006089912261813879,,0.006089912261813879,
1993,7975,,,-0.006092949770390987,,0.006092949770390987,
1994,7979,,,-0.006099765654653311,,0.006099765654653311,
1995,7983,,,-0.0060967649333179,,0.0060967649333179,
1996,7987,,,-0.006102029699832201,,0.006102029699832201,
1997,7991,,,-0.006099499296396971,,0.006099499296396971,
1998,7995,,,-0.00609049154445529,,0.00609049154445529,
1999,7999,,,,-0.008921712636947632,,0.008921712636947632
1999,7999,,,-0.006084896624088287,,0.006084896624088287,
2000,8000,-0.0036230385303497314,0.0036230385303497314,,,,
