epoch,step,test_loss,test_renyi_lb,train_loss_epoch,train_loss_step,train_renyi_lb_epoch,train_renyi_lb_step
0,7,,,0.1321595013141632,,-0.1321595013141632,
1,15,,,0.1096925288438797,,-0.1096925288438797,
2,23,,,0.09059502184391022,,-0.09059502184391022,
3,31,,,0.07344616949558258,,-0.07344616949558258,
4,39,,,0.05784166231751442,,-0.05784166231751442,
5,47,,,0.04295400157570839,,-0.04295400157570839,
6,49,,,,0.032338947057724,,-0.032338947057724
6,55,,,0.028616055846214294,,-0.028616055846214294,
7,63,,,0.014829406514763832,,-0.014829406514763832,
8,71,,,0.001651231199502945,,-0.001651231199502945,
9,79,,,-0.010909108445048332,,0.010909108445048332,
10,87,,,-0.022660207003355026,,0.022660207003355026,
11,95,,,-0.03374967724084854,,0.03374967724084854,
12,99,,,,-0.04301290214061737,,0.04301290214061737
12,103,,,-0.0442444272339344,,0.0442444272339344,
13,111,,,-0.053862184286117554,,0.053862184286117554,
14,119,,,-0.06280306726694107,,0.06280306726694107,
15,127,,,-0.0708341896533966,,0.0708341896533966,
16,135,,,-0.07827939093112946,,0.07827939093112946,
17,143,,,-0.0850064605474472,,0.0850064605474472,
18,149,,,,-0.09071006625890732,,0.09071006625890732
18,151,,,-0.09125200659036636,,0.09125200659036636,
19,159,,,-0.09684021770954132,,0.09684021770954132,
20,167,,,-0.10196179151535034,,0.10196179151535034,
21,175,,,-0.10653074085712433,,0.10653074085712433,
22,183,,,-0.11058586090803146,,0.11058586090803146,
23,191,,,-0.11438710987567902,,0.11438710987567902,
24,199,,,,-0.12157807499170303,,0.12157807499170303
24,199,,,-0.11798308044672012,,0.11798308044672012,
25,207,,,-0.12143493443727493,,0.12143493443727493,
26,215,,,-0.12477204948663712,,0.12477204948663712,
27,223,,,-0.12800489366054535,,0.12800489366054535,
28,231,,,-0.1312084197998047,,0.1312084197998047,
29,239,,,-0.1341385543346405,,0.1341385543346405,
30,247,,,-0.13693316280841827,,0.13693316280841827,
31,249,,,,-0.1293959617614746,,0.1293959617614746
31,255,,,-0.13972966372966766,,0.13972966372966766,
32,263,,,-0.1422417163848877,,0.1422417163848877,
33,271,,,-0.14462828636169434,,0.14462828636169434,
34,279,,,-0.14682281017303467,,0.14682281017303467,
35,287,,,-0.1489230990409851,,0.1489230990409851,
36,295,,,-0.15091358125209808,,0.15091358125209808,
37,299,,,,-0.14976267516613007,,0.14976267516613007
37,303,,,-0.15271329879760742,,0.15271329879760742,
38,311,,,-0.1544143408536911,,0.1544143408536911,
39,319,,,-0.15609125792980194,,0.15609125792980194,
40,327,,,-0.15757720172405243,,0.15757720172405243,
41,335,,,-0.1590958535671234,,0.1590958535671234,
42,343,,,-0.16058024764060974,,0.16058024764060974,
43,349,,,,-0.16252408921718597,,0.16252408921718597
43,351,,,-0.16190680861473083,,0.16190680861473083,
44,359,,,-0.16319148242473602,,0.16319148242473602,
45,367,,,-0.1644446849822998,,0.1644446849822998,
46,375,,,-0.1656607985496521,,0.1656607985496521,
47,383,,,-0.1667327731847763,,0.1667327731847763,
48,391,,,-0.16778148710727692,,0.16778148710727692,
49,399,,,,-0.1652541160583496,,0.1652541160583496
49,399,,,-0.1688614934682846,,0.1688614934682846,
50,407,,,-0.16993916034698486,,0.16993916034698486,
51,415,,,-0.1709282249212265,,0.1709282249212265,
52,423,,,-0.17184022068977356,,0.17184022068977356,
53,431,,,-0.17275284230709076,,0.17275284230709076,
54,439,,,-0.17377842962741852,,0.17377842962741852,
55,447,,,-0.17451415956020355,,0.17451415956020355,
56,449,,,,-0.1633465737104416,,0.1633465737104416
56,455,,,-0.17535381019115448,,0.17535381019115448,
57,463,,,-0.17607975006103516,,0.17607975006103516,
58,471,,,-0.17701683938503265,,0.17701683938503265,
59,479,,,-0.17766965925693512,,0.17766965925693512,
60,487,,,-0.178366020321846,,0.178366020321846,
61,495,,,-0.17890919744968414,,0.17890919744968414,
62,499,,,,-0.16879644989967346,,0.16879644989967346
62,503,,,-0.17966748774051666,,0.17966748774051666,
63,511,,,-0.18044452369213104,,0.18044452369213104,
64,519,,,-0.1810259073972702,,0.1810259073972702,
65,527,,,-0.1815834492444992,,0.1815834492444992,
66,535,,,-0.18212682008743286,,0.18212682008743286,
67,543,,,-0.18276076018810272,,0.18276076018810272,
68,549,,,,-0.18915262818336487,,0.18915262818336487
68,551,,,-0.18345247209072113,,0.18345247209072113,
69,559,,,-0.18376386165618896,,0.18376386165618896,
70,567,,,-0.184721440076828,,0.184721440076828,
71,575,,,-0.18492580950260162,,0.18492580950260162,
72,583,,,-0.18543478846549988,,0.18543478846549988,
73,591,,,-0.18584498763084412,,0.18584498763084412,
74,599,,,,-0.19983282685279846,,0.19983282685279846
74,599,,,-0.1864931881427765,,0.1864931881427765,
75,607,,,-0.1867576241493225,,0.1867576241493225,
76,615,,,-0.18738897144794464,,0.18738897144794464,
77,623,,,-0.18778932094573975,,0.18778932094573975,
78,631,,,-0.18828657269477844,,0.18828657269477844,
79,639,,,-0.1892828792333603,,0.1892828792333603,
80,647,,,-0.1891007274389267,,0.1891007274389267,
81,649,,,,-0.17649637162685394,,0.17649637162685394
81,655,,,-0.1896774172782898,,0.1896774172782898,
82,663,,,-0.18979443609714508,,0.18979443609714508,
83,671,,,-0.19010312855243683,,0.19010312855243683,
84,679,,,-0.19079910218715668,,0.19079910218715668,
85,687,,,-0.19118326902389526,,0.19118326902389526,
86,695,,,-0.1914382129907608,,0.1914382129907608,
87,699,,,,-0.16932201385498047,,0.16932201385498047
87,703,,,-0.191647469997406,,0.191647469997406,
88,711,,,-0.1921410709619522,,0.1921410709619522,
89,719,,,-0.19260990619659424,,0.19260990619659424,
90,727,,,-0.19246377050876617,,0.19246377050876617,
91,735,,,-0.19301837682724,,0.19301837682724,
92,743,,,-0.19290050864219666,,0.19290050864219666,
93,749,,,,-0.1904839128255844,,0.1904839128255844
93,751,,,-0.193215012550354,,0.193215012550354,
94,759,,,-0.1939244419336319,,0.1939244419336319,
95,767,,,-0.19385802745819092,,0.19385802745819092,
96,775,,,-0.1941603720188141,,0.1941603720188141,
97,783,,,-0.19439849257469177,,0.19439849257469177,
98,791,,,-0.1946927309036255,,0.1946927309036255,
99,799,,,,-0.17678585648536682,,0.17678585648536682
99,799,,,-0.19506391882896423,,0.19506391882896423,
100,807,,,-0.19506119191646576,,0.19506119191646576,
101,815,,,-0.1953229308128357,,0.1953229308128357,
102,823,,,-0.19571898877620697,,0.19571898877620697,
103,831,,,-0.19586224853992462,,0.19586224853992462,
104,839,,,-0.19604037702083588,,0.19604037702083588,
105,847,,,-0.19613073766231537,,0.19613073766231537,
106,849,,,,-0.1720300167798996,,0.1720300167798996
106,855,,,-0.19687174260616302,,0.19687174260616302,
107,863,,,-0.19672317802906036,,0.19672317802906036,
108,871,,,-0.1971166729927063,,0.1971166729927063,
109,879,,,-0.19731998443603516,,0.19731998443603516,
110,887,,,-0.19720549881458282,,0.19720549881458282,
111,895,,,-0.1977471113204956,,0.1977471113204956,
112,899,,,,-0.20810332894325256,,0.20810332894325256
112,903,,,-0.19800308346748352,,0.19800308346748352,
113,911,,,-0.19789376854896545,,0.19789376854896545,
114,919,,,-0.1980743706226349,,0.1980743706226349,
115,927,,,-0.19851890206336975,,0.19851890206336975,
116,935,,,-0.19849465787410736,,0.19849465787410736,
117,943,,,-0.19828957319259644,,0.19828957319259644,
118,949,,,,-0.18504129350185394,,0.18504129350185394
118,951,,,-0.19937069714069366,,0.19937069714069366,
119,959,,,-0.19867470860481262,,0.19867470860481262,
120,967,,,-0.1988220512866974,,0.1988220512866974,
121,975,,,-0.1993241161108017,,0.1993241161108017,
122,983,,,-0.19960443675518036,,0.19960443675518036,
123,991,,,-0.19980213046073914,,0.19980213046073914,
124,999,,,,-0.2315831184387207,,0.2315831184387207
124,999,,,-0.1995689868927002,,0.1995689868927002,
125,1007,,,-0.19999264180660248,,0.19999264180660248,
126,1015,,,-0.1997862011194229,,0.1997862011194229,
127,1023,,,-0.1999817192554474,,0.1999817192554474,
128,1031,,,-0.19986993074417114,,0.19986993074417114,
129,1039,,,-0.20016132295131683,,0.20016132295131683,
130,1047,,,-0.20017105340957642,,0.20017105340957642,
131,1049,,,,-0.19655565917491913,,0.19655565917491913
131,1055,,,-0.2005765289068222,,0.2005765289068222,
132,1063,,,-0.20086781680583954,,0.20086781680583954,
133,1071,,,-0.20101554691791534,,0.20101554691791534,
134,1079,,,-0.20089060068130493,,0.20089060068130493,
135,1087,,,-0.2011478990316391,,0.2011478990316391,
136,1095,,,-0.20133569836616516,,0.20133569836616516,
137,1099,,,,-0.19814543426036835,,0.19814543426036835
137,1103,,,-0.2011386901140213,,0.2011386901140213,
138,1111,,,-0.20156696438789368,,0.20156696438789368,
139,1119,,,-0.20159943401813507,,0.20159943401813507,
140,1127,,,-0.20161806046962738,,0.20161806046962738,
141,1135,,,-0.20152319967746735,,0.20152319967746735,
142,1143,,,-0.20194584131240845,,0.20194584131240845,
143,1149,,,,-0.20855160057544708,,0.20855160057544708
143,1151,,,-0.20178627967834473,,0.20178627967834473,
144,1159,,,-0.20194289088249207,,0.20194289088249207,
145,1167,,,-0.2021520733833313,,0.2021520733833313,
146,1175,,,-0.20231091976165771,,0.20231091976165771,
147,1183,,,-0.20212002098560333,,0.20212002098560333,
148,1191,,,-0.20209810137748718,,0.20209810137748718,
149,1199,,,,-0.2062791883945465,,0.2062791883945465
149,1199,,,-0.2032899409532547,,0.2032899409532547,
150,1207,,,-0.20249389111995697,,0.20249389111995697,
151,1215,,,-0.2024608701467514,,0.2024608701467514,
152,1223,,,-0.20295435190200806,,0.20295435190200806,
153,1231,,,-0.20273952186107635,,0.20273952186107635,
154,1239,,,-0.2030787318944931,,0.2030787318944931,
155,1247,,,-0.2028459906578064,,0.2028459906578064,
156,1249,,,,-0.17103400826454163,,0.17103400826454163
156,1255,,,-0.2038985639810562,,0.2038985639810562,
157,1263,,,-0.20314989984035492,,0.20314989984035492,
158,1271,,,-0.2041192352771759,,0.2041192352771759,
159,1279,,,-0.203001469373703,,0.203001469373703,
160,1287,,,-0.2031012326478958,,0.2031012326478958,
161,1295,,,-0.20393498241901398,,0.20393498241901398,
162,1299,,,,-0.22339746356010437,,0.22339746356010437
162,1303,,,-0.20341920852661133,,0.20341920852661133,
163,1311,,,-0.20295949280261993,,0.20295949280261993,
164,1319,,,-0.20311562716960907,,0.20311562716960907,
165,1327,,,-0.20384620130062103,,0.20384620130062103,
166,1335,,,-0.203883096575737,,0.203883096575737,
167,1343,,,-0.2039370834827423,,0.2039370834827423,
168,1349,,,,-0.245934396982193,,0.245934396982193
168,1351,,,-0.20402245223522186,,0.20402245223522186,
169,1359,,,-0.20438183844089508,,0.20438183844089508,
170,1367,,,-0.20399145781993866,,0.20399145781993866,
171,1375,,,-0.20399215817451477,,0.20399215817451477,
172,1383,,,-0.20364144444465637,,0.20364144444465637,
173,1391,,,-0.20455302298069,,0.20455302298069,
174,1399,,,,-0.20553523302078247,,0.20553523302078247
174,1399,,,-0.20444491505622864,,0.20444491505622864,
175,1407,,,-0.20445014536380768,,0.20445014536380768,
176,1415,,,-0.20449072122573853,,0.20449072122573853,
177,1423,,,-0.20483918488025665,,0.20483918488025665,
178,1431,,,-0.20450709760189056,,0.20450709760189056,
179,1439,,,-0.20505544543266296,,0.20505544543266296,
180,1447,,,-0.205454021692276,,0.205454021692276,
181,1449,,,,-0.17768040299415588,,0.17768040299415588
181,1455,,,-0.20586520433425903,,0.20586520433425903,
182,1463,,,-0.20572832226753235,,0.20572832226753235,
183,1471,,,-0.2046927660703659,,0.2046927660703659,
184,1479,,,-0.2051156759262085,,0.2051156759262085,
185,1487,,,-0.20452424883842468,,0.20452424883842468,
186,1495,,,-0.20485353469848633,,0.20485353469848633,
187,1499,,,,-0.20659008622169495,,0.20659008622169495
187,1503,,,-0.20510561764240265,,0.20510561764240265,
188,1511,,,-0.206030935049057,,0.206030935049057,
189,1519,,,-0.20485961437225342,,0.20485961437225342,
190,1527,,,-0.2053041011095047,,0.2053041011095047,
191,1535,,,-0.20511454343795776,,0.20511454343795776,
192,1543,,,-0.205130934715271,,0.205130934715271,
193,1549,,,,-0.23393717408180237,,0.23393717408180237
193,1551,,,-0.20569145679473877,,0.20569145679473877,
194,1559,,,-0.20534785091876984,,0.20534785091876984,
195,1567,,,-0.2053067833185196,,0.2053067833185196,
196,1575,,,-0.20605877041816711,,0.20605877041816711,
197,1583,,,-0.20594650506973267,,0.20594650506973267,
198,1591,,,-0.20524536073207855,,0.20524536073207855,
199,1599,,,,-0.18330231308937073,,0.18330231308937073
199,1599,,,-0.2058732658624649,,0.2058732658624649,
200,1607,,,-0.20674553513526917,,0.20674553513526917,
201,1615,,,-0.20536410808563232,,0.20536410808563232,
202,1623,,,-0.20580442249774933,,0.20580442249774933,
203,1631,,,-0.20554311573505402,,0.20554311573505402,
204,1639,,,-0.20619721710681915,,0.20619721710681915,
205,1647,,,-0.20551829040050507,,0.20551829040050507,
206,1649,,,,-0.21460600197315216,,0.21460600197315216
206,1655,,,-0.20614472031593323,,0.20614472031593323,
207,1663,,,-0.2059256136417389,,0.2059256136417389,
208,1671,,,-0.2066684514284134,,0.2066684514284134,
209,1679,,,-0.20597046613693237,,0.20597046613693237,
210,1687,,,-0.2062722146511078,,0.2062722146511078,
211,1695,,,-0.2062854915857315,,0.2062854915857315,
212,1699,,,,-0.18489213287830353,,0.18489213287830353
212,1703,,,-0.20669707655906677,,0.20669707655906677,
213,1711,,,-0.20713068544864655,,0.20713068544864655,
214,1719,,,-0.20774909853935242,,0.20774909853935242,
215,1727,,,-0.20596547424793243,,0.20596547424793243,
216,1735,,,-0.2065332978963852,,0.2065332978963852,
217,1743,,,-0.2070869654417038,,0.2070869654417038,
218,1749,,,,-0.17875443398952484,,0.17875443398952484
218,1751,,,-0.20664389431476593,,0.20664389431476593,
219,1759,,,-0.2065477967262268,,0.2065477967262268,
220,1767,,,-0.20619887113571167,,0.20619887113571167,
221,1775,,,-0.20614126324653625,,0.20614126324653625,
222,1783,,,-0.2065250724554062,,0.2065250724554062,
223,1791,,,-0.2064509242773056,,0.2064509242773056,
224,1799,,,,-0.20860788226127625,,0.20860788226127625
224,1799,,,-0.2069946825504303,,0.2069946825504303,
225,1807,,,-0.20647865533828735,,0.20647865533828735,
226,1815,,,-0.20772258937358856,,0.20772258937358856,
227,1823,,,-0.20792099833488464,,0.20792099833488464,
228,1831,,,-0.20742808282375336,,0.20742808282375336,
229,1839,,,-0.2073882520198822,,0.2073882520198822,
230,1847,,,-0.20729155838489532,,0.20729155838489532,
231,1849,,,,-0.22550621628761292,,0.22550621628761292
231,1855,,,-0.20656900107860565,,0.20656900107860565,
232,1863,,,-0.2071058303117752,,0.2071058303117752,
233,1871,,,-0.20765690505504608,,0.20765690505504608,
234,1879,,,-0.20708949863910675,,0.20708949863910675,
235,1887,,,-0.20679257810115814,,0.20679257810115814,
236,1895,,,-0.20734044909477234,,0.20734044909477234,
237,1899,,,,-0.20809487998485565,,0.20809487998485565
237,1903,,,-0.20715859532356262,,0.20715859532356262,
238,1911,,,-0.2078639715909958,,0.2078639715909958,
239,1919,,,-0.2070782482624054,,0.2070782482624054,
240,1927,,,-0.20789296925067902,,0.20789296925067902,
241,1935,,,-0.20670175552368164,,0.20670175552368164,
242,1943,,,-0.20803840458393097,,0.20803840458393097,
243,1949,,,,-0.17098622024059296,,0.17098622024059296
243,1951,,,-0.2074279487133026,,0.2074279487133026,
244,1959,,,-0.20714107155799866,,0.20714107155799866,
245,1967,,,-0.20769977569580078,,0.20769977569580078,
246,1975,,,-0.2077443152666092,,0.2077443152666092,
247,1983,,,-0.20837077498435974,,0.20837077498435974,
248,1991,,,-0.20804180204868317,,0.20804180204868317,
249,1999,,,,-0.15083961188793182,,0.15083961188793182
249,1999,,,-0.20824341475963593,,0.20824341475963593,
250,2007,,,-0.208219975233078,,0.208219975233078,
251,2015,,,-0.20783641934394836,,0.20783641934394836,
252,2023,,,-0.20781533420085907,,0.20781533420085907,
253,2031,,,-0.20874181389808655,,0.20874181389808655,
254,2039,,,-0.2078632265329361,,0.2078632265329361,
255,2047,,,-0.20748955011367798,,0.20748955011367798,
256,2049,,,,-0.20145350694656372,,0.20145350694656372
256,2055,,,-0.20775526762008667,,0.20775526762008667,
257,2063,,,-0.20760038495063782,,0.20760038495063782,
258,2071,,,-0.2083747535943985,,0.2083747535943985,
259,2079,,,-0.20775634050369263,,0.20775634050369263,
260,2087,,,-0.208534374833107,,0.208534374833107,
261,2095,,,-0.20795844495296478,,0.20795844495296478,
262,2099,,,,-0.17273007333278656,,0.17273007333278656
262,2103,,,-0.20840996503829956,,0.20840996503829956,
263,2111,,,-0.2080514132976532,,0.2080514132976532,
264,2119,,,-0.20851333439350128,,0.20851333439350128,
265,2127,,,-0.2088298797607422,,0.2088298797607422,
266,2135,,,-0.2090930938720703,,0.2090930938720703,
267,2143,,,-0.20773808658123016,,0.20773808658123016,
268,2149,,,,-0.21040478348731995,,0.21040478348731995
268,2151,,,-0.20816433429718018,,0.20816433429718018,
269,2159,,,-0.21037070453166962,,0.21037070453166962,
270,2167,,,-0.20804846286773682,,0.20804846286773682,
271,2175,,,-0.20873484015464783,,0.20873484015464783,
272,2183,,,-0.20867246389389038,,0.20867246389389038,
273,2191,,,-0.20850558578968048,,0.20850558578968048,
274,2199,,,,-0.20555096864700317,,0.20555096864700317
274,2199,,,-0.20835475623607635,,0.20835475623607635,
275,2207,,,-0.20873859524726868,,0.20873859524726868,
276,2215,,,-0.20915265381336212,,0.20915265381336212,
277,2223,,,-0.20847636461257935,,0.20847636461257935,
278,2231,,,-0.20829975605010986,,0.20829975605010986,
279,2239,,,-0.20894743502140045,,0.20894743502140045,
280,2247,,,-0.20832261443138123,,0.20832261443138123,
281,2249,,,,-0.17113271355628967,,0.17113271355628967
281,2255,,,-0.20840175449848175,,0.20840175449848175,
282,2263,,,-0.20738449692726135,,0.20738449692726135,
283,2271,,,-0.20839597284793854,,0.20839597284793854,
284,2279,,,-0.20858320593833923,,0.20858320593833923,
285,2287,,,-0.20775766670703888,,0.20775766670703888,
286,2295,,,-0.20848608016967773,,0.20848608016967773,
287,2299,,,,-0.22359296679496765,,0.22359296679496765
287,2303,,,-0.20869632065296173,,0.20869632065296173,
288,2311,,,-0.20864202082157135,,0.20864202082157135,
289,2319,,,-0.2087126225233078,,0.2087126225233078,
290,2327,,,-0.20965725183486938,,0.20965725183486938,
291,2335,,,-0.20914563536643982,,0.20914563536643982,
292,2343,,,-0.20880022644996643,,0.20880022644996643,
293,2349,,,,-0.15367232263088226,,0.15367232263088226
293,2351,,,-0.2088351994752884,,0.2088351994752884,
294,2359,,,-0.20952406525611877,,0.20952406525611877,
295,2367,,,-0.2095438688993454,,0.2095438688993454,
296,2375,,,-0.20878112316131592,,0.20878112316131592,
297,2383,,,-0.20877456665039062,,0.20877456665039062,
298,2391,,,-0.20929570496082306,,0.20929570496082306,
299,2399,,,,-0.22195282578468323,,0.22195282578468323
299,2399,,,-0.20925043523311615,,0.20925043523311615,
300,2407,,,-0.20884594321250916,,0.20884594321250916,
301,2415,,,-0.20817333459854126,,0.20817333459854126,
302,2423,,,-0.21037155389785767,,0.21037155389785767,
303,2431,,,-0.2100299596786499,,0.2100299596786499,
304,2439,,,-0.20993974804878235,,0.20993974804878235,
305,2447,,,-0.2094760686159134,,0.2094760686159134,
306,2449,,,,-0.20787516236305237,,0.20787516236305237
306,2455,,,-0.2089681178331375,,0.2089681178331375,
307,2463,,,-0.20952792465686798,,0.20952792465686798,
308,2471,,,-0.2084517627954483,,0.2084517627954483,
309,2479,,,-0.20866435766220093,,0.20866435766220093,
310,2487,,,-0.2094736099243164,,0.2094736099243164,
311,2495,,,-0.20871561765670776,,0.20871561765670776,
312,2499,,,,-0.1806909739971161,,0.1806909739971161
312,2503,,,-0.20885010063648224,,0.20885010063648224,
313,2511,,,-0.209244504570961,,0.209244504570961,
314,2519,,,-0.2100779265165329,,0.2100779265165329,
315,2527,,,-0.20918835699558258,,0.20918835699558258,
316,2535,,,-0.20981045067310333,,0.20981045067310333,
317,2543,,,-0.2085207998752594,,0.2085207998752594,
318,2549,,,,-0.18378868699073792,,0.18378868699073792
318,2551,,,-0.20898227393627167,,0.20898227393627167,
319,2559,,,-0.2093801498413086,,0.2093801498413086,
320,2567,,,-0.20976543426513672,,0.20976543426513672,
321,2575,,,-0.2093963325023651,,0.2093963325023651,
322,2583,,,-0.20852749049663544,,0.20852749049663544,
323,2591,,,-0.20890548825263977,,0.20890548825263977,
324,2599,,,,-0.18253761529922485,,0.18253761529922485
324,2599,,,-0.20933730900287628,,0.20933730900287628,
325,2607,,,-0.2101849615573883,,0.2101849615573883,
326,2615,,,-0.21057051420211792,,0.21057051420211792,
327,2623,,,-0.20923307538032532,,0.20923307538032532,
328,2631,,,-0.20949111878871918,,0.20949111878871918,
329,2639,,,-0.2100926786661148,,0.2100926786661148,
330,2647,,,-0.20945532619953156,,0.20945532619953156,
331,2649,,,,-0.23694190382957458,,0.23694190382957458
331,2655,,,-0.20930473506450653,,0.20930473506450653,
332,2663,,,-0.20906786620616913,,0.20906786620616913,
333,2671,,,-0.20902100205421448,,0.20902100205421448,
334,2679,,,-0.20945043861865997,,0.20945043861865997,
335,2687,,,-0.20935365557670593,,0.20935365557670593,
336,2695,,,-0.21051684021949768,,0.21051684021949768,
337,2699,,,,-0.20936065912246704,,0.20936065912246704
337,2703,,,-0.20933403074741364,,0.20933403074741364,
338,2711,,,-0.2095460444688797,,0.2095460444688797,
339,2719,,,-0.2100202590227127,,0.2100202590227127,
340,2727,,,-0.20922817289829254,,0.20922817289829254,
341,2735,,,-0.21002429723739624,,0.21002429723739624,
342,2743,,,-0.21015039086341858,,0.21015039086341858,
343,2749,,,,-0.23642143607139587,,0.23642143607139587
343,2751,,,-0.20975032448768616,,0.20975032448768616,
344,2759,,,-0.20943352580070496,,0.20943352580070496,
345,2767,,,-0.20957671105861664,,0.20957671105861664,
346,2775,,,-0.21051548421382904,,0.21051548421382904,
347,2783,,,-0.2093510925769806,,0.2093510925769806,
348,2791,,,-0.21050375699996948,,0.21050375699996948,
349,2799,,,,-0.23552510142326355,,0.23552510142326355
349,2799,,,-0.20947055518627167,,0.20947055518627167,
350,2807,,,-0.20964525640010834,,0.20964525640010834,
351,2815,,,-0.21059079468250275,,0.21059079468250275,
352,2823,,,-0.2089235633611679,,0.2089235633611679,
353,2831,,,-0.21006911993026733,,0.21006911993026733,
354,2839,,,-0.2094842791557312,,0.2094842791557312,
355,2847,,,-0.2102934867143631,,0.2102934867143631,
356,2849,,,,-0.21201416850090027,,0.21201416850090027
356,2855,,,-0.20983442664146423,,0.20983442664146423,
357,2863,,,-0.20990896224975586,,0.20990896224975586,
358,2871,,,-0.21005341410636902,,0.21005341410636902,
359,2879,,,-0.20995283126831055,,0.20995283126831055,
360,2887,,,-0.21021300554275513,,0.21021300554275513,
361,2895,,,-0.21035446226596832,,0.21035446226596832,
362,2899,,,,-0.19269844889640808,,0.19269844889640808
362,2903,,,-0.2101721614599228,,0.2101721614599228,
363,2911,,,-0.20985186100006104,,0.20985186100006104,
364,2919,,,-0.20974475145339966,,0.20974475145339966,
365,2927,,,-0.21095383167266846,,0.21095383167266846,
366,2935,,,-0.20963940024375916,,0.20963940024375916,
367,2943,,,-0.20990540087223053,,0.20990540087223053,
368,2949,,,,-0.17312836647033691,,0.17312836647033691
368,2951,,,-0.21030592918395996,,0.21030592918395996,
369,2959,,,-0.20966681838035583,,0.20966681838035583,
370,2967,,,-0.21005401015281677,,0.21005401015281677,
371,2975,,,-0.2101622074842453,,0.2101622074842453,
372,2983,,,-0.20933571457862854,,0.20933571457862854,
373,2991,,,-0.2103932648897171,,0.2103932648897171,
374,2999,,,,-0.23442527651786804,,0.23442527651786804
374,2999,,,-0.21062776446342468,,0.21062776446342468,
375,3007,,,-0.20963706076145172,,0.20963706076145172,
376,3015,,,-0.21002709865570068,,0.21002709865570068,
377,3023,,,-0.20984402298927307,,0.20984402298927307,
378,3031,,,-0.2110770046710968,,0.2110770046710968,
379,3039,,,-0.20930667221546173,,0.20930667221546173,
380,3047,,,-0.209699347615242,,0.209699347615242,
381,3049,,,,-0.187479168176651,,0.187479168176651
381,3055,,,-0.20994243025779724,,0.20994243025779724,
382,3063,,,-0.20924262702465057,,0.20924262702465057,
383,3071,,,-0.2134837955236435,,0.2134837955236435,
384,3079,,,-0.21097898483276367,,0.21097898483276367,
385,3087,,,-0.20972976088523865,,0.20972976088523865,
386,3095,,,-0.21145163476467133,,0.21145163476467133,
387,3099,,,,-0.15697498619556427,,0.15697498619556427
387,3103,,,-0.21193307638168335,,0.21193307638168335,
388,3111,,,-0.2101723700761795,,0.2101723700761795,
389,3119,,,-0.21123850345611572,,0.21123850345611572,
390,3127,,,-0.21107380092144012,,0.21107380092144012,
391,3135,,,-0.21125951409339905,,0.21125951409339905,
392,3143,,,-0.2099858820438385,,0.2099858820438385,
393,3149,,,,-0.20889416337013245,,0.20889416337013245
393,3151,,,-0.21119636297225952,,0.21119636297225952,
394,3159,,,-0.2113010734319687,,0.2113010734319687,
395,3167,,,-0.2106637954711914,,0.2106637954711914,
396,3175,,,-0.2117588371038437,,0.2117588371038437,
397,3183,,,-0.21036389470100403,,0.21036389470100403,
398,3191,,,-0.20948393642902374,,0.20948393642902374,
399,3199,,,,-0.13917265832424164,,0.13917265832424164
399,3199,,,-0.21128635108470917,,0.21128635108470917,
400,3207,,,-0.2131786346435547,,0.2131786346435547,
401,3215,,,-0.21189472079277039,,0.21189472079277039,
402,3223,,,-0.2104118913412094,,0.2104118913412094,
403,3231,,,-0.2106921672821045,,0.2106921672821045,
404,3239,,,-0.2093810737133026,,0.2093810737133026,
405,3247,,,-0.21083396673202515,,0.21083396673202515,
406,3249,,,,-0.20098301768302917,,0.20098301768302917
406,3255,,,-0.21108481287956238,,0.21108481287956238,
407,3263,,,-0.21051982045173645,,0.21051982045173645,
408,3271,,,-0.21136601269245148,,0.21136601269245148,
409,3279,,,-0.2103796899318695,,0.2103796899318695,
410,3287,,,-0.2110087126493454,,0.2110087126493454,
411,3295,,,-0.21086128056049347,,0.21086128056049347,
412,3299,,,,-0.24283728003501892,,0.24283728003501892
412,3303,,,-0.21053706109523773,,0.21053706109523773,
413,3311,,,-0.21047407388687134,,0.21047407388687134,
414,3319,,,-0.21117040514945984,,0.21117040514945984,
415,3327,,,-0.21165698766708374,,0.21165698766708374,
416,3335,,,-0.21083107590675354,,0.21083107590675354,
417,3343,,,-0.21056367456912994,,0.21056367456912994,
418,3349,,,,-0.1819804310798645,,0.1819804310798645
418,3351,,,-0.21023663878440857,,0.21023663878440857,
419,3359,,,-0.2115488350391388,,0.2115488350391388,
420,3367,,,-0.2113785445690155,,0.2113785445690155,
421,3375,,,-0.21237070858478546,,0.21237070858478546,
422,3383,,,-0.21074551343917847,,0.21074551343917847,
423,3391,,,-0.2116340547800064,,0.2116340547800064,
424,3399,,,,-0.21458926796913147,,0.21458926796913147
424,3399,,,-0.2120276838541031,,0.2120276838541031,
425,3407,,,-0.2107493132352829,,0.2107493132352829,
426,3415,,,-0.21071642637252808,,0.21071642637252808,
427,3423,,,-0.21144084632396698,,0.21144084632396698,
428,3431,,,-0.21061663329601288,,0.21061663329601288,
429,3439,,,-0.2105182558298111,,0.2105182558298111,
430,3447,,,-0.2119971662759781,,0.2119971662759781,
431,3449,,,,-0.21475395560264587,,0.21475395560264587
431,3455,,,-0.21032848954200745,,0.21032848954200745,
432,3463,,,-0.21117495000362396,,0.21117495000362396,
433,3471,,,-0.21186965703964233,,0.21186965703964233,
434,3479,,,-0.21116480231285095,,0.21116480231285095,
435,3487,,,-0.21039976179599762,,0.21039976179599762,
436,3495,,,-0.21017512679100037,,0.21017512679100037,
437,3499,,,,-0.20359191298484802,,0.20359191298484802
437,3503,,,-0.2113810032606125,,0.2113810032606125,
438,3511,,,-0.21068544685840607,,0.21068544685840607,
439,3519,,,-0.2112756073474884,,0.2112756073474884,
440,3527,,,-0.21124595403671265,,0.21124595403671265,
441,3535,,,-0.21192969381809235,,0.21192969381809235,
442,3543,,,-0.21164609491825104,,0.21164609491825104,
443,3549,,,,-0.2158558964729309,,0.2158558964729309
443,3551,,,-0.212129145860672,,0.212129145860672,
444,3559,,,-0.21342012286186218,,0.21342012286186218,
445,3567,,,-0.21171662211418152,,0.21171662211418152,
446,3575,,,-0.21113738417625427,,0.21113738417625427,
447,3583,,,-0.21165037155151367,,0.21165037155151367,
448,3591,,,-0.21067993342876434,,0.21067993342876434,
449,3599,,,,-0.1926470696926117,,0.1926470696926117
449,3599,,,-0.2109290510416031,,0.2109290510416031,
450,3607,,,-0.2105802744626999,,0.2105802744626999,
451,3615,,,-0.2113257795572281,,0.2113257795572281,
452,3623,,,-0.21327416598796844,,0.21327416598796844,
453,3631,,,-0.21073585748672485,,0.21073585748672485,
454,3639,,,-0.21219196915626526,,0.21219196915626526,
455,3647,,,-0.2124449461698532,,0.2124449461698532,
456,3649,,,,-0.23110747337341309,,0.23110747337341309
456,3655,,,-0.21090024709701538,,0.21090024709701538,
457,3663,,,-0.21115973591804504,,0.21115973591804504,
458,3671,,,-0.21093186736106873,,0.21093186736106873,
459,3679,,,-0.2112700641155243,,0.2112700641155243,
460,3687,,,-0.2111186981201172,,0.2111186981201172,
461,3695,,,-0.21270526945590973,,0.21270526945590973,
462,3699,,,,-0.21614131331443787,,0.21614131331443787
462,3703,,,-0.21126627922058105,,0.21126627922058105,
463,3711,,,-0.21176911890506744,,0.21176911890506744,
464,3719,,,-0.21180546283721924,,0.21180546283721924,
465,3727,,,-0.21081474423408508,,0.21081474423408508,
466,3735,,,-0.21168506145477295,,0.21168506145477295,
467,3743,,,-0.2110019475221634,,0.2110019475221634,
468,3749,,,,-0.18323737382888794,,0.18323737382888794
468,3751,,,-0.21292641758918762,,0.21292641758918762,
469,3759,,,-0.21236597001552582,,0.21236597001552582,
470,3767,,,-0.21246874332427979,,0.21246874332427979,
471,3775,,,-0.21286925673484802,,0.21286925673484802,
472,3783,,,-0.21046829223632812,,0.21046829223632812,
473,3791,,,-0.21362625062465668,,0.21362625062465668,
474,3799,,,,-0.17790785431861877,,0.17790785431861877
474,3799,,,-0.21163593232631683,,0.21163593232631683,
475,3807,,,-0.2113294154405594,,0.2113294154405594,
476,3815,,,-0.2110360562801361,,0.2110360562801361,
477,3823,,,-0.21425901353359222,,0.21425901353359222,
478,3831,,,-0.21239589154720306,,0.21239589154720306,
479,3839,,,-0.2129114717245102,,0.2129114717245102,
480,3847,,,-0.21121057868003845,,0.21121057868003845,
481,3849,,,,-0.1942734718322754,,0.1942734718322754
481,3855,,,-0.21197609603405,,0.21197609603405,
482,3863,,,-0.21140195429325104,,0.21140195429325104,
483,3871,,,-0.21327786147594452,,0.21327786147594452,
484,3879,,,-0.2132444530725479,,0.2132444530725479,
485,3887,,,-0.21181084215641022,,0.21181084215641022,
486,3895,,,-0.2118506133556366,,0.2118506133556366,
487,3899,,,,-0.21274980902671814,,0.21274980902671814
487,3903,,,-0.21148861944675446,,0.21148861944675446,
488,3911,,,-0.21258078515529633,,0.21258078515529633,
489,3919,,,-0.2114899605512619,,0.2114899605512619,
490,3927,,,-0.21314680576324463,,0.21314680576324463,
491,3935,,,-0.21169413626194,,0.21169413626194,
492,3943,,,-0.21112434566020966,,0.21112434566020966,
493,3949,,,,-0.20044547319412231,,0.20044547319412231
493,3951,,,-0.21252331137657166,,0.21252331137657166,
494,3959,,,-0.21247167885303497,,0.21247167885303497,
495,3967,,,-0.2124965637922287,,0.2124965637922287,
496,3975,,,-0.2108137458562851,,0.2108137458562851,
497,3983,,,-0.212274968624115,,0.212274968624115,
498,3991,,,-0.21246999502182007,,0.21246999502182007,
499,3999,,,,-0.22064128518104553,,0.22064128518104553
499,3999,,,-0.21165671944618225,,0.21165671944618225,
500,4007,,,-0.21181660890579224,,0.21181660890579224,
501,4015,,,-0.21284401416778564,,0.21284401416778564,
502,4023,,,-0.21277888119220734,,0.21277888119220734,
503,4031,,,-0.2118382304906845,,0.2118382304906845,
504,4039,,,-0.21187473833560944,,0.21187473833560944,
505,4047,,,-0.21273280680179596,,0.21273280680179596,
506,4049,,,,-0.23995843529701233,,0.23995843529701233
506,4055,,,-0.21149958670139313,,0.21149958670139313,
507,4063,,,-0.21223603188991547,,0.21223603188991547,
508,4071,,,-0.21262788772583008,,0.21262788772583008,
509,4079,,,-0.21255512535572052,,0.21255512535572052,
510,4087,,,-0.21116729080677032,,0.21116729080677032,
511,4095,,,-0.21253959834575653,,0.21253959834575653,
512,4099,,,,-0.22227010130882263,,0.22227010130882263
512,4103,,,-0.21094448864459991,,0.21094448864459991,
513,4111,,,-0.21233588457107544,,0.21233588457107544,
514,4119,,,-0.21114954352378845,,0.21114954352378845,
515,4127,,,-0.2138485312461853,,0.2138485312461853,
516,4135,,,-0.21137820184230804,,0.21137820184230804,
517,4143,,,-0.2116127461194992,,0.2116127461194992,
518,4149,,,,-0.19767162203788757,,0.19767162203788757
518,4151,,,-0.21196289360523224,,0.21196289360523224,
519,4159,,,-0.21326115727424622,,0.21326115727424622,
520,4167,,,-0.21157309412956238,,0.21157309412956238,
521,4175,,,-0.21147246658802032,,0.21147246658802032,
522,4183,,,-0.2130054235458374,,0.2130054235458374,
523,4191,,,-0.21380041539669037,,0.21380041539669037,
524,4199,,,,-0.20062515139579773,,0.20062515139579773
524,4199,,,-0.21181336045265198,,0.21181336045265198,
525,4207,,,-0.21227411925792694,,0.21227411925792694,
526,4215,,,-0.2129085659980774,,0.2129085659980774,
527,4223,,,-0.21219441294670105,,0.21219441294670105,
528,4231,,,-0.21228869259357452,,0.21228869259357452,
529,4239,,,-0.21359065175056458,,0.21359065175056458,
530,4247,,,-0.212518572807312,,0.212518572807312,
531,4249,,,,-0.16917258501052856,,0.16917258501052856
531,4255,,,-0.21203330159187317,,0.21203330159187317,
532,4263,,,-0.21256576478481293,,0.21256576478481293,
533,4271,,,-0.21285149455070496,,0.21285149455070496,
534,4279,,,-0.21194365620613098,,0.21194365620613098,
535,4287,,,-0.21172739565372467,,0.21172739565372467,
536,4295,,,-0.21245424449443817,,0.21245424449443817,
537,4299,,,,-0.23165106773376465,,0.23165106773376465
537,4303,,,-0.21174179017543793,,0.21174179017543793,
538,4311,,,-0.2115771770477295,,0.2115771770477295,
539,4319,,,-0.2134602814912796,,0.2134602814912796,
540,4327,,,-0.21163302659988403,,0.21163302659988403,
541,4335,,,-0.2123800814151764,,0.2123800814151764,
542,4343,,,-0.21139609813690186,,0.21139609813690186,
543,4349,,,,-0.24902620911598206,,0.24902620911598206
543,4351,,,-0.21187824010849,,0.21187824010849,
544,4359,,,-0.21242456138134003,,0.21242456138134003,
545,4367,,,-0.21315234899520874,,0.21315234899520874,
546,4375,,,-0.2124612033367157,,0.2124612033367157,
547,4383,,,-0.2123962640762329,,0.2123962640762329,
548,4391,,,-0.21570293605327606,,0.21570293605327606,
549,4399,,,,-0.16299572587013245,,0.16299572587013245
549,4399,,,-0.21401184797286987,,0.21401184797286987,
550,4407,,,-0.21340177953243256,,0.21340177953243256,
551,4415,,,-0.21363967657089233,,0.21363967657089233,
552,4423,,,-0.2135048359632492,,0.2135048359632492,
553,4431,,,-0.21329350769519806,,0.21329350769519806,
554,4439,,,-0.21255536377429962,,0.21255536377429962,
555,4447,,,-0.2128051221370697,,0.2128051221370697,
556,4449,,,,-0.23511669039726257,,0.23511669039726257
556,4455,,,-0.21461233496665955,,0.21461233496665955,
557,4463,,,-0.2120930701494217,,0.2120930701494217,
558,4471,,,-0.21186690032482147,,0.21186690032482147,
559,4479,,,-0.2109227329492569,,0.2109227329492569,
560,4487,,,-0.2129128873348236,,0.2129128873348236,
561,4495,,,-0.21321313083171844,,0.21321313083171844,
562,4499,,,,-0.19717499613761902,,0.19717499613761902
562,4503,,,-0.2147752195596695,,0.2147752195596695,
563,4511,,,-0.21249638497829437,,0.21249638497829437,
564,4519,,,-0.21314150094985962,,0.21314150094985962,
565,4527,,,-0.2124723643064499,,0.2124723643064499,
566,4535,,,-0.2118152379989624,,0.2118152379989624,
567,4543,,,-0.2120860368013382,,0.2120860368013382,
568,4549,,,,-0.24954596161842346,,0.24954596161842346
568,4551,,,-0.21476611495018005,,0.21476611495018005,
569,4559,,,-0.21268916130065918,,0.21268916130065918,
570,4567,,,-0.21339450776576996,,0.21339450776576996,
571,4575,,,-0.2130134105682373,,0.2130134105682373,
572,4583,,,-0.21283812820911407,,0.21283812820911407,
573,4591,,,-0.21356552839279175,,0.21356552839279175,
574,4599,,,,-0.22666260600090027,,0.22666260600090027
574,4599,,,-0.21296313405036926,,0.21296313405036926,
575,4607,,,-0.21362504363059998,,0.21362504363059998,
576,4615,,,-0.21217353641986847,,0.21217353641986847,
577,4623,,,-0.21267209947109222,,0.21267209947109222,
578,4631,,,-0.2124328911304474,,0.2124328911304474,
579,4639,,,-0.2122602015733719,,0.2122602015733719,
580,4647,,,-0.2126154601573944,,0.2126154601573944,
581,4649,,,,-0.17408016324043274,,0.17408016324043274
581,4655,,,-0.21258510649204254,,0.21258510649204254,
582,4663,,,-0.21334965527057648,,0.21334965527057648,
583,4671,,,-0.21266748011112213,,0.21266748011112213,
584,4679,,,-0.21231167018413544,,0.21231167018413544,
585,4687,,,-0.21218498051166534,,0.21218498051166534,
586,4695,,,-0.21234911680221558,,0.21234911680221558,
587,4699,,,,-0.22865444421768188,,0.22865444421768188
587,4703,,,-0.21234937012195587,,0.21234937012195587,
588,4711,,,-0.21303969621658325,,0.21303969621658325,
589,4719,,,-0.2132573425769806,,0.2132573425769806,
590,4727,,,-0.21213491261005402,,0.21213491261005402,
591,4735,,,-0.2139461636543274,,0.2139461636543274,
592,4743,,,-0.2122938483953476,,0.2122938483953476,
593,4749,,,,-0.17386016249656677,,0.17386016249656677
593,4751,,,-0.21198630332946777,,0.21198630332946777,
594,4759,,,-0.2129622846841812,,0.2129622846841812,
595,4767,,,-0.21180947124958038,,0.21180947124958038,
596,4775,,,-0.21378761529922485,,0.21378761529922485,
597,4783,,,-0.21269714832305908,,0.21269714832305908,
598,4791,,,-0.21209323406219482,,0.21209323406219482,
599,4799,,,,-0.23636314272880554,,0.23636314272880554
599,4799,,,-0.21365252137184143,,0.21365252137184143,
600,4807,,,-0.2153366506099701,,0.2153366506099701,
601,4815,,,-0.21236076951026917,,0.21236076951026917,
602,4823,,,-0.21508759260177612,,0.21508759260177612,
603,4831,,,-0.214424267411232,,0.214424267411232,
604,4839,,,-0.2129097431898117,,0.2129097431898117,
605,4847,,,-0.21360798180103302,,0.21360798180103302,
606,4849,,,,-0.2556566894054413,,0.2556566894054413
606,4855,,,-0.21325473487377167,,0.21325473487377167,
607,4863,,,-0.21360048651695251,,0.21360048651695251,
608,4871,,,-0.21395330131053925,,0.21395330131053925,
609,4879,,,-0.21345894038677216,,0.21345894038677216,
610,4887,,,-0.2138848602771759,,0.2138848602771759,
611,4895,,,-0.2132713347673416,,0.2132713347673416,
612,4899,,,,-0.2563471496105194,,0.2563471496105194
612,4903,,,-0.21354973316192627,,0.21354973316192627,
613,4911,,,-0.213034525513649,,0.213034525513649,
614,4919,,,-0.21328474581241608,,0.21328474581241608,
615,4927,,,-0.21321561932563782,,0.21321561932563782,
616,4935,,,-0.2125321477651596,,0.2125321477651596,
617,4943,,,-0.21504084765911102,,0.21504084765911102,
618,4949,,,,-0.21835845708847046,,0.21835845708847046
618,4951,,,-0.2124813199043274,,0.2124813199043274,
619,4959,,,-0.21478505432605743,,0.21478505432605743,
620,4967,,,-0.2128477245569229,,0.2128477245569229,
621,4975,,,-0.215743750333786,,0.215743750333786,
622,4983,,,-0.21247392892837524,,0.21247392892837524,
623,4991,,,-0.21435949206352234,,0.21435949206352234,
624,4999,,,,-0.17165806889533997,,0.17165806889533997
624,4999,,,-0.2155875265598297,,0.2155875265598297,
625,5007,,,-0.21314160525798798,,0.21314160525798798,
626,5015,,,-0.2129063904285431,,0.2129063904285431,
627,5023,,,-0.21708764135837555,,0.21708764135837555,
628,5031,,,-0.2128935009241104,,0.2128935009241104,
629,5039,,,-0.21364082396030426,,0.21364082396030426,
630,5047,,,-0.21384689211845398,,0.21384689211845398,
631,5049,,,,-0.23488935828208923,,0.23488935828208923
631,5055,,,-0.21221110224723816,,0.21221110224723816,
632,5063,,,-0.21644611656665802,,0.21644611656665802,
633,5071,,,-0.21342404186725616,,0.21342404186725616,
634,5079,,,-0.21313102543354034,,0.21313102543354034,
635,5087,,,-0.21251729130744934,,0.21251729130744934,
636,5095,,,-0.21344482898712158,,0.21344482898712158,
637,5099,,,,-0.21289753913879395,,0.21289753913879395
637,5103,,,-0.21440282464027405,,0.21440282464027405,
638,5111,,,-0.21364560723304749,,0.21364560723304749,
639,5119,,,-0.21383996307849884,,0.21383996307849884,
640,5127,,,-0.21357275545597076,,0.21357275545597076,
641,5135,,,-0.21307529509067535,,0.21307529509067535,
642,5143,,,-0.21423466503620148,,0.21423466503620148,
643,5149,,,,-0.18887197971343994,,0.18887197971343994
643,5151,,,-0.21429094672203064,,0.21429094672203064,
644,5159,,,-0.2136518508195877,,0.2136518508195877,
645,5167,,,-0.21283654868602753,,0.21283654868602753,
646,5175,,,-0.21355979144573212,,0.21355979144573212,
647,5183,,,-0.21418969333171844,,0.21418969333171844,
648,5191,,,-0.21393291652202606,,0.21393291652202606,
649,5199,,,,-0.24826404452323914,,0.24826404452323914
649,5199,,,-0.21268102526664734,,0.21268102526664734,
650,5207,,,-0.21521620452404022,,0.21521620452404022,
651,5215,,,-0.21467971801757812,,0.21467971801757812,
652,5223,,,-0.2150968313217163,,0.2150968313217163,
653,5231,,,-0.21383151412010193,,0.21383151412010193,
654,5239,,,-0.21362487971782684,,0.21362487971782684,
655,5247,,,-0.2143867164850235,,0.2143867164850235,
656,5249,,,,-0.2167237102985382,,0.2167237102985382
656,5255,,,-0.21298979222774506,,0.21298979222774506,
657,5263,,,-0.21360847353935242,,0.21360847353935242,
658,5271,,,-0.21312065422534943,,0.21312065422534943,
659,5279,,,-0.21445056796073914,,0.21445056796073914,
660,5287,,,-0.213273286819458,,0.213273286819458,
661,5295,,,-0.21393276751041412,,0.21393276751041412,
662,5299,,,,-0.2159539759159088,,0.2159539759159088
662,5303,,,-0.213006392121315,,0.213006392121315,
663,5311,,,-0.21406976878643036,,0.21406976878643036,
664,5319,,,-0.21629926562309265,,0.21629926562309265,
665,5327,,,-0.21293732523918152,,0.21293732523918152,
666,5335,,,-0.21296721696853638,,0.21296721696853638,
667,5343,,,-0.21360009908676147,,0.21360009908676147,
668,5349,,,,-0.20956182479858398,,0.20956182479858398
668,5351,,,-0.2129075676202774,,0.2129075676202774,
669,5359,,,-0.21293537318706512,,0.21293537318706512,
670,5367,,,-0.21339821815490723,,0.21339821815490723,
671,5375,,,-0.21458056569099426,,0.21458056569099426,
672,5383,,,-0.21343031525611877,,0.21343031525611877,
673,5391,,,-0.21400666236877441,,0.21400666236877441,
674,5399,,,,-0.22124645113945007,,0.22124645113945007
674,5399,,,-0.2133515328168869,,0.2133515328168869,
675,5407,,,-0.21369348466396332,,0.21369348466396332,
676,5415,,,-0.21434850990772247,,0.21434850990772247,
677,5423,,,-0.21369509398937225,,0.21369509398937225,
678,5431,,,-0.2145308405160904,,0.2145308405160904,
679,5439,,,-0.21435225009918213,,0.21435225009918213,
680,5447,,,-0.213591068983078,,0.213591068983078,
681,5449,,,,-0.25924208760261536,,0.25924208760261536
681,5455,,,-0.21367815136909485,,0.21367815136909485,
682,5463,,,-0.21305060386657715,,0.21305060386657715,
683,5471,,,-0.21509072184562683,,0.21509072184562683,
684,5479,,,-0.21239730715751648,,0.21239730715751648,
685,5487,,,-0.2142486274242401,,0.2142486274242401,
686,5495,,,-0.2133364975452423,,0.2133364975452423,
687,5499,,,,-0.17420271039009094,,0.17420271039009094
687,5503,,,-0.2167496532201767,,0.2167496532201767,
688,5511,,,-0.21274277567863464,,0.21274277567863464,
689,5519,,,-0.2128630429506302,,0.2128630429506302,
690,5527,,,-0.2132260501384735,,0.2132260501384735,
691,5535,,,-0.21770800650119781,,0.21770800650119781,
692,5543,,,-0.21468093991279602,,0.21468093991279602,
693,5549,,,,-0.11900720000267029,,0.11900720000267029
693,5551,,,-0.2152218520641327,,0.2152218520641327,
694,5559,,,-0.21569274365901947,,0.21569274365901947,
695,5567,,,-0.21468737721443176,,0.21468737721443176,
696,5575,,,-0.21376587450504303,,0.21376587450504303,
697,5583,,,-0.2165239006280899,,0.2165239006280899,
698,5591,,,-0.21447035670280457,,0.21447035670280457,
699,5599,,,,-0.2351277768611908,,0.2351277768611908
699,5599,,,-0.21778184175491333,,0.21778184175491333,
700,5607,,,-0.212249293923378,,0.212249293923378,
701,5615,,,-0.2137981504201889,,0.2137981504201889,
702,5623,,,-0.21360763907432556,,0.21360763907432556,
703,5631,,,-0.21697834134101868,,0.21697834134101868,
704,5639,,,-0.21527886390686035,,0.21527886390686035,
705,5647,,,-0.21428842842578888,,0.21428842842578888,
706,5649,,,,-0.2084326446056366,,0.2084326446056366
706,5655,,,-0.21498483419418335,,0.21498483419418335,
707,5663,,,-0.2146412581205368,,0.2146412581205368,
708,5671,,,-0.21456757187843323,,0.21456757187843323,
709,5679,,,-0.21490685641765594,,0.21490685641765594,
710,5687,,,-0.2146955132484436,,0.2146955132484436,
711,5695,,,-0.21353217959403992,,0.21353217959403992,
712,5699,,,,-0.17794597148895264,,0.17794597148895264
712,5703,,,-0.21522089838981628,,0.21522089838981628,
713,5711,,,-0.21504731476306915,,0.21504731476306915,
714,5719,,,-0.21482253074645996,,0.21482253074645996,
715,5727,,,-0.21598827838897705,,0.21598827838897705,
716,5735,,,-0.2141590118408203,,0.2141590118408203,
717,5743,,,-0.2141013741493225,,0.2141013741493225,
718,5749,,,,-0.19388514757156372,,0.19388514757156372
718,5751,,,-0.21405334770679474,,0.21405334770679474,
719,5759,,,-0.21454182267189026,,0.21454182267189026,
720,5767,,,-0.21522444486618042,,0.21522444486618042,
721,5775,,,-0.21415317058563232,,0.21415317058563232,
722,5783,,,-0.21566615998744965,,0.21566615998744965,
723,5791,,,-0.21429787576198578,,0.21429787576198578,
724,5799,,,,-0.21377724409103394,,0.21377724409103394
724,5799,,,-0.21346962451934814,,0.21346962451934814,
725,5807,,,-0.21454697847366333,,0.21454697847366333,
726,5815,,,-0.21561658382415771,,0.21561658382415771,
727,5823,,,-0.21420669555664062,,0.21420669555664062,
728,5831,,,-0.21657495200634003,,0.21657495200634003,
729,5839,,,-0.2152155041694641,,0.2152155041694641,
730,5847,,,-0.21573124825954437,,0.21573124825954437,
731,5849,,,,-0.19542169570922852,,0.19542169570922852
731,5855,,,-0.213509663939476,,0.213509663939476,
732,5863,,,-0.21342219412326813,,0.21342219412326813,
733,5871,,,-0.2128397673368454,,0.2128397673368454,
734,5879,,,-0.21437004208564758,,0.21437004208564758,
735,5887,,,-0.21415022015571594,,0.21415022015571594,
736,5895,,,-0.21425825357437134,,0.21425825357437134,
737,5899,,,,-0.21852630376815796,,0.21852630376815796
737,5903,,,-0.21439096331596375,,0.21439096331596375,
738,5911,,,-0.2145661562681198,,0.2145661562681198,
739,5919,,,-0.21497446298599243,,0.21497446298599243,
740,5927,,,-0.2149268537759781,,0.2149268537759781,
741,5935,,,-0.21393945813179016,,0.21393945813179016,
742,5943,,,-0.21415524184703827,,0.21415524184703827,
743,5949,,,,-0.22539684176445007,,0.22539684176445007
743,5951,,,-0.2146732658147812,,0.2146732658147812,
744,5959,,,-0.21271410584449768,,0.21271410584449768,
745,5967,,,-0.21653559803962708,,0.21653559803962708,
746,5975,,,-0.21525129675865173,,0.21525129675865173,
747,5983,,,-0.21371066570281982,,0.21371066570281982,
748,5991,,,-0.21562103927135468,,0.21562103927135468,
749,5999,,,,-0.2425251603126526,,0.2425251603126526
749,5999,,,-0.21397404372692108,,0.21397404372692108,
750,6007,,,-0.2152698040008545,,0.2152698040008545,
751,6015,,,-0.21509553492069244,,0.21509553492069244,
752,6023,,,-0.21451567113399506,,0.21451567113399506,
753,6031,,,-0.21373042464256287,,0.21373042464256287,
754,6039,,,-0.21427179872989655,,0.21427179872989655,
755,6047,,,-0.2148669958114624,,0.2148669958114624,
756,6049,,,,-0.16315323114395142,,0.16315323114395142
756,6055,,,-0.21476665139198303,,0.21476665139198303,
757,6063,,,-0.21602863073349,,0.21602863073349,
758,6071,,,-0.21498486399650574,,0.21498486399650574,
759,6079,,,-0.21432094275951385,,0.21432094275951385,
760,6087,,,-0.21400412917137146,,0.21400412917137146,
761,6095,,,-0.214933380484581,,0.214933380484581,
762,6099,,,,-0.1798008680343628,,0.1798008680343628
762,6103,,,-0.21525810658931732,,0.21525810658931732,
763,6111,,,-0.21474680304527283,,0.21474680304527283,
764,6119,,,-0.21542955935001373,,0.21542955935001373,
765,6127,,,-0.21337522566318512,,0.21337522566318512,
766,6135,,,-0.21451306343078613,,0.21451306343078613,
767,6143,,,-0.21549585461616516,,0.21549585461616516,
768,6149,,,,-0.27477914094924927,,0.27477914094924927
768,6151,,,-0.21483010053634644,,0.21483010053634644,
769,6159,,,-0.21465900540351868,,0.21465900540351868,
770,6167,,,-0.21583256125450134,,0.21583256125450134,
771,6175,,,-0.2138170599937439,,0.2138170599937439,
772,6183,,,-0.21453945338726044,,0.21453945338726044,
773,6191,,,-0.21504387259483337,,0.21504387259483337,
774,6199,,,,-0.2815307676792145,,0.2815307676792145
774,6199,,,-0.21546147763729095,,0.21546147763729095,
775,6207,,,-0.214189812541008,,0.214189812541008,
776,6215,,,-0.2141803652048111,,0.2141803652048111,
777,6223,,,-0.21549539268016815,,0.21549539268016815,
778,6231,,,-0.2143610566854477,,0.2143610566854477,
779,6239,,,-0.21569706499576569,,0.21569706499576569,
780,6247,,,-0.21477021276950836,,0.21477021276950836,
781,6249,,,,-0.2282290756702423,,0.2282290756702423
781,6255,,,-0.2171395719051361,,0.2171395719051361,
782,6263,,,-0.21608518064022064,,0.21608518064022064,
783,6271,,,-0.21547478437423706,,0.21547478437423706,
784,6279,,,-0.2149643748998642,,0.2149643748998642,
785,6287,,,-0.21396322548389435,,0.21396322548389435,
786,6295,,,-0.21800464391708374,,0.21800464391708374,
787,6299,,,,-0.17063474655151367,,0.17063474655151367
787,6303,,,-0.21511317789554596,,0.21511317789554596,
788,6311,,,-0.21439838409423828,,0.21439838409423828,
789,6319,,,-0.21585288643836975,,0.21585288643836975,
790,6327,,,-0.21436670422554016,,0.21436670422554016,
791,6335,,,-0.21446415781974792,,0.21446415781974792,
792,6343,,,-0.21386252343654633,,0.21386252343654633,
793,6349,,,,-0.17359629273414612,,0.17359629273414612
793,6351,,,-0.21407051384449005,,0.21407051384449005,
794,6359,,,-0.21533110737800598,,0.21533110737800598,
795,6367,,,-0.21679821610450745,,0.21679821610450745,
796,6375,,,-0.21559521555900574,,0.21559521555900574,
797,6383,,,-0.21462634205818176,,0.21462634205818176,
798,6391,,,-0.21443018317222595,,0.21443018317222595,
799,6399,,,,-0.24691182374954224,,0.24691182374954224
799,6399,,,-0.2143225073814392,,0.2143225073814392,
800,6407,,,-0.21482150256633759,,0.21482150256633759,
801,6415,,,-0.21487148106098175,,0.21487148106098175,
802,6423,,,-0.21635253727436066,,0.21635253727436066,
803,6431,,,-0.21457040309906006,,0.21457040309906006,
804,6439,,,-0.21486474573612213,,0.21486474573612213,
805,6447,,,-0.21406173706054688,,0.21406173706054688,
806,6449,,,,-0.24588805437088013,,0.24588805437088013
806,6455,,,-0.21419940888881683,,0.21419940888881683,
807,6463,,,-0.21580222249031067,,0.21580222249031067,
808,6471,,,-0.21619467437267303,,0.21619467437267303,
809,6479,,,-0.2144962102174759,,0.2144962102174759,
810,6487,,,-0.21584337949752808,,0.21584337949752808,
811,6495,,,-0.2150106430053711,,0.2150106430053711,
812,6499,,,,-0.2026723325252533,,0.2026723325252533
812,6503,,,-0.21514935791492462,,0.21514935791492462,
813,6511,,,-0.21636007726192474,,0.21636007726192474,
814,6519,,,-0.21558822691440582,,0.21558822691440582,
815,6527,,,-0.2164275199174881,,0.2164275199174881,
816,6535,,,-0.2135298103094101,,0.2135298103094101,
817,6543,,,-0.21475759148597717,,0.21475759148597717,
818,6549,,,,-0.18539714813232422,,0.18539714813232422
818,6551,,,-0.21635285019874573,,0.21635285019874573,
819,6559,,,-0.21493364870548248,,0.21493364870548248,
820,6567,,,-0.21683864295482635,,0.21683864295482635,
821,6575,,,-0.2163013368844986,,0.2163013368844986,
822,6583,,,-0.21499408781528473,,0.21499408781528473,
823,6591,,,-0.21363049745559692,,0.21363049745559692,
824,6599,,,,-0.1625845730304718,,0.1625845730304718
824,6599,,,-0.21516260504722595,,0.21516260504722595,
825,6607,,,-0.21403028070926666,,0.21403028070926666,
826,6615,,,-0.21650542318820953,,0.21650542318820953,
827,6623,,,-0.21378745138645172,,0.21378745138645172,
828,6631,,,-0.216902494430542,,0.216902494430542,
829,6639,,,-0.21717506647109985,,0.21717506647109985,
830,6647,,,-0.21619164943695068,,0.21619164943695068,
831,6649,,,,-0.1978703737258911,,0.1978703737258911
831,6655,,,-0.21457402408123016,,0.21457402408123016,
832,6663,,,-0.21522369980812073,,0.21522369980812073,
833,6671,,,-0.2143746167421341,,0.2143746167421341,
834,6679,,,-0.21666429936885834,,0.21666429936885834,
835,6687,,,-0.2149091511964798,,0.2149091511964798,
836,6695,,,-0.21538519859313965,,0.21538519859313965,
837,6699,,,,-0.21910223364830017,,0.21910223364830017
837,6703,,,-0.21567276120185852,,0.21567276120185852,
838,6711,,,-0.2167276293039322,,0.2167276293039322,
839,6719,,,-0.21557001769542694,,0.21557001769542694,
840,6727,,,-0.21612761914730072,,0.21612761914730072,
841,6735,,,-0.21441777050495148,,0.21441777050495148,
842,6743,,,-0.21425366401672363,,0.21425366401672363,
843,6749,,,,-0.2254873812198639,,0.2254873812198639
843,6751,,,-0.21649262309074402,,0.21649262309074402,
844,6759,,,-0.21541918814182281,,0.21541918814182281,
845,6767,,,-0.21734359860420227,,0.21734359860420227,
846,6775,,,-0.21819692850112915,,0.21819692850112915,
847,6783,,,-0.2142481505870819,,0.2142481505870819,
848,6791,,,-0.21572428941726685,,0.21572428941726685,
849,6799,,,,-0.22455358505249023,,0.22455358505249023
849,6799,,,-0.2177150696516037,,0.2177150696516037,
850,6807,,,-0.2166396677494049,,0.2166396677494049,
851,6815,,,-0.2151695340871811,,0.2151695340871811,
852,6823,,,-0.21738585829734802,,0.21738585829734802,
853,6831,,,-0.21498678624629974,,0.21498678624629974,
854,6839,,,-0.21513964235782623,,0.21513964235782623,
855,6847,,,-0.2157621532678604,,0.2157621532678604,
856,6849,,,,-0.23349785804748535,,0.23349785804748535
856,6855,,,-0.21400150656700134,,0.21400150656700134,
857,6863,,,-0.21439386904239655,,0.21439386904239655,
858,6871,,,-0.2151125967502594,,0.2151125967502594,
859,6879,,,-0.21371734142303467,,0.21371734142303467,
860,6887,,,-0.21456143260002136,,0.21456143260002136,
861,6895,,,-0.21429887413978577,,0.21429887413978577,
862,6899,,,,-0.34443289041519165,,0.34443289041519165
862,6903,,,-0.2211216241121292,,0.2211216241121292,
863,6911,,,-0.21571820974349976,,0.21571820974349976,
864,6919,,,-0.21555964648723602,,0.21555964648723602,
865,6927,,,-0.2151714414358139,,0.2151714414358139,
866,6935,,,-0.2147361785173416,,0.2147361785173416,
867,6943,,,-0.2151384949684143,,0.2151384949684143,
868,6949,,,,-0.27981504797935486,,0.27981504797935486
868,6951,,,-0.21595144271850586,,0.21595144271850586,
869,6959,,,-0.21417856216430664,,0.21417856216430664,
870,6967,,,-0.2150954157114029,,0.2150954157114029,
871,6975,,,-0.2142142504453659,,0.2142142504453659,
872,6983,,,-0.21443532407283783,,0.21443532407283783,
873,6991,,,-0.2146977037191391,,0.2146977037191391,
874,6999,,,,-0.1861618459224701,,0.1861618459224701
874,6999,,,-0.21512028574943542,,0.21512028574943542,
875,7007,,,-0.21415497362613678,,0.21415497362613678,
876,7015,,,-0.2160065472126007,,0.2160065472126007,
877,7023,,,-0.21512451767921448,,0.21512451767921448,
878,7031,,,-0.21561096608638763,,0.21561096608638763,
879,7039,,,-0.2182309329509735,,0.2182309329509735,
880,7047,,,-0.21599802374839783,,0.21599802374839783,
881,7049,,,,-0.2604445219039917,,0.2604445219039917
881,7055,,,-0.21487563848495483,,0.21487563848495483,
882,7063,,,-0.21432888507843018,,0.21432888507843018,
883,7071,,,-0.21452374756336212,,0.21452374756336212,
884,7079,,,-0.21441592276096344,,0.21441592276096344,
885,7087,,,-0.21775075793266296,,0.21775075793266296,
886,7095,,,-0.21520574390888214,,0.21520574390888214,
887,7099,,,,-0.2104293704032898,,0.2104293704032898
887,7103,,,-0.2172195017337799,,0.2172195017337799,
888,7111,,,-0.2152176797389984,,0.2152176797389984,
889,7119,,,-0.21452099084854126,,0.21452099084854126,
890,7127,,,-0.2139386683702469,,0.2139386683702469,
891,7135,,,-0.21420574188232422,,0.21420574188232422,
892,7143,,,-0.21453256905078888,,0.21453256905078888,
893,7149,,,,-0.15369495749473572,,0.15369495749473572
893,7151,,,-0.2171912044286728,,0.2171912044286728,
894,7159,,,-0.21475648880004883,,0.21475648880004883,
895,7167,,,-0.21768900752067566,,0.21768900752067566,
896,7175,,,-0.21522687375545502,,0.21522687375545502,
897,7183,,,-0.21446865797042847,,0.21446865797042847,
898,7191,,,-0.2148970514535904,,0.2148970514535904,
899,7199,,,,-0.20297086238861084,,0.20297086238861084
899,7199,,,-0.21632355451583862,,0.21632355451583862,
900,7207,,,-0.21483606100082397,,0.21483606100082397,
901,7215,,,-0.2151975780725479,,0.2151975780725479,
902,7223,,,-0.21528169512748718,,0.21528169512748718,
903,7231,,,-0.21683813631534576,,0.21683813631534576,
904,7239,,,-0.2167830616235733,,0.2167830616235733,
905,7247,,,-0.21479009091854095,,0.21479009091854095,
906,7249,,,,-0.22012454271316528,,0.22012454271316528
906,7255,,,-0.21553395688533783,,0.21553395688533783,
907,7263,,,-0.21486613154411316,,0.21486613154411316,
908,7271,,,-0.21383371949195862,,0.21383371949195862,
909,7279,,,-0.21629402041435242,,0.21629402041435242,
910,7287,,,-0.215531587600708,,0.215531587600708,
911,7295,,,-0.21463793516159058,,0.21463793516159058,
912,7299,,,,-0.25327545404434204,,0.25327545404434204
912,7303,,,-0.2161456048488617,,0.2161456048488617,
913,7311,,,-0.21486099064350128,,0.21486099064350128,
914,7319,,,-0.2141355276107788,,0.2141355276107788,
915,7327,,,-0.21664351224899292,,0.21664351224899292,
916,7335,,,-0.21550416946411133,,0.21550416946411133,
917,7343,,,-0.21614213287830353,,0.21614213287830353,
918,7349,,,,-0.21023398637771606,,0.21023398637771606
918,7351,,,-0.21532414853572845,,0.21532414853572845,
919,7359,,,-0.21615156531333923,,0.21615156531333923,
920,7367,,,-0.21552185714244843,,0.21552185714244843,
921,7375,,,-0.21488603949546814,,0.21488603949546814,
922,7383,,,-0.21534651517868042,,0.21534651517868042,
923,7391,,,-0.21505890786647797,,0.21505890786647797,
924,7399,,,,-0.2027328610420227,,0.2027328610420227
924,7399,,,-0.21617795526981354,,0.21617795526981354,
925,7407,,,-0.21523118019104004,,0.21523118019104004,
926,7415,,,-0.21584762632846832,,0.21584762632846832,
927,7423,,,-0.21368595957756042,,0.21368595957756042,
928,7431,,,-0.2148086428642273,,0.2148086428642273,
929,7439,,,-0.21581481397151947,,0.21581481397151947,
930,7447,,,-0.21521379053592682,,0.21521379053592682,
931,7449,,,,-0.17830929160118103,,0.17830929160118103
931,7455,,,-0.21651645004749298,,0.21651645004749298,
932,7463,,,-0.21526774764060974,,0.21526774764060974,
933,7471,,,-0.21628351509571075,,0.21628351509571075,
934,7479,,,-0.2142980992794037,,0.2142980992794037,
935,7487,,,-0.21465440094470978,,0.21465440094470978,
936,7495,,,-0.21665836870670319,,0.21665836870670319,
937,7499,,,,-0.20003435015678406,,0.20003435015678406
937,7503,,,-0.21735107898712158,,0.21735107898712158,
938,7511,,,-0.21466867625713348,,0.21466867625713348,
939,7519,,,-0.21597079932689667,,0.21597079932689667,
940,7527,,,-0.2143477499485016,,0.2143477499485016,
941,7535,,,-0.21513256430625916,,0.21513256430625916,
942,7543,,,-0.21796387434005737,,0.21796387434005737,
943,7549,,,,-0.23729348182678223,,0.23729348182678223
943,7551,,,-0.21433715522289276,,0.21433715522289276,
944,7559,,,-0.2150261253118515,,0.2150261253118515,
945,7567,,,-0.21445351839065552,,0.21445351839065552,
946,7575,,,-0.21535007655620575,,0.21535007655620575,
947,7583,,,-0.21533925831317902,,0.21533925831317902,
948,7591,,,-0.2147904485464096,,0.2147904485464096,
949,7599,,,,-0.20854660868644714,,0.20854660868644714
949,7599,,,-0.21763649582862854,,0.21763649582862854,
950,7607,,,-0.21446587145328522,,0.21446587145328522,
951,7615,,,-0.21419663727283478,,0.21419663727283478,
952,7623,,,-0.21658994257450104,,0.21658994257450104,
953,7631,,,-0.21494731307029724,,0.21494731307029724,
954,7639,,,-0.21557065844535828,,0.21557065844535828,
955,7647,,,-0.21623152494430542,,0.21623152494430542,
956,7649,,,,-0.2280515730381012,,0.2280515730381012
956,7655,,,-0.21514038741588593,,0.21514038741588593,
957,7663,,,-0.2151585966348648,,0.2151585966348648,
958,7671,,,-0.21505112946033478,,0.21505112946033478,
959,7679,,,-0.21427243947982788,,0.21427243947982788,
960,7687,,,-0.21515783667564392,,0.21515783667564392,
961,7695,,,-0.21574001014232635,,0.21574001014232635,
962,7699,,,,-0.1950419843196869,,0.1950419843196869
962,7703,,,-0.21558527648448944,,0.21558527648448944,
963,7711,,,-0.2146880179643631,,0.2146880179643631,
964,7719,,,-0.21592000126838684,,0.21592000126838684,
965,7727,,,-0.21661198139190674,,0.21661198139190674,
966,7735,,,-0.21540024876594543,,0.21540024876594543,
967,7743,,,-0.21441654860973358,,0.21441654860973358,
968,7749,,,,-0.2302297055721283,,0.2302297055721283
968,7751,,,-0.21564675867557526,,0.21564675867557526,
969,7759,,,-0.21527914702892303,,0.21527914702892303,
970,7767,,,-0.21643176674842834,,0.21643176674842834,
971,7775,,,-0.21610720455646515,,0.21610720455646515,
972,7783,,,-0.21635332703590393,,0.21635332703590393,
973,7791,,,-0.21567808091640472,,0.21567808091640472,
974,7799,,,,-0.20929917693138123,,0.20929917693138123
974,7799,,,-0.215881809592247,,0.215881809592247,
975,7807,,,-0.21657292544841766,,0.21657292544841766,
976,7815,,,-0.21564748883247375,,0.21564748883247375,
977,7823,,,-0.21492861211299896,,0.21492861211299896,
978,7831,,,-0.21598292887210846,,0.21598292887210846,
979,7839,,,-0.215767040848732,,0.215767040848732,
980,7847,,,-0.21647357940673828,,0.21647357940673828,
981,7849,,,,-0.20858526229858398,,0.20858526229858398
981,7855,,,-0.21535925567150116,,0.21535925567150116,
982,7863,,,-0.21572940051555634,,0.21572940051555634,
983,7871,,,-0.21539582312107086,,0.21539582312107086,
984,7879,,,-0.21715156733989716,,0.21715156733989716,
985,7887,,,-0.21761859953403473,,0.21761859953403473,
986,7895,,,-0.2151031494140625,,0.2151031494140625,
987,7899,,,,-0.21946853399276733,,0.21946853399276733
987,7903,,,-0.2156899869441986,,0.2156899869441986,
988,7911,,,-0.2149091511964798,,0.2149091511964798,
989,7919,,,-0.21939362585544586,,0.21939362585544586,
990,7927,,,-0.21469184756278992,,0.21469184756278992,
991,7935,,,-0.21712541580200195,,0.21712541580200195,
992,7943,,,-0.21616066992282867,,0.21616066992282867,
993,7949,,,,-0.22314807772636414,,0.22314807772636414
993,7951,,,-0.21803881227970123,,0.21803881227970123,
994,7959,,,-0.21573013067245483,,0.21573013067245483,
995,7967,,,-0.21643058955669403,,0.21643058955669403,
996,7975,,,-0.2163909673690796,,0.2163909673690796,
997,7983,,,-0.21458496153354645,,0.21458496153354645,
998,7991,,,-0.2150648683309555,,0.2150648683309555,
999,7999,,,,-0.2311336100101471,,0.2311336100101471
999,7999,,,-0.2149544656276703,,0.2149544656276703,
1000,8007,,,-0.21491828560829163,,0.21491828560829163,
1001,8015,,,-0.21457169950008392,,0.21457169950008392,
1002,8023,,,-0.21591657400131226,,0.21591657400131226,
1003,8031,,,-0.21554526686668396,,0.21554526686668396,
1004,8039,,,-0.2152896225452423,,0.2152896225452423,
1005,8047,,,-0.21690453588962555,,0.21690453588962555,
1006,8049,,,,-0.219872385263443,,0.219872385263443
1006,8055,,,-0.2160397171974182,,0.2160397171974182,
1007,8063,,,-0.21689580380916595,,0.21689580380916595,
1008,8071,,,-0.21483850479125977,,0.21483850479125977,
1009,8079,,,-0.2150462418794632,,0.2150462418794632,
1010,8087,,,-0.21607504785060883,,0.21607504785060883,
1011,8095,,,-0.21561482548713684,,0.21561482548713684,
1012,8099,,,,-0.2185109555721283,,0.2185109555721283
1012,8103,,,-0.2150525450706482,,0.2150525450706482,
1013,8111,,,-0.21698491275310516,,0.21698491275310516,
1014,8119,,,-0.21495307981967926,,0.21495307981967926,
1015,8127,,,-0.2144060581922531,,0.2144060581922531,
1016,8135,,,-0.214852437376976,,0.214852437376976,
1017,8143,,,-0.2153441458940506,,0.2153441458940506,
1018,8149,,,,-0.1813051700592041,,0.1813051700592041
1018,8151,,,-0.21440285444259644,,0.21440285444259644,
1019,8159,,,-0.21587343513965607,,0.21587343513965607,
1020,8167,,,-0.21796709299087524,,0.21796709299087524,
1021,8175,,,-0.21658393740653992,,0.21658393740653992,
1022,8183,,,-0.21697069704532623,,0.21697069704532623,
1023,8191,,,-0.215934619307518,,0.215934619307518,
1024,8199,,,,-0.239488422870636,,0.239488422870636
1024,8199,,,-0.2151416689157486,,0.2151416689157486,
1025,8207,,,-0.21635517477989197,,0.21635517477989197,
1026,8215,,,-0.21582001447677612,,0.21582001447677612,
1027,8223,,,-0.2163865715265274,,0.2163865715265274,
1028,8231,,,-0.21509400010108948,,0.21509400010108948,
1029,8239,,,-0.2165907472372055,,0.2165907472372055,
1030,8247,,,-0.21433256566524506,,0.21433256566524506,
1031,8249,,,,-0.22284814715385437,,0.22284814715385437
1031,8255,,,-0.21493391692638397,,0.21493391692638397,
1032,8263,,,-0.2152242660522461,,0.2152242660522461,
1033,8271,,,-0.21611838042736053,,0.21611838042736053,
1034,8279,,,-0.21523991227149963,,0.21523991227149963,
1035,8287,,,-0.21692681312561035,,0.21692681312561035,
1036,8295,,,-0.21565861999988556,,0.21565861999988556,
1037,8299,,,,-0.16991731524467468,,0.16991731524467468
1037,8303,,,-0.21661686897277832,,0.21661686897277832,
1038,8311,,,-0.21579597890377045,,0.21579597890377045,
1039,8319,,,-0.21652549505233765,,0.21652549505233765,
1040,8327,,,-0.21617886424064636,,0.21617886424064636,
1041,8335,,,-0.2169964611530304,,0.2169964611530304,
1042,8343,,,-0.21517446637153625,,0.21517446637153625,
1043,8349,,,,-0.19930145144462585,,0.19930145144462585
1043,8351,,,-0.2161455601453781,,0.2161455601453781,
1044,8359,,,-0.2192184329032898,,0.2192184329032898,
1045,8367,,,-0.2185458540916443,,0.2185458540916443,
1046,8375,,,-0.2172939032316208,,0.2172939032316208,
1047,8383,,,-0.21728771924972534,,0.21728771924972534,
1048,8391,,,-0.21702072024345398,,0.21702072024345398,
1049,8399,,,,-0.23339182138442993,,0.23339182138442993
1049,8399,,,-0.21662229299545288,,0.21662229299545288,
1050,8407,,,-0.2155487984418869,,0.2155487984418869,
1051,8415,,,-0.21814928948879242,,0.21814928948879242,
1052,8423,,,-0.21857021749019623,,0.21857021749019623,
1053,8431,,,-0.21755851805210114,,0.21755851805210114,
1054,8439,,,-0.21547769010066986,,0.21547769010066986,
1055,8447,,,-0.21633535623550415,,0.21633535623550415,
1056,8449,,,,-0.22049573063850403,,0.22049573063850403
1056,8455,,,-0.2155541479587555,,0.2155541479587555,
1057,8463,,,-0.21589936316013336,,0.21589936316013336,
1058,8471,,,-0.21487675607204437,,0.21487675607204437,
1059,8479,,,-0.21522311866283417,,0.21522311866283417,
1060,8487,,,-0.21632404625415802,,0.21632404625415802,
1061,8495,,,-0.2184198796749115,,0.2184198796749115,
1062,8499,,,,-0.2416090965270996,,0.2416090965270996
1062,8503,,,-0.21733008325099945,,0.21733008325099945,
1063,8511,,,-0.21563820540905,,0.21563820540905,
1064,8519,,,-0.21528246998786926,,0.21528246998786926,
1065,8527,,,-0.21732699871063232,,0.21732699871063232,
1066,8535,,,-0.21714022755622864,,0.21714022755622864,
1067,8543,,,-0.21758459508419037,,0.21758459508419037,
1068,8549,,,,-0.22624707221984863,,0.22624707221984863
1068,8551,,,-0.21603132784366608,,0.21603132784366608,
1069,8559,,,-0.2160331755876541,,0.2160331755876541,
1070,8567,,,-0.2134060114622116,,0.2134060114622116,
1071,8575,,,-0.2147917002439499,,0.2147917002439499,
1072,8583,,,-0.2161535918712616,,0.2161535918712616,
1073,8591,,,-0.21512426435947418,,0.21512426435947418,
1074,8599,,,,-0.2273450791835785,,0.2273450791835785
1074,8599,,,-0.2156359851360321,,0.2156359851360321,
1075,8607,,,-0.21729306876659393,,0.21729306876659393,
1076,8615,,,-0.21636538207530975,,0.21636538207530975,
1077,8623,,,-0.21454252302646637,,0.21454252302646637,
1078,8631,,,-0.21763798594474792,,0.21763798594474792,
1079,8639,,,-0.2178124040365219,,0.2178124040365219,
1080,8647,,,-0.21563085913658142,,0.21563085913658142,
1081,8649,,,,-0.2201676070690155,,0.2201676070690155
1081,8655,,,-0.21435390412807465,,0.21435390412807465,
1082,8663,,,-0.21585798263549805,,0.21585798263549805,
1083,8671,,,-0.2169613093137741,,0.2169613093137741,
1084,8679,,,-0.2150997370481491,,0.2150997370481491,
1085,8687,,,-0.21726186573505402,,0.21726186573505402,
1086,8695,,,-0.21598342061042786,,0.21598342061042786,
1087,8699,,,,-0.20843958854675293,,0.20843958854675293
1087,8703,,,-0.21688808500766754,,0.21688808500766754,
1088,8711,,,-0.21862949430942535,,0.21862949430942535,
1089,8719,,,-0.21888718008995056,,0.21888718008995056,
1090,8727,,,-0.2159416228532791,,0.2159416228532791,
1091,8735,,,-0.21491950750350952,,0.21491950750350952,
1092,8743,,,-0.21535050868988037,,0.21535050868988037,
1093,8749,,,,-0.1591886579990387,,0.1591886579990387
1093,8751,,,-0.21594150364398956,,0.21594150364398956,
1094,8759,,,-0.21510720252990723,,0.21510720252990723,
1095,8767,,,-0.21618513762950897,,0.21618513762950897,
1096,8775,,,-0.21517516672611237,,0.21517516672611237,
1097,8783,,,-0.21642252802848816,,0.21642252802848816,
1098,8791,,,-0.2178075611591339,,0.2178075611591339,
1099,8799,,,,-0.23960772156715393,,0.23960772156715393
1099,8799,,,-0.21547295153141022,,0.21547295153141022,
1100,8807,,,-0.21662941575050354,,0.21662941575050354,
1101,8815,,,-0.21849319338798523,,0.21849319338798523,
1102,8823,,,-0.2158210724592209,,0.2158210724592209,
1103,8831,,,-0.21775132417678833,,0.21775132417678833,
1104,8839,,,-0.2154165804386139,,0.2154165804386139,
1105,8847,,,-0.21616123616695404,,0.21616123616695404,
1106,8849,,,,-0.21117258071899414,,0.21117258071899414
1106,8855,,,-0.21523989737033844,,0.21523989737033844,
1107,8863,,,-0.21611134707927704,,0.21611134707927704,
1108,8871,,,-0.21459545195102692,,0.21459545195102692,
1109,8879,,,-0.21734072268009186,,0.21734072268009186,
1110,8887,,,-0.21481525897979736,,0.21481525897979736,
1111,8895,,,-0.2192877233028412,,0.2192877233028412,
1112,8899,,,,-0.2608086168766022,,0.2608086168766022
1112,8903,,,-0.2147054374217987,,0.2147054374217987,
1113,8911,,,-0.21539345383644104,,0.21539345383644104,
1114,8919,,,-0.21659456193447113,,0.21659456193447113,
1115,8927,,,-0.21699513494968414,,0.21699513494968414,
1116,8935,,,-0.2151736319065094,,0.2151736319065094,
1117,8943,,,-0.21529421210289001,,0.21529421210289001,
1118,8949,,,,-0.2535325288772583,,0.2535325288772583
1118,8951,,,-0.21717983484268188,,0.21717983484268188,
1119,8959,,,-0.21599572896957397,,0.21599572896957397,
1120,8967,,,-0.2151740938425064,,0.2151740938425064,
1121,8975,,,-0.21561257541179657,,0.21561257541179657,
1122,8983,,,-0.21638120710849762,,0.21638120710849762,
1123,8991,,,-0.2163728028535843,,0.2163728028535843,
1124,8999,,,,-0.2269294261932373,,0.2269294261932373
1124,8999,,,-0.21543332934379578,,0.21543332934379578,
1125,9007,,,-0.21538347005844116,,0.21538347005844116,
1126,9015,,,-0.21656584739685059,,0.21656584739685059,
1127,9023,,,-0.2163156419992447,,0.2163156419992447,
1128,9031,,,-0.21591179072856903,,0.21591179072856903,
1129,9039,,,-0.21746674180030823,,0.21746674180030823,
1130,9047,,,-0.21549686789512634,,0.21549686789512634,
1131,9049,,,,-0.19842424988746643,,0.19842424988746643
1131,9055,,,-0.21614545583724976,,0.21614545583724976,
1132,9063,,,-0.215484157204628,,0.215484157204628,
1133,9071,,,-0.21473965048789978,,0.21473965048789978,
1134,9079,,,-0.21613949537277222,,0.21613949537277222,
1135,9087,,,-0.2148841768503189,,0.2148841768503189,
1136,9095,,,-0.2206767052412033,,0.2206767052412033,
1137,9099,,,,-0.2683103680610657,,0.2683103680610657
1137,9103,,,-0.21726547181606293,,0.21726547181606293,
1138,9111,,,-0.21757712960243225,,0.21757712960243225,
1139,9119,,,-0.21518181264400482,,0.21518181264400482,
1140,9127,,,-0.21800410747528076,,0.21800410747528076,
1141,9135,,,-0.21560530364513397,,0.21560530364513397,
1142,9143,,,-0.2160009741783142,,0.2160009741783142,
1143,9149,,,,-0.21999889612197876,,0.21999889612197876
1143,9151,,,-0.21596096456050873,,0.21596096456050873,
1144,9159,,,-0.2178412824869156,,0.2178412824869156,
1145,9167,,,-0.21671445667743683,,0.21671445667743683,
1146,9175,,,-0.21748898923397064,,0.21748898923397064,
1147,9183,,,-0.2148449718952179,,0.2148449718952179,
1148,9191,,,-0.21686440706253052,,0.21686440706253052,
1149,9199,,,,-0.18489965796470642,,0.18489965796470642
1149,9199,,,-0.21694140136241913,,0.21694140136241913,
1150,9207,,,-0.2154819816350937,,0.2154819816350937,
1151,9215,,,-0.21638484299182892,,0.21638484299182892,
1152,9223,,,-0.2174062728881836,,0.2174062728881836,
1153,9231,,,-0.215888112783432,,0.215888112783432,
1154,9239,,,-0.21641215682029724,,0.21641215682029724,
1155,9247,,,-0.21527265012264252,,0.21527265012264252,
1156,9249,,,,-0.18192121386528015,,0.18192121386528015
1156,9255,,,-0.21629711985588074,,0.21629711985588074,
1157,9263,,,-0.21537509560585022,,0.21537509560585022,
1158,9271,,,-0.2148156315088272,,0.2148156315088272,
1159,9279,,,-0.21540558338165283,,0.21540558338165283,
1160,9287,,,-0.21559712290763855,,0.21559712290763855,
1161,9295,,,-0.2161714881658554,,0.2161714881658554,
1162,9299,,,,-0.1570420265197754,,0.1570420265197754
1162,9303,,,-0.21869897842407227,,0.21869897842407227,
1163,9311,,,-0.21691852807998657,,0.21691852807998657,
1164,9319,,,-0.21656902134418488,,0.21656902134418488,
1165,9327,,,-0.2155470997095108,,0.2155470997095108,
1166,9335,,,-0.2152734100818634,,0.2152734100818634,
1167,9343,,,-0.21568486094474792,,0.21568486094474792,
1168,9349,,,,-0.16237092018127441,,0.16237092018127441
1168,9351,,,-0.21990787982940674,,0.21990787982940674,
1169,9359,,,-0.21602965891361237,,0.21602965891361237,
1170,9367,,,-0.21696721017360687,,0.21696721017360687,
1171,9375,,,-0.21735092997550964,,0.21735092997550964,
1172,9383,,,-0.21706315875053406,,0.21706315875053406,
1173,9391,,,-0.21533071994781494,,0.21533071994781494,
1174,9399,,,,-0.1732829511165619,,0.1732829511165619
1174,9399,,,-0.2160625010728836,,0.2160625010728836,
1175,9407,,,-0.21613970398902893,,0.21613970398902893,
1176,9415,,,-0.2173677682876587,,0.2173677682876587,
1177,9423,,,-0.21885952353477478,,0.21885952353477478,
1178,9431,,,-0.2165370136499405,,0.2165370136499405,
1179,9439,,,-0.21584433317184448,,0.21584433317184448,
1180,9447,,,-0.21531593799591064,,0.21531593799591064,
1181,9449,,,,-0.18556004762649536,,0.18556004762649536
1181,9455,,,-0.21720437705516815,,0.21720437705516815,
1182,9463,,,-0.2148570567369461,,0.2148570567369461,
1183,9471,,,-0.21571479737758636,,0.21571479737758636,
1184,9479,,,-0.21477748453617096,,0.21477748453617096,
1185,9487,,,-0.2177702933549881,,0.2177702933549881,
1186,9495,,,-0.21677860617637634,,0.21677860617637634,
1187,9499,,,,-0.21962887048721313,,0.21962887048721313
1187,9503,,,-0.2167513221502304,,0.2167513221502304,
1188,9511,,,-0.21677392721176147,,0.21677392721176147,
1189,9519,,,-0.21771997213363647,,0.21771997213363647,
1190,9527,,,-0.21660298109054565,,0.21660298109054565,
1191,9535,,,-0.21533708274364471,,0.21533708274364471,
1192,9543,,,-0.21664699912071228,,0.21664699912071228,
1193,9549,,,,-0.18540135025978088,,0.18540135025978088
1193,9551,,,-0.21597492694854736,,0.21597492694854736,
1194,9559,,,-0.21682953834533691,,0.21682953834533691,
1195,9567,,,-0.21657788753509521,,0.21657788753509521,
1196,9575,,,-0.21712981164455414,,0.21712981164455414,
1197,9583,,,-0.21646790206432343,,0.21646790206432343,
1198,9591,,,-0.21555112302303314,,0.21555112302303314,
1199,9599,,,,-0.19529777765274048,,0.19529777765274048
1199,9599,,,-0.21524789929389954,,0.21524789929389954,
1200,9607,,,-0.21665410697460175,,0.21665410697460175,
1201,9615,,,-0.21940387785434723,,0.21940387785434723,
1202,9623,,,-0.21606169641017914,,0.21606169641017914,
1203,9631,,,-0.2186155766248703,,0.2186155766248703,
1204,9639,,,-0.21808965504169464,,0.21808965504169464,
1205,9647,,,-0.2157776653766632,,0.2157776653766632,
1206,9649,,,,-0.15452122688293457,,0.15452122688293457
1206,9655,,,-0.2156989574432373,,0.2156989574432373,
1207,9663,,,-0.2172011435031891,,0.2172011435031891,
1208,9671,,,-0.217473566532135,,0.217473566532135,
1209,9679,,,-0.21618594229221344,,0.21618594229221344,
1210,9687,,,-0.2160773128271103,,0.2160773128271103,
1211,9695,,,-0.22083088755607605,,0.22083088755607605,
1212,9699,,,,-0.18292567133903503,,0.18292567133903503
1212,9703,,,-0.2173338085412979,,0.2173338085412979,
1213,9711,,,-0.21638469398021698,,0.21638469398021698,
1214,9719,,,-0.21587435901165009,,0.21587435901165009,
1215,9727,,,-0.21685898303985596,,0.21685898303985596,
1216,9735,,,-0.21692663431167603,,0.21692663431167603,
1217,9743,,,-0.21648547053337097,,0.21648547053337097,
1218,9749,,,,-0.25707074999809265,,0.25707074999809265
1218,9751,,,-0.2167351245880127,,0.2167351245880127,
1219,9759,,,-0.2177351862192154,,0.2177351862192154,
1220,9767,,,-0.2178725153207779,,0.2178725153207779,
1221,9775,,,-0.216720312833786,,0.216720312833786,
1222,9783,,,-0.21613068878650665,,0.21613068878650665,
1223,9791,,,-0.21731923520565033,,0.21731923520565033,
1224,9799,,,,-0.2563258111476898,,0.2563258111476898
1224,9799,,,-0.21622216701507568,,0.21622216701507568,
1225,9807,,,-0.21599355340003967,,0.21599355340003967,
1226,9815,,,-0.21887192130088806,,0.21887192130088806,
1227,9823,,,-0.2143106460571289,,0.2143106460571289,
1228,9831,,,-0.21693505346775055,,0.21693505346775055,
1229,9839,,,-0.21648037433624268,,0.21648037433624268,
1230,9847,,,-0.21648289263248444,,0.21648289263248444,
1231,9849,,,,-0.3003045320510864,,0.3003045320510864
1231,9855,,,-0.21549667418003082,,0.21549667418003082,
1232,9863,,,-0.21628420054912567,,0.21628420054912567,
1233,9871,,,-0.21461574733257294,,0.21461574733257294,
1234,9879,,,-0.21758928894996643,,0.21758928894996643,
1235,9887,,,-0.21744535863399506,,0.21744535863399506,
1236,9895,,,-0.21505531668663025,,0.21505531668663025,
1237,9899,,,,-0.2904183268547058,,0.2904183268547058
1237,9903,,,-0.21760110557079315,,0.21760110557079315,
1238,9911,,,-0.2189207524061203,,0.2189207524061203,
1239,9919,,,-0.21834218502044678,,0.21834218502044678,
1240,9927,,,-0.2173801213502884,,0.2173801213502884,
1241,9935,,,-0.21678012609481812,,0.21678012609481812,
1242,9943,,,-0.21729281544685364,,0.21729281544685364,
1243,9949,,,,-0.18947896361351013,,0.18947896361351013
1243,9951,,,-0.21644021570682526,,0.21644021570682526,
1244,9959,,,-0.21524472534656525,,0.21524472534656525,
1245,9967,,,-0.21604807674884796,,0.21604807674884796,
1246,9975,,,-0.21481135487556458,,0.21481135487556458,
1247,9983,,,-0.21560071408748627,,0.21560071408748627,
1248,9991,,,-0.21684372425079346,,0.21684372425079346,
1249,9999,,,,-0.23129859566688538,,0.23129859566688538
1249,9999,,,-0.21734052896499634,,0.21734052896499634,
1250,10007,,,-0.21581801772117615,,0.21581801772117615,
1251,10015,,,-0.21624980866909027,,0.21624980866909027,
1252,10023,,,-0.2202892303466797,,0.2202892303466797,
1253,10031,,,-0.21756674349308014,,0.21756674349308014,
1254,10039,,,-0.21543501317501068,,0.21543501317501068,
1255,10047,,,-0.21635062992572784,,0.21635062992572784,
1256,10049,,,,-0.1847425401210785,,0.1847425401210785
1256,10055,,,-0.21593408286571503,,0.21593408286571503,
1257,10063,,,-0.21684633195400238,,0.21684633195400238,
1258,10071,,,-0.21732687950134277,,0.21732687950134277,
1259,10079,,,-0.21673798561096191,,0.21673798561096191,
1260,10087,,,-0.21615776419639587,,0.21615776419639587,
1261,10095,,,-0.21597535908222198,,0.21597535908222198,
1262,10099,,,,-0.24011918902397156,,0.24011918902397156
1262,10103,,,-0.21683302521705627,,0.21683302521705627,
1263,10111,,,-0.21893252432346344,,0.21893252432346344,
1264,10119,,,-0.21543961763381958,,0.21543961763381958,
1265,10127,,,-0.21591372787952423,,0.21591372787952423,
1266,10135,,,-0.2158471643924713,,0.2158471643924713,
1267,10143,,,-0.2158360779285431,,0.2158360779285431,
1268,10149,,,,-0.2780020236968994,,0.2780020236968994
1268,10151,,,-0.21964289247989655,,0.21964289247989655,
1269,10159,,,-0.21538710594177246,,0.21538710594177246,
1270,10167,,,-0.21847166121006012,,0.21847166121006012,
1271,10175,,,-0.21739740669727325,,0.21739740669727325,
1272,10183,,,-0.21567414700984955,,0.21567414700984955,
1273,10191,,,-0.21700498461723328,,0.21700498461723328,
1274,10199,,,,-0.24997830390930176,,0.24997830390930176
1274,10199,,,-0.21525245904922485,,0.21525245904922485,
1275,10207,,,-0.21691128611564636,,0.21691128611564636,
1276,10215,,,-0.21553444862365723,,0.21553444862365723,
1277,10223,,,-0.2178601324558258,,0.2178601324558258,
1278,10231,,,-0.21803240478038788,,0.21803240478038788,
1279,10239,,,-0.21580949425697327,,0.21580949425697327,
1280,10247,,,-0.22185568511486053,,0.22185568511486053,
1281,10249,,,,-0.25788119435310364,,0.25788119435310364
1281,10255,,,-0.21922145783901215,,0.21922145783901215,
1282,10263,,,-0.21589690446853638,,0.21589690446853638,
1283,10271,,,-0.2152911126613617,,0.2152911126613617,
1284,10279,,,-0.21525929868221283,,0.21525929868221283,
1285,10287,,,-0.2153674066066742,,0.2153674066066742,
1286,10295,,,-0.2177741974592209,,0.2177741974592209,
1287,10299,,,,-0.24713048338890076,,0.24713048338890076
1287,10303,,,-0.21496883034706116,,0.21496883034706116,
1288,10311,,,-0.21648180484771729,,0.21648180484771729,
1289,10319,,,-0.21607822179794312,,0.21607822179794312,
1290,10327,,,-0.21560664474964142,,0.21560664474964142,
1291,10335,,,-0.21729835867881775,,0.21729835867881775,
1292,10343,,,-0.21641665697097778,,0.21641665697097778,
1293,10349,,,,-0.2960728108882904,,0.2960728108882904
1293,10351,,,-0.21855148673057556,,0.21855148673057556,
1294,10359,,,-0.2168511301279068,,0.2168511301279068,
1295,10367,,,-0.2162451595067978,,0.2162451595067978,
1296,10375,,,-0.21877065300941467,,0.21877065300941467,
1297,10383,,,-0.21564316749572754,,0.21564316749572754,
1298,10391,,,-0.21576349437236786,,0.21576349437236786,
1299,10399,,,,-0.15722286701202393,,0.15722286701202393
1299,10399,,,-0.21856015920639038,,0.21856015920639038,
1300,10407,,,-0.2178684026002884,,0.2178684026002884,
1301,10415,,,-0.21691833436489105,,0.21691833436489105,
1302,10423,,,-0.21619753539562225,,0.21619753539562225,
1303,10431,,,-0.21628190577030182,,0.21628190577030182,
1304,10439,,,-0.21710067987442017,,0.21710067987442017,
1305,10447,,,-0.21858762204647064,,0.21858762204647064,
1306,10449,,,,-0.19513705372810364,,0.19513705372810364
1306,10455,,,-0.2157403528690338,,0.2157403528690338,
1307,10463,,,-0.2166564017534256,,0.2166564017534256,
1308,10471,,,-0.21625927090644836,,0.21625927090644836,
1309,10479,,,-0.21627993881702423,,0.21627993881702423,
1310,10487,,,-0.21608637273311615,,0.21608637273311615,
1311,10495,,,-0.21578887104988098,,0.21578887104988098,
1312,10499,,,,-0.22042155265808105,,0.22042155265808105
1312,10503,,,-0.21557822823524475,,0.21557822823524475,
1313,10511,,,-0.21690919995307922,,0.21690919995307922,
1314,10519,,,-0.21564523875713348,,0.21564523875713348,
1315,10527,,,-0.21540690958499908,,0.21540690958499908,
1316,10535,,,-0.2151993215084076,,0.2151993215084076,
1317,10543,,,-0.21733711659908295,,0.21733711659908295,
1318,10549,,,,-0.19455096125602722,,0.19455096125602722
1318,10551,,,-0.21830691397190094,,0.21830691397190094,
1319,10559,,,-0.21538923680782318,,0.21538923680782318,
1320,10567,,,-0.21512681245803833,,0.21512681245803833,
1321,10575,,,-0.2164115458726883,,0.2164115458726883,
1322,10583,,,-0.21783550083637238,,0.21783550083637238,
1323,10591,,,-0.21907173097133636,,0.21907173097133636,
1324,10599,,,,-0.2011934220790863,,0.2011934220790863
1324,10599,,,-0.21722109615802765,,0.21722109615802765,
1325,10607,,,-0.2168242633342743,,0.2168242633342743,
1326,10615,,,-0.2156076729297638,,0.2156076729297638,
1327,10623,,,-0.21791210770606995,,0.21791210770606995,
1328,10631,,,-0.21492993831634521,,0.21492993831634521,
1329,10639,,,-0.2165195494890213,,0.2165195494890213,
1330,10647,,,-0.2161376029253006,,0.2161376029253006,
1331,10649,,,,-0.25351881980895996,,0.25351881980895996
1331,10655,,,-0.21778307855129242,,0.21778307855129242,
1332,10663,,,-0.2185857892036438,,0.2185857892036438,
1333,10671,,,-0.21690146625041962,,0.21690146625041962,
1334,10679,,,-0.21797730028629303,,0.21797730028629303,
1335,10687,,,-0.2170843929052353,,0.2170843929052353,
1336,10695,,,-0.21908222138881683,,0.21908222138881683,
1337,10699,,,,-0.2703470289707184,,0.2703470289707184
1337,10703,,,-0.21628928184509277,,0.21628928184509277,
1338,10711,,,-0.21529985964298248,,0.21529985964298248,
1339,10719,,,-0.2154509574174881,,0.2154509574174881,
1340,10727,,,-0.21645376086235046,,0.21645376086235046,
1341,10735,,,-0.2160404473543167,,0.2160404473543167,
1342,10743,,,-0.21514450013637543,,0.21514450013637543,
1343,10749,,,,-0.28228461742401123,,0.28228461742401123
1343,10751,,,-0.21592876315116882,,0.21592876315116882,
1344,10759,,,-0.21787819266319275,,0.21787819266319275,
1345,10767,,,-0.21761757135391235,,0.21761757135391235,
1346,10775,,,-0.21509282290935516,,0.21509282290935516,
1347,10783,,,-0.2153061032295227,,0.2153061032295227,
1348,10791,,,-0.21726523339748383,,0.21726523339748383,
1349,10799,,,,-0.1794470250606537,,0.1794470250606537
1349,10799,,,-0.21788476407527924,,0.21788476407527924,
1350,10807,,,-0.21633145213127136,,0.21633145213127136,
1351,10815,,,-0.2184566706418991,,0.2184566706418991,
1352,10823,,,-0.2159951627254486,,0.2159951627254486,
1353,10831,,,-0.21468901634216309,,0.21468901634216309,
1354,10839,,,-0.2158711701631546,,0.2158711701631546,
1355,10847,,,-0.21515768766403198,,0.21515768766403198,
1356,10849,,,,-0.22069859504699707,,0.22069859504699707
1356,10855,,,-0.2171047329902649,,0.2171047329902649,
1357,10863,,,-0.21692639589309692,,0.21692639589309692,
1358,10871,,,-0.21676264703273773,,0.21676264703273773,
1359,10879,,,-0.2155197262763977,,0.2155197262763977,
1360,10887,,,-0.21706120669841766,,0.21706120669841766,
1361,10895,,,-0.2161729782819748,,0.2161729782819748,
1362,10899,,,,-0.21788594126701355,,0.21788594126701355
1362,10903,,,-0.21611694991588593,,0.21611694991588593,
1363,10911,,,-0.21824243664741516,,0.21824243664741516,
1364,10919,,,-0.2182317078113556,,0.2182317078113556,
1365,10927,,,-0.21583718061447144,,0.21583718061447144,
1366,10935,,,-0.2160996049642563,,0.2160996049642563,
1367,10943,,,-0.2170189768075943,,0.2170189768075943,
1368,10949,,,,-0.2567751109600067,,0.2567751109600067
1368,10951,,,-0.217485710978508,,0.217485710978508,
1369,10959,,,-0.21774862706661224,,0.21774862706661224,
1370,10967,,,-0.21704651415348053,,0.21704651415348053,
1371,10975,,,-0.21633502840995789,,0.21633502840995789,
1372,10983,,,-0.2149011790752411,,0.2149011790752411,
1373,10991,,,-0.21536947786808014,,0.21536947786808014,
1374,10999,,,,-0.19037887454032898,,0.19037887454032898
1374,10999,,,-0.21586337685585022,,0.21586337685585022,
1375,11007,,,-0.21590329706668854,,0.21590329706668854,
1376,11015,,,-0.21791091561317444,,0.21791091561317444,
1377,11023,,,-0.21857836842536926,,0.21857836842536926,
1378,11031,,,-0.21638520061969757,,0.21638520061969757,
1379,11039,,,-0.21768008172512054,,0.21768008172512054,
1380,11047,,,-0.2168823480606079,,0.2168823480606079,
1381,11049,,,,-0.1496937870979309,,0.1496937870979309
1381,11055,,,-0.22013969719409943,,0.22013969719409943,
1382,11063,,,-0.2156139463186264,,0.2156139463186264,
1383,11071,,,-0.21759919822216034,,0.21759919822216034,
1384,11079,,,-0.2186255156993866,,0.2186255156993866,
1385,11087,,,-0.2180144041776657,,0.2180144041776657,
1386,11095,,,-0.21500076353549957,,0.21500076353549957,
1387,11099,,,,-0.23797449469566345,,0.23797449469566345
1387,11103,,,-0.2162935584783554,,0.2162935584783554,
1388,11111,,,-0.2156723141670227,,0.2156723141670227,
1389,11119,,,-0.216058611869812,,0.216058611869812,
1390,11127,,,-0.21624790132045746,,0.21624790132045746,
1391,11135,,,-0.21567808091640472,,0.21567808091640472,
1392,11143,,,-0.2153823971748352,,0.2153823971748352,
1393,11149,,,,-0.2351146638393402,,0.2351146638393402
1393,11151,,,-0.21802011132240295,,0.21802011132240295,
1394,11159,,,-0.21732079982757568,,0.21732079982757568,
1395,11167,,,-0.2170838862657547,,0.2170838862657547,
1396,11175,,,-0.21746397018432617,,0.21746397018432617,
1397,11183,,,-0.21506088972091675,,0.21506088972091675,
1398,11191,,,-0.21507279574871063,,0.21507279574871063,
1399,11199,,,,-0.2831454873085022,,0.2831454873085022
1399,11199,,,-0.21679271757602692,,0.21679271757602692,
1400,11207,,,-0.21759705245494843,,0.21759705245494843,
1401,11215,,,-0.21565276384353638,,0.21565276384353638,
1402,11223,,,-0.21690329909324646,,0.21690329909324646,
1403,11231,,,-0.2181183397769928,,0.2181183397769928,
1404,11239,,,-0.21546757221221924,,0.21546757221221924,
1405,11247,,,-0.2175016552209854,,0.2175016552209854,
1406,11249,,,,-0.19569727778434753,,0.19569727778434753
1406,11255,,,-0.21581055223941803,,0.21581055223941803,
1407,11263,,,-0.21772682666778564,,0.21772682666778564,
1408,11271,,,-0.21681615710258484,,0.21681615710258484,
1409,11279,,,-0.2186923623085022,,0.2186923623085022,
1410,11287,,,-0.21680215001106262,,0.21680215001106262,
1411,11295,,,-0.21591533720493317,,0.21591533720493317,
1412,11299,,,,-0.3127993941307068,,0.3127993941307068
1412,11303,,,-0.21950189769268036,,0.21950189769268036,
1413,11311,,,-0.21615639328956604,,0.21615639328956604,
1414,11319,,,-0.21573081612586975,,0.21573081612586975,
1415,11327,,,-0.2182169258594513,,0.2182169258594513,
1416,11335,,,-0.21789102256298065,,0.21789102256298065,
1417,11343,,,-0.2159213423728943,,0.2159213423728943,
1418,11349,,,,-0.19159936904907227,,0.19159936904907227
1418,11351,,,-0.21666282415390015,,0.21666282415390015,
1419,11359,,,-0.2183588147163391,,0.2183588147163391,
1420,11367,,,-0.21699535846710205,,0.21699535846710205,
1421,11375,,,-0.21820692718029022,,0.21820692718029022,
1422,11383,,,-0.2152109593153,,0.2152109593153,
1423,11391,,,-0.21634037792682648,,0.21634037792682648,
1424,11399,,,,-0.12860772013664246,,0.12860772013664246
1424,11399,,,-0.21838191151618958,,0.21838191151618958,
1425,11407,,,-0.21606740355491638,,0.21606740355491638,
1426,11415,,,-0.21686658263206482,,0.21686658263206482,
1427,11423,,,-0.2167583554983139,,0.2167583554983139,
1428,11431,,,-0.21754340827465057,,0.21754340827465057,
1429,11439,,,-0.21649153530597687,,0.21649153530597687,
1430,11447,,,-0.21642392873764038,,0.21642392873764038,
1431,11449,,,,-0.26839205622673035,,0.26839205622673035
1431,11455,,,-0.21698442101478577,,0.21698442101478577,
1432,11463,,,-0.21607309579849243,,0.21607309579849243,
1433,11471,,,-0.2158767133951187,,0.2158767133951187,
1434,11479,,,-0.216964989900589,,0.216964989900589,
1435,11487,,,-0.21533845365047455,,0.21533845365047455,
1436,11495,,,-0.21508333086967468,,0.21508333086967468,
1437,11499,,,,-0.19647225737571716,,0.19647225737571716
1437,11503,,,-0.21911953389644623,,0.21911953389644623,
1438,11511,,,-0.21703283488750458,,0.21703283488750458,
1439,11519,,,-0.2207641303539276,,0.2207641303539276,
1440,11527,,,-0.21692484617233276,,0.21692484617233276,
1441,11535,,,-0.21633657813072205,,0.21633657813072205,
1442,11543,,,-0.21630558371543884,,0.21630558371543884,
1443,11549,,,,-0.2602158188819885,,0.2602158188819885
1443,11551,,,-0.21810698509216309,,0.21810698509216309,
1444,11559,,,-0.21579553186893463,,0.21579553186893463,
1445,11567,,,-0.21596184372901917,,0.21596184372901917,
1446,11575,,,-0.21510253846645355,,0.21510253846645355,
1447,11583,,,-0.21891455352306366,,0.21891455352306366,
1448,11591,,,-0.2170352041721344,,0.2170352041721344,
1449,11599,,,,-0.16371655464172363,,0.16371655464172363
1449,11599,,,-0.2184913605451584,,0.2184913605451584,
1450,11607,,,-0.21810227632522583,,0.21810227632522583,
1451,11615,,,-0.21692702174186707,,0.21692702174186707,
1452,11623,,,-0.21860922873020172,,0.21860922873020172,
1453,11631,,,-0.21665094792842865,,0.21665094792842865,
1454,11639,,,-0.2166537344455719,,0.2166537344455719,
1455,11647,,,-0.2158060073852539,,0.2158060073852539,
1456,11649,,,,-0.21664085984230042,,0.21664085984230042
1456,11655,,,-0.21729907393455505,,0.21729907393455505,
1457,11663,,,-0.21688954532146454,,0.21688954532146454,
1458,11671,,,-0.21770961582660675,,0.21770961582660675,
1459,11679,,,-0.21597036719322205,,0.21597036719322205,
1460,11687,,,-0.21993598341941833,,0.21993598341941833,
1461,11695,,,-0.2159063220024109,,0.2159063220024109,
1462,11699,,,,-0.219893217086792,,0.219893217086792
1462,11703,,,-0.21784819662570953,,0.21784819662570953,
1463,11711,,,-0.2170524150133133,,0.2170524150133133,
1464,11719,,,-0.2172267585992813,,0.2172267585992813,
1465,11727,,,-0.21588265895843506,,0.21588265895843506,
1466,11735,,,-0.216985285282135,,0.216985285282135,
1467,11743,,,-0.2172061949968338,,0.2172061949968338,
1468,11749,,,,-0.2603127062320709,,0.2603127062320709
1468,11751,,,-0.21651281416416168,,0.21651281416416168,
1469,11759,,,-0.2197399139404297,,0.2197399139404297,
1470,11767,,,-0.2163979709148407,,0.2163979709148407,
1471,11775,,,-0.21546916663646698,,0.21546916663646698,
1472,11783,,,-0.21537917852401733,,0.21537917852401733,
1473,11791,,,-0.21628500521183014,,0.21628500521183014,
1474,11799,,,,-0.17899423837661743,,0.17899423837661743
1474,11799,,,-0.21730390191078186,,0.21730390191078186,
1475,11807,,,-0.2155722826719284,,0.2155722826719284,
1476,11815,,,-0.21661198139190674,,0.21661198139190674,
1477,11823,,,-0.21719640493392944,,0.21719640493392944,
1478,11831,,,-0.21719953417778015,,0.21719953417778015,
1479,11839,,,-0.2152043730020523,,0.2152043730020523,
1480,11847,,,-0.2176264226436615,,0.2176264226436615,
1481,11849,,,,-0.23685747385025024,,0.23685747385025024
1481,11855,,,-0.21806347370147705,,0.21806347370147705,
1482,11863,,,-0.21581284701824188,,0.21581284701824188,
1483,11871,,,-0.21594174206256866,,0.21594174206256866,
1484,11879,,,-0.21788737177848816,,0.21788737177848816,
1485,11887,,,-0.21803481876850128,,0.21803481876850128,
1486,11895,,,-0.21818947792053223,,0.21818947792053223,
1487,11899,,,,-0.16080960631370544,,0.16080960631370544
1487,11903,,,-0.2157755345106125,,0.2157755345106125,
1488,11911,,,-0.21592949330806732,,0.21592949330806732,
1489,11919,,,-0.21611958742141724,,0.21611958742141724,
1490,11927,,,-0.2175833284854889,,0.2175833284854889,
1491,11935,,,-0.21661312878131866,,0.21661312878131866,
1492,11943,,,-0.2175450623035431,,0.2175450623035431,
1493,11949,,,,-0.195641428232193,,0.195641428232193
1493,11951,,,-0.21624106168746948,,0.21624106168746948,
1494,11959,,,-0.21707649528980255,,0.21707649528980255,
1495,11967,,,-0.21875408291816711,,0.21875408291816711,
1496,11975,,,-0.21677377820014954,,0.21677377820014954,
1497,11983,,,-0.2175319790840149,,0.2175319790840149,
1498,11991,,,-0.21752966940402985,,0.21752966940402985,
1499,11999,,,,-0.18552947044372559,,0.18552947044372559
1499,11999,,,-0.2176504135131836,,0.2176504135131836,
1500,12007,,,-0.21643449366092682,,0.21643449366092682,
1501,12015,,,-0.21745683252811432,,0.21745683252811432,
1502,12023,,,-0.21627412736415863,,0.21627412736415863,
1503,12031,,,-0.2154093086719513,,0.2154093086719513,
1504,12039,,,-0.21568068861961365,,0.21568068861961365,
1505,12047,,,-0.2182280719280243,,0.2182280719280243,
1506,12049,,,,-0.17122456431388855,,0.17122456431388855
1506,12055,,,-0.21823625266551971,,0.21823625266551971,
1507,12063,,,-0.21560394763946533,,0.21560394763946533,
1508,12071,,,-0.21698109805583954,,0.21698109805583954,
1509,12079,,,-0.21677416563034058,,0.21677416563034058,
1510,12087,,,-0.22033411264419556,,0.22033411264419556,
1511,12095,,,-0.21677859127521515,,0.21677859127521515,
1512,12099,,,,-0.23734530806541443,,0.23734530806541443
1512,12103,,,-0.21862785518169403,,0.21862785518169403,
1513,12111,,,-0.2156325727701187,,0.2156325727701187,
1514,12119,,,-0.22292153537273407,,0.22292153537273407,
1515,12127,,,-0.21795427799224854,,0.21795427799224854,
1516,12135,,,-0.21776185929775238,,0.21776185929775238,
1517,12143,,,-0.2159787118434906,,0.2159787118434906,
1518,12149,,,,-0.19974523782730103,,0.19974523782730103
1518,12151,,,-0.21756501495838165,,0.21756501495838165,
1519,12159,,,-0.2166801542043686,,0.2166801542043686,
1520,12167,,,-0.2180439680814743,,0.2180439680814743,
1521,12175,,,-0.2177014946937561,,0.2177014946937561,
1522,12183,,,-0.21577072143554688,,0.21577072143554688,
1523,12191,,,-0.21612441539764404,,0.21612441539764404,
1524,12199,,,,-0.2776627242565155,,0.2776627242565155
1524,12199,,,-0.217712864279747,,0.217712864279747,
1525,12207,,,-0.2172713577747345,,0.2172713577747345,
1526,12215,,,-0.21538561582565308,,0.21538561582565308,
1527,12223,,,-0.21590623259544373,,0.21590623259544373,
1528,12231,,,-0.21780972182750702,,0.21780972182750702,
1529,12239,,,-0.2169790267944336,,0.2169790267944336,
1530,12247,,,-0.21649158000946045,,0.21649158000946045,
1531,12249,,,,-0.20608913898468018,,0.20608913898468018
1531,12255,,,-0.2149108350276947,,0.2149108350276947,
1532,12263,,,-0.21769236028194427,,0.21769236028194427,
1533,12271,,,-0.2167702168226242,,0.2167702168226242,
1534,12279,,,-0.2173362523317337,,0.2173362523317337,
1535,12287,,,-0.21620526909828186,,0.21620526909828186,
1536,12295,,,-0.21928219497203827,,0.21928219497203827,
1537,12299,,,,-0.20680680871009827,,0.20680680871009827
1537,12303,,,-0.216543048620224,,0.216543048620224,
1538,12311,,,-0.21746444702148438,,0.21746444702148438,
1539,12319,,,-0.21684479713439941,,0.21684479713439941,
1540,12327,,,-0.21794989705085754,,0.21794989705085754,
1541,12335,,,-0.21835532784461975,,0.21835532784461975,
1542,12343,,,-0.2174229919910431,,0.2174229919910431,
1543,12349,,,,-0.25121596455574036,,0.25121596455574036
1543,12351,,,-0.21630410850048065,,0.21630410850048065,
1544,12359,,,-0.2161027044057846,,0.2161027044057846,
1545,12367,,,-0.2168733924627304,,0.2168733924627304,
1546,12375,,,-0.21780627965927124,,0.21780627965927124,
1547,12383,,,-0.21695366501808167,,0.21695366501808167,
1548,12391,,,-0.21746309101581573,,0.21746309101581573,
1549,12399,,,,-0.20754313468933105,,0.20754313468933105
1549,12399,,,-0.21556007862091064,,0.21556007862091064,
1550,12407,,,-0.21807290613651276,,0.21807290613651276,
1551,12415,,,-0.21744810044765472,,0.21744810044765472,
1552,12423,,,-0.21801741421222687,,0.21801741421222687,
1553,12431,,,-0.2173009216785431,,0.2173009216785431,
1554,12439,,,-0.22063271701335907,,0.22063271701335907,
1555,12447,,,-0.21719567477703094,,0.21719567477703094,
1556,12449,,,,-0.22426381707191467,,0.22426381707191467
1556,12455,,,-0.21666230261325836,,0.21666230261325836,
1557,12463,,,-0.21996068954467773,,0.21996068954467773,
1558,12471,,,-0.21624384820461273,,0.21624384820461273,
1559,12479,,,-0.2181427776813507,,0.2181427776813507,
1560,12487,,,-0.218094140291214,,0.218094140291214,
1561,12495,,,-0.21608088910579681,,0.21608088910579681,
1562,12499,,,,-0.2256852090358734,,0.2256852090358734
1562,12503,,,-0.21529856324195862,,0.21529856324195862,
1563,12511,,,-0.2162267565727234,,0.2162267565727234,
1564,12519,,,-0.2203444093465805,,0.2203444093465805,
1565,12527,,,-0.21625562012195587,,0.21625562012195587,
1566,12535,,,-0.2154252976179123,,0.2154252976179123,
1567,12543,,,-0.21878556907176971,,0.21878556907176971,
1568,12549,,,,-0.1435057818889618,,0.1435057818889618
1568,12551,,,-0.21721403300762177,,0.21721403300762177,
1569,12559,,,-0.21977092325687408,,0.21977092325687408,
1570,12567,,,-0.21604743599891663,,0.21604743599891663,
1571,12575,,,-0.2175428718328476,,0.2175428718328476,
1572,12583,,,-0.21809040009975433,,0.21809040009975433,
1573,12591,,,-0.21637168526649475,,0.21637168526649475,
1574,12599,,,,-0.16083404421806335,,0.16083404421806335
1574,12599,,,-0.22086623311042786,,0.22086623311042786,
1575,12607,,,-0.22018276154994965,,0.22018276154994965,
1576,12615,,,-0.2169191837310791,,0.2169191837310791,
1577,12623,,,-0.21771743893623352,,0.21771743893623352,
1578,12631,,,-0.21717524528503418,,0.21717524528503418,
1579,12639,,,-0.21546652913093567,,0.21546652913093567,
1580,12647,,,-0.21869872510433197,,0.21869872510433197,
1581,12649,,,,-0.2494337260723114,,0.2494337260723114
1581,12655,,,-0.2167082279920578,,0.2167082279920578,
1582,12663,,,-0.21691767871379852,,0.21691767871379852,
1583,12671,,,-0.2166195511817932,,0.2166195511817932,
1584,12679,,,-0.2186564952135086,,0.2186564952135086,
1585,12687,,,-0.2170085459947586,,0.2170085459947586,
1586,12695,,,-0.21875841915607452,,0.21875841915607452,
1587,12699,,,,-0.24598637223243713,,0.24598637223243713
1587,12703,,,-0.21572650969028473,,0.21572650969028473,
1588,12711,,,-0.21832454204559326,,0.21832454204559326,
1589,12719,,,-0.21603161096572876,,0.21603161096572876,
1590,12727,,,-0.21827971935272217,,0.21827971935272217,
1591,12735,,,-0.21735750138759613,,0.21735750138759613,
1592,12743,,,-0.21744069457054138,,0.21744069457054138,
1593,12749,,,,-0.2187666893005371,,0.2187666893005371
1593,12751,,,-0.21624886989593506,,0.21624886989593506,
1594,12759,,,-0.21729861199855804,,0.21729861199855804,
1595,12767,,,-0.21763400733470917,,0.21763400733470917,
1596,12775,,,-0.21665266156196594,,0.21665266156196594,
1597,12783,,,-0.2168039232492447,,0.2168039232492447,
1598,12791,,,-0.2157377451658249,,0.2157377451658249,
1599,12799,,,,-0.21451807022094727,,0.21451807022094727
1599,12799,,,-0.21784839034080505,,0.21784839034080505,
1600,12807,,,-0.21623949706554413,,0.21623949706554413,
1601,12815,,,-0.21798522770404816,,0.21798522770404816,
1602,12823,,,-0.21603217720985413,,0.21603217720985413,
1603,12831,,,-0.21703268587589264,,0.21703268587589264,
1604,12839,,,-0.21861335635185242,,0.21861335635185242,
1605,12847,,,-0.2166772484779358,,0.2166772484779358,
1606,12849,,,,-0.2687196731567383,,0.2687196731567383
1606,12855,,,-0.21813073754310608,,0.21813073754310608,
1607,12863,,,-0.21678386628627777,,0.21678386628627777,
1608,12871,,,-0.21670015156269073,,0.21670015156269073,
1609,12879,,,-0.21997800469398499,,0.21997800469398499,
1610,12887,,,-0.21936865150928497,,0.21936865150928497,
1611,12895,,,-0.21597199141979218,,0.21597199141979218,
1612,12899,,,,-0.18907782435417175,,0.18907782435417175
1612,12903,,,-0.22023093700408936,,0.22023093700408936,
1613,12911,,,-0.2157616913318634,,0.2157616913318634,
1614,12919,,,-0.21686092019081116,,0.21686092019081116,
1615,12927,,,-0.21846967935562134,,0.21846967935562134,
1616,12935,,,-0.22027863562107086,,0.22027863562107086,
1617,12943,,,-0.21589738130569458,,0.21589738130569458,
1618,12949,,,,-0.19700860977172852,,0.19700860977172852
1618,12951,,,-0.21770602464675903,,0.21770602464675903,
1619,12959,,,-0.21558552980422974,,0.21558552980422974,
1620,12967,,,-0.21552522480487823,,0.21552522480487823,
1621,12975,,,-0.21795654296875,,0.21795654296875,
1622,12983,,,-0.2160762995481491,,0.2160762995481491,
1623,12991,,,-0.21502727270126343,,0.21502727270126343,
1624,12999,,,,-0.21613937616348267,,0.21613937616348267
1624,12999,,,-0.21566654741764069,,0.21566654741764069,
1625,13007,,,-0.21625138819217682,,0.21625138819217682,
1626,13015,,,-0.21887245774269104,,0.21887245774269104,
1627,13023,,,-0.21760769188404083,,0.21760769188404083,
1628,13031,,,-0.21621191501617432,,0.21621191501617432,
1629,13039,,,-0.2170017808675766,,0.2170017808675766,
1630,13047,,,-0.21702724695205688,,0.21702724695205688,
1631,13049,,,,-0.1886717975139618,,0.1886717975139618
1631,13055,,,-0.21617959439754486,,0.21617959439754486,
1632,13063,,,-0.2185596376657486,,0.2185596376657486,
1633,13071,,,-0.2185468226671219,,0.2185468226671219,
1634,13079,,,-0.21600976586341858,,0.21600976586341858,
1635,13087,,,-0.21815143525600433,,0.21815143525600433,
1636,13095,,,-0.2188233882188797,,0.2188233882188797,
1637,13099,,,,-0.2019776999950409,,0.2019776999950409
1637,13103,,,-0.21692639589309692,,0.21692639589309692,
1638,13111,,,-0.21507427096366882,,0.21507427096366882,
1639,13119,,,-0.22036179900169373,,0.22036179900169373,
1640,13127,,,-0.21675793826580048,,0.21675793826580048,
1641,13135,,,-0.21884213387966156,,0.21884213387966156,
1642,13143,,,-0.21667300164699554,,0.21667300164699554,
1643,13149,,,,-0.1862475574016571,,0.1862475574016571
1643,13151,,,-0.21778132021427155,,0.21778132021427155,
1644,13159,,,-0.2164396494626999,,0.2164396494626999,
1645,13167,,,-0.21936571598052979,,0.21936571598052979,
1646,13175,,,-0.21707649528980255,,0.21707649528980255,
1647,13183,,,-0.21883754432201385,,0.21883754432201385,
1648,13191,,,-0.21669362485408783,,0.21669362485408783,
1649,13199,,,,-0.22776159644126892,,0.22776159644126892
1649,13199,,,-0.21654094755649567,,0.21654094755649567,
1650,13207,,,-0.21871209144592285,,0.21871209144592285,
1651,13215,,,-0.21672512590885162,,0.21672512590885162,
1652,13223,,,-0.21570299565792084,,0.21570299565792084,
1653,13231,,,-0.21903002262115479,,0.21903002262115479,
1654,13239,,,-0.21589311957359314,,0.21589311957359314,
1655,13247,,,-0.2172955572605133,,0.2172955572605133,
1656,13249,,,,-0.2577899992465973,,0.2577899992465973
1656,13255,,,-0.21963775157928467,,0.21963775157928467,
1657,13263,,,-0.21758341789245605,,0.21758341789245605,
1658,13271,,,-0.21535351872444153,,0.21535351872444153,
1659,13279,,,-0.21630296111106873,,0.21630296111106873,
1660,13287,,,-0.22002577781677246,,0.22002577781677246,
1661,13295,,,-0.21656641364097595,,0.21656641364097595,
1662,13299,,,,-0.2985737919807434,,0.2985737919807434
1662,13303,,,-0.21914099156856537,,0.21914099156856537,
1663,13311,,,-0.21735654771327972,,0.21735654771327972,
1664,13319,,,-0.21711967885494232,,0.21711967885494232,
1665,13327,,,-0.21910664439201355,,0.21910664439201355,
1666,13335,,,-0.21576108038425446,,0.21576108038425446,
1667,13343,,,-0.21540957689285278,,0.21540957689285278,
1668,13349,,,,-0.24245434999465942,,0.24245434999465942
1668,13351,,,-0.21771511435508728,,0.21771511435508728,
1669,13359,,,-0.21992053091526031,,0.21992053091526031,
1670,13367,,,-0.2181822806596756,,0.2181822806596756,
1671,13375,,,-0.21989929676055908,,0.21989929676055908,
1672,13383,,,-0.21620766818523407,,0.21620766818523407,
1673,13391,,,-0.21744635701179504,,0.21744635701179504,
1674,13399,,,,-0.1508447229862213,,0.1508447229862213
1674,13399,,,-0.21573969721794128,,0.21573969721794128,
1675,13407,,,-0.21623188257217407,,0.21623188257217407,
1676,13415,,,-0.2163640409708023,,0.2163640409708023,
1677,13423,,,-0.21729372441768646,,0.21729372441768646,
1678,13431,,,-0.21727702021598816,,0.21727702021598816,
1679,13439,,,-0.21706894040107727,,0.21706894040107727,
1680,13447,,,-0.2166450470685959,,0.2166450470685959,
1681,13449,,,,-0.19263121485710144,,0.19263121485710144
1681,13455,,,-0.21577270328998566,,0.21577270328998566,
1682,13463,,,-0.21773503720760345,,0.21773503720760345,
1683,13471,,,-0.21822021901607513,,0.21822021901607513,
1684,13479,,,-0.21867986023426056,,0.21867986023426056,
1685,13487,,,-0.22132644057273865,,0.22132644057273865,
1686,13495,,,-0.21686238050460815,,0.21686238050460815,
1687,13499,,,,-0.19027656316757202,,0.19027656316757202
1687,13503,,,-0.21784855425357819,,0.21784855425357819,
1688,13511,,,-0.21626132726669312,,0.21626132726669312,
1689,13519,,,-0.21618498861789703,,0.21618498861789703,
1690,13527,,,-0.21727459132671356,,0.21727459132671356,
1691,13535,,,-0.21941496431827545,,0.21941496431827545,
1692,13543,,,-0.2195080816745758,,0.2195080816745758,
1693,13549,,,,-0.23736009001731873,,0.23736009001731873
1693,13551,,,-0.2167474329471588,,0.2167474329471588,
1694,13559,,,-0.2157672792673111,,0.2157672792673111,
1695,13567,,,-0.21670478582382202,,0.21670478582382202,
1696,13575,,,-0.21664099395275116,,0.21664099395275116,
1697,13583,,,-0.21670056879520416,,0.21670056879520416,
1698,13591,,,-0.2179335653781891,,0.2179335653781891,
1699,13599,,,,-0.18241259455680847,,0.18241259455680847
1699,13599,,,-0.21809127926826477,,0.21809127926826477,
1700,13607,,,-0.21652643382549286,,0.21652643382549286,
1701,13615,,,-0.21715892851352692,,0.21715892851352692,
1702,13623,,,-0.21713949739933014,,0.21713949739933014,
1703,13631,,,-0.21755005419254303,,0.21755005419254303,
1704,13639,,,-0.2167036086320877,,0.2167036086320877,
1705,13647,,,-0.21842490136623383,,0.21842490136623383,
1706,13649,,,,-0.20931267738342285,,0.20931267738342285
1706,13655,,,-0.21840842068195343,,0.21840842068195343,
1707,13663,,,-0.21871604025363922,,0.21871604025363922,
1708,13671,,,-0.21725738048553467,,0.21725738048553467,
1709,13679,,,-0.2165084034204483,,0.2165084034204483,
1710,13687,,,-0.2186552733182907,,0.2186552733182907,
1711,13695,,,-0.2148972451686859,,0.2148972451686859,
1712,13699,,,,-0.18965983390808105,,0.18965983390808105
1712,13703,,,-0.21640053391456604,,0.21640053391456604,
1713,13711,,,-0.21870778501033783,,0.21870778501033783,
1714,13719,,,-0.2162894457578659,,0.2162894457578659,
1715,13727,,,-0.21618284285068512,,0.21618284285068512,
1716,13735,,,-0.21529336273670197,,0.21529336273670197,
1717,13743,,,-0.2161685973405838,,0.2161685973405838,
1718,13749,,,,-0.2765136659145355,,0.2765136659145355
1718,13751,,,-0.2159159928560257,,0.2159159928560257,
1719,13759,,,-0.2155492603778839,,0.2155492603778839,
1720,13767,,,-0.21719275414943695,,0.21719275414943695,
1721,13775,,,-0.21779723465442657,,0.21779723465442657,
1722,13783,,,-0.21845883131027222,,0.21845883131027222,
1723,13791,,,-0.21708230674266815,,0.21708230674266815,
1724,13799,,,,-0.2044827938079834,,0.2044827938079834
1724,13799,,,-0.21749719977378845,,0.21749719977378845,
1725,13807,,,-0.21632671356201172,,0.21632671356201172,
1726,13815,,,-0.2161490023136139,,0.2161490023136139,
1727,13823,,,-0.21646669507026672,,0.21646669507026672,
1728,13831,,,-0.2177029252052307,,0.2177029252052307,
1729,13839,,,-0.21770654618740082,,0.21770654618740082,
1730,13847,,,-0.21662627160549164,,0.21662627160549164,
1731,13849,,,,-0.21423202753067017,,0.21423202753067017
1731,13855,,,-0.21625615656375885,,0.21625615656375885,
1732,13863,,,-0.21769140660762787,,0.21769140660762787,
1733,13871,,,-0.21624137461185455,,0.21624137461185455,
1734,13879,,,-0.21597714722156525,,0.21597714722156525,
1735,13887,,,-0.21476662158966064,,0.21476662158966064,
1736,13895,,,-0.2170720398426056,,0.2170720398426056,
1737,13899,,,,-0.1843489110469818,,0.1843489110469818
1737,13903,,,-0.21638044714927673,,0.21638044714927673,
1738,13911,,,-0.2188315987586975,,0.2188315987586975,
1739,13919,,,-0.21626164019107819,,0.21626164019107819,
1740,13927,,,-0.2169029712677002,,0.2169029712677002,
1741,13935,,,-0.21786999702453613,,0.21786999702453613,
1742,13943,,,-0.21754364669322968,,0.21754364669322968,
1743,13949,,,,-0.23612388968467712,,0.23612388968467712
1743,13951,,,-0.21730834245681763,,0.21730834245681763,
1744,13959,,,-0.21502815186977386,,0.21502815186977386,
1745,13967,,,-0.21617265045642853,,0.21617265045642853,
1746,13975,,,-0.2187408208847046,,0.2187408208847046,
1747,13983,,,-0.21773114800453186,,0.21773114800453186,
1748,13991,,,-0.21595966815948486,,0.21595966815948486,
1749,13999,,,,-0.22920212149620056,,0.22920212149620056
1749,13999,,,-0.21720446646213531,,0.21720446646213531,
1750,14007,,,-0.21691791713237762,,0.21691791713237762,
1751,14015,,,-0.21704800426959991,,0.21704800426959991,
1752,14023,,,-0.21612410247325897,,0.21612410247325897,
1753,14031,,,-0.217790886759758,,0.217790886759758,
1754,14039,,,-0.21602343022823334,,0.21602343022823334,
1755,14047,,,-0.21726489067077637,,0.21726489067077637,
1756,14049,,,,-0.24298277497291565,,0.24298277497291565
1756,14055,,,-0.21603667736053467,,0.21603667736053467,
1757,14063,,,-0.2152273952960968,,0.2152273952960968,
1758,14071,,,-0.2163756638765335,,0.2163756638765335,
1759,14079,,,-0.2174234837293625,,0.2174234837293625,
1760,14087,,,-0.21811968088150024,,0.21811968088150024,
1761,14095,,,-0.21704259514808655,,0.21704259514808655,
1762,14099,,,,-0.18322134017944336,,0.18322134017944336
1762,14103,,,-0.2164279967546463,,0.2164279967546463,
1763,14111,,,-0.21591728925704956,,0.21591728925704956,
1764,14119,,,-0.21770866215229034,,0.21770866215229034,
1765,14127,,,-0.2196962684392929,,0.2196962684392929,
1766,14135,,,-0.21836230158805847,,0.21836230158805847,
1767,14143,,,-0.2163388878107071,,0.2163388878107071,
1768,14149,,,,-0.18634915351867676,,0.18634915351867676
1768,14151,,,-0.21824394166469574,,0.21824394166469574,
1769,14159,,,-0.21582716703414917,,0.21582716703414917,
1770,14167,,,-0.21577958762645721,,0.21577958762645721,
1771,14175,,,-0.21751254796981812,,0.21751254796981812,
1772,14183,,,-0.21826110780239105,,0.21826110780239105,
1773,14191,,,-0.21664242446422577,,0.21664242446422577,
1774,14199,,,,-0.21233174204826355,,0.21233174204826355
1774,14199,,,-0.2171671837568283,,0.2171671837568283,
1775,14207,,,-0.21664944291114807,,0.21664944291114807,
1776,14215,,,-0.21683748066425323,,0.21683748066425323,
1777,14223,,,-0.21686479449272156,,0.21686479449272156,
1778,14231,,,-0.2161310613155365,,0.2161310613155365,
1779,14239,,,-0.21601168811321259,,0.21601168811321259,
1780,14247,,,-0.218581885099411,,0.218581885099411,
1781,14249,,,,-0.22481104731559753,,0.22481104731559753
1781,14255,,,-0.21782536804676056,,0.21782536804676056,
1782,14263,,,-0.21715906262397766,,0.21715906262397766,
1783,14271,,,-0.2200174331665039,,0.2200174331665039,
1784,14279,,,-0.21854133903980255,,0.21854133903980255,
1785,14287,,,-0.21504348516464233,,0.21504348516464233,
1786,14295,,,-0.21675603091716766,,0.21675603091716766,
1787,14299,,,,-0.16409587860107422,,0.16409587860107422
1787,14303,,,-0.21714824438095093,,0.21714824438095093,
1788,14311,,,-0.218878835439682,,0.218878835439682,
1789,14319,,,-0.21897532045841217,,0.21897532045841217,
1790,14327,,,-0.21607936918735504,,0.21607936918735504,
1791,14335,,,-0.2179117500782013,,0.2179117500782013,
1792,14343,,,-0.21668608486652374,,0.21668608486652374,
1793,14349,,,,-0.16587328910827637,,0.16587328910827637
1793,14351,,,-0.21604174375534058,,0.21604174375534058,
1794,14359,,,-0.21760444343090057,,0.21760444343090057,
1795,14367,,,-0.2149645984172821,,0.2149645984172821,
1796,14375,,,-0.2170308530330658,,0.2170308530330658,
1797,14383,,,-0.21609649062156677,,0.21609649062156677,
1798,14391,,,-0.21882733702659607,,0.21882733702659607,
1799,14399,,,,-0.2315235137939453,,0.2315235137939453
1799,14399,,,-0.21572895348072052,,0.21572895348072052,
1800,14407,,,-0.21960820257663727,,0.21960820257663727,
1801,14415,,,-0.21669809520244598,,0.21669809520244598,
1802,14423,,,-0.21534082293510437,,0.21534082293510437,
1803,14431,,,-0.2188463807106018,,0.2188463807106018,
1804,14439,,,-0.21759489178657532,,0.21759489178657532,
1805,14447,,,-0.21736128628253937,,0.21736128628253937,
1806,14449,,,,-0.20639345049858093,,0.20639345049858093
1806,14455,,,-0.21675993502140045,,0.21675993502140045,
1807,14463,,,-0.21643513441085815,,0.21643513441085815,
1808,14471,,,-0.2169809341430664,,0.2169809341430664,
1809,14479,,,-0.2176850140094757,,0.2176850140094757,
1810,14487,,,-0.21613693237304688,,0.21613693237304688,
1811,14495,,,-0.2169736623764038,,0.2169736623764038,
1812,14499,,,,-0.17592954635620117,,0.17592954635620117
1812,14503,,,-0.21990270912647247,,0.21990270912647247,
1813,14511,,,-0.21620912849903107,,0.21620912849903107,
1814,14519,,,-0.21763025224208832,,0.21763025224208832,
1815,14527,,,-0.21544162929058075,,0.21544162929058075,
1816,14535,,,-0.21635949611663818,,0.21635949611663818,
1817,14543,,,-0.2177765816450119,,0.2177765816450119,
1818,14549,,,,-0.28057968616485596,,0.28057968616485596
1818,14551,,,-0.2200229912996292,,0.2200229912996292,
1819,14559,,,-0.21602024137973785,,0.21602024137973785,
1820,14567,,,-0.2174513190984726,,0.2174513190984726,
1821,14575,,,-0.21797072887420654,,0.21797072887420654,
1822,14583,,,-0.2170988768339157,,0.2170988768339157,
1823,14591,,,-0.21842731535434723,,0.21842731535434723,
1824,14599,,,,-0.19432184100151062,,0.19432184100151062
1824,14599,,,-0.21696698665618896,,0.21696698665618896,
1825,14607,,,-0.2178466022014618,,0.2178466022014618,
1826,14615,,,-0.2168484926223755,,0.2168484926223755,
1827,14623,,,-0.21625351905822754,,0.21625351905822754,
1828,14631,,,-0.2172296941280365,,0.2172296941280365,
1829,14639,,,-0.2180735170841217,,0.2180735170841217,
1830,14647,,,-0.21843817830085754,,0.21843817830085754,
1831,14649,,,,-0.183213472366333,,0.183213472366333
1831,14655,,,-0.21665094792842865,,0.21665094792842865,
1832,14663,,,-0.21794946491718292,,0.21794946491718292,
1833,14671,,,-0.21808813512325287,,0.21808813512325287,
1834,14679,,,-0.21659396588802338,,0.21659396588802338,
1835,14687,,,-0.2180686593055725,,0.2180686593055725,
1836,14695,,,-0.21729914844036102,,0.21729914844036102,
1837,14699,,,,-0.2764495313167572,,0.2764495313167572
1837,14703,,,-0.21588915586471558,,0.21588915586471558,
1838,14711,,,-0.21570688486099243,,0.21570688486099243,
1839,14719,,,-0.21631787717342377,,0.21631787717342377,
1840,14727,,,-0.21664072573184967,,0.21664072573184967,
1841,14735,,,-0.21603457629680634,,0.21603457629680634,
1842,14743,,,-0.2165558636188507,,0.2165558636188507,
1843,14749,,,,-0.17290973663330078,,0.17290973663330078
1843,14751,,,-0.2172565460205078,,0.2172565460205078,
1844,14759,,,-0.21644245088100433,,0.21644245088100433,
1845,14767,,,-0.21662141382694244,,0.21662141382694244,
1846,14775,,,-0.21693383157253265,,0.21693383157253265,
1847,14783,,,-0.21688276529312134,,0.21688276529312134,
1848,14791,,,-0.21721132099628448,,0.21721132099628448,
1849,14799,,,,-0.19456610083580017,,0.19456610083580017
1849,14799,,,-0.21686872839927673,,0.21686872839927673,
1850,14807,,,-0.21646501123905182,,0.21646501123905182,
1851,14815,,,-0.21498017013072968,,0.21498017013072968,
1852,14823,,,-0.21727390587329865,,0.21727390587329865,
1853,14831,,,-0.21859470009803772,,0.21859470009803772,
1854,14839,,,-0.21634355187416077,,0.21634355187416077,
1855,14847,,,-0.2163952887058258,,0.2163952887058258,
1856,14849,,,,-0.2145821750164032,,0.2145821750164032
1856,14855,,,-0.21823915839195251,,0.21823915839195251,
1857,14863,,,-0.2165849655866623,,0.2165849655866623,
1858,14871,,,-0.21604888141155243,,0.21604888141155243,
1859,14879,,,-0.2199508100748062,,0.2199508100748062,
1860,14887,,,-0.22039587795734406,,0.22039587795734406,
1861,14895,,,-0.21645203232765198,,0.21645203232765198,
1862,14899,,,,-0.2411690354347229,,0.2411690354347229
1862,14903,,,-0.21874016523361206,,0.21874016523361206,
1863,14911,,,-0.21662546694278717,,0.21662546694278717,
1864,14919,,,-0.21738757193088531,,0.21738757193088531,
1865,14927,,,-0.21810151636600494,,0.21810151636600494,
1866,14935,,,-0.21791133284568787,,0.21791133284568787,
1867,14943,,,-0.21904447674751282,,0.21904447674751282,
1868,14949,,,,-0.21981412172317505,,0.21981412172317505
1868,14951,,,-0.2188059538602829,,0.2188059538602829,
1869,14959,,,-0.2160101979970932,,0.2160101979970932,
1870,14967,,,-0.2177450954914093,,0.2177450954914093,
1871,14975,,,-0.2175092250108719,,0.2175092250108719,
1872,14983,,,-0.22140324115753174,,0.22140324115753174,
1873,14991,,,-0.21990491449832916,,0.21990491449832916,
1874,14999,,,,-0.21095481514930725,,0.21095481514930725
1874,14999,,,-0.21564550697803497,,0.21564550697803497,
1875,15007,,,-0.2156471610069275,,0.2156471610069275,
1876,15015,,,-0.2205343246459961,,0.2205343246459961,
1877,15023,,,-0.21884024143218994,,0.21884024143218994,
1878,15031,,,-0.21737369894981384,,0.21737369894981384,
1879,15039,,,-0.21649880707263947,,0.21649880707263947,
1880,15047,,,-0.21791425347328186,,0.21791425347328186,
1881,15049,,,,-0.1943655014038086,,0.1943655014038086
1881,15055,,,-0.21720251441001892,,0.21720251441001892,
1882,15063,,,-0.21793779730796814,,0.21793779730796814,
1883,15071,,,-0.21554633975028992,,0.21554633975028992,
1884,15079,,,-0.21832282841205597,,0.21832282841205597,
1885,15087,,,-0.21639199554920197,,0.21639199554920197,
1886,15095,,,-0.21738801896572113,,0.21738801896572113,
1887,15099,,,,-0.1451728343963623,,0.1451728343963623
1887,15103,,,-0.2206203192472458,,0.2206203192472458,
1888,15111,,,-0.21643778681755066,,0.21643778681755066,
1889,15119,,,-0.21839170157909393,,0.21839170157909393,
1890,15127,,,-0.21626465022563934,,0.21626465022563934,
1891,15135,,,-0.21550263464450836,,0.21550263464450836,
1892,15143,,,-0.21854780614376068,,0.21854780614376068,
1893,15149,,,,-0.29881784319877625,,0.29881784319877625
1893,15151,,,-0.21883368492126465,,0.21883368492126465,
1894,15159,,,-0.21724003553390503,,0.21724003553390503,
1895,15167,,,-0.21615314483642578,,0.21615314483642578,
1896,15175,,,-0.21669816970825195,,0.21669816970825195,
1897,15183,,,-0.2191825956106186,,0.2191825956106186,
1898,15191,,,-0.21829204261302948,,0.21829204261302948,
1899,15199,,,,-0.22184520959854126,,0.22184520959854126
1899,15199,,,-0.21820780634880066,,0.21820780634880066,
1900,15207,,,-0.21766728162765503,,0.21766728162765503,
1901,15215,,,-0.21590463817119598,,0.21590463817119598,
1902,15223,,,-0.2232210487127304,,0.2232210487127304,
1903,15231,,,-0.21829287707805634,,0.21829287707805634,
1904,15239,,,-0.21647143363952637,,0.21647143363952637,
1905,15247,,,-0.2175699770450592,,0.2175699770450592,
1906,15249,,,,-0.23482656478881836,,0.23482656478881836
1906,15255,,,-0.21578054130077362,,0.21578054130077362,
1907,15263,,,-0.21790693700313568,,0.21790693700313568,
1908,15271,,,-0.21755361557006836,,0.21755361557006836,
1909,15279,,,-0.22038225829601288,,0.22038225829601288,
1910,15287,,,-0.21738286316394806,,0.21738286316394806,
1911,15295,,,-0.21703626215457916,,0.21703626215457916,
1912,15299,,,,-0.1965533196926117,,0.1965533196926117
1912,15303,,,-0.2176898866891861,,0.2176898866891861,
1913,15311,,,-0.2193402647972107,,0.2193402647972107,
1914,15319,,,-0.21841326355934143,,0.21841326355934143,
1915,15327,,,-0.21704484522342682,,0.21704484522342682,
1916,15335,,,-0.21807189285755157,,0.21807189285755157,
1917,15343,,,-0.2156570553779602,,0.2156570553779602,
1918,15349,,,,-0.21825242042541504,,0.21825242042541504
1918,15351,,,-0.21595534682273865,,0.21595534682273865,
1919,15359,,,-0.21623945236206055,,0.21623945236206055,
1920,15367,,,-0.21587057411670685,,0.21587057411670685,
1921,15375,,,-0.21574677526950836,,0.21574677526950836,
1922,15383,,,-0.21817851066589355,,0.21817851066589355,
1923,15391,,,-0.21800614893436432,,0.21800614893436432,
1924,15399,,,,-0.2853255271911621,,0.2853255271911621
1924,15399,,,-0.21693576872348785,,0.21693576872348785,
1925,15407,,,-0.21659746766090393,,0.21659746766090393,
1926,15415,,,-0.21992768347263336,,0.21992768347263336,
1927,15423,,,-0.21887819468975067,,0.21887819468975067,
1928,15431,,,-0.21676509082317352,,0.21676509082317352,
1929,15439,,,-0.21681340038776398,,0.21681340038776398,
1930,15447,,,-0.2183978259563446,,0.2183978259563446,
1931,15449,,,,-0.1468472182750702,,0.1468472182750702
1931,15455,,,-0.21710969507694244,,0.21710969507694244,
1932,15463,,,-0.2157025933265686,,0.2157025933265686,
1933,15471,,,-0.2162134349346161,,0.2162134349346161,
1934,15479,,,-0.21802429854869843,,0.21802429854869843,
1935,15487,,,-0.21614257991313934,,0.21614257991313934,
1936,15495,,,-0.21692070364952087,,0.21692070364952087,
1937,15499,,,,-0.22373542189598083,,0.22373542189598083
1937,15503,,,-0.2160438746213913,,0.2160438746213913,
1938,15511,,,-0.21717588603496552,,0.21717588603496552,
1939,15519,,,-0.21832925081253052,,0.21832925081253052,
1940,15527,,,-0.216729536652565,,0.216729536652565,
1941,15535,,,-0.21633367240428925,,0.21633367240428925,
1942,15543,,,-0.21541497111320496,,0.21541497111320496,
1943,15549,,,,-0.21418127417564392,,0.21418127417564392
1943,15551,,,-0.21779748797416687,,0.21779748797416687,
1944,15559,,,-0.2169550359249115,,0.2169550359249115,
1945,15567,,,-0.21549426019191742,,0.21549426019191742,
1946,15575,,,-0.21723723411560059,,0.21723723411560059,
1947,15583,,,-0.21644745767116547,,0.21644745767116547,
1948,15591,,,-0.2213107943534851,,0.2213107943534851,
1949,15599,,,,-0.1964622437953949,,0.1964622437953949
1949,15599,,,-0.217346653342247,,0.217346653342247,
1950,15607,,,-0.22038769721984863,,0.22038769721984863,
1951,15615,,,-0.2167949676513672,,0.2167949676513672,
1952,15623,,,-0.21633070707321167,,0.21633070707321167,
1953,15631,,,-0.21766597032546997,,0.21766597032546997,
1954,15639,,,-0.21669374406337738,,0.21669374406337738,
1955,15647,,,-0.21710561215877533,,0.21710561215877533,
1956,15649,,,,-0.22925350069999695,,0.22925350069999695
1956,15655,,,-0.2163146287202835,,0.2163146287202835,
1957,15663,,,-0.21834520995616913,,0.21834520995616913,
1958,15671,,,-0.21694758534431458,,0.21694758534431458,
1959,15679,,,-0.2177678942680359,,0.2177678942680359,
1960,15687,,,-0.21700958907604218,,0.21700958907604218,
1961,15695,,,-0.21608613431453705,,0.21608613431453705,
1962,15699,,,,-0.2351101040840149,,0.2351101040840149
1962,15703,,,-0.2182423621416092,,0.2182423621416092,
1963,15711,,,-0.21607255935668945,,0.21607255935668945,
1964,15719,,,-0.21532997488975525,,0.21532997488975525,
1965,15727,,,-0.21867386996746063,,0.21867386996746063,
1966,15735,,,-0.21674951910972595,,0.21674951910972595,
1967,15743,,,-0.21592865884304047,,0.21592865884304047,
1968,15749,,,,-0.1744128167629242,,0.1744128167629242
1968,15751,,,-0.21731887757778168,,0.21731887757778168,
1969,15759,,,-0.21881845593452454,,0.21881845593452454,
1970,15767,,,-0.2166825383901596,,0.2166825383901596,
1971,15775,,,-0.21667873859405518,,0.21667873859405518,
1972,15783,,,-0.21649914979934692,,0.21649914979934692,
1973,15791,,,-0.21581889688968658,,0.21581889688968658,
1974,15799,,,,-0.2394278645515442,,0.2394278645515442
1974,15799,,,-0.21793903410434723,,0.21793903410434723,
1975,15807,,,-0.2167680412530899,,0.2167680412530899,
1976,15815,,,-0.21577177941799164,,0.21577177941799164,
1977,15823,,,-0.21717317402362823,,0.21717317402362823,
1978,15831,,,-0.2163550853729248,,0.2163550853729248,
1979,15839,,,-0.21906527876853943,,0.21906527876853943,
1980,15847,,,-0.21576222777366638,,0.21576222777366638,
1981,15849,,,,-0.20526334643363953,,0.20526334643363953
1981,15855,,,-0.21715490520000458,,0.21715490520000458,
1982,15863,,,-0.21665449440479279,,0.21665449440479279,
1983,15871,,,-0.21549397706985474,,0.21549397706985474,
1984,15879,,,-0.21934431791305542,,0.21934431791305542,
1985,15887,,,-0.21668359637260437,,0.21668359637260437,
1986,15895,,,-0.21689237654209137,,0.21689237654209137,
1987,15899,,,,-0.18546587228775024,,0.18546587228775024
1987,15903,,,-0.2191060483455658,,0.2191060483455658,
1988,15911,,,-0.21784935891628265,,0.21784935891628265,
1989,15919,,,-0.21554136276245117,,0.21554136276245117,
1990,15927,,,-0.2183309644460678,,0.2183309644460678,
1991,15935,,,-0.2183581292629242,,0.2183581292629242,
1992,15943,,,-0.21733467280864716,,0.21733467280864716,
1993,15949,,,,-0.21446657180786133,,0.21446657180786133
1993,15951,,,-0.2157011479139328,,0.2157011479139328,
1994,15959,,,-0.21664100885391235,,0.21664100885391235,
1995,15967,,,-0.2163470983505249,,0.2163470983505249,
1996,15975,,,-0.2174643725156784,,0.2174643725156784,
1997,15983,,,-0.21698690950870514,,0.21698690950870514,
1998,15991,,,-0.21990403532981873,,0.21990403532981873,
1999,15999,,,,-0.23717066645622253,,0.23717066645622253
1999,15999,,,-0.21504342555999756,,0.21504342555999756,
2000,16000,-0.2202458530664444,0.2202458530664444,,,,
