epoch,step,test_loss,test_renyi_lb,train_loss_epoch,train_loss_step,train_renyi_lb_epoch,train_renyi_lb_step
0,7,,,-0.044329289346933365,,0.044329289346933365,
1,15,,,-0.04448425769805908,,0.04448425769805908,
2,23,,,-0.044580280780792236,,0.044580280780792236,
3,31,,,-0.04462873935699463,,0.04462873935699463,
4,39,,,-0.04469096660614014,,0.04469096660614014,
5,47,,,-0.044717609882354736,,0.044717609882354736,
6,49,,,,-0.05327796936035156,,0.05327796936035156
6,55,,,-0.04480546712875366,,0.04480546712875366,
7,63,,,-0.04488140717148781,,0.04488140717148781,
8,71,,,-0.04490208253264427,,0.04490208253264427,
9,79,,,-0.04497110843658447,,0.04497110843658447,
10,87,,,-0.04503744840621948,,0.04503744840621948,
11,95,,,-0.04505503177642822,,0.04505503177642822,
12,99,,,,-0.041599273681640625,,0.041599273681640625
12,103,,,-0.045133110135793686,,0.045133110135793686,
13,111,,,-0.04515618085861206,,0.04515618085861206,
14,119,,,-0.04518365487456322,,0.04518365487456322,
15,127,,,-0.04525113105773926,,0.04525113105773926,
16,135,,,-0.045291244983673096,,0.045291244983673096,
17,143,,,-0.045314788818359375,,0.045314788818359375,
18,149,,,,-0.052420616149902344,,0.052420616149902344
18,151,,,-0.04538596048951149,,0.04538596048951149,
19,159,,,-0.04542297497391701,,0.04542297497391701,
20,167,,,-0.04540926218032837,,0.04540926218032837,
21,175,,,-0.04547440633177757,,0.04547440633177757,
22,183,,,-0.04550713300704956,,0.04550713300704956,
23,191,,,-0.0455397367477417,,0.0455397367477417,
24,199,,,,-0.0522308349609375,,0.0522308349609375
24,199,,,-0.04555648937821388,,0.04555648937821388,
25,207,,,-0.04559701681137085,,0.04559701681137085,
26,215,,,-0.045611560344696045,,0.045611560344696045,
27,223,,,-0.045618653297424316,,0.045618653297424316,
28,231,,,-0.04562842845916748,,0.04562842845916748,
29,239,,,-0.04565399885177612,,0.04565399885177612,
30,247,,,-0.04566502571105957,,0.04566502571105957,
31,249,,,,-0.04305219650268555,,0.04305219650268555
31,255,,,-0.04569721221923828,,0.04569721221923828,
32,263,,,-0.04570275545120239,,0.04570275545120239,
33,271,,,-0.045691490173339844,,0.045691490173339844,
34,279,,,-0.04574322700500488,,0.04574322700500488,
35,287,,,-0.045748770236968994,,0.045748770236968994,
36,295,,,-0.04574155807495117,,0.04574155807495117,
37,299,,,,-0.032471656799316406,,0.032471656799316406
37,303,,,-0.0457768440246582,,0.0457768440246582,
38,311,,,-0.045789122581481934,,0.045789122581481934,
39,319,,,-0.04580354690551758,,0.04580354690551758,
40,327,,,-0.04578792676329613,,0.04578792676329613,
41,335,,,-0.04583024978637695,,0.04583024978637695,
42,343,,,-0.04581010341644287,,0.04581010341644287,
43,349,,,,-0.04268503189086914,,0.04268503189086914
43,351,,,-0.045832689851522446,,0.045832689851522446,
44,359,,,-0.045839015394449234,,0.045839015394449234,
45,367,,,-0.045878712087869644,,0.045878712087869644,
46,375,,,-0.04585010185837746,,0.04585010185837746,
47,383,,,-0.0458371639251709,,0.0458371639251709,
48,391,,,-0.04585576057434082,,0.04585576057434082,
49,399,,,,-0.04427003860473633,,0.04427003860473633
49,399,,,-0.04585826396942139,,0.04585826396942139,
50,407,,,-0.045876502990722656,,0.045876502990722656,
51,415,,,-0.04587053880095482,,0.04587053880095482,
52,423,,,-0.04587853327393532,,0.04587853327393532,
53,431,,,-0.04586690664291382,,0.04586690664291382,
54,439,,,-0.045912206172943115,,0.045912206172943115,
55,447,,,-0.04588174819946289,,0.04588174819946289,
56,449,,,,-0.05390214920043945,,0.05390214920043945
56,455,,,-0.045903924852609634,,0.045903924852609634,
57,463,,,-0.04592025279998779,,0.04592025279998779,
58,471,,,-0.045915547758340836,,0.045915547758340836,
59,479,,,-0.045880675315856934,,0.045880675315856934,
60,487,,,-0.045904338359832764,,0.045904338359832764,
61,495,,,-0.045919422060251236,,0.045919422060251236,
62,499,,,,-0.03933858871459961,,0.03933858871459961
62,503,,,-0.045887354761362076,,0.045887354761362076,
63,511,,,-0.04594224691390991,,0.04594224691390991,
64,519,,,-0.04588824510574341,,0.04588824510574341,
65,527,,,-0.0459132194519043,,0.0459132194519043,
66,535,,,-0.04594099521636963,,0.04594099521636963,
67,543,,,-0.045924365520477295,,0.045924365520477295,
68,549,,,,-0.03901386260986328,,0.03901386260986328
68,551,,,-0.04591625928878784,,0.04591625928878784,
69,559,,,-0.045952677726745605,,0.045952677726745605,
70,567,,,-0.04595005139708519,,0.04595005139708519,
71,575,,,-0.04596966877579689,,0.04596966877579689,
72,583,,,-0.04594928026199341,,0.04594928026199341,
73,591,,,-0.04593688249588013,,0.04593688249588013,
74,599,,,,-0.042829036712646484,,0.042829036712646484
74,599,,,-0.04595369100570679,,0.04595369100570679,
75,607,,,-0.045933663845062256,,0.045933663845062256,
76,615,,,-0.04596102610230446,,0.04596102610230446,
77,623,,,-0.04593926668167114,,0.04593926668167114,
78,631,,,-0.04595601558685303,,0.04595601558685303,
79,639,,,-0.04597603902220726,,0.04597603902220726,
80,647,,,-0.045926328748464584,,0.045926328748464584,
81,649,,,,-0.04504728317260742,,0.04504728317260742
81,655,,,-0.04595273733139038,,0.04595273733139038,
82,663,,,-0.04595601558685303,,0.04595601558685303,
83,671,,,-0.04595077037811279,,0.04595077037811279,
84,679,,,-0.045926157385110855,,0.045926157385110855,
85,687,,,-0.04596465453505516,,0.04596465453505516,
86,695,,,-0.04596734046936035,,0.04596734046936035,
87,699,,,,-0.044476985931396484,,0.044476985931396484
87,703,,,-0.045957326889038086,,0.045957326889038086,
88,711,,,-0.045955657958984375,,0.045955657958984375,
89,719,,,-0.04594898223876953,,0.04594898223876953,
90,727,,,-0.045954521745443344,,0.045954521745443344,
91,735,,,-0.045971814543008804,,0.045971814543008804,
92,743,,,-0.04598170891404152,,0.04598170891404152,
93,749,,,,-0.026298046112060547,,0.026298046112060547
93,751,,,-0.04591905698180199,,0.04591905698180199,
94,759,,,-0.04596012830734253,,0.04596012830734253,
95,767,,,-0.04596531018614769,,0.04596531018614769,
96,775,,,-0.04597073793411255,,0.04597073793411255,
97,783,,,-0.04596656560897827,,0.04596656560897827,
98,791,,,-0.04598664864897728,,0.04598664864897728,
99,799,,,,-0.045157432556152344,,0.045157432556152344
99,799,,,-0.045980628579854965,,0.045980628579854965,
100,807,,,-0.04597484692931175,,0.04597484692931175,
101,815,,,-0.04595112428069115,,0.04595112428069115,
102,823,,,-0.045979440212249756,,0.045979440212249756,
103,831,,,-0.04597139358520508,,0.04597139358520508,
104,839,,,-0.04595350846648216,,0.04595350846648216,
105,847,,,-0.045990586280822754,,0.045990586280822754,
106,849,,,,-0.05604219436645508,,0.05604219436645508
106,855,,,-0.04599493741989136,,0.04599493741989136,
107,863,,,-0.045984089374542236,,0.045984089374542236,
108,871,,,-0.045985523611307144,,0.045985523611307144,
109,879,,,-0.04598522186279297,,0.04598522186279297,
110,887,,,-0.04601651057600975,,0.04601651057600975,
111,895,,,-0.04601246118545532,,0.04601246118545532,
112,899,,,,-0.050441741943359375,,0.050441741943359375
112,903,,,-0.04598146677017212,,0.04598146677017212,
113,911,,,-0.045958638191223145,,0.045958638191223145,
114,919,,,-0.045909635722637177,,0.045909635722637177,
115,927,,,-0.04597198963165283,,0.04597198963165283,
116,935,,,-0.04596102237701416,,0.04596102237701416,
117,943,,,-0.04601770266890526,,0.04601770266890526,
118,949,,,,-0.05346202850341797,,0.05346202850341797
118,951,,,-0.04600989818572998,,0.04600989818572998,
119,959,,,-0.04601317271590233,,0.04601317271590233,
120,967,,,-0.046001020818948746,,0.046001020818948746,
121,975,,,-0.046004295349121094,,0.046004295349121094,
122,983,,,-0.04599875584244728,,0.04599875584244728,
123,991,,,-0.04594796895980835,,0.04594796895980835,
124,999,,,,-0.04450702667236328,,0.04450702667236328
124,999,,,-0.045990411192178726,,0.045990411192178726,
125,1007,,,-0.045989394187927246,,0.045989394187927246,
126,1015,,,-0.04597043991088867,,0.04597043991088867,
127,1023,,,-0.04598170146346092,,0.04598170146346092,
128,1031,,,-0.04600799083709717,,0.04600799083709717,
129,1039,,,-0.04599052667617798,,0.04599052667617798,
130,1047,,,-0.04600179195404053,,0.04600179195404053,
131,1049,,,,-0.0416254997253418,,0.0416254997253418
131,1055,,,-0.04599803313612938,,0.04599803313612938,
132,1063,,,-0.04598069563508034,,0.04598069563508034,
133,1071,,,-0.04597700014710426,,0.04597700014710426,
134,1079,,,-0.045997560024261475,,0.045997560024261475,
135,1087,,,-0.04600745067000389,,0.04600745067000389,
136,1095,,,-0.046009961515665054,,0.046009961515665054,
137,1099,,,,-0.043404579162597656,,0.043404579162597656
137,1103,,,-0.0459902249276638,,0.0459902249276638,
138,1111,,,-0.04599207639694214,,0.04599207639694214,
139,1119,,,-0.0459897518157959,,0.0459897518157959,
140,1127,,,-0.04600602015852928,,0.04600602015852928,
141,1135,,,-0.04600036144256592,,0.04600036144256592,
142,1143,,,-0.045980632305145264,,0.045980632305145264,
143,1149,,,,-0.046450138092041016,,0.046450138092041016
143,1151,,,-0.04601097106933594,,0.04601097106933594,
144,1159,,,-0.04599243029952049,,0.04599243029952049,
145,1167,,,-0.045993924140930176,,0.045993924140930176,
146,1175,,,-0.04599958658218384,,0.04599958658218384,
147,1183,,,-0.04601508006453514,,0.04601508006453514,
148,1191,,,-0.046011682599782944,,0.046011682599782944,
149,1199,,,,-0.05272817611694336,,0.05272817611694336
149,1199,,,-0.04601150378584862,,0.04601150378584862,
150,1207,,,-0.04598492011427879,,0.04598492011427879,
151,1215,,,-0.04600954055786133,,0.04600954055786133,
152,1223,,,-0.045993927866220474,,0.045993927866220474,
153,1231,,,-0.04599869251251221,,0.04599869251251221,
154,1239,,,-0.04599988833069801,,0.04599988833069801,
155,1247,,,-0.046008165925741196,,0.046008165925741196,
156,1249,,,,-0.03621101379394531,,0.03621101379394531
156,1255,,,-0.04599916934967041,,0.04599916934967041,
157,1263,,,-0.04599279165267944,,0.04599279165267944,
158,1271,,,-0.04602360725402832,,0.04602360725402832,
159,1279,,,-0.046000417321920395,,0.046000417321920395,
160,1287,,,-0.04603004455566406,,0.04603004455566406,
161,1295,,,-0.045997198671102524,,0.045997198671102524,
162,1299,,,,-0.05121803283691406,,0.05121803283691406
162,1303,,,-0.046014249324798584,,0.046014249324798584,
163,1311,,,-0.045984864234924316,,0.045984864234924316,
164,1319,,,-0.04601258039474487,,0.04601258039474487,
165,1327,,,-0.045995116233825684,,0.045995116233825684,
166,1335,,,-0.046019673347473145,,0.046019673347473145,
167,1343,,,-0.04601001739501953,,0.04601001739501953,
168,1349,,,,-0.043125152587890625,,0.043125152587890625
168,1351,,,-0.04600369930267334,,0.04600369930267334,
169,1359,,,-0.04603135585784912,,0.04603135585784912,
170,1367,,,-0.0460016131401062,,0.0460016131401062,
171,1375,,,-0.04597991332411766,,0.04597991332411766,
172,1383,,,-0.04598402604460716,,0.04598402604460716,
173,1391,,,-0.04601478949189186,,0.04601478949189186,
174,1399,,,,-0.031220436096191406,,0.031220436096191406
174,1399,,,-0.045992136001586914,,0.045992136001586914,
175,1407,,,-0.04600798711180687,,0.04600798711180687,
176,1415,,,-0.04599720612168312,,0.04599720612168312,
177,1423,,,-0.046009957790374756,,0.046009957790374756,
178,1431,,,-0.046018484979867935,,0.046018484979867935,
179,1439,,,-0.04599350690841675,,0.04599350690841675,
180,1447,,,-0.0460050106048584,,0.0460050106048584,
181,1449,,,,-0.04941368103027344,,0.04941368103027344
181,1455,,,-0.045980751514434814,,0.045980751514434814,
182,1463,,,-0.04601013660430908,,0.04601013660430908,
183,1471,,,-0.04599660634994507,,0.04599660634994507,
184,1479,,,-0.04601508006453514,,0.04601508006453514,
185,1487,,,-0.04600411280989647,,0.04600411280989647,
186,1495,,,-0.04600512981414795,,0.04600512981414795,
187,1499,,,,-0.052794456481933594,,0.052794456481933594
187,1503,,,-0.045998986810445786,,0.045998986810445786,
188,1511,,,-0.046012818813323975,,0.046012818813323975,
189,1519,,,-0.0460016131401062,,0.0460016131401062,
190,1527,,,-0.0459974966943264,,0.0459974966943264,
191,1535,,,-0.04600793123245239,,0.04600793123245239,
192,1543,,,-0.04598754644393921,,0.04598754644393921,
193,1549,,,,-0.039218902587890625,,0.039218902587890625
193,1551,,,-0.04602741822600365,,0.04602741822600365,
194,1559,,,-0.04601818323135376,,0.04601818323135376,
195,1567,,,-0.04600536823272705,,0.04600536823272705,
196,1575,,,-0.04599052667617798,,0.04599052667617798,
197,1583,,,-0.045991718769073486,,0.045991718769073486,
198,1591,,,-0.04601508378982544,,0.04601508378982544,
199,1599,,,,-0.04514646530151367,,0.04514646530151367
199,1599,,,-0.046020567417144775,,0.046020567417144775,
200,1607,,,-0.046000655740499496,,0.046000655740499496,
201,1615,,,-0.0459558367729187,,0.0459558367729187,
202,1623,,,-0.045983195304870605,,0.045983195304870605,
203,1631,,,-0.046015143394470215,,0.046015143394470215,
204,1639,,,-0.04600131884217262,,0.04600131884217262,
205,1647,,,-0.04601794481277466,,0.04601794481277466,
206,1649,,,,-0.0370783805847168,,0.0370783805847168
206,1655,,,-0.04600709676742554,,0.04600709676742554,
207,1663,,,-0.04601180553436279,,0.04601180553436279,
208,1671,,,-0.046015381813049316,,0.046015381813049316,
209,1679,,,-0.046016041189432144,,0.046016041189432144,
210,1687,,,-0.04602634906768799,,0.04602634906768799,
211,1695,,,-0.0460239015519619,,0.0460239015519619,
212,1699,,,,-0.052274227142333984,,0.052274227142333984
212,1703,,,-0.046039994806051254,,0.046039994806051254,
213,1711,,,-0.04601871967315674,,0.04601871967315674,
214,1719,,,-0.0460016131401062,,0.0460016131401062,
215,1727,,,-0.046005964279174805,,0.046005964279174805,
216,1735,,,-0.0460241474211216,,0.0460241474211216,
217,1743,,,-0.046023547649383545,,0.046023547649383545,
218,1749,,,,-0.04865837097167969,,0.04865837097167969
218,1751,,,-0.046016156673431396,,0.046016156673431396,
219,1759,,,-0.04597229138016701,,0.04597229138016701,
220,1767,,,-0.046035826206207275,,0.046035826206207275,
221,1775,,,-0.046006858348846436,,0.046006858348846436,
222,1783,,,-0.04602104052901268,,0.04602104052901268,
223,1791,,,-0.046022649854421616,,0.046022649854421616,
224,1799,,,,-0.03223705291748047,,0.03223705291748047
224,1799,,,-0.0460091233253479,,0.0460091233253479,
225,1807,,,-0.04600495100021362,,0.04600495100021362,
226,1815,,,-0.046005189418792725,,0.046005189418792725,
227,1823,,,-0.045990049839019775,,0.045990049839019775,
228,1831,,,-0.04598445072770119,,0.04598445072770119,
229,1839,,,-0.0460130013525486,,0.0460130013525486,
230,1847,,,-0.04601675271987915,,0.04601675271987915,
231,1849,,,,-0.05388164520263672,,0.05388164520263672
231,1855,,,-0.046004533767700195,,0.046004533767700195,
232,1863,,,-0.04599219560623169,,0.04599219560623169,
233,1871,,,-0.045992910861968994,,0.045992910861968994,
234,1879,,,-0.04598820209503174,,0.04598820209503174,
235,1887,,,-0.045966506004333496,,0.045966506004333496,
236,1895,,,-0.04603451117873192,,0.04603451117873192,
237,1899,,,,-0.042345523834228516,,0.042345523834228516
237,1903,,,-0.04599720239639282,,0.04599720239639282,
238,1911,,,-0.04600262641906738,,0.04600262641906738,
239,1919,,,-0.0460197888314724,,0.0460197888314724,
240,1927,,,-0.04598307982087135,,0.04598307982087135,
241,1935,,,-0.04601144790649414,,0.04601144790649414,
242,1943,,,-0.04600905999541283,,0.04600905999541283,
243,1949,,,,-0.056385040283203125,,0.056385040283203125
243,1951,,,-0.04602760076522827,,0.04602760076522827,
244,1959,,,-0.04601007699966431,,0.04601007699966431,
245,1967,,,-0.04603922739624977,,0.04603922739624977,
246,1975,,,-0.04602324962615967,,0.04602324962615967,
247,1983,,,-0.0460243821144104,,0.0460243821144104,
248,1991,,,-0.045995891094207764,,0.045995891094207764,
249,1999,,,,-0.05403852462768555,,0.05403852462768555
249,1999,,,-0.04604846239089966,,0.04604846239089966,
250,2007,,,-0.04599869251251221,,0.04599869251251221,
251,2015,,,-0.04602169618010521,,0.04602169618010521,
252,2023,,,-0.046011149883270264,,0.046011149883270264,
253,2031,,,-0.04600733518600464,,0.04600733518600464,
254,2039,,,-0.04602450132369995,,0.04602450132369995,
255,2047,,,-0.046021636575460434,,0.046021636575460434,
256,2049,,,,-0.05328559875488281,,0.05328559875488281
256,2055,,,-0.04600780829787254,,0.04600780829787254,
257,2063,,,-0.04603952169418335,,0.04603952169418335,
258,2071,,,-0.04601931571960449,,0.04601931571960449,
259,2079,,,-0.046016398817300797,,0.046016398817300797,
260,2087,,,-0.04602968692779541,,0.04602968692779541,
261,2095,,,-0.0460243821144104,,0.0460243821144104,
262,2099,,,,-0.045505523681640625,,0.045505523681640625
262,2103,,,-0.04603767767548561,,0.04603767767548561,
263,2111,,,-0.046027302742004395,,0.046027302742004395,
264,2119,,,-0.04601341113448143,,0.04601341113448143,
265,2127,,,-0.046018604189157486,,0.046018604189157486,
266,2135,,,-0.046029750257730484,,0.046029750257730484,
267,2143,,,-0.04603112116456032,,0.04603112116456032,
268,2149,,,,-0.04629707336425781,,0.04629707336425781
268,2151,,,-0.04600745067000389,,0.04600745067000389,
269,2159,,,-0.0459933876991272,,0.0459933876991272,
270,2167,,,-0.046017587184906006,,0.046017587184906006,
271,2175,,,-0.046000007539987564,,0.046000007539987564,
272,2183,,,-0.046009358018636703,,0.046009358018636703,
273,2191,,,-0.04603153467178345,,0.04603153467178345,
274,2199,,,,-0.049126625061035156,,0.049126625061035156
274,2199,,,-0.04602080211043358,,0.04602080211043358,
275,2207,,,-0.04602014645934105,,0.04602014645934105,
276,2215,,,-0.046024203300476074,,0.046024203300476074,
277,2223,,,-0.04603153094649315,,0.04603153094649315,
278,2231,,,-0.04602927342057228,,0.04602927342057228,
279,2239,,,-0.0460350476205349,,0.0460350476205349,
280,2247,,,-0.046015143394470215,,0.046015143394470215,
281,2249,,,,-0.04833841323852539,,0.04833841323852539
281,2255,,,-0.04604536294937134,,0.04604536294937134,
282,2263,,,-0.04603147134184837,,0.04603147134184837,
283,2271,,,-0.04601765051484108,,0.04601765051484108,
284,2279,,,-0.046024736016988754,,0.046024736016988754,
285,2287,,,-0.046016812324523926,,0.046016812324523926,
286,2295,,,-0.04602569341659546,,0.04602569341659546,
287,2299,,,,-0.03457927703857422,,0.03457927703857422
287,2303,,,-0.04603099822998047,,0.04603099822998047,
288,2311,,,-0.04598379135131836,,0.04598379135131836,
289,2319,,,-0.046018242835998535,,0.046018242835998535,
290,2327,,,-0.046027541160583496,,0.046027541160583496,
291,2335,,,-0.04602527618408203,,0.04602527618408203,
292,2343,,,-0.046016935259103775,,0.046016935259103775,
293,2349,,,,-0.049227237701416016,,0.049227237701416016
293,2351,,,-0.046010855585336685,,0.046010855585336685,
294,2359,,,-0.046028077602386475,,0.046028077602386475,
295,2367,,,-0.04602968692779541,,0.04602968692779541,
296,2375,,,-0.04602235555648804,,0.04602235555648804,
297,2383,,,-0.04601883515715599,,0.04601883515715599,
298,2391,,,-0.046028971672058105,,0.046028971672058105,
299,2399,,,,-0.05212211608886719,,0.05212211608886719
299,2399,,,-0.04602968692779541,,0.04602968692779541,
300,2407,,,-0.04602998495101929,,0.04602998495101929,
301,2415,,,-0.04601418972015381,,0.04601418972015381,
302,2423,,,-0.046015381813049316,,0.046015381813049316,
303,2431,,,-0.04602634906768799,,0.04602634906768799,
304,2439,,,-0.0460282526910305,,0.0460282526910305,
305,2447,,,-0.04603230953216553,,0.04603230953216553,
306,2449,,,,-0.04381227493286133,,0.04381227493286133
306,2455,,,-0.046020328998565674,,0.046020328998565674,
307,2463,,,-0.046034038066864014,,0.046034038066864014,
308,2471,,,-0.046005308628082275,,0.046005308628082275,
309,2479,,,-0.04605143889784813,,0.04605143889784813,
310,2487,,,-0.04605060815811157,,0.04605060815811157,
311,2495,,,-0.04605817422270775,,0.04605817422270775,
312,2499,,,,-0.04279899597167969,,0.04279899597167969
312,2503,,,-0.04604363441467285,,0.04604363441467285,
313,2511,,,-0.04603779315948486,,0.04603779315948486,
314,2519,,,-0.046041905879974365,,0.046041905879974365,
315,2527,,,-0.046005308628082275,,0.046005308628082275,
316,2535,,,-0.04603588581085205,,0.04603588581085205,
317,2543,,,-0.04604077711701393,,0.04604077711701393,
318,2549,,,,-0.05490875244140625,,0.05490875244140625
318,2551,,,-0.046019673347473145,,0.046019673347473145,
319,2559,,,-0.046040117740631104,,0.046040117740631104,
320,2567,,,-0.04602622985839844,,0.04602622985839844,
321,2575,,,-0.04604465141892433,,0.04604465141892433,
322,2583,,,-0.04603356495499611,,0.04603356495499611,
323,2591,,,-0.046030525118112564,,0.046030525118112564,
324,2599,,,,-0.04210662841796875,,0.04210662841796875
324,2599,,,-0.046031177043914795,,0.046031177043914795,
325,2607,,,-0.04600768908858299,,0.04600768908858299,
326,2615,,,-0.04599815607070923,,0.04599815607070923,
327,2623,,,-0.046037137508392334,,0.046037137508392334,
328,2631,,,-0.04601365327835083,,0.04601365327835083,
329,2639,,,-0.04602175951004028,,0.04602175951004028,
330,2647,,,-0.04602527618408203,,0.04602527618408203,
331,2649,,,,-0.04556083679199219,,0.04556083679199219
331,2655,,,-0.046024683862924576,,0.046024683862924576,
332,2663,,,-0.04603159427642822,,0.04603159427642822,
333,2671,,,-0.04600900411605835,,0.04600900411605835,
334,2679,,,-0.04602283239364624,,0.04602283239364624,
335,2687,,,-0.046013060957193375,,0.046013060957193375,
336,2695,,,-0.04602963104844093,,0.04602963104844093,
337,2699,,,,-0.04484748840332031,,0.04484748840332031
337,2703,,,-0.046026524156332016,,0.046026524156332016,
338,2711,,,-0.04603606462478638,,0.04603606462478638,
339,2719,,,-0.04603761434555054,,0.04603761434555054,
340,2727,,,-0.04603850841522217,,0.04603850841522217,
341,2735,,,-0.04602855071425438,,0.04602855071425438,
342,2743,,,-0.04602694883942604,,0.04602694883942604,
343,2749,,,,-0.04379081726074219,,0.04379081726074219
343,2751,,,-0.046039581298828125,,0.046039581298828125,
344,2759,,,-0.04603201150894165,,0.04603201150894165,
345,2767,,,-0.04603732004761696,,0.04603732004761696,
346,2775,,,-0.04602992162108421,,0.04602992162108421,
347,2783,,,-0.046037133783102036,,0.046037133783102036,
348,2791,,,-0.046035174280405045,,0.046035174280405045,
349,2799,,,,-0.033509254455566406,,0.033509254455566406
349,2799,,,-0.04604583978652954,,0.04604583978652954,
350,2807,,,-0.04604583606123924,,0.04604583606123924,
351,2815,,,-0.046001847833395004,,0.046001847833395004,
352,2823,,,-0.04604470729827881,,0.04604470729827881,
353,2831,,,-0.04601454734802246,,0.04601454734802246,
354,2839,,,-0.04605281725525856,,0.04605281725525856,
355,2847,,,-0.046042561531066895,,0.046042561531066895,
356,2849,,,,-0.04168224334716797,,0.04168224334716797
356,2855,,,-0.04604005441069603,,0.04604005441069603,
357,2863,,,-0.046035345643758774,,0.046035345643758774,
358,2871,,,-0.04602938890457153,,0.04602938890457153,
359,2879,,,-0.04602765664458275,,0.04602765664458275,
360,2887,,,-0.04600083455443382,,0.04600083455443382,
361,2895,,,-0.04601973295211792,,0.04601973295211792,
362,2899,,,,-0.03948020935058594,,0.03948020935058594
362,2903,,,-0.046048879623413086,,0.046048879623413086,
363,2911,,,-0.046021100133657455,,0.046021100133657455,
364,2919,,,-0.0460326112806797,,0.0460326112806797,
365,2927,,,-0.04603385925292969,,0.04603385925292969,
366,2935,,,-0.04603243246674538,,0.04603243246674538,
367,2943,,,-0.046018365770578384,,0.046018365770578384,
368,2949,,,,-0.04575157165527344,,0.04575157165527344
368,2951,,,-0.0460241436958313,,0.0460241436958313,
369,2959,,,-0.046029508113861084,,0.046029508113861084,
370,2967,,,-0.046028196811676025,,0.046028196811676025,
371,2975,,,-0.045998748391866684,,0.045998748391866684,
372,2983,,,-0.046064913272857666,,0.046064913272857666,
373,2991,,,-0.046025749295949936,,0.046025749295949936,
374,2999,,,,-0.04459333419799805,,0.04459333419799805
374,2999,,,-0.04604226350784302,,0.04604226350784302,
375,3007,,,-0.04606139659881592,,0.04606139659881592,
376,3015,,,-0.046032488346099854,,0.046032488346099854,
377,3023,,,-0.04601949080824852,,0.04601949080824852,
378,3031,,,-0.046030402183532715,,0.046030402183532715,
379,3039,,,-0.04604005813598633,,0.04604005813598633,
380,3047,,,-0.04602879658341408,,0.04602879658341408,
381,3049,,,,-0.0529179573059082,,0.0529179573059082
381,3055,,,-0.046035170555114746,,0.046035170555114746,
382,3063,,,-0.04603785276412964,,0.04603785276412964,
383,3071,,,-0.04606849327683449,,0.04606849327683449,
384,3079,,,-0.04601883888244629,,0.04601883888244629,
385,3087,,,-0.04604899883270264,,0.04604899883270264,
386,3095,,,-0.04604858532547951,,0.04604858532547951,
387,3099,,,,-0.034193992614746094,,0.034193992614746094
387,3103,,,-0.046050190925598145,,0.046050190925598145,
388,3111,,,-0.046040356159210205,,0.046040356159210205,
389,3119,,,-0.04600900411605835,,0.04600900411605835,
390,3127,,,-0.04604119062423706,,0.04604119062423706,
391,3135,,,-0.04603719338774681,,0.04603719338774681,
392,3143,,,-0.04604142904281616,,0.04604142904281616,
393,3149,,,,-0.06054210662841797,,0.06054210662841797
393,3151,,,-0.04602891206741333,,0.04602891206741333,
394,3159,,,-0.04605114087462425,,0.04605114087462425,
395,3167,,,-0.0460318922996521,,0.0460318922996521,
396,3175,,,-0.04606080427765846,,0.04606080427765846,
397,3183,,,-0.046040717512369156,,0.046040717512369156,
398,3191,,,-0.04604744911193848,,0.04604744911193848,
399,3199,,,,-0.04681682586669922,,0.04681682586669922
399,3199,,,-0.04603171348571777,,0.04603171348571777,
400,3207,,,-0.0460512638092041,,0.0460512638092041,
401,3215,,,-0.04603421688079834,,0.04603421688079834,
402,3223,,,-0.04603034630417824,,0.04603034630417824,
403,3231,,,-0.04605954885482788,,0.04605954885482788,
404,3239,,,-0.04604911431670189,,0.04604911431670189,
405,3247,,,-0.046037256717681885,,0.046037256717681885,
406,3249,,,,-0.04706382751464844,,0.04706382751464844
406,3255,,,-0.04601675271987915,,0.04601675271987915,
407,3263,,,-0.04604030027985573,,0.04604030027985573,
408,3271,,,-0.04604262113571167,,0.04604262113571167,
409,3279,,,-0.04599440470337868,,0.04599440470337868,
410,3287,,,-0.04602455720305443,,0.04602455720305443,
411,3295,,,-0.04604214429855347,,0.04604214429855347,
412,3299,,,,-0.05251646041870117,,0.05251646041870117
412,3303,,,-0.046053413301706314,,0.046053413301706314,
413,3311,,,-0.04607594013214111,,0.04607594013214111,
414,3319,,,-0.046054959297180176,,0.046054959297180176,
415,3327,,,-0.04603534936904907,,0.04603534936904907,
416,3335,,,-0.04603421688079834,,0.04603421688079834,
417,3343,,,-0.0460394062101841,,0.0460394062101841,
418,3349,,,,-0.04488182067871094,,0.04488182067871094
418,3351,,,-0.04604429379105568,,0.04604429379105568,
419,3359,,,-0.04603844881057739,,0.04603844881057739,
420,3367,,,-0.04604756459593773,,0.04604756459593773,
421,3375,,,-0.04602951183915138,,0.04602951183915138,
422,3383,,,-0.046055134385824203,,0.046055134385824203,
423,3391,,,-0.04604518413543701,,0.04604518413543701,
424,3399,,,,-0.04965972900390625,,0.04965972900390625
424,3399,,,-0.0460662767291069,,0.0460662767291069,
425,3407,,,-0.04605203866958618,,0.04605203866958618,
426,3415,,,-0.046041131019592285,,0.046041131019592285,
427,3423,,,-0.046059608459472656,,0.046059608459472656,
428,3431,,,-0.04606008529663086,,0.04606008529663086,
429,3439,,,-0.046032849699258804,,0.046032849699258804,
430,3447,,,-0.04604804515838623,,0.04604804515838623,
431,3449,,,,-0.045409202575683594,,0.045409202575683594
431,3455,,,-0.04605955258011818,,0.04605955258011818,
432,3463,,,-0.04603838920593262,,0.04603838920593262,
433,3471,,,-0.046049121767282486,,0.046049121767282486,
434,3479,,,-0.046051084995269775,,0.046051084995269775,
435,3487,,,-0.04604547843337059,,0.04604547843337059,
436,3495,,,-0.04603272303938866,,0.04603272303938866,
437,3499,,,,-0.05513191223144531,,0.05513191223144531
437,3503,,,-0.04604369401931763,,0.04604369401931763,
438,3511,,,-0.046027421951293945,,0.046027421951293945,
439,3519,,,-0.046068012714385986,,0.046068012714385986,
440,3527,,,-0.046038806438446045,,0.046038806438446045,
441,3535,,,-0.04604291915893555,,0.04604291915893555,
442,3543,,,-0.04603475332260132,,0.04603475332260132,
443,3549,,,,-0.04449272155761719,,0.04449272155761719
443,3551,,,-0.04599630832672119,,0.04599630832672119,
444,3559,,,-0.04603397846221924,,0.04603397846221924,
445,3567,,,-0.046039462089538574,,0.046039462089538574,
446,3575,,,-0.04605168476700783,,0.04605168476700783,
447,3583,,,-0.046054065227508545,,0.046054065227508545,
448,3591,,,-0.04603683948516846,,0.04603683948516846,
449,3599,,,,-0.032330989837646484,,0.032330989837646484
449,3599,,,-0.0460427962243557,,0.0460427962243557,
450,3607,,,-0.04605257511138916,,0.04605257511138916,
451,3615,,,-0.04605269432067871,,0.04605269432067871,
452,3623,,,-0.04604917764663696,,0.04604917764663696,
453,3631,,,-0.04603540897369385,,0.04603540897369385,
454,3639,,,-0.04605710133910179,,0.04605710133910179,
455,3647,,,-0.046015504747629166,,0.046015504747629166,
456,3649,,,,-0.04313945770263672,,0.04313945770263672
456,3655,,,-0.04604309797286987,,0.04604309797286987,
457,3663,,,-0.046029750257730484,,0.046029750257730484,
458,3671,,,-0.04606198891997337,,0.04606198891997337,
459,3679,,,-0.04603803530335426,,0.04603803530335426,
460,3687,,,-0.04603881016373634,,0.04603881016373634,
461,3695,,,-0.04602527618408203,,0.04602527618408203,
462,3699,,,,-0.036934852600097656,,0.036934852600097656
462,3703,,,-0.04603546857833862,,0.04603546857833862,
463,3711,,,-0.046027302742004395,,0.046027302742004395,
464,3719,,,-0.046036120504140854,,0.046036120504140854,
465,3727,,,-0.046068910509347916,,0.046068910509347916,
466,3735,,,-0.046020928770303726,,0.046020928770303726,
467,3743,,,-0.04604381322860718,,0.04604381322860718,
468,3749,,,,-0.04624176025390625,,0.04624176025390625
468,3751,,,-0.04606121405959129,,0.04606121405959129,
469,3759,,,-0.04605633020401001,,0.04605633020401001,
470,3767,,,-0.04605913162231445,,0.04605913162231445,
471,3775,,,-0.04605227708816528,,0.04605227708816528,
472,3783,,,-0.04604905843734741,,0.04604905843734741,
473,3791,,,-0.04605865851044655,,0.04605865851044655,
474,3799,,,,-0.04721689224243164,,0.04721689224243164
474,3799,,,-0.04604965075850487,,0.04604965075850487,
475,3807,,,-0.04606198891997337,,0.04606198891997337,
476,3815,,,-0.04605203866958618,,0.04605203866958618,
477,3823,,,-0.04604679346084595,,0.04604679346084595,
478,3831,,,-0.046037912368774414,,0.046037912368774414,
479,3839,,,-0.04604887589812279,,0.04604887589812279,
480,3847,,,-0.046041667461395264,,0.046041667461395264,
481,3849,,,,-0.049320220947265625,,0.049320220947265625
481,3855,,,-0.04603999853134155,,0.04603999853134155,
482,3863,,,-0.04609901085495949,,0.04609901085495949,
483,3871,,,-0.04604494571685791,,0.04604494571685791,
484,3879,,,-0.04600751772522926,,0.04600751772522926,
485,3887,,,-0.04606425762176514,,0.04606425762176514,
486,3895,,,-0.04605978727340698,,0.04605978727340698,
487,3899,,,,-0.04087638854980469,,0.04087638854980469
487,3903,,,-0.04605281352996826,,0.04605281352996826,
488,3911,,,-0.04603898525238037,,0.04603898525238037,
489,3919,,,-0.046072300523519516,,0.046072300523519516,
490,3927,,,-0.04599088802933693,,0.04599088802933693,
491,3935,,,-0.04606473445892334,,0.04606473445892334,
492,3943,,,-0.046056512743234634,,0.046056512743234634,
493,3949,,,,-0.042784690856933594,,0.042784690856933594
493,3951,,,-0.04607224464416504,,0.04607224464416504,
494,3959,,,-0.04603511095046997,,0.04603511095046997,
495,3967,,,-0.046039700508117676,,0.046039700508117676,
496,3975,,,-0.04605036973953247,,0.04605036973953247,
497,3983,,,-0.046050965785980225,,0.046050965785980225,
498,3991,,,-0.0460432805120945,,0.0460432805120945,
499,3999,,,,-0.0433039665222168,,0.0433039665222168
499,3999,,,-0.04604101553559303,,0.04604101553559303,
500,4007,,,-0.0460624098777771,,0.0460624098777771,
501,4015,,,-0.04605162516236305,,0.04605162516236305,
502,4023,,,-0.04605811834335327,,0.04605811834335327,
503,4031,,,-0.04604548215866089,,0.04604548215866089,
504,4039,,,-0.04603850841522217,,0.04603850841522217,
505,4047,,,-0.046044886112213135,,0.046044886112213135,
506,4049,,,,-0.049010276794433594,,0.049010276794433594
506,4055,,,-0.04604018107056618,,0.04604018107056618,
507,4063,,,-0.046059247106313705,,0.046059247106313705,
508,4071,,,-0.04605269804596901,,0.04605269804596901,
509,4079,,,-0.04606211185455322,,0.04606211185455322,
510,4087,,,-0.04607248678803444,,0.04607248678803444,
511,4095,,,-0.04604620113968849,,0.04604620113968849,
512,4099,,,,-0.035341739654541016,,0.035341739654541016
512,4103,,,-0.046054303646087646,,0.046054303646087646,
513,4111,,,-0.04606657847762108,,0.04606657847762108,
514,4119,,,-0.04604619741439819,,0.04604619741439819,
515,4127,,,-0.04606086015701294,,0.04606086015701294,
516,4135,,,-0.04604983702301979,,0.04604983702301979,
517,4143,,,-0.04604107514023781,,0.04604107514023781,
518,4149,,,,-0.04586076736450195,,0.04586076736450195
518,4151,,,-0.04604267701506615,,0.04604267701506615,
519,4159,,,-0.046078141778707504,,0.046078141778707504,
520,4167,,,-0.046067237854003906,,0.046067237854003906,
521,4175,,,-0.04604369401931763,,0.04604369401931763,
522,4183,,,-0.04603838548064232,,0.04603838548064232,
523,4191,,,-0.04604584351181984,,0.04604584351181984,
524,4199,,,,-0.05194234848022461,,0.05194234848022461
524,4199,,,-0.04604184627532959,,0.04604184627532959,
525,4207,,,-0.04606550931930542,,0.04606550931930542,
526,4215,,,-0.04605686664581299,,0.04605686664581299,
527,4223,,,-0.04605591297149658,,0.04605591297149658,
528,4231,,,-0.04603904113173485,,0.04603904113173485,
529,4239,,,-0.046050071716308594,,0.046050071716308594,
530,4247,,,-0.04604315757751465,,0.04604315757751465,
531,4249,,,,-0.04781627655029297,,0.04781627655029297
531,4255,,,-0.04606139659881592,,0.04606139659881592,
532,4263,,,-0.046038269996643066,,0.046038269996643066,
533,4271,,,-0.04608500003814697,,0.04608500003814697,
534,4279,,,-0.04599892720580101,,0.04599892720580101,
535,4287,,,-0.0460580550134182,,0.0460580550134182,
536,4295,,,-0.04605943337082863,,0.04605943337082863,
537,4299,,,,-0.041029930114746094,,0.041029930114746094
537,4303,,,-0.04606229066848755,,0.04606229066848755,
538,4311,,,-0.04605990648269653,,0.04605990648269653,
539,4319,,,-0.0460624098777771,,0.0460624098777771,
540,4327,,,-0.046046022325754166,,0.046046022325754166,
541,4335,,,-0.046077609062194824,,0.046077609062194824,
542,4343,,,-0.04603040590882301,,0.04603040590882301,
543,4349,,,,-0.0504150390625,,0.0504150390625
543,4351,,,-0.046062171459198,,0.046062171459198,
544,4359,,,-0.04604750871658325,,0.04604750871658325,
545,4367,,,-0.04605329409241676,,0.04605329409241676,
546,4375,,,-0.04607123136520386,,0.04607123136520386,
547,4383,,,-0.04606044292449951,,0.04606044292449951,
548,4391,,,-0.046066224575042725,,0.046066224575042725,
549,4399,,,,-0.03507804870605469,,0.03507804870605469
549,4399,,,-0.04602926969528198,,0.04602926969528198,
550,4407,,,-0.04600846767425537,,0.04600846767425537,
551,4415,,,-0.046039044857025146,,0.046039044857025146,
552,4423,,,-0.046061281114816666,,0.046061281114816666,
553,4431,,,-0.04605990648269653,,0.04605990648269653,
554,4439,,,-0.04605519771575928,,0.04605519771575928,
555,4447,,,-0.04605299234390259,,0.04605299234390259,
556,4449,,,,-0.04387331008911133,,0.04387331008911133
556,4455,,,-0.0460585355758667,,0.0460585355758667,
557,4463,,,-0.0460582971572876,,0.0460582971572876,
558,4471,,,-0.04607105255126953,,0.04607105255126953,
559,4479,,,-0.0460430383682251,,0.0460430383682251,
560,4487,,,-0.046030521392822266,,0.046030521392822266,
561,4495,,,-0.04606008529663086,,0.04606008529663086,
562,4499,,,,-0.042423248291015625,,0.042423248291015625
562,4503,,,-0.04605567455291748,,0.04605567455291748,
563,4511,,,-0.04607051983475685,,0.04607051983475685,
564,4519,,,-0.046052515506744385,,0.046052515506744385,
565,4527,,,-0.046066224575042725,,0.046066224575042725,
566,4535,,,-0.04603761434555054,,0.04603761434555054,
567,4543,,,-0.04603821039199829,,0.04603821039199829,
568,4549,,,,-0.03537702560424805,,0.03537702560424805
568,4551,,,-0.04606741666793823,,0.04606741666793823,
569,4559,,,-0.046078141778707504,,0.046078141778707504,
570,4567,,,-0.046061038970947266,,0.046061038970947266,
571,4575,,,-0.046064674854278564,,0.046064674854278564,
572,4583,,,-0.04604267701506615,,0.04604267701506615,
573,4591,,,-0.04609512910246849,,0.04609512910246849,
574,4599,,,,-0.0372309684753418,,0.0372309684753418
574,4599,,,-0.04607725143432617,,0.04607725143432617,
575,4607,,,-0.04607546329498291,,0.04607546329498291,
576,4615,,,-0.046062469482421875,,0.046062469482421875,
577,4623,,,-0.04606657847762108,,0.04606657847762108,
578,4631,,,-0.04605728015303612,,0.04605728015303612,
579,4639,,,-0.046056151390075684,,0.046056151390075684,
580,4647,,,-0.04603588953614235,,0.04603588953614235,
581,4649,,,,-0.053978919982910156,,0.053978919982910156
581,4655,,,-0.04608040675520897,,0.04608040675520897,
582,4663,,,-0.04606490954756737,,0.04606490954756737,
583,4671,,,-0.04605889320373535,,0.04605889320373535,
584,4679,,,-0.04606032371520996,,0.04606032371520996,
585,4687,,,-0.04606759548187256,,0.04606759548187256,
586,4695,,,-0.04608684405684471,,0.04608684405684471,
587,4699,,,,-0.036347389221191406,,0.036347389221191406
587,4703,,,-0.0460512638092041,,0.0460512638092041,
588,4711,,,-0.04607135057449341,,0.04607135057449341,
589,4719,,,-0.046081602573394775,,0.046081602573394775,
590,4727,,,-0.04606688395142555,,0.04606688395142555,
591,4735,,,-0.04606980085372925,,0.04606980085372925,
592,4743,,,-0.04606175422668457,,0.04606175422668457,
593,4749,,,,-0.050629615783691406,,0.050629615783691406
593,4751,,,-0.04605371132493019,,0.04605371132493019,
594,4759,,,-0.04606884717941284,,0.04606884717941284,
595,4767,,,-0.04607439413666725,,0.04607439413666725,
596,4775,,,-0.04607182741165161,,0.04607182741165161,
597,4783,,,-0.04606669768691063,,0.04606669768691063,
598,4791,,,-0.04607361555099487,,0.04607361555099487,
599,4799,,,,-0.047276973724365234,,0.047276973724365234
599,4799,,,-0.046077191829681396,,0.046077191829681396,
600,4807,,,-0.04603433236479759,,0.04603433236479759,
601,4815,,,-0.046061038970947266,,0.046061038970947266,
602,4823,,,-0.04610002040863037,,0.04610002040863037,
603,4831,,,-0.046038392931222916,,0.046038392931222916,
604,4839,,,-0.04606902599334717,,0.04606902599334717,
605,4847,,,-0.046065449714660645,,0.046065449714660645,
606,4849,,,,-0.04334688186645508,,0.04334688186645508
606,4855,,,-0.046061281114816666,,0.046061281114816666,
607,4863,,,-0.04607635363936424,,0.04607635363936424,
608,4871,,,-0.04603087902069092,,0.04603087902069092,
609,4879,,,-0.046057526022195816,,0.046057526022195816,
610,4887,,,-0.04605978727340698,,0.04605978727340698,
611,4895,,,-0.0460885725915432,,0.0460885725915432,
612,4899,,,,-0.04945707321166992,,0.04945707321166992
612,4903,,,-0.04604393243789673,,0.04604393243789673,
613,4911,,,-0.04611361026763916,,0.04611361026763916,
614,4919,,,-0.04606902599334717,,0.04606902599334717,
615,4927,,,-0.04605787992477417,,0.04605787992477417,
616,4935,,,-0.0460735559463501,,0.0460735559463501,
617,4943,,,-0.0460427962243557,,0.0460427962243557,
618,4949,,,,-0.048333168029785156,,0.048333168029785156
618,4951,,,-0.046055495738983154,,0.046055495738983154,
619,4959,,,-0.04607170820236206,,0.04607170820236206,
620,4967,,,-0.04605293273925781,,0.04605293273925781,
621,4975,,,-0.04605495557188988,,0.04605495557188988,
622,4983,,,-0.04608708620071411,,0.04608708620071411,
623,4991,,,-0.046070393174886703,,0.046070393174886703,
624,4999,,,,-0.0492405891418457,,0.0492405891418457
624,4999,,,-0.04608195647597313,,0.04608195647597313,
625,5007,,,-0.046048641204833984,,0.046048641204833984,
626,5015,,,-0.04605800285935402,,0.04605800285935402,
627,5023,,,-0.046074509620666504,,0.046074509620666504,
628,5031,,,-0.04604524374008179,,0.04604524374008179,
629,5039,,,-0.046090781688690186,,0.046090781688690186,
630,5047,,,-0.046067118644714355,,0.046067118644714355,
631,5049,,,,-0.044208526611328125,,0.044208526611328125
631,5055,,,-0.046077366918325424,,0.046077366918325424,
632,5063,,,-0.046062763780355453,,0.046062763780355453,
633,5071,,,-0.04607391357421875,,0.04607391357421875,
634,5079,,,-0.046070218086242676,,0.046070218086242676,
635,5087,,,-0.046066343784332275,,0.046066343784332275,
636,5095,,,-0.0460544228553772,,0.0460544228553772,
637,5099,,,,-0.05627250671386719,,0.05627250671386719
637,5103,,,-0.046078264713287354,,0.046078264713287354,
638,5111,,,-0.04607922211289406,,0.04607922211289406,
639,5119,,,-0.0460658073425293,,0.0460658073425293,
640,5127,,,-0.04607266187667847,,0.04607266187667847,
641,5135,,,-0.04607534408569336,,0.04607534408569336,
642,5143,,,-0.04607444629073143,,0.04607444629073143,
643,5149,,,,-0.04230165481567383,,0.04230165481567383
643,5151,,,-0.04607611894607544,,0.04607611894607544,
644,5159,,,-0.046066224575042725,,0.046066224575042725,
645,5167,,,-0.04607051610946655,,0.04607051610946655,
646,5175,,,-0.04607588052749634,,0.04607588052749634,
647,5183,,,-0.046077847480773926,,0.046077847480773926,
648,5191,,,-0.04606473818421364,,0.04606473818421364,
649,5199,,,,-0.04123878479003906,,0.04123878479003906
649,5199,,,-0.04605334997177124,,0.04605334997177124,
650,5207,,,-0.04607391729950905,,0.04607391729950905,
651,5215,,,-0.04604369029402733,,0.04604369029402733,
652,5223,,,-0.04609847068786621,,0.04609847068786621,
653,5231,,,-0.04605036601424217,,0.04605036601424217,
654,5239,,,-0.04608279466629028,,0.04608279466629028,
655,5247,,,-0.046074867248535156,,0.046074867248535156,
656,5249,,,,-0.04892778396606445,,0.04892778396606445
656,5255,,,-0.04608261212706566,,0.04608261212706566,
657,5263,,,-0.046061333268880844,,0.046061333268880844,
658,5271,,,-0.04603523015975952,,0.04603523015975952,
659,5279,,,-0.04607969522476196,,0.04607969522476196,
660,5287,,,-0.04605758190155029,,0.04605758190155029,
661,5295,,,-0.046067237854003906,,0.046067237854003906,
662,5299,,,,-0.04239606857299805,,0.04239606857299805
662,5303,,,-0.04606961831450462,,0.04606961831450462,
663,5311,,,-0.046093348413705826,,0.046093348413705826,
664,5319,,,-0.04607182741165161,,0.04607182741165161,
665,5327,,,-0.04606765881180763,,0.04606765881180763,
666,5335,,,-0.046073853969573975,,0.046073853969573975,
667,5343,,,-0.04605144262313843,,0.04605144262313843,
668,5349,,,,-0.04946470260620117,,0.04946470260620117
668,5351,,,-0.04606187343597412,,0.04606187343597412,
669,5359,,,-0.0460810624063015,,0.0460810624063015,
670,5367,,,-0.04607897996902466,,0.04607897996902466,
671,5375,,,-0.04606563225388527,,0.04606563225388527,
672,5383,,,-0.04605680704116821,,0.04605680704116821,
673,5391,,,-0.04607677459716797,,0.04607677459716797,
674,5399,,,,-0.04416084289550781,,0.04416084289550781
674,5399,,,-0.04607677459716797,,0.04607677459716797,
675,5407,,,-0.04607498273253441,,0.04607498273253441,
676,5415,,,-0.04605531692504883,,0.04605531692504883,
677,5423,,,-0.046031296253204346,,0.046031296253204346,
678,5431,,,-0.04608809947967529,,0.04608809947967529,
679,5439,,,-0.04607659578323364,,0.04607659578323364,
680,5447,,,-0.04608803987503052,,0.04608803987503052,
681,5449,,,,-0.0492711067199707,,0.0492711067199707
681,5455,,,-0.04606181010603905,,0.04606181010603905,
682,5463,,,-0.046055253595113754,,0.046055253595113754,
683,5471,,,-0.04608637094497681,,0.04608637094497681,
684,5479,,,-0.04607391729950905,,0.04607391729950905,
685,5487,,,-0.04603618383407593,,0.04603618383407593,
686,5495,,,-0.04604899510741234,,0.04604899510741234,
687,5499,,,,-0.054001808166503906,,0.054001808166503906
687,5503,,,-0.04609071835875511,,0.04609071835875511,
688,5511,,,-0.046079397201538086,,0.046079397201538086,
689,5519,,,-0.046075403690338135,,0.046075403690338135,
690,5527,,,-0.046038273721933365,,0.046038273721933365,
691,5535,,,-0.04603046178817749,,0.04603046178817749,
692,5543,,,-0.04606431722640991,,0.04606431722640991,
693,5549,,,,-0.048325538635253906,,0.048325538635253906
693,5551,,,-0.04608142748475075,,0.04608142748475075,
694,5559,,,-0.04607003927230835,,0.04607003927230835,
695,5567,,,-0.046090900897979736,,0.046090900897979736,
696,5575,,,-0.046093519777059555,,0.046093519777059555,
697,5583,,,-0.04608112573623657,,0.04608112573623657,
698,5591,,,-0.04609113931655884,,0.04609113931655884,
699,5599,,,,-0.055394649505615234,,0.055394649505615234
699,5599,,,-0.04603016749024391,,0.04603016749024391,
700,5607,,,-0.0460362434387207,,0.0460362434387207,
701,5615,,,-0.04607439041137695,,0.04607439041137695,
702,5623,,,-0.04607385769486427,,0.04607385769486427,
703,5631,,,-0.046077728271484375,,0.046077728271484375,
704,5639,,,-0.046072181314229965,,0.046072181314229965,
705,5647,,,-0.04607176408171654,,0.04607176408171654,
706,5649,,,,-0.048546791076660156,,0.048546791076660156
706,5655,,,-0.04607319459319115,,0.04607319459319115,
707,5663,,,-0.046090126037597656,,0.046090126037597656,
708,5671,,,-0.0460742712020874,,0.0460742712020874,
709,5679,,,-0.04607545956969261,,0.04607545956969261,
710,5687,,,-0.046072784811258316,,0.046072784811258316,
711,5695,,,-0.046092744916677475,,0.046092744916677475,
712,5699,,,,-0.03567695617675781,,0.03567695617675781
712,5703,,,-0.046063005924224854,,0.046063005924224854,
713,5711,,,-0.04607689380645752,,0.04607689380645752,
714,5719,,,-0.046062882989645004,,0.046062882989645004,
715,5727,,,-0.0460665225982666,,0.0460665225982666,
716,5735,,,-0.04607313871383667,,0.04607313871383667,
717,5743,,,-0.046068254858255386,,0.046068254858255386,
718,5749,,,,-0.04169654846191406,,0.04169654846191406
718,5751,,,-0.04606902599334717,,0.04606902599334717,
719,5759,,,-0.046071648597717285,,0.046071648597717285,
720,5767,,,-0.04608714580535889,,0.04608714580535889,
721,5775,,,-0.046081721782684326,,0.046081721782684326,
722,5783,,,-0.04606574773788452,,0.04606574773788452,
723,5791,,,-0.046056028455495834,,0.046056028455495834,
724,5799,,,,-0.04203033447265625,,0.04203033447265625
724,5799,,,-0.046088580042123795,,0.046088580042123795,
725,5807,,,-0.04604977369308472,,0.04604977369308472,
726,5815,,,-0.046086665242910385,,0.046086665242910385,
727,5823,,,-0.046062830835580826,,0.046062830835580826,
728,5831,,,-0.04608231782913208,,0.04608231782913208,
729,5839,,,-0.04606872797012329,,0.04606872797012329,
730,5847,,,-0.04606873169541359,,0.04606873169541359,
731,5849,,,,-0.042362213134765625,,0.042362213134765625
731,5855,,,-0.0460742712020874,,0.0460742712020874,
732,5863,,,-0.04607290029525757,,0.04607290029525757,
733,5871,,,-0.04606807231903076,,0.04606807231903076,
734,5879,,,-0.04611098766326904,,0.04611098766326904,
735,5887,,,-0.04607570171356201,,0.04607570171356201,
736,5895,,,-0.04608738422393799,,0.04608738422393799,
737,5899,,,,-0.052288055419921875,,0.052288055419921875
737,5903,,,-0.046085234731435776,,0.046085234731435776,
738,5911,,,-0.046107470989227295,,0.046107470989227295,
739,5919,,,-0.046023543924093246,,0.046023543924093246,
740,5927,,,-0.04607188701629639,,0.04607188701629639,
741,5935,,,-0.04606175050139427,,0.04606175050139427,
742,5943,,,-0.0460779070854187,,0.0460779070854187,
743,5949,,,,-0.04362773895263672,,0.04362773895263672
743,5951,,,-0.04604780673980713,,0.04604780673980713,
744,5959,,,-0.04606449604034424,,0.04606449604034424,
745,5967,,,-0.04605668783187866,,0.04605668783187866,
746,5975,,,-0.04607468843460083,,0.04607468843460083,
747,5983,,,-0.046055734157562256,,0.046055734157562256,
748,5991,,,-0.04608321562409401,,0.04608321562409401,
749,5999,,,,-0.041202545166015625,,0.041202545166015625
749,5999,,,-0.046071648597717285,,0.046071648597717285,
750,6007,,,-0.04606735706329346,,0.04606735706329346,
751,6015,,,-0.04609018564224243,,0.04609018564224243,
752,6023,,,-0.04603761434555054,,0.04603761434555054,
753,6031,,,-0.04607689380645752,,0.04607689380645752,
754,6039,,,-0.04607159271836281,,0.04607159271836281,
755,6047,,,-0.04606539011001587,,0.04606539011001587,
756,6049,,,,-0.04534626007080078,,0.04534626007080078
756,6055,,,-0.046073198318481445,,0.046073198318481445,
757,6063,,,-0.0460781455039978,,0.0460781455039978,
758,6071,,,-0.04609572887420654,,0.04609572887420654,
759,6079,,,-0.046068668365478516,,0.046068668365478516,
760,6087,,,-0.046082790940999985,,0.046082790940999985,
761,6095,,,-0.04607522115111351,,0.04607522115111351,
762,6099,,,,-0.04401111602783203,,0.04401111602783203
762,6103,,,-0.04606682062149048,,0.04606682062149048,
763,6111,,,-0.04606837034225464,,0.04606837034225464,
764,6119,,,-0.04603565111756325,,0.04603565111756325,
765,6127,,,-0.046092092990875244,,0.046092092990875244,
766,6135,,,-0.04608607292175293,,0.04608607292175293,
767,6143,,,-0.046062830835580826,,0.046062830835580826,
768,6149,,,,-0.044156551361083984,,0.044156551361083984
768,6151,,,-0.04607343301177025,,0.04607343301177025,
769,6159,,,-0.04608285427093506,,0.04608285427093506,
770,6167,,,-0.046085357666015625,,0.046085357666015625,
771,6175,,,-0.04605633020401001,,0.04605633020401001,
772,6183,,,-0.04603082314133644,,0.04603082314133644,
773,6191,,,-0.046025216579437256,,0.046025216579437256,
774,6199,,,,-0.04929971694946289,,0.04929971694946289
774,6199,,,-0.046070635318756104,,0.046070635318756104,
775,6207,,,-0.04608321189880371,,0.04608321189880371,
776,6215,,,-0.04607576131820679,,0.04607576131820679,
777,6223,,,-0.04608964920043945,,0.04608964920043945,
778,6231,,,-0.04604583606123924,,0.04604583606123924,
779,6239,,,-0.046090662479400635,,0.046090662479400635,
780,6247,,,-0.046071287244558334,,0.046071287244558334,
781,6249,,,,-0.04919910430908203,,0.04919910430908203
781,6255,,,-0.04608243331313133,,0.04608243331313133,
782,6263,,,-0.04609155282378197,,0.04609155282378197,
783,6271,,,-0.04608339071273804,,0.04608339071273804,
784,6279,,,-0.04608559608459473,,0.04608559608459473,
785,6287,,,-0.046067945659160614,,0.046067945659160614,
786,6295,,,-0.04607248306274414,,0.04607248306274414,
787,6299,,,,-0.04121255874633789,,0.04121255874633789
787,6303,,,-0.04608732461929321,,0.04608732461929321,
788,6311,,,-0.04607147350907326,,0.04607147350907326,
789,6319,,,-0.046063777059316635,,0.046063777059316635,
790,6327,,,-0.046069443225860596,,0.046069443225860596,
791,6335,,,-0.04607367515563965,,0.04607367515563965,
792,6343,,,-0.04608464241027832,,0.04608464241027832,
793,6349,,,,-0.04269981384277344,,0.04269981384277344
793,6351,,,-0.04608350992202759,,0.04608350992202759,
794,6359,,,-0.046092212200164795,,0.046092212200164795,
795,6367,,,-0.046096622943878174,,0.046096622943878174,
796,6375,,,-0.04607558250427246,,0.04607558250427246,
797,6383,,,-0.04607546702027321,,0.04607546702027321,
798,6391,,,-0.04608714580535889,,0.04608714580535889,
799,6399,,,,-0.04451465606689453,,0.04451465606689453
799,6399,,,-0.046095188707113266,,0.046095188707113266,
800,6407,,,-0.04608452320098877,,0.04608452320098877,
801,6415,,,-0.04609579220414162,,0.04609579220414162,
802,6423,,,-0.046063367277383804,,0.046063367277383804,
803,6431,,,-0.04608047008514404,,0.04608047008514404,
804,6439,,,-0.04608332738280296,,0.04608332738280296,
805,6447,,,-0.04607987403869629,,0.04607987403869629,
806,6449,,,,-0.036348819732666016,,0.036348819732666016
806,6455,,,-0.04608946666121483,,0.04608946666121483,
807,6463,,,-0.04608524218201637,,0.04608524218201637,
808,6471,,,-0.04610354080796242,,0.04610354080796242,
809,6479,,,-0.046098291873931885,,0.046098291873931885,
810,6487,,,-0.04608029127120972,,0.04608029127120972,
811,6495,,,-0.04608118161559105,,0.04608118161559105,
812,6499,,,,-0.04812192916870117,,0.04812192916870117
812,6503,,,-0.046075403690338135,,0.046075403690338135,
813,6511,,,-0.04607808589935303,,0.04607808589935303,
814,6519,,,-0.046069204807281494,,0.046069204807281494,
815,6527,,,-0.04608386382460594,,0.04608386382460594,
816,6535,,,-0.04608697071671486,,0.04608697071671486,
817,6543,,,-0.0461045503616333,,0.0461045503616333,
818,6549,,,,-0.06192207336425781,,0.06192207336425781
818,6551,,,-0.04608291760087013,,0.04608291760087013,
819,6559,,,-0.04607975482940674,,0.04607975482940674,
820,6567,,,-0.046087801456451416,,0.046087801456451416,
821,6575,,,-0.04606526717543602,,0.04606526717543602,
822,6583,,,-0.046080052852630615,,0.046080052852630615,
823,6591,,,-0.046056266874074936,,0.046056266874074936,
824,6599,,,,-0.04954051971435547,,0.04954051971435547
824,6599,,,-0.04607003927230835,,0.04607003927230835,
825,6607,,,-0.046054184436798096,,0.046054184436798096,
826,6615,,,-0.04609227180480957,,0.04609227180480957,
827,6623,,,-0.04609042406082153,,0.04609042406082153,
828,6631,,,-0.04609400033950806,,0.04609400033950806,
829,6639,,,-0.04608559608459473,,0.04608559608459473,
830,6647,,,-0.04607808589935303,,0.04607808589935303,
831,6649,,,,-0.04586219787597656,,0.04586219787597656
831,6655,,,-0.04606086388230324,,0.04606086388230324,
832,6663,,,-0.04602724313735962,,0.04602724313735962,
833,6671,,,-0.04599737748503685,,0.04599737748503685,
834,6679,,,-0.04604148864746094,,0.04604148864746094,
835,6687,,,-0.04604184627532959,,0.04604184627532959,
836,6695,,,-0.04608547315001488,,0.04608547315001488,
837,6699,,,,-0.050065040588378906,,0.050065040588378906
837,6703,,,-0.046059489250183105,,0.046059489250183105,
838,6711,,,-0.046061575412750244,,0.046061575412750244,
839,6719,,,-0.046082913875579834,,0.046082913875579834,
840,6727,,,-0.04606819152832031,,0.04606819152832031,
841,6735,,,-0.046053946018218994,,0.046053946018218994,
842,6743,,,-0.04611504077911377,,0.04611504077911377,
843,6749,,,,-0.04156017303466797,,0.04156017303466797
843,6751,,,-0.04608827829360962,,0.04608827829360962,
844,6759,,,-0.04606425762176514,,0.04606425762176514,
845,6767,,,-0.046088337898254395,,0.046088337898254395,
846,6775,,,-0.046088337898254395,,0.046088337898254395,
847,6783,,,-0.04609280824661255,,0.04609280824661255,
848,6791,,,-0.04608917608857155,,0.04608917608857155,
849,6799,,,,-0.042652130126953125,,0.042652130126953125
849,6799,,,-0.046096321195364,,0.046096321195364,
850,6807,,,-0.04608381167054176,,0.04608381167054176,
851,6815,,,-0.046100739389657974,,0.046100739389657974,
852,6823,,,-0.04609137773513794,,0.04609137773513794,
853,6831,,,-0.046076953411102295,,0.046076953411102295,
854,6839,,,-0.046094655990600586,,0.046094655990600586,
855,6847,,,-0.0460963249206543,,0.0460963249206543,
856,6849,,,,-0.03934669494628906,,0.03934669494628906
856,6855,,,-0.04607468098402023,,0.04607468098402023,
857,6863,,,-0.04609226807951927,,0.04609226807951927,
858,6871,,,-0.04608571529388428,,0.04608571529388428,
859,6879,,,-0.04610246419906616,,0.04610246419906616,
860,6887,,,-0.046091437339782715,,0.046091437339782715,
861,6895,,,-0.046088576316833496,,0.046088576316833496,
862,6899,,,,-0.04877281188964844,,0.04877281188964844
862,6903,,,-0.04608452320098877,,0.04608452320098877,
863,6911,,,-0.04606848582625389,,0.04606848582625389,
864,6919,,,-0.04607391729950905,,0.04607391729950905,
865,6927,,,-0.046078383922576904,,0.046078383922576904,
866,6935,,,-0.04609644412994385,,0.04609644412994385,
867,6943,,,-0.04607367143034935,,0.04607367143034935,
868,6949,,,,-0.04238605499267578,,0.04238605499267578
868,6951,,,-0.046092450618743896,,0.046092450618743896,
869,6959,,,-0.04607933759689331,,0.04607933759689331,
870,6967,,,-0.04608166590332985,,0.04608166590332985,
871,6975,,,-0.04608714580535889,,0.04608714580535889,
872,6983,,,-0.046091675758361816,,0.046091675758361816,
873,6991,,,-0.046101510524749756,,0.046101510524749756,
874,6999,,,,-0.060513973236083984,,0.060513973236083984
874,6999,,,-0.04608165845274925,,0.04608165845274925,
875,7007,,,-0.04608702287077904,,0.04608702287077904,
876,7015,,,-0.04609614983201027,,0.04609614983201027,
877,7023,,,-0.04606897011399269,,0.04606897011399269,
878,7031,,,-0.04605597257614136,,0.04605597257614136,
879,7039,,,-0.04608392342925072,,0.04608392342925072,
880,7047,,,-0.046040717512369156,,0.046040717512369156,
881,7049,,,,-0.046518802642822266,,0.046518802642822266
881,7055,,,-0.04607313871383667,,0.04607313871383667,
882,7063,,,-0.04607832431793213,,0.04607832431793213,
883,7071,,,-0.04609400033950806,,0.04609400033950806,
884,7079,,,-0.04608696699142456,,0.04608696699142456,
885,7087,,,-0.04607939347624779,,0.04607939347624779,
886,7095,,,-0.0460851788520813,,0.0460851788520813,
887,7099,,,,-0.04621744155883789,,0.04621744155883789
887,7103,,,-0.04609113931655884,,0.04609113931655884,
888,7111,,,-0.046084459871053696,,0.046084459871053696,
889,7119,,,-0.04609560966491699,,0.04609560966491699,
890,7127,,,-0.046074628829956055,,0.046074628829956055,
891,7135,,,-0.04607808217406273,,0.04607808217406273,
892,7143,,,-0.04608815908432007,,0.04608815908432007,
893,7149,,,,-0.05298757553100586,,0.05298757553100586
893,7151,,,-0.04607474431395531,,0.04607474431395531,
894,7159,,,-0.046082139015197754,,0.046082139015197754,
895,7167,,,-0.04609185457229614,,0.04609185457229614,
896,7175,,,-0.046075817197561264,,0.046075817197561264,
897,7183,,,-0.046073734760284424,,0.046073734760284424,
898,7191,,,-0.04610419273376465,,0.04610419273376465,
899,7199,,,,-0.04263734817504883,,0.04263734817504883
899,7199,,,-0.04609835147857666,,0.04609835147857666,
900,7207,,,-0.046074628829956055,,0.046074628829956055,
901,7215,,,-0.046074334532022476,,0.046074334532022476,
902,7223,,,-0.04606151208281517,,0.04606151208281517,
903,7231,,,-0.046094175428152084,,0.046094175428152084,
904,7239,,,-0.046108245849609375,,0.046108245849609375,
905,7247,,,-0.04602765664458275,,0.04602765664458275,
906,7249,,,,-0.045583248138427734,,0.045583248138427734
906,7255,,,-0.04609936103224754,,0.04609936103224754,
907,7263,,,-0.046069856733083725,,0.046069856733083725,
908,7271,,,-0.04610753059387207,,0.04610753059387207,
909,7279,,,-0.046096980571746826,,0.046096980571746826,
910,7287,,,-0.04606938362121582,,0.04606938362121582,
911,7295,,,-0.046096321195364,,0.046096321195364,
912,7299,,,,-0.04305267333984375,,0.04305267333984375
912,7303,,,-0.04608255624771118,,0.04608255624771118,
913,7311,,,-0.04609459266066551,,0.04609459266066551,
914,7319,,,-0.04608958587050438,,0.04608958587050438,
915,7327,,,-0.046097397804260254,,0.046097397804260254,
916,7335,,,-0.046061575412750244,,0.046061575412750244,
917,7343,,,-0.04606807231903076,,0.04606807231903076,
918,7349,,,,-0.0467076301574707,,0.0467076301574707
918,7351,,,-0.04609119892120361,,0.04609119892120361,
919,7359,,,-0.04610675200819969,,0.04610675200819969,
920,7367,,,-0.046129465103149414,,0.046129465103149414,
921,7375,,,-0.046104371547698975,,0.046104371547698975,
922,7383,,,-0.046074748039245605,,0.046074748039245605,
923,7391,,,-0.046078864485025406,,0.046078864485025406,
924,7399,,,,-0.04492330551147461,,0.04492330551147461
924,7399,,,-0.046077191829681396,,0.046077191829681396,
925,7407,,,-0.046100083738565445,,0.046100083738565445,
926,7415,,,-0.04609375819563866,,0.04609375819563866,
927,7423,,,-0.046097755432128906,,0.046097755432128906,
928,7431,,,-0.046104252338409424,,0.046104252338409424,
929,7439,,,-0.046095192432403564,,0.046095192432403564,
930,7447,,,-0.046106044203042984,,0.046106044203042984,
931,7449,,,,-0.04520130157470703,,0.04520130157470703
931,7455,,,-0.04608827084302902,,0.04608827084302902,
932,7463,,,-0.04609185829758644,,0.04609185829758644,
933,7471,,,-0.046083688735961914,,0.046083688735961914,
934,7479,,,-0.046084705740213394,,0.046084705740213394,
935,7487,,,-0.04608911648392677,,0.04608911648392677,
936,7495,,,-0.04610401764512062,,0.04610401764512062,
937,7499,,,,-0.03967618942260742,,0.03967618942260742
937,7503,,,-0.04607081413269043,,0.04607081413269043,
938,7511,,,-0.04609626531600952,,0.04609626531600952,
939,7519,,,-0.046083685010671616,,0.046083685010671616,
940,7527,,,-0.04608869180083275,,0.04608869180083275,
941,7535,,,-0.04607946053147316,,0.04607946053147316,
942,7543,,,-0.04607313871383667,,0.04607313871383667,
943,7549,,,,-0.04665231704711914,,0.04665231704711914
943,7551,,,-0.04610031843185425,,0.04610031843185425,
944,7559,,,-0.04605501890182495,,0.04605501890182495,
945,7567,,,-0.04609781503677368,,0.04609781503677368,
946,7575,,,-0.04609102010726929,,0.04609102010726929,
947,7583,,,-0.04609400033950806,,0.04609400033950806,
948,7591,,,-0.04609638825058937,,0.04609638825058937,
949,7599,,,,-0.051137447357177734,,0.051137447357177734
949,7599,,,-0.04611421003937721,,0.04611421003937721,
950,7607,,,-0.046086013317108154,,0.046086013317108154,
951,7615,,,-0.046096742153167725,,0.046096742153167725,
952,7623,,,-0.04608464241027832,,0.04608464241027832,
953,7631,,,-0.04611104726791382,,0.04611104726791382,
954,7639,,,-0.04608887434005737,,0.04608887434005737,
955,7647,,,-0.04610550403594971,,0.04610550403594971,
956,7649,,,,-0.04104137420654297,,0.04104137420654297
956,7655,,,-0.046093523502349854,,0.046093523502349854,
957,7663,,,-0.04610258340835571,,0.04610258340835571,
958,7671,,,-0.04604780673980713,,0.04604780673980713,
959,7679,,,-0.04608219489455223,,0.04608219489455223,
960,7687,,,-0.04609507694840431,,0.04609507694840431,
961,7695,,,-0.04607748985290527,,0.04607748985290527,
962,7699,,,,-0.03587627410888672,,0.03587627410888672
962,7703,,,-0.046078380197286606,,0.046078380197286606,
963,7711,,,-0.04607171192765236,,0.04607171192765236,
964,7719,,,-0.04608863964676857,,0.04608863964676857,
965,7727,,,-0.046093765646219254,,0.046093765646219254,
966,7735,,,-0.0460820198059082,,0.0460820198059082,
967,7743,,,-0.04609436169266701,,0.04609436169266701,
968,7749,,,,-0.04315519332885742,,0.04315519332885742
968,7751,,,-0.04602784290909767,,0.04602784290909767,
969,7759,,,-0.04607820510864258,,0.04607820510864258,
970,7767,,,-0.046098414808511734,,0.046098414808511734,
971,7775,,,-0.04608827829360962,,0.04608827829360962,
972,7783,,,-0.04607856273651123,,0.04607856273651123,
973,7791,,,-0.04610508680343628,,0.04610508680343628,
974,7799,,,,-0.051621437072753906,,0.051621437072753906
974,7799,,,-0.04611104726791382,,0.04611104726791382,
975,7807,,,-0.04606765881180763,,0.04606765881180763,
976,7815,,,-0.04610001668334007,,0.04610001668334007,
977,7823,,,-0.046096086502075195,,0.046096086502075195,
978,7831,,,-0.0460626482963562,,0.0460626482963562,
979,7839,,,-0.0461001992225647,,0.0461001992225647,
980,7847,,,-0.0460856556892395,,0.0460856556892395,
981,7849,,,,-0.04687929153442383,,0.04687929153442383
981,7855,,,-0.046100616455078125,,0.046100616455078125,
982,7863,,,-0.04609447717666626,,0.04609447717666626,
983,7871,,,-0.046109914779663086,,0.046109914779663086,
984,7879,,,-0.04609382152557373,,0.04609382152557373,
985,7887,,,-0.0460934080183506,,0.0460934080183506,
986,7895,,,-0.04608350992202759,,0.04608350992202759,
987,7899,,,,-0.043790340423583984,,0.043790340423583984
987,7903,,,-0.046117186546325684,,0.046117186546325684,
988,7911,,,-0.0461043082177639,,0.0461043082177639,
989,7919,,,-0.04610085487365723,,0.04610085487365723,
990,7927,,,-0.046087443828582764,,0.046087443828582764,
991,7935,,,-0.04608309268951416,,0.04608309268951416,
992,7943,,,-0.046102944761514664,,0.046102944761514664,
993,7949,,,,-0.04888010025024414,,0.04888010025024414
993,7951,,,-0.04610199108719826,,0.04610199108719826,
994,7959,,,-0.04608166590332985,,0.04608166590332985,
995,7967,,,-0.04608089104294777,,0.04608089104294777,
996,7975,,,-0.04607820510864258,,0.04607820510864258,
997,7983,,,-0.04606974124908447,,0.04606974124908447,
998,7991,,,-0.04610252380371094,,0.04610252380371094,
999,7999,,,,-0.05545806884765625,,0.05545806884765625
999,7999,,,-0.04609805345535278,,0.04609805345535278,
1000,8007,,,-0.04607987403869629,,0.04607987403869629,
1001,8015,,,-0.04606717824935913,,0.04606717824935913,
1002,8023,,,-0.04608809947967529,,0.04608809947967529,
1003,8031,,,-0.04609149694442749,,0.04609149694442749,
1004,8039,,,-0.046114739030599594,,0.046114739030599594,
1005,8047,,,-0.04609071835875511,,0.04609071835875511,
1006,8049,,,,-0.04681730270385742,,0.04681730270385742
1006,8055,,,-0.046087443828582764,,0.046087443828582764,
1007,8063,,,-0.04609197750687599,,0.04609197750687599,
1008,8071,,,-0.04609638452529907,,0.04609638452529907,
1009,8079,,,-0.04609888792037964,,0.04609888792037964,
1010,8087,,,-0.046083807945251465,,0.046083807945251465,
1011,8095,,,-0.04608940705657005,,0.04608940705657005,
1012,8099,,,,-0.04511880874633789,,0.04511880874633789
1012,8103,,,-0.04609447345137596,,0.04609447345137596,
1013,8111,,,-0.04607689380645752,,0.04607689380645752,
1014,8119,,,-0.04610168933868408,,0.04610168933868408,
1015,8127,,,-0.04608619213104248,,0.04608619213104248,
1016,8135,,,-0.04608917236328125,,0.04608917236328125,
1017,8143,,,-0.04609149694442749,,0.04609149694442749,
1018,8149,,,,-0.0486297607421875,,0.0486297607421875
1018,8151,,,-0.04609852656722069,,0.04609852656722069,
1019,8159,,,-0.046099480241537094,,0.046099480241537094,
1020,8167,,,-0.046090781688690186,,0.046090781688690186,
1021,8175,,,-0.04609870910644531,,0.04609870910644531,
1022,8183,,,-0.0461038313806057,,0.0461038313806057,
1023,8191,,,-0.046068549156188965,,0.046068549156188965,
1024,8199,,,,-0.04294729232788086,,0.04294729232788086
1024,8199,,,-0.04611283168196678,,0.04611283168196678,
1025,8207,,,-0.04611426219344139,,0.04611426219344139,
1026,8215,,,-0.046096980571746826,,0.046096980571746826,
1027,8223,,,-0.04611396789550781,,0.04611396789550781,
1028,8231,,,-0.04609083756804466,,0.04609083756804466,
1029,8239,,,-0.0461006760597229,,0.0461006760597229,
1030,8247,,,-0.04606771469116211,,0.04606771469116211,
1031,8249,,,,-0.049533843994140625,,0.049533843994140625
1031,8255,,,-0.04607117176055908,,0.04607117176055908,
1032,8263,,,-0.046092212200164795,,0.046092212200164795,
1033,8271,,,-0.0461190901696682,,0.0461190901696682,
1034,8279,,,-0.046050310134887695,,0.046050310134887695,
1035,8287,,,-0.046089887619018555,,0.046089887619018555,
1036,8295,,,-0.046108897775411606,,0.046108897775411606,
1037,8299,,,,-0.046750545501708984,,0.046750545501708984
1037,8303,,,-0.046096980571746826,,0.046096980571746826,
1038,8311,,,-0.04609436169266701,,0.04609436169266701,
1039,8319,,,-0.04610472545027733,,0.04610472545027733,
1040,8327,,,-0.046101752668619156,,0.046101752668619156,
1041,8335,,,-0.04611009359359741,,0.04611009359359741,
1042,8343,,,-0.04610395431518555,,0.04610395431518555,
1043,8349,,,,-0.054241180419921875,,0.054241180419921875
1043,8351,,,-0.04613727331161499,,0.04613727331161499,
1044,8359,,,-0.04612606763839722,,0.04612606763839722,
1045,8367,,,-0.04609561339020729,,0.04609561339020729,
1046,8375,,,-0.04610317572951317,,0.04610317572951317,
1047,8383,,,-0.04609227553009987,,0.04609227553009987,
1048,8391,,,-0.0461045503616333,,0.0461045503616333,
1049,8399,,,,-0.040401458740234375,,0.040401458740234375
1049,8399,,,-0.046099185943603516,,0.046099185943603516,
1050,8407,,,-0.04608475789427757,,0.04608475789427757,
1051,8415,,,-0.04610472545027733,,0.04610472545027733,
1052,8423,,,-0.04609054699540138,,0.04609054699540138,
1053,8431,,,-0.046112895011901855,,0.046112895011901855,
1054,8439,,,-0.04609549418091774,,0.04609549418091774,
1055,8447,,,-0.046143174171447754,,0.046143174171447754,
1056,8449,,,,-0.04806804656982422,,0.04806804656982422
1056,8455,,,-0.04607206583023071,,0.04607206583023071,
1057,8463,,,-0.046076953411102295,,0.046076953411102295,
1058,8471,,,-0.0461006760597229,,0.0461006760597229,
1059,8479,,,-0.04609018936753273,,0.04609018936753273,
1060,8487,,,-0.046071525663137436,,0.046071525663137436,
1061,8495,,,-0.04610258340835571,,0.04610258340835571,
1062,8499,,,,-0.034601688385009766,,0.034601688385009766
1062,8503,,,-0.0460892952978611,,0.0460892952978611,
1063,8511,,,-0.04609846696257591,,0.04609846696257591,
1064,8519,,,-0.04609900712966919,,0.04609900712966919,
1065,8527,,,-0.046099428087472916,,0.046099428087472916,
1066,8535,,,-0.04608410596847534,,0.04608410596847534,
1067,8543,,,-0.046107709407806396,,0.046107709407806396,
1068,8549,,,,-0.04970598220825195,,0.04970598220825195
1068,8551,,,-0.04610002413392067,,0.04610002413392067,
1069,8559,,,-0.046083688735961914,,0.046083688735961914,
1070,8567,,,-0.046106934547424316,,0.046106934547424316,
1071,8575,,,-0.046105027198791504,,0.046105027198791504,
1072,8583,,,-0.04609691724181175,,0.04609691724181175,
1073,8591,,,-0.04611331224441528,,0.04611331224441528,
1074,8599,,,,-0.05693626403808594,,0.05693626403808594
1074,8599,,,-0.046078089624643326,,0.046078089624643326,
1075,8607,,,-0.04609477519989014,,0.04609477519989014,
1076,8615,,,-0.046106044203042984,,0.046106044203042984,
1077,8623,,,-0.04609304666519165,,0.04609304666519165,
1078,8631,,,-0.04611474275588989,,0.04611474275588989,
1079,8639,,,-0.046106815338134766,,0.046106815338134766,
1080,8647,,,-0.04609209671616554,,0.04609209671616554,
1081,8649,,,,-0.039429664611816406,,0.039429664611816406
1081,8655,,,-0.04610609635710716,,0.04610609635710716,
1082,8663,,,-0.0461047887802124,,0.0461047887802124,
1083,8671,,,-0.04608297720551491,,0.04608297720551491,
1084,8679,,,-0.04610401764512062,,0.04610401764512062,
1085,8687,,,-0.046088337898254395,,0.046088337898254395,
1086,8695,,,-0.04611515998840332,,0.04611515998840332,
1087,8699,,,,-0.04899263381958008,,0.04899263381958008
1087,8703,,,-0.04609960317611694,,0.04609960317611694,
1088,8711,,,-0.046094413846731186,,0.046094413846731186,
1089,8719,,,-0.0461115799844265,,0.0461115799844265,
1090,8727,,,-0.04609191417694092,,0.04609191417694092,
1091,8735,,,-0.04609888792037964,,0.04609888792037964,
1092,8743,,,-0.046104609966278076,,0.046104609966278076,
1093,8749,,,,-0.04872751235961914,,0.04872751235961914
1093,8751,,,-0.046105917543172836,,0.046105917543172836,
1094,8759,,,-0.04609119892120361,,0.04609119892120361,
1095,8767,,,-0.04608840122818947,,0.04608840122818947,
1096,8775,,,-0.04609883204102516,,0.04609883204102516,
1097,8783,,,-0.04609477519989014,,0.04609477519989014,
1098,8791,,,-0.04609840735793114,,0.04609840735793114,
1099,8799,,,,-0.042878150939941406,,0.042878150939941406
1099,8799,,,-0.04611331224441528,,0.04611331224441528,
1100,8807,,,-0.04610240459442139,,0.04610240459442139,
1101,8815,,,-0.04609823226928711,,0.04609823226928711,
1102,8823,,,-0.0460515059530735,,0.0460515059530735,
1103,8831,,,-0.046115752309560776,,0.046115752309560776,
1104,8839,,,-0.046103715896606445,,0.046103715896606445,
1105,8847,,,-0.04609358310699463,,0.04609358310699463,
1106,8849,,,,-0.05099058151245117,,0.05099058151245117
1106,8855,,,-0.046096622943878174,,0.046096622943878174,
1107,8863,,,-0.046096622943878174,,0.046096622943878174,
1108,8871,,,-0.046096980571746826,,0.046096980571746826,
1109,8879,,,-0.046107348054647446,,0.046107348054647446,
1110,8887,,,-0.04609603062272072,,0.04609603062272072,
1111,8895,,,-0.046028971672058105,,0.046028971672058105,
1112,8899,,,,-0.04851579666137695,,0.04851579666137695
1112,8903,,,-0.046118561178445816,,0.046118561178445816,
1113,8911,,,-0.04610472545027733,,0.04610472545027733,
1114,8919,,,-0.04613036289811134,,0.04613036289811134,
1115,8927,,,-0.046096742153167725,,0.046096742153167725,
1116,8935,,,-0.04610133543610573,,0.04610133543610573,
1117,8943,,,-0.04611736536026001,,0.04611736536026001,
1118,8949,,,,-0.05481719970703125,,0.05481719970703125
1118,8951,,,-0.04609745368361473,,0.04609745368361473,
1119,8959,,,-0.046099305152893066,,0.046099305152893066,
1120,8967,,,-0.04606640711426735,,0.04606640711426735,
1121,8975,,,-0.04609405994415283,,0.04609405994415283,
1122,8983,,,-0.04609430208802223,,0.04609430208802223,
1123,8991,,,-0.046086907386779785,,0.046086907386779785,
1124,8999,,,,-0.041115760803222656,,0.041115760803222656
1124,8999,,,-0.04609667882323265,,0.04609667882323265,
1125,9007,,,-0.04610961675643921,,0.04610961675643921,
1126,9015,,,-0.04610133543610573,,0.04610133543610573,
1127,9023,,,-0.046094294637441635,,0.046094294637441635,
1128,9031,,,-0.04608452320098877,,0.04608452320098877,
1129,9039,,,-0.04611682891845703,,0.04611682891845703,
1130,9047,,,-0.04611104726791382,,0.04611104726791382,
1131,9049,,,,-0.04431724548339844,,0.04431724548339844
1131,9055,,,-0.04610490798950195,,0.04610490798950195,
1132,9063,,,-0.04608398675918579,,0.04608398675918579,
1133,9071,,,-0.04610365629196167,,0.04610365629196167,
1134,9079,,,-0.04610168933868408,,0.04610168933868408,
1135,9087,,,-0.04607463255524635,,0.04607463255524635,
1136,9095,,,-0.046100910753011703,,0.046100910753011703,
1137,9099,,,,-0.032965660095214844,,0.032965660095214844
1137,9103,,,-0.04609668627381325,,0.04609668627381325,
1138,9111,,,-0.046118322759866714,,0.046118322759866714,
1139,9119,,,-0.0461089052259922,,0.0461089052259922,
1140,9127,,,-0.046070221811532974,,0.046070221811532974,
1141,9135,,,-0.04612398147583008,,0.04612398147583008,
1142,9143,,,-0.04612136259675026,,0.04612136259675026,
1143,9149,,,,-0.05562448501586914,,0.05562448501586914
1143,9151,,,-0.04611450806260109,,0.04611450806260109,
1144,9159,,,-0.046100080013275146,,0.046100080013275146,
1145,9167,,,-0.04608714580535889,,0.04608714580535889,
1146,9175,,,-0.04609495401382446,,0.04609495401382446,
1147,9183,,,-0.046140313148498535,,0.046140313148498535,
1148,9191,,,-0.04608815908432007,,0.04608815908432007,
1149,9199,,,,-0.0479278564453125,,0.0479278564453125
1149,9199,,,-0.04611080512404442,,0.04611080512404442,
1150,9207,,,-0.046119574457407,,0.046119574457407,
1151,9215,,,-0.04610609635710716,,0.04610609635710716,
1152,9223,,,-0.04610854387283325,,0.04610854387283325,
1153,9231,,,-0.0460929274559021,,0.0460929274559021,
1154,9239,,,-0.04611051082611084,,0.04611051082611084,
1155,9247,,,-0.046097636222839355,,0.046097636222839355,
1156,9249,,,,-0.0471043586730957,,0.0471043586730957
1156,9255,,,-0.046073734760284424,,0.046073734760284424,
1157,9263,,,-0.04609501361846924,,0.04609501361846924,
1158,9271,,,-0.04609036073088646,,0.04609036073088646,
1159,9279,,,-0.046092450618743896,,0.046092450618743896,
1160,9287,,,-0.04611397162079811,,0.04611397162079811,
1161,9295,,,-0.04610156640410423,,0.04610156640410423,
1162,9299,,,,-0.04677724838256836,,0.04677724838256836
1162,9303,,,-0.04609882831573486,,0.04609882831573486,
1163,9311,,,-0.046100858598947525,,0.046100858598947525,
1164,9319,,,-0.04606837034225464,,0.04606837034225464,
1165,9327,,,-0.04608637094497681,,0.04608637094497681,
1166,9335,,,-0.046099960803985596,,0.046099960803985596,
1167,9343,,,-0.04608994722366333,,0.04608994722366333,
1168,9349,,,,-0.06107330322265625,,0.06107330322265625
1168,9351,,,-0.046094413846731186,,0.046094413846731186,
1169,9359,,,-0.04610323905944824,,0.04610323905944824,
1170,9367,,,-0.04607724770903587,,0.04607724770903587,
1171,9375,,,-0.04610639810562134,,0.04610639810562134,
1172,9383,,,-0.04609924182295799,,0.04609924182295799,
1173,9391,,,-0.04608893394470215,,0.04608893394470215,
1174,9399,,,,-0.036730289459228516,,0.036730289459228516
1174,9399,,,-0.046112239360809326,,0.046112239360809326,
1175,9407,,,-0.04606848955154419,,0.04606848955154419,
1176,9415,,,-0.046095073223114014,,0.046095073223114014,
1177,9423,,,-0.046114202588796616,,0.046114202588796616,
1178,9431,,,-0.04607701301574707,,0.04607701301574707,
1179,9439,,,-0.04610014334321022,,0.04610014334321022,
1180,9447,,,-0.04611117020249367,,0.04611117020249367,
1181,9449,,,,-0.051522254943847656,,0.051522254943847656
1181,9455,,,-0.04611152410507202,,0.04611152410507202,
1182,9463,,,-0.04612249135971069,,0.04612249135971069,
1183,9471,,,-0.04610365629196167,,0.04610365629196167,
1184,9479,,,-0.04609030485153198,,0.04609030485153198,
1185,9487,,,-0.04608875885605812,,0.04608875885605812,
1186,9495,,,-0.04610699042677879,,0.04610699042677879,
1187,9499,,,,-0.055877685546875,,0.055877685546875
1187,9503,,,-0.046083930879831314,,0.046083930879831314,
1188,9511,,,-0.04610275849699974,,0.04610275849699974,
1189,9519,,,-0.046080175787210464,,0.046080175787210464,
1190,9527,,,-0.046122193336486816,,0.046122193336486816,
1191,9535,,,-0.04610389843583107,,0.04610389843583107,
1192,9543,,,-0.04613518714904785,,0.04613518714904785,
1193,9549,,,,-0.046387672424316406,,0.046387672424316406
1193,9551,,,-0.04611563682556152,,0.04611563682556152,
1194,9559,,,-0.046121299266815186,,0.046121299266815186,
1195,9567,,,-0.046098530292510986,,0.046098530292510986,
1196,9575,,,-0.046078264713287354,,0.046078264713287354,
1197,9583,,,-0.04611414670944214,,0.04611414670944214,
1198,9591,,,-0.04608422890305519,,0.04608422890305519,
1199,9599,,,,-0.04577493667602539,,0.04577493667602539
1199,9599,,,-0.046096861362457275,,0.046096861362457275,
1200,9607,,,-0.046111881732940674,,0.046111881732940674,
1201,9615,,,-0.046116650104522705,,0.046116650104522705,
1202,9623,,,-0.04609709978103638,,0.04609709978103638,
1203,9631,,,-0.04608452320098877,,0.04608452320098877,
1204,9639,,,-0.04611837863922119,,0.04611837863922119,
1205,9647,,,-0.04609513282775879,,0.04609513282775879,
1206,9649,,,,-0.048844337463378906,,0.048844337463378906
1206,9655,,,-0.04610830545425415,,0.04610830545425415,
1207,9663,,,-0.04613405466079712,,0.04613405466079712,
1208,9671,,,-0.04605036973953247,,0.04605036973953247,
1209,9679,,,-0.04611527547240257,,0.04611527547240257,
1210,9687,,,-0.04611194133758545,,0.04611194133758545,
1211,9695,,,-0.04611015319824219,,0.04611015319824219,
1212,9699,,,,-0.037694454193115234,,0.037694454193115234
1212,9703,,,-0.046103477478027344,,0.046103477478027344,
1213,9711,,,-0.04611087217926979,,0.04611087217926979,
1214,9719,,,-0.04611241817474365,,0.04611241817474365,
1215,9727,,,-0.04609626531600952,,0.04609626531600952,
1216,9735,,,-0.04612106457352638,,0.04612106457352638,
1217,9743,,,-0.04610366001725197,,0.04610366001725197,
1218,9749,,,,-0.0461421012878418,,0.0461421012878418
1218,9751,,,-0.04609060287475586,,0.04609060287475586,
1219,9759,,,-0.04611402750015259,,0.04611402750015259,
1220,9767,,,-0.046096742153167725,,0.046096742153167725,
1221,9775,,,-0.046096321195364,,0.046096321195364,
1222,9783,,,-0.04610973596572876,,0.04610973596572876,
1223,9791,,,-0.04610293731093407,,0.04610293731093407,
1224,9799,,,,-0.05219125747680664,,0.05219125747680664
1224,9799,,,-0.04610687494277954,,0.04610687494277954,
1225,9807,,,-0.04609572887420654,,0.04609572887420654,
1226,9815,,,-0.0461001992225647,,0.0461001992225647,
1227,9823,,,-0.04610860347747803,,0.04610860347747803,
1228,9831,,,-0.04612952098250389,,0.04612952098250389,
1229,9839,,,-0.0461040697991848,,0.0461040697991848,
1230,9847,,,-0.04611146077513695,,0.04611146077513695,
1231,9849,,,,-0.04609489440917969,,0.04609489440917969
1231,9855,,,-0.04609280824661255,,0.04609280824661255,
1232,9863,,,-0.04614907503128052,,0.04614907503128052,
1233,9871,,,-0.04611390829086304,,0.04611390829086304,
1234,9879,,,-0.0461115837097168,,0.0461115837097168,
1235,9887,,,-0.04611837863922119,,0.04611837863922119,
1236,9895,,,-0.04612528905272484,,0.04612528905272484,
1237,9899,,,,-0.041510581970214844,,0.041510581970214844
1237,9903,,,-0.04611765965819359,,0.04611765965819359,
1238,9911,,,-0.04607498645782471,,0.04607498645782471,
1239,9919,,,-0.04610162973403931,,0.04610162973403931,
1240,9927,,,-0.04610162973403931,,0.04610162973403931,
1241,9935,,,-0.046100322157144547,,0.046100322157144547,
1242,9943,,,-0.04611486196517944,,0.04611486196517944,
1243,9949,,,,-0.0507817268371582,,0.0507817268371582
1243,9951,,,-0.0461198091506958,,0.0461198091506958,
1244,9959,,,-0.04611116275191307,,0.04611116275191307,
1245,9967,,,-0.046119868755340576,,0.046119868755340576,
1246,9975,,,-0.046091798692941666,,0.046091798692941666,
1247,9983,,,-0.04611563682556152,,0.04611563682556152,
1248,9991,,,-0.04611348733305931,,0.04611348733305931,
1249,9999,,,,-0.04861021041870117,,0.04861021041870117
1249,9999,,,-0.0461159348487854,,0.0461159348487854,
1250,10007,,,-0.04610335826873779,,0.04610335826873779,
1251,10015,,,-0.04609251022338867,,0.04609251022338867,
1252,10023,,,-0.04611039161682129,,0.04611039161682129,
1253,10031,,,-0.04609817638993263,,0.04609817638993263,
1254,10039,,,-0.046097930520772934,,0.046097930520772934,
1255,10047,,,-0.046097517013549805,,0.046097517013549805,
1256,10049,,,,-0.053656578063964844,,0.053656578063964844
1256,10055,,,-0.046114686876535416,,0.046114686876535416,
1257,10063,,,-0.04608619213104248,,0.04608619213104248,
1258,10071,,,-0.04612070322036743,,0.04612070322036743,
1259,10079,,,-0.046115100383758545,,0.046115100383758545,
1260,10087,,,-0.046116411685943604,,0.046116411685943604,
1261,10095,,,-0.04612225294113159,,0.04612225294113159,
1262,10099,,,,-0.04897451400756836,,0.04897451400756836
1262,10103,,,-0.04610288143157959,,0.04610288143157959,
1263,10111,,,-0.04611694812774658,,0.04611694812774658,
1264,10119,,,-0.046109795570373535,,0.046109795570373535,
1265,10127,,,-0.046120524406433105,,0.046120524406433105,
1266,10135,,,-0.04610109329223633,,0.04610109329223633,
1267,10143,,,-0.04610443487763405,,0.04610443487763405,
1268,10149,,,,-0.046257972717285156,,0.046257972717285156
1268,10151,,,-0.04611760377883911,,0.04611760377883911,
1269,10159,,,-0.04611539840698242,,0.04611539840698242,
1270,10167,,,-0.046093638986349106,,0.046093638986349106,
1271,10175,,,-0.04613262414932251,,0.04613262414932251,
1272,10183,,,-0.04610711708664894,,0.04610711708664894,
1273,10191,,,-0.0461115799844265,,0.0461115799844265,
1274,10199,,,,-0.04245424270629883,,0.04245424270629883
1274,10199,,,-0.04610389843583107,,0.04610389843583107,
1275,10207,,,-0.04610550403594971,,0.04610550403594971,
1276,10215,,,-0.046111226081848145,,0.046111226081848145,
1277,10223,,,-0.046107593923807144,,0.046107593923807144,
1278,10231,,,-0.04608989134430885,,0.04608989134430885,
1279,10239,,,-0.04610747471451759,,0.04610747471451759,
1280,10247,,,-0.04611468315124512,,0.04611468315124512,
1281,10249,,,,-0.053272247314453125,,0.053272247314453125
1281,10255,,,-0.04610276594758034,,0.04610276594758034,
1282,10263,,,-0.04610180854797363,,0.04610180854797363,
1283,10271,,,-0.046109139919281006,,0.046109139919281006,
1284,10279,,,-0.04612916707992554,,0.04612916707992554,
1285,10287,,,-0.04609614610671997,,0.04609614610671997,
1286,10295,,,-0.04610365629196167,,0.04610365629196167,
1287,10299,,,,-0.04007148742675781,,0.04007148742675781
1287,10303,,,-0.046099185943603516,,0.046099185943603516,
1288,10311,,,-0.0461161732673645,,0.0461161732673645,
1289,10319,,,-0.04609745368361473,,0.04609745368361473,
1290,10327,,,-0.04610717296600342,,0.04610717296600342,
1291,10335,,,-0.046096622943878174,,0.046096622943878174,
1292,10343,,,-0.046121954917907715,,0.046121954917907715,
1293,10349,,,,-0.046980857849121094,,0.046980857849121094
1293,10351,,,-0.04610973596572876,,0.04610973596572876,
1294,10359,,,-0.046138226985931396,,0.046138226985931396,
1295,10367,,,-0.04611331596970558,,0.04611331596970558,
1296,10375,,,-0.04611438512802124,,0.04611438512802124,
1297,10383,,,-0.04610157012939453,,0.04610157012939453,
1298,10391,,,-0.04610419273376465,,0.04610419273376465,
1299,10399,,,,-0.04361724853515625,,0.04361724853515625
1299,10399,,,-0.04611635208129883,,0.04611635208129883,
1300,10407,,,-0.046102702617645264,,0.046102702617645264,
1301,10415,,,-0.046082016080617905,,0.046082016080617905,
1302,10423,,,-0.04609787464141846,,0.04609787464141846,
1303,10431,,,-0.046120285987854004,,0.046120285987854004,
1304,10439,,,-0.04612195864319801,,0.04612195864319801,
1305,10447,,,-0.04606587067246437,,0.04606587067246437,
1306,10449,,,,-0.049402713775634766,,0.049402713775634766
1306,10455,,,-0.04613238200545311,,0.04613238200545311,
1307,10463,,,-0.046120285987854004,,0.046120285987854004,
1308,10471,,,-0.046108897775411606,,0.046108897775411606,
1309,10479,,,-0.04611670970916748,,0.04611670970916748,
1310,10487,,,-0.046106576919555664,,0.046106576919555664,
1311,10495,,,-0.04612487927079201,,0.04612487927079201,
1312,10499,,,,-0.04603385925292969,,0.04603385925292969
1312,10503,,,-0.04613226652145386,,0.04613226652145386,
1313,10511,,,-0.046106819063425064,,0.046106819063425064,
1314,10519,,,-0.04612177610397339,,0.04612177610397339,
1315,10527,,,-0.04609888792037964,,0.04609888792037964,
1316,10535,,,-0.04610317572951317,,0.04610317572951317,
1317,10543,,,-0.04611587896943092,,0.04611587896943092,
1318,10549,,,,-0.0521235466003418,,0.0521235466003418
1318,10551,,,-0.04610973969101906,,0.04610973969101906,
1319,10559,,,-0.04612290859222412,,0.04612290859222412,
1320,10567,,,-0.046119868755340576,,0.046119868755340576,
1321,10575,,,-0.046128030866384506,,0.046128030866384506,
1322,10583,,,-0.04611390829086304,,0.04611390829086304,
1323,10591,,,-0.04608631134033203,,0.04608631134033203,
1324,10599,,,,-0.045639991760253906,,0.045639991760253906
1324,10599,,,-0.04611038789153099,,0.04611038789153099,
1325,10607,,,-0.04611688852310181,,0.04611688852310181,
1326,10615,,,-0.046109139919281006,,0.046109139919281006,
1327,10623,,,-0.04610293731093407,,0.04610293731093407,
1328,10631,,,-0.046115994453430176,,0.046115994453430176,
1329,10639,,,-0.04609948396682739,,0.04609948396682739,
1330,10647,,,-0.046106819063425064,,0.046106819063425064,
1331,10649,,,,-0.033036231994628906,,0.033036231994628906
1331,10655,,,-0.04610729217529297,,0.04610729217529297,
1332,10663,,,-0.04612791910767555,,0.04612791910767555,
1333,10671,,,-0.046109676361083984,,0.046109676361083984,
1334,10679,,,-0.04611474275588989,,0.04611474275588989,
1335,10687,,,-0.04610765352845192,,0.04610765352845192,
1336,10695,,,-0.04610556736588478,,0.04610556736588478,
1337,10699,,,,-0.03379535675048828,,0.03379535675048828
1337,10703,,,-0.04612094163894653,,0.04612094163894653,
1338,10711,,,-0.046139299869537354,,0.046139299869537354,
1339,10719,,,-0.04611217975616455,,0.04611217975616455,
1340,10727,,,-0.046101149171590805,,0.046101149171590805,
1341,10735,,,-0.04612111672759056,,0.04612111672759056,
1342,10743,,,-0.04613000154495239,,0.04613000154495239,
1343,10749,,,,-0.04240274429321289,,0.04240274429321289
1343,10751,,,-0.046099837869405746,,0.046099837869405746,
1344,10759,,,-0.04611146077513695,,0.04611146077513695,
1345,10767,,,-0.04605240002274513,,0.04605240002274513,
1346,10775,,,-0.04609603062272072,,0.04609603062272072,
1347,10783,,,-0.046083930879831314,,0.046083930879831314,
1348,10791,,,-0.04613882303237915,,0.04613882303237915,
1349,10799,,,,-0.04253864288330078,,0.04253864288330078
1349,10799,,,-0.04614055156707764,,0.04614055156707764,
1350,10807,,,-0.046109676361083984,,0.046109676361083984,
1351,10815,,,-0.04611414670944214,,0.04611414670944214,
1352,10823,,,-0.0461198091506958,,0.0461198091506958,
1353,10831,,,-0.04610884189605713,,0.04610884189605713,
1354,10839,,,-0.046123918145895004,,0.046123918145895004,
1355,10847,,,-0.04608631506562233,,0.04608631506562233,
1356,10849,,,,-0.04962301254272461,,0.04962301254272461
1356,10855,,,-0.046119749546051025,,0.046119749546051025,
1357,10863,,,-0.04612869396805763,,0.04612869396805763,
1358,10871,,,-0.04610585793852806,,0.04610585793852806,
1359,10879,,,-0.04606485366821289,,0.04606485366821289,
1360,10887,,,-0.04610526189208031,,0.04610526189208031,
1361,10895,,,-0.04613751173019409,,0.04613751173019409,
1362,10899,,,,-0.03824138641357422,,0.03824138641357422
1362,10903,,,-0.046117961406707764,,0.046117961406707764,
1363,10911,,,-0.046105921268463135,,0.046105921268463135,
1364,10919,,,-0.04613769054412842,,0.04613769054412842,
1365,10927,,,-0.04611259326338768,,0.04611259326338768,
1366,10935,,,-0.04612123966217041,,0.04612123966217041,
1367,10943,,,-0.046124037355184555,,0.046124037355184555,
1368,10949,,,,-0.036057472229003906,,0.036057472229003906
1368,10951,,,-0.04610145092010498,,0.04610145092010498,
1369,10959,,,-0.04613000527024269,,0.04613000527024269,
1370,10967,,,-0.04610085487365723,,0.04610085487365723,
1371,10975,,,-0.04609495401382446,,0.04609495401382446,
1372,10983,,,-0.04610687121748924,,0.04610687121748924,
1373,10991,,,-0.04613161459565163,,0.04613161459565163,
1374,10999,,,,-0.038039207458496094,,0.038039207458496094
1374,10999,,,-0.046130839735269547,,0.046130839735269547,
1375,11007,,,-0.04612857475876808,,0.04612857475876808,
1376,11015,,,-0.04611801728606224,,0.04611801728606224,
1377,11023,,,-0.046119630336761475,,0.046119630336761475,
1378,11031,,,-0.046111226081848145,,0.046111226081848145,
1379,11039,,,-0.04612487927079201,,0.04612487927079201,
1380,11047,,,-0.04612404480576515,,0.04612404480576515,
1381,11049,,,,-0.053534507751464844,,0.053534507751464844
1381,11055,,,-0.04611659049987793,,0.04611659049987793,
1382,11063,,,-0.046112000942230225,,0.046112000942230225,
1383,11071,,,-0.04608476161956787,,0.04608476161956787,
1384,11079,,,-0.04613947868347168,,0.04613947868347168,
1385,11087,,,-0.04611193761229515,,0.04611193761229515,
1386,11095,,,-0.04611772298812866,,0.04611772298812866,
1387,11099,,,,-0.043145179748535156,,0.043145179748535156
1387,11103,,,-0.04612958803772926,,0.04612958803772926,
1388,11111,,,-0.04610085487365723,,0.04610085487365723,
1389,11119,,,-0.04611397162079811,,0.04611397162079811,
1390,11127,,,-0.0461006760597229,,0.0461006760597229,
1391,11135,,,-0.04610311985015869,,0.04610311985015869,
1392,11143,,,-0.046137332916259766,,0.046137332916259766,
1393,11149,,,,-0.054604530334472656,,0.054604530334472656
1393,11151,,,-0.04611063003540039,,0.04611063003540039,
1394,11159,,,-0.04610634222626686,,0.04610634222626686,
1395,11167,,,-0.04612928256392479,,0.04612928256392479,
1396,11175,,,-0.04612654447555542,,0.04612654447555542,
1397,11183,,,-0.04611814022064209,,0.04611814022064209,
1398,11191,,,-0.046106159687042236,,0.046106159687042236,
1399,11199,,,,-0.03210735321044922,,0.03210735321044922
1399,11199,,,-0.046116411685943604,,0.046116411685943604,
1400,11207,,,-0.04607611522078514,,0.04607611522078514,
1401,11215,,,-0.046093642711639404,,0.046093642711639404,
1402,11223,,,-0.04611563682556152,,0.04611563682556152,
1403,11231,,,-0.04611843824386597,,0.04611843824386597,
1404,11239,,,-0.04611945152282715,,0.04611945152282715,
1405,11247,,,-0.046105384826660156,,0.046105384826660156,
1406,11249,,,,-0.03046703338623047,,0.03046703338623047
1406,11255,,,-0.04613876715302467,,0.04613876715302467,
1407,11263,,,-0.04612123966217041,,0.04612123966217041,
1408,11271,,,-0.04612386226654053,,0.04612386226654053,
1409,11279,,,-0.046116944402456284,,0.046116944402456284,
1410,11287,,,-0.04609614610671997,,0.04609614610671997,
1411,11295,,,-0.04610168933868408,,0.04610168933868408,
1412,11299,,,,-0.04239463806152344,,0.04239463806152344
1412,11303,,,-0.04611921310424805,,0.04611921310424805,
1413,11311,,,-0.04610031843185425,,0.04610031843185425,
1414,11319,,,-0.046112775802612305,,0.046112775802612305,
1415,11327,,,-0.04613697528839111,,0.04613697528839111,
1416,11335,,,-0.046122848987579346,,0.046122848987579346,
1417,11343,,,-0.04614407196640968,,0.04614407196640968,
1418,11349,,,,-0.03715085983276367,,0.03715085983276367
1418,11351,,,-0.046138107776641846,,0.046138107776641846,
1419,11359,,,-0.046125590801239014,,0.046125590801239014,
1420,11367,,,-0.046122606843709946,,0.046122606843709946,
1421,11375,,,-0.046139124780893326,,0.046139124780893326,
1422,11383,,,-0.046122316271066666,,0.046122316271066666,
1423,11391,,,-0.0461241640150547,,0.0461241640150547,
1424,11399,,,,-0.04856300354003906,,0.04856300354003906
1424,11399,,,-0.04611462354660034,,0.04611462354660034,
1425,11407,,,-0.04611492156982422,,0.04611492156982422,
1426,11415,,,-0.04611766338348389,,0.04611766338348389,
1427,11423,,,-0.04611402750015259,,0.04611402750015259,
1428,11431,,,-0.046088993549346924,,0.046088993549346924,
1429,11439,,,-0.04611682891845703,,0.04611682891845703,
1430,11447,,,-0.04612749442458153,,0.04612749442458153,
1431,11449,,,,-0.04337501525878906,,0.04337501525878906
1431,11455,,,-0.04612975940108299,,0.04612975940108299,
1432,11463,,,-0.04613363370299339,,0.04613363370299339,
1433,11471,,,-0.0461123026907444,,0.0461123026907444,
1434,11479,,,-0.04613310098648071,,0.04613310098648071,
1435,11487,,,-0.04613548144698143,,0.04613548144698143,
1436,11495,,,-0.046130482107400894,,0.046130482107400894,
1437,11499,,,,-0.03924226760864258,,0.03924226760864258
1437,11503,,,-0.046152111142873764,,0.046152111142873764,
1438,11511,,,-0.04612600430846214,,0.04612600430846214,
1439,11519,,,-0.04611712694168091,,0.04611712694168091,
1440,11527,,,-0.046111226081848145,,0.046111226081848145,
1441,11535,,,-0.04612606763839722,,0.04612606763839722,
1442,11543,,,-0.04612189531326294,,0.04612189531326294,
1443,11549,,,,-0.05114889144897461,,0.05114889144897461
1443,11551,,,-0.04611849784851074,,0.04611849784851074,
1444,11559,,,-0.04612046480178833,,0.04612046480178833,
1445,11567,,,-0.04611164703965187,,0.04611164703965187,
1446,11575,,,-0.04613214358687401,,0.04613214358687401,
1447,11583,,,-0.04610466584563255,,0.04610466584563255,
1448,11591,,,-0.046126965433359146,,0.046126965433359146,
1449,11599,,,,-0.04926443099975586,,0.04926443099975586
1449,11599,,,-0.04612940549850464,,0.04612940549850464,
1450,11607,,,-0.04611784592270851,,0.04611784592270851,
1451,11615,,,-0.04612457752227783,,0.04612457752227783,
1452,11623,,,-0.04611080512404442,,0.04611080512404442,
1453,11631,,,-0.04611706733703613,,0.04611706733703613,
1454,11639,,,-0.04611682891845703,,0.04611682891845703,
1455,11647,,,-0.04614454507827759,,0.04614454507827759,
1456,11649,,,,-0.04551982879638672,,0.04551982879638672
1456,11655,,,-0.04613018035888672,,0.04613018035888672,
1457,11663,,,-0.04613053798675537,,0.04613053798675537,
1458,11671,,,-0.04614955186843872,,0.04614955186843872,
1459,11679,,,-0.046130359172821045,,0.046130359172821045,
1460,11687,,,-0.04610675200819969,,0.04610675200819969,
1461,11695,,,-0.0461115837097168,,0.0461115837097168,
1462,11699,,,,-0.050837039947509766,,0.050837039947509766
1462,11703,,,-0.04612540826201439,,0.04612540826201439,
1463,11711,,,-0.04614609479904175,,0.04614609479904175,
1464,11719,,,-0.04610174521803856,,0.04610174521803856,
1465,11727,,,-0.046105027198791504,,0.046105027198791504,
1466,11735,,,-0.04611170291900635,,0.04611170291900635,
1467,11743,,,-0.04610186442732811,,0.04610186442732811,
1468,11749,,,,-0.04067039489746094,,0.04067039489746094
1468,11751,,,-0.046113550662994385,,0.046113550662994385,
1469,11759,,,-0.046128153800964355,,0.046128153800964355,
1470,11767,,,-0.04611384496092796,,0.04611384496092796,
1471,11775,,,-0.04609018564224243,,0.04609018564224243,
1472,11783,,,-0.04609966278076172,,0.04609966278076172,
1473,11791,,,-0.04613763093948364,,0.04613763093948364,
1474,11799,,,,-0.042426109313964844,,0.042426109313964844
1474,11799,,,-0.04611760377883911,,0.04611760377883911,
1475,11807,,,-0.04611421003937721,,0.04611421003937721,
1476,11815,,,-0.04610377550125122,,0.04610377550125122,
1477,11823,,,-0.046130839735269547,,0.046130839735269547,
1478,11831,,,-0.046132683753967285,,0.046132683753967285,
1479,11839,,,-0.0461086630821228,,0.0461086630821228,
1480,11847,,,-0.04610592499375343,,0.04610592499375343,
1481,11849,,,,-0.06382465362548828,,0.06382465362548828
1481,11855,,,-0.046117302030324936,,0.046117302030324936,
1482,11863,,,-0.0461156964302063,,0.0461156964302063,
1483,11871,,,-0.04611117020249367,,0.04611117020249367,
1484,11879,,,-0.04615366458892822,,0.04615366458892822,
1485,11887,,,-0.04612457752227783,,0.04612457752227783,
1486,11895,,,-0.0461159348487854,,0.0461159348487854,
1487,11899,,,,-0.050229549407958984,,0.050229549407958984
1487,11903,,,-0.046121418476104736,,0.046121418476104736,
1488,11911,,,-0.04613518714904785,,0.04613518714904785,
1489,11919,,,-0.04610806703567505,,0.04610806703567505,
1490,11927,,,-0.04608964920043945,,0.04608964920043945,
1491,11935,,,-0.046137988567352295,,0.046137988567352295,
1492,11943,,,-0.04614269733428955,,0.04614269733428955,
1493,11949,,,,-0.059504032135009766,,0.059504032135009766
1493,11951,,,-0.04611605405807495,,0.04611605405807495,
1494,11959,,,-0.046122968196868896,,0.046122968196868896,
1495,11967,,,-0.04611635580658913,,0.04611635580658913,
1496,11975,,,-0.04614228010177612,,0.04614228010177612,
1497,11983,,,-0.04610663652420044,,0.04610663652420044,
1498,11991,,,-0.04610497131943703,,0.04610497131943703,
1499,11999,,,,-0.04408121109008789,,0.04408121109008789
1499,11999,,,-0.04612398147583008,,0.04612398147583008,
1500,12007,,,-0.04612201824784279,,0.04612201824784279,
1501,12015,,,-0.04611819609999657,,0.04611819609999657,
1502,12023,,,-0.046127259731292725,,0.046127259731292725,
1503,12031,,,-0.04612910747528076,,0.04612910747528076,
1504,12039,,,-0.04612189903855324,,0.04612189903855324,
1505,12047,,,-0.0461389422416687,,0.0461389422416687,
1506,12049,,,,-0.05052375793457031,,0.05052375793457031
1506,12055,,,-0.04610711708664894,,0.04610711708664894,
1507,12063,,,-0.046097517013549805,,0.046097517013549805,
1508,12071,,,-0.04614925757050514,,0.04614925757050514,
1509,12079,,,-0.046124693006277084,,0.046124693006277084,
1510,12087,,,-0.04612869396805763,,0.04612869396805763,
1511,12095,,,-0.0461273193359375,,0.0461273193359375,
1512,12099,,,,-0.045662879943847656,,0.045662879943847656
1512,12103,,,-0.04614710807800293,,0.04614710807800293,
1513,12111,,,-0.046140074729919434,,0.046140074729919434,
1514,12119,,,-0.046136319637298584,,0.046136319637298584,
1515,12127,,,-0.04612475633621216,,0.04612475633621216,
1516,12135,,,-0.04612267017364502,,0.04612267017364502,
1517,12143,,,-0.046126838773489,,0.046126838773489,
1518,12149,,,,-0.048641204833984375,,0.048641204833984375
1518,12151,,,-0.04611706733703613,,0.04611706733703613,
1519,12159,,,-0.046117063611745834,,0.046117063611745834,
1520,12167,,,-0.04612773656845093,,0.04612773656845093,
1521,12175,,,-0.04613149166107178,,0.04613149166107178,
1522,12183,,,-0.04613983631134033,,0.04613983631134033,
1523,12191,,,-0.046140555292367935,,0.046140555292367935,
1524,12199,,,,-0.054961204528808594,,0.054961204528808594
1524,12199,,,-0.04613298177719116,,0.04613298177719116,
1525,12207,,,-0.04611867666244507,,0.04611867666244507,
1526,12215,,,-0.04612821340560913,,0.04612821340560913,
1527,12223,,,-0.04614388942718506,,0.04614388942718506,
1528,12231,,,-0.04612433910369873,,0.04612433910369873,
1529,12239,,,-0.04612898826599121,,0.04612898826599121,
1530,12247,,,-0.04613584652543068,,0.04613584652543068,
1531,12249,,,,-0.0413813591003418,,0.0413813591003418
1531,12255,,,-0.04612302780151367,,0.04612302780151367,
1532,12263,,,-0.04610508680343628,,0.04610508680343628,
1533,12271,,,-0.04613131284713745,,0.04613131284713745,
1534,12279,,,-0.04612487927079201,,0.04612487927079201,
1535,12287,,,-0.046127498149871826,,0.046127498149871826,
1536,12295,,,-0.04612589254975319,,0.04612589254975319,
1537,12299,,,,-0.05741310119628906,,0.05741310119628906
1537,12303,,,-0.0460975207388401,,0.0460975207388401,
1538,12311,,,-0.04613715037703514,,0.04613715037703514,
1539,12319,,,-0.04613161459565163,,0.04613161459565163,
1540,12327,,,-0.04612476006150246,,0.04612476006150246,
1541,12335,,,-0.046133220195770264,,0.046133220195770264,
1542,12343,,,-0.04611193761229515,,0.04611193761229515,
1543,12349,,,,-0.04642677307128906,,0.04642677307128906
1543,12351,,,-0.04613208770751953,,0.04613208770751953,
1544,12359,,,-0.046128153800964355,,0.046128153800964355,
1545,12367,,,-0.04611837863922119,,0.04611837863922119,
1546,12375,,,-0.04612046480178833,,0.04612046480178833,
1547,12383,,,-0.04613292217254639,,0.04613292217254639,
1548,12391,,,-0.04611402750015259,,0.04611402750015259,
1549,12399,,,,-0.03979301452636719,,0.03979301452636719
1549,12399,,,-0.04612862691283226,,0.04612862691283226,
1550,12407,,,-0.04615896940231323,,0.04615896940231323,
1551,12415,,,-0.04613316059112549,,0.04613316059112549,
1552,12423,,,-0.046117186546325684,,0.046117186546325684,
1553,12431,,,-0.046139005571603775,,0.046139005571603775,
1554,12439,,,-0.046118319034576416,,0.046118319034576416,
1555,12447,,,-0.04612255096435547,,0.04612255096435547,
1556,12449,,,,-0.03244352340698242,,0.03244352340698242
1556,12455,,,-0.04614526033401489,,0.04614526033401489,
1557,12463,,,-0.04615747556090355,,0.04615747556090355,
1558,12471,,,-0.04612988233566284,,0.04612988233566284,
1559,12479,,,-0.046138107776641846,,0.046138107776641846,
1560,12487,,,-0.046133335679769516,,0.046133335679769516,
1561,12495,,,-0.046139176934957504,,0.046139176934957504,
1562,12499,,,,-0.05103015899658203,,0.05103015899658203
1562,12503,,,-0.04612809047102928,,0.04612809047102928,
1563,12511,,,-0.04610562324523926,,0.04610562324523926,
1564,12519,,,-0.046130891889333725,,0.046130891889333725,
1565,12527,,,-0.046114444732666016,,0.046114444732666016,
1566,12535,,,-0.046147651970386505,,0.046147651970386505,
1567,12543,,,-0.0461466908454895,,0.0461466908454895,
1568,12549,,,,-0.05469703674316406,,0.05469703674316406
1568,12551,,,-0.04612821340560913,,0.04612821340560913,
1569,12559,,,-0.04611712694168091,,0.04611712694168091,
1570,12567,,,-0.046136919409036636,,0.046136919409036636,
1571,12575,,,-0.046097759157419205,,0.046097759157419205,
1572,12583,,,-0.0461086630821228,,0.0461086630821228,
1573,12591,,,-0.04612237587571144,,0.04612237587571144,
1574,12599,,,,-0.055516719818115234,,0.055516719818115234
1574,12599,,,-0.046124279499053955,,0.046124279499053955,
1575,12607,,,-0.04612886533141136,,0.04612886533141136,
1576,12615,,,-0.046142578125,,0.046142578125,
1577,12623,,,-0.046142399311065674,,0.046142399311065674,
1578,12631,,,-0.04608798027038574,,0.04608798027038574,
1579,12639,,,-0.0461539626121521,,0.0461539626121521,
1580,12647,,,-0.04609787464141846,,0.04609787464141846,
1581,12649,,,,-0.0411524772644043,,0.0411524772644043
1581,12655,,,-0.04612213373184204,,0.04612213373184204,
1582,12663,,,-0.04613340273499489,,0.04613340273499489,
1583,12671,,,-0.04612993821501732,,0.04612993821501732,
1584,12679,,,-0.04612523317337036,,0.04612523317337036,
1585,12687,,,-0.04614591225981712,,0.04614591225981712,
1586,12695,,,-0.046128932386636734,,0.046128932386636734,
1587,12699,,,,-0.04920339584350586,,0.04920339584350586
1587,12703,,,-0.04612857103347778,,0.04612857103347778,
1588,12711,,,-0.046124398708343506,,0.046124398708343506,
1589,12719,,,-0.04611748456954956,,0.04611748456954956,
1590,12727,,,-0.04612820968031883,,0.04612820968031883,
1591,12735,,,-0.04612678289413452,,0.04612678289413452,
1592,12743,,,-0.04614502191543579,,0.04614502191543579,
1593,12749,,,,-0.053061485290527344,,0.053061485290527344
1593,12751,,,-0.04613494873046875,,0.04613494873046875,
1594,12759,,,-0.046126484870910645,,0.046126484870910645,
1595,12767,,,-0.04613274708390236,,0.04613274708390236,
1596,12775,,,-0.04612010344862938,,0.04612010344862938,
1597,12783,,,-0.04614788666367531,,0.04614788666367531,
1598,12791,,,-0.04611492156982422,,0.04611492156982422,
1599,12799,,,,-0.043480873107910156,,0.043480873107910156
1599,12799,,,-0.04611974582076073,,0.04611974582076073,
1600,12807,,,-0.04610699042677879,,0.04610699042677879,
1601,12815,,,-0.046106453984975815,,0.046106453984975815,
1602,12823,,,-0.046118855476379395,,0.046118855476379395,
1603,12831,,,-0.046140432357788086,,0.046140432357788086,
1604,12839,,,-0.046131134033203125,,0.046131134033203125,
1605,12847,,,-0.04613637924194336,,0.04613637924194336,
1606,12849,,,,-0.03871870040893555,,0.03871870040893555
1606,12855,,,-0.04613840952515602,,0.04613840952515602,
1607,12863,,,-0.0461311936378479,,0.0461311936378479,
1608,12871,,,-0.046150147914886475,,0.046150147914886475,
1609,12879,,,-0.04612165689468384,,0.04612165689468384,
1610,12887,,,-0.046131785959005356,,0.046131785959005356,
1611,12895,,,-0.04614049196243286,,0.04614049196243286,
1612,12899,,,,-0.03685426712036133,,0.03685426712036133
1612,12903,,,-0.046140965074300766,,0.046140965074300766,
1613,12911,,,-0.046135663986206055,,0.046135663986206055,
1614,12919,,,-0.046145737171173096,,0.046145737171173096,
1615,12927,,,-0.04614013060927391,,0.04614013060927391,
1616,12935,,,-0.04614954814314842,,0.04614954814314842,
1617,12943,,,-0.04611819609999657,,0.04611819609999657,
1618,12949,,,,-0.04761695861816406,,0.04761695861816406
1618,12951,,,-0.04612863063812256,,0.04612863063812256,
1619,12959,,,-0.046136319637298584,,0.046136319637298584,
1620,12967,,,-0.04613828286528587,,0.04613828286528587,
1621,12975,,,-0.04613310098648071,,0.04613310098648071,
1622,12983,,,-0.04612189531326294,,0.04612189531326294,
1623,12991,,,-0.046102527529001236,,0.046102527529001236,
1624,12999,,,,-0.04247903823852539,,0.04247903823852539
1624,12999,,,-0.04614204168319702,,0.04614204168319702,
1625,13007,,,-0.04612385854125023,,0.04612385854125023,
1626,13015,,,-0.04613006114959717,,0.04613006114959717,
1627,13023,,,-0.04613220691680908,,0.04613220691680908,
1628,13031,,,-0.0461345873773098,,0.0461345873773098,
1629,13039,,,-0.046139005571603775,,0.046139005571603775,
1630,13047,,,-0.046160876750946045,,0.046160876750946045,
1631,13049,,,,-0.049750328063964844,,0.049750328063964844
1631,13055,,,-0.04611850157380104,,0.04611850157380104,
1632,13063,,,-0.04614746943116188,,0.04614746943116188,
1633,13071,,,-0.0461307168006897,,0.0461307168006897,
1634,13079,,,-0.046144843101501465,,0.046144843101501465,
1635,13087,,,-0.04613494873046875,,0.04613494873046875,
1636,13095,,,-0.046118199825286865,,0.046118199825286865,
1637,13099,,,,-0.05004692077636719,,0.05004692077636719
1637,13103,,,-0.04612153768539429,,0.04612153768539429,
1638,13111,,,-0.04611706733703613,,0.04611706733703613,
1639,13119,,,-0.04614311084151268,,0.04614311084151268,
1640,13127,,,-0.046116236597299576,,0.046116236597299576,
1641,13135,,,-0.046144306659698486,,0.046144306659698486,
1642,13143,,,-0.0461311936378479,,0.0461311936378479,
1643,13149,,,,-0.03955364227294922,,0.03955364227294922
1643,13151,,,-0.046102818101644516,,0.046102818101644516,
1644,13159,,,-0.04611867293715477,,0.04611867293715477,
1645,13167,,,-0.04613649845123291,,0.04613649845123291,
1646,13175,,,-0.046093881130218506,,0.046093881130218506,
1647,13183,,,-0.046112120151519775,,0.046112120151519775,
1648,13191,,,-0.04612136259675026,,0.04612136259675026,
1649,13199,,,,-0.05346822738647461,,0.05346822738647461
1649,13199,,,-0.04612815007567406,,0.04612815007567406,
1650,13207,,,-0.04611421003937721,,0.04611421003937721,
1651,13215,,,-0.046120405197143555,,0.046120405197143555,
1652,13223,,,-0.046155691146850586,,0.046155691146850586,
1653,13231,,,-0.046105384826660156,,0.046105384826660156,
1654,13239,,,-0.046144723892211914,,0.046144723892211914,
1655,13247,,,-0.046106692403554916,,0.046106692403554916,
1656,13249,,,,-0.043096065521240234,,0.043096065521240234
1656,13255,,,-0.0461270846426487,,0.0461270846426487,
1657,13263,,,-0.046132028102874756,,0.046132028102874756,
1658,13271,,,-0.04613065719604492,,0.04613065719604492,
1659,13279,,,-0.046119749546051025,,0.046119749546051025,
1660,13287,,,-0.04613936319947243,,0.04613936319947243,
1661,13295,,,-0.04611736536026001,,0.04611736536026001,
1662,13299,,,,-0.04542732238769531,,0.04542732238769531
1662,13303,,,-0.04614061117172241,,0.04614061117172241,
1663,13311,,,-0.046122971922159195,,0.046122971922159195,
1664,13319,,,-0.04615020751953125,,0.04615020751953125,
1665,13327,,,-0.046151161193847656,,0.046151161193847656,
1666,13335,,,-0.04612934589385986,,0.04612934589385986,
1667,13343,,,-0.04611283540725708,,0.04611283540725708,
1668,13349,,,,-0.04793357849121094,,0.04793357849121094
1668,13351,,,-0.04611825570464134,,0.04611825570464134,
1669,13359,,,-0.04613089933991432,,0.04613089933991432,
1670,13367,,,-0.04614150524139404,,0.04614150524139404,
1671,13375,,,-0.04612565413117409,,0.04612565413117409,
1672,13383,,,-0.04612928628921509,,0.04612928628921509,
1673,13391,,,-0.04612761363387108,,0.04612761363387108,
1674,13399,,,,-0.048390865325927734,,0.048390865325927734
1674,13399,,,-0.04614376649260521,,0.04614376649260521,
1675,13407,,,-0.04613548517227173,,0.04613548517227173,
1676,13415,,,-0.04614108428359032,,0.04614108428359032,
1677,13423,,,-0.0461309552192688,,0.0461309552192688,
1678,13431,,,-0.04614919424057007,,0.04614919424057007,
1679,13439,,,-0.0461122989654541,,0.0461122989654541,
1680,13447,,,-0.046114977449178696,,0.046114977449178696,
1681,13449,,,,-0.04775190353393555,,0.04775190353393555
1681,13455,,,-0.04613352194428444,,0.04613352194428444,
1682,13463,,,-0.04612094163894653,,0.04612094163894653,
1683,13471,,,-0.046119630336761475,,0.046119630336761475,
1684,13479,,,-0.04613137245178223,,0.04613137245178223,
1685,13487,,,-0.046125054359436035,,0.046125054359436035,
1686,13495,,,-0.04612487554550171,,0.04612487554550171,
1687,13499,,,,-0.03727531433105469,,0.03727531433105469
1687,13503,,,-0.0461420975625515,,0.0461420975625515,
1688,13511,,,-0.04617685079574585,,0.04617685079574585,
1689,13519,,,-0.04613959416747093,,0.04613959416747093,
1690,13527,,,-0.04610585793852806,,0.04610585793852806,
1691,13535,,,-0.04612385854125023,,0.04612385854125023,
1692,13543,,,-0.04614526033401489,,0.04614526033401489,
1693,13549,,,,-0.04372692108154297,,0.04372692108154297
1693,13551,,,-0.04614490270614624,,0.04614490270614624,
1694,13559,,,-0.04614520072937012,,0.04614520072937012,
1695,13567,,,-0.04614531993865967,,0.04614531993865967,
1696,13575,,,-0.046124693006277084,,0.046124693006277084,
1697,13583,,,-0.04614866152405739,,0.04614866152405739,
1698,13591,,,-0.04614400491118431,,0.04614400491118431,
1699,13599,,,,-0.056793212890625,,0.056793212890625
1699,13599,,,-0.04608958959579468,,0.04608958959579468,
1700,13607,,,-0.04614609479904175,,0.04614609479904175,
1701,13615,,,-0.046138469129800797,,0.046138469129800797,
1702,13623,,,-0.04613542929291725,,0.04613542929291725,
1703,13631,,,-0.04611760377883911,,0.04611760377883911,
1704,13639,,,-0.04613107815384865,,0.04613107815384865,
1705,13647,,,-0.046134889125823975,,0.046134889125823975,
1706,13649,,,,-0.04529380798339844,,0.04529380798339844
1706,13655,,,-0.046115100383758545,,0.046115100383758545,
1707,13663,,,-0.0461345873773098,,0.0461345873773098,
1708,13671,,,-0.04614246264100075,,0.04614246264100075,
1709,13679,,,-0.04613376036286354,,0.04613376036286354,
1710,13687,,,-0.04614800214767456,,0.04614800214767456,
1711,13695,,,-0.04614699259400368,,0.04614699259400368,
1712,13699,,,,-0.05304527282714844,,0.05304527282714844
1712,13703,,,-0.046135127544403076,,0.046135127544403076,
1713,13711,,,-0.04611056670546532,,0.04611056670546532,
1714,13719,,,-0.046142637729644775,,0.046142637729644775,
1715,13727,,,-0.04613012075424194,,0.04613012075424194,
1716,13735,,,-0.04610466957092285,,0.04610466957092285,
1717,13743,,,-0.04612153768539429,,0.04612153768539429,
1718,13749,,,,-0.046324729919433594,,0.046324729919433594
1718,13751,,,-0.046138226985931396,,0.046138226985931396,
1719,13759,,,-0.04613274708390236,,0.04613274708390236,
1720,13767,,,-0.046138402074575424,,0.046138402074575424,
1721,13775,,,-0.046140193939208984,,0.046140193939208984,
1722,13783,,,-0.04613596200942993,,0.04613596200942993,
1723,13791,,,-0.04613107442855835,,0.04613107442855835,
1724,13799,,,,-0.054923057556152344,,0.054923057556152344
1724,13799,,,-0.04613911733031273,,0.04613911733031273,
1725,13807,,,-0.046130359172821045,,0.046130359172821045,
1726,13815,,,-0.04612511396408081,,0.04612511396408081,
1727,13823,,,-0.04614943265914917,,0.04614943265914917,
1728,13831,,,-0.04613840579986572,,0.04613840579986572,
1729,13839,,,-0.04614824056625366,,0.04614824056625366,
1730,13847,,,-0.04612898826599121,,0.04612898826599121,
1731,13849,,,,-0.046947479248046875,,0.046947479248046875
1731,13855,,,-0.04612606391310692,,0.04612606391310692,
1732,13863,,,-0.046133995056152344,,0.046133995056152344,
1733,13871,,,-0.0461462140083313,,0.0461462140083313,
1734,13879,,,-0.046149611473083496,,0.046149611473083496,
1735,13887,,,-0.04611682891845703,,0.04611682891845703,
1736,13895,,,-0.04611766338348389,,0.04611766338348389,
1737,13899,,,,-0.04985523223876953,,0.04985523223876953
1737,13903,,,-0.046137988567352295,,0.046137988567352295,
1738,13911,,,-0.046110332012176514,,0.046110332012176514,
1739,13919,,,-0.046111103147268295,,0.046111103147268295,
1740,13927,,,-0.04613208770751953,,0.04613208770751953,
1741,13935,,,-0.04611164331436157,,0.04611164331436157,
1742,13943,,,-0.04613900184631348,,0.04613900184631348,
1743,13949,,,,-0.04154491424560547,,0.04154491424560547
1743,13951,,,-0.04613494873046875,,0.04613494873046875,
1744,13959,,,-0.046148836612701416,,0.046148836612701416,
1745,13967,,,-0.04610806703567505,,0.04610806703567505,
1746,13975,,,-0.04612356424331665,,0.04612356424331665,
1747,13983,,,-0.04614764451980591,,0.04614764451980591,
1748,13991,,,-0.04612916335463524,,0.04612916335463524,
1749,13999,,,,-0.051644325256347656,,0.051644325256347656
1749,13999,,,-0.04613131657242775,,0.04613131657242775,
1750,14007,,,-0.046132322400808334,,0.046132322400808334,
1751,14015,,,-0.046143293380737305,,0.046143293380737305,
1752,14023,,,-0.04613310098648071,,0.04613310098648071,
1753,14031,,,-0.046153903007507324,,0.046153903007507324,
1754,14039,,,-0.04613232612609863,,0.04613232612609863,
1755,14047,,,-0.046156883239746094,,0.046156883239746094,
1756,14049,,,,-0.051230430603027344,,0.051230430603027344
1756,14055,,,-0.04617273434996605,,0.04617273434996605,
1757,14063,,,-0.046114563941955566,,0.046114563941955566,
1758,14071,,,-0.04613769054412842,,0.04613769054412842,
1759,14079,,,-0.04610186442732811,,0.04610186442732811,
1760,14087,,,-0.04614967107772827,,0.04614967107772827,
1761,14095,,,-0.04613542929291725,,0.04613542929291725,
1762,14099,,,,-0.04647016525268555,,0.04647016525268555
1762,14103,,,-0.04610741138458252,,0.04610741138458252,
1763,14111,,,-0.04613041505217552,,0.04613041505217552,
1764,14119,,,-0.04613429680466652,,0.04613429680466652,
1765,14127,,,-0.04611843451857567,,0.04611843451857567,
1766,14135,,,-0.04612630605697632,,0.04612630605697632,
1767,14143,,,-0.046138882637023926,,0.046138882637023926,
1768,14149,,,,-0.049205780029296875,,0.049205780029296875
1768,14151,,,-0.04614448547363281,,0.04614448547363281,
1769,14159,,,-0.046138763427734375,,0.046138763427734375,
1770,14167,,,-0.04614776372909546,,0.04614776372909546,
1771,14175,,,-0.04616236686706543,,0.04616236686706543,
1772,14183,,,-0.04611789807677269,,0.04611789807677269,
1773,14191,,,-0.04613131284713745,,0.04613131284713745,
1774,14199,,,,-0.05188751220703125,,0.05188751220703125
1774,14199,,,-0.046128448098897934,,0.046128448098897934,
1775,14207,,,-0.046137452125549316,,0.046137452125549316,
1776,14215,,,-0.04613470286130905,,0.04613470286130905,
1777,14223,,,-0.04613882303237915,,0.04613882303237915,
1778,14231,,,-0.04613804444670677,,0.04613804444670677,
1779,14239,,,-0.04613519087433815,,0.04613519087433815,
1780,14247,,,-0.046149373054504395,,0.046149373054504395,
1781,14249,,,,-0.04941272735595703,,0.04941272735595703
1781,14255,,,-0.046131670475006104,,0.046131670475006104,
1782,14263,,,-0.0461425818502903,,0.0461425818502903,
1783,14271,,,-0.04614764451980591,,0.04614764451980591,
1784,14279,,,-0.04615134000778198,,0.04615134000778198,
1785,14287,,,-0.04615408182144165,,0.04615408182144165,
1786,14295,,,-0.0461428202688694,,0.0461428202688694,
1787,14299,,,,-0.0636448860168457,,0.0636448860168457
1787,14303,,,-0.046121060848236084,,0.046121060848236084,
1788,14311,,,-0.04614162817597389,,0.04614162817597389,
1789,14319,,,-0.04615342617034912,,0.04615342617034912,
1790,14327,,,-0.046135008335113525,,0.046135008335113525,
1791,14335,,,-0.0461575984954834,,0.0461575984954834,
1792,14343,,,-0.04613536596298218,,0.04613536596298218,
1793,14349,,,,-0.036408424377441406,,0.036408424377441406
1793,14351,,,-0.046124640852212906,,0.046124640852212906,
1794,14359,,,-0.046104371547698975,,0.046104371547698975,
1795,14367,,,-0.04614907503128052,,0.04614907503128052,
1796,14375,,,-0.0461651086807251,,0.0461651086807251,
1797,14383,,,-0.04613536223769188,,0.04613536223769188,
1798,14391,,,-0.0461421012878418,,0.0461421012878418,
1799,14399,,,,-0.04552650451660156,,0.04552650451660156
1799,14399,,,-0.04615539312362671,,0.04615539312362671,
1800,14407,,,-0.04613834619522095,,0.04613834619522095,
1801,14415,,,-0.04614782705903053,,0.04614782705903053,
1802,14423,,,-0.04614055156707764,,0.04614055156707764,
1803,14431,,,-0.046138763427734375,,0.046138763427734375,
1804,14439,,,-0.04615950584411621,,0.04615950584411621,
1805,14447,,,-0.04612386226654053,,0.04612386226654053,
1806,14449,,,,-0.051018714904785156,,0.051018714904785156
1806,14455,,,-0.046156346797943115,,0.046156346797943115,
1807,14463,,,-0.046138469129800797,,0.046138469129800797,
1808,14471,,,-0.04612671956419945,,0.04612671956419945,
1809,14479,,,-0.04614681378006935,,0.04614681378006935,
1810,14487,,,-0.04617607966065407,,0.04617607966065407,
1811,14495,,,-0.04616076126694679,,0.04616076126694679,
1812,14499,,,,-0.05199432373046875,,0.05199432373046875
1812,14503,,,-0.0461430549621582,,0.0461430549621582,
1813,14511,,,-0.046140074729919434,,0.046140074729919434,
1814,14519,,,-0.04613977670669556,,0.04613977670669556,
1815,14527,,,-0.04612457752227783,,0.04612457752227783,
1816,14535,,,-0.04614221677184105,,0.04614221677184105,
1817,14543,,,-0.04614127054810524,,0.04614127054810524,
1818,14549,,,,-0.03804302215576172,,0.03804302215576172
1818,14551,,,-0.04614108428359032,,0.04614108428359032,
1819,14559,,,-0.04613572359085083,,0.04613572359085083,
1820,14567,,,-0.0461304746568203,,0.0461304746568203,
1821,14575,,,-0.04611092433333397,,0.04611092433333397,
1822,14583,,,-0.046123385429382324,,0.046123385429382324,
1823,14591,,,-0.046147409826517105,,0.046147409826517105,
1824,14599,,,,-0.04409217834472656,,0.04409217834472656
1824,14599,,,-0.04614627733826637,,0.04614627733826637,
1825,14607,,,-0.04608827829360962,,0.04608827829360962,
1826,14615,,,-0.04610467329621315,,0.04610467329621315,
1827,14623,,,-0.046145737171173096,,0.046145737171173096,
1828,14631,,,-0.04614299535751343,,0.04614299535751343,
1829,14639,,,-0.04613620042800903,,0.04613620042800903,
1830,14647,,,-0.046135902404785156,,0.046135902404785156,
1831,14649,,,,-0.04526996612548828,,0.04526996612548828
1831,14655,,,-0.0461280383169651,,0.0461280383169651,
1832,14663,,,-0.04614996910095215,,0.04614996910095215,
1833,14671,,,-0.04613602161407471,,0.04613602161407471,
1834,14679,,,-0.04615098237991333,,0.04615098237991333,
1835,14687,,,-0.04613769054412842,,0.04613769054412842,
1836,14695,,,-0.04614919424057007,,0.04614919424057007,
1837,14699,,,,-0.052086830139160156,,0.052086830139160156
1837,14703,,,-0.046144068241119385,,0.046144068241119385,
1838,14711,,,-0.046105921268463135,,0.046105921268463135,
1839,14719,,,-0.04616361856460571,,0.04616361856460571,
1840,14727,,,-0.046140193939208984,,0.046140193939208984,
1841,14735,,,-0.0461123026907444,,0.0461123026907444,
1842,14743,,,-0.04615050554275513,,0.04615050554275513,
1843,14749,,,,-0.04761648178100586,,0.04761648178100586
1843,14751,,,-0.046123381704092026,,0.046123381704092026,
1844,14759,,,-0.04614860191941261,,0.04614860191941261,
1845,14767,,,-0.046140436083078384,,0.046140436083078384,
1846,14775,,,-0.0461459755897522,,0.0461459755897522,
1847,14783,,,-0.04613041505217552,,0.04613041505217552,
1848,14791,,,-0.04614538326859474,,0.04614538326859474,
1849,14799,,,,-0.04829072952270508,,0.04829072952270508
1849,14799,,,-0.046137452125549316,,0.046137452125549316,
1850,14807,,,-0.04616516828536987,,0.04616516828536987,
1851,14815,,,-0.046144191175699234,,0.046144191175699234,
1852,14823,,,-0.04614698886871338,,0.04614698886871338,
1853,14831,,,-0.046132683753967285,,0.046132683753967285,
1854,14839,,,-0.0461617112159729,,0.0461617112159729,
1855,14847,,,-0.046117011457681656,,0.046117011457681656,
1856,14849,,,,-0.0440220832824707,,0.0440220832824707
1856,14855,,,-0.046124041080474854,,0.046124041080474854,
1857,14863,,,-0.046150799840688705,,0.046150799840688705,
1858,14871,,,-0.04611939564347267,,0.04611939564347267,
1859,14879,,,-0.0461202897131443,,0.0461202897131443,
1860,14887,,,-0.046132151037454605,,0.046132151037454605,
1861,14895,,,-0.04613936319947243,,0.04613936319947243,
1862,14899,,,,-0.04506492614746094,,0.04506492614746094
1862,14903,,,-0.046155452728271484,,0.046155452728271484,
1863,14911,,,-0.046144966036081314,,0.046144966036081314,
1864,14919,,,-0.04614436626434326,,0.04614436626434326,
1865,14927,,,-0.046176496893167496,,0.046176496893167496,
1866,14935,,,-0.04614323750138283,,0.04614323750138283,
1867,14943,,,-0.046142756938934326,,0.046142756938934326,
1868,14949,,,,-0.04528236389160156,,0.04528236389160156
1868,14951,,,-0.04613572359085083,,0.04613572359085083,
1869,14959,,,-0.04612243175506592,,0.04612243175506592,
1870,14967,,,-0.04613089561462402,,0.04613089561462402,
1871,14975,,,-0.04613327980041504,,0.04613327980041504,
1872,14983,,,-0.04614746570587158,,0.04614746570587158,
1873,14991,,,-0.04613984003663063,,0.04613984003663063,
1874,14999,,,,-0.03984642028808594,,0.03984642028808594
1874,14999,,,-0.046165287494659424,,0.046165287494659424,
1875,15007,,,-0.04613936319947243,,0.04613936319947243,
1876,15015,,,-0.0461268424987793,,0.0461268424987793,
1877,15023,,,-0.04611766338348389,,0.04611766338348389,
1878,15031,,,-0.04612421616911888,,0.04612421616911888,
1879,15039,,,-0.04609513282775879,,0.04609513282775879,
1880,15047,,,-0.04611104726791382,,0.04611104726791382,
1881,15049,,,,-0.051161766052246094,,0.051161766052246094
1881,15055,,,-0.046136438846588135,,0.046136438846588135,
1882,15063,,,-0.04614073038101196,,0.04614073038101196,
1883,15071,,,-0.04615062102675438,,0.04615062102675438,
1884,15079,,,-0.04614716395735741,,0.04614716395735741,
1885,15087,,,-0.04612946882843971,,0.04612946882843971,
1886,15095,,,-0.04613417387008667,,0.04613417387008667,
1887,15099,,,,-0.0545039176940918,,0.0545039176940918
1887,15103,,,-0.04614222049713135,,0.04614222049713135,
1888,15111,,,-0.046151820570230484,,0.046151820570230484,
1889,15119,,,-0.04613446816802025,,0.04613446816802025,
1890,15127,,,-0.04616636037826538,,0.04616636037826538,
1891,15135,,,-0.0461503267288208,,0.0461503267288208,
1892,15143,,,-0.046157896518707275,,0.046157896518707275,
1893,15149,,,,-0.044409751892089844,,0.044409751892089844
1893,15151,,,-0.04614293947815895,,0.04614293947815895,
1894,15159,,,-0.04614948853850365,,0.04614948853850365,
1895,15167,,,-0.04614579305052757,,0.04614579305052757,
1896,15175,,,-0.04611474275588989,,0.04611474275588989,
1897,15183,,,-0.04615145921707153,,0.04615145921707153,
1898,15191,,,-0.04613703489303589,,0.04613703489303589,
1899,15199,,,,-0.05085468292236328,,0.05085468292236328
1899,15199,,,-0.04614776745438576,,0.04614776745438576,
1900,15207,,,-0.0461198091506958,,0.0461198091506958,
1901,15215,,,-0.046137090772390366,,0.046137090772390366,
1902,15223,,,-0.046152230352163315,,0.046152230352163315,
1903,15231,,,-0.0461503267288208,,0.0461503267288208,
1904,15239,,,-0.046144966036081314,,0.046144966036081314,
1905,15247,,,-0.04614711180329323,,0.04614711180329323,
1906,15249,,,,-0.05144071578979492,,0.05144071578979492
1906,15255,,,-0.04614996910095215,,0.04614996910095215,
1907,15263,,,-0.046151161193847656,,0.046151161193847656,
1908,15271,,,-0.046159565448760986,,0.046159565448760986,
1909,15279,,,-0.0461195707321167,,0.0461195707321167,
1910,15287,,,-0.046113673597574234,,0.046113673597574234,
1911,15295,,,-0.046148836612701416,,0.046148836612701416,
1912,15299,,,,-0.039687156677246094,,0.039687156677246094
1912,15303,,,-0.046146806329488754,,0.046146806329488754,
1913,15311,,,-0.04614245891571045,,0.04614245891571045,
1914,15319,,,-0.046142637729644775,,0.046142637729644775,
1915,15327,,,-0.04614180326461792,,0.04614180326461792,
1916,15335,,,-0.046136438846588135,,0.046136438846588135,
1917,15343,,,-0.0461733378469944,,0.0461733378469944,
1918,15349,,,,-0.05169200897216797,,0.05169200897216797
1918,15351,,,-0.04614633321762085,,0.04614633321762085,
1919,15359,,,-0.046145737171173096,,0.046145737171173096,
1920,15367,,,-0.04615098237991333,,0.04615098237991333,
1921,15375,,,-0.046145204454660416,,0.046145204454660416,
1922,15383,,,-0.04614776372909546,,0.04614776372909546,
1923,15391,,,-0.04615247622132301,,0.04615247622132301,
1924,15399,,,,-0.05235481262207031,,0.05235481262207031
1924,15399,,,-0.04615139588713646,,0.04615139588713646,
1925,15407,,,-0.04612785205245018,,0.04612785205245018,
1926,15415,,,-0.04615521430969238,,0.04615521430969238,
1927,15423,,,-0.046160463243722916,,0.046160463243722916,
1928,15431,,,-0.046147461980581284,,0.046147461980581284,
1929,15439,,,-0.04615128040313721,,0.04615128040313721,
1930,15447,,,-0.04613536596298218,,0.04613536596298218,
1931,15449,,,,-0.048670291900634766,,0.048670291900634766
1931,15455,,,-0.04611670970916748,,0.04611670970916748,
1932,15463,,,-0.04613816738128662,,0.04613816738128662,
1933,15471,,,-0.046132322400808334,,0.046132322400808334,
1934,15479,,,-0.0461462140083313,,0.0461462140083313,
1935,15487,,,-0.04614973068237305,,0.04614973068237305,
1936,15495,,,-0.04615128040313721,,0.04615128040313721,
1937,15499,,,,-0.04953145980834961,,0.04953145980834961
1937,15503,,,-0.046161118894815445,,0.046161118894815445,
1938,15511,,,-0.046152710914611816,,0.046152710914611816,
1939,15519,,,-0.04615586996078491,,0.04615586996078491,
1940,15527,,,-0.04612213000655174,,0.04612213000655174,
1941,15535,,,-0.046137575060129166,,0.046137575060129166,
1942,15543,,,-0.046149611473083496,,0.046149611473083496,
1943,15549,,,,-0.041382789611816406,,0.041382789611816406
1943,15551,,,-0.046141624450683594,,0.046141624450683594,
1944,15559,,,-0.046156466007232666,,0.046156466007232666,
1945,15567,,,-0.04616653919219971,,0.04616653919219971,
1946,15575,,,-0.04615473747253418,,0.04615473747253418,
1947,15583,,,-0.0461239218711853,,0.0461239218711853,
1948,15591,,,-0.04615676403045654,,0.04615676403045654,
1949,15599,,,,-0.04652261734008789,,0.04652261734008789
1949,15599,,,-0.04614877700805664,,0.04614877700805664,
1950,15607,,,-0.04612928628921509,,0.04612928628921509,
1951,15615,,,-0.04614412784576416,,0.04614412784576416,
1952,15623,,,-0.04613858461380005,,0.04613858461380005,
1953,15631,,,-0.046137336641550064,,0.046137336641550064,
1954,15639,,,-0.046169281005859375,,0.046169281005859375,
1955,15647,,,-0.04613107442855835,,0.04613107442855835,
1956,15649,,,,-0.052420616149902344,,0.052420616149902344
1956,15655,,,-0.046153247356414795,,0.046153247356414795,
1957,15663,,,-0.046141862869262695,,0.046141862869262695,
1958,15671,,,-0.04611891508102417,,0.04611891508102417,
1959,15679,,,-0.046132683753967285,,0.046132683753967285,
1960,15687,,,-0.04615342617034912,,0.04615342617034912,
1961,15695,,,-0.046145617961883545,,0.046145617961883545,
1962,15699,,,,-0.044524192810058594,,0.044524192810058594
1962,15703,,,-0.04615730047225952,,0.04615730047225952,
1963,15711,,,-0.04613738879561424,,0.04613738879561424,
1964,15719,,,-0.04615408182144165,,0.04615408182144165,
1965,15727,,,-0.046171367168426514,,0.046171367168426514,
1966,15735,,,-0.046146929264068604,,0.046146929264068604,
1967,15743,,,-0.04617565870285034,,0.04617565870285034,
1968,15749,,,,-0.04444456100463867,,0.04444456100463867
1968,15751,,,-0.04615199565887451,,0.04615199565887451,
1969,15759,,,-0.04615908861160278,,0.04615908861160278,
1970,15767,,,-0.0461728572845459,,0.0461728572845459,
1971,15775,,,-0.0461464524269104,,0.0461464524269104,
1972,15783,,,-0.04616117477416992,,0.04616117477416992,
1973,15791,,,-0.046139419078826904,,0.046139419078826904,
1974,15799,,,,-0.048277854919433594,,0.048277854919433594
1974,15799,,,-0.046118855476379395,,0.046118855476379395,
1975,15807,,,-0.04614788293838501,,0.04614788293838501,
1976,15815,,,-0.04614412784576416,,0.04614412784576416,
1977,15823,,,-0.04615706205368042,,0.04615706205368042,
1978,15831,,,-0.04614901915192604,,0.04614901915192604,
1979,15839,,,-0.04614216089248657,,0.04614216089248657,
1980,15847,,,-0.04612505063414574,,0.04612505063414574,
1981,15849,,,,-0.048476219177246094,,0.048476219177246094
1981,15855,,,-0.04615461826324463,,0.04615461826324463,
1982,15863,,,-0.046167969703674316,,0.046167969703674316,
1983,15871,,,-0.04616183042526245,,0.04616183042526245,
1984,15879,,,-0.04613834619522095,,0.04613834619522095,
1985,15887,,,-0.0461498498916626,,0.0461498498916626,
1986,15895,,,-0.04612719640135765,,0.04612719640135765,
1987,15899,,,,-0.04308319091796875,,0.04308319091796875
1987,15903,,,-0.046127498149871826,,0.046127498149871826,
1988,15911,,,-0.046150803565979004,,0.046150803565979004,
1989,15919,,,-0.046154022216796875,,0.046154022216796875,
1990,15927,,,-0.04614722728729248,,0.04614722728729248,
1991,15935,,,-0.04615265130996704,,0.04615265130996704,
1992,15943,,,-0.046147048473358154,,0.046147048473358154,
1993,15949,,,,-0.05086660385131836,,0.05086660385131836
1993,15951,,,-0.046141624450683594,,0.046141624450683594,
1994,15959,,,-0.04618031159043312,,0.04618031159043312,
1995,15967,,,-0.04615450277924538,,0.04615450277924538,
1996,15975,,,-0.04613161459565163,,0.04613161459565163,
1997,15983,,,-0.04616701602935791,,0.04616701602935791,
1998,15991,,,-0.04615145921707153,,0.04615145921707153,
1999,15999,,,,-0.03594684600830078,,0.03594684600830078
1999,15999,,,-0.046136677265167236,,0.046136677265167236,
2000,16000,-0.0430912971496582,0.0430912971496582,,,,
