epoch,step,test_loss,test_renyi_lb,train_loss_epoch,train_loss_step,train_renyi_lb_epoch,train_renyi_lb_step
0,7,,,0.12761086225509644,,-0.12761086225509644,
1,15,,,0.10307055711746216,,-0.10307055711746216,
2,23,,,0.08263766765594482,,-0.08263766765594482,
3,31,,,0.06571143865585327,,-0.06571143865585327,
4,39,,,0.05120009183883667,,-0.05120009183883667,
5,47,,,0.038543522357940674,,-0.038543522357940674,
6,49,,,,0.03258657455444336,,-0.03258657455444336
6,55,,,0.02754265069961548,,-0.02754265069961548,
7,63,,,0.017586886882781982,,-0.017586886882781982,
8,71,,,0.008710920810699463,,-0.008710920810699463,
9,79,,,0.0009662508964538574,,-0.0009662508964538574,
10,87,,,-0.005772769451141357,,0.005772769451141357,
11,95,,,-0.011773228645324707,,0.011773228645324707,
12,99,,,,-0.016241073608398438,,0.016241073608398438
12,103,,,-0.016939818859100342,,0.016939818859100342,
13,111,,,-0.02147078700363636,,0.02147078700363636,
14,119,,,-0.025310633704066277,,0.025310633704066277,
15,127,,,-0.028576849028468132,,0.028576849028468132,
16,135,,,-0.03143686056137085,,0.03143686056137085,
17,143,,,-0.03378986939787865,,0.03378986939787865,
18,149,,,,-0.03770589828491211,,0.03770589828491211
18,151,,,-0.03579986095428467,,0.03579986095428467,
19,159,,,-0.03752940893173218,,0.03752940893173218,
20,167,,,-0.039058323949575424,,0.039058323949575424,
21,175,,,-0.04019498825073242,,0.04019498825073242,
22,183,,,-0.041244328022003174,,0.041244328022003174,
23,191,,,-0.04208958148956299,,0.04208958148956299,
24,199,,,,-0.044324398040771484,,0.044324398040771484
24,199,,,-0.042748332023620605,,0.042748332023620605,
25,207,,,-0.04333901405334473,,0.04333901405334473,
26,215,,,-0.04379552975296974,,0.04379552975296974,
27,223,,,-0.0441586971282959,,0.0441586971282959,
28,231,,,-0.04443835839629173,,0.04443835839629173,
29,239,,,-0.044696033000946045,,0.044696033000946045,
30,247,,,-0.04489612579345703,,0.04489612579345703,
31,249,,,,-0.042717933654785156,,0.042717933654785156
31,255,,,-0.0450214147567749,,0.0450214147567749,
32,263,,,-0.045166194438934326,,0.045166194438934326,
33,271,,,-0.04527389630675316,,0.04527389630675316,
34,279,,,-0.045359913259744644,,0.045359913259744644,
35,287,,,-0.04543137177824974,,0.04543137177824974,
36,295,,,-0.04547780752182007,,0.04547780752182007,
37,299,,,,-0.040435791015625,,0.040435791015625
37,303,,,-0.045540809631347656,,0.045540809631347656,
38,311,,,-0.045598745346069336,,0.045598745346069336,
39,319,,,-0.04563570022583008,,0.04563570022583008,
40,327,,,-0.04569655656814575,,0.04569655656814575,
41,335,,,-0.04570960998535156,,0.04570960998535156,
42,343,,,-0.045751333236694336,,0.045751333236694336,
43,349,,,,-0.044312477111816406,,0.044312477111816406
43,351,,,-0.045783694833517075,,0.045783694833517075,
44,359,,,-0.04582083225250244,,0.04582083225250244,
45,367,,,-0.04583347216248512,,0.04583347216248512,
46,375,,,-0.04587281122803688,,0.04587281122803688,
47,383,,,-0.04590499401092529,,0.04590499401092529,
48,391,,,-0.04592465981841087,,0.04592465981841087,
49,399,,,,-0.04204082489013672,,0.04204082489013672
49,399,,,-0.04597485065460205,,0.04597485065460205,
50,407,,,-0.04598641395568848,,0.04598641395568848,
51,415,,,-0.046005070209503174,,0.046005070209503174,
52,423,,,-0.04605269059538841,,0.04605269059538841,
53,431,,,-0.04608947038650513,,0.04608947038650513,
54,439,,,-0.04608869552612305,,0.04608869552612305,
55,447,,,-0.046133700758218765,,0.046133700758218765,
56,449,,,,-0.05367851257324219,,0.05367851257324219
56,455,,,-0.04614734277129173,,0.04614734277129173,
57,463,,,-0.04615747928619385,,0.04615747928619385,
58,471,,,-0.046182338148355484,,0.046182338148355484,
59,479,,,-0.046206239610910416,,0.046206239610910416,
60,487,,,-0.04623842239379883,,0.04623842239379883,
61,495,,,-0.04625522717833519,,0.04625522717833519,
62,499,,,,-0.04128265380859375,,0.04128265380859375
62,503,,,-0.04628604277968407,,0.04628604277968407,
63,511,,,-0.04627341032028198,,0.04627341032028198,
64,519,,,-0.04630386829376221,,0.04630386829376221,
65,527,,,-0.04630923643708229,,0.04630923643708229,
66,535,,,-0.0463104248046875,,0.0463104248046875,
67,543,,,-0.04635822772979736,,0.04635822772979736,
68,549,,,,-0.04404258728027344,,0.04404258728027344
68,551,,,-0.046366095542907715,,0.046366095542907715,
69,559,,,-0.04635363817214966,,0.04635363817214966,
70,567,,,-0.046367347240448,,0.046367347240448,
71,575,,,-0.04638839140534401,,0.04638839140534401,
72,583,,,-0.046407219022512436,,0.046407219022512436,
73,591,,,-0.04642217978835106,,0.04642217978835106,
74,599,,,,-0.04028177261352539,,0.04028177261352539
74,599,,,-0.046416278928518295,,0.046416278928518295,
75,607,,,-0.04644780978560448,,0.04644780978560448,
76,615,,,-0.04645233973860741,,0.04645233973860741,
77,623,,,-0.046468134969472885,,0.046468134969472885,
78,631,,,-0.04646539315581322,,0.04646539315581322,
79,639,,,-0.046461109071969986,,0.046461109071969986,
80,647,,,-0.04652082920074463,,0.04652082920074463,
81,649,,,,-0.048679351806640625,,0.048679351806640625
81,655,,,-0.04649251699447632,,0.04649251699447632,
82,663,,,-0.04650801420211792,,0.04650801420211792,
83,671,,,-0.04652106761932373,,0.04652106761932373,
84,679,,,-0.04654669761657715,,0.04654669761657715,
85,687,,,-0.04651987552642822,,0.04651987552642822,
86,695,,,-0.04656475409865379,,0.04656475409865379,
87,699,,,,-0.04655313491821289,,0.04655313491821289
87,703,,,-0.04655701294541359,,0.04655701294541359,
88,711,,,-0.046564459800720215,,0.046564459800720215,
89,719,,,-0.04658704996109009,,0.04658704996109009,
90,727,,,-0.04656130447983742,,0.04656130447983742,
91,735,,,-0.04657303914427757,,0.04657303914427757,
92,743,,,-0.04656410217285156,,0.04656410217285156,
93,749,,,,-0.03498220443725586,,0.03498220443725586
93,751,,,-0.04657501354813576,,0.04657501354813576,
94,759,,,-0.0465923547744751,,0.0465923547744751,
95,767,,,-0.04659325256943703,,0.04659325256943703,
96,775,,,-0.046608150005340576,,0.046608150005340576,
97,783,,,-0.04662197828292847,,0.04662197828292847,
98,791,,,-0.046619713306427,,0.046619713306427,
99,799,,,,-0.045911312103271484,,0.045911312103271484
99,799,,,-0.04662376269698143,,0.04662376269698143,
100,807,,,-0.04661726951599121,,0.04661726951599121,
101,815,,,-0.046623289585113525,,0.046623289585113525,
102,823,,,-0.046635206788778305,,0.046635206788778305,
103,831,,,-0.046636998653411865,,0.046636998653411865,
104,839,,,-0.04664582386612892,,0.04664582386612892,
105,847,,,-0.046656787395477295,,0.046656787395477295,
106,849,,,,-0.04583263397216797,,0.04583263397216797
106,855,,,-0.04665064811706543,,0.04665064811706543,
107,863,,,-0.046640995889902115,,0.046640995889902115,
108,871,,,-0.046655360609292984,,0.046655360609292984,
109,879,,,-0.046662211418151855,,0.046662211418151855,
110,887,,,-0.046658214181661606,,0.046658214181661606,
111,895,,,-0.04667055606842041,,0.04667055606842041,
112,899,,,,-0.05898714065551758,,0.05898714065551758
112,903,,,-0.04669708013534546,,0.04669708013534546,
113,911,,,-0.046703994274139404,,0.046703994274139404,
114,919,,,-0.04667484760284424,,0.04667484760284424,
115,927,,,-0.04668199643492699,,0.04668199643492699,
116,935,,,-0.04670089855790138,,0.04670089855790138,
117,943,,,-0.046670496463775635,,0.046670496463775635,
118,949,,,,-0.05130720138549805,,0.05130720138549805
118,951,,,-0.04668933153152466,,0.04668933153152466,
119,959,,,-0.046683549880981445,,0.046683549880981445,
120,967,,,-0.04669743776321411,,0.04669743776321411,
121,975,,,-0.046704888343811035,,0.046704888343811035,
122,983,,,-0.046701911836862564,,0.046701911836862564,
123,991,,,-0.04671686887741089,,0.04671686887741089,
124,999,,,,-0.04544639587402344,,0.04544639587402344
124,999,,,-0.04671347141265869,,0.04671347141265869,
125,1007,,,-0.04672884941101074,,0.04672884941101074,
126,1015,,,-0.046734392642974854,,0.046734392642974854,
127,1023,,,-0.04674261435866356,,0.04674261435866356,
128,1031,,,-0.046705543994903564,,0.046705543994903564,
129,1039,,,-0.04671800509095192,,0.04671800509095192,
130,1047,,,-0.046728670597076416,,0.046728670597076416,
131,1049,,,,-0.03779888153076172,,0.03779888153076172
131,1055,,,-0.04671967029571533,,0.04671967029571533,
132,1063,,,-0.046733081340789795,,0.046733081340789795,
133,1071,,,-0.04674679413437843,,0.04674679413437843,
134,1079,,,-0.04673141613602638,,0.04673141613602638,
135,1087,,,-0.04674386978149414,,0.04674386978149414,
136,1095,,,-0.046740055084228516,,0.046740055084228516,
137,1099,,,,-0.04172801971435547,,0.04172801971435547
137,1103,,,-0.046746253967285156,,0.046746253967285156,
138,1111,,,-0.04674648866057396,,0.04674648866057396,
139,1119,,,-0.0467371940612793,,0.0467371940612793,
140,1127,,,-0.04675138369202614,,0.04675138369202614,
141,1135,,,-0.04675019159913063,,0.04675019159913063,
142,1143,,,-0.04676777124404907,,0.04676777124404907,
143,1149,,,,-0.039019107818603516,,0.039019107818603516
143,1151,,,-0.046750251203775406,,0.046750251203775406,
144,1159,,,-0.04675358533859253,,0.04675358533859253,
145,1167,,,-0.04677492380142212,,0.04677492380142212,
146,1175,,,-0.04676121473312378,,0.04676121473312378,
147,1183,,,-0.04674822464585304,,0.04674822464585304,
148,1191,,,-0.04675913229584694,,0.04675913229584694,
149,1199,,,,-0.05260181427001953,,0.05260181427001953
149,1199,,,-0.046752627938985825,,0.046752627938985825,
150,1207,,,-0.04678178206086159,,0.04678178206086159,
151,1215,,,-0.046759605407714844,,0.046759605407714844,
152,1223,,,-0.046783626079559326,,0.046783626079559326,
153,1231,,,-0.046769559383392334,,0.046769559383392334,
154,1239,,,-0.04678618907928467,,0.04678618907928467,
155,1247,,,-0.04676299914717674,,0.04676299914717674,
156,1249,,,,-0.03665447235107422,,0.03665447235107422
156,1255,,,-0.04677271842956543,,0.04677271842956543,
157,1263,,,-0.046777963638305664,,0.046777963638305664,
158,1271,,,-0.04676622152328491,,0.04676622152328491,
159,1279,,,-0.046784400939941406,,0.046784400939941406,
160,1287,,,-0.04676508903503418,,0.04676508903503418,
161,1295,,,-0.04677605628967285,,0.04677605628967285,
162,1299,,,,-0.05008125305175781,,0.05008125305175781
162,1303,,,-0.04675579071044922,,0.04675579071044922,
163,1311,,,-0.046798884868621826,,0.046798884868621826,
164,1319,,,-0.04678023234009743,,0.04678023234009743,
165,1327,,,-0.046777546405792236,,0.046777546405792236,
166,1335,,,-0.04676079377532005,,0.04676079377532005,
167,1343,,,-0.046769022941589355,,0.046769022941589355,
168,1349,,,,-0.042743682861328125,,0.042743682861328125
168,1351,,,-0.046780943870544434,,0.046780943870544434,
169,1359,,,-0.04677259922027588,,0.04677259922027588,
170,1367,,,-0.04680341109633446,,0.04680341109633446,
171,1375,,,-0.04682350531220436,,0.04682350531220436,
172,1383,,,-0.04678159952163696,,0.04678159952163696,
173,1391,,,-0.0467904768884182,,0.0467904768884182,
174,1399,,,,-0.03267049789428711,,0.03267049789428711
174,1399,,,-0.046787261962890625,,0.046787261962890625,
175,1407,,,-0.046778496354818344,,0.046778496354818344,
176,1415,,,-0.04678863659501076,,0.04678863659501076,
177,1423,,,-0.04679334536194801,,0.04679334536194801,
178,1431,,,-0.046804722398519516,,0.046804722398519516,
179,1439,,,-0.04680723324418068,,0.04680723324418068,
180,1447,,,-0.0468137264251709,,0.0468137264251709,
181,1449,,,,-0.04881620407104492,,0.04881620407104492
181,1455,,,-0.046834174543619156,,0.046834174543619156,
182,1463,,,-0.04676652327179909,,0.04676652327179909,
183,1471,,,-0.04679781198501587,,0.04679781198501587,
184,1479,,,-0.04678452014923096,,0.04678452014923096,
185,1487,,,-0.04679948091506958,,0.04679948091506958,
186,1495,,,-0.04680430889129639,,0.04680430889129639,
187,1499,,,,-0.057114601135253906,,0.057114601135253906
187,1503,,,-0.04679971933364868,,0.04679971933364868,
188,1511,,,-0.046799540519714355,,0.046799540519714355,
189,1519,,,-0.04680413380265236,,0.04680413380265236,
190,1527,,,-0.04682004824280739,,0.04682004824280739,
191,1535,,,-0.046789586544036865,,0.046789586544036865,
192,1543,,,-0.04682403802871704,,0.04682403802871704,
193,1549,,,,-0.043972015380859375,,0.043972015380859375
193,1551,,,-0.04680025205016136,,0.04680025205016136,
194,1559,,,-0.046802639961242676,,0.046802639961242676,
195,1567,,,-0.04682546854019165,,0.04682546854019165,
196,1575,,,-0.04681915044784546,,0.04681915044784546,
197,1583,,,-0.04682821035385132,,0.04682821035385132,
198,1591,,,-0.04680269956588745,,0.04680269956588745,
199,1599,,,,-0.046961307525634766,,0.046961307525634766
199,1599,,,-0.04680287837982178,,0.04680287837982178,
200,1607,,,-0.04680949077010155,,0.04680949077010155,
201,1615,,,-0.04683255776762962,,0.04683255776762962,
202,1623,,,-0.04680514708161354,,0.04680514708161354,
203,1631,,,-0.046798646450042725,,0.046798646450042725,
204,1639,,,-0.04682278260588646,,0.04682278260588646,
205,1647,,,-0.046801332384347916,,0.046801332384347916,
206,1649,,,,-0.037685394287109375,,0.037685394287109375
206,1655,,,-0.0468144416809082,,0.0468144416809082,
207,1663,,,-0.04680126532912254,,0.04680126532912254,
208,1671,,,-0.046804189682006836,,0.046804189682006836,
209,1679,,,-0.046796027570962906,,0.046796027570962906,
210,1687,,,-0.04680967330932617,,0.04680967330932617,
211,1695,,,-0.046817127615213394,,0.046817127615213394,
212,1699,,,,-0.05786705017089844,,0.05786705017089844
212,1703,,,-0.046796079725027084,,0.046796079725027084,
213,1711,,,-0.046817902475595474,,0.046817902475595474,
214,1719,,,-0.04683244600892067,,0.04683244600892067,
215,1727,,,-0.04681968688964844,,0.04681968688964844,
216,1735,,,-0.04680508002638817,,0.04680508002638817,
217,1743,,,-0.04680842161178589,,0.04680842161178589,
218,1749,,,,-0.045613765716552734,,0.045613765716552734
218,1751,,,-0.0468098521232605,,0.0468098521232605,
219,1759,,,-0.046823322772979736,,0.046823322772979736,
220,1767,,,-0.04680716618895531,,0.04680716618895531,
221,1775,,,-0.046816643327474594,,0.046816643327474594,
222,1783,,,-0.04683053493499756,,0.04683053493499756,
223,1791,,,-0.046804189682006836,,0.046804189682006836,
224,1799,,,,-0.03495216369628906,,0.03495216369628906
224,1799,,,-0.046813614666461945,,0.046813614666461945,
225,1807,,,-0.04682338237762451,,0.04682338237762451,
226,1815,,,-0.04681664705276489,,0.04681664705276489,
227,1823,,,-0.04683321714401245,,0.04683321714401245,
228,1831,,,-0.04682093858718872,,0.04682093858718872,
229,1839,,,-0.0468134880065918,,0.0468134880065918,
230,1847,,,-0.04683959484100342,,0.04683959484100342,
231,1849,,,,-0.05227994918823242,,0.05227994918823242
231,1855,,,-0.04681950807571411,,0.04681950807571411,
232,1863,,,-0.046833932399749756,,0.046833932399749756,
233,1871,,,-0.04681318998336792,,0.04681318998336792,
234,1879,,,-0.04683643579483032,,0.04683643579483032,
235,1887,,,-0.04681497812271118,,0.04681497812271118,
236,1895,,,-0.04683417081832886,,0.04683417081832886,
237,1899,,,,-0.046688079833984375,,0.046688079833984375
237,1903,,,-0.04682719707489014,,0.04682719707489014,
238,1911,,,-0.046835239976644516,,0.046835239976644516,
239,1919,,,-0.04682106152176857,,0.04682106152176857,
240,1927,,,-0.04683530330657959,,0.04683530330657959,
241,1935,,,-0.046853844076395035,,0.046853844076395035,
242,1943,,,-0.04680359363555908,,0.04680359363555908,
243,1949,,,,-0.05524730682373047,,0.05524730682373047
243,1951,,,-0.046836379915475845,,0.046836379915475845,
244,1959,,,-0.04682702198624611,,0.04682702198624611,
245,1967,,,-0.04682004451751709,,0.04682004451751709,
246,1975,,,-0.04684578999876976,,0.04684578999876976,
247,1983,,,-0.04682457447052002,,0.04682457447052002,
248,1991,,,-0.04682463780045509,,0.04682463780045509,
249,1999,,,,-0.05291891098022461,,0.05291891098022461
249,1999,,,-0.04682844877243042,,0.04682844877243042,
250,2007,,,-0.04682743549346924,,0.04682743549346924,
251,2015,,,-0.04684239625930786,,0.04684239625930786,
252,2023,,,-0.04682231321930885,,0.04682231321930885,
253,2031,,,-0.04681819677352905,,0.04681819677352905,
254,2039,,,-0.04683816432952881,,0.04683816432952881,
255,2047,,,-0.04682999849319458,,0.04682999849319458,
256,2049,,,,-0.057086944580078125,,0.057086944580078125
256,2055,,,-0.0468440055847168,,0.0468440055847168,
257,2063,,,-0.046819690614938736,,0.046819690614938736,
258,2071,,,-0.046827495098114014,,0.046827495098114014,
259,2079,,,-0.04682695493102074,,0.04682695493102074,
260,2087,,,-0.04681748151779175,,0.04681748151779175,
261,2095,,,-0.04681449756026268,,0.04681449756026268,
262,2099,,,,-0.04571819305419922,,0.04571819305419922
262,2103,,,-0.04682869091629982,,0.04682869091629982,
263,2111,,,-0.04682338237762451,,0.04682338237762451,
264,2119,,,-0.0468444861471653,,0.0468444861471653,
265,2127,,,-0.04683339595794678,,0.04683339595794678,
266,2135,,,-0.046827733516693115,,0.046827733516693115,
267,2143,,,-0.04682767391204834,,0.04682767391204834,
268,2149,,,,-0.045969486236572266,,0.045969486236572266
268,2151,,,-0.04683327674865723,,0.04683327674865723,
269,2159,,,-0.046841856092214584,,0.046841856092214584,
270,2167,,,-0.046857114881277084,,0.046857114881277084,
271,2175,,,-0.04684537649154663,,0.04684537649154663,
272,2183,,,-0.04683596268296242,,0.04683596268296242,
273,2191,,,-0.04682529345154762,,0.04682529345154762,
274,2199,,,,-0.04424715042114258,,0.04424715042114258
274,2199,,,-0.046842873096466064,,0.046842873096466064,
275,2207,,,-0.04683351516723633,,0.04683351516723633,
276,2215,,,-0.046843111515045166,,0.046843111515045166,
277,2223,,,-0.04682803153991699,,0.04682803153991699,
278,2231,,,-0.04682654142379761,,0.04682654142379761,
279,2239,,,-0.04683405160903931,,0.04683405160903931,
280,2247,,,-0.046840373426675797,,0.046840373426675797,
281,2249,,,,-0.04902458190917969,,0.04902458190917969
281,2255,,,-0.04682052135467529,,0.04682052135467529,
282,2263,,,-0.046850502490997314,,0.046850502490997314,
283,2271,,,-0.04682803153991699,,0.04682803153991699,
284,2279,,,-0.046828389167785645,,0.046828389167785645,
285,2287,,,-0.04683637619018555,,0.04683637619018555,
286,2295,,,-0.04682505130767822,,0.04682505130767822,
287,2299,,,,-0.03641939163208008,,0.03641939163208008
287,2303,,,-0.046832919120788574,,0.046832919120788574,
288,2311,,,-0.046852946281433105,,0.046852946281433105,
289,2319,,,-0.04685616120696068,,0.04685616120696068,
290,2327,,,-0.0468297004699707,,0.0468297004699707,
291,2335,,,-0.04685473442077637,,0.04685473442077637,
292,2343,,,-0.0468590222299099,,0.0468590222299099,
293,2349,,,,-0.04762840270996094,,0.04762840270996094
293,2351,,,-0.046837031841278076,,0.046837031841278076,
294,2359,,,-0.04684984311461449,,0.04684984311461449,
295,2367,,,-0.04683583974838257,,0.04683583974838257,
296,2375,,,-0.046866003423929214,,0.046866003423929214,
297,2383,,,-0.04683738946914673,,0.04683738946914673,
298,2391,,,-0.0468326210975647,,0.0468326210975647,
299,2399,,,,-0.05417585372924805,,0.05417585372924805
299,2399,,,-0.046830952167510986,,0.046830952167510986,
300,2407,,,-0.046855028718709946,,0.046855028718709946,
301,2415,,,-0.04684281721711159,,0.04684281721711159,
302,2423,,,-0.04685002565383911,,0.04685002565383911,
303,2431,,,-0.04683292284607887,,0.04683292284607887,
304,2439,,,-0.04683047533035278,,0.04683047533035278,
305,2447,,,-0.04684477671980858,,0.04684477671980858,
306,2449,,,,-0.04007434844970703,,0.04007434844970703
306,2455,,,-0.0468403697013855,,0.0468403697013855,
307,2463,,,-0.04685068130493164,,0.04685068130493164,
308,2471,,,-0.0468406081199646,,0.0468406081199646,
309,2479,,,-0.04684257134795189,,0.04684257134795189,
310,2487,,,-0.046829283237457275,,0.046829283237457275,
311,2495,,,-0.04681587219238281,,0.04681587219238281,
312,2499,,,,-0.04600334167480469,,0.04600334167480469
312,2503,,,-0.046837273985147476,,0.046837273985147476,
313,2511,,,-0.04684316739439964,,0.04684316739439964,
314,2519,,,-0.046829283237457275,,0.046829283237457275,
315,2527,,,-0.04684323072433472,,0.04684323072433472,
316,2535,,,-0.046842992305755615,,0.046842992305755615,
317,2543,,,-0.046829044818878174,,0.046829044818878174,
318,2549,,,,-0.05450010299682617,,0.05450010299682617
318,2551,,,-0.0468367338180542,,0.0468367338180542,
319,2559,,,-0.04684746265411377,,0.04684746265411377,
320,2567,,,-0.046841442584991455,,0.046841442584991455,
321,2575,,,-0.04683870077133179,,0.04683870077133179,
322,2583,,,-0.04684722423553467,,0.04684722423553467,
323,2591,,,-0.04684489592909813,,0.04684489592909813,
324,2599,,,,-0.04607105255126953,,0.04607105255126953
324,2599,,,-0.04684757813811302,,0.04684757813811302,
325,2607,,,-0.046855628490448,,0.046855628490448,
326,2615,,,-0.0468406081199646,,0.0468406081199646,
327,2623,,,-0.04686344042420387,,0.04686344042420387,
328,2631,,,-0.046841081231832504,,0.046841081231832504,
329,2639,,,-0.046844661235809326,,0.046844661235809326,
330,2647,,,-0.0468481183052063,,0.0468481183052063,
331,2649,,,,-0.04202604293823242,,0.04202604293823242
331,2655,,,-0.04686760902404785,,0.04686760902404785,
332,2663,,,-0.046832501888275146,,0.046832501888275146,
333,2671,,,-0.046837568283081055,,0.046837568283081055,
334,2679,,,-0.04687315225601196,,0.04687315225601196,
335,2687,,,-0.046837031841278076,,0.046837031841278076,
336,2695,,,-0.04685276374220848,,0.04685276374220848,
337,2699,,,,-0.038845062255859375,,0.038845062255859375
337,2703,,,-0.046861469745635986,,0.046861469745635986,
338,2711,,,-0.04684948921203613,,0.04684948921203613,
339,2719,,,-0.046834588050842285,,0.046834588050842285,
340,2727,,,-0.04685240983963013,,0.04685240983963013,
341,2735,,,-0.046844542026519775,,0.046844542026519775,
342,2743,,,-0.04684215784072876,,0.04684215784072876,
343,2749,,,,-0.045745849609375,,0.045745849609375
343,2751,,,-0.04683130979537964,,0.04683130979537964,
344,2759,,,-0.0468597374856472,,0.0468597374856472,
345,2767,,,-0.04683453217148781,,0.04683453217148781,
346,2775,,,-0.04686618223786354,,0.04686618223786354,
347,2783,,,-0.04684359207749367,,0.04684359207749367,
348,2791,,,-0.046864088624715805,,0.046864088624715805,
349,2799,,,,-0.033125877380371094,,0.033125877380371094
349,2799,,,-0.04684549197554588,,0.04684549197554588,
350,2807,,,-0.046840786933898926,,0.046840786933898926,
351,2815,,,-0.04688519239425659,,0.04688519239425659,
352,2823,,,-0.04683893918991089,,0.04683893918991089,
353,2831,,,-0.04686582088470459,,0.04686582088470459,
354,2839,,,-0.046848710626363754,,0.046848710626363754,
355,2847,,,-0.04688268527388573,,0.04688268527388573,
356,2849,,,,-0.03658103942871094,,0.03658103942871094
356,2855,,,-0.04685044288635254,,0.04685044288635254,
357,2863,,,-0.04684752598404884,,0.04684752598404884,
358,2871,,,-0.046858131885528564,,0.046858131885528564,
359,2879,,,-0.04685044288635254,,0.04685044288635254,
360,2887,,,-0.0468595027923584,,0.0468595027923584,
361,2895,,,-0.04683101177215576,,0.04683101177215576,
362,2899,,,,-0.04112434387207031,,0.04112434387207031
362,2903,,,-0.046828094869852066,,0.046828094869852066,
363,2911,,,-0.04686373472213745,,0.04686373472213745,
364,2919,,,-0.04683947563171387,,0.04683947563171387,
365,2927,,,-0.046859562397003174,,0.046859562397003174,
366,2935,,,-0.04686027765274048,,0.04686027765274048,
367,2943,,,-0.04684937000274658,,0.04684937000274658,
368,2949,,,,-0.04721975326538086,,0.04721975326538086
368,2951,,,-0.046850208193063736,,0.046850208193063736,
369,2959,,,-0.0468442440032959,,0.0468442440032959,
370,2967,,,-0.04682588577270508,,0.04682588577270508,
371,2975,,,-0.04685717821121216,,0.04685717821121216,
372,2983,,,-0.046843647956848145,,0.046843647956848145,
373,2991,,,-0.046862658113241196,,0.046862658113241196,
374,2999,,,,-0.04776811599731445,,0.04776811599731445
374,2999,,,-0.046851158142089844,,0.046851158142089844,
375,3007,,,-0.04682624340057373,,0.04682624340057373,
376,3015,,,-0.046849485486745834,,0.046849485486745834,
377,3023,,,-0.04686838388442993,,0.04686838388442993,
378,3031,,,-0.04684394598007202,,0.04684394598007202,
379,3039,,,-0.04684901237487793,,0.04684901237487793,
380,3047,,,-0.046853065490722656,,0.046853065490722656,
381,3049,,,,-0.04914665222167969,,0.04914665222167969
381,3055,,,-0.046876613050699234,,0.046876613050699234,
382,3063,,,-0.046856462955474854,,0.046856462955474854,
383,3071,,,-0.04683852195739746,,0.04683852195739746,
384,3079,,,-0.046855807304382324,,0.046855807304382324,
385,3087,,,-0.04684162139892578,,0.04684162139892578,
386,3095,,,-0.04686373472213745,,0.04686373472213745,
387,3099,,,,-0.03264141082763672,,0.03264141082763672
387,3103,,,-0.04684346914291382,,0.04684346914291382,
388,3111,,,-0.046839356422424316,,0.046839356422424316,
389,3119,,,-0.04684317484498024,,0.04684317484498024,
390,3127,,,-0.046859387308359146,,0.046859387308359146,
391,3135,,,-0.046857234090566635,,0.046857234090566635,
392,3143,,,-0.04686325788497925,,0.04686325788497925,
393,3149,,,,-0.06016731262207031,,0.06016731262207031
393,3151,,,-0.04687369242310524,,0.04687369242310524,
394,3159,,,-0.04684966430068016,,0.04684966430068016,
395,3167,,,-0.04687297344207764,,0.04687297344207764,
396,3175,,,-0.04684668779373169,,0.04684668779373169,
397,3183,,,-0.046856287866830826,,0.046856287866830826,
398,3191,,,-0.04686296358704567,,0.04686296358704567,
399,3199,,,,-0.048806190490722656,,0.048806190490722656
399,3199,,,-0.046854738146066666,,0.046854738146066666,
400,3207,,,-0.04685831069946289,,0.04685831069946289,
401,3215,,,-0.04686855897307396,,0.04686855897307396,
402,3223,,,-0.046884361654520035,,0.046884361654520035,
403,3231,,,-0.0468410849571228,,0.0468410849571228,
404,3239,,,-0.04684746265411377,,0.04684746265411377,
405,3247,,,-0.04685730114579201,,0.04685730114579201,
406,3249,,,,-0.04962635040283203,,0.04962635040283203
406,3255,,,-0.04685032367706299,,0.04685032367706299,
407,3263,,,-0.046855807304382324,,0.046855807304382324,
408,3271,,,-0.046869516372680664,,0.046869516372680664,
409,3279,,,-0.046829938888549805,,0.046829938888549805,
410,3287,,,-0.046866536140441895,,0.046866536140441895,
411,3295,,,-0.046843767166137695,,0.046843767166137695,
412,3299,,,,-0.053639888763427734,,0.053639888763427734
412,3303,,,-0.04685574769973755,,0.04685574769973755,
413,3311,,,-0.04685676097869873,,0.04685676097869873,
414,3319,,,-0.04686813801527023,,0.04686813801527023,
415,3327,,,-0.0468590222299099,,0.0468590222299099,
416,3335,,,-0.04684090614318848,,0.04684090614318848,
417,3343,,,-0.046867549419403076,,0.046867549419403076,
418,3349,,,,-0.04226970672607422,,0.04226970672607422
418,3351,,,-0.04685932397842407,,0.04685932397842407,
419,3359,,,-0.04686462879180908,,0.04686462879180908,
420,3367,,,-0.04684805870056152,,0.04684805870056152,
421,3375,,,-0.04685097932815552,,0.04685097932815552,
422,3383,,,-0.046848416328430176,,0.046848416328430176,
423,3391,,,-0.04686307534575462,,0.04686307534575462,
424,3399,,,,-0.054848670959472656,,0.054848670959472656
424,3399,,,-0.04684573411941528,,0.04684573411941528,
425,3407,,,-0.046853601932525635,,0.046853601932525635,
426,3415,,,-0.04686897620558739,,0.04686897620558739,
427,3423,,,-0.04685044288635254,,0.04685044288635254,
428,3431,,,-0.046852707862854004,,0.046852707862854004,
429,3439,,,-0.046879351139068604,,0.046879351139068604,
430,3447,,,-0.046857353299856186,,0.046857353299856186,
431,3449,,,,-0.04526710510253906,,0.04526710510253906
431,3455,,,-0.046854376792907715,,0.046854376792907715,
432,3463,,,-0.04686415567994118,,0.04686415567994118,
433,3471,,,-0.0468747578561306,,0.0468747578561306,
434,3479,,,-0.04687434807419777,,0.04687434807419777,
435,3487,,,-0.04686242341995239,,0.04686242341995239,
436,3495,,,-0.04685699939727783,,0.04685699939727783,
437,3499,,,,-0.04971027374267578,,0.04971027374267578
437,3503,,,-0.046858370304107666,,0.046858370304107666,
438,3511,,,-0.046852946281433105,,0.046852946281433105,
439,3519,,,-0.04686182737350464,,0.04686182737350464,
440,3527,,,-0.0468599796295166,,0.0468599796295166,
441,3535,,,-0.04685145989060402,,0.04685145989060402,
442,3543,,,-0.046855274587869644,,0.046855274587869644,
443,3549,,,,-0.05016517639160156,,0.05016517639160156
443,3551,,,-0.046861354261636734,,0.046861354261636734,
444,3559,,,-0.046850502490997314,,0.046850502490997314,
445,3567,,,-0.0468754805624485,,0.0468754805624485,
446,3575,,,-0.04683255776762962,,0.04683255776762962,
447,3583,,,-0.04684018716216087,,0.04684018716216087,
448,3591,,,-0.04686320200562477,,0.04686320200562477,
449,3599,,,,-0.037084102630615234,,0.037084102630615234
449,3599,,,-0.04687041416764259,,0.04687041416764259,
450,3607,,,-0.046855926513671875,,0.046855926513671875,
451,3615,,,-0.04684603214263916,,0.04684603214263916,
452,3623,,,-0.04687541350722313,,0.04687541350722313,
453,3631,,,-0.04687315225601196,,0.04687315225601196,
454,3639,,,-0.04685545340180397,,0.04685545340180397,
455,3647,,,-0.04689288139343262,,0.04689288139343262,
456,3649,,,,-0.04202842712402344,,0.04202842712402344
456,3655,,,-0.046881139278411865,,0.046881139278411865,
457,3663,,,-0.04687953367829323,,0.04687953367829323,
458,3671,,,-0.04686295986175537,,0.04686295986175537,
459,3679,,,-0.04686522111296654,,0.04686522111296654,
460,3687,,,-0.046849727630615234,,0.046849727630615234,
461,3695,,,-0.04685717821121216,,0.04685717821121216,
462,3699,,,,-0.03486061096191406,,0.03486061096191406
462,3703,,,-0.0468558669090271,,0.0468558669090271,
463,3711,,,-0.04685496911406517,,0.04685496911406517,
464,3719,,,-0.046848658472299576,,0.046848658472299576,
465,3727,,,-0.046855807304382324,,0.046855807304382324,
466,3735,,,-0.04683977738022804,,0.04683977738022804,
467,3743,,,-0.04686492308974266,,0.04686492308974266,
468,3749,,,,-0.0465850830078125,,0.0465850830078125
468,3751,,,-0.046854738146066666,,0.046854738146066666,
469,3759,,,-0.0468592643737793,,0.0468592643737793,
470,3767,,,-0.04685807600617409,,0.04685807600617409,
471,3775,,,-0.046851757913827896,,0.046851757913827896,
472,3783,,,-0.046877384185791016,,0.046877384185791016,
473,3791,,,-0.04685431718826294,,0.04685431718826294,
474,3799,,,,-0.045968055725097656,,0.045968055725097656
474,3799,,,-0.046852171421051025,,0.046852171421051025,
475,3807,,,-0.046867430210113525,,0.046867430210113525,
476,3815,,,-0.046853724867105484,,0.046853724867105484,
477,3823,,,-0.04686862230300903,,0.04686862230300903,
478,3831,,,-0.046884119510650635,,0.046884119510650635,
479,3839,,,-0.04687213897705078,,0.04687213897705078,
480,3847,,,-0.046873871237039566,,0.046873871237039566,
481,3849,,,,-0.046930789947509766,,0.046930789947509766
481,3855,,,-0.04685729742050171,,0.04685729742050171,
482,3863,,,-0.04684578999876976,,0.04684578999876976,
483,3871,,,-0.04687356948852539,,0.04687356948852539,
484,3879,,,-0.04688096046447754,,0.04688096046447754,
485,3887,,,-0.04684668779373169,,0.04684668779373169,
486,3895,,,-0.04686713218688965,,0.04686713218688965,
487,3899,,,,-0.036501407623291016,,0.036501407623291016
487,3903,,,-0.04686891660094261,,0.04686891660094261,
488,3911,,,-0.046853482723236084,,0.046853482723236084,
489,3919,,,-0.04686998948454857,,0.04686998948454857,
490,3927,,,-0.04687124490737915,,0.04687124490737915,
491,3935,,,-0.04685664176940918,,0.04685664176940918,
492,3943,,,-0.046862903982400894,,0.046862903982400894,
493,3949,,,,-0.039501190185546875,,0.039501190185546875
493,3951,,,-0.04685091972351074,,0.04685091972351074,
494,3959,,,-0.04684901237487793,,0.04684901237487793,
495,3967,,,-0.04686087369918823,,0.04686087369918823,
496,3975,,,-0.04685044288635254,,0.04685044288635254,
497,3983,,,-0.046871062368154526,,0.046871062368154526,
498,3991,,,-0.046878520399332047,,0.046878520399332047,
499,3999,,,,-0.04409074783325195,,0.04409074783325195
499,3999,,,-0.046896521002054214,,0.046896521002054214,
500,4007,,,-0.04685688018798828,,0.04685688018798828,
501,4015,,,-0.04687261953949928,,0.04687261953949928,
502,4023,,,-0.046855628490448,,0.046855628490448,
503,4031,,,-0.04686844348907471,,0.04686844348907471,
504,4039,,,-0.046876609325408936,,0.046876609325408936,
505,4047,,,-0.046869758516550064,,0.046869758516550064,
506,4049,,,,-0.04675149917602539,,0.04675149917602539
506,4055,,,-0.04687201976776123,,0.04687201976776123,
507,4063,,,-0.046859260648489,,0.046859260648489,
508,4071,,,-0.04687893018126488,,0.04687893018126488,
509,4079,,,-0.046848054975271225,,0.046848054975271225,
510,4087,,,-0.04686403274536133,,0.04686403274536133,
511,4095,,,-0.04687237739562988,,0.04687237739562988,
512,4099,,,,-0.03533601760864258,,0.03533601760864258
512,4103,,,-0.04688680171966553,,0.04688680171966553,
513,4111,,,-0.04686671867966652,,0.04686671867966652,
514,4119,,,-0.04689216613769531,,0.04689216613769531,
515,4127,,,-0.04685056582093239,,0.04685056582093239,
516,4135,,,-0.04686123505234718,,0.04686123505234718,
517,4143,,,-0.04687166586518288,,0.04687166586518288,
518,4149,,,,-0.04706096649169922,,0.04706096649169922
518,4151,,,-0.04685794934630394,,0.04685794934630394,
519,4159,,,-0.046875059604644775,,0.046875059604644775,
520,4167,,,-0.04686141014099121,,0.04686141014099121,
521,4175,,,-0.0468636155128479,,0.0468636155128479,
522,4183,,,-0.0468628965318203,,0.0468628965318203,
523,4191,,,-0.046832744032144547,,0.046832744032144547,
524,4199,,,,-0.04884052276611328,,0.04884052276611328
524,4199,,,-0.04685432091355324,,0.04685432091355324,
525,4207,,,-0.046865999698638916,,0.046865999698638916,
526,4215,,,-0.04686456918716431,,0.04686456918716431,
527,4223,,,-0.04687368869781494,,0.04687368869781494,
528,4231,,,-0.04687315225601196,,0.04687315225601196,
529,4239,,,-0.04689443111419678,,0.04689443111419678,
530,4247,,,-0.046879708766937256,,0.046879708766937256,
531,4249,,,,-0.049040794372558594,,0.049040794372558594
531,4255,,,-0.04686945676803589,,0.04686945676803589,
532,4263,,,-0.04687846079468727,,0.04687846079468727,
533,4271,,,-0.046850498765707016,,0.046850498765707016,
534,4279,,,-0.04685944318771362,,0.04685944318771362,
535,4287,,,-0.046878937631845474,,0.046878937631845474,
536,4295,,,-0.04687857627868652,,0.04687857627868652,
537,4299,,,,-0.042400360107421875,,0.042400360107421875
537,4303,,,-0.046849608421325684,,0.046849608421325684,
538,4311,,,-0.046869996935129166,,0.046869996935129166,
539,4319,,,-0.04686260223388672,,0.04686260223388672,
540,4327,,,-0.046870943158864975,,0.046870943158864975,
541,4335,,,-0.046862661838531494,,0.046862661838531494,
542,4343,,,-0.046878572553396225,,0.046878572553396225,
543,4349,,,,-0.049512386322021484,,0.049512386322021484
543,4351,,,-0.046860869973897934,,0.046860869973897934,
544,4359,,,-0.04686534404754639,,0.04686534404754639,
545,4367,,,-0.04686623811721802,,0.04686623811721802,
546,4375,,,-0.04685938358306885,,0.04685938358306885,
547,4383,,,-0.04685574769973755,,0.04685574769973755,
548,4391,,,-0.046865105628967285,,0.046865105628967285,
549,4399,,,,-0.04312324523925781,,0.04312324523925781
549,4399,,,-0.046869516372680664,,0.046869516372680664,
550,4407,,,-0.04684758558869362,,0.04684758558869362,
551,4415,,,-0.04688632860779762,,0.04688632860779762,
552,4423,,,-0.04686963930726051,,0.04686963930726051,
553,4431,,,-0.046868085861206055,,0.046868085861206055,
554,4439,,,-0.0468667708337307,,0.0468667708337307,
555,4447,,,-0.04685401916503906,,0.04685401916503906,
556,4449,,,,-0.03900575637817383,,0.03900575637817383
556,4455,,,-0.04686975106596947,,0.04686975106596947,
557,4463,,,-0.04685908555984497,,0.04685908555984497,
558,4471,,,-0.0468592643737793,,0.0468592643737793,
559,4479,,,-0.04689931496977806,,0.04689931496977806,
560,4487,,,-0.046876076608896255,,0.046876076608896255,
561,4495,,,-0.04687082767486572,,0.04687082767486572,
562,4499,,,,-0.04385185241699219,,0.04385185241699219
562,4503,,,-0.046873386949300766,,0.046873386949300766,
563,4511,,,-0.04683990031480789,,0.04683990031480789,
564,4519,,,-0.04688751697540283,,0.04688751697540283,
565,4527,,,-0.046879470348358154,,0.046879470348358154,
566,4535,,,-0.04684346541762352,,0.04684346541762352,
567,4543,,,-0.04686844348907471,,0.04686844348907471,
568,4549,,,,-0.0378265380859375,,0.0378265380859375
568,4551,,,-0.046874046325683594,,0.046874046325683594,
569,4559,,,-0.04687667265534401,,0.04687667265534401,
570,4567,,,-0.0468713641166687,,0.0468713641166687,
571,4575,,,-0.046872615814208984,,0.046872615814208984,
572,4583,,,-0.046847760677337646,,0.046847760677337646,
573,4591,,,-0.046858545392751694,,0.046858545392751694,
574,4599,,,,-0.040456295013427734,,0.040456295013427734
574,4599,,,-0.04685479775071144,,0.04685479775071144,
575,4607,,,-0.046864572912454605,,0.046864572912454605,
576,4615,,,-0.04687297344207764,,0.04687297344207764,
577,4623,,,-0.04687023162841797,,0.04687023162841797,
578,4631,,,-0.04687440022826195,,0.04687440022826195,
579,4639,,,-0.046879056841135025,,0.046879056841135025,
580,4647,,,-0.04685985669493675,,0.04685985669493675,
581,4649,,,,-0.05821990966796875,,0.05821990966796875
581,4655,,,-0.046846210956573486,,0.046846210956573486,
582,4663,,,-0.04685073718428612,,0.04685073718428612,
583,4671,,,-0.04686880484223366,,0.04686880484223366,
584,4679,,,-0.04686927795410156,,0.04686927795410156,
585,4687,,,-0.04687035083770752,,0.04687035083770752,
586,4695,,,-0.04687434434890747,,0.04687434434890747,
587,4699,,,,-0.03541755676269531,,0.03541755676269531
587,4703,,,-0.046894606202840805,,0.046894606202840805,
588,4711,,,-0.046868205070495605,,0.046868205070495605,
589,4719,,,-0.04687613248825073,,0.04687613248825073,
590,4727,,,-0.046875178813934326,,0.046875178813934326,
591,4735,,,-0.04687380790710449,,0.04687380790710449,
592,4743,,,-0.04686969518661499,,0.04686969518661499,
593,4749,,,,-0.04799795150756836,,0.04799795150756836
593,4751,,,-0.0468827448785305,,0.0468827448785305,
594,4759,,,-0.04686182737350464,,0.04686182737350464,
595,4767,,,-0.04688506945967674,,0.04688506945967674,
596,4775,,,-0.04686105251312256,,0.04686105251312256,
597,4783,,,-0.04688137769699097,,0.04688137769699097,
598,4791,,,-0.046846333891153336,,0.046846333891153336,
599,4799,,,,-0.04543495178222656,,0.04543495178222656
599,4799,,,-0.04685908928513527,,0.04685908928513527,
600,4807,,,-0.04687058553099632,,0.04687058553099632,
601,4815,,,-0.046870943158864975,,0.046870943158864975,
602,4823,,,-0.04686194285750389,,0.04686194285750389,
603,4831,,,-0.04686015471816063,,0.04686015471816063,
604,4839,,,-0.04687166586518288,,0.04687166586518288,
605,4847,,,-0.0468708872795105,,0.0468708872795105,
606,4849,,,,-0.048914432525634766,,0.048914432525634766
606,4855,,,-0.04686921834945679,,0.04686921834945679,
607,4863,,,-0.04688405618071556,,0.04688405618071556,
608,4871,,,-0.04689997062087059,,0.04689997062087059,
609,4879,,,-0.04686742648482323,,0.04686742648482323,
610,4887,,,-0.046857357025146484,,0.046857357025146484,
611,4895,,,-0.046855032444000244,,0.046855032444000244,
612,4899,,,,-0.04692649841308594,,0.04692649841308594
612,4903,,,-0.04689908027648926,,0.04689908027648926,
613,4911,,,-0.0468597449362278,,0.0468597449362278,
614,4919,,,-0.0468788743019104,,0.0468788743019104,
615,4927,,,-0.04687601327896118,,0.04687601327896118,
616,4935,,,-0.04688858985900879,,0.04688858985900879,
617,4943,,,-0.04684370383620262,,0.04684370383620262,
618,4949,,,,-0.045221805572509766,,0.045221805572509766
618,4951,,,-0.046878039836883545,,0.046878039836883545,
619,4959,,,-0.04688924551010132,,0.04688924551010132,
620,4967,,,-0.046890441328287125,,0.046890441328287125,
621,4975,,,-0.04686295613646507,,0.04686295613646507,
622,4983,,,-0.04687225818634033,,0.04687225818634033,
623,4991,,,-0.04687726870179176,,0.04687726870179176,
624,4999,,,,-0.04900407791137695,,0.04900407791137695
624,4999,,,-0.04687696695327759,,0.04687696695327759,
625,5007,,,-0.046875715255737305,,0.046875715255737305,
626,5015,,,-0.04687440022826195,,0.04687440022826195,
627,5023,,,-0.046886321157217026,,0.046886321157217026,
628,5031,,,-0.04688948392868042,,0.04688948392868042,
629,5039,,,-0.04686712846159935,,0.04686712846159935,
630,5047,,,-0.04689281806349754,,0.04689281806349754,
631,5049,,,,-0.04550313949584961,,0.04550313949584961
631,5055,,,-0.0468713641166687,,0.0468713641166687,
632,5063,,,-0.04687553644180298,,0.04687553644180298,
633,5071,,,-0.046872492879629135,,0.046872492879629135,
634,5079,,,-0.04687947407364845,,0.04687947407364845,
635,5087,,,-0.04688447713851929,,0.04688447713851929,
636,5095,,,-0.04688984155654907,,0.04688984155654907,
637,5099,,,,-0.056810855865478516,,0.056810855865478516
637,5103,,,-0.04684937000274658,,0.04684937000274658,
638,5111,,,-0.046867311000823975,,0.046867311000823975,
639,5119,,,-0.046893179416656494,,0.046893179416656494,
640,5127,,,-0.046880364418029785,,0.046880364418029785,
641,5135,,,-0.046868085861206055,,0.046868085861206055,
642,5143,,,-0.04688537120819092,,0.04688537120819092,
643,5149,,,,-0.04301595687866211,,0.04301595687866211
643,5151,,,-0.0468747615814209,,0.0468747615814209,
644,5159,,,-0.04688477888703346,,0.04688477888703346,
645,5167,,,-0.04687667265534401,,0.04687667265534401,
646,5175,,,-0.04686230421066284,,0.04686230421066284,
647,5183,,,-0.046865999698638916,,0.046865999698638916,
648,5191,,,-0.04687178134918213,,0.04687178134918213,
649,5199,,,,-0.046570777893066406,,0.046570777893066406
649,5199,,,-0.04687786102294922,,0.04687786102294922,
650,5207,,,-0.046864625066518784,,0.046864625066518784,
651,5215,,,-0.046873871237039566,,0.046873871237039566,
652,5223,,,-0.046840850263834,,0.046840850263834,
653,5231,,,-0.04688352346420288,,0.04688352346420288,
654,5239,,,-0.04686933755874634,,0.04686933755874634,
655,5247,,,-0.04687100648880005,,0.04687100648880005,
656,5249,,,,-0.04082822799682617,,0.04082822799682617
656,5255,,,-0.04687845706939697,,0.04687845706939697,
657,5263,,,-0.04687386751174927,,0.04687386751174927,
658,5271,,,-0.04684991016983986,,0.04684991016983986,
659,5279,,,-0.046890974044799805,,0.046890974044799805,
660,5287,,,-0.04686689376831055,,0.04686689376831055,
661,5295,,,-0.046880900859832764,,0.046880900859832764,
662,5299,,,,-0.039825439453125,,0.039825439453125
662,5303,,,-0.046879056841135025,,0.046879056841135025,
663,5311,,,-0.04687422513961792,,0.04687422513961792,
664,5319,,,-0.04688376560807228,,0.04688376560807228,
665,5327,,,-0.04687011241912842,,0.04687011241912842,
666,5335,,,-0.04689580202102661,,0.04689580202102661,
667,5343,,,-0.04688102379441261,,0.04688102379441261,
668,5349,,,,-0.051316261291503906,,0.051316261291503906
668,5351,,,-0.04684567451477051,,0.04684567451477051,
669,5359,,,-0.04689604043960571,,0.04689604043960571,
670,5367,,,-0.04686307907104492,,0.04686307907104492,
671,5375,,,-0.04688895121216774,,0.04688895121216774,
672,5383,,,-0.0468948557972908,,0.0468948557972908,
673,5391,,,-0.04688447713851929,,0.04688447713851929,
674,5399,,,,-0.04250144958496094,,0.04250144958496094
674,5399,,,-0.04688072204589844,,0.04688072204589844,
675,5407,,,-0.046865224838256836,,0.046865224838256836,
676,5415,,,-0.0468677282333374,,0.0468677282333374,
677,5423,,,-0.0468902550637722,,0.0468902550637722,
678,5431,,,-0.046868205070495605,,0.046868205070495605,
679,5439,,,-0.04688739776611328,,0.04688739776611328,
680,5447,,,-0.04688233137130737,,0.04688233137130737,
681,5449,,,,-0.053464412689208984,,0.053464412689208984
681,5455,,,-0.04688084125518799,,0.04688084125518799,
682,5463,,,-0.04686402902007103,,0.04686402902007103,
683,5471,,,-0.046870652586221695,,0.046870652586221695,
684,5479,,,-0.04688454046845436,,0.04688454046845436,
685,5487,,,-0.04687631130218506,,0.04687631130218506,
686,5495,,,-0.046879708766937256,,0.046879708766937256,
687,5499,,,,-0.0508732795715332,,0.0508732795715332
687,5503,,,-0.04688209295272827,,0.04688209295272827,
688,5511,,,-0.046881794929504395,,0.046881794929504395,
689,5519,,,-0.046875953674316406,,0.046875953674316406,
690,5527,,,-0.04687005281448364,,0.04687005281448364,
691,5535,,,-0.046867311000823975,,0.046867311000823975,
692,5543,,,-0.04689377546310425,,0.04689377546310425,
693,5549,,,,-0.04607677459716797,,0.04607677459716797
693,5551,,,-0.04687124490737915,,0.04687124490737915,
694,5559,,,-0.046875420957803726,,0.046875420957803726,
695,5567,,,-0.046867430210113525,,0.046867430210113525,
696,5575,,,-0.04688620567321777,,0.04688620567321777,
697,5583,,,-0.04687541350722313,,0.04687541350722313,
698,5591,,,-0.04687321558594704,,0.04687321558594704,
699,5599,,,,-0.05356168746948242,,0.05356168746948242
699,5599,,,-0.0468866266310215,,0.0468866266310215,
700,5607,,,-0.04686152935028076,,0.04686152935028076,
701,5615,,,-0.04687690734863281,,0.04687690734863281,
702,5623,,,-0.04687291383743286,,0.04687291383743286,
703,5631,,,-0.046885788440704346,,0.046885788440704346,
704,5639,,,-0.04688328504562378,,0.04688328504562378,
705,5647,,,-0.046844661235809326,,0.046844661235809326,
706,5649,,,,-0.04741048812866211,,0.04741048812866211
706,5655,,,-0.046883221715688705,,0.046883221715688705,
707,5663,,,-0.0468677319586277,,0.0468677319586277,
708,5671,,,-0.04688769578933716,,0.04688769578933716,
709,5679,,,-0.046857476234436035,,0.046857476234436035,
710,5687,,,-0.046908557415008545,,0.046908557415008545,
711,5695,,,-0.04686784744262695,,0.04686784744262695,
712,5699,,,,-0.040340423583984375,,0.040340423583984375
712,5703,,,-0.04688620939850807,,0.04688620939850807,
713,5711,,,-0.046892885118722916,,0.046892885118722916,
714,5719,,,-0.046908020973205566,,0.046908020973205566,
715,5727,,,-0.04688483476638794,,0.04688483476638794,
716,5735,,,-0.046878039836883545,,0.046878039836883545,
717,5743,,,-0.046884894371032715,,0.046884894371032715,
718,5749,,,,-0.04073667526245117,,0.04073667526245117
718,5751,,,-0.04688680171966553,,0.04688680171966553,
719,5759,,,-0.04688352346420288,,0.04688352346420288,
720,5767,,,-0.046872857958078384,,0.046872857958078384,
721,5775,,,-0.04689687490463257,,0.04689687490463257,
722,5783,,,-0.04687332734465599,,0.04687332734465599,
723,5791,,,-0.046873267740011215,,0.046873267740011215,
724,5799,,,,-0.05009174346923828,,0.05009174346923828
724,5799,,,-0.046885669231414795,,0.046885669231414795,
725,5807,,,-0.04689288139343262,,0.04689288139343262,
726,5815,,,-0.04686254262924194,,0.04686254262924194,
727,5823,,,-0.04688292741775513,,0.04688292741775513,
728,5831,,,-0.04690253734588623,,0.04690253734588623,
729,5839,,,-0.0468754768371582,,0.0468754768371582,
730,5847,,,-0.04687988758087158,,0.04687988758087158,
731,5849,,,,-0.040717124938964844,,0.040717124938964844
731,5855,,,-0.04688716307282448,,0.04688716307282448,
732,5863,,,-0.04689622297883034,,0.04689622297883034,
733,5871,,,-0.04688197001814842,,0.04688197001814842,
734,5879,,,-0.04684728384017944,,0.04684728384017944,
735,5887,,,-0.046884238719940186,,0.046884238719940186,
736,5895,,,-0.046893831342458725,,0.046893831342458725,
737,5899,,,,-0.05288410186767578,,0.05288410186767578
737,5903,,,-0.04686933755874634,,0.04686933755874634,
738,5911,,,-0.04687333479523659,,0.04687333479523659,
739,5919,,,-0.0469018816947937,,0.0469018816947937,
740,5927,,,-0.04688525199890137,,0.04688525199890137,
741,5935,,,-0.0468827523291111,,0.0468827523291111,
742,5943,,,-0.04687106981873512,,0.04687106981873512,
743,5949,,,,-0.0444793701171875,,0.0444793701171875
743,5951,,,-0.04687142372131348,,0.04687142372131348,
744,5959,,,-0.0469132624566555,,0.0469132624566555,
745,5967,,,-0.04688584432005882,,0.04688584432005882,
746,5975,,,-0.04689645394682884,,0.04689645394682884,
747,5983,,,-0.04686915874481201,,0.04686915874481201,
748,5991,,,-0.046878814697265625,,0.046878814697265625,
749,5999,,,,-0.04104423522949219,,0.04104423522949219
749,5999,,,-0.046884357929229736,,0.046884357929229736,
750,6007,,,-0.04690336808562279,,0.04690336808562279,
751,6015,,,-0.046858370304107666,,0.046858370304107666,
752,6023,,,-0.04684775695204735,,0.04684775695204735,
753,6031,,,-0.04685854911804199,,0.04685854911804199,
754,6039,,,-0.04689306020736694,,0.04689306020736694,
755,6047,,,-0.04689889773726463,,0.04689889773726463,
756,6049,,,,-0.04540824890136719,,0.04540824890136719
756,6055,,,-0.04687201976776123,,0.04687201976776123,
757,6063,,,-0.046888649463653564,,0.046888649463653564,
758,6071,,,-0.04688030481338501,,0.04688030481338501,
759,6079,,,-0.04688370227813721,,0.04688370227813721,
760,6087,,,-0.046887222677469254,,0.046887222677469254,
761,6095,,,-0.046863261610269547,,0.046863261610269547,
762,6099,,,,-0.04948234558105469,,0.04948234558105469
762,6103,,,-0.04690230265259743,,0.04690230265259743,
763,6111,,,-0.046897709369659424,,0.046897709369659424,
764,6119,,,-0.046891216188669205,,0.046891216188669205,
765,6127,,,-0.04687082767486572,,0.04687082767486572,
766,6135,,,-0.04689323902130127,,0.04689323902130127,
767,6143,,,-0.046886444091796875,,0.046886444091796875,
768,6149,,,,-0.04483795166015625,,0.04483795166015625
768,6151,,,-0.04690122604370117,,0.04690122604370117,
769,6159,,,-0.04688847064971924,,0.04688847064971924,
770,6167,,,-0.04685103893280029,,0.04685103893280029,
771,6175,,,-0.04689079523086548,,0.04689079523086548,
772,6183,,,-0.046887341886758804,,0.046887341886758804,
773,6191,,,-0.046858251094818115,,0.046858251094818115,
774,6199,,,,-0.05016279220581055,,0.05016279220581055
774,6199,,,-0.04689323902130127,,0.04689323902130127,
775,6207,,,-0.04689383506774902,,0.04689383506774902,
776,6215,,,-0.04688704386353493,,0.04688704386353493,
777,6223,,,-0.04688447713851929,,0.04688447713851929,
778,6231,,,-0.046877920627593994,,0.046877920627593994,
779,6239,,,-0.046887218952178955,,0.046887218952178955,
780,6247,,,-0.046893179416656494,,0.046893179416656494,
781,6249,,,,-0.04643058776855469,,0.04643058776855469
781,6255,,,-0.04685616493225098,,0.04685616493225098,
782,6263,,,-0.04688328132033348,,0.04688328132033348,
783,6271,,,-0.04688626155257225,,0.04688626155257225,
784,6279,,,-0.04687988758087158,,0.04687988758087158,
785,6287,,,-0.046915825456380844,,0.046915825456380844,
786,6295,,,-0.04689163342118263,,0.04689163342118263,
787,6299,,,,-0.04593706130981445,,0.04593706130981445
787,6303,,,-0.04688316583633423,,0.04688316583633423,
788,6311,,,-0.04688858985900879,,0.04688858985900879,
789,6319,,,-0.046900928020477295,,0.046900928020477295,
790,6327,,,-0.046897705644369125,,0.046897705644369125,
791,6335,,,-0.04689657688140869,,0.04689657688140869,
792,6343,,,-0.046887218952178955,,0.046887218952178955,
793,6349,,,,-0.04013395309448242,,0.04013395309448242
793,6351,,,-0.04690122604370117,,0.04690122604370117,
794,6359,,,-0.046894729137420654,,0.046894729137420654,
795,6367,,,-0.0468674898147583,,0.0468674898147583,
796,6375,,,-0.04689734801650047,,0.04689734801650047,
797,6383,,,-0.04689062014222145,,0.04689062014222145,
798,6391,,,-0.04690015688538551,,0.04690015688538551,
799,6399,,,,-0.04030942916870117,,0.04030942916870117
799,6399,,,-0.04686635732650757,,0.04686635732650757,
800,6407,,,-0.04690277576446533,,0.04690277576446533,
801,6415,,,-0.04689228534698486,,0.04689228534698486,
802,6423,,,-0.04691213369369507,,0.04691213369369507,
803,6431,,,-0.04690158739686012,,0.04690158739686012,
804,6439,,,-0.046885550022125244,,0.046885550022125244,
805,6447,,,-0.0468904972076416,,0.0468904972076416,
806,6449,,,,-0.040889739990234375,,0.040889739990234375
806,6455,,,-0.04688715934753418,,0.04688715934753418,
807,6463,,,-0.046897053718566895,,0.046897053718566895,
808,6471,,,-0.04687690734863281,,0.04687690734863281,
809,6479,,,-0.046883877366781235,,0.046883877366781235,
810,6487,,,-0.0468941330909729,,0.0468941330909729,
811,6495,,,-0.04690372943878174,,0.04690372943878174,
812,6499,,,,-0.050169944763183594,,0.050169944763183594
812,6503,,,-0.046905696392059326,,0.046905696392059326,
813,6511,,,-0.04688858985900879,,0.04688858985900879,
814,6519,,,-0.046897053718566895,,0.046897053718566895,
815,6527,,,-0.046862006187438965,,0.046862006187438965,
816,6535,,,-0.04688441380858421,,0.04688441380858421,
817,6543,,,-0.046904683113098145,,0.046904683113098145,
818,6549,,,,-0.056592464447021484,,0.056592464447021484
818,6551,,,-0.04688644036650658,,0.04688644036650658,
819,6559,,,-0.046909037977457047,,0.046909037977457047,
820,6567,,,-0.04690754413604736,,0.04690754413604736,
821,6575,,,-0.046901289373636246,,0.046901289373636246,
822,6583,,,-0.04690438508987427,,0.04690438508987427,
823,6591,,,-0.04686981439590454,,0.04686981439590454,
824,6599,,,,-0.044553279876708984,,0.044553279876708984
824,6599,,,-0.04689788818359375,,0.04689788818359375,
825,6607,,,-0.046904146671295166,,0.046904146671295166,
826,6615,,,-0.04688793793320656,,0.04688793793320656,
827,6623,,,-0.04689532518386841,,0.04689532518386841,
828,6631,,,-0.04688858985900879,,0.04688858985900879,
829,6639,,,-0.04689425230026245,,0.04689425230026245,
830,6647,,,-0.0468938946723938,,0.0468938946723938,
831,6649,,,,-0.04432106018066406,,0.04432106018066406
831,6655,,,-0.04691464081406593,,0.04691464081406593,
832,6663,,,-0.046869099140167236,,0.046869099140167236,
833,6671,,,-0.046846747398376465,,0.046846747398376465,
834,6679,,,-0.04689246043562889,,0.04689246043562889,
835,6687,,,-0.0468900166451931,,0.0468900166451931,
836,6695,,,-0.04690825939178467,,0.04690825939178467,
837,6699,,,,-0.05510425567626953,,0.05510425567626953
837,6703,,,-0.046856340020895004,,0.046856340020895004,
838,6711,,,-0.0468977689743042,,0.0468977689743042,
839,6719,,,-0.046895742416381836,,0.046895742416381836,
840,6727,,,-0.0468897819519043,,0.0468897819519043,
841,6735,,,-0.046887755393981934,,0.046887755393981934,
842,6743,,,-0.046857599169015884,,0.046857599169015884,
843,6749,,,,-0.04065561294555664,,0.04065561294555664
843,6751,,,-0.04687821492552757,,0.04687821492552757,
844,6759,,,-0.04690384864807129,,0.04690384864807129,
845,6767,,,-0.04689151048660278,,0.04689151048660278,
846,6775,,,-0.04689854010939598,,0.04689854010939598,
847,6783,,,-0.04688381776213646,,0.04688381776213646,
848,6791,,,-0.0468783974647522,,0.0468783974647522,
849,6799,,,,-0.04553985595703125,,0.04553985595703125
849,6799,,,-0.04689383506774902,,0.04689383506774902,
850,6807,,,-0.04691999405622482,,0.04691999405622482,
851,6815,,,-0.04688608646392822,,0.04688608646392822,
852,6823,,,-0.04688906669616699,,0.04688906669616699,
853,6831,,,-0.0468909777700901,,0.0468909777700901,
854,6839,,,-0.04689383506774902,,0.04689383506774902,
855,6847,,,-0.046899259090423584,,0.046899259090423584,
856,6849,,,,-0.04674243927001953,,0.04674243927001953
856,6855,,,-0.04690408706665039,,0.04690408706665039,
857,6863,,,-0.04689115285873413,,0.04689115285873413,
858,6871,,,-0.046891093254089355,,0.046891093254089355,
859,6879,,,-0.046851515769958496,,0.046851515769958496,
860,6887,,,-0.04688239097595215,,0.04688239097595215,
861,6895,,,-0.04688483104109764,,0.04688483104109764,
862,6899,,,,-0.048427581787109375,,0.048427581787109375
862,6903,,,-0.04689967259764671,,0.04689967259764671,
863,6911,,,-0.04690461978316307,,0.04690461978316307,
864,6919,,,-0.04690486565232277,,0.04690486565232277,
865,6927,,,-0.046880241483449936,,0.046880241483449936,
866,6935,,,-0.04688221216201782,,0.04688221216201782,
867,6943,,,-0.04688727855682373,,0.04688727855682373,
868,6949,,,,-0.04304647445678711,,0.04304647445678711
868,6951,,,-0.04693710803985596,,0.04693710803985596,
869,6959,,,-0.04690396413207054,,0.04690396413207054,
870,6967,,,-0.04690283536911011,,0.04690283536911011,
871,6975,,,-0.046896036714315414,,0.046896036714315414,
872,6983,,,-0.04687589406967163,,0.04687589406967163,
873,6991,,,-0.04689222574234009,,0.04689222574234009,
874,6999,,,,-0.06320953369140625,,0.06320953369140625
874,6999,,,-0.04689418897032738,,0.04689418897032738,
875,7007,,,-0.04687536135315895,,0.04687536135315895,
876,7015,,,-0.046911656856536865,,0.046911656856536865,
877,7023,,,-0.04689037799835205,,0.04689037799835205,
878,7031,,,-0.04688018932938576,,0.04688018932938576,
879,7039,,,-0.04688471555709839,,0.04688471555709839,
880,7047,,,-0.04690033197402954,,0.04690033197402954,
881,7049,,,,-0.046610355377197266,,0.046610355377197266
881,7055,,,-0.04688924551010132,,0.04688924551010132,
882,7063,,,-0.04690587893128395,,0.04690587893128395,
883,7071,,,-0.04689967632293701,,0.04689967632293701,
884,7079,,,-0.0469047985970974,,0.0469047985970974,
885,7087,,,-0.04690051078796387,,0.04690051078796387,
886,7095,,,-0.046908970922231674,,0.046908970922231674,
887,7099,,,,-0.051845550537109375,,0.051845550537109375
887,7103,,,-0.04690421000123024,,0.04690421000123024,
888,7111,,,-0.04693084955215454,,0.04693084955215454,
889,7119,,,-0.04688805341720581,,0.04688805341720581,
890,7127,,,-0.0469091534614563,,0.0469091534614563,
891,7135,,,-0.046902239322662354,,0.046902239322662354,
892,7143,,,-0.0468713641166687,,0.0468713641166687,
893,7149,,,,-0.05594062805175781,,0.05594062805175781
893,7151,,,-0.04689943790435791,,0.04689943790435791,
894,7159,,,-0.04690426215529442,,0.04690426215529442,
895,7167,,,-0.04690033569931984,,0.04690033569931984,
896,7175,,,-0.04690217971801758,,0.04690217971801758,
897,7183,,,-0.046904921531677246,,0.046904921531677246,
898,7191,,,-0.04690396785736084,,0.04690396785736084,
899,7199,,,,-0.04255104064941406,,0.04255104064941406
899,7199,,,-0.04690909385681152,,0.04690909385681152,
900,7207,,,-0.0469014011323452,,0.0469014011323452,
901,7215,,,-0.0468982495367527,,0.0468982495367527,
902,7223,,,-0.04691022261977196,,0.04691022261977196,
903,7231,,,-0.04688912630081177,,0.04688912630081177,
904,7239,,,-0.04688495397567749,,0.04688495397567749,
905,7247,,,-0.046890318393707275,,0.046890318393707275,
906,7249,,,,-0.04364728927612305,,0.04364728927612305
906,7255,,,-0.04691845178604126,,0.04691845178604126,
907,7263,,,-0.04689586162567139,,0.04689586162567139,
908,7271,,,-0.04688030481338501,,0.04688030481338501,
909,7279,,,-0.04690605401992798,,0.04690605401992798,
910,7287,,,-0.04690486192703247,,0.04690486192703247,
911,7295,,,-0.04690670594573021,,0.04690670594573021,
912,7299,,,,-0.052555084228515625,,0.052555084228515625
912,7303,,,-0.04690343141555786,,0.04690343141555786,
913,7311,,,-0.04692864790558815,,0.04692864790558815,
914,7319,,,-0.04691600799560547,,0.04691600799560547,
915,7327,,,-0.04689854383468628,,0.04689854383468628,
916,7335,,,-0.046943072229623795,,0.046943072229623795,
917,7343,,,-0.04690784588456154,,0.04690784588456154,
918,7349,,,,-0.050314903259277344,,0.050314903259277344
918,7351,,,-0.04690694808959961,,0.04690694808959961,
919,7359,,,-0.046898484230041504,,0.046898484230041504,
920,7367,,,-0.04691070318222046,,0.04691070318222046,
921,7375,,,-0.046917736530303955,,0.046917736530303955,
922,7383,,,-0.04689783230423927,,0.04689783230423927,
923,7391,,,-0.04692274332046509,,0.04692274332046509,
924,7399,,,,-0.04590797424316406,,0.04590797424316406
924,7399,,,-0.046908795833587646,,0.046908795833587646,
925,7407,,,-0.04689651355147362,,0.04689651355147362,
926,7415,,,-0.046916842460632324,,0.046916842460632324,
927,7423,,,-0.04692500829696655,,0.04692500829696655,
928,7431,,,-0.046860694885253906,,0.046860694885253906,
929,7439,,,-0.046907421201467514,,0.046907421201467514,
930,7447,,,-0.046888887882232666,,0.046888887882232666,
931,7449,,,,-0.04521989822387695,,0.04521989822387695
931,7455,,,-0.046912431716918945,,0.046912431716918945,
932,7463,,,-0.04691624641418457,,0.04691624641418457,
933,7471,,,-0.0469091534614563,,0.0469091534614563,
934,7479,,,-0.04691195860505104,,0.04691195860505104,
935,7487,,,-0.04690951108932495,,0.04690951108932495,
936,7495,,,-0.04688543081283569,,0.04688543081283569,
937,7499,,,,-0.03748464584350586,,0.03748464584350586
937,7503,,,-0.04691267013549805,,0.04691267013549805,
938,7511,,,-0.04689865931868553,,0.04689865931868553,
939,7519,,,-0.04691457748413086,,0.04691457748413086,
940,7527,,,-0.04693484678864479,,0.04693484678864479,
941,7535,,,-0.046902239322662354,,0.046902239322662354,
942,7543,,,-0.04692048206925392,,0.04692048206925392,
943,7549,,,,-0.0495610237121582,,0.0495610237121582
943,7551,,,-0.04689168930053711,,0.04689168930053711,
944,7559,,,-0.04690659046173096,,0.04690659046173096,
945,7567,,,-0.04691392555832863,,0.04691392555832863,
946,7575,,,-0.04690008983016014,,0.04690008983016014,
947,7583,,,-0.04689997434616089,,0.04689997434616089,
948,7591,,,-0.046895623207092285,,0.046895623207092285,
949,7599,,,,-0.04860115051269531,,0.04860115051269531
949,7599,,,-0.046904027462005615,,0.046904027462005615,
950,7607,,,-0.0469096302986145,,0.0469096302986145,
951,7615,,,-0.04688316211104393,,0.04688316211104393,
952,7623,,,-0.04692966118454933,,0.04692966118454933,
953,7631,,,-0.04689818620681763,,0.04689818620681763,
954,7639,,,-0.046918272972106934,,0.046918272972106934,
955,7647,,,-0.046917978674173355,,0.046917978674173355,
956,7649,,,,-0.04141807556152344,,0.04141807556152344
956,7655,,,-0.0469135046005249,,0.0469135046005249,
957,7663,,,-0.04689532518386841,,0.04689532518386841,
958,7671,,,-0.04689943790435791,,0.04689943790435791,
959,7679,,,-0.04682135581970215,,0.04682135581970215,
960,7687,,,-0.04687988758087158,,0.04687988758087158,
961,7695,,,-0.04690689221024513,,0.04690689221024513,
962,7699,,,,-0.041521549224853516,,0.041521549224853516
962,7703,,,-0.046920716762542725,,0.046920716762542725,
963,7711,,,-0.04690771922469139,,0.04690771922469139,
964,7719,,,-0.04690831899642944,,0.04690831899642944,
965,7727,,,-0.046907246112823486,,0.046907246112823486,
966,7735,,,-0.04691619053483009,,0.04691619053483009,
967,7743,,,-0.04690665379166603,,0.04690665379166603,
968,7749,,,,-0.045230865478515625,,0.045230865478515625
968,7751,,,-0.04689669609069824,,0.04689669609069824,
969,7759,,,-0.04694157838821411,,0.04694157838821411,
970,7767,,,-0.04691534861922264,,0.04691534861922264,
971,7775,,,-0.04692232608795166,,0.04692232608795166,
972,7783,,,-0.046937406063079834,,0.046937406063079834,
973,7791,,,-0.046911418437957764,,0.046911418437957764,
974,7799,,,,-0.046851158142089844,,0.046851158142089844
974,7799,,,-0.04690897837281227,,0.04690897837281227,
975,7807,,,-0.046918511390686035,,0.046918511390686035,
976,7815,,,-0.04688668251037598,,0.04688668251037598,
977,7823,,,-0.046920955181121826,,0.046920955181121826,
978,7831,,,-0.046929772943258286,,0.046929772943258286,
979,7839,,,-0.04690450429916382,,0.04690450429916382,
980,7847,,,-0.046925127506256104,,0.046925127506256104,
981,7849,,,,-0.049807071685791016,,0.049807071685791016
981,7855,,,-0.04690265655517578,,0.04690265655517578,
982,7863,,,-0.04692554473876953,,0.04692554473876953,
983,7871,,,-0.04689716920256615,,0.04689716920256615,
984,7879,,,-0.04690754786133766,,0.04690754786133766,
985,7887,,,-0.04692292585968971,,0.04692292585968971,
986,7895,,,-0.046943724155426025,,0.046943724155426025,
987,7899,,,,-0.04158163070678711,,0.04158163070678711
987,7903,,,-0.04690498113632202,,0.04690498113632202,
988,7911,,,-0.04689502716064453,,0.04689502716064453,
989,7919,,,-0.04690474644303322,,0.04690474644303322,
990,7927,,,-0.04692733287811279,,0.04692733287811279,
991,7935,,,-0.0469091534614563,,0.0469091534614563,
992,7943,,,-0.04690498113632202,,0.04690498113632202,
993,7949,,,,-0.04802894592285156,,0.04802894592285156
993,7951,,,-0.046927571296691895,,0.046927571296691895,
994,7959,,,-0.04693335294723511,,0.04693335294723511,
995,7967,,,-0.046908795833587646,,0.046908795833587646,
996,7975,,,-0.046924952417612076,,0.046924952417612076,
997,7983,,,-0.04688531160354614,,0.04688531160354614,
998,7991,,,-0.04691135883331299,,0.04691135883331299,
999,7999,,,,-0.05462074279785156,,0.05462074279785156
999,7999,,,-0.04692017659544945,,0.04692017659544945,
1000,8007,,,-0.046911001205444336,,0.046911001205444336,
1001,8015,,,-0.04692423716187477,,0.04692423716187477,
1002,8023,,,-0.04691261053085327,,0.04691261053085327,
1003,8031,,,-0.046911001205444336,,0.046911001205444336,
1004,8039,,,-0.046907003968954086,,0.046907003968954086,
1005,8047,,,-0.04691249132156372,,0.04691249132156372,
1006,8049,,,,-0.05199432373046875,,0.05199432373046875
1006,8055,,,-0.0469093918800354,,0.0469093918800354,
1007,8063,,,-0.04691922664642334,,0.04691922664642334,
1008,8071,,,-0.04691005125641823,,0.04691005125641823,
1009,8079,,,-0.04690742492675781,,0.04690742492675781,
1010,8087,,,-0.04690206050872803,,0.04690206050872803,
1011,8095,,,-0.04693466052412987,,0.04693466052412987,
1012,8099,,,,-0.04260826110839844,,0.04260826110839844
1012,8103,,,-0.04691636562347412,,0.04691636562347412,
1013,8111,,,-0.046946823596954346,,0.046946823596954346,
1014,8119,,,-0.04691052809357643,,0.04691052809357643,
1015,8127,,,-0.04689741134643555,,0.04689741134643555,
1016,8135,,,-0.04692792892456055,,0.04692792892456055,
1017,8143,,,-0.04690677300095558,,0.04690677300095558,
1018,8149,,,,-0.05408191680908203,,0.05408191680908203
1018,8151,,,-0.04688751697540283,,0.04688751697540283,
1019,8159,,,-0.04692310094833374,,0.04692310094833374,
1020,8167,,,-0.04692364111542702,,0.04692364111542702,
1021,8175,,,-0.04693490266799927,,0.04693490266799927,
1022,8183,,,-0.0469132699072361,,0.0469132699072361,
1023,8191,,,-0.04692215099930763,,0.04692215099930763,
1024,8199,,,,-0.045993804931640625,,0.045993804931640625
1024,8199,,,-0.04692941531538963,,0.04692941531538963,
1025,8207,,,-0.046884894371032715,,0.046884894371032715,
1026,8215,,,-0.046911243349313736,,0.046911243349313736,
1027,8223,,,-0.04690122231841087,,0.04690122231841087,
1028,8231,,,-0.046920180320739746,,0.046920180320739746,
1029,8239,,,-0.04690951108932495,,0.04690951108932495,
1030,8247,,,-0.046955645084381104,,0.046955645084381104,
1031,8249,,,,-0.056209564208984375,,0.056209564208984375
1031,8255,,,-0.046917855739593506,,0.046917855739593506,
1032,8263,,,-0.04691087827086449,,0.04691087827086449,
1033,8271,,,-0.04691285267472267,,0.04691285267472267,
1034,8279,,,-0.04692351818084717,,0.04692351818084717,
1035,8287,,,-0.04690253734588623,,0.04690253734588623,
1036,8295,,,-0.046915531158447266,,0.046915531158447266,
1037,8299,,,,-0.043073177337646484,,0.043073177337646484
1037,8303,,,-0.04692655801773071,,0.04692655801773071,
1038,8311,,,-0.04691821336746216,,0.04691821336746216,
1039,8319,,,-0.04689968004822731,,0.04689968004822731,
1040,8327,,,-0.04690593108534813,,0.04690593108534813,
1041,8335,,,-0.04691148176789284,,0.04691148176789284,
1042,8343,,,-0.04691743850708008,,0.04691743850708008,
1043,8349,,,,-0.05088043212890625,,0.05088043212890625
1043,8351,,,-0.04690361022949219,,0.04690361022949219,
1044,8359,,,-0.046892937272787094,,0.046892937272787094,
1045,8367,,,-0.04690421000123024,,0.04690421000123024,
1046,8375,,,-0.04690474644303322,,0.04690474644303322,
1047,8383,,,-0.046915773302316666,,0.046915773302316666,
1048,8391,,,-0.046910639852285385,,0.046910639852285385,
1049,8399,,,,-0.04479646682739258,,0.04479646682739258
1049,8399,,,-0.046917617321014404,,0.046917617321014404,
1050,8407,,,-0.046907246112823486,,0.046907246112823486,
1051,8415,,,-0.04691118001937866,,0.04691118001937866,
1052,8423,,,-0.04692738875746727,,0.04692738875746727,
1053,8431,,,-0.04690247401595116,,0.04690247401595116,
1054,8439,,,-0.04690128564834595,,0.04690128564834595,
1055,8447,,,-0.046911537647247314,,0.046911537647247314,
1056,8449,,,,-0.05370378494262695,,0.05370378494262695
1056,8455,,,-0.04690665006637573,,0.04690665006637573,
1057,8463,,,-0.04687982797622681,,0.04687982797622681,
1058,8471,,,-0.046921368688344955,,0.046921368688344955,
1059,8479,,,-0.04692363739013672,,0.04692363739013672,
1060,8487,,,-0.04693567380309105,,0.04693567380309105,
1061,8495,,,-0.04690498113632202,,0.04690498113632202,
1062,8499,,,,-0.0391697883605957,,0.0391697883605957
1062,8503,,,-0.046943843364715576,,0.046943843364715576,
1063,8511,,,-0.046922266483306885,,0.046922266483306885,
1064,8519,,,-0.046918634325265884,,0.046918634325265884,
1065,8527,,,-0.04694467782974243,,0.04694467782974243,
1066,8535,,,-0.04691857472062111,,0.04691857472062111,
1067,8543,,,-0.046919822692871094,,0.046919822692871094,
1068,8549,,,,-0.047627925872802734,,0.047627925872802734
1068,8551,,,-0.04691678285598755,,0.04691678285598755,
1069,8559,,,-0.046926792711019516,,0.046926792711019516,
1070,8567,,,-0.0469244122505188,,0.0469244122505188,
1071,8575,,,-0.04689812287688255,,0.04689812287688255,
1072,8583,,,-0.046924833208322525,,0.046924833208322525,
1073,8591,,,-0.04691600799560547,,0.04691600799560547,
1074,8599,,,,-0.04702138900756836,,0.04702138900756836
1074,8599,,,-0.0469210147857666,,0.0469210147857666,
1075,8607,,,-0.04693412780761719,,0.04693412780761719,
1076,8615,,,-0.046918097883462906,,0.046918097883462906,
1077,8623,,,-0.046925488859415054,,0.046925488859415054,
1078,8631,,,-0.046906232833862305,,0.046906232833862305,
1079,8639,,,-0.046913981437683105,,0.046913981437683105,
1080,8647,,,-0.046927276998758316,,0.046927276998758316,
1081,8649,,,,-0.039669036865234375,,0.039669036865234375
1081,8655,,,-0.04687303304672241,,0.04687303304672241,
1082,8663,,,-0.04687744379043579,,0.04687744379043579,
1083,8671,,,-0.04690409079194069,,0.04690409079194069,
1084,8679,,,-0.04690897464752197,,0.04690897464752197,
1085,8687,,,-0.04692375659942627,,0.04692375659942627,
1086,8695,,,-0.04690194129943848,,0.04690194129943848,
1087,8699,,,,-0.05058765411376953,,0.05058765411376953
1087,8703,,,-0.04692178964614868,,0.04692178964614868,
1088,8711,,,-0.04691481590270996,,0.04691481590270996,
1089,8719,,,-0.04691207408905029,,0.04691207408905029,
1090,8727,,,-0.04693096876144409,,0.04693096876144409,
1091,8735,,,-0.04692190885543823,,0.04692190885543823,
1092,8743,,,-0.04690730571746826,,0.04690730571746826,
1093,8749,,,,-0.05029439926147461,,0.05029439926147461
1093,8751,,,-0.04692519083619118,,0.04692519083619118,
1094,8759,,,-0.04694104194641113,,0.04694104194641113,
1095,8767,,,-0.04690069332718849,,0.04690069332718849,
1096,8775,,,-0.04690932482481003,,0.04690932482481003,
1097,8783,,,-0.046914100646972656,,0.046914100646972656,
1098,8791,,,-0.04692286252975464,,0.04692286252975464,
1099,8799,,,,-0.043210506439208984,,0.043210506439208984
1099,8799,,,-0.04691958427429199,,0.04691958427429199,
1100,8807,,,-0.04692995920777321,,0.04692995920777321,
1101,8815,,,-0.04691886529326439,,0.04691886529326439,
1102,8823,,,-0.04690831899642944,,0.04690831899642944,
1103,8831,,,-0.046909864991903305,,0.046909864991903305,
1104,8839,,,-0.046909451484680176,,0.046909451484680176,
1105,8847,,,-0.046938661485910416,,0.046938661485910416,
1106,8849,,,,-0.048447608947753906,,0.048447608947753906
1106,8855,,,-0.04692411050200462,,0.04692411050200462,
1107,8863,,,-0.04691886901855469,,0.04691886901855469,
1108,8871,,,-0.046928584575653076,,0.046928584575653076,
1109,8879,,,-0.046918150037527084,,0.046918150037527084,
1110,8887,,,-0.04691922664642334,,0.04691922664642334,
1111,8895,,,-0.04687678813934326,,0.04687678813934326,
1112,8899,,,,-0.05286550521850586,,0.05286550521850586
1112,8903,,,-0.04693257808685303,,0.04693257808685303,
1113,8911,,,-0.04689544439315796,,0.04689544439315796,
1114,8919,,,-0.04689556732773781,,0.04689556732773781,
1115,8927,,,-0.04695308208465576,,0.04695308208465576,
1116,8935,,,-0.046930015087127686,,0.046930015087127686,
1117,8943,,,-0.046914100646972656,,0.046914100646972656,
1118,8949,,,,-0.05037403106689453,,0.05037403106689453
1118,8951,,,-0.046942830085754395,,0.046942830085754395,
1119,8959,,,-0.04693120718002319,,0.04693120718002319,
1120,8967,,,-0.046925485134124756,,0.046925485134124756,
1121,8975,,,-0.04688430204987526,,0.04688430204987526,
1122,8983,,,-0.046921610832214355,,0.046921610832214355,
1123,8991,,,-0.04694169759750366,,0.04694169759750366,
1124,8999,,,,-0.0440068244934082,,0.0440068244934082
1124,8999,,,-0.04692118987441063,,0.04692118987441063,
1125,9007,,,-0.046897709369659424,,0.046897709369659424,
1126,9015,,,-0.04693734273314476,,0.04693734273314476,
1127,9023,,,-0.04691976308822632,,0.04691976308822632,
1128,9031,,,-0.04693323373794556,,0.04693323373794556,
1129,9039,,,-0.046913567930459976,,0.046913567930459976,
1130,9047,,,-0.04691756144165993,,0.04691756144165993,
1131,9049,,,,-0.04004859924316406,,0.04004859924316406
1131,9055,,,-0.0469285249710083,,0.0469285249710083,
1132,9063,,,-0.04691523313522339,,0.04691523313522339,
1133,9071,,,-0.04689836874604225,,0.04689836874604225,
1134,9079,,,-0.04693806543946266,,0.04693806543946266,
1135,9087,,,-0.04691934585571289,,0.04691934585571289,
1136,9095,,,-0.0469200573861599,,0.0469200573861599,
1137,9099,,,,-0.037236690521240234,,0.037236690521240234
1137,9103,,,-0.046930789947509766,,0.046930789947509766,
1138,9111,,,-0.04690563306212425,,0.04690563306212425,
1139,9119,,,-0.046928584575653076,,0.046928584575653076,
1140,9127,,,-0.046935975551605225,,0.046935975551605225,
1141,9135,,,-0.046903133392333984,,0.046903133392333984,
1142,9143,,,-0.04691392183303833,,0.04691392183303833,
1143,9149,,,,-0.05619668960571289,,0.05619668960571289
1143,9151,,,-0.046925488859415054,,0.046925488859415054,
1144,9159,,,-0.04690593481063843,,0.04690593481063843,
1145,9167,,,-0.04693877696990967,,0.04693877696990967,
1146,9175,,,-0.04691195860505104,,0.04691195860505104,
1147,9183,,,-0.04691457375884056,,0.04691457375884056,
1148,9191,,,-0.04693484678864479,,0.04693484678864479,
1149,9199,,,,-0.05411195755004883,,0.05411195755004883
1149,9199,,,-0.046921487897634506,,0.046921487897634506,
1150,9207,,,-0.04691534861922264,,0.04691534861922264,
1151,9215,,,-0.04692405089735985,,0.04692405089735985,
1152,9223,,,-0.04692113399505615,,0.04692113399505615,
1153,9231,,,-0.046945273876190186,,0.046945273876190186,
1154,9239,,,-0.046927690505981445,,0.046927690505981445,
1155,9247,,,-0.04690473526716232,,0.04690473526716232,
1156,9249,,,,-0.04788684844970703,,0.04788684844970703
1156,9255,,,-0.046943310648202896,,0.046943310648202896,
1157,9263,,,-0.04692191258072853,,0.04692191258072853,
1158,9271,,,-0.046919822692871094,,0.046919822692871094,
1159,9279,,,-0.046927034854888916,,0.046927034854888916,
1160,9287,,,-0.04692476987838745,,0.04692476987838745,
1161,9295,,,-0.04693466052412987,,0.04693466052412987,
1162,9299,,,,-0.05025196075439453,,0.05025196075439453
1162,9303,,,-0.04694032669067383,,0.04694032669067383,
1163,9311,,,-0.04690563306212425,,0.04690563306212425,
1164,9319,,,-0.04690670967102051,,0.04690670967102051,
1165,9327,,,-0.04691850766539574,,0.04691850766539574,
1166,9335,,,-0.046948015689849854,,0.046948015689849854,
1167,9343,,,-0.04692840576171875,,0.04692840576171875,
1168,9349,,,,-0.059121131896972656,,0.059121131896972656
1168,9351,,,-0.04689348116517067,,0.04689348116517067,
1169,9359,,,-0.04692816734313965,,0.04692816734313965,
1170,9367,,,-0.04693460837006569,,0.04693460837006569,
1171,9375,,,-0.04692697897553444,,0.04692697897553444,
1172,9383,,,-0.04692697897553444,,0.04692697897553444,
1173,9391,,,-0.046925123780965805,,0.046925123780965805,
1174,9399,,,,-0.0391082763671875,,0.0391082763671875
1174,9399,,,-0.046921730041503906,,0.046921730041503906,
1175,9407,,,-0.04693335294723511,,0.04693335294723511,
1176,9415,,,-0.04692763090133667,,0.04692763090133667,
1177,9423,,,-0.04690295457839966,,0.04690295457839966,
1178,9431,,,-0.046913739293813705,,0.046913739293813705,
1179,9439,,,-0.04694712534546852,,0.04694712534546852,
1180,9447,,,-0.046926915645599365,,0.046926915645599365,
1181,9449,,,,-0.048984527587890625,,0.048984527587890625
1181,9455,,,-0.04692119359970093,,0.04692119359970093,
1182,9463,,,-0.046923816204071045,,0.046923816204071045,
1183,9471,,,-0.04692167043685913,,0.04692167043685913,
1184,9479,,,-0.04687613621354103,,0.04687613621354103,
1185,9487,,,-0.0469323992729187,,0.0469323992729187,
1186,9495,,,-0.046921730041503906,,0.046921730041503906,
1187,9499,,,,-0.05844306945800781,,0.05844306945800781
1187,9503,,,-0.0469585619866848,,0.0469585619866848,
1188,9511,,,-0.04693347215652466,,0.04693347215652466,
1189,9519,,,-0.046916961669921875,,0.046916961669921875,
1190,9527,,,-0.04691195487976074,,0.04691195487976074,
1191,9535,,,-0.04692632332444191,,0.04692632332444191,
1192,9543,,,-0.0469052717089653,,0.0469052717089653,
1193,9549,,,,-0.051375389099121094,,0.051375389099121094
1193,9551,,,-0.046908557415008545,,0.046908557415008545,
1194,9559,,,-0.046910520642995834,,0.046910520642995834,
1195,9567,,,-0.046936213970184326,,0.046936213970184326,
1196,9575,,,-0.046927809715270996,,0.046927809715270996,
1197,9583,,,-0.046926792711019516,,0.046926792711019516,
1198,9591,,,-0.04692274332046509,,0.04692274332046509,
1199,9599,,,,-0.04619741439819336,,0.04619741439819336
1199,9599,,,-0.04692256078124046,,0.04692256078124046,
1200,9607,,,-0.04692023992538452,,0.04692023992538452,
1201,9615,,,-0.04692721366882324,,0.04692721366882324,
1202,9623,,,-0.04693979024887085,,0.04693979024887085,
1203,9631,,,-0.046937763690948486,,0.046937763690948486,
1204,9639,,,-0.046914760023355484,,0.046914760023355484,
1205,9647,,,-0.04693198204040527,,0.04693198204040527,
1206,9649,,,,-0.05063629150390625,,0.05063629150390625
1206,9655,,,-0.04692954197525978,,0.04692954197525978,
1207,9663,,,-0.04691368341445923,,0.04691368341445923,
1208,9671,,,-0.04693019017577171,,0.04693019017577171,
1209,9679,,,-0.046929895877838135,,0.046929895877838135,
1210,9687,,,-0.04691058397293091,,0.04691058397293091,
1211,9695,,,-0.04692066088318825,,0.04692066088318825,
1212,9699,,,,-0.04196786880493164,,0.04196786880493164
1212,9703,,,-0.046940386295318604,,0.046940386295318604,
1213,9711,,,-0.04691755771636963,,0.04691755771636963,
1214,9719,,,-0.04693043231964111,,0.04693043231964111,
1215,9727,,,-0.04694157466292381,,0.04694157466292381,
1216,9735,,,-0.04691177234053612,,0.04691177234053612,
1217,9743,,,-0.04693794250488281,,0.04693794250488281,
1218,9749,,,,-0.044278621673583984,,0.044278621673583984
1218,9751,,,-0.04693228006362915,,0.04693228006362915,
1219,9759,,,-0.04696452617645264,,0.04696452617645264,
1220,9767,,,-0.04694586992263794,,0.04694586992263794,
1221,9775,,,-0.04694724082946777,,0.04694724082946777,
1222,9783,,,-0.04693800210952759,,0.04693800210952759,
1223,9791,,,-0.046915825456380844,,0.046915825456380844,
1224,9799,,,,-0.05564308166503906,,0.05564308166503906
1224,9799,,,-0.04690045118331909,,0.04690045118331909,
1225,9807,,,-0.04693632945418358,,0.04693632945418358,
1226,9815,,,-0.04693847894668579,,0.04693847894668579,
1227,9823,,,-0.04693085327744484,,0.04693085327744484,
1228,9831,,,-0.046916719526052475,,0.046916719526052475,
1229,9839,,,-0.046908680349588394,,0.046908680349588394,
1230,9847,,,-0.04693644866347313,,0.04693644866347313,
1231,9849,,,,-0.041834354400634766,,0.041834354400634766
1231,9855,,,-0.04694610461592674,,0.04694610461592674,
1232,9863,,,-0.04690736532211304,,0.04690736532211304,
1233,9871,,,-0.046928346157073975,,0.046928346157073975,
1234,9879,,,-0.04693323373794556,,0.04693323373794556,
1235,9887,,,-0.046932756900787354,,0.046932756900787354,
1236,9895,,,-0.04692518711090088,,0.04692518711090088,
1237,9899,,,,-0.045443058013916016,,0.045443058013916016
1237,9903,,,-0.046928226947784424,,0.046928226947784424,
1238,9911,,,-0.04692739248275757,,0.04692739248275757,
1239,9919,,,-0.046932753175497055,,0.046932753175497055,
1240,9927,,,-0.04692674055695534,,0.04692674055695534,
1241,9935,,,-0.04692942276597023,,0.04692942276597023,
1242,9943,,,-0.04693257808685303,,0.04693257808685303,
1243,9949,,,,-0.050449371337890625,,0.050449371337890625
1243,9951,,,-0.04694056510925293,,0.04694056510925293,
1244,9959,,,-0.04691678285598755,,0.04691678285598755,
1245,9967,,,-0.046922266483306885,,0.046922266483306885,
1246,9975,,,-0.04692775011062622,,0.04692775011062622,
1247,9983,,,-0.04693847894668579,,0.04693847894668579,
1248,9991,,,-0.046928584575653076,,0.046928584575653076,
1249,9999,,,,-0.050579071044921875,,0.050579071044921875
1249,9999,,,-0.04693251848220825,,0.04693251848220825,
1250,10007,,,-0.046938419342041016,,0.046938419342041016,
1251,10015,,,-0.046925369650125504,,0.046925369650125504,
1252,10023,,,-0.04692435264587402,,0.04692435264587402,
1253,10031,,,-0.04692215099930763,,0.04692215099930763,
1254,10039,,,-0.04694521427154541,,0.04694521427154541,
1255,10047,,,-0.04692905768752098,,0.04692905768752098,
1256,10049,,,,-0.048009395599365234,,0.048009395599365234
1256,10055,,,-0.04693537950515747,,0.04693537950515747,
1257,10063,,,-0.0469212532043457,,0.0469212532043457,
1258,10071,,,-0.04692929983139038,,0.04692929983139038,
1259,10079,,,-0.046935975551605225,,0.046935975551605225,
1260,10087,,,-0.046939074993133545,,0.046939074993133545,
1261,10095,,,-0.04693245887756348,,0.04693245887756348,
1262,10099,,,,-0.04534196853637695,,0.04534196853637695
1262,10103,,,-0.04693454131484032,,0.04693454131484032,
1263,10111,,,-0.04691988602280617,,0.04691988602280617,
1264,10119,,,-0.04694217070937157,,0.04694217070937157,
1265,10127,,,-0.04690033197402954,,0.04690033197402954,
1266,10135,,,-0.046942710876464844,,0.046942710876464844,
1267,10143,,,-0.04692208766937256,,0.04692208766937256,
1268,10149,,,,-0.04943227767944336,,0.04943227767944336
1268,10151,,,-0.046932514756917953,,0.046932514756917953,
1269,10159,,,-0.04694086313247681,,0.04694086313247681,
1270,10167,,,-0.04693108797073364,,0.04693108797073364,
1271,10175,,,-0.04691809415817261,,0.04691809415817261,
1272,10183,,,-0.04694056510925293,,0.04694056510925293,
1273,10191,,,-0.04693984612822533,,0.04693984612822533,
1274,10199,,,,-0.04488801956176758,,0.04488801956176758
1274,10199,,,-0.046921256929636,,0.046921256929636,
1275,10207,,,-0.04692536219954491,,0.04692536219954491,
1276,10215,,,-0.046924952417612076,,0.046924952417612076,
1277,10223,,,-0.04693806543946266,,0.04693806543946266,
1278,10231,,,-0.04693591967225075,,0.04693591967225075,
1279,10239,,,-0.04692298173904419,,0.04692298173904419,
1280,10247,,,-0.046947181224823,,0.046947181224823,
1281,10249,,,,-0.04660463333129883,,0.04660463333129883
1281,10255,,,-0.04693847522139549,,0.04693847522139549,
1282,10263,,,-0.04694509133696556,,0.04694509133696556,
1283,10271,,,-0.04694181680679321,,0.04694181680679321,
1284,10279,,,-0.04691416025161743,,0.04691416025161743,
1285,10287,,,-0.04692983254790306,,0.04692983254790306,
1286,10295,,,-0.046929240226745605,,0.046929240226745605,
1287,10299,,,,-0.042223453521728516,,0.042223453521728516
1287,10303,,,-0.04692584648728371,,0.04692584648728371,
1288,10311,,,-0.04693615809082985,,0.04693615809082985,
1289,10319,,,-0.04694265127182007,,0.04694265127182007,
1290,10327,,,-0.04695534706115723,,0.04695534706115723,
1291,10335,,,-0.04692792519927025,,0.04692792519927025,
1292,10343,,,-0.04692333936691284,,0.04692333936691284,
1293,10349,,,,-0.049837589263916016,,0.049837589263916016
1293,10351,,,-0.0469481386244297,,0.0469481386244297,
1294,10359,,,-0.046913329511880875,,0.046913329511880875,
1295,10367,,,-0.046939849853515625,,0.046939849853515625,
1296,10375,,,-0.04692685604095459,,0.04692685604095459,
1297,10383,,,-0.046943485736846924,,0.046943485736846924,
1298,10391,,,-0.04696226119995117,,0.04696226119995117,
1299,10399,,,,-0.040546417236328125,,0.040546417236328125
1299,10399,,,-0.04693514481186867,,0.04693514481186867,
1300,10407,,,-0.04692602530121803,,0.04692602530121803,
1301,10415,,,-0.04692208766937256,,0.04692208766937256,
1302,10423,,,-0.046956297010183334,,0.046956297010183334,
1303,10431,,,-0.046915773302316666,,0.046915773302316666,
1304,10439,,,-0.04694080352783203,,0.04694080352783203,
1305,10447,,,-0.04698449373245239,,0.04698449373245239,
1306,10449,,,,-0.05093050003051758,,0.05093050003051758
1306,10455,,,-0.04693198576569557,,0.04693198576569557,
1307,10463,,,-0.04692774638533592,,0.04692774638533592,
1308,10471,,,-0.046929776668548584,,0.046929776668548584,
1309,10479,,,-0.04692036285996437,,0.04692036285996437,
1310,10487,,,-0.0469479002058506,,0.0469479002058506,
1311,10495,,,-0.04692130908370018,,0.04692130908370018,
1312,10499,,,,-0.051901817321777344,,0.051901817321777344
1312,10503,,,-0.04693162068724632,,0.04693162068724632,
1313,10511,,,-0.04695296287536621,,0.04695296287536621,
1314,10519,,,-0.046922385692596436,,0.046922385692596436,
1315,10527,,,-0.04695338010787964,,0.04695338010787964,
1316,10535,,,-0.04692215099930763,,0.04692215099930763,
1317,10543,,,-0.0469173789024353,,0.0469173789024353,
1318,10549,,,,-0.05392313003540039,,0.05392313003540039
1318,10551,,,-0.046951115131378174,,0.046951115131378174,
1319,10559,,,-0.04693633317947388,,0.04693633317947388,
1320,10567,,,-0.04692458733916283,,0.04692458733916283,
1321,10575,,,-0.046931441873311996,,0.046931441873311996,
1322,10583,,,-0.04692113399505615,,0.04692113399505615,
1323,10591,,,-0.046926382929086685,,0.046926382929086685,
1324,10599,,,,-0.041140079498291016,,0.041140079498291016
1324,10599,,,-0.046891987323760986,,0.046891987323760986,
1325,10607,,,-0.04694497212767601,,0.04694497212767601,
1326,10615,,,-0.046924471855163574,,0.046924471855163574,
1327,10623,,,-0.04692655801773071,,0.04692655801773071,
1328,10631,,,-0.046941518783569336,,0.046941518783569336,
1329,10639,,,-0.04691678285598755,,0.04691678285598755,
1330,10647,,,-0.04695558920502663,,0.04695558920502663,
1331,10649,,,,-0.029369354248046875,,0.029369354248046875
1331,10655,,,-0.04692131280899048,,0.04692131280899048,
1332,10663,,,-0.04693615809082985,,0.04693615809082985,
1333,10671,,,-0.04696255922317505,,0.04696255922317505,
1334,10679,,,-0.046935200691223145,,0.046935200691223145,
1335,10687,,,-0.046951472759246826,,0.046951472759246826,
1336,10695,,,-0.04693889617919922,,0.04693889617919922,
1337,10699,,,,-0.04128599166870117,,0.04128599166870117
1337,10703,,,-0.04691517353057861,,0.04691517353057861,
1338,10711,,,-0.04691845551133156,,0.04691845551133156,
1339,10719,,,-0.04694092273712158,,0.04694092273712158,
1340,10727,,,-0.046907007694244385,,0.046907007694244385,
1341,10735,,,-0.04693162068724632,,0.04693162068724632,
1342,10743,,,-0.04691910743713379,,0.04691910743713379,
1343,10749,,,,-0.040680885314941406,,0.040680885314941406
1343,10751,,,-0.046939849853515625,,0.046939849853515625,
1344,10759,,,-0.046948015689849854,,0.046948015689849854,
1345,10767,,,-0.04695063456892967,,0.04695063456892967,
1346,10775,,,-0.04695326089859009,,0.04695326089859009,
1347,10783,,,-0.04695391654968262,,0.04695391654968262,
1348,10791,,,-0.04693734645843506,,0.04693734645843506,
1349,10799,,,,-0.03884315490722656,,0.03884315490722656
1349,10799,,,-0.04694545269012451,,0.04694545269012451,
1350,10807,,,-0.04693204164505005,,0.04693204164505005,
1351,10815,,,-0.046941038221120834,,0.046941038221120834,
1352,10823,,,-0.04693561792373657,,0.04693561792373657,
1353,10831,,,-0.046942174434661865,,0.046942174434661865,
1354,10839,,,-0.04692363739013672,,0.04692363739013672,
1355,10847,,,-0.04694575071334839,,0.04694575071334839,
1356,10849,,,,-0.0553889274597168,,0.0553889274597168
1356,10855,,,-0.04694032669067383,,0.04694032669067383,
1357,10863,,,-0.04692656174302101,,0.04692656174302101,
1358,10871,,,-0.046980202198028564,,0.046980202198028564,
1359,10879,,,-0.04695648327469826,,0.04695648327469826,
1360,10887,,,-0.04693812131881714,,0.04693812131881714,
1361,10895,,,-0.046951115131378174,,0.046951115131378174,
1362,10899,,,,-0.034903526306152344,,0.034903526306152344
1362,10903,,,-0.04693251848220825,,0.04693251848220825,
1363,10911,,,-0.046940866857767105,,0.046940866857767105,
1364,10919,,,-0.04693424701690674,,0.04693424701690674,
1365,10927,,,-0.04693728685379028,,0.04693728685379028,
1366,10935,,,-0.04692923650145531,,0.04692923650145531,
1367,10943,,,-0.04694604501128197,,0.04694604501128197,
1368,10949,,,,-0.03908538818359375,,0.03908538818359375
1368,10951,,,-0.04697698354721069,,0.04697698354721069,
1369,10959,,,-0.046927571296691895,,0.046927571296691895,
1370,10967,,,-0.04694687947630882,,0.04694687947630882,
1371,10975,,,-0.046928346157073975,,0.046928346157073975,
1372,10983,,,-0.04692476987838745,,0.04692476987838745,
1373,10991,,,-0.04694241285324097,,0.04694241285324097,
1374,10999,,,,-0.042919158935546875,,0.042919158935546875
1374,10999,,,-0.046939317137002945,,0.046939317137002945,
1375,11007,,,-0.04694325104355812,,0.04694325104355812,
1376,11015,,,-0.04694861173629761,,0.04694861173629761,
1377,11023,,,-0.04693633317947388,,0.04693633317947388,
1378,11031,,,-0.04693692922592163,,0.04693692922592163,
1379,11039,,,-0.04692751169204712,,0.04692751169204712,
1380,11047,,,-0.046929240226745605,,0.046929240226745605,
1381,11049,,,,-0.05061817169189453,,0.05061817169189453
1381,11055,,,-0.04693955183029175,,0.04693955183029175,
1382,11063,,,-0.04694265127182007,,0.04694265127182007,
1383,11071,,,-0.04696345329284668,,0.04696345329284668,
1384,11079,,,-0.04695004224777222,,0.04695004224777222,
1385,11087,,,-0.04694950953125954,,0.04694950953125954,
1386,11095,,,-0.04693204164505005,,0.04693204164505005,
1387,11099,,,,-0.04030323028564453,,0.04030323028564453
1387,11103,,,-0.04692363739013672,,0.04692363739013672,
1388,11111,,,-0.04696303606033325,,0.04696303606033325,
1389,11119,,,-0.04693692550063133,,0.04693692550063133,
1390,11127,,,-0.04695725440979004,,0.04695725440979004,
1391,11135,,,-0.04695022106170654,,0.04695022106170654,
1392,11143,,,-0.04695231094956398,,0.04695231094956398,
1393,11149,,,,-0.05053281784057617,,0.05053281784057617
1393,11151,,,-0.046941161155700684,,0.046941161155700684,
1394,11159,,,-0.04694300889968872,,0.04694300889968872,
1395,11167,,,-0.0469629168510437,,0.0469629168510437,
1396,11175,,,-0.046940382570028305,,0.046940382570028305,
1397,11183,,,-0.04694008827209473,,0.04694008827209473,
1398,11191,,,-0.04690361022949219,,0.04690361022949219,
1399,11199,,,,-0.03865385055541992,,0.03865385055541992
1399,11199,,,-0.046956297010183334,,0.046956297010183334,
1400,11207,,,-0.046935975551605225,,0.046935975551605225,
1401,11215,,,-0.046932995319366455,,0.046932995319366455,
1402,11223,,,-0.04696136713027954,,0.04696136713027954,
1403,11231,,,-0.04695183038711548,,0.04695183038711548,
1404,11239,,,-0.04692930355668068,,0.04692930355668068,
1405,11247,,,-0.04694700241088867,,0.04694700241088867,
1406,11249,,,,-0.034761905670166016,,0.034761905670166016
1406,11255,,,-0.04694652557373047,,0.04694652557373047,
1407,11263,,,-0.04694109782576561,,0.04694109782576561,
1408,11271,,,-0.0469321608543396,,0.0469321608543396,
1409,11279,,,-0.04693758487701416,,0.04693758487701416,
1410,11287,,,-0.04695171117782593,,0.04695171117782593,
1411,11295,,,-0.046958744525909424,,0.046958744525909424,
1412,11299,,,,-0.04550457000732422,,0.04550457000732422
1412,11303,,,-0.04695409536361694,,0.04695409536361694,
1413,11311,,,-0.04692482948303223,,0.04692482948303223,
1414,11319,,,-0.04692560434341431,,0.04692560434341431,
1415,11327,,,-0.0469057559967041,,0.0469057559967041,
1416,11335,,,-0.04695307835936546,,0.04695307835936546,
1417,11343,,,-0.04694247618317604,,0.04694247618317604,
1418,11349,,,,-0.044185638427734375,,0.044185638427734375
1418,11351,,,-0.04694235324859619,,0.04694235324859619,
1419,11359,,,-0.046925004571676254,,0.046925004571676254,
1420,11367,,,-0.04691570997238159,,0.04691570997238159,
1421,11375,,,-0.04693782329559326,,0.04693782329559326,
1422,11383,,,-0.046946052461862564,,0.046946052461862564,
1423,11391,,,-0.04691452160477638,,0.04691452160477638,
1424,11399,,,,-0.0529327392578125,,0.0529327392578125
1424,11399,,,-0.0469508171081543,,0.0469508171081543,
1425,11407,,,-0.046911418437957764,,0.046911418437957764,
1426,11415,,,-0.04691767692565918,,0.04691767692565918,
1427,11423,,,-0.046934422105550766,,0.046934422105550766,
1428,11431,,,-0.046927571296691895,,0.046927571296691895,
1429,11439,,,-0.0469433069229126,,0.0469433069229126,
1430,11447,,,-0.04694068431854248,,0.04694068431854248,
1431,11449,,,,-0.040785789489746094,,0.040785789489746094
1431,11455,,,-0.04693710803985596,,0.04693710803985596,
1432,11463,,,-0.04693334922194481,,0.04693334922194481,
1433,11471,,,-0.04696935415267944,,0.04696935415267944,
1434,11479,,,-0.046936869621276855,,0.046936869621276855,
1435,11487,,,-0.046931032091379166,,0.046931032091379166,
1436,11495,,,-0.04693305492401123,,0.04693305492401123,
1437,11499,,,,-0.04675006866455078,,0.04675006866455078
1437,11503,,,-0.04691899195313454,,0.04691899195313454,
1438,11511,,,-0.04692023992538452,,0.04692023992538452,
1439,11519,,,-0.04694867134094238,,0.04694867134094238,
1440,11527,,,-0.046950701624155045,,0.046950701624155045,
1441,11535,,,-0.04694098234176636,,0.04694098234176636,
1442,11543,,,-0.04693186283111572,,0.04693186283111572,
1443,11549,,,,-0.04442644119262695,,0.04442644119262695
1443,11551,,,-0.04694884642958641,,0.04694884642958641,
1444,11559,,,-0.046949684619903564,,0.046949684619903564,
1445,11567,,,-0.0469437837600708,,0.0469437837600708,
1446,11575,,,-0.046940211206674576,,0.046940211206674576,
1447,11583,,,-0.04697185754776001,,0.04697185754776001,
1448,11591,,,-0.04693371430039406,,0.04693371430039406,
1449,11599,,,,-0.0564265251159668,,0.0564265251159668
1449,11599,,,-0.04694122448563576,,0.04694122448563576,
1450,11607,,,-0.04695064201951027,,0.04695064201951027,
1451,11615,,,-0.04694491997361183,,0.04694491997361183,
1452,11623,,,-0.04695582762360573,,0.04695582762360573,
1453,11631,,,-0.04694265127182007,,0.04694265127182007,
1454,11639,,,-0.0469290055334568,,0.0469290055334568,
1455,11647,,,-0.04688769578933716,,0.04688769578933716,
1456,11649,,,,-0.04178619384765625,,0.04178619384765625
1456,11655,,,-0.04694831371307373,,0.04694831371307373,
1457,11663,,,-0.0469244122505188,,0.0469244122505188,
1458,11671,,,-0.046925902366638184,,0.046925902366638184,
1459,11679,,,-0.046919047832489014,,0.046919047832489014,
1460,11687,,,-0.046945393085479736,,0.046945393085479736,
1461,11695,,,-0.046968042850494385,,0.046968042850494385,
1462,11699,,,,-0.05358266830444336,,0.05358266830444336
1462,11703,,,-0.04696136713027954,,0.04696136713027954,
1463,11711,,,-0.046936750411987305,,0.046936750411987305,
1464,11719,,,-0.04693794623017311,,0.04693794623017311,
1465,11727,,,-0.046919822692871094,,0.046919822692871094,
1466,11735,,,-0.04693925380706787,,0.04693925380706787,
1467,11743,,,-0.04693060740828514,,0.04693060740828514,
1468,11749,,,,-0.038916587829589844,,0.038916587829589844
1468,11751,,,-0.046975910663604736,,0.046975910663604736,
1469,11759,,,-0.046906352043151855,,0.046906352043151855,
1470,11767,,,-0.0469670295715332,,0.0469670295715332,
1471,11775,,,-0.04692733287811279,,0.04692733287811279,
1472,11783,,,-0.04696786403656006,,0.04696786403656006,
1473,11791,,,-0.04693257436156273,,0.04693257436156273,
1474,11799,,,,-0.05430412292480469,,0.05430412292480469
1474,11799,,,-0.04693717136979103,,0.04693717136979103,
1475,11807,,,-0.04694998636841774,,0.04694998636841774,
1476,11815,,,-0.04693126678466797,,0.04693126678466797,
1477,11823,,,-0.04693347215652466,,0.04693347215652466,
1478,11831,,,-0.04692703112959862,,0.04692703112959862,
1479,11839,,,-0.04688518866896629,,0.04688518866896629,
1480,11847,,,-0.04698384553194046,,0.04698384553194046,
1481,11849,,,,-0.05561542510986328,,0.05561542510986328
1481,11855,,,-0.04695385694503784,,0.04695385694503784,
1482,11863,,,-0.04694676026701927,,0.04694676026701927,
1483,11871,,,-0.04695844650268555,,0.04695844650268555,
1484,11879,,,-0.0469401478767395,,0.0469401478767395,
1485,11887,,,-0.04694003239274025,,0.04694003239274025,
1486,11895,,,-0.04695439338684082,,0.04695439338684082,
1487,11899,,,,-0.05198812484741211,,0.05198812484741211
1487,11903,,,-0.04694849252700806,,0.04694849252700806,
1488,11911,,,-0.046929653733968735,,0.046929653733968735,
1489,11919,,,-0.046934306621551514,,0.046934306621551514,
1490,11927,,,-0.0469059944152832,,0.0469059944152832,
1491,11935,,,-0.046943604946136475,,0.046943604946136475,
1492,11943,,,-0.04692715406417847,,0.04692715406417847,
1493,11949,,,,-0.059268951416015625,,0.059268951416015625
1493,11951,,,-0.046937406063079834,,0.046937406063079834,
1494,11959,,,-0.046943485736846924,,0.046943485736846924,
1495,11967,,,-0.04690271615982056,,0.04690271615982056,
1496,11975,,,-0.04695659875869751,,0.04695659875869751,
1497,11983,,,-0.04695183038711548,,0.04695183038711548,
1498,11991,,,-0.04694497585296631,,0.04694497585296631,
1499,11999,,,,-0.040169715881347656,,0.040169715881347656
1499,11999,,,-0.046929121017456055,,0.046929121017456055,
1500,12007,,,-0.046935200691223145,,0.046935200691223145,
1501,12015,,,-0.046926140785217285,,0.046926140785217285,
1502,12023,,,-0.046975910663604736,,0.046975910663604736,
1503,12031,,,-0.046953022480010986,,0.046953022480010986,
1504,12039,,,-0.04692954197525978,,0.04692954197525978,
1505,12047,,,-0.04693937301635742,,0.04693937301635742,
1506,12049,,,,-0.05356884002685547,,0.05356884002685547
1506,12055,,,-0.046969056129455566,,0.046969056129455566,
1507,12063,,,-0.0469549298286438,,0.0469549298286438,
1508,12071,,,-0.04694390296936035,,0.04694390296936035,
1509,12079,,,-0.04693382978439331,,0.04693382978439331,
1510,12087,,,-0.046946704387664795,,0.046946704387664795,
1511,12095,,,-0.04692286252975464,,0.04692286252975464,
1512,12099,,,,-0.0491032600402832,,0.0491032600402832
1512,12103,,,-0.04692965745925903,,0.04692965745925903,
1513,12111,,,-0.04693496227264404,,0.04693496227264404,
1514,12119,,,-0.04696369171142578,,0.04696369171142578,
1515,12127,,,-0.046947065740823746,,0.046947065740823746,
1516,12135,,,-0.046976808458566666,,0.046976808458566666,
1517,12143,,,-0.04695308580994606,,0.04695308580994606,
1518,12149,,,,-0.052999019622802734,,0.052999019622802734
1518,12151,,,-0.046949565410614014,,0.046949565410614014,
1519,12159,,,-0.04694468528032303,,0.04694468528032303,
1520,12167,,,-0.046938955783843994,,0.046938955783843994,
1521,12175,,,-0.046907905489206314,,0.046907905489206314,
1522,12183,,,-0.04695349931716919,,0.04695349931716919,
1523,12191,,,-0.04693889617919922,,0.04693889617919922,
1524,12199,,,,-0.056498050689697266,,0.056498050689697266
1524,12199,,,-0.04694414138793945,,0.04694414138793945,
1525,12207,,,-0.04694223776459694,,0.04694223776459694,
1526,12215,,,-0.04694771766662598,,0.04694771766662598,
1527,12223,,,-0.04695314168930054,,0.04695314168930054,
1528,12231,,,-0.04694085940718651,,0.04694085940718651,
1529,12239,,,-0.04695326089859009,,0.04695326089859009,
1530,12247,,,-0.046947184950113297,,0.046947184950113297,
1531,12249,,,,-0.04536151885986328,,0.04536151885986328
1531,12255,,,-0.046945929527282715,,0.046945929527282715,
1532,12263,,,-0.04694664478302002,,0.04694664478302002,
1533,12271,,,-0.04694277048110962,,0.04694277048110962,
1534,12279,,,-0.046975310891866684,,0.046975310891866684,
1535,12287,,,-0.04695385694503784,,0.04695385694503784,
1536,12295,,,-0.046945277601480484,,0.046945277601480484,
1537,12299,,,,-0.060729026794433594,,0.060729026794433594
1537,12303,,,-0.04695624113082886,,0.04695624113082886,
1538,12311,,,-0.04694569110870361,,0.04694569110870361,
1539,12319,,,-0.04695076122879982,,0.04695076122879982,
1540,12327,,,-0.046937406063079834,,0.046937406063079834,
1541,12335,,,-0.04695296660065651,,0.04695296660065651,
1542,12343,,,-0.04694211483001709,,0.04694211483001709,
1543,12349,,,,-0.04105663299560547,,0.04105663299560547
1543,12351,,,-0.04695141687989235,,0.04695141687989235,
1544,12359,,,-0.04695206880569458,,0.04695206880569458,
1545,12367,,,-0.04695940390229225,,0.04695940390229225,
1546,12375,,,-0.04694962501525879,,0.04694962501525879,
1547,12383,,,-0.04690980911254883,,0.04690980911254883,
1548,12391,,,-0.0469442643225193,,0.0469442643225193,
1549,12399,,,,-0.04191303253173828,,0.04191303253173828
1549,12399,,,-0.04695385694503784,,0.04695385694503784,
1550,12407,,,-0.04695004224777222,,0.04695004224777222,
1551,12415,,,-0.04694366455078125,,0.04694366455078125,
1552,12423,,,-0.04696160927414894,,0.04696160927414894,
1553,12431,,,-0.046963032335042953,,0.046963032335042953,
1554,12439,,,-0.04695427417755127,,0.04695427417755127,
1555,12447,,,-0.04694008827209473,,0.04694008827209473,
1556,12449,,,,-0.03744792938232422,,0.03744792938232422
1556,12455,,,-0.046955645084381104,,0.046955645084381104,
1557,12463,,,-0.046923693269491196,,0.046923693269491196,
1558,12471,,,-0.04695761203765869,,0.04695761203765869,
1559,12479,,,-0.04697293043136597,,0.04697293043136597,
1560,12487,,,-0.046953678131103516,,0.046953678131103516,
1561,12495,,,-0.04695051908493042,,0.04695051908493042,
1562,12499,,,,-0.051619529724121094,,0.051619529724121094
1562,12503,,,-0.04695933684706688,,0.04695933684706688,
1563,12511,,,-0.0469556488096714,,0.0469556488096714,
1564,12519,,,-0.046919941902160645,,0.046919941902160645,
1565,12527,,,-0.046942710876464844,,0.046942710876464844,
1566,12535,,,-0.04695015773177147,,0.04695015773177147,
1567,12543,,,-0.046958327293395996,,0.046958327293395996,
1568,12549,,,,-0.05318927764892578,,0.05318927764892578
1568,12551,,,-0.04694443941116333,,0.04694443941116333,
1569,12559,,,-0.04693472757935524,,0.04693472757935524,
1570,12567,,,-0.04695349559187889,,0.04695349559187889,
1571,12575,,,-0.04690426588058472,,0.04690426588058472,
1572,12583,,,-0.04695958271622658,,0.04695958271622658,
1573,12591,,,-0.046961843967437744,,0.046961843967437744,
1574,12599,,,,-0.05458641052246094,,0.05458641052246094
1574,12599,,,-0.04697739705443382,,0.04697739705443382,
1575,12607,,,-0.046954747289419174,,0.046954747289419174,
1576,12615,,,-0.046951115131378174,,0.046951115131378174,
1577,12623,,,-0.04696762561798096,,0.04696762561798096,
1578,12631,,,-0.046924591064453125,,0.046924591064453125,
1579,12639,,,-0.04695010557770729,,0.04695010557770729,
1580,12647,,,-0.04695672169327736,,0.04695672169327736,
1581,12649,,,,-0.04694938659667969,,0.04694938659667969
1581,12655,,,-0.046949803829193115,,0.046949803829193115,
1582,12663,,,-0.046951353549957275,,0.046951353549957275,
1583,12671,,,-0.04696613550186157,,0.04696613550186157,
1584,12679,,,-0.0469585619866848,,0.0469585619866848,
1585,12687,,,-0.04694044962525368,,0.04694044962525368,
1586,12695,,,-0.04693937674164772,,0.04693937674164772,
1587,12699,,,,-0.04759693145751953,,0.04759693145751953
1587,12703,,,-0.04694414511322975,,0.04694414511322975,
1588,12711,,,-0.046930551528930664,,0.046930551528930664,
1589,12719,,,-0.04693204164505005,,0.04693204164505005,
1590,12727,,,-0.04695171117782593,,0.04695171117782593,
1591,12735,,,-0.046944741159677505,,0.046944741159677505,
1592,12743,,,-0.04693037271499634,,0.04693037271499634,
1593,12749,,,,-0.05077362060546875,,0.05077362060546875
1593,12751,,,-0.04695087671279907,,0.04695087671279907,
1594,12759,,,-0.04695403575897217,,0.04695403575897217,
1595,12767,,,-0.04696834087371826,,0.04696834087371826,
1596,12775,,,-0.0469520129263401,,0.0469520129263401,
1597,12783,,,-0.046972692012786865,,0.046972692012786865,
1598,12791,,,-0.04697304964065552,,0.04697304964065552,
1599,12799,,,,-0.05096626281738281,,0.05096626281738281
1599,12799,,,-0.046957433223724365,,0.046957433223724365,
1600,12807,,,-0.04697847738862038,,0.04697847738862038,
1601,12815,,,-0.046954695135354996,,0.046954695135354996,
1602,12823,,,-0.04694396257400513,,0.04694396257400513,
1603,12831,,,-0.04695010185241699,,0.04695010185241699,
1604,12839,,,-0.04697829484939575,,0.04697829484939575,
1605,12847,,,-0.04696797952055931,,0.04696797952055931,
1606,12849,,,,-0.03606081008911133,,0.03606081008911133
1606,12855,,,-0.04695647954940796,,0.04695647954940796,
1607,12863,,,-0.04696762561798096,,0.04696762561798096,
1608,12871,,,-0.04694843292236328,,0.04694843292236328,
1609,12879,,,-0.046971794217824936,,0.046971794217824936,
1610,12887,,,-0.0469510518014431,,0.0469510518014431,
1611,12895,,,-0.04697507992386818,,0.04697507992386818,
1612,12899,,,,-0.037671566009521484,,0.037671566009521484
1612,12903,,,-0.046951353549957275,,0.046951353549957275,
1613,12911,,,-0.04695439338684082,,0.04695439338684082,
1614,12919,,,-0.04693424701690674,,0.04693424701690674,
1615,12927,,,-0.04695475101470947,,0.04695475101470947,
1616,12935,,,-0.04694640636444092,,0.04694640636444092,
1617,12943,,,-0.0469626784324646,,0.0469626784324646,
1618,12949,,,,-0.046576499938964844,,0.046576499938964844
1618,12951,,,-0.046948131173849106,,0.046948131173849106,
1619,12959,,,-0.04694044962525368,,0.04694044962525368,
1620,12967,,,-0.046945929527282715,,0.046945929527282715,
1621,12975,,,-0.046946704387664795,,0.046946704387664795,
1622,12983,,,-0.04694312810897827,,0.04694312810897827,
1623,12991,,,-0.04695576801896095,,0.04695576801896095,
1624,12999,,,,-0.038031578063964844,,0.038031578063964844
1624,12999,,,-0.04694991931319237,,0.04694991931319237,
1625,13007,,,-0.04695332050323486,,0.04695332050323486,
1626,13015,,,-0.04695480689406395,,0.04695480689406395,
1627,13023,,,-0.04694622755050659,,0.04694622755050659,
1628,13031,,,-0.04695814475417137,,0.04695814475417137,
1629,13039,,,-0.0469435453414917,,0.0469435453414917,
1630,13047,,,-0.04694211483001709,,0.04694211483001709,
1631,13049,,,,-0.04935932159423828,,0.04935932159423828
1631,13055,,,-0.04695415124297142,,0.04695415124297142,
1632,13063,,,-0.0469479002058506,,0.0469479002058506,
1633,13071,,,-0.04696720466017723,,0.04696720466017723,
1634,13079,,,-0.04695427417755127,,0.04695427417755127,
1635,13087,,,-0.046942830085754395,,0.046942830085754395,
1636,13095,,,-0.04698359593749046,,0.04698359593749046,
1637,13099,,,,-0.05103445053100586,,0.05103445053100586
1637,13103,,,-0.04695707559585571,,0.04695707559585571,
1638,13111,,,-0.04695022106170654,,0.04695022106170654,
1639,13119,,,-0.04694079980254173,,0.04694079980254173,
1640,13127,,,-0.04694396257400513,,0.04694396257400513,
1641,13135,,,-0.04694885015487671,,0.04694885015487671,
1642,13143,,,-0.04696321487426758,,0.04696321487426758,
1643,13149,,,,-0.04102277755737305,,0.04102277755737305
1643,13151,,,-0.046991705894470215,,0.046991705894470215,
1644,13159,,,-0.046971142292022705,,0.046971142292022705,
1645,13167,,,-0.046949148178100586,,0.046949148178100586,
1646,13175,,,-0.046966198831796646,,0.046966198831796646,
1647,13183,,,-0.046926792711019516,,0.046926792711019516,
1648,13191,,,-0.046971555799245834,,0.046971555799245834,
1649,13199,,,,-0.053505897521972656,,0.053505897521972656
1649,13199,,,-0.04696303606033325,,0.04696303606033325,
1650,13207,,,-0.04694777727127075,,0.04694777727127075,
1651,13215,,,-0.04693549871444702,,0.04693549871444702,
1652,13223,,,-0.04695027694106102,,0.04695027694106102,
1653,13231,,,-0.04697418212890625,,0.04697418212890625,
1654,13239,,,-0.046948667615652084,,0.046948667615652084,
1655,13247,,,-0.04695594310760498,,0.04695594310760498,
1656,13249,,,,-0.039322853088378906,,0.039322853088378906
1656,13255,,,-0.046974122524261475,,0.046974122524261475,
1657,13263,,,-0.04696226119995117,,0.04696226119995117,
1658,13271,,,-0.04693109169602394,,0.04693109169602394,
1659,13279,,,-0.04696756601333618,,0.04696756601333618,
1660,13287,,,-0.046957965940237045,,0.046957965940237045,
1661,13295,,,-0.04696041718125343,,0.04696041718125343,
1662,13299,,,,-0.05015277862548828,,0.05015277862548828
1662,13303,,,-0.046947181224823,,0.046947181224823,
1663,13311,,,-0.04697084799408913,,0.04697084799408913,
1664,13319,,,-0.04693424329161644,,0.04693424329161644,
1665,13327,,,-0.04691338539123535,,0.04691338539123535,
1666,13335,,,-0.0469549298286438,,0.0469549298286438,
1667,13343,,,-0.04694253206253052,,0.04694253206253052,
1668,13349,,,,-0.05106019973754883,,0.05106019973754883
1668,13351,,,-0.04695451632142067,,0.04695451632142067,
1669,13359,,,-0.0469430647790432,,0.0469430647790432,
1670,13367,,,-0.04696989059448242,,0.04696989059448242,
1671,13375,,,-0.046958982944488525,,0.046958982944488525,
1672,13383,,,-0.046951889991760254,,0.046951889991760254,
1673,13391,,,-0.046951234340667725,,0.046951234340667725,
1674,13399,,,,-0.04828929901123047,,0.04828929901123047
1674,13399,,,-0.046969830989837646,,0.046969830989837646,
1675,13407,,,-0.046968817710876465,,0.046968817710876465,
1676,13415,,,-0.04695534706115723,,0.04695534706115723,
1677,13423,,,-0.04696178436279297,,0.04696178436279297,
1678,13431,,,-0.04694974422454834,,0.04694974422454834,
1679,13439,,,-0.04695921763777733,,0.04695921763777733,
1680,13447,,,-0.046942707151174545,,0.046942707151174545,
1681,13449,,,,-0.04526329040527344,,0.04526329040527344
1681,13455,,,-0.04696577787399292,,0.04696577787399292,
1682,13463,,,-0.046978238970041275,,0.046978238970041275,
1683,13471,,,-0.046961549669504166,,0.046961549669504166,
1684,13479,,,-0.04695558547973633,,0.04695558547973633,
1685,13487,,,-0.0469825305044651,,0.0469825305044651,
1686,13495,,,-0.046971555799245834,,0.046971555799245834,
1687,13499,,,,-0.042484283447265625,,0.042484283447265625
1687,13503,,,-0.04695624113082886,,0.04695624113082886,
1688,13511,,,-0.04695296660065651,,0.04695296660065651,
1689,13519,,,-0.04693937301635742,,0.04693937301635742,
1690,13527,,,-0.04697209596633911,,0.04697209596633911,
1691,13535,,,-0.04697084799408913,,0.04697084799408913,
1692,13543,,,-0.046965062618255615,,0.046965062618255615,
1693,13549,,,,-0.04067564010620117,,0.04067564010620117
1693,13551,,,-0.04695749655365944,,0.04695749655365944,
1694,13559,,,-0.04695427417755127,,0.04695427417755127,
1695,13567,,,-0.04694264754652977,,0.04694264754652977,
1696,13575,,,-0.04695558547973633,,0.04695558547973633,
1697,13583,,,-0.046920716762542725,,0.046920716762542725,
1698,13591,,,-0.04692584276199341,,0.04692584276199341,
1699,13599,,,,-0.054010868072509766,,0.054010868072509766
1699,13599,,,-0.046959105879068375,,0.046959105879068375,
1700,13607,,,-0.046962615102529526,,0.046962615102529526,
1701,13615,,,-0.046970367431640625,,0.046970367431640625,
1702,13623,,,-0.04695695638656616,,0.04695695638656616,
1703,13631,,,-0.04699063301086426,,0.04699063301086426,
1704,13639,,,-0.0469430647790432,,0.0469430647790432,
1705,13647,,,-0.04695785045623779,,0.04695785045623779,
1706,13649,,,,-0.04466867446899414,,0.04466867446899414
1706,13655,,,-0.0469670332968235,,0.0469670332968235,
1707,13663,,,-0.046951115131378174,,0.046951115131378174,
1708,13671,,,-0.04694533720612526,,0.04694533720612526,
1709,13679,,,-0.04699981212615967,,0.04699981212615967,
1710,13687,,,-0.04696696624159813,,0.04696696624159813,
1711,13695,,,-0.04693871736526489,,0.04693871736526489,
1712,13699,,,,-0.04795646667480469,,0.04795646667480469
1712,13703,,,-0.04696565866470337,,0.04696565866470337,
1713,13711,,,-0.04696500301361084,,0.04696500301361084,
1714,13719,,,-0.04696500301361084,,0.04696500301361084,
1715,13727,,,-0.04695230349898338,,0.04695230349898338,
1716,13735,,,-0.04692572355270386,,0.04692572355270386,
1717,13743,,,-0.046962738037109375,,0.046962738037109375,
1718,13749,,,,-0.04649782180786133,,0.04649782180786133
1718,13751,,,-0.04696989059448242,,0.04696989059448242,
1719,13759,,,-0.04694312810897827,,0.04694312810897827,
1720,13767,,,-0.046964045614004135,,0.046964045614004135,
1721,13775,,,-0.04697120189666748,,0.04697120189666748,
1722,13783,,,-0.046943847090005875,,0.046943847090005875,
1723,13791,,,-0.04695748910307884,,0.04695748910307884,
1724,13799,,,,-0.05391120910644531,,0.05391120910644531
1724,13799,,,-0.046961069107055664,,0.046961069107055664,
1725,13807,,,-0.046954452991485596,,0.046954452991485596,
1726,13815,,,-0.04694455862045288,,0.04694455862045288,
1727,13823,,,-0.04696625471115112,,0.04696625471115112,
1728,13831,,,-0.04694599285721779,,0.04694599285721779,
1729,13839,,,-0.04696214199066162,,0.04696214199066162,
1730,13847,,,-0.04695487022399902,,0.04695487022399902,
1731,13849,,,,-0.05476713180541992,,0.05476713180541992
1731,13855,,,-0.04697161912918091,,0.04697161912918091,
1732,13863,,,-0.04695827141404152,,0.04695827141404152,
1733,13871,,,-0.04695618152618408,,0.04695618152618408,
1734,13879,,,-0.04696035385131836,,0.04696035385131836,
1735,13887,,,-0.046953972429037094,,0.046953972429037094,
1736,13895,,,-0.04697310924530029,,0.04697310924530029,
1737,13899,,,,-0.05226278305053711,,0.05226278305053711
1737,13903,,,-0.04694712534546852,,0.04694712534546852,
1738,13911,,,-0.046983540058135986,,0.046983540058135986,
1739,13919,,,-0.046977460384368896,,0.046977460384368896,
1740,13927,,,-0.046968042850494385,,0.046968042850494385,
1741,13935,,,-0.04694390296936035,,0.04694390296936035,
1742,13943,,,-0.046943724155426025,,0.046943724155426025,
1743,13949,,,,-0.04960203170776367,,0.04960203170776367
1743,13951,,,-0.04696863889694214,,0.04696863889694214,
1744,13959,,,-0.04694288969039917,,0.04694288969039917,
1745,13967,,,-0.046965956687927246,,0.046965956687927246,
1746,13975,,,-0.046956539154052734,,0.046956539154052734,
1747,13983,,,-0.046970367431640625,,0.046970367431640625,
1748,13991,,,-0.04695570096373558,,0.04695570096373558,
1749,13999,,,,-0.05252885818481445,,0.05252885818481445
1749,13999,,,-0.046977460384368896,,0.046977460384368896,
1750,14007,,,-0.046955645084381104,,0.046955645084381104,
1751,14015,,,-0.04696768522262573,,0.04696768522262573,
1752,14023,,,-0.046963032335042953,,0.046963032335042953,
1753,14031,,,-0.04695534706115723,,0.04695534706115723,
1754,14039,,,-0.04697096347808838,,0.04697096347808838,
1755,14047,,,-0.046951353549957275,,0.046951353549957275,
1756,14049,,,,-0.051006317138671875,,0.051006317138671875
1756,14055,,,-0.04694635048508644,,0.04694635048508644,
1757,14063,,,-0.04696953669190407,,0.04696953669190407,
1758,14071,,,-0.046944499015808105,,0.046944499015808105,
1759,14079,,,-0.046961963176727295,,0.046961963176727295,
1760,14087,,,-0.0469898022711277,,0.0469898022711277,
1761,14095,,,-0.04696166515350342,,0.04696166515350342,
1762,14099,,,,-0.048215389251708984,,0.048215389251708984
1762,14103,,,-0.04696822166442871,,0.04696822166442871,
1763,14111,,,-0.047013819217681885,,0.047013819217681885,
1764,14119,,,-0.04695862531661987,,0.04695862531661987,
1765,14127,,,-0.04697716236114502,,0.04697716236114502,
1766,14135,,,-0.04696345329284668,,0.04696345329284668,
1767,14143,,,-0.046971917152404785,,0.046971917152404785,
1768,14149,,,,-0.04762697219848633,,0.04762697219848633
1768,14151,,,-0.04696882143616676,,0.04696882143616676,
1769,14159,,,-0.04697108641266823,,0.04697108641266823,
1770,14167,,,-0.046944860368967056,,0.046944860368967056,
1771,14175,,,-0.046946052461862564,,0.046946052461862564,
1772,14183,,,-0.046968694776296616,,0.046968694776296616,
1773,14191,,,-0.0469704270362854,,0.0469704270362854,
1774,14199,,,,-0.05223226547241211,,0.05223226547241211
1774,14199,,,-0.04696452617645264,,0.04696452617645264,
1775,14207,,,-0.04697352647781372,,0.04697352647781372,
1776,14215,,,-0.04696148633956909,,0.04696148633956909,
1777,14223,,,-0.04695499315857887,,0.04695499315857887,
1778,14231,,,-0.046967387199401855,,0.046967387199401855,
1779,14239,,,-0.04699045047163963,,0.04699045047163963,
1780,14247,,,-0.04696213826537132,,0.04696213826537132,
1781,14249,,,,-0.05349540710449219,,0.05349540710449219
1781,14255,,,-0.0469815656542778,,0.0469815656542778,
1782,14263,,,-0.046979546546936035,,0.046979546546936035,
1783,14271,,,-0.04694485291838646,,0.04694485291838646,
1784,14279,,,-0.04696529731154442,,0.04696529731154442,
1785,14287,,,-0.04695236682891846,,0.04695236682891846,
1786,14295,,,-0.04698384180665016,,0.04698384180665016,
1787,14299,,,,-0.053956031799316406,,0.053956031799316406
1787,14303,,,-0.046962201595306396,,0.046962201595306396,
1788,14311,,,-0.04688596352934837,,0.04688596352934837,
1789,14319,,,-0.046982526779174805,,0.046982526779174805,
1790,14327,,,-0.04696214571595192,,0.04696214571595192,
1791,14335,,,-0.04695737361907959,,0.04695737361907959,
1792,14343,,,-0.04692881926894188,,0.04692881926894188,
1793,14349,,,,-0.03856801986694336,,0.03856801986694336
1793,14351,,,-0.046916306018829346,,0.046916306018829346,
1794,14359,,,-0.046950813382864,,0.046950813382864,
1795,14367,,,-0.046969592571258545,,0.046969592571258545,
1796,14375,,,-0.046956777572631836,,0.046956777572631836,
1797,14383,,,-0.046964943408966064,,0.046964943408966064,
1798,14391,,,-0.046961069107055664,,0.046961069107055664,
1799,14399,,,,-0.050307273864746094,,0.050307273864746094
1799,14399,,,-0.04696201905608177,,0.04696201905608177,
1800,14407,,,-0.04697548970580101,,0.04697548970580101,
1801,14415,,,-0.046959757804870605,,0.046959757804870605,
1802,14423,,,-0.04697996750473976,,0.04697996750473976,
1803,14431,,,-0.046955231577157974,,0.046955231577157974,
1804,14439,,,-0.046966373920440674,,0.046966373920440674,
1805,14447,,,-0.04697465896606445,,0.04697465896606445,
1806,14449,,,,-0.05700063705444336,,0.05700063705444336
1806,14455,,,-0.04696780443191528,,0.04696780443191528,
1807,14463,,,-0.04697108641266823,,0.04697108641266823,
1808,14471,,,-0.04695582389831543,,0.04695582389831543,
1809,14479,,,-0.046980440616607666,,0.046980440616607666,
1810,14487,,,-0.04694247245788574,,0.04694247245788574,
1811,14495,,,-0.04697012901306152,,0.04697012901306152,
1812,14499,,,,-0.054773807525634766,,0.054773807525634766
1812,14503,,,-0.04696005955338478,,0.04696005955338478,
1813,14511,,,-0.046968698501586914,,0.046968698501586914,
1814,14519,,,-0.04696834087371826,,0.04696834087371826,
1815,14527,,,-0.04697376862168312,,0.04697376862168312,
1816,14535,,,-0.046955227851867676,,0.046955227851867676,
1817,14543,,,-0.046966493129730225,,0.046966493129730225,
1818,14549,,,,-0.03715372085571289,,0.03715372085571289
1818,14551,,,-0.04696547985076904,,0.04696547985076904,
1819,14559,,,-0.04696381092071533,,0.04696381092071533,
1820,14567,,,-0.04696333408355713,,0.04696333408355713,
1821,14575,,,-0.0469517707824707,,0.0469517707824707,
1822,14583,,,-0.04695677384734154,,0.04695677384734154,
1823,14591,,,-0.046972569078207016,,0.046972569078207016,
1824,14599,,,,-0.04387331008911133,,0.04387331008911133
1824,14599,,,-0.046948257833719254,,0.046948257833719254,
1825,14607,,,-0.04697275161743164,,0.04697275161743164,
1826,14615,,,-0.04696953669190407,,0.04696953669190407,
1827,14623,,,-0.046962495893239975,,0.046962495893239975,
1828,14631,,,-0.046963151544332504,,0.046963151544332504,
1829,14639,,,-0.046992842108011246,,0.046992842108011246,
1830,14647,,,-0.0469815693795681,,0.0469815693795681,
1831,14649,,,,-0.04477643966674805,,0.04477643966674805
1831,14655,,,-0.04695892706513405,,0.04695892706513405,
1832,14663,,,-0.046958208084106445,,0.046958208084106445,
1833,14671,,,-0.046980321407318115,,0.046980321407318115,
1834,14679,,,-0.04695028066635132,,0.04695028066635132,
1835,14687,,,-0.04698037728667259,,0.04698037728667259,
1836,14695,,,-0.04696899652481079,,0.04696899652481079,
1837,14699,,,,-0.055190086364746094,,0.055190086364746094
1837,14703,,,-0.046964045614004135,,0.046964045614004135,
1838,14711,,,-0.04695957526564598,,0.04695957526564598,
1839,14719,,,-0.0469592846930027,,0.0469592846930027,
1840,14727,,,-0.04697650671005249,,0.04697650671005249,
1841,14735,,,-0.04696863889694214,,0.04696863889694214,
1842,14743,,,-0.04697161912918091,,0.04697161912918091,
1843,14749,,,,-0.044048309326171875,,0.044048309326171875
1843,14751,,,-0.046942293643951416,,0.046942293643951416,
1844,14759,,,-0.04697888717055321,,0.04697888717055321,
1845,14767,,,-0.04696458578109741,,0.04696458578109741,
1846,14775,,,-0.04696524143218994,,0.04696524143218994,
1847,14783,,,-0.04698836803436279,,0.04698836803436279,
1848,14791,,,-0.046978648751974106,,0.046978648751974106,
1849,14799,,,,-0.047057151794433594,,0.047057151794433594
1849,14799,,,-0.046972692012786865,,0.046972692012786865,
1850,14807,,,-0.04694908857345581,,0.04694908857345581,
1851,14815,,,-0.04696023464202881,,0.04696023464202881,
1852,14823,,,-0.04696196690201759,,0.04696196690201759,
1853,14831,,,-0.04696696996688843,,0.04696696996688843,
1854,14839,,,-0.04695672169327736,,0.04695672169327736,
1855,14847,,,-0.04695618152618408,,0.04695618152618408,
1856,14849,,,,-0.0420684814453125,,0.0420684814453125
1856,14855,,,-0.04696875438094139,,0.04696875438094139,
1857,14863,,,-0.04696798324584961,,0.04696798324584961,
1858,14871,,,-0.04697352275252342,,0.04697352275252342,
1859,14879,,,-0.04699504375457764,,0.04699504375457764,
1860,14887,,,-0.046984851360321045,,0.046984851360321045,
1861,14895,,,-0.04696423187851906,,0.04696423187851906,
1862,14899,,,,-0.040986061096191406,,0.040986061096191406
1862,14903,,,-0.04694926738739014,,0.04694926738739014,
1863,14911,,,-0.04695546627044678,,0.04695546627044678,
1864,14919,,,-0.046978652477264404,,0.046978652477264404,
1865,14927,,,-0.04694920778274536,,0.04694920778274536,
1866,14935,,,-0.046964164823293686,,0.046964164823293686,
1867,14943,,,-0.046969592571258545,,0.046969592571258545,
1868,14949,,,,-0.04900836944580078,,0.04900836944580078
1868,14951,,,-0.04698514938354492,,0.04698514938354492,
1869,14959,,,-0.046968936920166016,,0.046968936920166016,
1870,14967,,,-0.047003865242004395,,0.047003865242004395,
1871,14975,,,-0.046959102153778076,,0.046959102153778076,
1872,14983,,,-0.04697376489639282,,0.04697376489639282,
1873,14991,,,-0.046961069107055664,,0.046961069107055664,
1874,14999,,,,-0.0339655876159668,,0.0339655876159668
1874,14999,,,-0.04694097861647606,,0.04694097861647606,
1875,15007,,,-0.04697078466415405,,0.04697078466415405,
1876,15015,,,-0.046971023082733154,,0.046971023082733154,
1877,15023,,,-0.046992719173431396,,0.046992719173431396,
1878,15031,,,-0.04698365926742554,,0.04698365926742554,
1879,15039,,,-0.04696297645568848,,0.04696297645568848,
1880,15047,,,-0.04694700613617897,,0.04694700613617897,
1881,15049,,,,-0.04976654052734375,,0.04976654052734375
1881,15055,,,-0.046928759664297104,,0.046928759664297104,
1882,15063,,,-0.04699409008026123,,0.04699409008026123,
1883,15071,,,-0.04695534706115723,,0.04695534706115723,
1884,15079,,,-0.04695087671279907,,0.04695087671279907,
1885,15087,,,-0.0470045804977417,,0.0470045804977417,
1886,15095,,,-0.04696435108780861,,0.04696435108780861,
1887,15099,,,,-0.05665874481201172,,0.05665874481201172
1887,15103,,,-0.04697906970977783,,0.04697906970977783,
1888,15111,,,-0.046979788690805435,,0.046979788690805435,
1889,15119,,,-0.046992361545562744,,0.046992361545562744,
1890,15127,,,-0.0469590425491333,,0.0469590425491333,
1891,15135,,,-0.04696977511048317,,0.04696977511048317,
1892,15143,,,-0.04697329178452492,,0.04697329178452492,
1893,15149,,,,-0.0405116081237793,,0.0405116081237793
1893,15151,,,-0.04697203263640404,,0.04697203263640404,
1894,15159,,,-0.0469588004052639,,0.0469588004052639,
1895,15167,,,-0.04698103666305542,,0.04698103666305542,
1896,15175,,,-0.0469660758972168,,0.0469660758972168,
1897,15183,,,-0.04698294773697853,,0.04698294773697853,
1898,15191,,,-0.04697906970977783,,0.04697906970977783,
1899,15199,,,,-0.0536189079284668,,0.0536189079284668
1899,15199,,,-0.046956244856119156,,0.046956244856119156,
1900,15207,,,-0.04696071147918701,,0.04696071147918701,
1901,15215,,,-0.046974897384643555,,0.046974897384643555,
1902,15223,,,-0.04694438353180885,,0.04694438353180885,
1903,15231,,,-0.0469624400138855,,0.0469624400138855,
1904,15239,,,-0.04697573184967041,,0.04697573184967041,
1905,15247,,,-0.0469738207757473,,0.0469738207757473,
1906,15249,,,,-0.053168296813964844,,0.053168296813964844
1906,15255,,,-0.04696435108780861,,0.04696435108780861,
1907,15263,,,-0.04698586463928223,,0.04698586463928223,
1908,15271,,,-0.046967387199401855,,0.046967387199401855,
1909,15279,,,-0.04698324576020241,,0.04698324576020241,
1910,15287,,,-0.04695594310760498,,0.04695594310760498,
1911,15295,,,-0.046967267990112305,,0.046967267990112305,
1912,15299,,,,-0.03645515441894531,,0.03645515441894531
1912,15303,,,-0.04695713520050049,,0.04695713520050049,
1913,15311,,,-0.04696398973464966,,0.04696398973464966,
1914,15319,,,-0.046977102756500244,,0.046977102756500244,
1915,15327,,,-0.046981871128082275,,0.046981871128082275,
1916,15335,,,-0.046980198472738266,,0.046980198472738266,
1917,15343,,,-0.046961549669504166,,0.046961549669504166,
1918,15349,,,,-0.054907798767089844,,0.054907798767089844
1918,15351,,,-0.046985507011413574,,0.046985507011413574,
1919,15359,,,-0.046969179064035416,,0.046969179064035416,
1920,15367,,,-0.04695338010787964,,0.04695338010787964,
1921,15375,,,-0.04698646068572998,,0.04698646068572998,
1922,15383,,,-0.04697990417480469,,0.04697990417480469,
1923,15391,,,-0.046979665756225586,,0.046979665756225586,
1924,15399,,,,-0.047019004821777344,,0.047019004821777344
1924,15399,,,-0.04698103666305542,,0.04698103666305542,
1925,15407,,,-0.046955402940511703,,0.046955402940511703,
1926,15415,,,-0.04697972536087036,,0.04697972536087036,
1927,15423,,,-0.04695254564285278,,0.04695254564285278,
1928,15431,,,-0.04697710648179054,,0.04697710648179054,
1929,15439,,,-0.046980082988739014,,0.046980082988739014,
1930,15447,,,-0.04698067530989647,,0.04698067530989647,
1931,15449,,,,-0.05133771896362305,,0.05133771896362305
1931,15455,,,-0.04698145017027855,,0.04698145017027855,
1932,15463,,,-0.046966131776571274,,0.046966131776571274,
1933,15471,,,-0.04699677228927612,,0.04699677228927612,
1934,15479,,,-0.046986524015665054,,0.046986524015665054,
1935,15487,,,-0.0469626821577549,,0.0469626821577549,
1936,15495,,,-0.046996474266052246,,0.046996474266052246,
1937,15499,,,,-0.05460357666015625,,0.05460357666015625
1937,15503,,,-0.04695093259215355,,0.04695093259215355,
1938,15511,,,-0.04698246344923973,,0.04698246344923973,
1939,15519,,,-0.04698401317000389,,0.04698401317000389,
1940,15527,,,-0.04699224233627319,,0.04699224233627319,
1941,15535,,,-0.046986162662506104,,0.046986162662506104,
1942,15543,,,-0.04696112871170044,,0.04696112871170044,
1943,15549,,,,-0.03385734558105469,,0.03385734558105469
1943,15551,,,-0.046973228454589844,,0.046973228454589844,
1944,15559,,,-0.04695552587509155,,0.04695552587509155,
1945,15567,,,-0.04696238040924072,,0.04696238040924072,
1946,15575,,,-0.04698139429092407,,0.04698139429092407,
1947,15583,,,-0.046972453594207764,,0.046972453594207764,
1948,15591,,,-0.04696684703230858,,0.04696684703230858,
1949,15599,,,,-0.049078941345214844,,0.049078941345214844
1949,15599,,,-0.046971794217824936,,0.046971794217824936,
1950,15607,,,-0.04696815833449364,,0.04696815833449364,
1951,15615,,,-0.04698299989104271,,0.04698299989104271,
1952,15623,,,-0.04697972536087036,,0.04697972536087036,
1953,15631,,,-0.0469740591943264,,0.0469740591943264,
1954,15639,,,-0.046961069107055664,,0.046961069107055664,
1955,15647,,,-0.046964824199676514,,0.046964824199676514,
1956,15649,,,,-0.05428314208984375,,0.05428314208984375
1956,15655,,,-0.0469742976129055,,0.0469742976129055,
1957,15663,,,-0.046973466873168945,,0.046973466873168945,
1958,15671,,,-0.046966731548309326,,0.046966731548309326,
1959,15679,,,-0.04697275161743164,,0.04697275161743164,
1960,15687,,,-0.0469815731048584,,0.0469815731048584,
1961,15695,,,-0.046967506408691406,,0.046967506408691406,
1962,15699,,,,-0.043721675872802734,,0.043721675872802734
1962,15703,,,-0.04696369171142578,,0.04696369171142578,
1963,15711,,,-0.04696184769272804,,0.04696184769272804,
1964,15719,,,-0.04696005955338478,,0.04696005955338478,
1965,15727,,,-0.04696965217590332,,0.04696965217590332,
1966,15735,,,-0.04696685075759888,,0.04696685075759888,
1967,15743,,,-0.04695266857743263,,0.04695266857743263,
1968,15749,,,,-0.04577207565307617,,0.04577207565307617
1968,15751,,,-0.04697293043136597,,0.04697293043136597,
1969,15759,,,-0.046977635473012924,,0.046977635473012924,
1970,15767,,,-0.04697239771485329,,0.04697239771485329,
1971,15775,,,-0.04698562249541283,,0.04698562249541283,
1972,15783,,,-0.046958453953266144,,0.046958453953266144,
1973,15791,,,-0.04697292670607567,,0.04697292670607567,
1974,15799,,,,-0.052442073822021484,,0.052442073822021484
1974,15799,,,-0.04697864502668381,,0.04697864502668381,
1975,15807,,,-0.046935681253671646,,0.046935681253671646,
1976,15815,,,-0.04696059226989746,,0.04696059226989746,
1977,15823,,,-0.04697060585021973,,0.04697060585021973,
1978,15831,,,-0.046980977058410645,,0.046980977058410645,
1979,15839,,,-0.04698347672820091,,0.04698347672820091,
1980,15847,,,-0.04699825868010521,,0.04699825868010521,
1981,15849,,,,-0.05238771438598633,,0.05238771438598633
1981,15855,,,-0.046979427337646484,,0.046979427337646484,
1982,15863,,,-0.0469399094581604,,0.0469399094581604,
1983,15871,,,-0.04697251319885254,,0.04697251319885254,
1984,15879,,,-0.04698663949966431,,0.04698663949966431,
1985,15887,,,-0.04696005955338478,,0.04696005955338478,
1986,15895,,,-0.04699903726577759,,0.04699903726577759,
1987,15899,,,,-0.047461509704589844,,0.047461509704589844
1987,15903,,,-0.04697608947753906,,0.04697608947753906,
1988,15911,,,-0.04697674140334129,,0.04697674140334129,
1989,15919,,,-0.046973053365945816,,0.046973053365945816,
1990,15927,,,-0.04697494953870773,,0.04697494953870773,
1991,15935,,,-0.04697078466415405,,0.04697078466415405,
1992,15943,,,-0.04698371887207031,,0.04698371887207031,
1993,15949,,,,-0.05158090591430664,,0.05158090591430664
1993,15951,,,-0.046975016593933105,,0.046975016593933105,
1994,15959,,,-0.0469670332968235,,0.0469670332968235,
1995,15967,,,-0.046974003314971924,,0.046974003314971924,
1996,15975,,,-0.04698067530989647,,0.04698067530989647,
1997,15983,,,-0.046961188316345215,,0.046961188316345215,
1998,15991,,,-0.04698139801621437,,0.04698139801621437,
1999,15999,,,,-0.03322601318359375,,0.03322601318359375
1999,15999,,,-0.04695349559187889,,0.04695349559187889,
2000,16000,-0.039574384689331055,0.039574384689331055,,,,
