epoch,step,test_loss,test_renyi_lb,train_loss_epoch,train_loss_step,train_renyi_lb_epoch,train_renyi_lb_step
0,7,,,0.1010555699467659,,-0.1010555699467659,
1,15,,,0.08139234781265259,,-0.08139234781265259,
2,23,,,0.06534194946289062,,-0.06534194946289062,
3,31,,,0.052336156368255615,,-0.052336156368255615,
4,39,,,0.041322171688079834,,-0.041322171688079834,
5,47,,,0.0317462682723999,,-0.0317462682723999,
6,49,,,,0.028150081634521484,,-0.028150081634521484
6,55,,,0.023408830165863037,,-0.023408830165863037,
7,63,,,0.016013143584132195,,-0.016013143584132195,
8,71,,,0.009495139122009277,,-0.009495139122009277,
9,79,,,0.0037873985711485147,,-0.0037873985711485147,
10,87,,,-0.0010587573051452637,,0.0010587573051452637,
11,95,,,-0.005221546161919832,,0.005221546161919832,
12,99,,,,-0.007235050201416016,,0.007235050201416016
12,103,,,-0.008857309818267822,,0.008857309818267822,
13,111,,,-0.011883615516126156,,0.011883615516126156,
14,119,,,-0.014385104179382324,,0.014385104179382324,
15,127,,,-0.016504526138305664,,0.016504526138305664,
16,135,,,-0.018249154090881348,,0.018249154090881348,
17,143,,,-0.019610941410064697,,0.019610941410064697,
18,149,,,,-0.021782875061035156,,0.021782875061035156
18,151,,,-0.020817279815673828,,0.020817279815673828,
19,159,,,-0.021720528602600098,,0.021720528602600098,
20,167,,,-0.022488536313176155,,0.022488536313176155,
21,175,,,-0.0230982918292284,,0.0230982918292284,
22,183,,,-0.023575246334075928,,0.023575246334075928,
23,191,,,-0.023967385292053223,,0.023967385292053223,
24,199,,,,-0.024730682373046875,,0.024730682373046875
24,199,,,-0.024267196655273438,,0.024267196655273438,
25,207,,,-0.024471580982208252,,0.024471580982208252,
26,215,,,-0.024639127776026726,,0.024639127776026726,
27,223,,,-0.02479010634124279,,0.02479010634124279,
28,231,,,-0.024878261610865593,,0.024878261610865593,
29,239,,,-0.02491915412247181,,0.02491915412247181,
30,247,,,-0.02498680166900158,,0.02498680166900158,
31,249,,,,-0.025567054748535156,,0.025567054748535156
31,255,,,-0.02502155490219593,,0.02502155490219593,
32,263,,,-0.025053739547729492,,0.025053739547729492,
33,271,,,-0.02506827935576439,,0.02506827935576439,
34,279,,,-0.025087356567382812,,0.025087356567382812,
35,287,,,-0.025087056681513786,,0.025087056681513786,
36,295,,,-0.025097906589508057,,0.025097906589508057,
37,299,,,,-0.020491600036621094,,0.020491600036621094
37,303,,,-0.025112926959991455,,0.025112926959991455,
38,311,,,-0.02511775493621826,,0.02511775493621826,
39,319,,,-0.025115907192230225,,0.025115907192230225,
40,327,,,-0.02512526698410511,,0.02512526698410511,
41,335,,,-0.025128662586212158,,0.025128662586212158,
42,343,,,-0.02512568235397339,,0.02512568235397339,
43,349,,,,-0.02731037139892578,,0.02731037139892578
43,351,,,-0.025137007236480713,,0.025137007236480713,
44,359,,,-0.025144219398498535,,0.025144219398498535,
45,367,,,-0.02514350600540638,,0.02514350600540638,
46,375,,,-0.025140108540654182,,0.025140108540654182,
47,383,,,-0.025150299072265625,,0.025150299072265625,
48,391,,,-0.025150299072265625,,0.025150299072265625,
49,399,,,,-0.02081298828125,,0.02081298828125
49,399,,,-0.025153102353215218,,0.025153102353215218,
50,407,,,-0.02516651339828968,,0.02516651339828968,
51,415,,,-0.025165975093841553,,0.025165975093841553,
52,423,,,-0.025161443278193474,,0.025161443278193474,
53,431,,,-0.02516055293381214,,0.02516055293381214,
54,439,,,-0.025160549208521843,,0.025160549208521843,
55,447,,,-0.02517819218337536,,0.02517819218337536,
56,449,,,,-0.025794506072998047,,0.025794506072998047
56,455,,,-0.02516990900039673,,0.02516990900039673,
57,463,,,-0.025168536230921745,,0.025168536230921745,
58,471,,,-0.02517038583755493,,0.02517038583755493,
59,479,,,-0.02517855167388916,,0.02517855167388916,
60,487,,,-0.025186121463775635,,0.025186121463775635,
61,495,,,-0.025186359882354736,,0.025186359882354736,
62,499,,,,-0.02237844467163086,,0.02237844467163086
62,503,,,-0.02518439292907715,,0.02518439292907715,
63,511,,,-0.025185227394104004,,0.025185227394104004,
64,519,,,-0.025185704231262207,,0.025185704231262207,
65,527,,,-0.025197742506861687,,0.025197742506861687,
66,535,,,-0.025179563090205193,,0.025179563090205193,
67,543,,,-0.025190172716975212,,0.025190172716975212,
68,549,,,,-0.029371261596679688,,0.029371261596679688
68,551,,,-0.025188326835632324,,0.025188326835632324,
69,559,,,-0.025193510577082634,,0.025193510577082634,
70,567,,,-0.0252035241574049,,0.0252035241574049,
71,575,,,-0.02520042657852173,,0.02520042657852173,
72,583,,,-0.025191128253936768,,0.025191128253936768,
73,591,,,-0.025198105722665787,,0.025198105722665787,
74,599,,,,-0.02958965301513672,,0.02958965301513672
74,599,,,-0.025201620534062386,,0.025201620534062386,
75,607,,,-0.025204656645655632,,0.025204656645655632,
76,615,,,-0.025201916694641113,,0.025201916694641113,
77,623,,,-0.025208232924342155,,0.025208232924342155,
78,631,,,-0.025205910205841064,,0.025205910205841064,
79,639,,,-0.02520805597305298,,0.02520805597305298,
80,647,,,-0.025220751762390137,,0.025220751762390137,
81,649,,,,-0.025872230529785156,,0.025872230529785156
81,655,,,-0.025206563994288445,,0.025206563994288445,
82,663,,,-0.025212228298187256,,0.025212228298187256,
83,671,,,-0.025218546390533447,,0.025218546390533447,
84,679,,,-0.025219321250915527,,0.025219321250915527,
85,687,,,-0.025213301181793213,,0.025213301181793213,
86,695,,,-0.025221170857548714,,0.025221170857548714,
87,699,,,,-0.019331932067871094,,0.019331932067871094
87,703,,,-0.025213537737727165,,0.025213537737727165,
88,711,,,-0.02521347999572754,,0.02521347999572754,
89,719,,,-0.02522134967148304,,0.02522134967148304,
90,727,,,-0.025219202041625977,,0.025219202041625977,
91,735,,,-0.025224149227142334,,0.025224149227142334,
92,743,,,-0.02523130178451538,,0.02523130178451538,
93,749,,,,-0.027995586395263672,,0.027995586395263672
93,751,,,-0.025236070156097412,,0.025236070156097412,
94,759,,,-0.025227487087249756,,0.025227487087249756,
95,767,,,-0.025228261947631836,,0.025228261947631836,
96,775,,,-0.02523106150329113,,0.02523106150329113,
97,783,,,-0.025246143341064453,,0.025246143341064453,
98,791,,,-0.025234341621398926,,0.025234341621398926,
99,799,,,,-0.024473190307617188,,0.024473190307617188
99,799,,,-0.02523869089782238,,0.02523869089782238,
100,807,,,-0.025232015177607536,,0.025232015177607536,
101,815,,,-0.025238988921046257,,0.025238988921046257,
102,823,,,-0.02522498182952404,,0.02522498182952404,
103,831,,,-0.025234399363398552,,0.025234399363398552,
104,839,,,-0.02524656057357788,,0.02524656057357788,
105,847,,,-0.02523702383041382,,0.02523702383041382,
106,849,,,,-0.0178680419921875,,0.0178680419921875
106,855,,,-0.025236964225769043,,0.025236964225769043,
107,863,,,-0.025239886716008186,,0.025239886716008186,
108,871,,,-0.025250732898712158,,0.025250732898712158,
109,879,,,-0.02524501085281372,,0.02524501085281372,
110,887,,,-0.025258896872401237,,0.025258896872401237,
111,895,,,-0.025252163410186768,,0.025252163410186768,
112,899,,,,-0.028571605682373047,,0.028571605682373047
112,903,,,-0.02525043673813343,,0.02525043673813343,
113,911,,,-0.025240778923034668,,0.025240778923034668,
114,919,,,-0.02525162883102894,,0.02525162883102894,
115,927,,,-0.025255857035517693,,0.025255857035517693,
116,935,,,-0.025258364155888557,,0.025258364155888557,
117,943,,,-0.025251569226384163,,0.025251569226384163,
118,949,,,,-0.02930593490600586,,0.02930593490600586
118,951,,,-0.02525162696838379,,0.02525162696838379,
119,959,,,-0.025257470086216927,,0.025257470086216927,
120,967,,,-0.025283336639404297,,0.025283336639404297,
121,975,,,-0.025248883292078972,,0.025248883292078972,
122,983,,,-0.02524811029434204,,0.02524811029434204,
123,991,,,-0.025250911712646484,,0.025250911712646484,
124,999,,,,-0.019788265228271484,,0.019788265228271484
124,999,,,-0.025263549759984016,,0.025263549759984016,
125,1007,,,-0.025254249572753906,,0.025254249572753906,
126,1015,,,-0.025262774899601936,,0.025262774899601936,
127,1023,,,-0.025275349617004395,,0.025275349617004395,
128,1031,,,-0.02525692991912365,,0.02525692991912365,
129,1039,,,-0.025263309478759766,,0.025263309478759766,
130,1047,,,-0.02526015043258667,,0.02526015043258667,
131,1049,,,,-0.022144317626953125,,0.022144317626953125
131,1055,,,-0.025257766246795654,,0.025257766246795654,
132,1063,,,-0.02526289038360119,,0.02526289038360119,
133,1071,,,-0.025281786918640137,,0.025281786918640137,
134,1079,,,-0.025265755131840706,,0.025265755131840706,
135,1087,,,-0.02526027150452137,,0.02526027150452137,
136,1095,,,-0.025271059945225716,,0.025271059945225716,
137,1099,,,,-0.026035785675048828,,0.026035785675048828
137,1103,,,-0.025267718359827995,,0.025267718359827995,
138,1111,,,-0.025278687477111816,,0.025278687477111816,
139,1119,,,-0.02526235580444336,,0.02526235580444336,
140,1127,,,-0.025276601314544678,,0.025276601314544678,
141,1135,,,-0.0252685546875,,0.0252685546875,
142,1143,,,-0.025276364758610725,,0.025276364758610725,
143,1149,,,,-0.027090072631835938,,0.027090072631835938
143,1151,,,-0.025276364758610725,,0.025276364758610725,
144,1159,,,-0.02527862787246704,,0.02527862787246704,
145,1167,,,-0.025280237197875977,,0.025280237197875977,
146,1175,,,-0.025276243686676025,,0.025276243686676025,
147,1183,,,-0.02528560161590576,,0.02528560161590576,
148,1191,,,-0.025280356407165527,,0.025280356407165527,
149,1199,,,,-0.03094959259033203,,0.03094959259033203
149,1199,,,-0.02527862787246704,,0.02527862787246704,
150,1207,,,-0.025278983637690544,,0.025278983637690544,
151,1215,,,-0.025285007432103157,,0.025285007432103157,
152,1223,,,-0.025280892848968506,,0.025280892848968506,
153,1231,,,-0.025276245549321175,,0.025276245549321175,
154,1239,,,-0.025287747383117676,,0.025287747383117676,
155,1247,,,-0.025274276733398438,,0.025274276733398438,
156,1249,,,,-0.033177852630615234,,0.033177852630615234
156,1255,,,-0.025288045406341553,,0.025288045406341553,
157,1263,,,-0.0252835750579834,,0.0252835750579834,
158,1271,,,-0.02529257722198963,,0.02529257722198963,
159,1279,,,-0.025294899940490723,,0.025294899940490723,
160,1287,,,-0.0252878088504076,,0.0252878088504076,
161,1295,,,-0.025289297103881836,,0.025289297103881836,
162,1299,,,,-0.019560813903808594,,0.019560813903808594
162,1303,,,-0.02528768964111805,,0.02528768964111805,
163,1311,,,-0.025290487334132195,,0.025290487334132195,
164,1319,,,-0.025291264057159424,,0.025291264057159424,
165,1327,,,-0.02529287338256836,,0.02529287338256836,
166,1335,,,-0.025300858542323112,,0.025300858542323112,
167,1343,,,-0.025285303592681885,,0.025285303592681885,
168,1349,,,,-0.018622398376464844,,0.018622398376464844
168,1351,,,-0.025290189310908318,,0.025290189310908318,
169,1359,,,-0.02528858371078968,,0.02528858371078968,
170,1367,,,-0.02528846450150013,,0.02528846450150013,
171,1375,,,-0.02529984712600708,,0.02529984712600708,
172,1383,,,-0.025294005870819092,,0.025294005870819092,
173,1391,,,-0.025300858542323112,,0.025300858542323112,
174,1399,,,,-0.02596569061279297,,0.02596569061279297
174,1399,,,-0.02530050277709961,,0.02530050277709961,
175,1407,,,-0.02531290054321289,,0.02531290054321289,
176,1415,,,-0.025303363800048828,,0.025303363800048828,
177,1423,,,-0.025298358872532845,,0.025298358872532845,
178,1431,,,-0.025300562381744385,,0.025300562381744385,
179,1439,,,-0.025305867195129395,,0.025305867195129395,
180,1447,,,-0.025298357009887695,,0.025298357009887695,
181,1449,,,,-0.020105361938476562,,0.020105361938476562
181,1455,,,-0.02529662847518921,,0.02529662847518921,
182,1463,,,-0.025296805426478386,,0.025296805426478386,
183,1471,,,-0.025303123518824577,,0.025303123518824577,
184,1479,,,-0.025301573798060417,,0.025301573798060417,
185,1487,,,-0.02530539035797119,,0.02530539035797119,
186,1495,,,-0.02529817819595337,,0.02529817819595337,
187,1499,,,,-0.028481483459472656,,0.028481483459472656
187,1503,,,-0.025311825796961784,,0.025311825796961784,
188,1511,,,-0.025304613634943962,,0.025304613634943962,
189,1519,,,-0.025303244590759277,,0.025303244590759277,
190,1527,,,-0.025306882336735725,,0.025306882336735725,
191,1535,,,-0.02530783601105213,,0.02530783601105213,
192,1543,,,-0.025303898379206657,,0.025303898379206657,
193,1549,,,,-0.03560829162597656,,0.03560829162597656
193,1551,,,-0.02530515193939209,,0.02530515193939209,
194,1559,,,-0.025310751050710678,,0.025310751050710678,
195,1567,,,-0.025315044447779655,,0.025315044447779655,
196,1575,,,-0.025304734706878662,,0.025304734706878662,
197,1583,,,-0.02530902624130249,,0.02530902624130249,
198,1591,,,-0.025300443172454834,,0.025300443172454834,
199,1599,,,,-0.021333694458007812,,0.021333694458007812
199,1599,,,-0.02530890889465809,,0.02530890889465809,
200,1607,,,-0.025302469730377197,,0.025302469730377197,
201,1615,,,-0.025302765890955925,,0.025302765890955925,
202,1623,,,-0.025313079357147217,,0.025313079357147217,
203,1631,,,-0.025317372754216194,,0.025317372754216194,
204,1639,,,-0.025308607146143913,,0.025308607146143913,
205,1647,,,-0.02531224489212036,,0.02531224489212036,
206,1649,,,,-0.02704334259033203,,0.02704334259033203
206,1655,,,-0.025316299870610237,,0.025316299870610237,
207,1663,,,-0.025312066078186035,,0.025312066078186035,
208,1671,,,-0.025304555892944336,,0.025304555892944336,
209,1679,,,-0.025318505242466927,,0.025318505242466927,
210,1687,,,-0.0253298282623291,,0.0253298282623291,
211,1695,,,-0.025317072868347168,,0.025317072868347168,
212,1699,,,,-0.020104408264160156,,0.020104408264160156
212,1703,,,-0.02531719021499157,,0.02531719021499157,
213,1711,,,-0.02531844563782215,,0.02531844563782215,
214,1719,,,-0.025319872424006462,,0.025319872424006462,
215,1727,,,-0.02531820349395275,,0.02531820349395275,
216,1735,,,-0.025313375517725945,,0.025313375517725945,
217,1743,,,-0.025332093238830566,,0.025332093238830566,
218,1749,,,,-0.02577686309814453,,0.02577686309814453
218,1751,,,-0.02532041259109974,,0.02532041259109974,
219,1759,,,-0.025325536727905273,,0.025325536727905273,
220,1767,,,-0.025321900844573975,,0.025321900844573975,
221,1775,,,-0.025322318077087402,,0.025322318077087402,
222,1783,,,-0.02532828040421009,,0.02532828040421009,
223,1791,,,-0.025328099727630615,,0.025328099727630615,
224,1799,,,,-0.028145790100097656,,0.028145790100097656
224,1799,,,-0.025320647284388542,,0.025320647284388542,
225,1807,,,-0.025327740237116814,,0.025327740237116814,
226,1815,,,-0.025324704125523567,,0.025324704125523567,
227,1823,,,-0.025346694514155388,,0.025346694514155388,
228,1831,,,-0.02532857656478882,,0.02532857656478882,
229,1839,,,-0.02532779984176159,,0.02532779984176159,
230,1847,,,-0.02532881684601307,,0.02532881684601307,
231,1849,,,,-0.022374629974365234,,0.022374629974365234
231,1855,,,-0.025330007076263428,,0.025330007076263428,
232,1863,,,-0.02533048205077648,,0.02533048205077648,
233,1871,,,-0.02532351016998291,,0.02532351016998291,
234,1879,,,-0.02532684989273548,,0.02532684989273548,
235,1887,,,-0.025335965678095818,,0.025335965678095818,
236,1895,,,-0.02532374858856201,,0.02532374858856201,
237,1899,,,,-0.025949478149414062,,0.025949478149414062
237,1903,,,-0.025337517261505127,,0.025337517261505127,
238,1911,,,-0.02533864974975586,,0.02533864974975586,
239,1919,,,-0.025334717705845833,,0.025334717705845833,
240,1927,,,-0.025339780375361443,,0.025339780375361443,
241,1935,,,-0.02535158395767212,,0.02535158395767212,
242,1943,,,-0.02533245086669922,,0.02533245086669922,
243,1949,,,,-0.02899789810180664,,0.02899789810180664
243,1951,,,-0.025324346497654915,,0.025324346497654915,
244,1959,,,-0.02533566951751709,,0.02533566951751709,
245,1967,,,-0.02533578872680664,,0.02533578872680664,
246,1975,,,-0.025338351726531982,,0.025338351726531982,
247,1983,,,-0.02533447928726673,,0.02533447928726673,
248,1991,,,-0.02534496784210205,,0.02534496784210205,
249,1999,,,,-0.026355743408203125,,0.026355743408203125
249,1999,,,-0.025341510772705078,,0.025341510772705078,
250,2007,,,-0.02533954568207264,,0.02533954568207264,
251,2015,,,-0.025348426774144173,,0.025348426774144173,
252,2023,,,-0.0253409743309021,,0.0253409743309021,
253,2031,,,-0.025342823937535286,,0.025342823937535286,
254,2039,,,-0.025339901447296143,,0.025339901447296143,
255,2047,,,-0.02533423900604248,,0.02533423900604248,
256,2049,,,,-0.027979373931884766,,0.027979373931884766
256,2055,,,-0.025343718007206917,,0.025343718007206917,
257,2063,,,-0.02534252405166626,,0.02534252405166626,
258,2071,,,-0.025345265865325928,,0.025345265865325928,
259,2079,,,-0.025356829166412354,,0.025356829166412354,
260,2087,,,-0.02534330077469349,,0.02534330077469349,
261,2095,,,-0.02534383535385132,,0.02534383535385132,
262,2099,,,,-0.031304359436035156,,0.031304359436035156
262,2103,,,-0.025357365608215332,,0.025357365608215332,
263,2111,,,-0.025347530841827393,,0.025347530841827393,
264,2119,,,-0.025344908237457275,,0.025344908237457275,
265,2127,,,-0.02534961886703968,,0.02534961886703968,
266,2135,,,-0.025348663330078125,,0.025348663330078125,
267,2143,,,-0.025347469374537468,,0.025347469374537468,
268,2149,,,,-0.020347118377685547,,0.020347118377685547
268,2151,,,-0.025353552773594856,,0.025353552773594856,
269,2159,,,-0.025353970006108284,,0.025353970006108284,
270,2167,,,-0.025354506447911263,,0.025354506447911263,
271,2175,,,-0.025336505845189095,,0.025336505845189095,
272,2183,,,-0.025343479588627815,,0.025343479588627815,
273,2191,,,-0.025353670120239258,,0.025353670120239258,
274,2199,,,,-0.023529529571533203,,0.023529529571533203
274,2199,,,-0.02535468526184559,,0.02535468526184559,
275,2207,,,-0.02536499686539173,,0.02536499686539173,
276,2215,,,-0.025354325771331787,,0.025354325771331787,
277,2223,,,-0.025344012305140495,,0.025344012305140495,
278,2231,,,-0.025360107421875,,0.025360107421875,
279,2239,,,-0.02535492181777954,,0.02535492181777954,
280,2247,,,-0.025363504886627197,,0.025363504886627197,
281,2249,,,,-0.023607254028320312,,0.023607254028320312
281,2255,,,-0.025365116074681282,,0.025365116074681282,
282,2263,,,-0.025356829166412354,,0.025356829166412354,
283,2271,,,-0.025360703468322754,,0.025360703468322754,
284,2279,,,-0.025363504886627197,,0.025363504886627197,
285,2287,,,-0.02536141872406006,,0.02536141872406006,
286,2295,,,-0.025357604026794434,,0.025357604026794434,
287,2299,,,,-0.026018619537353516,,0.026018619537353516
287,2303,,,-0.02536720037460327,,0.02536720037460327,
288,2311,,,-0.025364935398101807,,0.025364935398101807,
289,2319,,,-0.025357363745570183,,0.025357363745570183,
290,2327,,,-0.025367140769958496,,0.025367140769958496,
291,2335,,,-0.02535921335220337,,0.02535921335220337,
292,2343,,,-0.025364816188812256,,0.025364816188812256,
293,2349,,,,-0.022411346435546875,,0.022411346435546875
293,2351,,,-0.025360824540257454,,0.025360824540257454,
294,2359,,,-0.025365591049194336,,0.025365591049194336,
295,2367,,,-0.02536010555922985,,0.02536010555922985,
296,2375,,,-0.025381682440638542,,0.025381682440638542,
297,2383,,,-0.025369824841618538,,0.025369824841618538,
298,2391,,,-0.025375068187713623,,0.025375068187713623,
299,2399,,,,-0.01040792465209961,,0.01040792465209961
299,2399,,,-0.025337399914860725,,0.025337399914860725,
300,2407,,,-0.025367021560668945,,0.025367021560668945,
301,2415,,,-0.025365591049194336,,0.025365591049194336,
302,2423,,,-0.025376321747899055,,0.025376321747899055,
303,2431,,,-0.02536541223526001,,0.02536541223526001,
304,2439,,,-0.02537614107131958,,0.02537614107131958,
305,2447,,,-0.025364577770233154,,0.025364577770233154,
306,2449,,,,-0.02317667007446289,,0.02317667007446289
306,2455,,,-0.025369226932525635,,0.025369226932525635,
307,2463,,,-0.025370003655552864,,0.025370003655552864,
308,2471,,,-0.025372622534632683,,0.025372622534632683,
309,2479,,,-0.025372443720698357,,0.025372443720698357,
310,2487,,,-0.02536839060485363,,0.02536839060485363,
311,2495,,,-0.025367023423314095,,0.025367023423314095,
312,2499,,,,-0.020699501037597656,,0.020699501037597656
312,2503,,,-0.02538353204727173,,0.02538353204727173,
313,2511,,,-0.025343716144561768,,0.025343716144561768,
314,2519,,,-0.025374116376042366,,0.025374116376042366,
315,2527,,,-0.02537435106933117,,0.02537435106933117,
316,2535,,,-0.02536529302597046,,0.02536529302597046,
317,2543,,,-0.02538132853806019,,0.02538132853806019,
318,2549,,,,-0.026004791259765625,,0.026004791259765625
318,2551,,,-0.025381088256835938,,0.025381088256835938,
319,2559,,,-0.02537214569747448,,0.02537214569747448,
320,2567,,,-0.025381505489349365,,0.025381505489349365,
321,2575,,,-0.025377988815307617,,0.025377988815307617,
322,2583,,,-0.025384308770298958,,0.025384308770298958,
323,2591,,,-0.025389669463038445,,0.025389669463038445,
324,2599,,,,-0.020361900329589844,,0.020361900329589844
324,2599,,,-0.025372805073857307,,0.025372805073857307,
325,2607,,,-0.025376856327056885,,0.025376856327056885,
326,2615,,,-0.02537250518798828,,0.02537250518798828,
327,2623,,,-0.025399208068847656,,0.025399208068847656,
328,2631,,,-0.025385616347193718,,0.025385616347193718,
329,2639,,,-0.025384722277522087,,0.025384722277522087,
330,2647,,,-0.025392351672053337,,0.025392351672053337,
331,2649,,,,-0.025856494903564453,,0.025856494903564453
331,2655,,,-0.025384841486811638,,0.025384841486811638,
332,2663,,,-0.025374410673975945,,0.025374410673975945,
333,2671,,,-0.0253828763961792,,0.0253828763961792,
334,2679,,,-0.02539229393005371,,0.02539229393005371,
335,2687,,,-0.025387942790985107,,0.025387942790985107,
336,2695,,,-0.025386333465576172,,0.025386333465576172,
337,2699,,,,-0.02965831756591797,,0.02965831756591797
337,2703,,,-0.025396523997187614,,0.025396523997187614,
338,2711,,,-0.025392713025212288,,0.025392713025212288,
339,2719,,,-0.025401948019862175,,0.025401948019862175,
340,2727,,,-0.02539527416229248,,0.02539527416229248,
341,2735,,,-0.02539759874343872,,0.02539759874343872,
342,2743,,,-0.025385798886418343,,0.025385798886418343,
343,2749,,,,-0.017136573791503906,,0.017136573791503906
343,2751,,,-0.02539139799773693,,0.02539139799773693,
344,2759,,,-0.02540200762450695,,0.02540200762450695,
345,2767,,,-0.025398435071110725,,0.025398435071110725,
346,2775,,,-0.025394974276423454,,0.025394974276423454,
347,2783,,,-0.02539914660155773,,0.02539914660155773,
348,2791,,,-0.025393666699528694,,0.025393666699528694,
349,2799,,,,-0.030730247497558594,,0.030730247497558594
349,2799,,,-0.025403320789337158,,0.025403320789337158,
350,2807,,,-0.025401949882507324,,0.025401949882507324,
351,2815,,,-0.02538830041885376,,0.02538830041885376,
352,2823,,,-0.025408804416656494,,0.025408804416656494,
353,2831,,,-0.025396764278411865,,0.025396764278411865,
354,2839,,,-0.025396285578608513,,0.025396285578608513,
355,2847,,,-0.025404155254364014,,0.025404155254364014,
356,2849,,,,-0.02387523651123047,,0.02387523651123047
356,2855,,,-0.02539140172302723,,0.02539140172302723,
357,2863,,,-0.025406839326024055,,0.025406839326024055,
358,2871,,,-0.02539968490600586,,0.02539968490600586,
359,2879,,,-0.025390028953552246,,0.025390028953552246,
360,2887,,,-0.025401415303349495,,0.025401415303349495,
361,2895,,,-0.0253982525318861,,0.0253982525318861,
362,2899,,,,-0.029020309448242188,,0.029020309448242188
362,2903,,,-0.025399327278137207,,0.025399327278137207,
363,2911,,,-0.025398731231689453,,0.025398731231689453,
364,2919,,,-0.025408029556274414,,0.025408029556274414,
365,2927,,,-0.025402426719665527,,0.025402426719665527,
366,2935,,,-0.025408504530787468,,0.025408504530787468,
367,2943,,,-0.02540767192840576,,0.02540767192840576,
368,2949,,,,-0.018627166748046875,,0.018627166748046875
368,2951,,,-0.025397956371307373,,0.025397956371307373,
369,2959,,,-0.02541106939315796,,0.02541106939315796,
370,2967,,,-0.025413155555725098,,0.025413155555725098,
371,2975,,,-0.025399865582585335,,0.025399865582585335,
372,2983,,,-0.02541661076247692,,0.02541661076247692,
373,2991,,,-0.02540004253387451,,0.02540004253387451,
374,2999,,,,-0.025403976440429688,,0.025403976440429688
374,2999,,,-0.025400875136256218,,0.025400875136256218,
375,3007,,,-0.025406241416931152,,0.025406241416931152,
376,3015,,,-0.025405943393707275,,0.025405943393707275,
377,3023,,,-0.025410354137420654,,0.025410354137420654,
378,3031,,,-0.02541649527847767,,0.02541649527847767,
379,3039,,,-0.02541041560471058,,0.02541041560471058,
380,3047,,,-0.025394201278686523,,0.025394201278686523,
381,3049,,,,-0.027822494506835938,,0.027822494506835938
381,3055,,,-0.02541506104171276,,0.02541506104171276,
382,3063,,,-0.02542012929916382,,0.02542012929916382,
383,3071,,,-0.025399386882781982,,0.025399386882781982,
384,3079,,,-0.025410354137420654,,0.025410354137420654,
385,3087,,,-0.025415601208806038,,0.025415601208806038,
386,3095,,,-0.025416672229766846,,0.025416672229766846,
387,3099,,,,-0.028057575225830078,,0.028057575225830078
387,3103,,,-0.02540999837219715,,0.02540999837219715,
388,3111,,,-0.02541196346282959,,0.02541196346282959,
389,3119,,,-0.025412259623408318,,0.025412259623408318,
390,3127,,,-0.025417864322662354,,0.025417864322662354,
391,3135,,,-0.025414766743779182,,0.025414766743779182,
392,3143,,,-0.025407791137695312,,0.025407791137695312,
393,3149,,,,-0.031214237213134766,,0.031214237213134766
393,3151,,,-0.025399861857295036,,0.025399861857295036,
394,3159,,,-0.025418458506464958,,0.025418458506464958,
395,3167,,,-0.02542644739151001,,0.02542644739151001,
396,3175,,,-0.025393547490239143,,0.025393547490239143,
397,3183,,,-0.0254209041595459,,0.0254209041595459,
398,3191,,,-0.025416195392608643,,0.025416195392608643,
399,3199,,,,-0.031599998474121094,,0.031599998474121094
399,3199,,,-0.025420427322387695,,0.025420427322387695,
400,3207,,,-0.025416435673832893,,0.025416435673832893,
401,3215,,,-0.025410829111933708,,0.025410829111933708,
402,3223,,,-0.025422096252441406,,0.025422096252441406,
403,3231,,,-0.02543008327484131,,0.02543008327484131,
404,3239,,,-0.025427818298339844,,0.025427818298339844,
405,3247,,,-0.025423763319849968,,0.025423763319849968,
406,3249,,,,-0.026254653930664062,,0.026254653930664062
406,3255,,,-0.02542579174041748,,0.02542579174041748,
407,3263,,,-0.025414347648620605,,0.025414347648620605,
408,3271,,,-0.02539759874343872,,0.02539759874343872,
409,3279,,,-0.025434313341975212,,0.025434313341975212,
410,3287,,,-0.0254096370190382,,0.0254096370190382,
411,3295,,,-0.02543073706328869,,0.02543073706328869,
412,3299,,,,-0.023651123046875,,0.023651123046875
412,3303,,,-0.025423822924494743,,0.025423822924494743,
413,3311,,,-0.025436582043766975,,0.025436582043766975,
414,3319,,,-0.02542734146118164,,0.02542734146118164,
415,3327,,,-0.025428710505366325,,0.025428710505366325,
416,3335,,,-0.025404753163456917,,0.025404753163456917,
417,3343,,,-0.02538388781249523,,0.02538388781249523,
418,3349,,,,-0.0274658203125,,0.0274658203125
418,3351,,,-0.025436701253056526,,0.025436701253056526,
419,3359,,,-0.025425851345062256,,0.025425851345062256,
420,3367,,,-0.02541947364807129,,0.02541947364807129,
421,3375,,,-0.025432290509343147,,0.025432290509343147,
422,3383,,,-0.025438964366912842,,0.025438964366912842,
423,3391,,,-0.02544856071472168,,0.02544856071472168,
424,3399,,,,-0.030191421508789062,,0.030191421508789062
424,3399,,,-0.025441527366638184,,0.025441527366638184,
425,3407,,,-0.02543497085571289,,0.02543497085571289,
426,3415,,,-0.025432052090764046,,0.025432052090764046,
427,3423,,,-0.025424838066101074,,0.025424838066101074,
428,3431,,,-0.025448203086853027,,0.025448203086853027,
429,3439,,,-0.025427041575312614,,0.025427041575312614,
430,3447,,,-0.025428056716918945,,0.025428056716918945,
431,3449,,,,-0.024637699127197266,,0.024637699127197266
431,3455,,,-0.025435568764805794,,0.025435568764805794,
432,3463,,,-0.025439739227294922,,0.025439739227294922,
433,3471,,,-0.02544284053146839,,0.02544284053146839,
434,3479,,,-0.02542501874268055,,0.02542501874268055,
435,3487,,,-0.025442838668823242,,0.025442838668823242,
436,3495,,,-0.025436339899897575,,0.025436339899897575,
437,3499,,,,-0.025357723236083984,,0.025357723236083984
437,3503,,,-0.02543228678405285,,0.02543228678405285,
438,3511,,,-0.025438128039240837,,0.025438128039240837,
439,3519,,,-0.025433838367462158,,0.025433838367462158,
440,3527,,,-0.02544999122619629,,0.02544999122619629,
441,3535,,,-0.025452256202697754,,0.025452256202697754,
442,3543,,,-0.02544194646179676,,0.02544194646179676,
443,3549,,,,-0.02431964874267578,,0.02431964874267578
443,3551,,,-0.02545177936553955,,0.02545177936553955,
444,3559,,,-0.02544248104095459,,0.02544248104095459,
445,3567,,,-0.025452854111790657,,0.025452854111790657,
446,3575,,,-0.025440990924835205,,0.025440990924835205,
447,3583,,,-0.025447189807891846,,0.025447189807891846,
448,3591,,,-0.02544921636581421,,0.02544921636581421,
449,3599,,,,-0.02333354949951172,,0.02333354949951172
449,3599,,,-0.0254439115524292,,0.0254439115524292,
450,3607,,,-0.0254520196467638,,0.0254520196467638,
451,3615,,,-0.02545398287475109,,0.02545398287475109,
452,3623,,,-0.02544313669204712,,0.02544313669204712,
453,3631,,,-0.025449156761169434,,0.025449156761169434,
454,3639,,,-0.02544987201690674,,0.02544987201690674,
455,3647,,,-0.02544957399368286,,0.02544957399368286,
456,3649,,,,-0.030786991119384766,,0.030786991119384766
456,3655,,,-0.02546006441116333,,0.02546006441116333,
457,3663,,,-0.02544933557510376,,0.02544933557510376,
458,3671,,,-0.025461256504058838,,0.025461256504058838,
459,3679,,,-0.025453686714172363,,0.025453686714172363,
460,3687,,,-0.02545166015625,,0.02545166015625,
461,3695,,,-0.025475861504673958,,0.025475861504673958,
462,3699,,,,-0.016495227813720703,,0.016495227813720703
462,3703,,,-0.025443969294428825,,0.025443969294428825,
463,3711,,,-0.0254517812281847,,0.0254517812281847,
464,3719,,,-0.0254556555300951,,0.0254556555300951,
465,3727,,,-0.025460541248321533,,0.025460541248321533,
466,3735,,,-0.025462567806243896,,0.025462567806243896,
467,3743,,,-0.025420548394322395,,0.025420548394322395,
468,3749,,,,-0.028299331665039062,,0.028299331665039062
468,3751,,,-0.025474250316619873,,0.025474250316619873,
469,3759,,,-0.025460779666900635,,0.025460779666900635,
470,3767,,,-0.0254594087600708,,0.0254594087600708,
471,3775,,,-0.025447487831115723,,0.025447487831115723,
472,3783,,,-0.0254516564309597,,0.0254516564309597,
473,3791,,,-0.025439679622650146,,0.025439679622650146,
474,3799,,,,-0.02795124053955078,,0.02795124053955078
474,3799,,,-0.025451183319091797,,0.025451183319091797,
475,3807,,,-0.025456547737121582,,0.025456547737121582,
476,3815,,,-0.025452913716435432,,0.025452913716435432,
477,3823,,,-0.02547389268875122,,0.02547389268875122,
478,3831,,,-0.025464236736297607,,0.025464236736297607,
479,3839,,,-0.025465309619903564,,0.025465309619903564,
480,3847,,,-0.025470854714512825,,0.025470854714512825,
481,3849,,,,-0.021767616271972656,,0.021767616271972656
481,3855,,,-0.025468526408076286,,0.025468526408076286,
482,3863,,,-0.025457439944148064,,0.025457439944148064,
483,3871,,,-0.0254669189453125,,0.0254669189453125,
484,3879,,,-0.025461016222834587,,0.025461016222834587,
485,3887,,,-0.02546769380569458,,0.02546769380569458,
486,3895,,,-0.025461554527282715,,0.025461554527282715,
487,3899,,,,-0.02164173126220703,,0.02164173126220703
487,3903,,,-0.02547556161880493,,0.02547556161880493,
488,3911,,,-0.02547454833984375,,0.02547454833984375,
489,3919,,,-0.02546834759414196,,0.02546834759414196,
490,3927,,,-0.025478420779109,,0.025478420779109,
491,3935,,,-0.025467753410339355,,0.025467753410339355,
492,3943,,,-0.025468170642852783,,0.025468170642852783,
493,3949,,,,-0.02605915069580078,,0.02605915069580078
493,3951,,,-0.02544855885207653,,0.02544855885207653,
494,3959,,,-0.02547144703567028,,0.02547144703567028,
495,3967,,,-0.02546173334121704,,0.02546173334121704,
496,3975,,,-0.02546781301498413,,0.02546781301498413,
497,3983,,,-0.025475263595581055,,0.025475263595581055,
498,3991,,,-0.02547288127243519,,0.02547288127243519,
499,3999,,,,-0.02554607391357422,,0.02554607391357422
499,3999,,,-0.025468289852142334,,0.025468289852142334,
500,4007,,,-0.02547246217727661,,0.02547246217727661,
501,4015,,,-0.025477826595306396,,0.025477826595306396,
502,4023,,,-0.025465967133641243,,0.025465967133641243,
503,4031,,,-0.02547651343047619,,0.02547651343047619,
504,4039,,,-0.0254632830619812,,0.0254632830619812,
505,4047,,,-0.025487957522273064,,0.025487957522273064,
506,4049,,,,-0.024938583374023438,,0.024938583374023438
506,4055,,,-0.025468051433563232,,0.025468051433563232,
507,4063,,,-0.025470556691288948,,0.025470556691288948,
508,4071,,,-0.025486886501312256,,0.025486886501312256,
509,4079,,,-0.02547740936279297,,0.02547740936279297,
510,4087,,,-0.02548319101333618,,0.02548319101333618,
511,4095,,,-0.025481104850769043,,0.025481104850769043,
512,4099,,,,-0.030207157135009766,,0.030207157135009766
512,4103,,,-0.02549135498702526,,0.02549135498702526,
513,4111,,,-0.025479497388005257,,0.025479497388005257,
514,4119,,,-0.025469839572906494,,0.025469839572906494,
515,4127,,,-0.025482237339019775,,0.025482237339019775,
516,4135,,,-0.025465192273259163,,0.025465192273259163,
517,4143,,,-0.025486409664154053,,0.025486409664154053,
518,4149,,,,-0.025977611541748047,,0.025977611541748047
518,4151,,,-0.025472762063145638,,0.025472762063145638,
519,4159,,,-0.02547455206513405,,0.02547455206513405,
520,4167,,,-0.025473477318882942,,0.025473477318882942,
521,4175,,,-0.025487778708338737,,0.025487778708338737,
522,4183,,,-0.025487301871180534,,0.025487301871180534,
523,4191,,,-0.025487661361694336,,0.025487661361694336,
524,4199,,,,-0.026629924774169922,,0.026629924774169922
524,4199,,,-0.02549082040786743,,0.02549082040786743,
525,4207,,,-0.025487005710601807,,0.025487005710601807,
526,4215,,,-0.025484085083007812,,0.025484085083007812,
527,4223,,,-0.025495707988739014,,0.025495707988739014,
528,4231,,,-0.02547919563949108,,0.02547919563949108,
529,4239,,,-0.02548295259475708,,0.02548295259475708,
530,4247,,,-0.0254973154515028,,0.0254973154515028,
531,4249,,,,-0.028297901153564453,,0.028297901153564453
531,4255,,,-0.02548748254776001,,0.02548748254776001,
532,4263,,,-0.025491414591670036,,0.025491414591670036,
533,4271,,,-0.02548944763839245,,0.02548944763839245,
534,4279,,,-0.025493204593658447,,0.025493204593658447,
535,4287,,,-0.02546924352645874,,0.02546924352645874,
536,4295,,,-0.025475740432739258,,0.025475740432739258,
537,4299,,,,-0.018222808837890625,,0.018222808837890625
537,4303,,,-0.025486886501312256,,0.025486886501312256,
538,4311,,,-0.02549225091934204,,0.02549225091934204,
539,4319,,,-0.025490697473287582,,0.025490697473287582,
540,4327,,,-0.02548259310424328,,0.02548259310424328,
541,4335,,,-0.02548438310623169,,0.02548438310623169,
542,4343,,,-0.025489628314971924,,0.025489628314971924,
543,4349,,,,-0.026639938354492188,,0.026639938354492188
543,4351,,,-0.025486351922154427,,0.025486351922154427,
544,4359,,,-0.025507211685180664,,0.025507211685180664,
545,4367,,,-0.025484859943389893,,0.025484859943389893,
546,4375,,,-0.02549833245575428,,0.02549833245575428,
547,4383,,,-0.02549332194030285,,0.02549332194030285,
548,4391,,,-0.02549421600997448,,0.02549421600997448,
549,4399,,,,-0.025109291076660156,,0.025109291076660156
549,4399,,,-0.025492608547210693,,0.025492608547210693,
550,4407,,,-0.025503098964691162,,0.025503098964691162,
551,4415,,,-0.025487124919891357,,0.025487124919891357,
552,4423,,,-0.02548849582672119,,0.02548849582672119,
553,4431,,,-0.025471866130828857,,0.025471866130828857,
554,4439,,,-0.025504766032099724,,0.025504766032099724,
555,4447,,,-0.02550673298537731,,0.02550673298537731,
556,4449,,,,-0.02949810028076172,,0.02949810028076172
556,4455,,,-0.02549755573272705,,0.02549755573272705,
557,4463,,,-0.025492608547210693,,0.025492608547210693,
558,4471,,,-0.025498688220977783,,0.025498688220977783,
559,4479,,,-0.025499938055872917,,0.025499938055872917,
560,4487,,,-0.02550339885056019,,0.02550339885056019,
561,4495,,,-0.02550572156906128,,0.02550572156906128,
562,4499,,,,-0.029217243194580078,,0.029217243194580078
562,4503,,,-0.02547651343047619,,0.02547651343047619,
563,4511,,,-0.02550184540450573,,0.02550184540450573,
564,4519,,,-0.025499463081359863,,0.025499463081359863,
565,4527,,,-0.025501610711216927,,0.025501610711216927,
566,4535,,,-0.025508344173431396,,0.025508344173431396,
567,4543,,,-0.025502383708953857,,0.025502383708953857,
568,4549,,,,-0.026548385620117188,,0.026548385620117188
568,4551,,,-0.025506913661956787,,0.025506913661956787,
569,4559,,,-0.02549976110458374,,0.02549976110458374,
570,4567,,,-0.025507688522338867,,0.025507688522338867,
571,4575,,,-0.02551901340484619,,0.02551901340484619,
572,4583,,,-0.02550625614821911,,0.02550625614821911,
573,4591,,,-0.025505423545837402,,0.025505423545837402,
574,4599,,,,-0.017277240753173828,,0.017277240753173828
574,4599,,,-0.02549833059310913,,0.02549833059310913,
575,4607,,,-0.025508999824523926,,0.025508999824523926,
576,4615,,,-0.025509357452392578,,0.025509357452392578,
577,4623,,,-0.02550470642745495,,0.02550470642745495,
578,4631,,,-0.02551490254700184,,0.02551490254700184,
579,4639,,,-0.025508938357234,,0.025508938357234,
580,4647,,,-0.02551436237990856,,0.02551436237990856,
581,4649,,,,-0.024451732635498047,,0.024451732635498047
581,4655,,,-0.025517165660858154,,0.025517165660858154,
582,4663,,,-0.025499584153294563,,0.025499584153294563,
583,4671,,,-0.02550882287323475,,0.02550882287323475,
584,4679,,,-0.02551102638244629,,0.02551102638244629,
585,4687,,,-0.025508878752589226,,0.025508878752589226,
586,4695,,,-0.02552574872970581,,0.02552574872970581,
587,4699,,,,-0.025424480438232422,,0.025424480438232422
587,4703,,,-0.025516748428344727,,0.025516748428344727,
588,4711,,,-0.025516925379633904,,0.025516925379633904,
589,4719,,,-0.025516925379633904,,0.025516925379633904,
590,4727,,,-0.0255123358219862,,0.0255123358219862,
591,4735,,,-0.02550274133682251,,0.02550274133682251,
592,4743,,,-0.025517582893371582,,0.025517582893371582,
593,4749,,,,-0.024446487426757812,,0.024446487426757812
593,4751,,,-0.025510547682642937,,0.025510547682642937,
594,4759,,,-0.0255281925201416,,0.0255281925201416,
595,4767,,,-0.025522470474243164,,0.025522470474243164,
596,4775,,,-0.02551388554275036,,0.02551388554275036,
597,4783,,,-0.02550947479903698,,0.02550947479903698,
598,4791,,,-0.02552318386733532,,0.02552318386733532,
599,4799,,,,-0.020912647247314453,,0.020912647247314453
599,4799,,,-0.025526046752929688,,0.025526046752929688,
600,4807,,,-0.02552598901093006,,0.02552598901093006,
601,4815,,,-0.02550816722214222,,0.02550816722214222,
602,4823,,,-0.025517523288726807,,0.025517523288726807,
603,4831,,,-0.025507688522338867,,0.025507688522338867,
604,4839,,,-0.025517821311950684,,0.025517821311950684,
605,4847,,,-0.025534750893712044,,0.025534750893712044,
606,4849,,,,-0.023471832275390625,,0.023471832275390625
606,4855,,,-0.025526704266667366,,0.025526704266667366,
607,4863,,,-0.025521934032440186,,0.025521934032440186,
608,4871,,,-0.025511622428894043,,0.025511622428894043,
609,4879,,,-0.025519847869873047,,0.025519847869873047,
610,4887,,,-0.025526046752929688,,0.025526046752929688,
611,4895,,,-0.025527596473693848,,0.025527596473693848,
612,4899,,,,-0.021917343139648438,,0.021917343139648438
612,4903,,,-0.025521576404571533,,0.025521576404571533,
613,4911,,,-0.025527777150273323,,0.025527777150273323,
614,4919,,,-0.025528253987431526,,0.025528253987431526,
615,4927,,,-0.025533797219395638,,0.025533797219395638,
616,4935,,,-0.025525927543640137,,0.025525927543640137,
617,4943,,,-0.02552628517150879,,0.02552628517150879,
618,4949,,,,-0.025089740753173828,,0.025089740753173828
618,4951,,,-0.025520741939544678,,0.025520741939544678,
619,4959,,,-0.025536062195897102,,0.025536062195897102,
620,4967,,,-0.025531113147735596,,0.025531113147735596,
621,4975,,,-0.025535225868225098,,0.025535225868225098,
622,4983,,,-0.02552884817123413,,0.02552884817123413,
623,4991,,,-0.02552926540374756,,0.02552926540374756,
624,4999,,,,-0.02690410614013672,,0.02690410614013672
624,4999,,,-0.02554023452103138,,0.02554023452103138,
625,5007,,,-0.02553582191467285,,0.02553582191467285,
626,5015,,,-0.025516269728541374,,0.025516269728541374,
627,5023,,,-0.025532007217407227,,0.025532007217407227,
628,5031,,,-0.025526583194732666,,0.025526583194732666,
629,5039,,,-0.02547299861907959,,0.02547299861907959,
630,5047,,,-0.025538623332977295,,0.025538623332977295,
631,5049,,,,-0.030117034912109375,,0.030117034912109375
631,5055,,,-0.025540947914123535,,0.025540947914123535,
632,5063,,,-0.025533199310302734,,0.025533199310302734,
633,5071,,,-0.025523483753204346,,0.025523483753204346,
634,5079,,,-0.025531351566314697,,0.025531351566314697,
635,5087,,,-0.02553635649383068,,0.02553635649383068,
636,5095,,,-0.025534987449645996,,0.025534987449645996,
637,5099,,,,-0.02907419204711914,,0.02907419204711914
637,5103,,,-0.025535166263580322,,0.025535166263580322,
638,5111,,,-0.025532720610499382,,0.025532720610499382,
639,5119,,,-0.02553790807723999,,0.02553790807723999,
640,5127,,,-0.02553492784500122,,0.02553492784500122,
641,5135,,,-0.025525806471705437,,0.025525806471705437,
642,5143,,,-0.025530042126774788,,0.025530042126774788,
643,5149,,,,-0.025008678436279297,,0.025008678436279297
643,5151,,,-0.025544939562678337,,0.025544939562678337,
644,5159,,,-0.025533558800816536,,0.025533558800816536,
645,5167,,,-0.025544224306941032,,0.025544224306941032,
646,5175,,,-0.025544939562678337,,0.025544939562678337,
647,5183,,,-0.025533853098750114,,0.025533853098750114,
648,5191,,,-0.025545833632349968,,0.025545833632349968,
649,5199,,,,-0.02660083770751953,,0.02660083770751953
649,5199,,,-0.02554422616958618,,0.02554422616958618,
650,5207,,,-0.025548158213496208,,0.025548158213496208,
651,5215,,,-0.025547146797180176,,0.025547146797180176,
652,5223,,,-0.025542736053466797,,0.025542736053466797,
653,5231,,,-0.025548994541168213,,0.025548994541168213,
654,5239,,,-0.02554166316986084,,0.02554166316986084,
655,5247,,,-0.02554309368133545,,0.02554309368133545,
656,5249,,,,-0.021065235137939453,,0.021065235137939453
656,5255,,,-0.025530338287353516,,0.025530338287353516,
657,5263,,,-0.02553504705429077,,0.02553504705429077,
658,5271,,,-0.025543926283717155,,0.025543926283717155,
659,5279,,,-0.02554178237915039,,0.02554178237915039,
660,5287,,,-0.02554190345108509,,0.02554190345108509,
661,5295,,,-0.025554180145263672,,0.025554180145263672,
662,5299,,,,-0.027268409729003906,,0.027268409729003906
662,5303,,,-0.025552036240696907,,0.025552036240696907,
663,5311,,,-0.025548100471496582,,0.025548100471496582,
664,5319,,,-0.025556206703186035,,0.025556206703186035,
665,5327,,,-0.02555948682129383,,0.02555948682129383,
666,5335,,,-0.025549888610839844,,0.025549888610839844,
667,5343,,,-0.02551954984664917,,0.02551954984664917,
668,5349,,,,-0.024763107299804688,,0.024763107299804688
668,5351,,,-0.02554732747375965,,0.02554732747375965,
669,5359,,,-0.025548340752720833,,0.025548340752720833,
670,5367,,,-0.02553635835647583,,0.02553635835647583,
671,5375,,,-0.02555137872695923,,0.02555137872695923,
672,5383,,,-0.02556222677230835,,0.02556222677230835,
673,5391,,,-0.02554231882095337,,0.02554231882095337,
674,5399,,,,-0.02796459197998047,,0.02796459197998047
674,5399,,,-0.025553762912750244,,0.025553762912750244,
675,5407,,,-0.025555970147252083,,0.025555970147252083,
676,5415,,,-0.025560855865478516,,0.025560855865478516,
677,5423,,,-0.025550007820129395,,0.025550007820129395,
678,5431,,,-0.025563059374690056,,0.025563059374690056,
679,5439,,,-0.025564491748809814,,0.025564491748809814,
680,5447,,,-0.02554362826049328,,0.02554362826049328,
681,5449,,,,-0.0211029052734375,,0.0211029052734375
681,5455,,,-0.02555859088897705,,0.02555859088897705,
682,5463,,,-0.02555573172867298,,0.02555573172867298,
683,5471,,,-0.025556206703186035,,0.025556206703186035,
684,5479,,,-0.025561271235346794,,0.025561271235346794,
685,5487,,,-0.025550663471221924,,0.025550663471221924,
686,5495,,,-0.02555638551712036,,0.02555638551712036,
687,5499,,,,-0.020431041717529297,,0.020431041717529297
687,5503,,,-0.025526823475956917,,0.025526823475956917,
688,5511,,,-0.025557396933436394,,0.025557396933436394,
689,5519,,,-0.025530993938446045,,0.025530993938446045,
690,5527,,,-0.0255662202835083,,0.0255662202835083,
691,5535,,,-0.025552213191986084,,0.025552213191986084,
692,5543,,,-0.02557694911956787,,0.02557694911956787,
693,5549,,,,-0.01581859588623047,,0.01581859588623047
693,5551,,,-0.025550782680511475,,0.025550782680511475,
694,5559,,,-0.025567950680851936,,0.025567950680851936,
695,5567,,,-0.0255658607929945,,0.0255658607929945,
696,5575,,,-0.02555704116821289,,0.02555704116821289,
697,5583,,,-0.02556908130645752,,0.02556908130645752,
698,5591,,,-0.02556491084396839,,0.02556491084396839,
699,5599,,,,-0.025836944580078125,,0.025836944580078125
699,5599,,,-0.02556907944381237,,0.02556907944381237,
700,5607,,,-0.025577785447239876,,0.025577785447239876,
701,5615,,,-0.0255619864910841,,0.0255619864910841,
702,5623,,,-0.02556169033050537,,0.02556169033050537,
703,5631,,,-0.025572003796696663,,0.025572003796696663,
704,5639,,,-0.025560559704899788,,0.025560559704899788,
705,5647,,,-0.025567471981048584,,0.025567471981048584,
706,5649,,,,-0.02546834945678711,,0.02546834945678711
706,5655,,,-0.025562167167663574,,0.025562167167663574,
707,5663,,,-0.02555912733078003,,0.02555912733078003,
708,5671,,,-0.025562644004821777,,0.025562644004821777,
709,5679,,,-0.025565145537257195,,0.025565145537257195,
710,5687,,,-0.02556907944381237,,0.02556907944381237,
711,5695,,,-0.02555406279861927,,0.02555406279861927,
712,5699,,,,-0.02357006072998047,,0.02357006072998047
712,5703,,,-0.025560975074768066,,0.025560975074768066,
713,5711,,,-0.025572240352630615,,0.025572240352630615,
714,5719,,,-0.025582432746887207,,0.025582432746887207,
715,5727,,,-0.025567350909113884,,0.025567350909113884,
716,5735,,,-0.02557373233139515,,0.02557373233139515,
717,5743,,,-0.025576770305633545,,0.025576770305633545,
718,5749,,,,-0.034184932708740234,,0.034184932708740234
718,5751,,,-0.025586187839508057,,0.025586187839508057,
719,5759,,,-0.02557164616882801,,0.02557164616882801,
720,5767,,,-0.02557581663131714,,0.02557581663131714,
721,5775,,,-0.025574922561645508,,0.025574922561645508,
722,5783,,,-0.025579867884516716,,0.025579867884516716,
723,5791,,,-0.02557658962905407,,0.02557658962905407,
724,5799,,,,-0.03019571304321289,,0.03019571304321289
724,5799,,,-0.025586487725377083,,0.025586487725377083,
725,5807,,,-0.025574861094355583,,0.025574861094355583,
726,5815,,,-0.02556091547012329,,0.02556091547012329,
727,5823,,,-0.02559274435043335,,0.02559274435043335,
728,5831,,,-0.02557957172393799,,0.02557957172393799,
729,5839,,,-0.02557528018951416,,0.02557528018951416,
730,5847,,,-0.025572003796696663,,0.025572003796696663,
731,5849,,,,-0.03072643280029297,,0.03072643280029297
731,5855,,,-0.025570273399353027,,0.025570273399353027,
732,5863,,,-0.02558213472366333,,0.02558213472366333,
733,5871,,,-0.02557062916457653,,0.02557062916457653,
734,5879,,,-0.025549234822392464,,0.025549234822392464,
735,5887,,,-0.02558612823486328,,0.02558612823486328,
736,5895,,,-0.025570033118128777,,0.025570033118128777,
737,5899,,,,-0.021978378295898438,,0.021978378295898438
737,5903,,,-0.025584697723388672,,0.025584697723388672,
738,5911,,,-0.02557128667831421,,0.02557128667831421,
739,5919,,,-0.025573669001460075,,0.025573669001460075,
740,5927,,,-0.0255777258425951,,0.0255777258425951,
741,5935,,,-0.02558720111846924,,0.02558720111846924,
742,5943,,,-0.025581181049346924,,0.025581181049346924,
743,5949,,,,-0.030060291290283203,,0.030060291290283203
743,5951,,,-0.025590240955352783,,0.025590240955352783,
744,5959,,,-0.025569317862391472,,0.025569317862391472,
745,5967,,,-0.025594353675842285,,0.025594353675842285,
746,5975,,,-0.025591077283024788,,0.025591077283024788,
747,5983,,,-0.025588512420654297,,0.025588512420654297,
748,5991,,,-0.025581179186701775,,0.025581179186701775,
749,5999,,,,-0.027165889739990234,,0.027165889739990234
749,5999,,,-0.025582194328308105,,0.025582194328308105,
750,6007,,,-0.025576654821634293,,0.025576654821634293,
751,6015,,,-0.02558213658630848,,0.02558213658630848,
752,6023,,,-0.02557980827987194,,0.02557980827987194,
753,6031,,,-0.02558326907455921,,0.02558326907455921,
754,6039,,,-0.025581419467926025,,0.025581419467926025,
755,6047,,,-0.02558446116745472,,0.02558446116745472,
756,6049,,,,-0.022346019744873047,,0.022346019744873047
756,6055,,,-0.02558004856109619,,0.02558004856109619,
757,6063,,,-0.02557605504989624,,0.02557605504989624,
758,6071,,,-0.02558600716292858,,0.02558600716292858,
759,6079,,,-0.02558070421218872,,0.02558070421218872,
760,6087,,,-0.02557891607284546,,0.02557891607284546,
761,6095,,,-0.02559107355773449,,0.02559107355773449,
762,6099,,,,-0.022037506103515625,,0.022037506103515625
762,6103,,,-0.025578022003173828,,0.025578022003173828,
763,6111,,,-0.025597751140594482,,0.025597751140594482,
764,6119,,,-0.025587737560272217,,0.025587737560272217,
765,6127,,,-0.025597214698791504,,0.025597214698791504,
766,6135,,,-0.02559519000351429,,0.02559519000351429,
767,6143,,,-0.0255892276763916,,0.0255892276763916,
768,6149,,,,-0.029736042022705078,,0.029736042022705078
768,6151,,,-0.025604724884033203,,0.025604724884033203,
769,6159,,,-0.02558755874633789,,0.02558755874633789,
770,6167,,,-0.025595249608159065,,0.025595249608159065,
771,6175,,,-0.02559220977127552,,0.02559220977127552,
772,6183,,,-0.025586366653442383,,0.025586366653442383,
773,6191,,,-0.025590596720576286,,0.025590596720576286,
774,6199,,,,-0.027768611907958984,,0.027768611907958984
774,6199,,,-0.025595365092158318,,0.025595365092158318,
775,6207,,,-0.025595486164093018,,0.025595486164093018,
776,6215,,,-0.02558446116745472,,0.02558446116745472,
777,6223,,,-0.025617364794015884,,0.025617364794015884,
778,6231,,,-0.025587083771824837,,0.025587083771824837,
779,6239,,,-0.025601686909794807,,0.025601686909794807,
780,6247,,,-0.025598526000976562,,0.025598526000976562,
781,6249,,,,-0.02749490737915039,,0.02749490737915039
781,6255,,,-0.025596022605895996,,0.025596022605895996,
782,6263,,,-0.02558434009552002,,0.02558434009552002,
783,6271,,,-0.02561420202255249,,0.02561420202255249,
784,6279,,,-0.02561008930206299,,0.02561008930206299,
785,6287,,,-0.025606749579310417,,0.025606749579310417,
786,6295,,,-0.025606632232666016,,0.025606632232666016,
787,6299,,,,-0.03162050247192383,,0.03162050247192383
787,6303,,,-0.025605499744415283,,0.025605499744415283,
788,6311,,,-0.025605199858546257,,0.025605199858546257,
789,6319,,,-0.025618551298975945,,0.025618551298975945,
790,6327,,,-0.025606749579310417,,0.025606749579310417,
791,6335,,,-0.025614142417907715,,0.025614142417907715,
792,6343,,,-0.025595009326934814,,0.025595009326934814,
793,6349,,,,-0.027521610260009766,,0.027521610260009766
793,6351,,,-0.02559983730316162,,0.02559983730316162,
794,6359,,,-0.02561718225479126,,0.02561718225479126,
795,6367,,,-0.025605322793126106,,0.025605322793126106,
796,6375,,,-0.025606868788599968,,0.025606868788599968,
797,6383,,,-0.025608660653233528,,0.025608660653233528,
798,6391,,,-0.0255964994430542,,0.0255964994430542,
799,6399,,,,-0.024787425994873047,,0.024787425994873047
799,6399,,,-0.025610150769352913,,0.025610150769352913,
800,6407,,,-0.025614142417907715,,0.025614142417907715,
801,6415,,,-0.02559286169707775,,0.02559286169707775,
802,6423,,,-0.02561306767165661,,0.02561306767165661,
803,6431,,,-0.025607585906982422,,0.025607585906982422,
804,6439,,,-0.025611041113734245,,0.025611041113734245,
805,6447,,,-0.025599896907806396,,0.025599896907806396,
806,6449,,,,-0.026317596435546875,,0.026317596435546875
806,6455,,,-0.025597572326660156,,0.025597572326660156,
807,6463,,,-0.025606749579310417,,0.025606749579310417,
808,6471,,,-0.025614378973841667,,0.025614378973841667,
809,6479,,,-0.02560698799788952,,0.02560698799788952,
810,6487,,,-0.02560710720717907,,0.02560710720717907,
811,6495,,,-0.025623559951782227,,0.025623559951782227,
812,6499,,,,-0.023043155670166016,,0.023043155670166016
812,6503,,,-0.025614261627197266,,0.025614261627197266,
813,6511,,,-0.025612471625208855,,0.025612471625208855,
814,6519,,,-0.025608718395233154,,0.025608718395233154,
815,6527,,,-0.025609316304326057,,0.025609316304326057,
816,6535,,,-0.025619449093937874,,0.025619449093937874,
817,6543,,,-0.025612948462367058,,0.025612948462367058,
818,6549,,,,-0.03040599822998047,,0.03040599822998047
818,6551,,,-0.025603054091334343,,0.025603054091334343,
819,6559,,,-0.025614801794290543,,0.025614801794290543,
820,6567,,,-0.025613131001591682,,0.025613131001591682,
821,6575,,,-0.02560502290725708,,0.02560502290725708,
822,6583,,,-0.025620879605412483,,0.025620879605412483,
823,6591,,,-0.025613846257328987,,0.025613846257328987,
824,6599,,,,-0.023766517639160156,,0.023766517639160156
824,6599,,,-0.02560669183731079,,0.02560669183731079,
825,6607,,,-0.025634588673710823,,0.025634588673710823,
826,6615,,,-0.025618374347686768,,0.025618374347686768,
827,6623,,,-0.025616943836212158,,0.025616943836212158,
828,6631,,,-0.02561044879257679,,0.02561044879257679,
829,6639,,,-0.02563333511352539,,0.02563333511352539,
830,6647,,,-0.025588512420654297,,0.025588512420654297,
831,6649,,,,-0.027356624603271484,,0.027356624603271484
831,6655,,,-0.02559363655745983,,0.02559363655745983,
832,6663,,,-0.02561253309249878,,0.02561253309249878,
833,6671,,,-0.025618312880396843,,0.025618312880396843,
834,6679,,,-0.025638163089752197,,0.025638163089752197,
835,6687,,,-0.025629043579101562,,0.025629043579101562,
836,6695,,,-0.025597095489501953,,0.025597095489501953,
837,6699,,,,-0.025499343872070312,,0.025499343872070312
837,6703,,,-0.025625644251704216,,0.025625644251704216,
838,6711,,,-0.025624634698033333,,0.025624634698033333,
839,6719,,,-0.025624454021453857,,0.025624454021453857,
840,6727,,,-0.025625765323638916,,0.025625765323638916,
841,6735,,,-0.02562027983367443,,0.02562027983367443,
842,6743,,,-0.025612590834498405,,0.025612590834498405,
843,6749,,,,-0.03006887435913086,,0.03006887435913086
843,6751,,,-0.0256350040435791,,0.0256350040435791,
844,6759,,,-0.025618374347686768,,0.025618374347686768,
845,6767,,,-0.025597451254725456,,0.025597451254725456,
846,6775,,,-0.025624515488743782,,0.025624515488743782,
847,6783,,,-0.025628449395298958,,0.025628449395298958,
848,6791,,,-0.025616886094212532,,0.025616886094212532,
849,6799,,,,-0.016476154327392578,,0.016476154327392578
849,6799,,,-0.025614142417907715,,0.025614142417907715,
850,6807,,,-0.02564197964966297,,0.02564197964966297,
851,6815,,,-0.025612294673919678,,0.025612294673919678,
852,6823,,,-0.02561992220580578,,0.02561992220580578,
853,6831,,,-0.025623559951782227,,0.025623559951782227,
854,6839,,,-0.025638818740844727,,0.025638818740844727,
855,6847,,,-0.02562814950942993,,0.02562814950942993,
856,6849,,,,-0.031861305236816406,,0.031861305236816406
856,6855,,,-0.025631604716181755,,0.025631604716181755,
857,6863,,,-0.025624454021453857,,0.025624454021453857,
858,6871,,,-0.02562469244003296,,0.02562469244003296,
859,6879,,,-0.02560567669570446,,0.02560567669570446,
860,6887,,,-0.025619206950068474,,0.025619206950068474,
861,6895,,,-0.025610387325286865,,0.025610387325286865,
862,6899,,,,-0.025641918182373047,,0.025641918182373047
862,6903,,,-0.025634650141000748,,0.025634650141000748,
863,6911,,,-0.025631308555603027,,0.025631308555603027,
864,6919,,,-0.025636611506342888,,0.025636611506342888,
865,6927,,,-0.025640904903411865,,0.025640904903411865,
866,6935,,,-0.025606689974665642,,0.025606689974665642,
867,6943,,,-0.025613900274038315,,0.025613900274038315,
868,6949,,,,-0.028150558471679688,,0.028150558471679688
868,6951,,,-0.02561771869659424,,0.02561771869659424,
869,6959,,,-0.025631606578826904,,0.025631606578826904,
870,6967,,,-0.02563488483428955,,0.02563488483428955,
871,6975,,,-0.025632381439208984,,0.025632381439208984,
872,6983,,,-0.025631902739405632,,0.025631902739405632,
873,6991,,,-0.025631247088313103,,0.025631247088313103,
874,6999,,,,-0.01487874984741211,,0.01487874984741211
874,6999,,,-0.025632264092564583,,0.025632264092564583,
875,7007,,,-0.025640249252319336,,0.025640249252319336,
876,7015,,,-0.02563244290649891,,0.02563244290649891,
877,7023,,,-0.025634465739130974,,0.025634465739130974,
878,7031,,,-0.025640426203608513,,0.025640426203608513,
879,7039,,,-0.0256192684173584,,0.0256192684173584,
880,7047,,,-0.025632858276367188,,0.025632858276367188,
881,7049,,,,-0.022400379180908203,,0.022400379180908203
881,7055,,,-0.025630831718444824,,0.025630831718444824,
882,7063,,,-0.025643350556492805,,0.025643350556492805,
883,7071,,,-0.025642333552241325,,0.025642333552241325,
884,7079,,,-0.02563542127609253,,0.02563542127609253,
885,7087,,,-0.025638222694396973,,0.025638222694396973,
886,7095,,,-0.025631008669734,,0.025631008669734,
887,7099,,,,-0.03111743927001953,,0.03111743927001953
887,7103,,,-0.025632141157984734,,0.025632141157984734,
888,7111,,,-0.025627730414271355,,0.025627730414271355,
889,7119,,,-0.025646984577178955,,0.025646984577178955,
890,7127,,,-0.025644659996032715,,0.025644659996032715,
891,7135,,,-0.025639532133936882,,0.025639532133936882,
892,7143,,,-0.02563684992492199,,0.02563684992492199,
893,7149,,,,-0.029120922088623047,,0.029120922088623047
893,7151,,,-0.025656163692474365,,0.025656163692474365,
894,7159,,,-0.02564185857772827,,0.02564185857772827,
895,7167,,,-0.02563464641571045,,0.02563464641571045,
896,7175,,,-0.02563696913421154,,0.02563696913421154,
897,7183,,,-0.025634704157710075,,0.025634704157710075,
898,7191,,,-0.025636017322540283,,0.025636017322540283,
899,7199,,,,-0.02406024932861328,,0.02406024932861328
899,7199,,,-0.025645554065704346,,0.025645554065704346,
900,7207,,,-0.025645913556218147,,0.025645913556218147,
901,7215,,,-0.025634765625,,0.025634765625,
902,7223,,,-0.025639774277806282,,0.025639774277806282,
903,7231,,,-0.025649843737483025,,0.025649843737483025,
904,7239,,,-0.025652825832366943,,0.025652825832366943,
905,7247,,,-0.02563864178955555,,0.02563864178955555,
906,7249,,,,-0.020061969757080078,,0.020061969757080078
906,7255,,,-0.025647582486271858,,0.025647582486271858,
907,7263,,,-0.025629818439483643,,0.025629818439483643,
908,7271,,,-0.02563888020813465,,0.02563888020813465,
909,7279,,,-0.025634288787841797,,0.025634288787841797,
910,7287,,,-0.025667190551757812,,0.025667190551757812,
911,7295,,,-0.0256460290402174,,0.0256460290402174,
912,7299,,,,-0.021103858947753906,,0.021103858947753906
912,7303,,,-0.025667067617177963,,0.025667067617177963,
913,7311,,,-0.025633394718170166,,0.025633394718170166,
914,7319,,,-0.025650205090641975,,0.025650205090641975,
915,7327,,,-0.025638522580266,,0.025638522580266,
916,7335,,,-0.025618312880396843,,0.025618312880396843,
917,7343,,,-0.025651931762695312,,0.025651931762695312,
918,7349,,,,-0.021570205688476562,,0.021570205688476562
918,7351,,,-0.02564758062362671,,0.02564758062362671,
919,7359,,,-0.025655152276158333,,0.025655152276158333,
920,7367,,,-0.025630831718444824,,0.025630831718444824,
921,7375,,,-0.02565181255340576,,0.02565181255340576,
922,7383,,,-0.025636911392211914,,0.025636911392211914,
923,7391,,,-0.025644659996032715,,0.025644659996032715,
924,7399,,,,-0.03516387939453125,,0.03516387939453125
924,7399,,,-0.02564459852874279,,0.02564459852874279,
925,7407,,,-0.025642337277531624,,0.025642337277531624,
926,7415,,,-0.025656282901763916,,0.025656282901763916,
927,7423,,,-0.025658905506134033,,0.025658905506134033,
928,7431,,,-0.02566164918243885,,0.02566164918243885,
929,7439,,,-0.02565068006515503,,0.02565068006515503,
930,7447,,,-0.025659024715423584,,0.025659024715423584,
931,7449,,,,-0.027080059051513672,,0.027080059051513672
931,7455,,,-0.02565884403884411,,0.02565884403884411,
932,7463,,,-0.02565521001815796,,0.02565521001815796,
933,7471,,,-0.025659680366516113,,0.025659680366516113,
934,7479,,,-0.025666773319244385,,0.025666773319244385,
935,7487,,,-0.02565711736679077,,0.02565711736679077,
936,7495,,,-0.02565651945769787,,0.02565651945769787,
937,7499,,,,-0.023650169372558594,,0.023650169372558594
937,7503,,,-0.025658728554844856,,0.025658728554844856,
938,7511,,,-0.025658907368779182,,0.025658907368779182,
939,7519,,,-0.025654256343841553,,0.025654256343841553,
940,7527,,,-0.02565491385757923,,0.02565491385757923,
941,7535,,,-0.025654315948486328,,0.025654315948486328,
942,7543,,,-0.02565300650894642,,0.02565300650894642,
943,7549,,,,-0.022949695587158203,,0.022949695587158203
943,7551,,,-0.02564924955368042,,0.02564924955368042,
944,7559,,,-0.025632739067077637,,0.025632739067077637,
945,7567,,,-0.02565842866897583,,0.02565842866897583,
946,7575,,,-0.025659261271357536,,0.025659261271357536,
947,7583,,,-0.02564185857772827,,0.02564185857772827,
948,7591,,,-0.025657711550593376,,0.025657711550593376,
949,7599,,,,-0.02137613296508789,,0.02137613296508789
949,7599,,,-0.025644540786743164,,0.025644540786743164,
950,7607,,,-0.025628982111811638,,0.025628982111811638,
951,7615,,,-0.025665881112217903,,0.025665881112217903,
952,7623,,,-0.02565830945968628,,0.02565830945968628,
953,7631,,,-0.02564018778502941,,0.02564018778502941,
954,7639,,,-0.02566373348236084,,0.02566373348236084,
955,7647,,,-0.025667309761047363,,0.025667309761047363,
956,7649,,,,-0.026943206787109375,,0.026943206787109375
956,7655,,,-0.025646625086665154,,0.025646625086665154,
957,7663,,,-0.025658905506134033,,0.025658905506134033,
958,7671,,,-0.025671718642115593,,0.025671718642115593,
959,7679,,,-0.02566683292388916,,0.02566683292388916,
960,7687,,,-0.025649430230259895,,0.025649430230259895,
961,7695,,,-0.02565806917846203,,0.02565806917846203,
962,7699,,,,-0.021651744842529297,,0.021651744842529297
962,7703,,,-0.025660336017608643,,0.025660336017608643,
963,7711,,,-0.025647522881627083,,0.025647522881627083,
964,7719,,,-0.025658007711172104,,0.025658007711172104,
965,7727,,,-0.02566540613770485,,0.02566540613770485,
966,7735,,,-0.025645196437835693,,0.025645196437835693,
967,7743,,,-0.025636255741119385,,0.025636255741119385,
968,7749,,,,-0.02403736114501953,,0.02403736114501953
968,7751,,,-0.02567017264664173,,0.02567017264664173,
969,7759,,,-0.025661947205662727,,0.025661947205662727,
970,7767,,,-0.02565181255340576,,0.02565181255340576,
971,7775,,,-0.02565711736679077,,0.02565711736679077,
972,7783,,,-0.025659024715423584,,0.025659024715423584,
973,7791,,,-0.02567046880722046,,0.02567046880722046,
974,7799,,,,-0.023428916931152344,,0.023428916931152344
974,7799,,,-0.025667067617177963,,0.025667067617177963,
975,7807,,,-0.025668740272521973,,0.025668740272521973,
976,7815,,,-0.025655508041381836,,0.025655508041381836,
977,7823,,,-0.025669217109680176,,0.025669217109680176,
978,7831,,,-0.025657830759882927,,0.025657830759882927,
979,7839,,,-0.02566063217818737,,0.02566063217818737,
980,7847,,,-0.02566540241241455,,0.02566540241241455,
981,7849,,,,-0.021799564361572266,,0.021799564361572266
981,7855,,,-0.02566760778427124,,0.02566760778427124,
982,7863,,,-0.0256692785769701,,0.0256692785769701,
983,7871,,,-0.025664925575256348,,0.025664925575256348,
984,7879,,,-0.02567315101623535,,0.02567315101623535,
985,7887,,,-0.025669336318969727,,0.025669336318969727,
986,7895,,,-0.025670230388641357,,0.025670230388641357,
987,7899,,,,-0.02805948257446289,,0.02805948257446289
987,7903,,,-0.025669753551483154,,0.025669753551483154,
988,7911,,,-0.025665221735835075,,0.025665221735835075,
989,7919,,,-0.025669097900390625,,0.025669097900390625,
990,7927,,,-0.02567189931869507,,0.02567189931869507,
991,7935,,,-0.025669213384389877,,0.025669213384389877,
992,7943,,,-0.025662899017333984,,0.025662899017333984,
993,7949,,,,-0.0268402099609375,,0.0268402099609375
993,7951,,,-0.025665640830993652,,0.025665640830993652,
994,7959,,,-0.025677798315882683,,0.025677798315882683,
995,7967,,,-0.025672318413853645,,0.025672318413853645,
996,7975,,,-0.02566361427307129,,0.02566361427307129,
997,7983,,,-0.025684356689453125,,0.025684356689453125,
998,7991,,,-0.02567446231842041,,0.02567446231842041,
999,7999,,,,-0.03199911117553711,,0.03199911117553711
999,7999,,,-0.025672554969787598,,0.025672554969787598,
1000,8007,,,-0.02566438540816307,,0.02566438540816307,
1001,8015,,,-0.02564859390258789,,0.02564859390258789,
1002,8023,,,-0.02565556950867176,,0.02565556950867176,
1003,8031,,,-0.025690317153930664,,0.025690317153930664,
1004,8039,,,-0.025671062991023064,,0.025671062991023064,
1005,8047,,,-0.025678573176264763,,0.025678573176264763,
1006,8049,,,,-0.028533935546875,,0.028533935546875
1006,8055,,,-0.02567327208817005,,0.02567327208817005,
1007,8063,,,-0.02567809820175171,,0.02567809820175171,
1008,8071,,,-0.02567887306213379,,0.02567887306213379,
1009,8079,,,-0.02567821927368641,,0.02567821927368641,
1010,8087,,,-0.02568298578262329,,0.02568298578262329,
1011,8095,,,-0.025675296783447266,,0.025675296783447266,
1012,8099,,,,-0.026802539825439453,,0.026802539825439453
1012,8103,,,-0.025678696110844612,,0.025678696110844612,
1013,8111,,,-0.02567380666732788,,0.02567380666732788,
1014,8119,,,-0.02567642740905285,,0.02567642740905285,
1015,8127,,,-0.02567267417907715,,0.02567267417907715,
1016,8135,,,-0.025688529014587402,,0.025688529014587402,
1017,8143,,,-0.025667428970336914,,0.025667428970336914,
1018,8149,,,,-0.025396347045898438,,0.025396347045898438
1018,8151,,,-0.025681259110569954,,0.025681259110569954,
1019,8159,,,-0.025686023756861687,,0.025686023756861687,
1020,8167,,,-0.025686858221888542,,0.025686858221888542,
1021,8175,,,-0.025676129385828972,,0.025676129385828972,
1022,8183,,,-0.025686144828796387,,0.025686144828796387,
1023,8191,,,-0.025688471272587776,,0.025688471272587776,
1024,8199,,,,-0.02449178695678711,,0.02449178695678711
1024,8199,,,-0.02567911148071289,,0.02567911148071289,
1025,8207,,,-0.025674402713775635,,0.025674402713775635,
1026,8215,,,-0.025677978992462158,,0.025677978992462158,
1027,8223,,,-0.025682806968688965,,0.025682806968688965,
1028,8231,,,-0.025692343711853027,,0.025692343711853027,
1029,8239,,,-0.025660095736384392,,0.025660095736384392,
1030,8247,,,-0.025667190551757812,,0.025667190551757812,
1031,8249,,,,-0.025367259979248047,,0.025367259979248047
1031,8255,,,-0.02567780204117298,,0.02567780204117298,
1032,8263,,,-0.02565663680434227,,0.02565663680434227,
1033,8271,,,-0.02568870782852173,,0.02568870782852173,
1034,8279,,,-0.025683343410491943,,0.025683343410491943,
1035,8287,,,-0.02568739652633667,,0.02568739652633667,
1036,8295,,,-0.025693535804748535,,0.025693535804748535,
1037,8299,,,,-0.03138256072998047,,0.03138256072998047
1037,8303,,,-0.025672199204564095,,0.025672199204564095,
1038,8311,,,-0.025686681270599365,,0.025686681270599365,
1039,8319,,,-0.025684772059321404,,0.025684772059321404,
1040,8327,,,-0.025677144527435303,,0.025677144527435303,
1041,8335,,,-0.025689782574772835,,0.025689782574772835,
1042,8343,,,-0.02568686194717884,,0.02568686194717884,
1043,8349,,,,-0.02745532989501953,,0.02745532989501953
1043,8351,,,-0.02569657564163208,,0.02569657564163208,
1044,8359,,,-0.025686202570796013,,0.025686202570796013,
1045,8367,,,-0.02569711022078991,,0.02569711022078991,
1046,8375,,,-0.02568817138671875,,0.02568817138671875,
1047,8383,,,-0.02568107657134533,,0.02568107657134533,
1048,8391,,,-0.02570343017578125,,0.02570343017578125,
1049,8399,,,,-0.026314258575439453,,0.026314258575439453
1049,8399,,,-0.025682689622044563,,0.025682689622044563,
1050,8407,,,-0.025675475597381592,,0.025675475597381592,
1051,8415,,,-0.025691628456115723,,0.025691628456115723,
1052,8423,,,-0.025686563923954964,,0.025686563923954964,
1053,8431,,,-0.025692163035273552,,0.025692163035273552,
1054,8439,,,-0.025671780109405518,,0.025671780109405518,
1055,8447,,,-0.025700509548187256,,0.025700509548187256,
1056,8449,,,,-0.029199600219726562,,0.029199600219726562
1056,8455,,,-0.025699438527226448,,0.025699438527226448,
1057,8463,,,-0.025675952434539795,,0.025675952434539795,
1058,8471,,,-0.025684479624032974,,0.025684479624032974,
1059,8479,,,-0.025699017569422722,,0.025699017569422722,
1060,8487,,,-0.025699198246002197,,0.025699198246002197,
1061,8495,,,-0.025702297687530518,,0.025702297687530518,
1062,8499,,,,-0.022015094757080078,,0.022015094757080078
1062,8503,,,-0.025699200108647346,,0.025699200108647346,
1063,8511,,,-0.025690197944641113,,0.025690197944641113,
1064,8519,,,-0.025689901784062386,,0.025689901784062386,
1065,8527,,,-0.025699377059936523,,0.025699377059936523,
1066,8535,,,-0.025695383548736572,,0.025695383548736572,
1067,8543,,,-0.025680959224700928,,0.025680959224700928,
1068,8549,,,,-0.026158809661865234,,0.026158809661865234
1068,8551,,,-0.025694668292999268,,0.025694668292999268,
1069,8559,,,-0.025701044127345085,,0.025701044127345085,
1070,8567,,,-0.025693237781524658,,0.025693237781524658,
1071,8575,,,-0.02569139190018177,,0.02569139190018177,
1072,8583,,,-0.02570486068725586,,0.02570486068725586,
1073,8591,,,-0.025693893432617188,,0.025693893432617188,
1074,8599,,,,-0.029087543487548828,,0.029087543487548828
1074,8599,,,-0.025686264038085938,,0.025686264038085938,
1075,8607,,,-0.02566695027053356,,0.02566695027053356,
1076,8615,,,-0.02565920352935791,,0.02565920352935791,
1077,8623,,,-0.025684833526611328,,0.025684833526611328,
1078,8631,,,-0.025701342150568962,,0.025701342150568962,
1079,8639,,,-0.02570110559463501,,0.02570110559463501,
1080,8647,,,-0.025694726034998894,,0.025694726034998894,
1081,8649,,,,-0.025474071502685547,,0.025474071502685547
1081,8655,,,-0.02570069022476673,,0.02570069022476673,
1082,8663,,,-0.025699615478515625,,0.025699615478515625,
1083,8671,,,-0.025692343711853027,,0.025692343711853027,
1084,8679,,,-0.0257112979888916,,0.0257112979888916,
1085,8687,,,-0.025686858221888542,,0.025686858221888542,
1086,8695,,,-0.025701284408569336,,0.025701284408569336,
1087,8699,,,,-0.029545307159423828,,0.029545307159423828
1087,8703,,,-0.025692282244563103,,0.025692282244563103,
1088,8711,,,-0.02569812536239624,,0.02569812536239624,
1089,8719,,,-0.02569902129471302,,0.02569902129471302,
1090,8727,,,-0.025697708129882812,,0.025697708129882812,
1091,8735,,,-0.02570551447570324,,0.02570551447570324,
1092,8743,,,-0.025683581829071045,,0.025683581829071045,
1093,8749,,,,-0.024186134338378906,,0.024186134338378906
1093,8751,,,-0.025682926177978516,,0.025682926177978516,
1094,8759,,,-0.025701938197016716,,0.025701938197016716,
1095,8767,,,-0.025706173852086067,,0.025706173852086067,
1096,8775,,,-0.02570456452667713,,0.02570456452667713,
1097,8783,,,-0.025704143568873405,,0.025704143568873405,
1098,8791,,,-0.025715352967381477,,0.025715352967381477,
1099,8799,,,,-0.025736331939697266,,0.025736331939697266
1099,8799,,,-0.025699496269226074,,0.025699496269226074,
1100,8807,,,-0.025695623829960823,,0.025695623829960823,
1101,8815,,,-0.025697827339172363,,0.025697827339172363,
1102,8823,,,-0.025702236220240593,,0.025702236220240593,
1103,8831,,,-0.02570176124572754,,0.02570176124572754,
1104,8839,,,-0.025708673521876335,,0.025708673521876335,
1105,8847,,,-0.025695383548736572,,0.025695383548736572,
1106,8849,,,,-0.010352134704589844,,0.010352134704589844
1106,8855,,,-0.025705816224217415,,0.025705816224217415,
1107,8863,,,-0.025709692388772964,,0.025709692388772964,
1108,8871,,,-0.025708558037877083,,0.025708558037877083,
1109,8879,,,-0.025706708431243896,,0.025706708431243896,
1110,8887,,,-0.025705041363835335,,0.025705041363835335,
1111,8895,,,-0.025706173852086067,,0.025706173852086067,
1112,8899,,,,-0.02282428741455078,,0.02282428741455078
1112,8903,,,-0.025713980197906494,,0.025713980197906494,
1113,8911,,,-0.025707781314849854,,0.025707781314849854,
1114,8919,,,-0.02571404166519642,,0.02571404166519642,
1115,8927,,,-0.025706887245178223,,0.025706887245178223,
1116,8935,,,-0.02570873498916626,,0.02570873498916626,
1117,8943,,,-0.025709746405482292,,0.025709746405482292,
1118,8949,,,,-0.03131866455078125,,0.03131866455078125
1118,8951,,,-0.025728287175297737,,0.025728287175297737,
1119,8959,,,-0.025693416595458984,,0.025693416595458984,
1120,8967,,,-0.025712786242365837,,0.025712786242365837,
1121,8975,,,-0.025710461661219597,,0.025710461661219597,
1122,8983,,,-0.025707541033625603,,0.025707541033625603,
1123,8991,,,-0.025692105293273926,,0.025692105293273926,
1124,8999,,,,-0.018462181091308594,,0.018462181091308594
1124,8999,,,-0.02571260929107666,,0.02571260929107666,
1125,9007,,,-0.025699853897094727,,0.025699853897094727,
1126,9015,,,-0.025705931708216667,,0.025705931708216667,
1127,9023,,,-0.025714276358485222,,0.025714276358485222,
1128,9031,,,-0.02571260929107666,,0.02571260929107666,
1129,9039,,,-0.025719821453094482,,0.025719821453094482,
1130,9047,,,-0.025705276057124138,,0.025705276057124138,
1131,9049,,,,-0.023136138916015625,,0.023136138916015625
1131,9055,,,-0.02572411112487316,,0.02572411112487316,
1132,9063,,,-0.025702716782689095,,0.025702716782689095,
1133,9071,,,-0.025713922455906868,,0.025713922455906868,
1134,9079,,,-0.025716543197631836,,0.025716543197631836,
1135,9087,,,-0.025716662406921387,,0.025716662406921387,
1136,9095,,,-0.025705160573124886,,0.025705160573124886,
1137,9099,,,,-0.022517681121826172,,0.022517681121826172
1137,9103,,,-0.025723516941070557,,0.025723516941070557,
1138,9111,,,-0.02572411112487316,,0.02572411112487316,
1139,9119,,,-0.0257148165255785,,0.0257148165255785,
1140,9127,,,-0.025711240246891975,,0.025711240246891975,
1141,9135,,,-0.025716781616210938,,0.025716781616210938,
1142,9143,,,-0.02572685480117798,,0.02572685480117798,
1143,9149,,,,-0.024863719940185547,,0.024863719940185547
1143,9151,,,-0.02570045180618763,,0.02570045180618763,
1144,9159,,,-0.02571648173034191,,0.02571648173034191,
1145,9167,,,-0.025716662406921387,,0.025716662406921387,
1146,9175,,,-0.025711895897984505,,0.025711895897984505,
1147,9183,,,-0.025732576847076416,,0.025732576847076416,
1148,9191,,,-0.02571016550064087,,0.02571016550064087,
1149,9199,,,,-0.024001121520996094,,0.024001121520996094
1149,9199,,,-0.025717375800013542,,0.025717375800013542,
1150,9207,,,-0.025725841522216797,,0.025725841522216797,
1151,9215,,,-0.02572476863861084,,0.02572476863861084,
1152,9223,,,-0.025724349543452263,,0.025724349543452263,
1153,9231,,,-0.02571284770965576,,0.02571284770965576,
1154,9239,,,-0.02571004629135132,,0.02571004629135132,
1155,9247,,,-0.02571302466094494,,0.02571302466094494,
1156,9249,,,,-0.02646780014038086,,0.02646780014038086
1156,9255,,,-0.02571260929107666,,0.02571260929107666,
1157,9263,,,-0.025711001828312874,,0.025711001828312874,
1158,9271,,,-0.02571845054626465,,0.02571845054626465,
1159,9279,,,-0.02571636624634266,,0.02571636624634266,
1160,9287,,,-0.025732753798365593,,0.025732753798365593,
1161,9295,,,-0.02571946382522583,,0.02571946382522583,
1162,9299,,,,-0.022975444793701172,,0.022975444793701172
1162,9303,,,-0.025733230635523796,,0.025733230635523796,
1163,9311,,,-0.025728819891810417,,0.025728819891810417,
1164,9319,,,-0.02573496103286743,,0.02573496103286743,
1165,9327,,,-0.025721130892634392,,0.025721130892634392,
1166,9335,,,-0.02571713924407959,,0.02571713924407959,
1167,9343,,,-0.02572488784790039,,0.02572488784790039,
1168,9349,,,,-0.027459144592285156,,0.027459144592285156
1168,9351,,,-0.0257260799407959,,0.0257260799407959,
1169,9359,,,-0.025732696056365967,,0.025732696056365967,
1170,9367,,,-0.025728760287165642,,0.025728760287165642,
1171,9375,,,-0.025716662406921387,,0.025716662406921387,
1172,9383,,,-0.02572685480117798,,0.02572685480117798,
1173,9391,,,-0.02571249008178711,,0.02571249008178711,
1174,9399,,,,-0.029441356658935547,,0.029441356658935547
1174,9399,,,-0.025716543197631836,,0.025716543197631836,
1175,9407,,,-0.025721251964569092,,0.025721251964569092,
1176,9415,,,-0.025720296427607536,,0.025720296427607536,
1177,9423,,,-0.025724472478032112,,0.025724472478032112,
1178,9431,,,-0.025716600939631462,,0.025716600939631462,
1179,9439,,,-0.025729894638061523,,0.025729894638061523,
1180,9447,,,-0.02571999840438366,,0.02571999840438366,
1181,9449,,,,-0.025350570678710938,,0.025350570678710938
1181,9455,,,-0.025726379826664925,,0.025726379826664925,
1182,9463,,,-0.025724291801452637,,0.025724291801452637,
1183,9471,,,-0.025723932310938835,,0.025723932310938835,
1184,9479,,,-0.02572762779891491,,0.02572762779891491,
1185,9487,,,-0.025742771103978157,,0.025742771103978157,
1186,9495,,,-0.025694308802485466,,0.025694308802485466,
1187,9499,,,,-0.031672000885009766,,0.031672000885009766
1187,9503,,,-0.025714755058288574,,0.025714755058288574,
1188,9511,,,-0.02571892738342285,,0.02571892738342285,
1189,9519,,,-0.025738120079040527,,0.025738120079040527,
1190,9527,,,-0.025731561705470085,,0.025731561705470085,
1191,9535,,,-0.025732815265655518,,0.025732815265655518,
1192,9543,,,-0.02573496103286743,,0.02573496103286743,
1193,9549,,,,-0.026144981384277344,,0.026144981384277344
1193,9551,,,-0.025744616985321045,,0.025744616985321045,
1194,9559,,,-0.0257378201931715,,0.0257378201931715,
1195,9567,,,-0.025723397731781006,,0.025723397731781006,
1196,9575,,,-0.02573174051940441,,0.02573174051940441,
1197,9583,,,-0.02572799101471901,,0.02572799101471901,
1198,9591,,,-0.025740325450897217,,0.025740325450897217,
1199,9599,,,,-0.03214073181152344,,0.03214073181152344
1199,9599,,,-0.02573341317474842,,0.02573341317474842,
1200,9607,,,-0.025716781616210938,,0.025716781616210938,
1201,9615,,,-0.025740982964634895,,0.025740982964634895,
1202,9623,,,-0.02573162317276001,,0.02573162317276001,
1203,9631,,,-0.025730609893798828,,0.025730609893798828,
1204,9639,,,-0.025696871802210808,,0.025696871802210808,
1205,9647,,,-0.025722086429595947,,0.025722086429595947,
1206,9649,,,,-0.021822452545166016,,0.021822452545166016
1206,9655,,,-0.025723516941070557,,0.025723516941070557,
1207,9663,,,-0.025729119777679443,,0.025729119777679443,
1208,9671,,,-0.025731146335601807,,0.025731146335601807,
1209,9679,,,-0.025731563568115234,,0.025731563568115234,
1210,9687,,,-0.025731446221470833,,0.025731446221470833,
1211,9695,,,-0.025727689266204834,,0.025727689266204834,
1212,9699,,,,-0.014740943908691406,,0.014740943908691406
1212,9703,,,-0.025728881359100342,,0.025728881359100342,
1213,9711,,,-0.02572554349899292,,0.02572554349899292,
1214,9719,,,-0.025736868381500244,,0.025736868381500244,
1215,9727,,,-0.025737285614013672,,0.025737285614013672,
1216,9735,,,-0.02573472261428833,,0.02573472261428833,
1217,9743,,,-0.02574801631271839,,0.02574801631271839,
1218,9749,,,,-0.024292945861816406,,0.024292945861816406
1218,9751,,,-0.02571803331375122,,0.02571803331375122,
1219,9759,,,-0.025741100311279297,,0.025741100311279297,
1220,9767,,,-0.025737226009368896,,0.025737226009368896,
1221,9775,,,-0.025734426453709602,,0.025734426453709602,
1222,9783,,,-0.025728164240717888,,0.025728164240717888,
1223,9791,,,-0.025746047496795654,,0.025746047496795654,
1224,9799,,,,-0.023133277893066406,,0.023133277893066406
1224,9799,,,-0.025717737153172493,,0.025717737153172493,
1225,9807,,,-0.025739014148712158,,0.025739014148712158,
1226,9815,,,-0.025726675987243652,,0.025726675987243652,
1227,9823,,,-0.025740263983607292,,0.025740263983607292,
1228,9831,,,-0.025735199451446533,,0.025735199451446533,
1229,9839,,,-0.02572167105972767,,0.02572167105972767,
1230,9847,,,-0.02573746256530285,,0.02573746256530285,
1231,9849,,,,-0.02391958236694336,,0.02391958236694336
1231,9855,,,-0.025728045031428337,,0.025728045031428337,
1232,9863,,,-0.02574610523879528,,0.02574610523879528,
1233,9871,,,-0.02574998140335083,,0.02574998140335083,
1234,9879,,,-0.02573549747467041,,0.02573549747467041,
1235,9887,,,-0.025738179683685303,,0.025738179683685303,
1236,9895,,,-0.025738239288330078,,0.025738239288330078,
1237,9899,,,,-0.026227951049804688,,0.026227951049804688
1237,9903,,,-0.0257380623370409,,0.0257380623370409,
1238,9911,,,-0.0257340669631958,,0.0257340669631958,
1239,9919,,,-0.025736810639500618,,0.025736810639500618,
1240,9927,,,-0.02573680691421032,,0.02573680691421032,
1241,9935,,,-0.02573573589324951,,0.02573573589324951,
1242,9943,,,-0.025729894638061523,,0.025729894638061523,
1243,9949,,,,-0.03539562225341797,,0.03539562225341797
1243,9951,,,-0.025736093521118164,,0.025736093521118164,
1244,9959,,,-0.025738297030329704,,0.025738297030329704,
1245,9967,,,-0.025757012888789177,,0.025757012888789177,
1246,9975,,,-0.02572852559387684,,0.02572852559387684,
1247,9983,,,-0.02573448233306408,,0.02573448233306408,
1248,9991,,,-0.025730907917022705,,0.025730907917022705,
1249,9999,,,,-0.0220947265625,,0.0220947265625
1249,9999,,,-0.02573615498840809,,0.02573615498840809,
1250,10007,,,-0.025727150961756706,,0.025727150961756706,
1251,10015,,,-0.025744736194610596,,0.025744736194610596,
1252,10023,,,-0.025739850476384163,,0.025739850476384163,
1253,10031,,,-0.02572011947631836,,0.02572011947631836,
1254,10039,,,-0.025744974613189697,,0.025744974613189697,
1255,10047,,,-0.02574145793914795,,0.02574145793914795,
1256,10049,,,,-0.025415897369384766,,0.025415897369384766
1256,10055,,,-0.02574610896408558,,0.02574610896408558,
1257,10063,,,-0.02574986219406128,,0.02574986219406128,
1258,10071,,,-0.02575295977294445,,0.02575295977294445,
1259,10079,,,-0.02574068307876587,,0.02574068307876587,
1260,10087,,,-0.025734424591064453,,0.025734424591064453,
1261,10095,,,-0.025744616985321045,,0.025744616985321045,
1262,10099,,,,-0.02646160125732422,,0.02646160125732422
1262,10103,,,-0.025746343657374382,,0.025746343657374382,
1263,10111,,,-0.025737404823303223,,0.025737404823303223,
1264,10119,,,-0.025744140148162842,,0.025744140148162842,
1265,10127,,,-0.025743307545781136,,0.025743307545781136,
1266,10135,,,-0.025741934776306152,,0.025741934776306152,
1267,10143,,,-0.025734009221196175,,0.025734009221196175,
1268,10149,,,,-0.02613973617553711,,0.02613973617553711
1268,10151,,,-0.02574467845261097,,0.02574467845261097,
1269,10159,,,-0.02574765682220459,,0.02574765682220459,
1270,10167,,,-0.02573370933532715,,0.02573370933532715,
1271,10175,,,-0.025745928287506104,,0.025745928287506104,
1272,10183,,,-0.02574169635772705,,0.02574169635772705,
1273,10191,,,-0.02573353238403797,,0.02573353238403797,
1274,10199,,,,-0.025943279266357422,,0.025943279266357422
1274,10199,,,-0.025748789310455322,,0.025748789310455322,
1275,10207,,,-0.02574300765991211,,0.02574300765991211,
1276,10215,,,-0.025753259658813477,,0.025753259658813477,
1277,10223,,,-0.0257643461227417,,0.0257643461227417,
1278,10231,,,-0.025759337469935417,,0.025759337469935417,
1279,10239,,,-0.02574312686920166,,0.02574312686920166,
1280,10247,,,-0.02574700303375721,,0.02574700303375721,
1281,10249,,,,-0.01932811737060547,,0.01932811737060547
1281,10255,,,-0.025749264284968376,,0.025749264284968376,
1282,10263,,,-0.02575981430709362,,0.02575981430709362,
1283,10271,,,-0.02575021982192993,,0.02575021982192993,
1284,10279,,,-0.025740982964634895,,0.025740982964634895,
1285,10287,,,-0.025748906657099724,,0.025748906657099724,
1286,10295,,,-0.025752844288945198,,0.025752844288945198,
1287,10299,,,,-0.022912979125976562,,0.022912979125976562
1287,10303,,,-0.025756897404789925,,0.025756897404789925,
1288,10311,,,-0.025755228474736214,,0.025755228474736214,
1289,10319,,,-0.025750158354640007,,0.025750158354640007,
1290,10327,,,-0.025749683380126953,,0.025749683380126953,
1291,10335,,,-0.025747356936335564,,0.025747356936335564,
1292,10343,,,-0.025744257494807243,,0.025744257494807243,
1293,10349,,,,-0.02046680450439453,,0.02046680450439453
1293,10351,,,-0.025749387219548225,,0.025749387219548225,
1294,10359,,,-0.02574443630874157,,0.02574443630874157,
1295,10367,,,-0.02574699930846691,,0.02574699930846691,
1296,10375,,,-0.025760650634765625,,0.025760650634765625,
1297,10383,,,-0.02574336528778076,,0.02574336528778076,
1298,10391,,,-0.025755105540156364,,0.025755105540156364,
1299,10399,,,,-0.02550983428955078,,0.02550983428955078
1299,10399,,,-0.025759398937225342,,0.025759398937225342,
1300,10407,,,-0.025748493149876595,,0.025748493149876595,
1301,10415,,,-0.025758149102330208,,0.025758149102330208,
1302,10423,,,-0.025747716426849365,,0.025747716426849365,
1303,10431,,,-0.025749919936060905,,0.025749919936060905,
1304,10439,,,-0.025756122544407845,,0.025756122544407845,
1305,10447,,,-0.02574896812438965,,0.02574896812438965,
1306,10449,,,,-0.026480674743652344,,0.026480674743652344
1306,10455,,,-0.025747595354914665,,0.025747595354914665,
1307,10463,,,-0.025768816471099854,,0.025768816471099854,
1308,10471,,,-0.025769412517547607,,0.025769412517547607,
1309,10479,,,-0.025751233100891113,,0.025751233100891113,
1310,10487,,,-0.02574843168258667,,0.02574843168258667,
1311,10495,,,-0.02574753761291504,,0.02574753761291504,
1312,10499,,,,-0.02230691909790039,,0.02230691909790039
1312,10503,,,-0.02575129084289074,,0.02575129084289074,
1313,10511,,,-0.02574390172958374,,0.02574390172958374,
1314,10519,,,-0.02575850486755371,,0.02575850486755371,
1315,10527,,,-0.025751471519470215,,0.025751471519470215,
1316,10535,,,-0.025751831009984016,,0.025751831009984016,
1317,10543,,,-0.025757672265172005,,0.025757672265172005,
1318,10549,,,,-0.026089191436767578,,0.026089191436767578
1318,10551,,,-0.025766730308532715,,0.025766730308532715,
1319,10559,,,-0.02575075626373291,,0.02575075626373291,
1320,10567,,,-0.025750281289219856,,0.025750281289219856,
1321,10575,,,-0.025729715824127197,,0.025729715824127197,
1322,10583,,,-0.025756774470210075,,0.025756774470210075,
1323,10591,,,-0.025755345821380615,,0.025755345821380615,
1324,10599,,,,-0.02111530303955078,,0.02111530303955078
1324,10599,,,-0.025755582377314568,,0.025755582377314568,
1325,10607,,,-0.025751471519470215,,0.025751471519470215,
1326,10615,,,-0.025766076520085335,,0.025766076520085335,
1327,10623,,,-0.025757672265172005,,0.025757672265172005,
1328,10631,,,-0.02575725130736828,,0.02575725130736828,
1329,10639,,,-0.02575850486755371,,0.02575850486755371,
1330,10647,,,-0.02575099468231201,,0.02575099468231201,
1331,10649,,,,-0.02167654037475586,,0.02167654037475586
1331,10655,,,-0.02576512098312378,,0.02576512098312378,
1332,10663,,,-0.025749506428837776,,0.025749506428837776,
1333,10671,,,-0.025765355676412582,,0.025765355676412582,
1334,10679,,,-0.025756357237696648,,0.025756357237696648,
1335,10687,,,-0.02575981803238392,,0.02575981803238392,
1336,10695,,,-0.02575451135635376,,0.02575451135635376,
1337,10699,,,,-0.021189212799072266,,0.021189212799072266
1337,10703,,,-0.02575439214706421,,0.02575439214706421,
1338,10711,,,-0.025747599080204964,,0.025747599080204964,
1339,10719,,,-0.025753557682037354,,0.025753557682037354,
1340,10727,,,-0.02575462870299816,,0.02575462870299816,
1341,10735,,,-0.025759698823094368,,0.025759698823094368,
1342,10743,,,-0.025761187076568604,,0.025761187076568604,
1343,10749,,,,-0.01947927474975586,,0.01947927474975586
1343,10751,,,-0.02576899342238903,,0.02576899342238903,
1344,10759,,,-0.025758923962712288,,0.025758923962712288,
1345,10767,,,-0.025751827284693718,,0.025751827284693718,
1346,10775,,,-0.025778591632843018,,0.025778591632843018,
1347,10783,,,-0.025769054889678955,,0.025769054889678955,
1348,10791,,,-0.025739192962646484,,0.025739192962646484,
1349,10799,,,,-0.019105911254882812,,0.019105911254882812
1349,10799,,,-0.02576601505279541,,0.02576601505279541,
1350,10807,,,-0.025767743587493896,,0.025767743587493896,
1351,10815,,,-0.025760769844055176,,0.025760769844055176,
1352,10823,,,-0.025764165446162224,,0.025764165446162224,
1353,10831,,,-0.025766434147953987,,0.025766434147953987,
1354,10839,,,-0.02576124481856823,,0.02576124481856823,
1355,10847,,,-0.0257565975189209,,0.0257565975189209,
1356,10849,,,,-0.03333568572998047,,0.03333568572998047
1356,10855,,,-0.025770187377929688,,0.025770187377929688,
1357,10863,,,-0.02576547861099243,,0.02576547861099243,
1358,10871,,,-0.025762319564819336,,0.025762319564819336,
1359,10879,,,-0.025770368054509163,,0.025770368054509163,
1360,10887,,,-0.02576303668320179,,0.02576303668320179,
1361,10895,,,-0.025771258398890495,,0.025771258398890495,
1362,10899,,,,-0.01927661895751953,,0.01927661895751953
1362,10903,,,-0.025767266750335693,,0.025767266750335693,
1363,10911,,,-0.02575320191681385,,0.02575320191681385,
1364,10919,,,-0.025756478309631348,,0.025756478309631348,
1365,10927,,,-0.025759875774383545,,0.025759875774383545,
1366,10935,,,-0.025763988494873047,,0.025763988494873047,
1367,10943,,,-0.025764107704162598,,0.025764107704162598,
1368,10949,,,,-0.02955484390258789,,0.02955484390258789
1368,10951,,,-0.025769531726837158,,0.025769531726837158,
1369,10959,,,-0.02576369047164917,,0.02576369047164917,
1370,10967,,,-0.025747479870915413,,0.025747479870915413,
1371,10975,,,-0.025756658986210823,,0.025756658986210823,
1372,10983,,,-0.02577263116836548,,0.02577263116836548,
1373,10991,,,-0.02576500177383423,,0.02576500177383423,
1374,10999,,,,-0.028947830200195312,,0.028947830200195312
1374,10999,,,-0.025773705914616585,,0.025773705914616585,
1375,11007,,,-0.02577686496078968,,0.02577686496078968,
1376,11015,,,-0.02577972412109375,,0.02577972412109375,
1377,11023,,,-0.02576601505279541,,0.02576601505279541,
1378,11031,,,-0.02576124481856823,,0.02576124481856823,
1379,11039,,,-0.02577352523803711,,0.02577352523803711,
1380,11047,,,-0.02577519603073597,,0.02577519603073597,
1381,11049,,,,-0.01744365692138672,,0.01744365692138672
1381,11055,,,-0.025759994983673096,,0.025759994983673096,
1382,11063,,,-0.025775549933314323,,0.025775549933314323,
1383,11071,,,-0.025768041610717773,,0.025768041610717773,
1384,11079,,,-0.025766072794795036,,0.025766072794795036,
1385,11087,,,-0.025765297934412956,,0.025765297934412956,
1386,11095,,,-0.025765059515833855,,0.025765059515833855,
1387,11099,,,,-0.024760723114013672,,0.024760723114013672
1387,11103,,,-0.02576005645096302,,0.02576005645096302,
1388,11111,,,-0.025774896144866943,,0.025774896144866943,
1389,11119,,,-0.02575606293976307,,0.02575606293976307,
1390,11127,,,-0.025765182450413704,,0.025765182450413704,
1391,11135,,,-0.025768283754587173,,0.025768283754587173,
1392,11143,,,-0.025778653100132942,,0.025778653100132942,
1393,11149,,,,-0.027887821197509766,,0.027887821197509766
1393,11151,,,-0.025757253170013428,,0.025757253170013428,
1394,11159,,,-0.025773825123906136,,0.025773825123906136,
1395,11167,,,-0.025758149102330208,,0.025758149102330208,
1396,11175,,,-0.025775494053959846,,0.025775494053959846,
1397,11183,,,-0.025771023705601692,,0.025771023705601692,
1398,11191,,,-0.02575618028640747,,0.02575618028640747,
1399,11199,,,,-0.025614261627197266,,0.025614261627197266
1399,11199,,,-0.025778234004974365,,0.025778234004974365,
1400,11207,,,-0.025768039748072624,,0.025768039748072624,
1401,11215,,,-0.025774719193577766,,0.025774719193577766,
1402,11223,,,-0.025753378868103027,,0.025753378868103027,
1403,11231,,,-0.025764761492609978,,0.025764761492609978,
1404,11239,,,-0.02576225809752941,,0.02576225809752941,
1405,11247,,,-0.02578168921172619,,0.02578168921172619,
1406,11249,,,,-0.015635013580322266,,0.015635013580322266
1406,11255,,,-0.025705276057124138,,0.025705276057124138,
1407,11263,,,-0.025743067264556885,,0.025743067264556885,
1408,11271,,,-0.025773467496037483,,0.025773467496037483,
1409,11279,,,-0.025774655863642693,,0.025774655863642693,
1410,11287,,,-0.02577853389084339,,0.02577853389084339,
1411,11295,,,-0.025777816772460938,,0.025777816772460938,
1412,11299,,,,-0.02134418487548828,,0.02134418487548828
1412,11303,,,-0.02577275037765503,,0.02577275037765503,
1413,11311,,,-0.025768402963876724,,0.025768402963876724,
1414,11319,,,-0.025768456980586052,,0.025768456980586052,
1415,11327,,,-0.025768639519810677,,0.025768639519810677,
1416,11335,,,-0.025775374844670296,,0.025775374844670296,
1417,11343,,,-0.02578634023666382,,0.02578634023666382,
1418,11349,,,,-0.025944232940673828,,0.025944232940673828
1418,11351,,,-0.025774599984288216,,0.025774599984288216,
1419,11359,,,-0.025754272937774658,,0.025754272937774658,
1420,11367,,,-0.02578568458557129,,0.02578568458557129,
1421,11375,,,-0.025776032358407974,,0.025776032358407974,
1422,11383,,,-0.025757968425750732,,0.025757968425750732,
1423,11391,,,-0.025778351351618767,,0.025778351351618767,
1424,11399,,,,-0.026718616485595703,,0.026718616485595703
1424,11399,,,-0.025756897404789925,,0.025756897404789925,
1425,11407,,,-0.025780202820897102,,0.025780202820897102,
1426,11415,,,-0.025787530466914177,,0.025787530466914177,
1427,11423,,,-0.025768697261810303,,0.025768697261810303,
1428,11431,,,-0.025781871750950813,,0.025781871750950813,
1429,11439,,,-0.025775494053959846,,0.025775494053959846,
1430,11447,,,-0.025784194469451904,,0.025784194469451904,
1431,11449,,,,-0.029487133026123047,,0.029487133026123047
1431,11455,,,-0.025773705914616585,,0.025773705914616585,
1432,11463,,,-0.025802789255976677,,0.025802789255976677,
1433,11471,,,-0.025758862495422363,,0.025758862495422363,
1434,11479,,,-0.025768456980586052,,0.025768456980586052,
1435,11487,,,-0.025781989097595215,,0.025781989097595215,
1436,11495,,,-0.02578073740005493,,0.02578073740005493,
1437,11499,,,,-0.021554946899414062,,0.021554946899414062
1437,11503,,,-0.025787947699427605,,0.025787947699427605,
1438,11511,,,-0.025778234004974365,,0.025778234004974365,
1439,11519,,,-0.025777459144592285,,0.025777459144592285,
1440,11527,,,-0.025759341195225716,,0.025759341195225716,
1441,11535,,,-0.025774002075195312,,0.025774002075195312,
1442,11543,,,-0.025791943073272705,,0.025791943073272705,
1443,11549,,,,-0.0247802734375,,0.0247802734375
1443,11551,,,-0.025769054889678955,,0.025769054889678955,
1444,11559,,,-0.025772511959075928,,0.025772511959075928,
1445,11567,,,-0.025765178725123405,,0.025765178725123405,
1446,11575,,,-0.025778591632843018,,0.025778591632843018,
1447,11583,,,-0.025765540078282356,,0.025765540078282356,
1448,11591,,,-0.025787711143493652,,0.025787711143493652,
1449,11599,,,,-0.027373313903808594,,0.027373313903808594
1449,11599,,,-0.025777576491236687,,0.025777576491236687,
1450,11607,,,-0.02578037977218628,,0.02578037977218628,
1451,11615,,,-0.02576589398086071,,0.02576589398086071,
1452,11623,,,-0.025780024006962776,,0.025780024006962776,
1453,11631,,,-0.025773940607905388,,0.025773940607905388,
1454,11639,,,-0.02577662281692028,,0.02577662281692028,
1455,11647,,,-0.025785326957702637,,0.025785326957702637,
1456,11649,,,,-0.02722454071044922,,0.02722454071044922
1456,11655,,,-0.025795040652155876,,0.025795040652155876,
1457,11663,,,-0.02578878402709961,,0.02578878402709961,
1458,11671,,,-0.02577907033264637,,0.02577907033264637,
1459,11679,,,-0.025775253772735596,,0.025775253772735596,
1460,11687,,,-0.025767505168914795,,0.025767505168914795,
1461,11695,,,-0.025779785588383675,,0.025779785588383675,
1462,11699,,,,-0.021063804626464844,,0.021063804626464844
1462,11703,,,-0.02578854374587536,,0.02578854374587536,
1463,11711,,,-0.025777578353881836,,0.025777578353881836,
1464,11719,,,-0.025792181491851807,,0.025792181491851807,
1465,11727,,,-0.02578902244567871,,0.02578902244567871,
1466,11735,,,-0.02578192763030529,,0.02578192763030529,
1467,11743,,,-0.02578848786652088,,0.02578848786652088,
1468,11749,,,,-0.02411937713623047,,0.02411937713623047
1468,11751,,,-0.025787057355046272,,0.025787057355046272,
1469,11759,,,-0.025780200958251953,,0.025780200958251953,
1470,11767,,,-0.025790274143218994,,0.025790274143218994,
1471,11775,,,-0.025782229378819466,,0.025782229378819466,
1472,11783,,,-0.025785446166992188,,0.025785446166992188,
1473,11791,,,-0.02578514628112316,,0.02578514628112316,
1474,11799,,,,-0.01831197738647461,,0.01831197738647461
1474,11799,,,-0.02579057402908802,,0.02579057402908802,
1475,11807,,,-0.025782348588109016,,0.025782348588109016,
1476,11815,,,-0.025777874514460564,,0.025777874514460564,
1477,11823,,,-0.025781450793147087,,0.025781450793147087,
1478,11831,,,-0.025784136727452278,,0.025784136727452278,
1479,11839,,,-0.025770245119929314,,0.025770245119929314,
1480,11847,,,-0.025779785588383675,,0.025779785588383675,
1481,11849,,,,-0.029679298400878906,,0.029679298400878906
1481,11855,,,-0.025782525539398193,,0.025782525539398193,
1482,11863,,,-0.02578282542526722,,0.02578282542526722,
1483,11871,,,-0.025784729048609734,,0.025784729048609734,
1484,11879,,,-0.025773227214813232,,0.025773227214813232,
1485,11887,,,-0.0257869940251112,,0.0257869940251112,
1486,11895,,,-0.02578514628112316,,0.02578514628112316,
1487,11899,,,,-0.024801254272460938,,0.024801254272460938
1487,11903,,,-0.025771917775273323,,0.025771917775273323,
1488,11911,,,-0.025791525840759277,,0.025791525840759277,
1489,11919,,,-0.025781214237213135,,0.025781214237213135,
1490,11927,,,-0.025750458240509033,,0.025750458240509033,
1491,11935,,,-0.025798678398132324,,0.025798678398132324,
1492,11943,,,-0.02578151226043701,,0.02578151226043701,
1493,11949,,,,-0.027966976165771484,,0.027966976165771484
1493,11951,,,-0.025773346424102783,,0.025773346424102783,
1494,11959,,,-0.025790512561798096,,0.025790512561798096,
1495,11967,,,-0.025787653401494026,,0.025787653401494026,
1496,11975,,,-0.025800228118896484,,0.025800228118896484,
1497,11983,,,-0.025776803493499756,,0.025776803493499756,
1498,11991,,,-0.02578836679458618,,0.02578836679458618,
1499,11999,,,,-0.023229122161865234,,0.023229122161865234
1499,11999,,,-0.025783956050872803,,0.025783956050872803,
1500,12007,,,-0.02579253911972046,,0.02579253911972046,
1501,12015,,,-0.02578103356063366,,0.02578103356063366,
1502,12023,,,-0.025796767324209213,,0.025796767324209213,
1503,12031,,,-0.02578514628112316,,0.02578514628112316,
1504,12039,,,-0.025787653401494026,,0.025787653401494026,
1505,12047,,,-0.025769593194127083,,0.025769593194127083,
1506,12049,,,,-0.02866506576538086,,0.02866506576538086
1506,12055,,,-0.025782587006688118,,0.025782587006688118,
1507,12063,,,-0.025801779702305794,,0.025801779702305794,
1508,12071,,,-0.025781750679016113,,0.025781750679016113,
1509,12079,,,-0.025795461609959602,,0.025795461609959602,
1510,12087,,,-0.02579498291015625,,0.02579498291015625,
1511,12095,,,-0.025785384699702263,,0.025785384699702263,
1512,12099,,,,-0.023552894592285156,,0.023552894592285156
1512,12103,,,-0.025783896446228027,,0.025783896446228027,
1513,12111,,,-0.02579719014465809,,0.02579719014465809,
1514,12119,,,-0.02578824758529663,,0.02578824758529663,
1515,12127,,,-0.02578967623412609,,0.02578967623412609,
1516,12135,,,-0.025789260864257812,,0.025789260864257812,
1517,12143,,,-0.025778649374842644,,0.025778649374842644,
1518,12149,,,,-0.021750926971435547,,0.021750926971435547
1518,12151,,,-0.02578788809478283,,0.02578788809478283,
1519,12159,,,-0.02579730562865734,,0.02579730562865734,
1520,12167,,,-0.02576327510178089,,0.02576327510178089,
1521,12175,,,-0.02578657865524292,,0.02578657865524292,
1522,12183,,,-0.025782644748687744,,0.025782644748687744,
1523,12191,,,-0.02579355426132679,,0.02579355426132679,
1524,12199,,,,-0.02240133285522461,,0.02240133285522461
1524,12199,,,-0.025794031098484993,,0.025794031098484993,
1525,12207,,,-0.0257875919342041,,0.0257875919342041,
1526,12215,,,-0.02579355239868164,,0.02579355239868164,
1527,12223,,,-0.025799930095672607,,0.025799930095672607,
1528,12231,,,-0.025811495259404182,,0.025811495259404182,
1529,12239,,,-0.025794805958867073,,0.025794805958867073,
1530,12247,,,-0.025780322030186653,,0.025780322030186653,
1531,12249,,,,-0.030122756958007812,,0.030122756958007812
1531,12255,,,-0.025799991562962532,,0.025799991562962532,
1532,12263,,,-0.025784969329833984,,0.025784969329833984,
1533,12271,,,-0.02578967623412609,,0.02578967623412609,
1534,12279,,,-0.025775494053959846,,0.025775494053959846,
1535,12287,,,-0.02579730749130249,,0.02579730749130249,
1536,12295,,,-0.02579665184020996,,0.02579665184020996,
1537,12299,,,,-0.019555091857910156,,0.019555091857910156
1537,12303,,,-0.025791525840759277,,0.025791525840759277,
1538,12311,,,-0.025791168212890625,,0.025791168212890625,
1539,12319,,,-0.02580350637435913,,0.02580350637435913,
1540,12327,,,-0.025781214237213135,,0.025781214237213135,
1541,12335,,,-0.02576070837676525,,0.02576070837676525,
1542,12343,,,-0.025781869888305664,,0.025781869888305664,
1543,12349,,,,-0.024656295776367188,,0.024656295776367188
1543,12351,,,-0.025796832516789436,,0.025796832516789436,
1544,12359,,,-0.025802312418818474,,0.025802312418818474,
1545,12367,,,-0.02578127384185791,,0.02578127384185791,
1546,12375,,,-0.025771019980311394,,0.025771019980311394,
1547,12383,,,-0.025806784629821777,,0.025806784629821777,
1548,12391,,,-0.02579820342361927,,0.02579820342361927,
1549,12399,,,,-0.02435159683227539,,0.02435159683227539
1549,12399,,,-0.02579653263092041,,0.02579653263092041,
1550,12407,,,-0.025797070935368538,,0.025797070935368538,
1551,12415,,,-0.0258026123046875,,0.0258026123046875,
1552,12423,,,-0.025795340538024902,,0.025795340538024902,
1553,12431,,,-0.02579277940094471,,0.02579277940094471,
1554,12439,,,-0.02579575777053833,,0.02579575777053833,
1555,12447,,,-0.025799810886383057,,0.025799810886383057,
1556,12449,,,,-0.029674053192138672,,0.029674053192138672
1556,12455,,,-0.025799157097935677,,0.025799157097935677,
1557,12463,,,-0.02579551935195923,,0.02579551935195923,
1558,12471,,,-0.025804102420806885,,0.025804102420806885,
1559,12479,,,-0.0257758479565382,,0.0257758479565382,
1560,12487,,,-0.025801004841923714,,0.025801004841923714,
1561,12495,,,-0.025763513520359993,,0.025763513520359993,
1562,12499,,,,-0.024376869201660156,,0.024376869201660156
1562,12503,,,-0.025803864002227783,,0.025803864002227783,
1563,12511,,,-0.025798913091421127,,0.025798913091421127,
1564,12519,,,-0.02578503079712391,,0.02578503079712391,
1565,12527,,,-0.025798380374908447,,0.025798380374908447,
1566,12535,,,-0.025792598724365234,,0.025792598724365234,
1567,12543,,,-0.025772927328944206,,0.025772927328944206,
1568,12549,,,,-0.029367923736572266,,0.029367923736572266
1568,12551,,,-0.025804102420806885,,0.025804102420806885,
1569,12559,,,-0.025798141956329346,,0.025798141956329346,
1570,12567,,,-0.025778591632843018,,0.025778591632843018,
1571,12575,,,-0.025805950164794922,,0.025805950164794922,
1572,12583,,,-0.025788724422454834,,0.025788724422454834,
1573,12591,,,-0.02579653076827526,,0.02579653076827526,
1574,12599,,,,-0.025992393493652344,,0.025992393493652344
1574,12599,,,-0.025749506428837776,,0.025749506428837776,
1575,12607,,,-0.02578616328537464,,0.02578616328537464,
1576,12615,,,-0.025761663913726807,,0.025761663913726807,
1577,12623,,,-0.025786221027374268,,0.025786221027374268,
1578,12631,,,-0.025784015655517578,,0.025784015655517578,
1579,12639,,,-0.025798320770263672,,0.025798320770263672,
1580,12647,,,-0.025793612003326416,,0.025793612003326416,
1581,12649,,,,-0.023526668548583984,,0.023526668548583984
1581,12655,,,-0.02580958604812622,,0.02580958604812622,
1582,12663,,,-0.02580714039504528,,0.02580714039504528,
1583,12671,,,-0.025791406631469727,,0.025791406631469727,
1584,12679,,,-0.025791585445404053,,0.025791585445404053,
1585,12687,,,-0.025780798867344856,,0.025780798867344856,
1586,12695,,,-0.025812985375523567,,0.025812985375523567,
1587,12699,,,,-0.021051406860351562,,0.021051406860351562
1587,12703,,,-0.02579408884048462,,0.02579408884048462,
1588,12711,,,-0.02579849772155285,,0.02579849772155285,
1589,12719,,,-0.02579730749130249,,0.02579730749130249,
1590,12727,,,-0.025806188583374023,,0.025806188583374023,
1591,12735,,,-0.025792598724365234,,0.025792598724365234,
1592,12743,,,-0.02578967809677124,,0.02578967809677124,
1593,12749,,,,-0.02393960952758789,,0.02393960952758789
1593,12751,,,-0.025810599327087402,,0.025810599327087402,
1594,12759,,,-0.025800885632634163,,0.025800885632634163,
1595,12767,,,-0.025785982608795166,,0.025785982608795166,
1596,12775,,,-0.025799991562962532,,0.025799991562962532,
1597,12783,,,-0.025768103078007698,,0.025768103078007698,
1598,12791,,,-0.02579343505203724,,0.02579343505203724,
1599,12799,,,,-0.023195266723632812,,0.023195266723632812
1599,12799,,,-0.025807321071624756,,0.025807321071624756,
1600,12807,,,-0.025803806260228157,,0.025803806260228157,
1601,12815,,,-0.025769174098968506,,0.025769174098968506,
1602,12823,,,-0.025803210213780403,,0.025803210213780403,
1603,12831,,,-0.025806188583374023,,0.025806188583374023,
1604,12839,,,-0.025770721957087517,,0.025770721957087517,
1605,12847,,,-0.025789322331547737,,0.025789322331547737,
1606,12849,,,,-0.025026321411132812,,0.025026321411132812
1606,12855,,,-0.02579963393509388,,0.02579963393509388,
1607,12863,,,-0.025812985375523567,,0.025812985375523567,
1608,12871,,,-0.02579522132873535,,0.02579522132873535,
1609,12879,,,-0.02579057402908802,,0.02579057402908802,
1610,12887,,,-0.02580791711807251,,0.02580791711807251,
1611,12895,,,-0.0258101187646389,,0.0258101187646389,
1612,12899,,,,-0.019341468811035156,,0.019341468811035156
1612,12903,,,-0.02578747272491455,,0.02578747272491455,
1613,12911,,,-0.025778353214263916,,0.025778353214263916,
1614,12919,,,-0.025807324796915054,,0.025807324796915054,
1615,12927,,,-0.02579939179122448,,0.02579939179122448,
1616,12935,,,-0.025790633633732796,,0.025790633633732796,
1617,12943,,,-0.025803444907069206,,0.025803444907069206,
1618,12949,,,,-0.020420551300048828,,0.020420551300048828
1618,12951,,,-0.02578669972717762,,0.02578669972717762,
1619,12959,,,-0.02581077627837658,,0.02581077627837658,
1620,12967,,,-0.025787947699427605,,0.025787947699427605,
1621,12975,,,-0.025804996490478516,,0.025804996490478516,
1622,12983,,,-0.02580326795578003,,0.02580326795578003,
1623,12991,,,-0.025804877281188965,,0.025804877281188965,
1624,12999,,,,-0.02597522735595703,,0.02597522735595703
1624,12999,,,-0.025798439979553223,,0.025798439979553223,
1625,13007,,,-0.0258023738861084,,0.0258023738861084,
1626,13015,,,-0.02580702118575573,,0.02580702118575573,
1627,13023,,,-0.025805054232478142,,0.025805054232478142,
1628,13031,,,-0.02579188160598278,,0.02579188160598278,
1629,13039,,,-0.02580183744430542,,0.02580183744430542,
1630,13047,,,-0.025797903537750244,,0.025797903537750244,
1631,13049,,,,-0.03384828567504883,,0.03384828567504883
1631,13055,,,-0.025789916515350342,,0.025789916515350342,
1632,13063,,,-0.0257988590747118,,0.0257988590747118,
1633,13071,,,-0.025777816772460938,,0.025777816772460938,
1634,13079,,,-0.025819361209869385,,0.025819361209869385,
1635,13087,,,-0.02580857276916504,,0.02580857276916504,
1636,13095,,,-0.025790154933929443,,0.025790154933929443,
1637,13099,,,,-0.029951095581054688,,0.029951095581054688
1637,13103,,,-0.025807440280914307,,0.025807440280914307,
1638,13111,,,-0.025802789255976677,,0.025802789255976677,
1639,13119,,,-0.025803029537200928,,0.025803029537200928,
1640,13127,,,-0.02580362558364868,,0.02580362558364868,
1641,13135,,,-0.025814533233642578,,0.025814533233642578,
1642,13143,,,-0.025790929794311523,,0.025790929794311523,
1643,13149,,,,-0.03522825241088867,,0.03522825241088867
1643,13151,,,-0.025814831256866455,,0.025814831256866455,
1644,13159,,,-0.02579897828400135,,0.02579897828400135,
1645,13167,,,-0.025804879143834114,,0.025804879143834114,
1646,13175,,,-0.02581256628036499,,0.02581256628036499,
1647,13183,,,-0.025808634236454964,,0.025808634236454964,
1648,13191,,,-0.025813281536102295,,0.025813281536102295,
1649,13199,,,,-0.021572113037109375,,0.021572113037109375
1649,13199,,,-0.02580016851425171,,0.02580016851425171,
1650,13207,,,-0.025797367095947266,,0.025797367095947266,
1651,13215,,,-0.02580326795578003,,0.02580326795578003,
1652,13223,,,-0.025789080187678337,,0.025789080187678337,
1653,13231,,,-0.02581310085952282,,0.02581310085952282,
1654,13239,,,-0.025788843631744385,,0.025788843631744385,
1655,13247,,,-0.025815485045313835,,0.025815485045313835,
1656,13249,,,,-0.02068805694580078,,0.02068805694580078
1656,13255,,,-0.02579939179122448,,0.02579939179122448,
1657,13263,,,-0.02581513114273548,,0.02581513114273548,
1658,13271,,,-0.025805652141571045,,0.025805652141571045,
1659,13279,,,-0.02581476978957653,,0.02581476978957653,
1660,13287,,,-0.025798261165618896,,0.025798261165618896,
1661,13295,,,-0.025790929794311523,,0.025790929794311523,
1662,13299,,,,-0.025342464447021484,,0.025342464447021484
1662,13303,,,-0.02579766884446144,,0.02579766884446144,
1663,13311,,,-0.025801299139857292,,0.025801299139857292,
1664,13319,,,-0.025823473930358887,,0.025823473930358887,
1665,13327,,,-0.025814056396484375,,0.025814056396484375,
1666,13335,,,-0.025803983211517334,,0.025803983211517334,
1667,13343,,,-0.025811968371272087,,0.025811968371272087,
1668,13349,,,,-0.026081562042236328,,0.026081562042236328
1668,13351,,,-0.025790808722376823,,0.025790808722376823,
1669,13359,,,-0.025803325697779655,,0.025803325697779655,
1670,13367,,,-0.025819720700383186,,0.025819720700383186,
1671,13375,,,-0.025816557928919792,,0.025816557928919792,
1672,13383,,,-0.02582097239792347,,0.02582097239792347,
1673,13391,,,-0.025822045281529427,,0.025822045281529427,
1674,13399,,,,-0.02428913116455078,,0.02428913116455078
1674,13399,,,-0.025805175304412842,,0.025805175304412842,
1675,13407,,,-0.02581024169921875,,0.02581024169921875,
1676,13415,,,-0.025812329724431038,,0.025812329724431038,
1677,13423,,,-0.0258063692599535,,0.0258063692599535,
1678,13431,,,-0.025814954191446304,,0.025814954191446304,
1679,13439,,,-0.025812743231654167,,0.025812743231654167,
1680,13447,,,-0.025812389329075813,,0.025812389329075813,
1681,13449,,,,-0.02879476547241211,,0.02879476547241211
1681,13455,,,-0.025810422375798225,,0.025810422375798225,
1682,13463,,,-0.025820791721343994,,0.025820791721343994,
1683,13471,,,-0.02580404281616211,,0.02580404281616211,
1684,13479,,,-0.02580583281815052,,0.02580583281815052,
1685,13487,,,-0.025811614468693733,,0.025811614468693733,
1686,13495,,,-0.025810299441218376,,0.025810299441218376,
1687,13499,,,,-0.019567489624023438,,0.019567489624023438
1687,13503,,,-0.025798439979553223,,0.025798439979553223,
1688,13511,,,-0.025806188583374023,,0.025806188583374023,
1689,13519,,,-0.02581399865448475,,0.02581399865448475,
1690,13527,,,-0.02581513114273548,,0.02581513114273548,
1691,13535,,,-0.025812625885009766,,0.025812625885009766,
1692,13543,,,-0.02581542730331421,,0.02581542730331421,
1693,13549,,,,-0.016637325286865234,,0.016637325286865234
1693,13551,,,-0.025802312418818474,,0.025802312418818474,
1694,13559,,,-0.025797603651881218,,0.025797603651881218,
1695,13567,,,-0.0258443932980299,,0.0258443932980299,
1696,13575,,,-0.025799274444580078,,0.025799274444580078,
1697,13583,,,-0.025817513465881348,,0.025817513465881348,
1698,13591,,,-0.025795340538024902,,0.025795340538024902,
1699,13599,,,,-0.032181739807128906,,0.032181739807128906
1699,13599,,,-0.02579951100051403,,0.02579951100051403,
1700,13607,,,-0.025802673771977425,,0.025802673771977425,
1701,13615,,,-0.025818703696131706,,0.025818703696131706,
1702,13623,,,-0.02579808421432972,,0.02579808421432972,
1703,13631,,,-0.025805532932281494,,0.025805532932281494,
1704,13639,,,-0.025812627747654915,,0.025812627747654915,
1705,13647,,,-0.025796296074986458,,0.025796296074986458,
1706,13649,,,,-0.024682044982910156,,0.024682044982910156
1706,13655,,,-0.02582085318863392,,0.02582085318863392,
1707,13663,,,-0.02580857276916504,,0.02580857276916504,
1708,13671,,,-0.02579408884048462,,0.02579408884048462,
1709,13679,,,-0.025811074301600456,,0.025811074301600456,
1710,13687,,,-0.025809289887547493,,0.025809289887547493,
1711,13695,,,-0.025819184258580208,,0.025819184258580208,
1712,13699,,,,-0.025694847106933594,,0.025694847106933594
1712,13703,,,-0.02581644244492054,,0.02581644244492054,
1713,13711,,,-0.02580440044403076,,0.02580440044403076,
1714,13719,,,-0.02581733465194702,,0.02581733465194702,
1715,13727,,,-0.025785384699702263,,0.025785384699702263,
1716,13735,,,-0.025808751583099365,,0.025808751583099365,
1717,13743,,,-0.025805475190281868,,0.025805475190281868,
1718,13749,,,,-0.025809288024902344,,0.025809288024902344
1718,13751,,,-0.025784313678741455,,0.025784313678741455,
1719,13759,,,-0.025814950466156006,,0.025814950466156006,
1720,13767,,,-0.025806723162531853,,0.025806723162531853,
1721,13775,,,-0.025813817977905273,,0.025813817977905273,
1722,13783,,,-0.02580505609512329,,0.02580505609512329,
1723,13791,,,-0.02581268548965454,,0.02581268548965454,
1724,13799,,,,-0.028757095336914062,,0.028757095336914062
1724,13799,,,-0.025832829996943474,,0.025832829996943474,
1725,13807,,,-0.025792120024561882,,0.025792120024561882,
1726,13815,,,-0.025834204629063606,,0.025834204629063606,
1727,13823,,,-0.025812866166234016,,0.025812866166234016,
1728,13831,,,-0.02582627534866333,,0.02582627534866333,
1729,13839,,,-0.02580118365585804,,0.02580118365585804,
1730,13847,,,-0.02581888437271118,,0.02581888437271118,
1731,13849,,,,-0.022891998291015625,,0.022891998291015625
1731,13855,,,-0.025813816115260124,,0.025813816115260124,
1732,13863,,,-0.025815963745117188,,0.025815963745117188,
1733,13871,,,-0.025817157700657845,,0.025817157700657845,
1734,13879,,,-0.025824667885899544,,0.025824667885899544,
1735,13887,,,-0.025821685791015625,,0.025821685791015625,
1736,13895,,,-0.02582317590713501,,0.02582317590713501,
1737,13899,,,,-0.025162220001220703,,0.025162220001220703
1737,13903,,,-0.025818051770329475,,0.025818051770329475,
1738,13911,,,-0.025824841111898422,,0.025824841111898422,
1739,13919,,,-0.02582239918410778,,0.02582239918410778,
1740,13927,,,-0.02581644244492054,,0.02581644244492054,
1741,13935,,,-0.02581787109375,,0.02581787109375,
1742,13943,,,-0.02582669071853161,,0.02582669071853161,
1743,13949,,,,-0.02451610565185547,,0.02451610565185547
1743,13951,,,-0.02581685781478882,,0.02581685781478882,
1744,13959,,,-0.02582317590713501,,0.02582317590713501,
1745,13967,,,-0.025820257142186165,,0.025820257142186165,
1746,13975,,,-0.02581501193344593,,0.02581501193344593,
1747,13983,,,-0.025813397020101547,,0.025813397020101547,
1748,13991,,,-0.02581179141998291,,0.02581179141998291,
1749,13999,,,,-0.028932571411132812,,0.028932571411132812
1749,13999,,,-0.02582383155822754,,0.02582383155822754,
1750,14007,,,-0.025808990001678467,,0.025808990001678467,
1751,14015,,,-0.025826813653111458,,0.025826813653111458,
1752,14023,,,-0.025809409096837044,,0.025809409096837044,
1753,14031,,,-0.025831280276179314,,0.025831280276179314,
1754,14039,,,-0.025808751583099365,,0.025808751583099365,
1755,14047,,,-0.02581489272415638,,0.02581489272415638,
1756,14049,,,,-0.03177356719970703,,0.03177356719970703
1756,14055,,,-0.02581685781478882,,0.02581685781478882,
1757,14063,,,-0.025812210515141487,,0.025812210515141487,
1758,14071,,,-0.025818703696131706,,0.025818703696131706,
1759,14079,,,-0.025810835883021355,,0.025810835883021355,
1760,14087,,,-0.025809289887547493,,0.025809289887547493,
1761,14095,,,-0.02581143192946911,,0.02581143192946911,
1762,14099,,,,-0.02317333221435547,,0.02317333221435547
1762,14103,,,-0.02581685781478882,,0.02581685781478882,
1763,14111,,,-0.025825323536992073,,0.025825323536992073,
1764,14119,,,-0.02580725960433483,,0.02580725960433483,
1765,14127,,,-0.025793256238102913,,0.025793256238102913,
1766,14135,,,-0.025800110772252083,,0.025800110772252083,
1767,14143,,,-0.02582395076751709,,0.02582395076751709,
1768,14149,,,,-0.021082401275634766,,0.021082401275634766
1768,14151,,,-0.025821805000305176,,0.025821805000305176,
1769,14159,,,-0.025810718536376953,,0.025810718536376953,
1770,14167,,,-0.02583116479218006,,0.02583116479218006,
1771,14175,,,-0.025813281536102295,,0.025813281536102295,
1772,14183,,,-0.02582526206970215,,0.02582526206970215,
1773,14191,,,-0.02581906132400036,,0.02581906132400036,
1774,14199,,,,-0.025222301483154297,,0.025222301483154297
1774,14199,,,-0.025827642530202866,,0.025827642530202866,
1775,14207,,,-0.025819478556513786,,0.025819478556513786,
1776,14215,,,-0.025826694443821907,,0.025826694443821907,
1777,14223,,,-0.025820136070251465,,0.025820136070251465,
1778,14231,,,-0.02582383155822754,,0.02582383155822754,
1779,14239,,,-0.02581787109375,,0.02581787109375,
1780,14247,,,-0.025810718536376953,,0.025810718536376953,
1781,14249,,,,-0.02016735076904297,,0.02016735076904297
1781,14255,,,-0.02581930160522461,,0.02581930160522461,
1782,14263,,,-0.0258141178637743,,0.0258141178637743,
1783,14271,,,-0.025809047743678093,,0.025809047743678093,
1784,14279,,,-0.025826456025242805,,0.025826456025242805,
1785,14287,,,-0.025823473930358887,,0.025823473930358887,
1786,14295,,,-0.025771019980311394,,0.025771019980311394,
1787,14299,,,,-0.028423786163330078,,0.028423786163330078
1787,14303,,,-0.025834975764155388,,0.025834975764155388,
1788,14311,,,-0.02582370862364769,,0.02582370862364769,
1789,14319,,,-0.02581202983856201,,0.02581202983856201,
1790,14327,,,-0.025815963745117188,,0.025815963745117188,
1791,14335,,,-0.02581685781478882,,0.02581685781478882,
1792,14343,,,-0.025814473628997803,,0.025814473628997803,
1793,14349,,,,-0.02031707763671875,,0.02031707763671875
1793,14351,,,-0.02584230899810791,,0.02584230899810791,
1794,14359,,,-0.025824548676609993,,0.025824548676609993,
1795,14367,,,-0.02580833062529564,,0.02580833062529564,
1796,14375,,,-0.02582431025803089,,0.02582431025803089,
1797,14383,,,-0.02580416202545166,,0.02580416202545166,
1798,14391,,,-0.02582436613738537,,0.02582436613738537,
1799,14399,,,,-0.02863168716430664,,0.02863168716430664
1799,14399,,,-0.025800704956054688,,0.025800704956054688,
1800,14407,,,-0.025823352858424187,,0.025823352858424187,
1801,14415,,,-0.02581864595413208,,0.02581864595413208,
1802,14423,,,-0.025830628350377083,,0.025830628350377083,
1803,14431,,,-0.02583301067352295,,0.02583301067352295,
1804,14439,,,-0.025815250352025032,,0.025815250352025032,
1805,14447,,,-0.02582460641860962,,0.02582460641860962,
1806,14449,,,,-0.02782297134399414,,0.02782297134399414
1806,14455,,,-0.025804758071899414,,0.025804758071899414,
1807,14463,,,-0.025811968371272087,,0.025811968371272087,
1808,14471,,,-0.025826571509242058,,0.025826571509242058,
1809,14479,,,-0.025815725326538086,,0.025815725326538086,
1810,14487,,,-0.0258256196975708,,0.0258256196975708,
1811,14495,,,-0.02580535225570202,,0.02580535225570202,
1812,14499,,,,-0.02800750732421875,,0.02800750732421875
1812,14503,,,-0.025827111676335335,,0.025827111676335335,
1813,14511,,,-0.025828957557678223,,0.025828957557678223,
1814,14519,,,-0.02581697329878807,,0.02581697329878807,
1815,14527,,,-0.025821268558502197,,0.025821268558502197,
1816,14535,,,-0.025810541585087776,,0.025810541585087776,
1817,14543,,,-0.02581942081451416,,0.02581942081451416,
1818,14549,,,,-0.02693462371826172,,0.02693462371826172
1818,14551,,,-0.025822820141911507,,0.025822820141911507,
1819,14559,,,-0.025826813653111458,,0.025826813653111458,
1820,14567,,,-0.025818051770329475,,0.025818051770329475,
1821,14575,,,-0.025824129581451416,,0.025824129581451416,
1822,14583,,,-0.025829611346125603,,0.025829611346125603,
1823,14591,,,-0.02577674575150013,,0.02577674575150013,
1824,14599,,,,-0.01964569091796875,,0.01964569091796875
1824,14599,,,-0.025829792022705078,,0.025829792022705078,
1825,14607,,,-0.02579599618911743,,0.02579599618911743,
1826,14615,,,-0.02580559067428112,,0.02580559067428112,
1827,14623,,,-0.025833608582615852,,0.025833608582615852,
1828,14631,,,-0.025822341442108154,,0.025822341442108154,
1829,14639,,,-0.02582639455795288,,0.02582639455795288,
1830,14647,,,-0.02583235502243042,,0.02583235502243042,
1831,14649,,,,-0.02691650390625,,0.02691650390625
1831,14655,,,-0.02582329697906971,,0.02582329697906971,
1832,14663,,,-0.025834737345576286,,0.025834737345576286,
1833,14671,,,-0.02583068609237671,,0.02583068609237671,
1834,14679,,,-0.02581840753555298,,0.02581840753555298,
1835,14687,,,-0.025809764862060547,,0.025809764862060547,
1836,14695,,,-0.025824248790740967,,0.025824248790740967,
1837,14699,,,,-0.026741981506347656,,0.026741981506347656
1837,14703,,,-0.025829315185546875,,0.025829315185546875,
1838,14711,,,-0.025819122791290283,,0.025819122791290283,
1839,14719,,,-0.025835873559117317,,0.025835873559117317,
1840,14727,,,-0.02584296651184559,,0.02584296651184559,
1841,14735,,,-0.0258218664675951,,0.0258218664675951,
1842,14743,,,-0.025819778442382812,,0.025819778442382812,
1843,14749,,,,-0.024836063385009766,,0.024836063385009766
1843,14751,,,-0.025818707421422005,,0.025818707421422005,
1844,14759,,,-0.025816796347498894,,0.025816796347498894,
1845,14767,,,-0.025819482281804085,,0.025819482281804085,
1846,14775,,,-0.025812804698944092,,0.025812804698944092,
1847,14783,,,-0.025828897953033447,,0.025828897953033447,
1848,14791,,,-0.025828363373875618,,0.025828363373875618,
1849,14799,,,,-0.029169082641601562,,0.029169082641601562
1849,14799,,,-0.025804638862609863,,0.025804638862609863,
1850,14807,,,-0.02582901529967785,,0.02582901529967785,
1851,14815,,,-0.0258328914642334,,0.0258328914642334,
1852,14823,,,-0.02583092264831066,,0.02583092264831066,
1853,14831,,,-0.02581101655960083,,0.02581101655960083,
1854,14839,,,-0.025823531672358513,,0.025823531672358513,
1855,14847,,,-0.02581775188446045,,0.02581775188446045,
1856,14849,,,,-0.031861305236816406,,0.031861305236816406
1856,14855,,,-0.02581930160522461,,0.02581930160522461,
1857,14863,,,-0.02582264132797718,,0.02582264132797718,
1858,14871,,,-0.02580624632537365,,0.02580624632537365,
1859,14879,,,-0.025834443047642708,,0.025834443047642708,
1860,14887,,,-0.025821149349212646,,0.025821149349212646,
1861,14895,,,-0.025814712047576904,,0.025814712047576904,
1862,14899,,,,-0.030482769012451172,,0.030482769012451172
1862,14903,,,-0.025805652141571045,,0.025805652141571045,
1863,14911,,,-0.025805413722991943,,0.025805413722991943,
1864,14919,,,-0.025828121230006218,,0.025828121230006218,
1865,14927,,,-0.025838077068328857,,0.025838077068328857,
1866,14935,,,-0.025807736441493034,,0.025807736441493034,
1867,14943,,,-0.025832775980234146,,0.025832775980234146,
1868,14949,,,,-0.028699398040771484,,0.028699398040771484
1868,14951,,,-0.025812149047851562,,0.025812149047851562,
1869,14959,,,-0.025817928835749626,,0.025817928835749626,
1870,14967,,,-0.02583092637360096,,0.02583092637360096,
1871,14975,,,-0.025815844535827637,,0.025815844535827637,
1872,14983,,,-0.025826217606663704,,0.025826217606663704,
1873,14991,,,-0.025823654606938362,,0.025823654606938362,
1874,14999,,,,-0.027848243713378906,,0.027848243713378906
1874,14999,,,-0.02582728862762451,,0.02582728862762451,
1875,15007,,,-0.025814592838287354,,0.025814592838287354,
1876,15015,,,-0.02581554837524891,,0.02581554837524891,
1877,15023,,,-0.025790750980377197,,0.025790750980377197,
1878,15031,,,-0.025799931958317757,,0.025799931958317757,
1879,15039,,,-0.025821924209594727,,0.025821924209594727,
1880,15047,,,-0.02583324909210205,,0.02583324909210205,
1881,15049,,,,-0.0360870361328125,,0.0360870361328125
1881,15055,,,-0.025824548676609993,,0.025824548676609993,
1882,15063,,,-0.025826452299952507,,0.025826452299952507,
1883,15071,,,-0.025797663256525993,,0.025797663256525993,
1884,15079,,,-0.02581513114273548,,0.02581513114273548,
1885,15087,,,-0.02583169937133789,,0.02583169937133789,
1886,15095,,,-0.025822699069976807,,0.025822699069976807,
1887,15099,,,,-0.016959190368652344,,0.016959190368652344
1887,15103,,,-0.025825200602412224,,0.025825200602412224,
1888,15111,,,-0.025838317349553108,,0.025838317349553108,
1889,15119,,,-0.02583015151321888,,0.02583015151321888,
1890,15127,,,-0.025821328163146973,,0.025821328163146973,
1891,15135,,,-0.025820910930633545,,0.025820910930633545,
1892,15143,,,-0.02582716941833496,,0.02582716941833496,
1893,15149,,,,-0.015972614288330078,,0.015972614288330078
1893,15151,,,-0.025771139189600945,,0.025771139189600945,
1894,15159,,,-0.025840282440185547,,0.025840282440185547,
1895,15167,,,-0.025827646255493164,,0.025827646255493164,
1896,15175,,,-0.02583456039428711,,0.02583456039428711,
1897,15183,,,-0.025828002020716667,,0.025828002020716667,
1898,15191,,,-0.02581852674484253,,0.02581852674484253,
1899,15199,,,,-0.027059555053710938,,0.027059555053710938
1899,15199,,,-0.025833487510681152,,0.025833487510681152,
1900,15207,,,-0.025841055437922478,,0.025841055437922478,
1901,15215,,,-0.02582847885787487,,0.02582847885787487,
1902,15223,,,-0.025831280276179314,,0.025831280276179314,
1903,15231,,,-0.025831997394561768,,0.025831997394561768,
1904,15239,,,-0.02582603693008423,,0.02582603693008423,
1905,15247,,,-0.025826452299952507,,0.025826452299952507,
1906,15249,,,,-0.023859024047851562,,0.023859024047851562
1906,15255,,,-0.025796355679631233,,0.025796355679631233,
1907,15263,,,-0.025822876021265984,,0.025822876021265984,
1908,15271,,,-0.025832055136561394,,0.025832055136561394,
1909,15279,,,-0.02583169937133789,,0.02583169937133789,
1910,15287,,,-0.02582693099975586,,0.02582693099975586,
1911,15295,,,-0.0258333683013916,,0.0258333683013916,
1912,15299,,,,-0.02979421615600586,,0.02979421615600586
1912,15303,,,-0.025820255279541016,,0.025820255279541016,
1913,15311,,,-0.025851251557469368,,0.025851251557469368,
1914,15319,,,-0.02583158202469349,,0.02583158202469349,
1915,15327,,,-0.02583623118698597,,0.02583623118698597,
1916,15335,,,-0.02583211660385132,,0.02583211660385132,
1917,15343,,,-0.02583068609237671,,0.02583068609237671,
1918,15349,,,,-0.030073165893554688,,0.030073165893554688
1918,15351,,,-0.02582758478820324,,0.02582758478820324,
1919,15359,,,-0.02584671974182129,,0.02584671974182129,
1920,15367,,,-0.025829315185546875,,0.025829315185546875,
1921,15375,,,-0.025839565321803093,,0.025839565321803093,
1922,15383,,,-0.025841176509857178,,0.025841176509857178,
1923,15391,,,-0.025836169719696045,,0.025836169719696045,
1924,15399,,,,-0.02205181121826172,,0.02205181121826172
1924,15399,,,-0.025835931301116943,,0.025835931301116943,
1925,15407,,,-0.025830982252955437,,0.025830982252955437,
1926,15415,,,-0.02581787109375,,0.02581787109375,
1927,15423,,,-0.025835692882537842,,0.025835692882537842,
1928,15431,,,-0.025836706161499023,,0.025836706161499023,
1929,15439,,,-0.02583700604736805,,0.02583700604736805,
1930,15447,,,-0.02582860179245472,,0.02582860179245472,
1931,15449,,,,-0.016704082489013672,,0.016704082489013672
1931,15455,,,-0.025839507579803467,,0.025839507579803467,
1932,15463,,,-0.02583766169846058,,0.02583766169846058,
1933,15471,,,-0.025831103324890137,,0.025831103324890137,
1934,15479,,,-0.025834204629063606,,0.025834204629063606,
1935,15487,,,-0.02583169937133789,,0.02583169937133789,
1936,15495,,,-0.02583545446395874,,0.02583545446395874,
1937,15499,,,,-0.022676467895507812,,0.022676467895507812
1937,15503,,,-0.025837063789367676,,0.025837063789367676,
1938,15511,,,-0.025838375091552734,,0.025838375091552734,
1939,15519,,,-0.025837542489171028,,0.025837542489171028,
1940,15527,,,-0.02581733465194702,,0.02581733465194702,
1941,15535,,,-0.025851428508758545,,0.025851428508758545,
1942,15543,,,-0.02580142207443714,,0.02580142207443714,
1943,15549,,,,-0.02090930938720703,,0.02090930938720703
1943,15551,,,-0.02581733465194702,,0.02581733465194702,
1944,15559,,,-0.02581113576889038,,0.02581113576889038,
1945,15567,,,-0.02583753876388073,,0.02583753876388073,
1946,15575,,,-0.02581399865448475,,0.02581399865448475,
1947,15583,,,-0.025833306834101677,,0.025833306834101677,
1948,15591,,,-0.02584773302078247,,0.02584773302078247,
1949,15599,,,,-0.020769119262695312,,0.020769119262695312
1949,15599,,,-0.02584010362625122,,0.02584010362625122,
1950,15607,,,-0.025833966210484505,,0.025833966210484505,
1951,15615,,,-0.025840161368250847,,0.025840161368250847,
1952,15623,,,-0.02584349922835827,,0.02584349922835827,
1953,15631,,,-0.025838196277618408,,0.025838196277618408,
1954,15639,,,-0.02583557367324829,,0.02583557367324829,
1955,15647,,,-0.025834975764155388,,0.025834975764155388,
1956,15649,,,,-0.026515960693359375,,0.026515960693359375
1956,15655,,,-0.025826094672083855,,0.025826094672083855,
1957,15663,,,-0.025842608883976936,,0.025842608883976936,
1958,15671,,,-0.025836529210209846,,0.025836529210209846,
1959,15679,,,-0.025831878185272217,,0.025831878185272217,
1960,15687,,,-0.025815188884735107,,0.025815188884735107,
1961,15695,,,-0.025833547115325928,,0.025833547115325928,
1962,15699,,,,-0.023975849151611328,,0.023975849151611328
1962,15703,,,-0.025840582326054573,,0.025840582326054573,
1963,15711,,,-0.02583402395248413,,0.02583402395248413,
1964,15719,,,-0.02584039978682995,,0.02584039978682995,
1965,15727,,,-0.02583390474319458,,0.02583390474319458,
1966,15735,,,-0.02583104558289051,,0.02583104558289051,
1967,15743,,,-0.025835098698735237,,0.025835098698735237,
1968,15749,,,,-0.02635955810546875,,0.02635955810546875
1968,15751,,,-0.02583146095275879,,0.02583146095275879,
1969,15759,,,-0.025853455066680908,,0.025853455066680908,
1970,15767,,,-0.02583146095275879,,0.02583146095275879,
1971,15775,,,-0.02583586983382702,,0.02583586983382702,
1972,15783,,,-0.025837121531367302,,0.025837121531367302,
1973,15791,,,-0.025846242904663086,,0.025846242904663086,
1974,15799,,,,-0.027686595916748047,,0.027686595916748047
1974,15799,,,-0.025831399485468864,,0.025831399485468864,
1975,15807,,,-0.025843560695648193,,0.025843560695648193,
1976,15815,,,-0.02584320306777954,,0.02584320306777954,
1977,15823,,,-0.025834443047642708,,0.025834443047642708,
1978,15831,,,-0.025834200903773308,,0.025834200903773308,
1979,15839,,,-0.025840282440185547,,0.025840282440185547,
1980,15847,,,-0.025843799114227295,,0.025843799114227295,
1981,15849,,,,-0.02415943145751953,,0.02415943145751953
1981,15855,,,-0.025838732719421387,,0.025838732719421387,
1982,15863,,,-0.025834262371063232,,0.025834262371063232,
1983,15871,,,-0.025848986580967903,,0.025848986580967903,
1984,15879,,,-0.0258256196975708,,0.0258256196975708,
1985,15887,,,-0.02583324909210205,,0.02583324909210205,
1986,15895,,,-0.02583146095275879,,0.02583146095275879,
1987,15899,,,,-0.02935171127319336,,0.02935171127319336
1987,15903,,,-0.025844812393188477,,0.025844812393188477,
1988,15911,,,-0.025839922949671745,,0.025839922949671745,
1989,15919,,,-0.025841059163212776,,0.025841059163212776,
1990,15927,,,-0.025853930041193962,,0.025853930041193962,
1991,15935,,,-0.025842608883976936,,0.025842608883976936,
1992,15943,,,-0.025841711089015007,,0.025841711089015007,
1993,15949,,,,-0.03022480010986328,,0.03022480010986328
1993,15951,,,-0.025825142860412598,,0.025825142860412598,
1994,15959,,,-0.02584516815841198,,0.02584516815841198,
1995,15967,,,-0.0258448738604784,,0.0258448738604784,
1996,15975,,,-0.025816144421696663,,0.025816144421696663,
1997,15983,,,-0.02581554651260376,,0.02581554651260376,
1998,15991,,,-0.025843260809779167,,0.025843260809779167,
1999,15999,,,,-0.022414684295654297,,0.022414684295654297
1999,15999,,,-0.025838909670710564,,0.025838909670710564,
2000,16000,-0.025661706924438477,0.025661706924438477,,,,
