epoch,step,test_loss,test_renyi_lb,train_loss_epoch,train_loss_step,train_renyi_lb_epoch,train_renyi_lb_step
0,7,,,-0.11471062153577805,,0.11471062153577805,
1,15,,,-0.12891171872615814,,0.12891171872615814,
2,23,,,-0.14220941066741943,,0.14220941066741943,
3,31,,,-0.15577402710914612,,0.15577402710914612,
4,39,,,-0.16668038070201874,,0.16668038070201874,
5,47,,,-0.17584820091724396,,0.17584820091724396,
6,49,,,,-0.18111944198608398,,0.18111944198608398
6,55,,,-0.18330393731594086,,0.18330393731594086,
7,63,,,-0.188995361328125,,0.188995361328125,
8,71,,,-0.19619348645210266,,0.19619348645210266,
9,79,,,-0.20040805637836456,,0.20040805637836456,
10,87,,,-0.20348390936851501,,0.20348390936851501,
11,95,,,-0.2070089876651764,,0.2070089876651764,
12,99,,,,-0.2369210124015808,,0.2369210124015808
12,103,,,-0.2137649953365326,,0.2137649953365326,
13,111,,,-0.218056321144104,,0.218056321144104,
14,119,,,-0.21749670803546906,,0.21749670803546906,
15,127,,,-0.21698540449142456,,0.21698540449142456,
16,135,,,-0.2313976138830185,,0.2313976138830185,
17,143,,,-0.2216670662164688,,0.2216670662164688,
18,149,,,,-0.2600213289260864,,0.2600213289260864
18,151,,,-0.23275530338287354,,0.23275530338287354,
19,159,,,-0.23263061046600342,,0.23263061046600342,
20,167,,,-0.23470935225486755,,0.23470935225486755,
21,175,,,-0.2415216863155365,,0.2415216863155365,
22,183,,,-0.24820087850093842,,0.24820087850093842,
23,191,,,-0.23460407555103302,,0.23460407555103302,
24,199,,,,-0.22398340702056885,,0.22398340702056885
24,199,,,-0.24677304923534393,,0.24677304923534393,
25,207,,,-0.2448320835828781,,0.2448320835828781,
26,215,,,-0.25653865933418274,,0.25653865933418274,
27,223,,,-0.2593585252761841,,0.2593585252761841,
28,231,,,-0.27032214403152466,,0.27032214403152466,
29,239,,,-0.2613593637943268,,0.2613593637943268,
30,247,,,-0.28695470094680786,,0.28695470094680786,
31,249,,,,-0.30005085468292236,,0.30005085468292236
31,255,,,-0.25886550545692444,,0.25886550545692444,
32,263,,,-0.2762846052646637,,0.2762846052646637,
33,271,,,-0.2451574206352234,,0.2451574206352234,
34,279,,,-0.28133463859558105,,0.28133463859558105,
35,287,,,-0.2721409797668457,,0.2721409797668457,
36,295,,,-0.27912724018096924,,0.27912724018096924,
37,299,,,,-0.3490501642227173,,0.3490501642227173
37,303,,,-0.2826765477657318,,0.2826765477657318,
38,311,,,-0.2798973619937897,,0.2798973619937897,
39,319,,,-0.28351444005966187,,0.28351444005966187,
40,327,,,-0.2788305878639221,,0.2788305878639221,
41,335,,,-0.27637341618537903,,0.27637341618537903,
42,343,,,-0.30134817957878113,,0.30134817957878113,
43,349,,,,-0.2599518299102783,,0.2599518299102783
43,351,,,-0.30106353759765625,,0.30106353759765625,
44,359,,,-0.3023468255996704,,0.3023468255996704,
45,367,,,-0.2926108241081238,,0.2926108241081238,
46,375,,,-0.3358718752861023,,0.3358718752861023,
47,383,,,-0.27145156264305115,,0.27145156264305115,
48,391,,,-0.32215920090675354,,0.32215920090675354,
49,399,,,,-0.19002032279968262,,0.19002032279968262
49,399,,,-0.30743494629859924,,0.30743494629859924,
50,407,,,-0.3355048596858978,,0.3355048596858978,
51,415,,,-0.30890050530433655,,0.30890050530433655,
52,423,,,-0.31789788603782654,,0.31789788603782654,
53,431,,,-0.2890142798423767,,0.2890142798423767,
54,439,,,-0.32161766290664673,,0.32161766290664673,
55,447,,,-0.3407335579395294,,0.3407335579395294,
56,449,,,,-0.250179648399353,,0.250179648399353
56,455,,,-0.3420073091983795,,0.3420073091983795,
57,463,,,-0.3277154266834259,,0.3277154266834259,
58,471,,,-0.3162381649017334,,0.3162381649017334,
59,479,,,-0.30725347995758057,,0.30725347995758057,
60,487,,,-0.3163774907588959,,0.3163774907588959,
61,495,,,-0.33010929822921753,,0.33010929822921753,
62,499,,,,-1.055637001991272,,1.055637001991272
62,503,,,-0.34467583894729614,,0.34467583894729614,
63,511,,,-0.30860069394111633,,0.30860069394111633,
64,519,,,-0.2849602997303009,,0.2849602997303009,
65,527,,,-0.34546416997909546,,0.34546416997909546,
66,535,,,-0.31827297806739807,,0.31827297806739807,
67,543,,,-0.3316177725791931,,0.3316177725791931,
68,549,,,,-0.3149576187133789,,0.3149576187133789
68,551,,,-0.33293041586875916,,0.33293041586875916,
69,559,,,-0.3336079716682434,,0.3336079716682434,
70,567,,,-0.32475733757019043,,0.32475733757019043,
71,575,,,-0.36409080028533936,,0.36409080028533936,
72,583,,,-0.34808290004730225,,0.34808290004730225,
73,591,,,-0.34140533208847046,,0.34140533208847046,
74,599,,,,-0.20121943950653076,,0.20121943950653076
74,599,,,-0.31997957825660706,,0.31997957825660706,
75,607,,,-0.2978033125400543,,0.2978033125400543,
76,615,,,-0.3177480101585388,,0.3177480101585388,
77,623,,,-0.3415408432483673,,0.3415408432483673,
78,631,,,-0.3293338716030121,,0.3293338716030121,
79,639,,,-0.3389645516872406,,0.3389645516872406,
80,647,,,-0.3574528694152832,,0.3574528694152832,
81,649,,,,-0.3166775703430176,,0.3166775703430176
81,655,,,-0.33957719802856445,,0.33957719802856445,
82,663,,,-0.3531428277492523,,0.3531428277492523,
83,671,,,-0.3253835141658783,,0.3253835141658783,
84,679,,,-0.34328019618988037,,0.34328019618988037,
85,687,,,-0.3522513210773468,,0.3522513210773468,
86,695,,,-0.3730756640434265,,0.3730756640434265,
87,699,,,,-0.48801112174987793,,0.48801112174987793
87,703,,,-0.4010908305644989,,0.4010908305644989,
88,711,,,-0.32065385580062866,,0.32065385580062866,
89,719,,,-0.34120622277259827,,0.34120622277259827,
90,727,,,-0.33278313279151917,,0.33278313279151917,
91,735,,,-0.3615795075893402,,0.3615795075893402,
92,743,,,-0.3215613067150116,,0.3215613067150116,
93,749,,,,0.18903040885925293,,-0.18903040885925293
93,751,,,-0.3369235694408417,,0.3369235694408417,
94,759,,,-0.36049890518188477,,0.36049890518188477,
95,767,,,-0.32749050855636597,,0.32749050855636597,
96,775,,,-0.3564020097255707,,0.3564020097255707,
97,783,,,-0.3602246940135956,,0.3602246940135956,
98,791,,,-0.353679358959198,,0.353679358959198,
99,799,,,,-0.027363061904907227,,0.027363061904907227
99,799,,,-0.37932270765304565,,0.37932270765304565,
100,807,,,-0.4028225243091583,,0.4028225243091583,
101,815,,,-0.3953610360622406,,0.3953610360622406,
102,823,,,-0.41951993107795715,,0.41951993107795715,
103,831,,,-0.4004558324813843,,0.4004558324813843,
104,839,,,-0.4054902493953705,,0.4054902493953705,
105,847,,,-0.3574422001838684,,0.3574422001838684,
106,849,,,,-0.7757353782653809,,0.7757353782653809
106,855,,,-0.3662794530391693,,0.3662794530391693,
107,863,,,-0.327030748128891,,0.327030748128891,
108,871,,,-0.3942664563655853,,0.3942664563655853,
109,879,,,-0.4092191457748413,,0.4092191457748413,
110,887,,,-0.399728387594223,,0.399728387594223,
111,895,,,-0.3776450753211975,,0.3776450753211975,
112,899,,,,-0.21286368370056152,,0.21286368370056152
112,903,,,-0.3817515969276428,,0.3817515969276428,
113,911,,,-0.38576170802116394,,0.38576170802116394,
114,919,,,-0.41919609904289246,,0.41919609904289246,
115,927,,,-0.3652929663658142,,0.3652929663658142,
116,935,,,-0.29803013801574707,,0.29803013801574707,
117,943,,,-0.3456214666366577,,0.3456214666366577,
118,949,,,,-1.2944297790527344,,1.2944297790527344
118,951,,,-0.36057186126708984,,0.36057186126708984,
119,959,,,-0.39235666394233704,,0.39235666394233704,
120,967,,,-0.39853107929229736,,0.39853107929229736,
121,975,,,-0.4073302447795868,,0.4073302447795868,
122,983,,,-0.3456633388996124,,0.3456633388996124,
123,991,,,-0.37437528371810913,,0.37437528371810913,
124,999,,,,-0.1521313190460205,,0.1521313190460205
124,999,,,-0.4451088309288025,,0.4451088309288025,
125,1007,,,-0.4089014232158661,,0.4089014232158661,
126,1015,,,-0.38182100653648376,,0.38182100653648376,
127,1023,,,-0.4336557984352112,,0.4336557984352112,
128,1031,,,-0.3992774784564972,,0.3992774784564972,
129,1039,,,-0.3716892898082733,,0.3716892898082733,
130,1047,,,-0.40513694286346436,,0.40513694286346436,
131,1049,,,,-0.4254181385040283,,0.4254181385040283
131,1055,,,-0.4061529338359833,,0.4061529338359833,
132,1063,,,-0.39121630787849426,,0.39121630787849426,
133,1071,,,-0.39232510328292847,,0.39232510328292847,
134,1079,,,-0.41635292768478394,,0.41635292768478394,
135,1087,,,-0.3946651220321655,,0.3946651220321655,
136,1095,,,-0.3678440749645233,,0.3678440749645233,
137,1099,,,,0.07072091102600098,,-0.07072091102600098
137,1103,,,-0.49058306217193604,,0.49058306217193604,
138,1111,,,-0.34665217995643616,,0.34665217995643616,
139,1119,,,-0.38650795817375183,,0.38650795817375183,
140,1127,,,-0.456847608089447,,0.456847608089447,
141,1135,,,-0.407517671585083,,0.407517671585083,
142,1143,,,-0.37154507637023926,,0.37154507637023926,
143,1149,,,,-1.4535682201385498,,1.4535682201385498
143,1151,,,-0.35502123832702637,,0.35502123832702637,
144,1159,,,-0.3949368894100189,,0.3949368894100189,
145,1167,,,-0.38621270656585693,,0.38621270656585693,
146,1175,,,-0.4576497972011566,,0.4576497972011566,
147,1183,,,-0.4377453029155731,,0.4377453029155731,
148,1191,,,-0.3685547411441803,,0.3685547411441803,
149,1199,,,,-1.511911153793335,,1.511911153793335
149,1199,,,-0.3634665906429291,,0.3634665906429291,
150,1207,,,-0.41097328066825867,,0.41097328066825867,
151,1215,,,-0.4621811509132385,,0.4621811509132385,
152,1223,,,-0.45105478167533875,,0.45105478167533875,
153,1231,,,-0.44272705912590027,,0.44272705912590027,
154,1239,,,-0.47292572259902954,,0.47292572259902954,
155,1247,,,-0.4034852087497711,,0.4034852087497711,
156,1249,,,,-1.7363882064819336,,1.7363882064819336
156,1255,,,-0.4444938004016876,,0.4444938004016876,
157,1263,,,-0.4301140606403351,,0.4301140606403351,
158,1271,,,-0.3708561658859253,,0.3708561658859253,
159,1279,,,-0.3715640604496002,,0.3715640604496002,
160,1287,,,-0.4127858877182007,,0.4127858877182007,
161,1295,,,-0.44056499004364014,,0.44056499004364014,
162,1299,,,,-0.18593382835388184,,0.18593382835388184
162,1303,,,-0.4316139221191406,,0.4316139221191406,
163,1311,,,-0.4680239260196686,,0.4680239260196686,
164,1319,,,-0.45479950308799744,,0.45479950308799744,
165,1327,,,-0.4800308048725128,,0.4800308048725128,
166,1335,,,-0.38579973578453064,,0.38579973578453064,
167,1343,,,-0.46835219860076904,,0.46835219860076904,
168,1349,,,,-0.5711045265197754,,0.5711045265197754
168,1351,,,-0.4413645565509796,,0.4413645565509796,
169,1359,,,-0.4870397448539734,,0.4870397448539734,
170,1367,,,-0.5359270572662354,,0.5359270572662354,
171,1375,,,-0.4118950068950653,,0.4118950068950653,
172,1383,,,-0.4533623158931732,,0.4533623158931732,
173,1391,,,-0.4732571244239807,,0.4732571244239807,
174,1399,,,,-0.04432845115661621,,0.04432845115661621
174,1399,,,-0.43600326776504517,,0.43600326776504517,
175,1407,,,-0.4372926652431488,,0.4372926652431488,
176,1415,,,-0.364385187625885,,0.364385187625885,
177,1423,,,-0.364550918340683,,0.364550918340683,
178,1431,,,-0.479737788438797,,0.479737788438797,
179,1439,,,-0.46556293964385986,,0.46556293964385986,
180,1447,,,-0.34055736660957336,,0.34055736660957336,
181,1449,,,,-0.3787224292755127,,0.3787224292755127
181,1455,,,-0.4374634623527527,,0.4374634623527527,
182,1463,,,-0.4482128918170929,,0.4482128918170929,
183,1471,,,-0.431445837020874,,0.431445837020874,
184,1479,,,-0.497868150472641,,0.497868150472641,
185,1487,,,-0.3826792538166046,,0.3826792538166046,
186,1495,,,-0.43542227149009705,,0.43542227149009705,
187,1499,,,,-1.8342926502227783,,1.8342926502227783
187,1503,,,-0.4625159204006195,,0.4625159204006195,
188,1511,,,-0.44542965292930603,,0.44542965292930603,
189,1519,,,-0.4928935468196869,,0.4928935468196869,
190,1527,,,-0.5037609934806824,,0.5037609934806824,
191,1535,,,-0.44643643498420715,,0.44643643498420715,
192,1543,,,-0.5195909142494202,,0.5195909142494202,
193,1549,,,,-1.528144121170044,,1.528144121170044
193,1551,,,-0.45878931879997253,,0.45878931879997253,
194,1559,,,-0.532143771648407,,0.532143771648407,
195,1567,,,-0.43203696608543396,,0.43203696608543396,
196,1575,,,-0.4361957907676697,,0.4361957907676697,
197,1583,,,-0.456699401140213,,0.456699401140213,
198,1591,,,-0.48274877667427063,,0.48274877667427063,
199,1599,,,,0.2396841049194336,,-0.2396841049194336
199,1599,,,-0.5255113840103149,,0.5255113840103149,
200,1607,,,-0.4447103440761566,,0.4447103440761566,
201,1615,,,-0.4726184606552124,,0.4726184606552124,
202,1623,,,-0.5156074166297913,,0.5156074166297913,
203,1631,,,-0.5700158476829529,,0.5700158476829529,
204,1639,,,-0.4882723093032837,,0.4882723093032837,
205,1647,,,-0.46327686309814453,,0.46327686309814453,
206,1649,,,,-0.4631032943725586,,0.4631032943725586
206,1655,,,-0.48940059542655945,,0.48940059542655945,
207,1663,,,-0.3996952772140503,,0.3996952772140503,
208,1671,,,-0.46788328886032104,,0.46788328886032104,
209,1679,,,-0.5206888914108276,,0.5206888914108276,
210,1687,,,-0.46773838996887207,,0.46773838996887207,
211,1695,,,-0.5084018111228943,,0.5084018111228943,
212,1699,,,,-0.4783611297607422,,0.4783611297607422
212,1703,,,-0.4905723035335541,,0.4905723035335541,
213,1711,,,-0.4519904851913452,,0.4519904851913452,
214,1719,,,-0.480068564414978,,0.480068564414978,
215,1727,,,-0.44428956508636475,,0.44428956508636475,
216,1735,,,-0.4012435972690582,,0.4012435972690582,
217,1743,,,-0.5077237486839294,,0.5077237486839294,
218,1749,,,,-0.5423119068145752,,0.5423119068145752
218,1751,,,-0.4482210874557495,,0.4482210874557495,
219,1759,,,-0.4656263291835785,,0.4656263291835785,
220,1767,,,-0.4872581958770752,,0.4872581958770752,
221,1775,,,-0.4204900860786438,,0.4204900860786438,
222,1783,,,-0.5347576141357422,,0.5347576141357422,
223,1791,,,-0.5960637331008911,,0.5960637331008911,
224,1799,,,,-0.8613009452819824,,0.8613009452819824
224,1799,,,-0.5352570414543152,,0.5352570414543152,
225,1807,,,-0.42044198513031006,,0.42044198513031006,
226,1815,,,-0.5515998601913452,,0.5515998601913452,
227,1823,,,-0.5148518085479736,,0.5148518085479736,
228,1831,,,-0.424207478761673,,0.424207478761673,
229,1839,,,-0.5573005676269531,,0.5573005676269531,
230,1847,,,-0.529780924320221,,0.529780924320221,
231,1849,,,,-0.3551809787750244,,0.3551809787750244
231,1855,,,-0.46039721369743347,,0.46039721369743347,
232,1863,,,-0.5569737553596497,,0.5569737553596497,
233,1871,,,-0.4699878394603729,,0.4699878394603729,
234,1879,,,-0.5630000233650208,,0.5630000233650208,
235,1887,,,-0.4359583854675293,,0.4359583854675293,
236,1895,,,-0.464396595954895,,0.464396595954895,
237,1899,,,,-2.0735106468200684,,2.0735106468200684
237,1903,,,-0.5414552092552185,,0.5414552092552185,
238,1911,,,-0.5739077925682068,,0.5739077925682068,
239,1919,,,-0.379282146692276,,0.379282146692276,
240,1927,,,-0.5437558889389038,,0.5437558889389038,
241,1935,,,-0.5003795623779297,,0.5003795623779297,
242,1943,,,-0.48031893372535706,,0.48031893372535706,
243,1949,,,,0.4342963695526123,,-0.4342963695526123
243,1951,,,-0.49349915981292725,,0.49349915981292725,
244,1959,,,-0.502086341381073,,0.502086341381073,
245,1967,,,-0.5125261545181274,,0.5125261545181274,
246,1975,,,-0.5689569711685181,,0.5689569711685181,
247,1983,,,-0.5312297940254211,,0.5312297940254211,
248,1991,,,-0.5081732273101807,,0.5081732273101807,
249,1999,,,,-0.504319429397583,,0.504319429397583
249,1999,,,-0.522329568862915,,0.522329568862915,
250,2007,,,-0.47132110595703125,,0.47132110595703125,
251,2015,,,-0.48594847321510315,,0.48594847321510315,
252,2023,,,-0.5352580547332764,,0.5352580547332764,
253,2031,,,-0.5447632074356079,,0.5447632074356079,
254,2039,,,-0.538902223110199,,0.538902223110199,
255,2047,,,-0.5123881697654724,,0.5123881697654724,
256,2049,,,,-0.015522241592407227,,0.015522241592407227
256,2055,,,-0.5099579691886902,,0.5099579691886902,
257,2063,,,-0.5575076937675476,,0.5575076937675476,
258,2071,,,-0.4401511251926422,,0.4401511251926422,
259,2079,,,-0.5221133232116699,,0.5221133232116699,
260,2087,,,-0.5172604918479919,,0.5172604918479919,
261,2095,,,-0.5262461304664612,,0.5262461304664612,
262,2099,,,,-0.076690673828125,,0.076690673828125
262,2103,,,-0.507426381111145,,0.507426381111145,
263,2111,,,-0.5519726276397705,,0.5519726276397705,
264,2119,,,-0.5578858256340027,,0.5578858256340027,
265,2127,,,-0.5377886891365051,,0.5377886891365051,
266,2135,,,-0.48551055788993835,,0.48551055788993835,
267,2143,,,-0.5460590124130249,,0.5460590124130249,
268,2149,,,,0.06973934173583984,,-0.06973934173583984
268,2151,,,-0.46855488419532776,,0.46855488419532776,
269,2159,,,-0.41816258430480957,,0.41816258430480957,
270,2167,,,-0.4772159159183502,,0.4772159159183502,
271,2175,,,-0.6337598562240601,,0.6337598562240601,
272,2183,,,-0.42147865891456604,,0.42147865891456604,
273,2191,,,-0.5674538016319275,,0.5674538016319275,
274,2199,,,,-0.5907855033874512,,0.5907855033874512
274,2199,,,-0.4584261178970337,,0.4584261178970337,
275,2207,,,-0.618362307548523,,0.618362307548523,
276,2215,,,-0.5750145316123962,,0.5750145316123962,
277,2223,,,-0.5257740616798401,,0.5257740616798401,
278,2231,,,-0.4774821400642395,,0.4774821400642395,
279,2239,,,-0.566129207611084,,0.566129207611084,
280,2247,,,-0.6139090061187744,,0.6139090061187744,
281,2249,,,,-0.3986818790435791,,0.3986818790435791
281,2255,,,-0.5692155957221985,,0.5692155957221985,
282,2263,,,-0.5084484219551086,,0.5084484219551086,
283,2271,,,-0.541988730430603,,0.541988730430603,
284,2279,,,-0.6018458008766174,,0.6018458008766174,
285,2287,,,-0.6404865384101868,,0.6404865384101868,
286,2295,,,-0.5776361227035522,,0.5776361227035522,
287,2299,,,,-2.0159621238708496,,2.0159621238708496
287,2303,,,-0.5313111543655396,,0.5313111543655396,
288,2311,,,-0.5468228459358215,,0.5468228459358215,
289,2319,,,-0.6049430966377258,,0.6049430966377258,
290,2327,,,-0.5741598606109619,,0.5741598606109619,
291,2335,,,-0.48842257261276245,,0.48842257261276245,
292,2343,,,-0.5532146692276001,,0.5532146692276001,
293,2349,,,,-1.0679473876953125,,1.0679473876953125
293,2351,,,-0.6016123294830322,,0.6016123294830322,
294,2359,,,-0.47025927901268005,,0.47025927901268005,
295,2367,,,-0.5570602416992188,,0.5570602416992188,
296,2375,,,-0.5231512784957886,,0.5231512784957886,
297,2383,,,-0.5662499666213989,,0.5662499666213989,
298,2391,,,-0.6477389931678772,,0.6477389931678772,
299,2399,,,,-1.751776933670044,,1.751776933670044
299,2399,,,-0.6626196503639221,,0.6626196503639221,
300,2407,,,-0.6099865436553955,,0.6099865436553955,
301,2415,,,-0.6192026734352112,,0.6192026734352112,
302,2423,,,-0.620891273021698,,0.620891273021698,
303,2431,,,-0.6116300821304321,,0.6116300821304321,
304,2439,,,-0.5541512966156006,,0.5541512966156006,
305,2447,,,-0.49741479754447937,,0.49741479754447937,
306,2449,,,,-1.8540945053100586,,1.8540945053100586
306,2455,,,-0.6052879691123962,,0.6052879691123962,
307,2463,,,-0.5477817058563232,,0.5477817058563232,
308,2471,,,-0.5131445527076721,,0.5131445527076721,
309,2479,,,-0.5855388641357422,,0.5855388641357422,
310,2487,,,-0.5937085747718811,,0.5937085747718811,
311,2495,,,-0.5016142725944519,,0.5016142725944519,
312,2499,,,,0.056473731994628906,,-0.056473731994628906
312,2503,,,-0.5118706822395325,,0.5118706822395325,
313,2511,,,-0.5098880529403687,,0.5098880529403687,
314,2519,,,-0.5646067261695862,,0.5646067261695862,
315,2527,,,-0.6119579076766968,,0.6119579076766968,
316,2535,,,-0.5834307074546814,,0.5834307074546814,
317,2543,,,-0.5847764015197754,,0.5847764015197754,
318,2549,,,,-0.5025570392608643,,0.5025570392608643
318,2551,,,-0.5736404061317444,,0.5736404061317444,
319,2559,,,-0.4879762828350067,,0.4879762828350067,
320,2567,,,-0.48027509450912476,,0.48027509450912476,
321,2575,,,-0.6136186122894287,,0.6136186122894287,
322,2583,,,-0.6092621088027954,,0.6092621088027954,
323,2591,,,-0.5301873683929443,,0.5301873683929443,
324,2599,,,,-1.2179110050201416,,1.2179110050201416
324,2599,,,-0.7291324734687805,,0.7291324734687805,
325,2607,,,-0.5966606140136719,,0.5966606140136719,
326,2615,,,-0.47247323393821716,,0.47247323393821716,
327,2623,,,-0.6113750338554382,,0.6113750338554382,
328,2631,,,-0.645678699016571,,0.645678699016571,
329,2639,,,-0.5528236031532288,,0.5528236031532288,
330,2647,,,-0.6239408850669861,,0.6239408850669861,
331,2649,,,,0.3239011764526367,,-0.3239011764526367
331,2655,,,-0.5056210160255432,,0.5056210160255432,
332,2663,,,-0.5506269931793213,,0.5506269931793213,
333,2671,,,-0.5986512303352356,,0.5986512303352356,
334,2679,,,-0.7177844047546387,,0.7177844047546387,
335,2687,,,-0.45240092277526855,,0.45240092277526855,
336,2695,,,-0.6630972623825073,,0.6630972623825073,
337,2699,,,,-2.0664048194885254,,2.0664048194885254
337,2703,,,-0.5203820466995239,,0.5203820466995239,
338,2711,,,-0.6060699224472046,,0.6060699224472046,
339,2719,,,-0.6290537118911743,,0.6290537118911743,
340,2727,,,-0.5980159044265747,,0.5980159044265747,
341,2735,,,-0.4840568006038666,,0.4840568006038666,
342,2743,,,-0.5743423700332642,,0.5743423700332642,
343,2749,,,,0.0748748779296875,,-0.0748748779296875
343,2751,,,-0.6425512433052063,,0.6425512433052063,
344,2759,,,-0.598133385181427,,0.598133385181427,
345,2767,,,-0.5961446762084961,,0.5961446762084961,
346,2775,,,-0.5304656624794006,,0.5304656624794006,
347,2783,,,-0.6040757894515991,,0.6040757894515991,
348,2791,,,-0.7634586691856384,,0.7634586691856384,
349,2799,,,,-0.39161062240600586,,0.39161062240600586
349,2799,,,-0.6271682977676392,,0.6271682977676392,
350,2807,,,-0.6760678291320801,,0.6760678291320801,
351,2815,,,-0.7392290830612183,,0.7392290830612183,
352,2823,,,-0.5459928512573242,,0.5459928512573242,
353,2831,,,-0.575783371925354,,0.575783371925354,
354,2839,,,-0.5730087161064148,,0.5730087161064148,
355,2847,,,-0.617960512638092,,0.617960512638092,
356,2849,,,,-1.0893032550811768,,1.0893032550811768
356,2855,,,-0.6775373220443726,,0.6775373220443726,
357,2863,,,-0.6194509863853455,,0.6194509863853455,
358,2871,,,-0.5719246864318848,,0.5719246864318848,
359,2879,,,-0.6491970419883728,,0.6491970419883728,
360,2887,,,-0.6297662854194641,,0.6297662854194641,
361,2895,,,-0.5968577265739441,,0.5968577265739441,
362,2899,,,,-0.07074379920959473,,0.07074379920959473
362,2903,,,-0.5713891386985779,,0.5713891386985779,
363,2911,,,-0.663430392742157,,0.663430392742157,
364,2919,,,-0.6598729491233826,,0.6598729491233826,
365,2927,,,-0.701631486415863,,0.701631486415863,
366,2935,,,-0.6029175519943237,,0.6029175519943237,
367,2943,,,-0.6654168367385864,,0.6654168367385864,
368,2949,,,,-2.3816654682159424,,2.3816654682159424
368,2951,,,-0.6514409780502319,,0.6514409780502319,
369,2959,,,-0.536141574382782,,0.536141574382782,
370,2967,,,-0.3910009264945984,,0.3910009264945984,
371,2975,,,-0.5418259501457214,,0.5418259501457214,
372,2983,,,-0.722740113735199,,0.722740113735199,
373,2991,,,-0.6357473731040955,,0.6357473731040955,
374,2999,,,,-0.20602917671203613,,0.20602917671203613
374,2999,,,-0.5761574506759644,,0.5761574506759644,
375,3007,,,-0.5981975793838501,,0.5981975793838501,
376,3015,,,-0.658766508102417,,0.658766508102417,
377,3023,,,-0.5449855923652649,,0.5449855923652649,
378,3031,,,-0.6784517168998718,,0.6784517168998718,
379,3039,,,-0.6403502821922302,,0.6403502821922302,
380,3047,,,-0.6433826684951782,,0.6433826684951782,
381,3049,,,,0.06112480163574219,,-0.06112480163574219
381,3055,,,-0.8045803308486938,,0.8045803308486938,
382,3063,,,-0.7250755429267883,,0.7250755429267883,
383,3071,,,-0.724129855632782,,0.724129855632782,
384,3079,,,-0.7930006980895996,,0.7930006980895996,
385,3087,,,-0.7130156755447388,,0.7130156755447388,
386,3095,,,-0.6879044771194458,,0.6879044771194458,
387,3099,,,,0.6638011932373047,,-0.6638011932373047
387,3103,,,-0.580069899559021,,0.580069899559021,
388,3111,,,-0.7134973406791687,,0.7134973406791687,
389,3119,,,-0.8364713788032532,,0.8364713788032532,
390,3127,,,-0.7509888410568237,,0.7509888410568237,
391,3135,,,-0.7887266874313354,,0.7887266874313354,
392,3143,,,-0.5796047449111938,,0.5796047449111938,
393,3149,,,,-0.42871689796447754,,0.42871689796447754
393,3151,,,-0.7300176620483398,,0.7300176620483398,
394,3159,,,-0.6881257891654968,,0.6881257891654968,
395,3167,,,-0.8626445531845093,,0.8626445531845093,
396,3175,,,-0.7237961888313293,,0.7237961888313293,
397,3183,,,-0.6628826260566711,,0.6628826260566711,
398,3191,,,-0.7121010422706604,,0.7121010422706604,
399,3199,,,,-1.4124081134796143,,1.4124081134796143
399,3199,,,-0.6807357668876648,,0.6807357668876648,
400,3207,,,-0.6019314527511597,,0.6019314527511597,
401,3215,,,-0.7873061299324036,,0.7873061299324036,
402,3223,,,-0.6794236302375793,,0.6794236302375793,
403,3231,,,-0.7130946516990662,,0.7130946516990662,
404,3239,,,-0.8471821546554565,,0.8471821546554565,
405,3247,,,-0.7623618245124817,,0.7623618245124817,
406,3249,,,,-0.653904914855957,,0.653904914855957
406,3255,,,-0.7606378793716431,,0.7606378793716431,
407,3263,,,-0.7485924363136292,,0.7485924363136292,
408,3271,,,-0.6676484942436218,,0.6676484942436218,
409,3279,,,-0.6807915568351746,,0.6807915568351746,
410,3287,,,-0.6431720852851868,,0.6431720852851868,
411,3295,,,-0.8134877681732178,,0.8134877681732178,
412,3299,,,,-2.5306007862091064,,2.5306007862091064
412,3303,,,-0.6580412983894348,,0.6580412983894348,
413,3311,,,-0.7348131537437439,,0.7348131537437439,
414,3319,,,-0.8204861283302307,,0.8204861283302307,
415,3327,,,-0.628995418548584,,0.628995418548584,
416,3335,,,-0.6865636706352234,,0.6865636706352234,
417,3343,,,-0.6546877026557922,,0.6546877026557922,
418,3349,,,,-1.1508524417877197,,1.1508524417877197
418,3351,,,-0.8088333010673523,,0.8088333010673523,
419,3359,,,-0.7745511531829834,,0.7745511531829834,
420,3367,,,-0.6784928441047668,,0.6784928441047668,
421,3375,,,-0.7331671714782715,,0.7331671714782715,
422,3383,,,-0.6864113211631775,,0.6864113211631775,
423,3391,,,-0.6837310791015625,,0.6837310791015625,
424,3399,,,,-0.46076035499572754,,0.46076035499572754
424,3399,,,-0.7061592936515808,,0.7061592936515808,
425,3407,,,-0.7504514455795288,,0.7504514455795288,
426,3415,,,-0.7318485975265503,,0.7318485975265503,
427,3423,,,-0.6623169779777527,,0.6623169779777527,
428,3431,,,-0.7206079363822937,,0.7206079363822937,
429,3439,,,-0.6712967157363892,,0.6712967157363892,
430,3447,,,-0.7616113424301147,,0.7616113424301147,
431,3449,,,,0.06739997863769531,,-0.06739997863769531
431,3455,,,-0.8214143514633179,,0.8214143514633179,
432,3463,,,-0.7604082226753235,,0.7604082226753235,
433,3471,,,-0.8102695941925049,,0.8102695941925049,
434,3479,,,-0.7392104268074036,,0.7392104268074036,
435,3487,,,-0.6672715544700623,,0.6672715544700623,
436,3495,,,-0.6710290312767029,,0.6710290312767029,
437,3499,,,,-2.9908244609832764,,2.9908244609832764
437,3503,,,-0.6302464604377747,,0.6302464604377747,
438,3511,,,-0.7771353721618652,,0.7771353721618652,
439,3519,,,-0.6733487844467163,,0.6733487844467163,
440,3527,,,-0.6384751200675964,,0.6384751200675964,
441,3535,,,-0.7536709308624268,,0.7536709308624268,
442,3543,,,-0.8393620848655701,,0.8393620848655701,
443,3549,,,,-0.7524926662445068,,0.7524926662445068
443,3551,,,-0.7929503321647644,,0.7929503321647644,
444,3559,,,-0.7907313704490662,,0.7907313704490662,
445,3567,,,-0.6846668720245361,,0.6846668720245361,
446,3575,,,-0.6861873865127563,,0.6861873865127563,
447,3583,,,-0.7313321828842163,,0.7313321828842163,
448,3591,,,-0.6399482488632202,,0.6399482488632202,
449,3599,,,,-0.7326550483703613,,0.7326550483703613
449,3599,,,-0.8933344483375549,,0.8933344483375549,
450,3607,,,-0.7729896306991577,,0.7729896306991577,
451,3615,,,-0.8402795195579529,,0.8402795195579529,
452,3623,,,-0.6688100695610046,,0.6688100695610046,
453,3631,,,-0.8036222457885742,,0.8036222457885742,
454,3639,,,-0.8244595527648926,,0.8244595527648926,
455,3647,,,-0.7320103049278259,,0.7320103049278259,
456,3649,,,,-0.4770317077636719,,0.4770317077636719
456,3655,,,-0.7524750232696533,,0.7524750232696533,
457,3663,,,-0.8337970972061157,,0.8337970972061157,
458,3671,,,-0.7397213578224182,,0.7397213578224182,
459,3679,,,-0.6894738078117371,,0.6894738078117371,
460,3687,,,-0.7240059971809387,,0.7240059971809387,
461,3695,,,-0.710793673992157,,0.710793673992157,
462,3699,,,,-1.5181353092193604,,1.5181353092193604
462,3703,,,-0.7840296626091003,,0.7840296626091003,
463,3711,,,-0.7975388765335083,,0.7975388765335083,
464,3719,,,-0.8353941440582275,,0.8353941440582275,
465,3727,,,-0.6695229411125183,,0.6695229411125183,
466,3735,,,-0.787168025970459,,0.787168025970459,
467,3743,,,-0.8525808453559875,,0.8525808453559875,
468,3749,,,,-0.008663177490234375,,0.008663177490234375
468,3751,,,-0.6697108149528503,,0.6697108149528503,
469,3759,,,-0.8630303740501404,,0.8630303740501404,
470,3767,,,-0.8716681599617004,,0.8716681599617004,
471,3775,,,-0.752941906452179,,0.752941906452179,
472,3783,,,-0.793281078338623,,0.793281078338623,
473,3791,,,-0.6458741426467896,,0.6458741426467896,
474,3799,,,,-2.3703293800354004,,2.3703293800354004
474,3799,,,-0.6430214047431946,,0.6430214047431946,
475,3807,,,-0.8923506736755371,,0.8923506736755371,
476,3815,,,-0.7004120945930481,,0.7004120945930481,
477,3823,,,-0.80668705701828,,0.80668705701828,
478,3831,,,-0.7711316347122192,,0.7711316347122192,
479,3839,,,-0.6944366693496704,,0.6944366693496704,
480,3847,,,-0.7442139983177185,,0.7442139983177185,
481,3849,,,,-1.719773292541504,,1.719773292541504
481,3855,,,-0.8750025629997253,,0.8750025629997253,
482,3863,,,-0.8576229214668274,,0.8576229214668274,
483,3871,,,-0.9671075940132141,,0.9671075940132141,
484,3879,,,-0.9305906295776367,,0.9305906295776367,
485,3887,,,-0.756973385810852,,0.756973385810852,
486,3895,,,-0.828460156917572,,0.828460156917572,
487,3899,,,,-0.08691787719726562,,0.08691787719726562
487,3903,,,-0.8326766490936279,,0.8326766490936279,
488,3911,,,-0.6249635815620422,,0.6249635815620422,
489,3919,,,-0.7662454843521118,,0.7662454843521118,
490,3927,,,-0.742301881313324,,0.742301881313324,
491,3935,,,-0.9488353729248047,,0.9488353729248047,
492,3943,,,-0.7127221822738647,,0.7127221822738647,
493,3949,,,,-2.4251818656921387,,2.4251818656921387
493,3951,,,-0.7249598503112793,,0.7249598503112793,
494,3959,,,-0.7546674013137817,,0.7546674013137817,
495,3967,,,-0.873751163482666,,0.873751163482666,
496,3975,,,-0.9514536261558533,,0.9514536261558533,
497,3983,,,-0.7905022501945496,,0.7905022501945496,
498,3991,,,-0.7570610642433167,,0.7570610642433167,
499,3999,,,,-1.0179977416992188,,1.0179977416992188
499,3999,,,-0.7745967507362366,,0.7745967507362366,
500,4007,,,-0.892922580242157,,0.892922580242157,
501,4015,,,-0.7419853806495667,,0.7419853806495667,
502,4023,,,-0.7411044239997864,,0.7411044239997864,
503,4031,,,-0.8693535327911377,,0.8693535327911377,
504,4039,,,-0.9004082083702087,,0.9004082083702087,
505,4047,,,-0.7913872599601746,,0.7913872599601746,
506,4049,,,,-1.2792444229125977,,1.2792444229125977
506,4055,,,-1.0010493993759155,,1.0010493993759155,
507,4063,,,-0.8813591003417969,,0.8813591003417969,
508,4071,,,-0.797783613204956,,0.797783613204956,
509,4079,,,-0.9061040878295898,,0.9061040878295898,
510,4087,,,-0.833613395690918,,0.833613395690918,
511,4095,,,-0.9120806455612183,,0.9120806455612183,
512,4099,,,,0.1657252311706543,,-0.1657252311706543
512,4103,,,-0.6124587655067444,,0.6124587655067444,
513,4111,,,-0.881639838218689,,0.881639838218689,
514,4119,,,-0.8885242938995361,,0.8885242938995361,
515,4127,,,-0.8764031529426575,,0.8764031529426575,
516,4135,,,-0.7796284556388855,,0.7796284556388855,
517,4143,,,-0.8242588639259338,,0.8242588639259338,
518,4149,,,,-0.49353837966918945,,0.49353837966918945
518,4151,,,-0.7992640733718872,,0.7992640733718872,
519,4159,,,-0.8672271370887756,,0.8672271370887756,
520,4167,,,-0.7641852498054504,,0.7641852498054504,
521,4175,,,-0.904518187046051,,0.904518187046051,
522,4183,,,-0.9144430756568909,,0.9144430756568909,
523,4191,,,-0.9458847641944885,,0.9458847641944885,
524,4199,,,,-3.5485734939575195,,3.5485734939575195
524,4199,,,-0.8504199981689453,,0.8504199981689453,
525,4207,,,-0.8604449033737183,,0.8604449033737183,
526,4215,,,-0.7851740121841431,,0.7851740121841431,
527,4223,,,-0.9569717645645142,,0.9569717645645142,
528,4231,,,-0.8184874653816223,,0.8184874653816223,
529,4239,,,-0.9465479254722595,,0.9465479254722595,
530,4247,,,-0.9813900589942932,,0.9813900589942932,
531,4249,,,,-0.6394805908203125,,0.6394805908203125
531,4255,,,-0.8034549951553345,,0.8034549951553345,
532,4263,,,-0.983851969242096,,0.983851969242096,
533,4271,,,-0.8010001182556152,,0.8010001182556152,
534,4279,,,-0.8783769607543945,,0.8783769607543945,
535,4287,,,-1.0176465511322021,,1.0176465511322021,
536,4295,,,-0.8294858336448669,,0.8294858336448669,
537,4299,,,,-1.5972843170166016,,1.5972843170166016
537,4303,,,-0.8182090520858765,,0.8182090520858765,
538,4311,,,-0.8204178810119629,,0.8204178810119629,
539,4319,,,-0.944966197013855,,0.944966197013855,
540,4327,,,-0.784019410610199,,0.784019410610199,
541,4335,,,-0.9023131728172302,,0.9023131728172302,
542,4343,,,-1.037091851234436,,1.037091851234436,
543,4349,,,,-0.7606105804443359,,0.7606105804443359
543,4351,,,-0.9979574084281921,,0.9979574084281921,
544,4359,,,-0.8350995182991028,,0.8350995182991028,
545,4367,,,-0.8737789988517761,,0.8737789988517761,
546,4375,,,-1.0077425241470337,,1.0077425241470337,
547,4383,,,-1.0419327020645142,,1.0419327020645142,
548,4391,,,-0.8913211226463318,,0.8913211226463318,
549,4399,,,,-0.44628238677978516,,0.44628238677978516
549,4399,,,-0.8732641339302063,,0.8732641339302063,
550,4407,,,-1.019957423210144,,1.019957423210144,
551,4415,,,-0.7315390706062317,,0.7315390706062317,
552,4423,,,-0.8963655233383179,,0.8963655233383179,
553,4431,,,-0.9070826172828674,,0.9070826172828674,
554,4439,,,-0.7443631887435913,,0.7443631887435913,
555,4447,,,-0.818191409111023,,0.818191409111023,
556,4449,,,,0.12720203399658203,,-0.12720203399658203
556,4455,,,-0.8889877796173096,,0.8889877796173096,
557,4463,,,-0.9587884545326233,,0.9587884545326233,
558,4471,,,-1.0788356065750122,,1.0788356065750122,
559,4479,,,-0.9436125755310059,,0.9436125755310059,
560,4487,,,-0.860862135887146,,0.860862135887146,
561,4495,,,-0.8471216559410095,,0.8471216559410095,
562,4499,,,,-0.4512672424316406,,0.4512672424316406
562,4503,,,-0.7487411499023438,,0.7487411499023438,
563,4511,,,-0.8594381809234619,,0.8594381809234619,
564,4519,,,-0.8623223900794983,,0.8623223900794983,
565,4527,,,-1.0116630792617798,,1.0116630792617798,
566,4535,,,-0.7550541758537292,,0.7550541758537292,
567,4543,,,-0.8913360238075256,,0.8913360238075256,
568,4549,,,,0.39524030685424805,,-0.39524030685424805
568,4551,,,-0.7131314873695374,,0.7131314873695374,
569,4559,,,-0.913551926612854,,0.913551926612854,
570,4567,,,-0.9734275341033936,,0.9734275341033936,
571,4575,,,-0.9861497282981873,,0.9861497282981873,
572,4583,,,-0.8871132731437683,,0.8871132731437683,
573,4591,,,-0.9304537177085876,,0.9304537177085876,
574,4599,,,,-2.8635802268981934,,2.8635802268981934
574,4599,,,-1.0728589296340942,,1.0728589296340942,
575,4607,,,-0.9043670892715454,,0.9043670892715454,
576,4615,,,-0.778540313243866,,0.778540313243866,
577,4623,,,-0.8891451358795166,,0.8891451358795166,
578,4631,,,-0.9594823122024536,,0.9594823122024536,
579,4639,,,-1.010162353515625,,1.010162353515625,
580,4647,,,-1.0606292486190796,,1.0606292486190796,
581,4649,,,,-3.7241697311401367,,3.7241697311401367
581,4655,,,-1.0880485773086548,,1.0880485773086548,
582,4663,,,-1.1658610105514526,,1.1658610105514526,
583,4671,,,-0.9135410189628601,,0.9135410189628601,
584,4679,,,-0.9545255899429321,,0.9545255899429321,
585,4687,,,-1.0920196771621704,,1.0920196771621704,
586,4695,,,-1.1100152730941772,,1.1100152730941772,
587,4699,,,,-0.8971896171569824,,0.8971896171569824
587,4703,,,-0.8621286153793335,,0.8621286153793335,
588,4711,,,-0.6677614450454712,,0.6677614450454712,
589,4719,,,-0.8125613331794739,,0.8125613331794739,
590,4727,,,-0.8365297913551331,,0.8365297913551331,
591,4735,,,-0.9525802731513977,,0.9525802731513977,
592,4743,,,-1.2078076601028442,,1.2078076601028442,
593,4749,,,,-1.736762523651123,,1.736762523651123
593,4751,,,-0.913865327835083,,0.913865327835083,
594,4759,,,-1.091644048690796,,1.091644048690796,
595,4767,,,-0.9198671579360962,,0.9198671579360962,
596,4775,,,-0.7852935791015625,,0.7852935791015625,
597,4783,,,-0.9026342630386353,,0.9026342630386353,
598,4791,,,-0.780523419380188,,0.780523419380188,
599,4799,,,,0.0698556900024414,,-0.0698556900024414
599,4799,,,-0.9723776578903198,,0.9723776578903198,
600,4807,,,-0.857491135597229,,0.857491135597229,
601,4815,,,-1.0518467426300049,,1.0518467426300049,
602,4823,,,-1.1949725151062012,,1.1949725151062012,
603,4831,,,-1.073002576828003,,1.073002576828003,
604,4839,,,-1.0067732334136963,,1.0067732334136963,
605,4847,,,-0.943035364151001,,0.943035364151001,
606,4849,,,,-2.2259445190429688,,2.2259445190429688
606,4855,,,-1.073866367340088,,1.073866367340088,
607,4863,,,-0.8691854476928711,,0.8691854476928711,
608,4871,,,-0.9083530306816101,,0.9083530306816101,
609,4879,,,-0.8829498887062073,,0.8829498887062073,
610,4887,,,-0.9880753755569458,,0.9880753755569458,
611,4895,,,-0.7479448318481445,,0.7479448318481445,
612,4899,,,,-1.0422329902648926,,1.0422329902648926
612,4903,,,-0.9776346683502197,,0.9776346683502197,
613,4911,,,-0.8092526793479919,,0.8092526793479919,
614,4919,,,-1.0426594018936157,,1.0426594018936157,
615,4927,,,-0.9071811437606812,,0.9071811437606812,
616,4935,,,-1.1225411891937256,,1.1225411891937256,
617,4943,,,-1.2385902404785156,,1.2385902404785156,
618,4949,,,,-0.05562877655029297,,0.05562877655029297
618,4951,,,-1.1185792684555054,,1.1185792684555054,
619,4959,,,-1.0488543510437012,,1.0488543510437012,
620,4967,,,-0.8067883849143982,,0.8067883849143982,
621,4975,,,-0.7689306139945984,,0.7689306139945984,
622,4983,,,-1.1358667612075806,,1.1358667612075806,
623,4991,,,-1.1039210557937622,,1.1039210557937622,
624,4999,,,,-3.269808292388916,,3.269808292388916
624,4999,,,-0.796080470085144,,0.796080470085144,
625,5007,,,-1.2707821130752563,,1.2707821130752563,
626,5015,,,-1.0932252407073975,,1.0932252407073975,
627,5023,,,-0.9150826930999756,,0.9150826930999756,
628,5031,,,-1.0857276916503906,,1.0857276916503906,
629,5039,,,-1.0543469190597534,,1.0543469190597534,
630,5047,,,-0.9414352774620056,,0.9414352774620056,
631,5049,,,,-1.1050076484680176,,1.1050076484680176
631,5055,,,-0.9939665198326111,,0.9939665198326111,
632,5063,,,-0.97511887550354,,0.97511887550354,
633,5071,,,-1.0656222105026245,,1.0656222105026245,
634,5079,,,-0.9749974608421326,,0.9749974608421326,
635,5087,,,-1.2111046314239502,,1.2111046314239502,
636,5095,,,-0.9943962693214417,,0.9943962693214417,
637,5099,,,,-0.3836536407470703,,0.3836536407470703
637,5103,,,-0.8983128070831299,,0.8983128070831299,
638,5111,,,-1.1880203485488892,,1.1880203485488892,
639,5119,,,-1.0745649337768555,,1.0745649337768555,
640,5127,,,-0.9374275207519531,,0.9374275207519531,
641,5135,,,-0.9792594909667969,,0.9792594909667969,
642,5143,,,-1.119078516960144,,1.119078516960144,
643,5149,,,,-0.5429196357727051,,0.5429196357727051
643,5151,,,-0.7369979023933411,,0.7369979023933411,
644,5159,,,-1.0928033590316772,,1.0928033590316772,
645,5167,,,-0.923840343952179,,0.923840343952179,
646,5175,,,-0.8799536228179932,,0.8799536228179932,
647,5183,,,-1.1819912195205688,,1.1819912195205688,
648,5191,,,-1.14716637134552,,1.14716637134552,
649,5199,,,,0.7924208641052246,,-0.7924208641052246
649,5199,,,-0.9714999198913574,,0.9714999198913574,
650,5207,,,-1.0602449178695679,,1.0602449178695679,
651,5215,,,-0.8017825484275818,,0.8017825484275818,
652,5223,,,-0.9582585096359253,,0.9582585096359253,
653,5231,,,-1.177337884902954,,1.177337884902954,
654,5239,,,-1.1402162313461304,,1.1402162313461304,
655,5247,,,-1.0643115043640137,,1.0643115043640137,
656,5249,,,,-0.9357728958129883,,0.9357728958129883
656,5255,,,-1.1343868970870972,,1.1343868970870972,
657,5263,,,-1.139279842376709,,1.139279842376709,
658,5271,,,-0.9225301742553711,,0.9225301742553711,
659,5279,,,-1.202000379562378,,1.202000379562378,
660,5287,,,-1.225325584411621,,1.225325584411621,
661,5295,,,-1.0899966955184937,,1.0899966955184937,
662,5299,,,,-1.1241297721862793,,1.1241297721862793
662,5303,,,-1.19540274143219,,1.19540274143219,
663,5311,,,-1.0368735790252686,,1.0368735790252686,
664,5319,,,-0.9383295774459839,,0.9383295774459839,
665,5327,,,-1.2161890268325806,,1.2161890268325806,
666,5335,,,-0.9673847556114197,,0.9673847556114197,
667,5343,,,-0.8500165939331055,,0.8500165939331055,
668,5349,,,,-0.9381566047668457,,0.9381566047668457
668,5351,,,-1.2131268978118896,,1.2131268978118896,
669,5359,,,-1.0066944360733032,,1.0066944360733032,
670,5367,,,-0.952246904373169,,0.952246904373169,
671,5375,,,-1.0918285846710205,,1.0918285846710205,
672,5383,,,-1.183395504951477,,1.183395504951477,
673,5391,,,-1.150421380996704,,1.150421380996704,
674,5399,,,,-1.0084819793701172,,1.0084819793701172
674,5399,,,-1.0229811668395996,,1.0229811668395996,
675,5407,,,-1.1809391975402832,,1.1809391975402832,
676,5415,,,-1.1801114082336426,,1.1801114082336426,
677,5423,,,-1.0103802680969238,,1.0103802680969238,
678,5431,,,-1.18710196018219,,1.18710196018219,
679,5439,,,-0.9808596968650818,,0.9808596968650818,
680,5447,,,-1.0823005437850952,,1.0823005437850952,
681,5449,,,,-4.235454559326172,,4.235454559326172
681,5455,,,-0.9469812512397766,,0.9469812512397766,
682,5463,,,-1.1188586950302124,,1.1188586950302124,
683,5471,,,-1.018268346786499,,1.018268346786499,
684,5479,,,-1.3632465600967407,,1.3632465600967407,
685,5487,,,-1.1848504543304443,,1.1848504543304443,
686,5495,,,-0.8299880623817444,,0.8299880623817444,
687,5499,,,,0.9507136344909668,,-0.9507136344909668
687,5503,,,-1.2382746934890747,,1.2382746934890747,
688,5511,,,-1.079482078552246,,1.079482078552246,
689,5519,,,-1.349493145942688,,1.349493145942688,
690,5527,,,-1.3221012353897095,,1.3221012353897095,
691,5535,,,-1.0920816659927368,,1.0920816659927368,
692,5543,,,-1.2211366891860962,,1.2211366891860962,
693,5549,,,,-0.15825891494750977,,0.15825891494750977
693,5551,,,-0.9861517548561096,,0.9861517548561096,
694,5559,,,-1.0126280784606934,,1.0126280784606934,
695,5567,,,-1.1418840885162354,,1.1418840885162354,
696,5575,,,-0.9522259831428528,,0.9522259831428528,
697,5583,,,-1.1234441995620728,,1.1234441995620728,
698,5591,,,-1.2743216753005981,,1.2743216753005981,
699,5599,,,,-0.06593608856201172,,0.06593608856201172
699,5599,,,-1.0982117652893066,,1.0982117652893066,
700,5607,,,-1.2525826692581177,,1.2525826692581177,
701,5615,,,-1.2659554481506348,,1.2659554481506348,
702,5623,,,-1.2258728742599487,,1.2258728742599487,
703,5631,,,-0.9792075157165527,,0.9792075157165527,
704,5639,,,-1.1935861110687256,,1.1935861110687256,
705,5647,,,-1.2507410049438477,,1.2507410049438477,
706,5649,,,,-4.517646312713623,,4.517646312713623
706,5655,,,-1.1536692380905151,,1.1536692380905151,
707,5663,,,-1.4128109216690063,,1.4128109216690063,
708,5671,,,-1.1584380865097046,,1.1584380865097046,
709,5679,,,-1.0674989223480225,,1.0674989223480225,
710,5687,,,-1.0135674476623535,,1.0135674476623535,
711,5695,,,-0.9948904514312744,,0.9948904514312744,
712,5699,,,,-1.6737217903137207,,1.6737217903137207
712,5703,,,-1.0984036922454834,,1.0984036922454834,
713,5711,,,-0.9803434610366821,,0.9803434610366821,
714,5719,,,-1.3606877326965332,,1.3606877326965332,
715,5727,,,-1.12238609790802,,1.12238609790802,
716,5735,,,-1.3296958208084106,,1.3296958208084106,
717,5743,,,-1.2658662796020508,,1.2658662796020508,
718,5749,,,,-1.160698413848877,,1.160698413848877
718,5751,,,-1.1633703708648682,,1.1633703708648682,
719,5759,,,-1.1178902387619019,,1.1178902387619019,
720,5767,,,-1.252982258796692,,1.252982258796692,
721,5775,,,-1.2523351907730103,,1.2523351907730103,
722,5783,,,-1.1444765329360962,,1.1444765329360962,
723,5791,,,-1.1637625694274902,,1.1637625694274902,
724,5799,,,,-0.02857208251953125,,0.02857208251953125
724,5799,,,-0.9196150302886963,,0.9196150302886963,
725,5807,,,-1.2771961688995361,,1.2771961688995361,
726,5815,,,-1.086503028869629,,1.086503028869629,
727,5823,,,-0.872265636920929,,0.872265636920929,
728,5831,,,-1.1645349264144897,,1.1645349264144897,
729,5839,,,-1.4341228008270264,,1.4341228008270264,
730,5847,,,-1.0572304725646973,,1.0572304725646973,
731,5849,,,,-1.6049795150756836,,1.6049795150756836
731,5855,,,-1.4039925336837769,,1.4039925336837769,
732,5863,,,-1.3166215419769287,,1.3166215419769287,
733,5871,,,-1.2670941352844238,,1.2670941352844238,
734,5879,,,-1.426249623298645,,1.426249623298645,
735,5887,,,-1.0213758945465088,,1.0213758945465088,
736,5895,,,-1.076204538345337,,1.076204538345337,
737,5899,,,,0.17294740676879883,,-0.17294740676879883
737,5903,,,-1.3247791528701782,,1.3247791528701782,
738,5911,,,-1.08445405960083,,1.08445405960083,
739,5919,,,-1.374251127243042,,1.374251127243042,
740,5927,,,-1.1056926250457764,,1.1056926250457764,
741,5935,,,-1.1788748502731323,,1.1788748502731323,
742,5943,,,-1.4558382034301758,,1.4558382034301758,
743,5949,,,,-3.9535441398620605,,3.9535441398620605
743,5951,,,-1.2630271911621094,,1.2630271911621094,
744,5959,,,-1.1317065954208374,,1.1317065954208374,
745,5967,,,-1.1021597385406494,,1.1021597385406494,
746,5975,,,-1.3693434000015259,,1.3693434000015259,
747,5983,,,-1.3008222579956055,,1.3008222579956055,
748,5991,,,-1.2425026893615723,,1.2425026893615723,
749,5999,,,,-1.1832633018493652,,1.1832633018493652
749,5999,,,-1.4549689292907715,,1.4549689292907715,
750,6007,,,-1.2250592708587646,,1.2250592708587646,
751,6015,,,-1.2975261211395264,,1.2975261211395264,
752,6023,,,-1.0940452814102173,,1.0940452814102173,
753,6031,,,-1.259257435798645,,1.259257435798645,
754,6039,,,-1.162201166152954,,1.162201166152954,
755,6047,,,-1.3280620574951172,,1.3280620574951172,
756,6049,,,,-2.054330348968506,,2.054330348968506
756,6055,,,-1.352266550064087,,1.352266550064087,
757,6063,,,-1.067010521888733,,1.067010521888733,
758,6071,,,-1.2355961799621582,,1.2355961799621582,
759,6079,,,-1.423953652381897,,1.423953652381897,
760,6087,,,-1.2226444482803345,,1.2226444482803345,
761,6095,,,-1.484784722328186,,1.484784722328186,
762,6099,,,,0.8299846649169922,,-0.8299846649169922
762,6103,,,-1.3378558158874512,,1.3378558158874512,
763,6111,,,-1.1835885047912598,,1.1835885047912598,
764,6119,,,-1.405346393585205,,1.405346393585205,
765,6127,,,-1.4212496280670166,,1.4212496280670166,
766,6135,,,-1.68233323097229,,1.68233323097229,
767,6143,,,-1.2322498559951782,,1.2322498559951782,
768,6149,,,,-1.7158288955688477,,1.7158288955688477
768,6151,,,-1.6133337020874023,,1.6133337020874023,
769,6159,,,-1.174066424369812,,1.174066424369812,
770,6167,,,-1.5292402505874634,,1.5292402505874634,
771,6175,,,-1.183391809463501,,1.183391809463501,
772,6183,,,-1.2736116647720337,,1.2736116647720337,
773,6191,,,-0.9223017692565918,,0.9223017692565918,
774,6199,,,,1.0331239700317383,,-1.0331239700317383
774,6199,,,-1.168760061264038,,1.168760061264038,
775,6207,,,-1.328688621520996,,1.328688621520996,
776,6215,,,-1.384299635887146,,1.384299635887146,
777,6223,,,-1.2641264200210571,,1.2641264200210571,
778,6231,,,-1.3477615118026733,,1.3477615118026733,
779,6239,,,-1.282364010810852,,1.282364010810852,
780,6247,,,-1.3730075359344482,,1.3730075359344482,
781,6249,,,,-0.5672526359558105,,0.5672526359558105
781,6255,,,-1.3157685995101929,,1.3157685995101929,
782,6263,,,-1.1970455646514893,,1.1970455646514893,
783,6271,,,-1.1885297298431396,,1.1885297298431396,
784,6279,,,-1.151003360748291,,1.151003360748291,
785,6287,,,-1.3553473949432373,,1.3553473949432373,
786,6295,,,-1.0413702726364136,,1.0413702726364136,
787,6299,,,,-3.6925511360168457,,3.6925511360168457
787,6303,,,-1.1249419450759888,,1.1249419450759888,
788,6311,,,-1.373732328414917,,1.373732328414917,
789,6319,,,-1.0732702016830444,,1.0732702016830444,
790,6327,,,-1.3308533430099487,,1.3308533430099487,
791,6335,,,-1.1787075996398926,,1.1787075996398926,
792,6343,,,-1.1338351964950562,,1.1338351964950562,
793,6349,,,,-0.9146947860717773,,0.9146947860717773
793,6351,,,-1.349115014076233,,1.349115014076233,
794,6359,,,-1.0114997625350952,,1.0114997625350952,
795,6367,,,-1.0735033750534058,,1.0735033750534058,
796,6375,,,-1.2228022813796997,,1.2228022813796997,
797,6383,,,-1.260190486907959,,1.260190486907959,
798,6391,,,-1.3306175470352173,,1.3306175470352173,
799,6399,,,,-1.5373311042785645,,1.5373311042785645
799,6399,,,-1.3931310176849365,,1.3931310176849365,
800,6407,,,-1.139953851699829,,1.139953851699829,
801,6415,,,-1.0227348804473877,,1.0227348804473877,
802,6423,,,-1.5154653787612915,,1.5154653787612915,
803,6431,,,-1.290871500968933,,1.290871500968933,
804,6439,,,-1.3998522758483887,,1.3998522758483887,
805,6447,,,-1.6822699308395386,,1.6822699308395386,
806,6449,,,,1.4304208755493164,,-1.4304208755493164
806,6455,,,-1.2034687995910645,,1.2034687995910645,
807,6463,,,-1.5587198734283447,,1.5587198734283447,
808,6471,,,-1.136825442314148,,1.136825442314148,
809,6479,,,-1.326407790184021,,1.326407790184021,
810,6487,,,-1.3734694719314575,,1.3734694719314575,
811,6495,,,-1.1411981582641602,,1.1411981582641602,
812,6499,,,,-0.17294883728027344,,0.17294883728027344
812,6503,,,-1.82393479347229,,1.82393479347229,
813,6511,,,-1.0867620706558228,,1.0867620706558228,
814,6519,,,-1.265485405921936,,1.265485405921936,
815,6527,,,-1.4549174308776855,,1.4549174308776855,
816,6535,,,-1.4081629514694214,,1.4081629514694214,
817,6543,,,-1.1626514196395874,,1.1626514196395874,
818,6549,,,,-2.858201503753662,,2.858201503753662
818,6551,,,-1.103547215461731,,1.103547215461731,
819,6559,,,-1.329751968383789,,1.329751968383789,
820,6567,,,-1.6981273889541626,,1.6981273889541626,
821,6575,,,-1.4068260192871094,,1.4068260192871094,
822,6583,,,-1.3015239238739014,,1.3015239238739014,
823,6591,,,-1.4697884321212769,,1.4697884321212769,
824,6599,,,,-0.984870433807373,,0.984870433807373
824,6599,,,-1.5666910409927368,,1.5666910409927368,
825,6607,,,-1.261949896812439,,1.261949896812439,
826,6615,,,-1.5789543390274048,,1.5789543390274048,
827,6623,,,-1.2204097509384155,,1.2204097509384155,
828,6631,,,-1.2853296995162964,,1.2853296995162964,
829,6639,,,-1.192031741142273,,1.192031741142273,
830,6647,,,-1.0809919834136963,,1.0809919834136963,
831,6649,,,,-1.3210868835449219,,1.3210868835449219
831,6655,,,-1.5288422107696533,,1.5288422107696533,
832,6663,,,-1.3644566535949707,,1.3644566535949707,
833,6671,,,-1.4820313453674316,,1.4820313453674316,
834,6679,,,-1.1793080568313599,,1.1793080568313599,
835,6687,,,-1.5587100982666016,,1.5587100982666016,
836,6695,,,-1.4808472394943237,,1.4808472394943237,
837,6699,,,,-1.7280869483947754,,1.7280869483947754
837,6703,,,-1.45046865940094,,1.45046865940094,
838,6711,,,-1.689410924911499,,1.689410924911499,
839,6719,,,-1.211620569229126,,1.211620569229126,
840,6727,,,-1.536332368850708,,1.536332368850708,
841,6735,,,-1.3719769716262817,,1.3719769716262817,
842,6743,,,-1.2671003341674805,,1.2671003341674805,
843,6749,,,,-1.318084716796875,,1.318084716796875
843,6751,,,-1.4756628274917603,,1.4756628274917603,
844,6759,,,-1.4645682573318481,,1.4645682573318481,
845,6767,,,-1.3891711235046387,,1.3891711235046387,
846,6775,,,-1.5240839719772339,,1.5240839719772339,
847,6783,,,-1.5576210021972656,,1.5576210021972656,
848,6791,,,-1.4653555154800415,,1.4653555154800415,
849,6799,,,,-4.14900016784668,,4.14900016784668
849,6799,,,-1.663719892501831,,1.663719892501831,
850,6807,,,-1.1486605405807495,,1.1486605405807495,
851,6815,,,-1.3027998208999634,,1.3027998208999634,
852,6823,,,-1.5153443813323975,,1.5153443813323975,
853,6831,,,-1.3760348558425903,,1.3760348558425903,
854,6839,,,-1.533294677734375,,1.533294677734375,
855,6847,,,-1.2868449687957764,,1.2868449687957764,
856,6849,,,,-5.816370010375977,,5.816370010375977
856,6855,,,-1.1996954679489136,,1.1996954679489136,
857,6863,,,-1.2481836080551147,,1.2481836080551147,
858,6871,,,-1.4380894899368286,,1.4380894899368286,
859,6879,,,-1.5655817985534668,,1.5655817985534668,
860,6887,,,-1.4932156801223755,,1.4932156801223755,
861,6895,,,-1.210133671760559,,1.210133671760559,
862,6899,,,,-0.38790225982666016,,0.38790225982666016
862,6903,,,-1.6827386617660522,,1.6827386617660522,
863,6911,,,-1.5115286111831665,,1.5115286111831665,
864,6919,,,-1.369115948677063,,1.369115948677063,
865,6927,,,-1.29973566532135,,1.29973566532135,
866,6935,,,-1.5123839378356934,,1.5123839378356934,
867,6943,,,-1.5089253187179565,,1.5089253187179565,
868,6949,,,,-1.5020332336425781,,1.5020332336425781
868,6951,,,-1.8029448986053467,,1.8029448986053467,
869,6959,,,-1.2465085983276367,,1.2465085983276367,
870,6967,,,-1.4729275703430176,,1.4729275703430176,
871,6975,,,-1.4779653549194336,,1.4779653549194336,
872,6983,,,-1.6392722129821777,,1.6392722129821777,
873,6991,,,-1.1897305250167847,,1.1897305250167847,
874,6999,,,,-5.303168296813965,,5.303168296813965
874,6999,,,-1.6123086214065552,,1.6123086214065552,
875,7007,,,-1.2621217966079712,,1.2621217966079712,
876,7015,,,-1.78193998336792,,1.78193998336792,
877,7023,,,-1.257353663444519,,1.257353663444519,
878,7031,,,-1.101690411567688,,1.101690411567688,
879,7039,,,-1.544809103012085,,1.544809103012085,
880,7047,,,-1.5330867767333984,,1.5330867767333984,
881,7049,,,,-1.2714314460754395,,1.2714314460754395
881,7055,,,-1.526920199394226,,1.526920199394226,
882,7063,,,-1.785172462463379,,1.785172462463379,
883,7071,,,-1.4099007844924927,,1.4099007844924927,
884,7079,,,-1.6640441417694092,,1.6640441417694092,
885,7087,,,-1.6196738481521606,,1.6196738481521606,
886,7095,,,-1.5989468097686768,,1.5989468097686768,
887,7099,,,,-3.30308198928833,,3.30308198928833
887,7103,,,-1.9047881364822388,,1.9047881364822388,
888,7111,,,-1.3678737878799438,,1.3678737878799438,
889,7119,,,-1.4917417764663696,,1.4917417764663696,
890,7127,,,-1.0000725984573364,,1.0000725984573364,
891,7135,,,-1.449734091758728,,1.449734091758728,
892,7143,,,-1.6097970008850098,,1.6097970008850098,
893,7149,,,,-2.5838770866394043,,2.5838770866394043
893,7151,,,-1.0632835626602173,,1.0632835626602173,
894,7159,,,-1.4951655864715576,,1.4951655864715576,
895,7167,,,-1.5730466842651367,,1.5730466842651367,
896,7175,,,-1.4466552734375,,1.4466552734375,
897,7183,,,-1.5549086332321167,,1.5549086332321167,
898,7191,,,-1.4964877367019653,,1.4964877367019653,
899,7199,,,,-0.4017982482910156,,0.4017982482910156
899,7199,,,-1.1225231885910034,,1.1225231885910034,
900,7207,,,-1.4413063526153564,,1.4413063526153564,
901,7215,,,-1.9310165643692017,,1.9310165643692017,
902,7223,,,-1.5527056455612183,,1.5527056455612183,
903,7231,,,-1.564491629600525,,1.564491629600525,
904,7239,,,-1.3273264169692993,,1.3273264169692993,
905,7247,,,-1.6687785387039185,,1.6687785387039185,
906,7249,,,,-1.1183719635009766,,1.1183719635009766
906,7255,,,-1.4979290962219238,,1.4979290962219238,
907,7263,,,-1.4345506429672241,,1.4345506429672241,
908,7271,,,-1.427657961845398,,1.427657961845398,
909,7279,,,-1.4996142387390137,,1.4996142387390137,
910,7287,,,-1.4533159732818604,,1.4533159732818604,
911,7295,,,-1.7315691709518433,,1.7315691709518433,
912,7299,,,,-1.406179428100586,,1.406179428100586
912,7303,,,-1.4326798915863037,,1.4326798915863037,
913,7311,,,-1.5888862609863281,,1.5888862609863281,
914,7319,,,-1.6408618688583374,,1.6408618688583374,
915,7327,,,-1.6156947612762451,,1.6156947612762451,
916,7335,,,-1.767185926437378,,1.767185926437378,
917,7343,,,-1.5109118223190308,,1.5109118223190308,
918,7349,,,,-0.35209083557128906,,0.35209083557128906
918,7351,,,-1.626690149307251,,1.626690149307251,
919,7359,,,-1.4701472520828247,,1.4701472520828247,
920,7367,,,-1.5351002216339111,,1.5351002216339111,
921,7375,,,-1.8903605937957764,,1.8903605937957764,
922,7383,,,-1.531557321548462,,1.531557321548462,
923,7391,,,-1.9405763149261475,,1.9405763149261475,
924,7399,,,,-0.4336261749267578,,0.4336261749267578
924,7399,,,-1.629958987236023,,1.629958987236023,
925,7407,,,-1.653746485710144,,1.653746485710144,
926,7415,,,-1.6028470993041992,,1.6028470993041992,
927,7423,,,-1.566759467124939,,1.566759467124939,
928,7431,,,-1.7669353485107422,,1.7669353485107422,
929,7439,,,-1.7094827890396118,,1.7094827890396118,
930,7447,,,-1.5386759042739868,,1.5386759042739868,
931,7449,,,,-0.1932687759399414,,0.1932687759399414
931,7455,,,-1.3269435167312622,,1.3269435167312622,
932,7463,,,-1.7251784801483154,,1.7251784801483154,
933,7471,,,-1.6860560178756714,,1.6860560178756714,
934,7479,,,-1.1579118967056274,,1.1579118967056274,
935,7487,,,-1.643926978111267,,1.643926978111267,
936,7495,,,-1.7833815813064575,,1.7833815813064575,
937,7499,,,,-5.8318681716918945,,5.8318681716918945
937,7503,,,-1.5420161485671997,,1.5420161485671997,
938,7511,,,-1.4702240228652954,,1.4702240228652954,
939,7519,,,-1.9932537078857422,,1.9932537078857422,
940,7527,,,-1.8838884830474854,,1.8838884830474854,
941,7535,,,-1.7424869537353516,,1.7424869537353516,
942,7543,,,-1.3492628335952759,,1.3492628335952759,
943,7549,,,,-0.5179204940795898,,0.5179204940795898
943,7551,,,-1.5155619382858276,,1.5155619382858276,
944,7559,,,-2.0640454292297363,,2.0640454292297363,
945,7567,,,-1.7309576272964478,,1.7309576272964478,
946,7575,,,-1.4719815254211426,,1.4719815254211426,
947,7583,,,-1.8025929927825928,,1.8025929927825928,
948,7591,,,-1.5802979469299316,,1.5802979469299316,
949,7599,,,,-2.1676721572875977,,2.1676721572875977
949,7599,,,-1.65872323513031,,1.65872323513031,
950,7607,,,-1.6291145086288452,,1.6291145086288452,
951,7615,,,-1.6399182081222534,,1.6399182081222534,
952,7623,,,-1.498728632926941,,1.498728632926941,
953,7631,,,-1.6773446798324585,,1.6773446798324585,
954,7639,,,-1.6788933277130127,,1.6788933277130127,
955,7647,,,-1.4037456512451172,,1.4037456512451172,
956,7649,,,,-1.6689705848693848,,1.6689705848693848
956,7655,,,-1.6952593326568604,,1.6952593326568604,
957,7663,,,-1.8477834463119507,,1.8477834463119507,
958,7671,,,-1.3699551820755005,,1.3699551820755005,
959,7679,,,-1.9395015239715576,,1.9395015239715576,
960,7687,,,-1.9511127471923828,,1.9511127471923828,
961,7695,,,-1.770575761795044,,1.770575761795044,
962,7699,,,,-6.171576499938965,,6.171576499938965
962,7703,,,-1.4058195352554321,,1.4058195352554321,
963,7711,,,-1.8424326181411743,,1.8424326181411743,
964,7719,,,-1.578107237815857,,1.578107237815857,
965,7727,,,-1.7766990661621094,,1.7766990661621094,
966,7735,,,-1.6595287322998047,,1.6595287322998047,
967,7743,,,-1.5489318370819092,,1.5489318370819092,
968,7749,,,,-3.037726402282715,,3.037726402282715
968,7751,,,-1.4679161310195923,,1.4679161310195923,
969,7759,,,-1.5034195184707642,,1.5034195184707642,
970,7767,,,-2.0597586631774902,,2.0597586631774902,
971,7775,,,-1.8718475103378296,,1.8718475103378296,
972,7783,,,-1.3398845195770264,,1.3398845195770264,
973,7791,,,-1.543877363204956,,1.543877363204956,
974,7799,,,,-1.9936370849609375,,1.9936370849609375
974,7799,,,-1.551489233970642,,1.551489233970642,
975,7807,,,-2.0388805866241455,,2.0388805866241455,
976,7815,,,-2.083516836166382,,2.083516836166382,
977,7823,,,-1.3432620763778687,,1.3432620763778687,
978,7831,,,-1.7452086210250854,,1.7452086210250854,
979,7839,,,-1.3799424171447754,,1.3799424171447754,
980,7847,,,-1.7040427923202515,,1.7040427923202515,
981,7849,,,,-0.7068948745727539,,0.7068948745727539
981,7855,,,-1.7397408485412598,,1.7397408485412598,
982,7863,,,-1.646970510482788,,1.646970510482788,
983,7871,,,-1.741390585899353,,1.741390585899353,
984,7879,,,-2.0245869159698486,,2.0245869159698486,
985,7887,,,-2.0714175701141357,,2.0714175701141357,
986,7895,,,-1.7788193225860596,,1.7788193225860596,
987,7899,,,,-0.6995372772216797,,0.6995372772216797
987,7903,,,-1.324446678161621,,1.324446678161621,
988,7911,,,-1.4157862663269043,,1.4157862663269043,
989,7919,,,-1.6635637283325195,,1.6635637283325195,
990,7927,,,-1.8965452909469604,,1.8965452909469604,
991,7935,,,-1.9324146509170532,,1.9324146509170532,
992,7943,,,-1.968477487564087,,1.968477487564087,
993,7949,,,,-1.516331672668457,,1.516331672668457
993,7951,,,-2.2035980224609375,,2.2035980224609375,
994,7959,,,-2.193284034729004,,2.193284034729004,
995,7967,,,-1.44010329246521,,1.44010329246521,
996,7975,,,-1.6965017318725586,,1.6965017318725586,
997,7983,,,-1.634467601776123,,1.634467601776123,
998,7991,,,-1.8392722606658936,,1.8392722606658936,
999,7999,,,,-0.7899169921875,,0.7899169921875
999,7999,,,-1.8716439008712769,,1.8716439008712769,
1000,8007,,,-1.9040251970291138,,1.9040251970291138,
1001,8015,,,-2.2208712100982666,,2.2208712100982666,
1002,8023,,,-1.7875875234603882,,1.7875875234603882,
1003,8031,,,-1.5279635190963745,,1.5279635190963745,
1004,8039,,,-2.1275739669799805,,2.1275739669799805,
1005,8047,,,-1.6576554775238037,,1.6576554775238037,
1006,8049,,,,-1.4634037017822266,,1.4634037017822266
1006,8055,,,-1.4727643728256226,,1.4727643728256226,
1007,8063,,,-2.068819999694824,,2.068819999694824,
1008,8071,,,-2.302499532699585,,2.302499532699585,
1009,8079,,,-2.040398359298706,,2.040398359298706,
1010,8087,,,-1.8907519578933716,,1.8907519578933716,
1011,8095,,,-1.5826259851455688,,1.5826259851455688,
1012,8099,,,,-2.4150238037109375,,2.4150238037109375
1012,8103,,,-2.0741825103759766,,2.0741825103759766,
1013,8111,,,-1.432838797569275,,1.432838797569275,
1014,8119,,,-1.6476372480392456,,1.6476372480392456,
1015,8127,,,-1.9779187440872192,,1.9779187440872192,
1016,8135,,,-1.934830904006958,,1.934830904006958,
1017,8143,,,-2.056001663208008,,2.056001663208008,
1018,8149,,,,-2.492523193359375,,2.492523193359375
1018,8151,,,-1.551398754119873,,1.551398754119873,
1019,8159,,,-1.5421265363693237,,1.5421265363693237,
1020,8167,,,-2.009223699569702,,2.009223699569702,
1021,8175,,,-1.7302308082580566,,1.7302308082580566,
1022,8183,,,-1.905091643333435,,1.905091643333435,
1023,8191,,,-2.03448748588562,,2.03448748588562,
1024,8199,,,,-0.9404287338256836,,0.9404287338256836
1024,8199,,,-1.9370205402374268,,1.9370205402374268,
1025,8207,,,-1.977691411972046,,1.977691411972046,
1026,8215,,,-1.8942840099334717,,1.8942840099334717,
1027,8223,,,-1.5836613178253174,,1.5836613178253174,
1028,8231,,,-1.6932820081710815,,1.6932820081710815,
1029,8239,,,-1.8211290836334229,,1.8211290836334229,
1030,8247,,,-1.931510329246521,,1.931510329246521,
1031,8249,,,,0.31121349334716797,,-0.31121349334716797
1031,8255,,,-1.893490195274353,,1.893490195274353,
1032,8263,,,-1.6566336154937744,,1.6566336154937744,
1033,8271,,,-1.717679738998413,,1.717679738998413,
1034,8279,,,-1.982810139656067,,1.982810139656067,
1035,8287,,,-1.4399529695510864,,1.4399529695510864,
1036,8295,,,-1.7644652128219604,,1.7644652128219604,
1037,8299,,,,0.11832046508789062,,-0.11832046508789062
1037,8303,,,-1.8162455558776855,,1.8162455558776855,
1038,8311,,,-2.1281702518463135,,2.1281702518463135,
1039,8319,,,-2.22257661819458,,2.22257661819458,
1040,8327,,,-1.548531174659729,,1.548531174659729,
1041,8335,,,-2.0611555576324463,,2.0611555576324463,
1042,8343,,,-1.855269193649292,,1.855269193649292,
1043,8349,,,,-0.3598136901855469,,0.3598136901855469
1043,8351,,,-2.1582930088043213,,2.1582930088043213,
1044,8359,,,-1.8618277311325073,,1.8618277311325073,
1045,8367,,,-2.1096882820129395,,2.1096882820129395,
1046,8375,,,-1.6782704591751099,,1.6782704591751099,
1047,8383,,,-2.049205780029297,,2.049205780029297,
1048,8391,,,-1.9295960664749146,,1.9295960664749146,
1049,8399,,,,-0.45747947692871094,,0.45747947692871094
1049,8399,,,-1.752143144607544,,1.752143144607544,
1050,8407,,,-1.7365126609802246,,1.7365126609802246,
1051,8415,,,-2.013792037963867,,2.013792037963867,
1052,8423,,,-1.6919676065444946,,1.6919676065444946,
1053,8431,,,-1.58474862575531,,1.58474862575531,
1054,8439,,,-1.4818620681762695,,1.4818620681762695,
1055,8447,,,-1.9945493936538696,,1.9945493936538696,
1056,8449,,,,-4.2184600830078125,,4.2184600830078125
1056,8455,,,-1.9345874786376953,,1.9345874786376953,
1057,8463,,,-2.1392874717712402,,2.1392874717712402,
1058,8471,,,-2.0970675945281982,,2.0970675945281982,
1059,8479,,,-1.8723039627075195,,1.8723039627075195,
1060,8487,,,-1.587123155593872,,1.587123155593872,
1061,8495,,,-2.151010513305664,,2.151010513305664,
1062,8499,,,,-2.149873733520508,,2.149873733520508
1062,8503,,,-2.4399516582489014,,2.4399516582489014,
1063,8511,,,-1.6394177675247192,,1.6394177675247192,
1064,8519,,,-1.8348931074142456,,1.8348931074142456,
1065,8527,,,-1.8254146575927734,,1.8254146575927734,
1066,8535,,,-1.6213641166687012,,1.6213641166687012,
1067,8543,,,-2.2203726768493652,,2.2203726768493652,
1068,8549,,,,-0.2277088165283203,,0.2277088165283203
1068,8551,,,-1.6946437358856201,,1.6946437358856201,
1069,8559,,,-2.117812395095825,,2.117812395095825,
1070,8567,,,-1.6458691358566284,,1.6458691358566284,
1071,8575,,,-1.9685505628585815,,1.9685505628585815,
1072,8583,,,-2.0853612422943115,,2.0853612422943115,
1073,8591,,,-1.6674202680587769,,1.6674202680587769,
1074,8599,,,,-2.577521324157715,,2.577521324157715
1074,8599,,,-2.3780739307403564,,2.3780739307403564,
1075,8607,,,-1.6007914543151855,,1.6007914543151855,
1076,8615,,,-2.1034984588623047,,2.1034984588623047,
1077,8623,,,-2.332057237625122,,2.332057237625122,
1078,8631,,,-1.8443665504455566,,1.8443665504455566,
1079,8639,,,-1.7353031635284424,,1.7353031635284424,
1080,8647,,,-1.8634257316589355,,1.8634257316589355,
1081,8649,,,,-4.0754194259643555,,4.0754194259643555
1081,8655,,,-1.8994615077972412,,1.8994615077972412,
1082,8663,,,-2.0315632820129395,,2.0315632820129395,
1083,8671,,,-2.1012825965881348,,2.1012825965881348,
1084,8679,,,-2.096308708190918,,2.096308708190918,
1085,8687,,,-2.1015102863311768,,2.1015102863311768,
1086,8695,,,-1.9768531322479248,,1.9768531322479248,
1087,8699,,,,-0.6250400543212891,,0.6250400543212891
1087,8703,,,-2.1533641815185547,,2.1533641815185547,
1088,8711,,,-2.3763227462768555,,2.3763227462768555,
1089,8719,,,-2.073378801345825,,2.073378801345825,
1090,8727,,,-2.076225996017456,,2.076225996017456,
1091,8735,,,-2.029019832611084,,2.029019832611084,
1092,8743,,,-1.5807167291641235,,1.5807167291641235,
1093,8749,,,,-1.9953441619873047,,1.9953441619873047
1093,8751,,,-2.122225761413574,,2.122225761413574,
1094,8759,,,-2.0801596641540527,,2.0801596641540527,
1095,8767,,,-1.918278694152832,,1.918278694152832,
1096,8775,,,-1.8718619346618652,,1.8718619346618652,
1097,8783,,,-2.115679979324341,,2.115679979324341,
1098,8791,,,-2.34958815574646,,2.34958815574646,
1099,8799,,,,-0.009641647338867188,,0.009641647338867188
1099,8799,,,-2.128058671951294,,2.128058671951294,
1100,8807,,,-1.9218066930770874,,1.9218066930770874,
1101,8815,,,-1.6890642642974854,,1.6890642642974854,
1102,8823,,,-1.612197995185852,,1.612197995185852,
1103,8831,,,-2.0699079036712646,,2.0699079036712646,
1104,8839,,,-2.2409565448760986,,2.2409565448760986,
1105,8847,,,-1.6188857555389404,,1.6188857555389404,
1106,8849,,,,-0.9309663772583008,,0.9309663772583008
1106,8855,,,-2.2900350093841553,,2.2900350093841553,
1107,8863,,,-1.7893258333206177,,1.7893258333206177,
1108,8871,,,-1.9128081798553467,,1.9128081798553467,
1109,8879,,,-1.7851675748825073,,1.7851675748825073,
1110,8887,,,-2.2518093585968018,,2.2518093585968018,
1111,8895,,,-2.0897443294525146,,2.0897443294525146,
1112,8899,,,,-1.9414281845092773,,1.9414281845092773
1112,8903,,,-2.063934803009033,,2.063934803009033,
1113,8911,,,-1.5994147062301636,,1.5994147062301636,
1114,8919,,,-2.478762149810791,,2.478762149810791,
1115,8927,,,-2.0476620197296143,,2.0476620197296143,
1116,8935,,,-1.7619656324386597,,1.7619656324386597,
1117,8943,,,-2.0443243980407715,,2.0443243980407715,
1118,8949,,,,0.07717227935791016,,-0.07717227935791016
1118,8951,,,-1.969454288482666,,1.969454288482666,
1119,8959,,,-2.0659773349761963,,2.0659773349761963,
1120,8967,,,-2.070683717727661,,2.070683717727661,
1121,8975,,,-1.853714108467102,,1.853714108467102,
1122,8983,,,-1.9688236713409424,,1.9688236713409424,
1123,8991,,,-2.3162810802459717,,2.3162810802459717,
1124,8999,,,,-1.6072769165039062,,1.6072769165039062
1124,8999,,,-2.215268135070801,,2.215268135070801,
1125,9007,,,-2.2607016563415527,,2.2607016563415527,
1126,9015,,,-2.227108955383301,,2.227108955383301,
1127,9023,,,-1.984374761581421,,1.984374761581421,
1128,9031,,,-2.4026529788970947,,2.4026529788970947,
1129,9039,,,-2.309670925140381,,2.309670925140381,
1130,9047,,,-2.403470039367676,,2.403470039367676,
1131,9049,,,,-1.263747215270996,,1.263747215270996
1131,9055,,,-2.120325803756714,,2.120325803756714,
1132,9063,,,-2.019352436065674,,2.019352436065674,
1133,9071,,,-2.307521104812622,,2.307521104812622,
1134,9079,,,-2.37551212310791,,2.37551212310791,
1135,9087,,,-2.5796639919281006,,2.5796639919281006,
1136,9095,,,-2.1535301208496094,,2.1535301208496094,
1137,9099,,,,0.01784801483154297,,-0.01784801483154297
1137,9103,,,-1.7826613187789917,,1.7826613187789917,
1138,9111,,,-2.7726874351501465,,2.7726874351501465,
1139,9119,,,-1.8548872470855713,,1.8548872470855713,
1140,9127,,,-2.237788200378418,,2.237788200378418,
1141,9135,,,-2.4815192222595215,,2.4815192222595215,
1142,9143,,,-2.323227882385254,,2.323227882385254,
1143,9149,,,,-3.203277587890625,,3.203277587890625
1143,9151,,,-1.840889811515808,,1.840889811515808,
1144,9159,,,-2.042219638824463,,2.042219638824463,
1145,9167,,,-2.1621756553649902,,2.1621756553649902,
1146,9175,,,-1.9144803285598755,,1.9144803285598755,
1147,9183,,,-2.2978808879852295,,2.2978808879852295,
1148,9191,,,-2.3489866256713867,,2.3489866256713867,
1149,9199,,,,0.7480850219726562,,-0.7480850219726562
1149,9199,,,-1.8148224353790283,,1.8148224353790283,
1150,9207,,,-1.9965447187423706,,1.9965447187423706,
1151,9215,,,-2.0986874103546143,,2.0986874103546143,
1152,9223,,,-2.3980491161346436,,2.3980491161346436,
1153,9231,,,-2.2918143272399902,,2.2918143272399902,
1154,9239,,,-2.525496244430542,,2.525496244430542,
1155,9247,,,-2.2162604331970215,,2.2162604331970215,
1156,9249,,,,-1.2485589981079102,,1.2485589981079102
1156,9255,,,-1.9515894651412964,,1.9515894651412964,
1157,9263,,,-2.087745428085327,,2.087745428085327,
1158,9271,,,-2.2886195182800293,,2.2886195182800293,
1159,9279,,,-2.64762806892395,,2.64762806892395,
1160,9287,,,-2.1173267364501953,,2.1173267364501953,
1161,9295,,,-2.1465883255004883,,2.1465883255004883,
1162,9299,,,,-4.828664779663086,,4.828664779663086
1162,9303,,,-2.3747551441192627,,2.3747551441192627,
1163,9311,,,-2.052089214324951,,2.052089214324951,
1164,9319,,,-1.9355156421661377,,1.9355156421661377,
1165,9327,,,-2.2305688858032227,,2.2305688858032227,
1166,9335,,,-1.5983062982559204,,1.5983062982559204,
1167,9343,,,-2.3886404037475586,,2.3886404037475586,
1168,9349,,,,-2.2012577056884766,,2.2012577056884766
1168,9351,,,-2.6148722171783447,,2.6148722171783447,
1169,9359,,,-2.5576655864715576,,2.5576655864715576,
1170,9367,,,-2.162191390991211,,2.162191390991211,
1171,9375,,,-2.2087090015411377,,2.2087090015411377,
1172,9383,,,-2.3798346519470215,,2.3798346519470215,
1173,9391,,,-1.6404999494552612,,1.6404999494552612,
1174,9399,,,,-4.806529998779297,,4.806529998779297
1174,9399,,,-2.1763036251068115,,2.1763036251068115,
1175,9407,,,-1.9452396631240845,,1.9452396631240845,
1176,9415,,,-2.1581215858459473,,2.1581215858459473,
1177,9423,,,-2.3750998973846436,,2.3750998973846436,
1178,9431,,,-2.3331563472747803,,2.3331563472747803,
1179,9439,,,-2.5592260360717773,,2.5592260360717773,
1180,9447,,,-2.3970606327056885,,2.3970606327056885,
1181,9449,,,,1.785604476928711,,-1.785604476928711
1181,9455,,,-1.9488730430603027,,1.9488730430603027,
1182,9463,,,-2.6672747135162354,,2.6672747135162354,
1183,9471,,,-2.0933239459991455,,2.0933239459991455,
1184,9479,,,-1.8972359895706177,,1.8972359895706177,
1185,9487,,,-2.1948044300079346,,2.1948044300079346,
1186,9495,,,-2.084000825881958,,2.084000825881958,
1187,9499,,,,-8.597041130065918,,8.597041130065918
1187,9503,,,-2.2223012447357178,,2.2223012447357178,
1188,9511,,,-2.1219897270202637,,2.1219897270202637,
1189,9519,,,-2.0543930530548096,,2.0543930530548096,
1190,9527,,,-2.2307753562927246,,2.2307753562927246,
1191,9535,,,-2.625553607940674,,2.625553607940674,
1192,9543,,,-1.7590978145599365,,1.7590978145599365,
1193,9549,,,,-1.7401599884033203,,1.7401599884033203
1193,9551,,,-2.184445858001709,,2.184445858001709,
1194,9559,,,-2.2822377681732178,,2.2822377681732178,
1195,9567,,,-2.205322265625,,2.205322265625,
1196,9575,,,-1.89900541305542,,1.89900541305542,
1197,9583,,,-2.482414960861206,,2.482414960861206,
1198,9591,,,-2.854800224304199,,2.854800224304199,
1199,9599,,,,-6.900193214416504,,6.900193214416504
1199,9599,,,-2.543678045272827,,2.543678045272827,
1200,9607,,,-2.5249760150909424,,2.5249760150909424,
1201,9615,,,-2.473691701889038,,2.473691701889038,
1202,9623,,,-1.9443368911743164,,1.9443368911743164,
1203,9631,,,-2.6034860610961914,,2.6034860610961914,
1204,9639,,,-2.4721083641052246,,2.4721083641052246,
1205,9647,,,-2.000361442565918,,2.000361442565918,
1206,9649,,,,-5.028668403625488,,5.028668403625488
1206,9655,,,-2.4138522148132324,,2.4138522148132324,
1207,9663,,,-2.1960015296936035,,2.1960015296936035,
1208,9671,,,-2.7120702266693115,,2.7120702266693115,
1209,9679,,,-2.198160409927368,,2.198160409927368,
1210,9687,,,-2.45403790473938,,2.45403790473938,
1211,9695,,,-2.5418808460235596,,2.5418808460235596,
1212,9699,,,,-1.0940561294555664,,1.0940561294555664
1212,9703,,,-2.4620978832244873,,2.4620978832244873,
1213,9711,,,-2.4417757987976074,,2.4417757987976074,
1214,9719,,,-2.759713888168335,,2.759713888168335,
1215,9727,,,-2.4507899284362793,,2.4507899284362793,
1216,9735,,,-2.0201714038848877,,2.0201714038848877,
1217,9743,,,-2.3227133750915527,,2.3227133750915527,
1218,9749,,,,-8.525650978088379,,8.525650978088379
1218,9751,,,-2.205515146255493,,2.205515146255493,
1219,9759,,,-2.5129151344299316,,2.5129151344299316,
1220,9767,,,-1.9485738277435303,,1.9485738277435303,
1221,9775,,,-2.0218544006347656,,2.0218544006347656,
1222,9783,,,-2.6973190307617188,,2.6973190307617188,
1223,9791,,,-2.451054811477661,,2.451054811477661,
1224,9799,,,,-3.6488828659057617,,3.6488828659057617
1224,9799,,,-2.0650877952575684,,2.0650877952575684,
1225,9807,,,-2.9857258796691895,,2.9857258796691895,
1226,9815,,,-2.573598623275757,,2.573598623275757,
1227,9823,,,-2.0696942806243896,,2.0696942806243896,
1228,9831,,,-2.590684175491333,,2.590684175491333,
1229,9839,,,-2.487725257873535,,2.487725257873535,
1230,9847,,,-2.3275742530822754,,2.3275742530822754,
1231,9849,,,,-6.620589256286621,,6.620589256286621
1231,9855,,,-2.3584728240966797,,2.3584728240966797,
1232,9863,,,-2.615830183029175,,2.615830183029175,
1233,9871,,,-2.711271286010742,,2.711271286010742,
1234,9879,,,-2.316063404083252,,2.316063404083252,
1235,9887,,,-2.802687644958496,,2.802687644958496,
1236,9895,,,-2.648587465286255,,2.648587465286255,
1237,9899,,,,-0.1993408203125,,0.1993408203125
1237,9903,,,-2.5522918701171875,,2.5522918701171875,
1238,9911,,,-2.270484685897827,,2.270484685897827,
1239,9919,,,-2.1525468826293945,,2.1525468826293945,
1240,9927,,,-2.5304605960845947,,2.5304605960845947,
1241,9935,,,-2.2496304512023926,,2.2496304512023926,
1242,9943,,,-2.927899122238159,,2.927899122238159,
1243,9949,,,,-2.9983482360839844,,2.9983482360839844
1243,9951,,,-2.3540780544281006,,2.3540780544281006,
1244,9959,,,-2.3158187866210938,,2.3158187866210938,
1245,9967,,,-2.48097562789917,,2.48097562789917,
1246,9975,,,-2.9288957118988037,,2.9288957118988037,
1247,9983,,,-2.585569143295288,,2.585569143295288,
1248,9991,,,-2.436805009841919,,2.436805009841919,
1249,9999,,,,-1.8986892700195312,,1.8986892700195312
1249,9999,,,-2.2100069522857666,,2.2100069522857666,
1250,10007,,,-2.3986895084381104,,2.3986895084381104,
1251,10015,,,-2.338547706604004,,2.338547706604004,
1252,10023,,,-2.646044969558716,,2.646044969558716,
1253,10031,,,-2.4683263301849365,,2.4683263301849365,
1254,10039,,,-2.4221701622009277,,2.4221701622009277,
1255,10047,,,-2.035784959793091,,2.035784959793091,
1256,10049,,,,-8.809563636779785,,8.809563636779785
1256,10055,,,-2.9296066761016846,,2.9296066761016846,
1257,10063,,,-2.5803089141845703,,2.5803089141845703,
1258,10071,,,-2.3955495357513428,,2.3955495357513428,
1259,10079,,,-2.817141056060791,,2.817141056060791,
1260,10087,,,-2.54618239402771,,2.54618239402771,
1261,10095,,,-2.9783260822296143,,2.9783260822296143,
1262,10099,,,,-0.9691877365112305,,0.9691877365112305
1262,10103,,,-1.9347535371780396,,1.9347535371780396,
1263,10111,,,-2.860499143600464,,2.860499143600464,
1264,10119,,,-2.080186367034912,,2.080186367034912,
1265,10127,,,-2.5935590267181396,,2.5935590267181396,
1266,10135,,,-2.735400915145874,,2.735400915145874,
1267,10143,,,-2.327176332473755,,2.327176332473755,
1268,10149,,,,-4.172323226928711,,4.172323226928711
1268,10151,,,-2.367408037185669,,2.367408037185669,
1269,10159,,,-2.669856548309326,,2.669856548309326,
1270,10167,,,-2.418076992034912,,2.418076992034912,
1271,10175,,,-2.597914934158325,,2.597914934158325,
1272,10183,,,-2.2755653858184814,,2.2755653858184814,
1273,10191,,,-2.383115768432617,,2.383115768432617,
1274,10199,,,,-1.6105890274047852,,1.6105890274047852
1274,10199,,,-2.2420010566711426,,2.2420010566711426,
1275,10207,,,-2.7379910945892334,,2.7379910945892334,
1276,10215,,,-2.2462949752807617,,2.2462949752807617,
1277,10223,,,-2.791499137878418,,2.791499137878418,
1278,10231,,,-2.6033082008361816,,2.6033082008361816,
1279,10239,,,-2.3984375,,2.3984375,
1280,10247,,,-2.687485933303833,,2.687485933303833,
1281,10249,,,,-1.329115867614746,,1.329115867614746
1281,10255,,,-2.4543094635009766,,2.4543094635009766,
1282,10263,,,-2.5770108699798584,,2.5770108699798584,
1283,10271,,,-2.122145891189575,,2.122145891189575,
1284,10279,,,-2.43656063079834,,2.43656063079834,
1285,10287,,,-2.470763683319092,,2.470763683319092,
1286,10295,,,-2.3004002571105957,,2.3004002571105957,
1287,10299,,,,-3.1000404357910156,,3.1000404357910156
1287,10303,,,-2.2772881984710693,,2.2772881984710693,
1288,10311,,,-2.848337411880493,,2.848337411880493,
1289,10319,,,-2.9302635192871094,,2.9302635192871094,
1290,10327,,,-2.3595829010009766,,2.3595829010009766,
1291,10335,,,-2.612327814102173,,2.612327814102173,
1292,10343,,,-2.265756607055664,,2.265756607055664,
1293,10349,,,,-5.526608467102051,,5.526608467102051
1293,10351,,,-2.7235496044158936,,2.7235496044158936,
1294,10359,,,-2.60628604888916,,2.60628604888916,
1295,10367,,,-2.796919345855713,,2.796919345855713,
1296,10375,,,-2.749997854232788,,2.749997854232788,
1297,10383,,,-2.5601823329925537,,2.5601823329925537,
1298,10391,,,-2.3080759048461914,,2.3080759048461914,
1299,10399,,,,-0.7129497528076172,,0.7129497528076172
1299,10399,,,-2.4645984172821045,,2.4645984172821045,
1300,10407,,,-1.7083148956298828,,1.7083148956298828,
1301,10415,,,-2.697490692138672,,2.697490692138672,
1302,10423,,,-2.1792197227478027,,2.1792197227478027,
1303,10431,,,-3.1263606548309326,,3.1263606548309326,
1304,10439,,,-2.655327796936035,,2.655327796936035,
1305,10447,,,-3.0376031398773193,,3.0376031398773193,
1306,10449,,,,-2.4478912353515625,,2.4478912353515625
1306,10455,,,-2.5523016452789307,,2.5523016452789307,
1307,10463,,,-2.8856875896453857,,2.8856875896453857,
1308,10471,,,-2.5686469078063965,,2.5686469078063965,
1309,10479,,,-2.408853054046631,,2.408853054046631,
1310,10487,,,-2.7866103649139404,,2.7866103649139404,
1311,10495,,,-2.478151559829712,,2.478151559829712,
1312,10499,,,,-2.4041690826416016,,2.4041690826416016
1312,10503,,,-3.0967037677764893,,3.0967037677764893,
1313,10511,,,-3.302513360977173,,3.302513360977173,
1314,10519,,,-2.897301435470581,,2.897301435470581,
1315,10527,,,-3.6060664653778076,,3.6060664653778076,
1316,10535,,,-2.020796537399292,,2.020796537399292,
1317,10543,,,-3.0326414108276367,,3.0326414108276367,
1318,10549,,,,-1.8767509460449219,,1.8767509460449219
1318,10551,,,-2.9494686126708984,,2.9494686126708984,
1319,10559,,,-2.7136290073394775,,2.7136290073394775,
1320,10567,,,-2.836771011352539,,2.836771011352539,
1321,10575,,,-2.618356227874756,,2.618356227874756,
1322,10583,,,-2.1963162422180176,,2.1963162422180176,
1323,10591,,,-2.832756519317627,,2.832756519317627,
1324,10599,,,,-9.058491706848145,,9.058491706848145
1324,10599,,,-2.581188201904297,,2.581188201904297,
1325,10607,,,-2.3727755546569824,,2.3727755546569824,
1326,10615,,,-2.799708127975464,,2.799708127975464,
1327,10623,,,-2.4551303386688232,,2.4551303386688232,
1328,10631,,,-2.4789633750915527,,2.4789633750915527,
1329,10639,,,-2.4537837505340576,,2.4537837505340576,
1330,10647,,,-2.9193053245544434,,2.9193053245544434,
1331,10649,,,,-3.1050796508789062,,3.1050796508789062
1331,10655,,,-2.549489736557007,,2.549489736557007,
1332,10663,,,-2.6298463344573975,,2.6298463344573975,
1333,10671,,,-2.3281421661376953,,2.3281421661376953,
1334,10679,,,-2.7212941646575928,,2.7212941646575928,
1335,10687,,,-2.802963972091675,,2.802963972091675,
1336,10695,,,-2.548037052154541,,2.548037052154541,
1337,10699,,,,-1.2809123992919922,,1.2809123992919922
1337,10703,,,-2.7059550285339355,,2.7059550285339355,
1338,10711,,,-2.409878969192505,,2.409878969192505,
1339,10719,,,-2.893366575241089,,2.893366575241089,
1340,10727,,,-2.748335599899292,,2.748335599899292,
1341,10735,,,-2.805067300796509,,2.805067300796509,
1342,10743,,,-2.615391731262207,,2.615391731262207,
1343,10749,,,,-8.113247871398926,,8.113247871398926
1343,10751,,,-2.5800957679748535,,2.5800957679748535,
1344,10759,,,-2.6065828800201416,,2.6065828800201416,
1345,10767,,,-2.560103178024292,,2.560103178024292,
1346,10775,,,-2.639735221862793,,2.639735221862793,
1347,10783,,,-2.483065366744995,,2.483065366744995,
1348,10791,,,-3.025624990463257,,3.025624990463257,
1349,10799,,,,-1.0011653900146484,,1.0011653900146484
1349,10799,,,-2.616410970687866,,2.616410970687866,
1350,10807,,,-2.466095447540283,,2.466095447540283,
1351,10815,,,-2.8790576457977295,,2.8790576457977295,
1352,10823,,,-3.411097764968872,,3.411097764968872,
1353,10831,,,-2.5863864421844482,,2.5863864421844482,
1354,10839,,,-2.769788980484009,,2.769788980484009,
1355,10847,,,-2.30053448677063,,2.30053448677063,
1356,10849,,,,-3.3337268829345703,,3.3337268829345703
1356,10855,,,-2.8109147548675537,,2.8109147548675537,
1357,10863,,,-1.9654706716537476,,1.9654706716537476,
1358,10871,,,-2.3301408290863037,,2.3301408290863037,
1359,10879,,,-2.2692220211029053,,2.2692220211029053,
1360,10887,,,-2.5900440216064453,,2.5900440216064453,
1361,10895,,,-2.873117685317993,,2.873117685317993,
1362,10899,,,,-1.8622922897338867,,1.8622922897338867
1362,10903,,,-2.391376256942749,,2.391376256942749,
1363,10911,,,-2.3669252395629883,,2.3669252395629883,
1364,10919,,,-2.687988758087158,,2.687988758087158,
1365,10927,,,-2.2000255584716797,,2.2000255584716797,
1366,10935,,,-2.1299641132354736,,2.1299641132354736,
1367,10943,,,-2.1936967372894287,,2.1936967372894287,
1368,10949,,,,0.5796890258789062,,-0.5796890258789062
1368,10951,,,-1.9181066751480103,,1.9181066751480103,
1369,10959,,,-2.644400119781494,,2.644400119781494,
1370,10967,,,-2.6991055011749268,,2.6991055011749268,
1371,10975,,,-2.4918761253356934,,2.4918761253356934,
1372,10983,,,-1.7952131032943726,,1.7952131032943726,
1373,10991,,,-2.490243673324585,,2.490243673324585,
1374,10999,,,,-2.513631820678711,,2.513631820678711
1374,10999,,,-2.4367799758911133,,2.4367799758911133,
1375,11007,,,-2.5121095180511475,,2.5121095180511475,
1376,11015,,,-2.586867570877075,,2.586867570877075,
1377,11023,,,-1.769087314605713,,1.769087314605713,
1378,11031,,,-2.480379819869995,,2.480379819869995,
1379,11039,,,-2.3637142181396484,,2.3637142181396484,
1380,11047,,,-2.1752936840057373,,2.1752936840057373,
1381,11049,,,,-3.9178857803344727,,3.9178857803344727
1381,11055,,,-2.5656182765960693,,2.5656182765960693,
1382,11063,,,-2.2309720516204834,,2.2309720516204834,
1383,11071,,,-2.18757700920105,,2.18757700920105,
1384,11079,,,-2.529597520828247,,2.529597520828247,
1385,11087,,,-1.736081600189209,,1.736081600189209,
1386,11095,,,-2.3288421630859375,,2.3288421630859375,
1387,11099,,,,-2.1864423751831055,,2.1864423751831055
1387,11103,,,-2.349421739578247,,2.349421739578247,
1388,11111,,,-2.4140772819519043,,2.4140772819519043,
1389,11119,,,-2.401259183883667,,2.401259183883667,
1390,11127,,,-2.2779557704925537,,2.2779557704925537,
1391,11135,,,-2.4785075187683105,,2.4785075187683105,
1392,11143,,,-1.7675114870071411,,1.7675114870071411,
1393,11149,,,,-1.5212297439575195,,1.5212297439575195
1393,11151,,,-2.1925911903381348,,2.1925911903381348,
1394,11159,,,-1.9774359464645386,,1.9774359464645386,
1395,11167,,,-2.3003242015838623,,2.3003242015838623,
1396,11175,,,-1.9602047204971313,,1.9602047204971313,
1397,11183,,,-1.9262909889221191,,1.9262909889221191,
1398,11191,,,-1.6929335594177246,,1.6929335594177246,
1399,11199,,,,-0.6676826477050781,,0.6676826477050781
1399,11199,,,-2.402017116546631,,2.402017116546631,
1400,11207,,,-2.40763783454895,,2.40763783454895,
1401,11215,,,-2.2157280445098877,,2.2157280445098877,
1402,11223,,,-1.9424160718917847,,1.9424160718917847,
1403,11231,,,-2.292667865753174,,2.292667865753174,
1404,11239,,,-1.9947301149368286,,1.9947301149368286,
1405,11247,,,-1.7212473154067993,,1.7212473154067993,
1406,11249,,,,0.23886489868164062,,-0.23886489868164062
1406,11255,,,-1.793974757194519,,1.793974757194519,
1407,11263,,,-1.4213476181030273,,1.4213476181030273,
1408,11271,,,-1.9749683141708374,,1.9749683141708374,
1409,11279,,,-1.8135818243026733,,1.8135818243026733,
1410,11287,,,-1.8978230953216553,,1.8978230953216553,
1411,11295,,,-1.8244901895523071,,1.8244901895523071,
1412,11299,,,,-1.2711191177368164,,1.2711191177368164
1412,11303,,,-2.330256938934326,,2.330256938934326,
1413,11311,,,-2.192152976989746,,2.192152976989746,
1414,11319,,,-1.9872033596038818,,1.9872033596038818,
1415,11327,,,-1.7683570384979248,,1.7683570384979248,
1416,11335,,,-1.5959570407867432,,1.5959570407867432,
1417,11343,,,-2.078044891357422,,2.078044891357422,
1418,11349,,,,-0.4445505142211914,,0.4445505142211914
1418,11351,,,-1.9933815002441406,,1.9933815002441406,
1419,11359,,,-2.2864575386047363,,2.2864575386047363,
1420,11367,,,-2.1662046909332275,,2.1662046909332275,
1421,11375,,,-1.8317619562149048,,1.8317619562149048,
1422,11383,,,-1.8356902599334717,,1.8356902599334717,
1423,11391,,,-1.6756916046142578,,1.6756916046142578,
1424,11399,,,,0.914982795715332,,-0.914982795715332
1424,11399,,,-2.026951551437378,,2.026951551437378,
1425,11407,,,-1.6444783210754395,,1.6444783210754395,
1426,11415,,,-2.0896599292755127,,2.0896599292755127,
1427,11423,,,-1.8951023817062378,,1.8951023817062378,
1428,11431,,,-1.3954520225524902,,1.3954520225524902,
1429,11439,,,-1.9889274835586548,,1.9889274835586548,
1430,11447,,,-1.7757388353347778,,1.7757388353347778,
1431,11449,,,,-0.1014547348022461,,0.1014547348022461
1431,11455,,,-1.586245059967041,,1.586245059967041,
1432,11463,,,-1.8601120710372925,,1.8601120710372925,
1433,11471,,,-1.6390784978866577,,1.6390784978866577,
1434,11479,,,-1.853118896484375,,1.853118896484375,
1435,11487,,,-1.7994822263717651,,1.7994822263717651,
1436,11495,,,-2.1875078678131104,,2.1875078678131104,
1437,11499,,,,-0.9966859817504883,,0.9966859817504883
1437,11503,,,-1.7874318361282349,,1.7874318361282349,
1438,11511,,,-1.827284574508667,,1.827284574508667,
1439,11519,,,-1.414829969406128,,1.414829969406128,
1440,11527,,,-1.5830599069595337,,1.5830599069595337,
1441,11535,,,-1.389644742012024,,1.389644742012024,
1442,11543,,,-1.446487545967102,,1.446487545967102,
1443,11549,,,,-1.6192412376403809,,1.6192412376403809
1443,11551,,,-1.9974099397659302,,1.9974099397659302,
1444,11559,,,-1.3020216226577759,,1.3020216226577759,
1445,11567,,,-1.6435571908950806,,1.6435571908950806,
1446,11575,,,-1.7636834383010864,,1.7636834383010864,
1447,11583,,,-1.5425212383270264,,1.5425212383270264,
1448,11591,,,-1.8792273998260498,,1.8792273998260498,
1449,11599,,,,-2.6948599815368652,,2.6948599815368652
1449,11599,,,-1.35613214969635,,1.35613214969635,
1450,11607,,,-1.3433938026428223,,1.3433938026428223,
1451,11615,,,-1.4684672355651855,,1.4684672355651855,
1452,11623,,,-1.4197787046432495,,1.4197787046432495,
1453,11631,,,-1.4397497177124023,,1.4397497177124023,
1454,11639,,,-1.3980215787887573,,1.3980215787887573,
1455,11647,,,-1.3891102075576782,,1.3891102075576782,
1456,11649,,,,-2.5870022773742676,,2.5870022773742676
1456,11655,,,-1.50775146484375,,1.50775146484375,
1457,11663,,,-1.2257720232009888,,1.2257720232009888,
1458,11671,,,-1.4581172466278076,,1.4581172466278076,
1459,11679,,,-1.5947630405426025,,1.5947630405426025,
1460,11687,,,-1.4742330312728882,,1.4742330312728882,
1461,11695,,,-1.5597732067108154,,1.5597732067108154,
1462,11699,,,,-1.3452186584472656,,1.3452186584472656
1462,11703,,,-1.7598971128463745,,1.7598971128463745,
1463,11711,,,-1.4067693948745728,,1.4067693948745728,
1464,11719,,,-1.4917696714401245,,1.4917696714401245,
1465,11727,,,-1.3981415033340454,,1.3981415033340454,
1466,11735,,,-1.4485896825790405,,1.4485896825790405,
1467,11743,,,-1.2057998180389404,,1.2057998180389404,
1468,11749,,,,-0.35851240158081055,,0.35851240158081055
1468,11751,,,-1.4251337051391602,,1.4251337051391602,
1469,11759,,,-1.3595688343048096,,1.3595688343048096,
1470,11767,,,-1.3471627235412598,,1.3471627235412598,
1471,11775,,,-1.4326245784759521,,1.4326245784759521,
1472,11783,,,-1.1988188028335571,,1.1988188028335571,
1473,11791,,,-1.014169692993164,,1.014169692993164,
1474,11799,,,,-1.1514720916748047,,1.1514720916748047
1474,11799,,,-1.2629868984222412,,1.2629868984222412,
1475,11807,,,-1.2506197690963745,,1.2506197690963745,
1476,11815,,,-1.2480530738830566,,1.2480530738830566,
1477,11823,,,-1.5736922025680542,,1.5736922025680542,
1478,11831,,,-1.2389472723007202,,1.2389472723007202,
1479,11839,,,-1.3475719690322876,,1.3475719690322876,
1480,11847,,,-1.16189706325531,,1.16189706325531,
1481,11849,,,,-0.9637765884399414,,0.9637765884399414
1481,11855,,,-1.0614745616912842,,1.0614745616912842,
1482,11863,,,-1.081875205039978,,1.081875205039978,
1483,11871,,,-1.2076388597488403,,1.2076388597488403,
1484,11879,,,-1.3318809270858765,,1.3318809270858765,
1485,11887,,,-1.0000057220458984,,1.0000057220458984,
1486,11895,,,-1.0109364986419678,,1.0109364986419678,
1487,11899,,,,-0.1843852996826172,,0.1843852996826172
1487,11903,,,-1.086745262145996,,1.086745262145996,
1488,11911,,,-1.1460996866226196,,1.1460996866226196,
1489,11919,,,-1.0547922849655151,,1.0547922849655151,
1490,11927,,,-0.9593762755393982,,0.9593762755393982,
1491,11935,,,-1.2567516565322876,,1.2567516565322876,
1492,11943,,,-0.9962629079818726,,0.9962629079818726,
1493,11949,,,,0.3880500793457031,,-0.3880500793457031
1493,11951,,,-1.0405020713806152,,1.0405020713806152,
1494,11959,,,-1.163867473602295,,1.163867473602295,
1495,11967,,,-1.2247225046157837,,1.2247225046157837,
1496,11975,,,-1.0503294467926025,,1.0503294467926025,
1497,11983,,,-0.9716203808784485,,0.9716203808784485,
1498,11991,,,-0.9852262735366821,,0.9852262735366821,
1499,11999,,,,0.8391118049621582,,-0.8391118049621582
1499,11999,,,-0.8264131546020508,,0.8264131546020508,
1500,12007,,,-1.0025227069854736,,1.0025227069854736,
1501,12015,,,-1.0295112133026123,,1.0295112133026123,
1502,12023,,,-1.042669653892517,,1.042669653892517,
1503,12031,,,-0.9726368188858032,,0.9726368188858032,
1504,12039,,,-0.9260954260826111,,0.9260954260826111,
1505,12047,,,-0.9191949963569641,,0.9191949963569641,
1506,12049,,,,-0.06064581871032715,,0.06064581871032715
1506,12055,,,-1.011920690536499,,1.011920690536499,
1507,12063,,,-0.8916988968849182,,0.8916988968849182,
1508,12071,,,-1.0165127515792847,,1.0165127515792847,
1509,12079,,,-0.7180036902427673,,0.7180036902427673,
1510,12087,,,-0.8268269300460815,,0.8268269300460815,
1511,12095,,,-0.8922653198242188,,0.8922653198242188,
1512,12099,,,,-0.006003141403198242,,0.006003141403198242
1512,12103,,,-0.861761212348938,,0.861761212348938,
1513,12111,,,-0.6959889531135559,,0.6959889531135559,
1514,12119,,,-0.5917667746543884,,0.5917667746543884,
1515,12127,,,-0.8899185657501221,,0.8899185657501221,
1516,12135,,,-0.7359859347343445,,0.7359859347343445,
1517,12143,,,-0.9306925535202026,,0.9306925535202026,
1518,12149,,,,-0.4106830358505249,,0.4106830358505249
1518,12151,,,-0.7422728538513184,,0.7422728538513184,
1519,12159,,,-0.838287889957428,,0.838287889957428,
1520,12167,,,-0.718704104423523,,0.718704104423523,
1521,12175,,,-0.8232496380805969,,0.8232496380805969,
1522,12183,,,-0.5871384143829346,,0.5871384143829346,
1523,12191,,,-0.7848331332206726,,0.7848331332206726,
1524,12199,,,,-2.0882136821746826,,2.0882136821746826
1524,12199,,,-0.6863095760345459,,0.6863095760345459,
1525,12207,,,-0.610318660736084,,0.610318660736084,
1526,12215,,,-0.6258334517478943,,0.6258334517478943,
1527,12223,,,-0.6626359820365906,,0.6626359820365906,
1528,12231,,,-0.5677018761634827,,0.5677018761634827,
1529,12239,,,-0.5560207366943359,,0.5560207366943359,
1530,12247,,,-0.6906737089157104,,0.6906737089157104,
1531,12249,,,,-1.8641968965530396,,1.8641968965530396
1531,12255,,,-0.6279409527778625,,0.6279409527778625,
1532,12263,,,-0.6632084250450134,,0.6632084250450134,
1533,12271,,,-0.4526108503341675,,0.4526108503341675,
1534,12279,,,-0.5466493368148804,,0.5466493368148804,
1535,12287,,,-0.5826674699783325,,0.5826674699783325,
1536,12295,,,-0.5472062230110168,,0.5472062230110168,
1537,12299,,,,-0.017039775848388672,,0.017039775848388672
1537,12303,,,-0.4835818409919739,,0.4835818409919739,
1538,12311,,,-0.5546544194221497,,0.5546544194221497,
1539,12319,,,-0.502987802028656,,0.502987802028656,
1540,12327,,,-0.5134647488594055,,0.5134647488594055,
1541,12335,,,-0.5107141733169556,,0.5107141733169556,
1542,12343,,,-0.5702656507492065,,0.5702656507492065,
1543,12349,,,,-0.07663172483444214,,0.07663172483444214
1543,12351,,,-0.49659463763237,,0.49659463763237,
1544,12359,,,-0.423047810792923,,0.423047810792923,
1545,12367,,,-0.45646390318870544,,0.45646390318870544,
1546,12375,,,-0.4129507839679718,,0.4129507839679718,
1547,12383,,,-0.4654024839401245,,0.4654024839401245,
1548,12391,,,-0.4136504828929901,,0.4136504828929901,
1549,12399,,,,-0.33133959770202637,,0.33133959770202637
1549,12399,,,-0.3657396137714386,,0.3657396137714386,
1550,12407,,,-0.3830650746822357,,0.3830650746822357,
1551,12415,,,-0.38273677229881287,,0.38273677229881287,
1552,12423,,,-0.37367957830429077,,0.37367957830429077,
1553,12431,,,-0.33568713068962097,,0.33568713068962097,
1554,12439,,,-0.3571491837501526,,0.3571491837501526,
1555,12447,,,-0.3366639018058777,,0.3366639018058777,
1556,12449,,,,0.029372364282608032,,-0.029372364282608032
1556,12455,,,-0.34456101059913635,,0.34456101059913635,
1557,12463,,,-0.319713830947876,,0.319713830947876,
1558,12471,,,-0.2942253649234772,,0.2942253649234772,
1559,12479,,,-0.2951308488845825,,0.2951308488845825,
1560,12487,,,-0.2707793116569519,,0.2707793116569519,
1561,12495,,,-0.2694941759109497,,0.2694941759109497,
1562,12499,,,,-0.15554726123809814,,0.15554726123809814
1562,12503,,,-0.25377726554870605,,0.25377726554870605,
1563,12511,,,-0.24311353266239166,,0.24311353266239166,
1564,12519,,,-0.23498012125492096,,0.23498012125492096,
1565,12527,,,-0.21568486094474792,,0.21568486094474792,
1566,12535,,,-0.20905712246894836,,0.20905712246894836,
1567,12543,,,-0.1971113383769989,,0.1971113383769989,
1568,12549,,,,-0.12719786167144775,,0.12719786167144775
1568,12551,,,-0.18837958574295044,,0.18837958574295044,
1569,12559,,,-0.17986543476581573,,0.17986543476581573,
1570,12567,,,-0.1699930727481842,,0.1699930727481842,
1571,12575,,,-0.1597355157136917,,0.1597355157136917,
1572,12583,,,-0.14928129315376282,,0.14928129315376282,
1573,12591,,,-0.13813260197639465,,0.13813260197639465,
1574,12599,,,,-0.11391353607177734,,0.11391353607177734
1574,12599,,,-0.12706220149993896,,0.12706220149993896,
1575,12607,,,-0.1161368191242218,,0.1161368191242218,
1576,12615,,,-0.1045941412448883,,0.1045941412448883,
1577,12623,,,-0.09197051078081131,,0.09197051078081131,
1578,12631,,,-0.0791257843375206,,0.0791257843375206,
1579,12639,,,-0.06664052605628967,,0.06664052605628967,
1580,12647,,,-0.05435856804251671,,0.05435856804251671,
1581,12649,,,,-0.04360556602478027,,0.04360556602478027
1581,12655,,,-0.04229217767715454,,0.04229217767715454,
1582,12663,,,-0.03070533089339733,,0.03070533089339733,
1583,12671,,,-0.019733430817723274,,0.019733430817723274,
1584,12679,,,-0.009205341339111328,,0.009205341339111328,
1585,12687,,,0.0007096230983734131,,-0.0007096230983734131,
1586,12695,,,0.010105997323989868,,-0.010105997323989868,
1587,12699,,,,0.018833160400390625,,-0.018833160400390625
1587,12703,,,0.018932759761810303,,-0.018932759761810303,
1588,12711,,,0.027162641286849976,,-0.027162641286849976,
1589,12719,,,0.034968432039022446,,-0.034968432039022446,
1590,12727,,,0.0422111451625824,,-0.0422111451625824,
1591,12735,,,0.04908150061964989,,-0.04908150061964989,
1592,12743,,,0.05542570352554321,,-0.05542570352554321,
1593,12749,,,,0.058469533920288086,,-0.058469533920288086
1593,12751,,,0.06138259172439575,,-0.06138259172439575,
1594,12759,,,0.06702178716659546,,-0.06702178716659546,
1595,12767,,,0.07234951853752136,,-0.07234951853752136,
1596,12775,,,0.07729747891426086,,-0.07729747891426086,
1597,12783,,,0.08204841613769531,,-0.08204841613769531,
1598,12791,,,0.08644231408834457,,-0.08644231408834457,
1599,12799,,,,0.09571433067321777,,-0.09571433067321777
1599,12799,,,0.09064988046884537,,-0.09064988046884537,
1600,12807,,,0.09457821398973465,,-0.09457821398973465,
1601,12815,,,0.09830570966005325,,-0.09830570966005325,
1602,12823,,,0.10188010334968567,,-0.10188010334968567,
1603,12831,,,0.10522783547639847,,-0.10522783547639847,
1604,12839,,,0.10845739394426346,,-0.10845739394426346,
1605,12847,,,0.1115226224064827,,-0.1115226224064827,
1606,12849,,,,0.1186380386352539,,-0.1186380386352539
1606,12855,,,0.11445403099060059,,-0.11445403099060059,
1607,12863,,,0.11721658706665039,,-0.11721658706665039,
1608,12871,,,0.11989295482635498,,-0.11989295482635498,
1609,12879,,,0.12243122607469559,,-0.12243122607469559,
1610,12887,,,0.12488973140716553,,-0.12488973140716553,
1611,12895,,,0.12720465660095215,,-0.12720465660095215,
1612,12899,,,,0.1212921142578125,,-0.1212921142578125
1612,12903,,,0.1294214129447937,,-0.1294214129447937,
1613,12911,,,0.1315940022468567,,-0.1315940022468567,
1614,12919,,,0.13367605209350586,,-0.13367605209350586,
1615,12927,,,0.13567012548446655,,-0.13567012548446655,
1616,12935,,,0.137621209025383,,-0.137621209025383,
1617,12943,,,0.13948333263397217,,-0.13948333263397217,
1618,12949,,,,0.1398930549621582,,-0.1398930549621582
1618,12951,,,0.1412726491689682,,-0.1412726491689682,
1619,12959,,,0.14299970865249634,,-0.14299970865249634,
1620,12967,,,0.14469687640666962,,-0.14469687640666962,
1621,12975,,,0.14633089303970337,,-0.14633089303970337,
1622,12983,,,0.1478884220123291,,-0.1478884220123291,
1623,12991,,,0.14945632219314575,,-0.14945632219314575,
1624,12999,,,,0.15314483642578125,,-0.15314483642578125
1624,12999,,,0.15093903243541718,,-0.15093903243541718,
1625,13007,,,0.15236133337020874,,-0.15236133337020874,
1626,13015,,,0.15383051335811615,,-0.15383051335811615,
1627,13023,,,0.15519112348556519,,-0.15519112348556519,
1628,13031,,,0.15654945373535156,,-0.15654945373535156,
1629,13039,,,0.1578359603881836,,-0.1578359603881836,
1630,13047,,,0.15918034315109253,,-0.15918034315109253,
1631,13049,,,,0.16325950622558594,,-0.16325950622558594
1631,13055,,,0.16035956144332886,,-0.16035956144332886,
1632,13063,,,0.16151505708694458,,-0.16151505708694458,
1633,13071,,,0.16273514926433563,,-0.16273514926433563,
1634,13079,,,0.16386055946350098,,-0.16386055946350098,
1635,13087,,,0.1649826169013977,,-0.1649826169013977,
1636,13095,,,0.16609710454940796,,-0.16609710454940796,
1637,13099,,,,0.1690669059753418,,-0.1690669059753418
1637,13103,,,0.1671966314315796,,-0.1671966314315796,
1638,13111,,,0.1682308316230774,,-0.1682308316230774,
1639,13119,,,0.16929684579372406,,-0.16929684579372406,
1640,13127,,,0.17030487954616547,,-0.17030487954616547,
1641,13135,,,0.17131876945495605,,-0.17131876945495605,
1642,13143,,,0.17231988906860352,,-0.17231988906860352,
1643,13149,,,,0.1697840690612793,,-0.1697840690612793
1643,13151,,,0.17326809465885162,,-0.17326809465885162,
1644,13159,,,0.1742120385169983,,-0.1742120385169983,
1645,13167,,,0.17516475915908813,,-0.17516475915908813,
1646,13175,,,0.17610102891921997,,-0.17610102891921997,
1647,13183,,,0.177040234208107,,-0.177040234208107,
1648,13191,,,0.17795330286026,,-0.17795330286026,
1649,13199,,,,0.17853307723999023,,-0.17853307723999023
1649,13199,,,0.17871510982513428,,-0.17871510982513428,
1650,13207,,,0.17959176003932953,,-0.17959176003932953,
1651,13215,,,0.18047326803207397,,-0.18047326803207397,
1652,13223,,,0.1812596470117569,,-0.1812596470117569,
1653,13231,,,0.18209882080554962,,-0.18209882080554962,
1654,13239,,,0.18286363780498505,,-0.18286363780498505,
1655,13247,,,0.18367071449756622,,-0.18367071449756622,
1656,13249,,,,0.18508338928222656,,-0.18508338928222656
1656,13255,,,0.18442924320697784,,-0.18442924320697784,
1657,13263,,,0.18519048392772675,,-0.18519048392772675,
1658,13271,,,0.18596923351287842,,-0.18596923351287842,
1659,13279,,,0.1867104321718216,,-0.1867104321718216,
1660,13287,,,0.18744033575057983,,-0.18744033575057983,
1661,13295,,,0.18815994262695312,,-0.18815994262695312,
1662,13299,,,,0.19621706008911133,,-0.19621706008911133
1662,13303,,,0.1888660341501236,,-0.1888660341501236,
1663,13311,,,0.18959105014801025,,-0.18959105014801025,
1664,13319,,,0.19022305309772491,,-0.19022305309772491,
1665,13327,,,0.19092684984207153,,-0.19092684984207153,
1666,13335,,,0.1916176825761795,,-0.1916176825761795,
1667,13343,,,0.19226212799549103,,-0.19226212799549103,
1668,13349,,,,0.19406843185424805,,-0.19406843185424805
1668,13351,,,0.19292914867401123,,-0.19292914867401123,
1669,13359,,,0.19348859786987305,,-0.19348859786987305,
1670,13367,,,0.19414418935775757,,-0.19414418935775757,
1671,13375,,,0.19475078582763672,,-0.19475078582763672,
1672,13383,,,0.1953270435333252,,-0.1953270435333252,
1673,13391,,,0.19594264030456543,,-0.19594264030456543,
1674,13399,,,,0.20198440551757812,,-0.20198440551757812
1674,13399,,,0.19649076461791992,,-0.19649076461791992,
1675,13407,,,0.1970924735069275,,-0.1970924735069275,
1676,13415,,,0.19763696193695068,,-0.19763696193695068,
1677,13423,,,0.19825679063796997,,-0.19825679063796997,
1678,13431,,,0.1987217217683792,,-0.1987217217683792,
1679,13439,,,0.1992906928062439,,-0.1992906928062439,
1680,13447,,,0.1997632384300232,,-0.1997632384300232,
1681,13449,,,,0.20431137084960938,,-0.20431137084960938
1681,13455,,,0.2003411203622818,,-0.2003411203622818,
1682,13463,,,0.20086801052093506,,-0.20086801052093506,
1683,13471,,,0.20130906999111176,,-0.20130906999111176,
1684,13479,,,0.20181864500045776,,-0.20181864500045776,
1685,13487,,,0.2022807002067566,,-0.2022807002067566,
1686,13495,,,0.20276327431201935,,-0.20276327431201935,
1687,13499,,,,0.2073040008544922,,-0.2073040008544922
1687,13503,,,0.20324797928333282,,-0.20324797928333282,
1688,13511,,,0.20375806093215942,,-0.20375806093215942,
1689,13519,,,0.20423424243927002,,-0.20423424243927002,
1690,13527,,,0.20476973056793213,,-0.20476973056793213,
1691,13535,,,0.20519877970218658,,-0.20519877970218658,
1692,13543,,,0.20566117763519287,,-0.20566117763519287,
1693,13549,,,,0.20740413665771484,,-0.20740413665771484
1693,13551,,,0.20616042613983154,,-0.20616042613983154,
1694,13559,,,0.20662997663021088,,-0.20662997663021088,
1695,13567,,,0.20710204541683197,,-0.20710204541683197,
1696,13575,,,0.2075127512216568,,-0.2075127512216568,
1697,13583,,,0.20801033079624176,,-0.20801033079624176,
1698,13591,,,0.20846737921237946,,-0.20846737921237946,
1699,13599,,,,0.20809173583984375,,-0.20809173583984375
1699,13599,,,0.208953857421875,,-0.208953857421875,
1700,13607,,,0.20939050614833832,,-0.20939050614833832,
1701,13615,,,0.20994997024536133,,-0.20994997024536133,
1702,13623,,,0.21039962768554688,,-0.21039962768554688,
1703,13631,,,0.21083593368530273,,-0.21083593368530273,
1704,13639,,,0.2112879604101181,,-0.2112879604101181,
1705,13647,,,0.21182870864868164,,-0.21182870864868164,
1706,13649,,,,0.2005624771118164,,-0.2005624771118164
1706,13655,,,0.21224485337734222,,-0.21224485337734222,
1707,13663,,,0.21275722980499268,,-0.21275722980499268,
1708,13671,,,0.2132495641708374,,-0.2132495641708374,
1709,13679,,,0.21371391415596008,,-0.21371391415596008,
1710,13687,,,0.21428918838500977,,-0.21428918838500977,
1711,13695,,,0.21467411518096924,,-0.21467411518096924,
1712,13699,,,,0.22349166870117188,,-0.22349166870117188
1712,13703,,,0.2151501178741455,,-0.2151501178741455,
1713,13711,,,0.21563398838043213,,-0.21563398838043213,
1714,13719,,,0.21613681316375732,,-0.21613681316375732,
1715,13727,,,0.216652974486351,,-0.216652974486351,
1716,13735,,,0.21722400188446045,,-0.21722400188446045,
1717,13743,,,0.21769095957279205,,-0.21769095957279205,
1718,13749,,,,0.2121133804321289,,-0.2121133804321289
1718,13751,,,0.2182474136352539,,-0.2182474136352539,
1719,13759,,,0.21877001225948334,,-0.21877001225948334,
1720,13767,,,0.21933698654174805,,-0.21933698654174805,
1721,13775,,,0.2198730707168579,,-0.2198730707168579,
1722,13783,,,0.22054961323738098,,-0.22054961323738098,
1723,13791,,,0.22113586962223053,,-0.22113586962223053,
1724,13799,,,,0.21904850006103516,,-0.21904850006103516
1724,13799,,,0.22167980670928955,,-0.22167980670928955,
1725,13807,,,0.2222224622964859,,-0.2222224622964859,
1726,13815,,,0.22275924682617188,,-0.22275924682617188,
1727,13823,,,0.2233901172876358,,-0.2233901172876358,
1728,13831,,,0.22404907643795013,,-0.22404907643795013,
1729,13839,,,0.22468864917755127,,-0.22468864917755127,
1730,13847,,,0.2252141386270523,,-0.2252141386270523,
1731,13849,,,,0.22523784637451172,,-0.22523784637451172
1731,13855,,,0.22597932815551758,,-0.22597932815551758,
1732,13863,,,0.22660398483276367,,-0.22660398483276367,
1733,13871,,,0.2273307889699936,,-0.2273307889699936,
1734,13879,,,0.22797895967960358,,-0.22797895967960358,
1735,13887,,,0.2286001443862915,,-0.2286001443862915,
1736,13895,,,0.22942900657653809,,-0.22942900657653809,
1737,13899,,,,0.23239517211914062,,-0.23239517211914062
1737,13903,,,0.23014996945858002,,-0.23014996945858002,
1738,13911,,,0.2307633012533188,,-0.2307633012533188,
1739,13919,,,0.23157645761966705,,-0.23157645761966705,
1740,13927,,,0.23225153982639313,,-0.23225153982639313,
1741,13935,,,0.23295651376247406,,-0.23295651376247406,
1742,13943,,,0.23375463485717773,,-0.23375463485717773,
1743,13949,,,,0.22754669189453125,,-0.22754669189453125
1743,13951,,,0.23446692526340485,,-0.23446692526340485,
1744,13959,,,0.23528337478637695,,-0.23528337478637695,
1745,13967,,,0.23611201345920563,,-0.23611201345920563,
1746,13975,,,0.23684057593345642,,-0.23684057593345642,
1747,13983,,,0.2376612275838852,,-0.2376612275838852,
1748,13991,,,0.23843315243721008,,-0.23843315243721008,
1749,13999,,,,0.2264728546142578,,-0.2264728546142578
1749,13999,,,0.23929883539676666,,-0.23929883539676666,
1750,14007,,,0.23996438086032867,,-0.23996438086032867,
1751,14015,,,0.24097609519958496,,-0.24097609519958496,
1752,14023,,,0.2416752427816391,,-0.2416752427816391,
1753,14031,,,0.24252472817897797,,-0.24252472817897797,
1754,14039,,,0.24327313899993896,,-0.24327313899993896,
1755,14047,,,0.24414753913879395,,-0.24414753913879395,
1756,14049,,,,0.23825645446777344,,-0.23825645446777344
1756,14055,,,0.24496127665042877,,-0.24496127665042877,
1757,14063,,,0.2458205372095108,,-0.2458205372095108,
1758,14071,,,0.24667321145534515,,-0.24667321145534515,
1759,14079,,,0.2474730908870697,,-0.2474730908870697,
1760,14087,,,0.24837221205234528,,-0.24837221205234528,
1761,14095,,,0.24920940399169922,,-0.24920940399169922,
1762,14099,,,,0.23557567596435547,,-0.23557567596435547
1762,14103,,,0.25025680661201477,,-0.25025680661201477,
1763,14111,,,0.2509818375110626,,-0.2509818375110626,
1764,14119,,,0.2518637180328369,,-0.2518637180328369,
1765,14127,,,0.2526470422744751,,-0.2526470422744751,
1766,14135,,,0.25346267223358154,,-0.25346267223358154,
1767,14143,,,0.25431156158447266,,-0.25431156158447266,
1768,14149,,,,0.25665950775146484,,-0.25665950775146484
1768,14151,,,0.2552121877670288,,-0.2552121877670288,
1769,14159,,,0.2561349868774414,,-0.2561349868774414,
1770,14167,,,0.256969690322876,,-0.256969690322876,
1771,14175,,,0.2578784227371216,,-0.2578784227371216,
1772,14183,,,0.2588568925857544,,-0.2588568925857544,
1773,14191,,,0.2597252130508423,,-0.2597252130508423,
1774,14199,,,,0.2753610610961914,,-0.2753610610961914
1774,14199,,,0.260662704706192,,-0.260662704706192,
1775,14207,,,0.26146960258483887,,-0.26146960258483887,
1776,14215,,,0.26239895820617676,,-0.26239895820617676,
1777,14223,,,0.2633298933506012,,-0.2633298933506012,
1778,14231,,,0.2641858756542206,,-0.2641858756542206,
1779,14239,,,0.2650444209575653,,-0.2650444209575653,
1780,14247,,,0.26592838764190674,,-0.26592838764190674,
1781,14249,,,,0.2718963623046875,,-0.2718963623046875
1781,14255,,,0.2667914628982544,,-0.2667914628982544,
1782,14263,,,0.2677268981933594,,-0.2677268981933594,
1783,14271,,,0.26860475540161133,,-0.26860475540161133,
1784,14279,,,0.26955127716064453,,-0.26955127716064453,
1785,14287,,,0.27047526836395264,,-0.27047526836395264,
1786,14295,,,0.27144527435302734,,-0.27144527435302734,
1787,14299,,,,0.26812171936035156,,-0.26812171936035156
1787,14303,,,0.2723095417022705,,-0.2723095417022705,
1788,14311,,,0.2732686996459961,,-0.2732686996459961,
1789,14319,,,0.274188756942749,,-0.274188756942749,
1790,14327,,,0.2750892639160156,,-0.2750892639160156,
1791,14335,,,0.27608323097229004,,-0.27608323097229004,
1792,14343,,,0.2769383192062378,,-0.2769383192062378,
1793,14349,,,,0.2726411819458008,,-0.2726411819458008
1793,14351,,,0.2778412103652954,,-0.2778412103652954,
1794,14359,,,0.2787681519985199,,-0.2787681519985199,
1795,14367,,,0.2796595096588135,,-0.2796595096588135,
1796,14375,,,0.2807213068008423,,-0.2807213068008423,
1797,14383,,,0.2816566526889801,,-0.2816566526889801,
1798,14391,,,0.2824796438217163,,-0.2824796438217163,
1799,14399,,,,0.29619693756103516,,-0.29619693756103516
1799,14399,,,0.28356754779815674,,-0.28356754779815674,
1800,14407,,,0.2844332158565521,,-0.2844332158565521,
1801,14415,,,0.2854323387145996,,-0.2854323387145996,
1802,14423,,,0.28638026118278503,,-0.28638026118278503,
1803,14431,,,0.2872586250305176,,-0.2872586250305176,
1804,14439,,,0.28841567039489746,,-0.28841567039489746,
1805,14447,,,0.2891305685043335,,-0.2891305685043335,
1806,14449,,,,0.2865324020385742,,-0.2865324020385742
1806,14455,,,0.29015374183654785,,-0.29015374183654785,
1807,14463,,,0.29105114936828613,,-0.29105114936828613,
1808,14471,,,0.2920506000518799,,-0.2920506000518799,
1809,14479,,,0.293168306350708,,-0.293168306350708,
1810,14487,,,0.29388582706451416,,-0.29388582706451416,
1811,14495,,,0.29491734504699707,,-0.29491734504699707,
1812,14499,,,,0.2925148010253906,,-0.2925148010253906
1812,14503,,,0.2959941625595093,,-0.2959941625595093,
1813,14511,,,0.29715970158576965,,-0.29715970158576965,
1814,14519,,,0.29786133766174316,,-0.29786133766174316,
1815,14527,,,0.29883873462677,,-0.29883873462677,
1816,14535,,,0.29979029297828674,,-0.29979029297828674,
1817,14543,,,0.30092573165893555,,-0.30092573165893555,
1818,14549,,,,0.30707263946533203,,-0.30707263946533203
1818,14551,,,0.30189278721809387,,-0.30189278721809387,
1819,14559,,,0.30292972922325134,,-0.30292972922325134,
1820,14567,,,0.3039360046386719,,-0.3039360046386719,
1821,14575,,,0.304890900850296,,-0.304890900850296,
1822,14583,,,0.3056788444519043,,-0.3056788444519043,
1823,14591,,,0.3066994845867157,,-0.3066994845867157,
1824,14599,,,,0.29749107360839844,,-0.29749107360839844
1824,14599,,,0.30779001116752625,,-0.30779001116752625,
1825,14607,,,0.3088417053222656,,-0.3088417053222656,
1826,14615,,,0.3099207878112793,,-0.3099207878112793,
1827,14623,,,0.31092405319213867,,-0.31092405319213867,
1828,14631,,,0.31177687644958496,,-0.31177687644958496,
1829,14639,,,0.3128798007965088,,-0.3128798007965088,
1830,14647,,,0.3139497935771942,,-0.3139497935771942,
1831,14649,,,,0.3167705535888672,,-0.3167705535888672
1831,14655,,,0.31488704681396484,,-0.31488704681396484,
1832,14663,,,0.31603264808654785,,-0.31603264808654785,
1833,14671,,,0.3169517517089844,,-0.3169517517089844,
1834,14679,,,0.31797289848327637,,-0.31797289848327637,
1835,14687,,,0.3190779685974121,,-0.3190779685974121,
1836,14695,,,0.3200836181640625,,-0.3200836181640625,
1837,14699,,,,0.3214702606201172,,-0.3214702606201172
1837,14703,,,0.3211071193218231,,-0.3211071193218231,
1838,14711,,,0.32224106788635254,,-0.32224106788635254,
1839,14719,,,0.32315969467163086,,-0.32315969467163086,
1840,14727,,,0.32430315017700195,,-0.32430315017700195,
1841,14735,,,0.32529449462890625,,-0.32529449462890625,
1842,14743,,,0.326549768447876,,-0.326549768447876,
1843,14749,,,,0.3150463104248047,,-0.3150463104248047
1843,14751,,,0.3274517059326172,,-0.3274517059326172,
1844,14759,,,0.328615665435791,,-0.328615665435791,
1845,14767,,,0.3295573592185974,,-0.3295573592185974,
1846,14775,,,0.33090949058532715,,-0.33090949058532715,
1847,14783,,,0.3317434787750244,,-0.3317434787750244,
1848,14791,,,0.33293482661247253,,-0.33293482661247253,
1849,14799,,,,0.3145275115966797,,-0.3145275115966797
1849,14799,,,0.3339576721191406,,-0.3339576721191406,
1850,14807,,,0.3345320224761963,,-0.3345320224761963,
1851,14815,,,0.334836483001709,,-0.334836483001709,
1852,14823,,,0.3351478576660156,,-0.3351478576660156,
1853,14831,,,0.3350996971130371,,-0.3350996971130371,
1854,14839,,,0.335011750459671,,-0.335011750459671,
1855,14847,,,0.33510327339172363,,-0.33510327339172363,
1856,14849,,,,0.31979942321777344,,-0.31979942321777344
1856,14855,,,0.33495140075683594,,-0.33495140075683594,
1857,14863,,,0.3351421356201172,,-0.3351421356201172,
1858,14871,,,0.3351926803588867,,-0.3351926803588867,
1859,14879,,,0.33527064323425293,,-0.33527064323425293,
1860,14887,,,0.33518072962760925,,-0.33518072962760925,
1861,14895,,,0.33500099182128906,,-0.33500099182128906,
1862,14899,,,,0.3253669738769531,,-0.3253669738769531
1862,14903,,,0.3350682258605957,,-0.3350682258605957,
1863,14911,,,0.3350508213043213,,-0.3350508213043213,
1864,14919,,,0.3351759910583496,,-0.3351759910583496,
1865,14927,,,0.33516383171081543,,-0.33516383171081543,
1866,14935,,,0.3350577652454376,,-0.3350577652454376,
1867,14943,,,0.3350076675415039,,-0.3350076675415039,
1868,14949,,,,0.32989501953125,,-0.32989501953125
1868,14951,,,0.33513501286506653,,-0.33513501286506653,
1869,14959,,,0.3350658416748047,,-0.3350658416748047,
1870,14967,,,0.3351104259490967,,-0.3351104259490967,
1871,14975,,,0.33507677912712097,,-0.33507677912712097,
1872,14983,,,0.3353269100189209,,-0.3353269100189209,
1873,14991,,,0.335222989320755,,-0.335222989320755,
1874,14999,,,,0.32216835021972656,,-0.32216835021972656
1874,14999,,,0.3351607322692871,,-0.3351607322692871,
1875,15007,,,0.3350875675678253,,-0.3350875675678253,
1876,15015,,,0.3353285789489746,,-0.3353285789489746,
1877,15023,,,0.33544158935546875,,-0.33544158935546875,
1878,15031,,,0.3352189064025879,,-0.3352189064025879,
1879,15039,,,0.3352208137512207,,-0.3352208137512207,
1880,15047,,,0.3350410461425781,,-0.3350410461425781,
1881,15049,,,,0.32132911682128906,,-0.32132911682128906
1881,15055,,,0.33505702018737793,,-0.33505702018737793,
1882,15063,,,0.3350241482257843,,-0.3350241482257843,
1883,15071,,,0.33507779240608215,,-0.33507779240608215,
1884,15079,,,0.3352177143096924,,-0.3352177143096924,
1885,15087,,,0.33501407504081726,,-0.33501407504081726,
1886,15095,,,0.335033655166626,,-0.335033655166626,
1887,15099,,,,0.313720703125,,-0.313720703125
1887,15103,,,0.3350971043109894,,-0.3350971043109894,
1888,15111,,,0.3352477252483368,,-0.3352477252483368,
1889,15119,,,0.3352172374725342,,-0.3352172374725342,
1890,15127,,,0.33513569831848145,,-0.33513569831848145,
1891,15135,,,0.33509302139282227,,-0.33509302139282227,
1892,15143,,,0.3352329730987549,,-0.3352329730987549,
1893,15149,,,,0.32246971130371094,,-0.32246971130371094
1893,15151,,,0.33505749702453613,,-0.33505749702453613,
1894,15159,,,0.33528900146484375,,-0.33528900146484375,
1895,15167,,,0.33510589599609375,,-0.33510589599609375,
1896,15175,,,0.3351607322692871,,-0.3351607322692871,
1897,15183,,,0.3351025879383087,,-0.3351025879383087,
1898,15191,,,0.33509090542793274,,-0.33509090542793274,
1899,15199,,,,0.32657623291015625,,-0.32657623291015625
1899,15199,,,0.3350517451763153,,-0.3350517451763153,
1900,15207,,,0.3350846767425537,,-0.3350846767425537,
1901,15215,,,0.335406094789505,,-0.335406094789505,
1902,15223,,,0.3351590633392334,,-0.3351590633392334,
1903,15231,,,0.3350803852081299,,-0.3350803852081299,
1904,15239,,,0.3351459503173828,,-0.3351459503173828,
1905,15247,,,0.3350537121295929,,-0.3350537121295929,
1906,15249,,,,0.3670158386230469,,-0.3670158386230469
1906,15255,,,0.33518293499946594,,-0.33518293499946594,
1907,15263,,,0.33523133397102356,,-0.33523133397102356,
1908,15271,,,0.33511996269226074,,-0.33511996269226074,
1909,15279,,,0.33513471484184265,,-0.33513471484184265,
1910,15287,,,0.33518674969673157,,-0.33518674969673157,
1911,15295,,,0.3350088596343994,,-0.3350088596343994,
1912,15299,,,,0.3417167663574219,,-0.3417167663574219
1912,15303,,,0.3350193500518799,,-0.3350193500518799,
1913,15311,,,0.3350675106048584,,-0.3350675106048584,
1914,15319,,,0.33501073718070984,,-0.33501073718070984,
1915,15327,,,0.3351287841796875,,-0.3351287841796875,
1916,15335,,,0.3349585235118866,,-0.3349585235118866,
1917,15343,,,0.33513307571411133,,-0.33513307571411133,
1918,15349,,,,0.3306865692138672,,-0.3306865692138672
1918,15351,,,0.33529210090637207,,-0.33529210090637207,
1919,15359,,,0.33519530296325684,,-0.33519530296325684,
1920,15367,,,0.33504772186279297,,-0.33504772186279297,
1921,15375,,,0.3350224494934082,,-0.3350224494934082,
1922,15383,,,0.33515000343322754,,-0.33515000343322754,
1923,15391,,,0.3350098431110382,,-0.3350098431110382,
1924,15399,,,,0.35021400451660156,,-0.35021400451660156
1924,15399,,,0.33502960205078125,,-0.33502960205078125,
1925,15407,,,0.33499574661254883,,-0.33499574661254883,
1926,15415,,,0.335189551115036,,-0.335189551115036,
1927,15423,,,0.3352370262145996,,-0.3352370262145996,
1928,15431,,,0.335052490234375,,-0.335052490234375,
1929,15439,,,0.3349437415599823,,-0.3349437415599823,
1930,15447,,,0.3352172076702118,,-0.3352172076702118,
1931,15449,,,,0.32273101806640625,,-0.32273101806640625
1931,15455,,,0.3350484371185303,,-0.3350484371185303,
1932,15463,,,0.33508753776550293,,-0.33508753776550293,
1933,15471,,,0.3350973129272461,,-0.3350973129272461,
1934,15479,,,0.33526015281677246,,-0.33526015281677246,
1935,15487,,,0.33510255813598633,,-0.33510255813598633,
1936,15495,,,0.33498692512512207,,-0.33498692512512207,
1937,15499,,,,0.3155956268310547,,-0.3155956268310547
1937,15503,,,0.33531713485717773,,-0.33531713485717773,
1938,15511,,,0.3349947929382324,,-0.3349947929382324,
1939,15519,,,0.3350217640399933,,-0.3350217640399933,
1940,15527,,,0.33498743176460266,,-0.33498743176460266,
1941,15535,,,0.3351726830005646,,-0.3351726830005646,
1942,15543,,,0.3352627754211426,,-0.3352627754211426,
1943,15549,,,,0.3376026153564453,,-0.3376026153564453
1943,15551,,,0.33527228236198425,,-0.33527228236198425,
1944,15559,,,0.33512040972709656,,-0.33512040972709656,
1945,15567,,,0.33514735102653503,,-0.33514735102653503,
1946,15575,,,0.33510375022888184,,-0.33510375022888184,
1947,15583,,,0.33513426780700684,,-0.33513426780700684,
1948,15591,,,0.3350985050201416,,-0.3350985050201416,
1949,15599,,,,0.3298053741455078,,-0.3298053741455078
1949,15599,,,0.33521202206611633,,-0.33521202206611633,
1950,15607,,,0.3349795341491699,,-0.3349795341491699,
1951,15615,,,0.3352010250091553,,-0.3352010250091553,
1952,15623,,,0.33527183532714844,,-0.33527183532714844,
1953,15631,,,0.3350508213043213,,-0.3350508213043213,
1954,15639,,,0.3350489139556885,,-0.3350489139556885,
1955,15647,,,0.33530163764953613,,-0.33530163764953613,
1956,15649,,,,0.34215736389160156,,-0.34215736389160156
1956,15655,,,0.3351164162158966,,-0.3351164162158966,
1957,15663,,,0.33529022336006165,,-0.33529022336006165,
1958,15671,,,0.33511924743652344,,-0.33511924743652344,
1959,15679,,,0.33503958582878113,,-0.33503958582878113,
1960,15687,,,0.33509254455566406,,-0.33509254455566406,
1961,15695,,,0.33529233932495117,,-0.33529233932495117,
1962,15699,,,,0.33123016357421875,,-0.33123016357421875
1962,15703,,,0.3351454734802246,,-0.3351454734802246,
1963,15711,,,0.3351459503173828,,-0.3351459503173828,
1964,15719,,,0.3351583480834961,,-0.3351583480834961,
1965,15727,,,0.335068941116333,,-0.335068941116333,
1966,15735,,,0.33505579829216003,,-0.33505579829216003,
1967,15743,,,0.3350343704223633,,-0.3350343704223633,
1968,15749,,,,0.3226890563964844,,-0.3226890563964844
1968,15751,,,0.3350808620452881,,-0.3350808620452881,
1969,15759,,,0.33539724349975586,,-0.33539724349975586,
1970,15767,,,0.33502671122550964,,-0.33502671122550964,
1971,15775,,,0.3350346088409424,,-0.3350346088409424,
1972,15783,,,0.33508896827697754,,-0.33508896827697754,
1973,15791,,,0.3350105583667755,,-0.3350105583667755,
1974,15799,,,,0.3189201354980469,,-0.3189201354980469
1974,15799,,,0.33522701263427734,,-0.33522701263427734,
1975,15807,,,0.3351130485534668,,-0.3351130485534668,
1976,15815,,,0.33507323265075684,,-0.33507323265075684,
1977,15823,,,0.3351292610168457,,-0.3351292610168457,
1978,15831,,,0.33499741554260254,,-0.33499741554260254,
1979,15839,,,0.33545684814453125,,-0.33545684814453125,
1980,15847,,,0.33507847785949707,,-0.33507847785949707,
1981,15849,,,,0.3406352996826172,,-0.3406352996826172
1981,15855,,,0.33521485328674316,,-0.33521485328674316,
1982,15863,,,0.33516454696655273,,-0.33516454696655273,
1983,15871,,,0.3351008892059326,,-0.3351008892059326,
1984,15879,,,0.3350074291229248,,-0.3350074291229248,
1985,15887,,,0.3350412845611572,,-0.3350412845611572,
1986,15895,,,0.33507680892944336,,-0.33507680892944336,
1987,15899,,,,0.31682777404785156,,-0.31682777404785156
1987,15903,,,0.3352172374725342,,-0.3352172374725342,
1988,15911,,,0.3352803885936737,,-0.3352803885936737,
1989,15919,,,0.3350648880004883,,-0.3350648880004883,
1990,15927,,,0.33509543538093567,,-0.33509543538093567,
1991,15935,,,0.33516642451286316,,-0.33516642451286316,
1992,15943,,,0.3351578712463379,,-0.3351578712463379,
1993,15949,,,,0.32126808166503906,,-0.32126808166503906
1993,15951,,,0.3352411091327667,,-0.3352411091327667,
1994,15959,,,0.3350543975830078,,-0.3350543975830078,
1995,15967,,,0.3350565731525421,,-0.3350565731525421,
1996,15975,,,0.3352034091949463,,-0.3352034091949463,
1997,15983,,,0.33501648902893066,,-0.33501648902893066,
1998,15991,,,0.3350093364715576,,-0.3350093364715576,
1999,15999,,,,0.3379859924316406,,-0.3379859924316406
1999,15999,,,0.335005521774292,,-0.335005521774292,
2000,16000,0.3370046615600586,-0.3370046615600586,,,,
