epoch,step,test_loss,test_renyi_lb,train_loss_epoch,train_loss_step,train_renyi_lb_epoch,train_renyi_lb_step
0,3,,,0.25091102719306946,,-0.25091102719306946,
1,7,,,0.253528356552124,,-0.253528356552124,
2,11,,,0.2547088861465454,,-0.2547088861465454,
3,15,,,0.24879884719848633,,-0.24879884719848633,
4,19,,,0.2419632226228714,,-0.2419632226228714,
5,23,,,0.2378866970539093,,-0.2378866970539093,
6,27,,,0.2313302755355835,,-0.2313302755355835,
7,31,,,0.2222522497177124,,-0.2222522497177124,
8,35,,,0.22137808799743652,,-0.22137808799743652,
9,39,,,0.222270205616951,,-0.222270205616951,
10,43,,,0.21538789570331573,,-0.21538789570331573,
11,47,,,0.20735378563404083,,-0.20735378563404083,
12,49,,,,0.22084879875183105,,-0.22084879875183105
12,51,,,0.2082037478685379,,-0.2082037478685379,
13,55,,,0.20232804119586945,,-0.20232804119586945,
14,59,,,0.19799105823040009,,-0.19799105823040009,
15,63,,,0.19077931344509125,,-0.19077931344509125,
16,67,,,0.18683834373950958,,-0.18683834373950958,
17,71,,,0.1838751882314682,,-0.1838751882314682,
18,75,,,0.17770038545131683,,-0.17770038545131683,
19,79,,,0.1743752360343933,,-0.1743752360343933,
20,83,,,0.16984935104846954,,-0.16984935104846954,
21,87,,,0.16413921117782593,,-0.16413921117782593,
22,91,,,0.1598173826932907,,-0.1598173826932907,
23,95,,,0.15598954260349274,,-0.15598954260349274,
24,99,,,,0.1625065803527832,,-0.1625065803527832
24,99,,,0.14816983044147491,,-0.14816983044147491,
25,103,,,0.14468228816986084,,-0.14468228816986084,
26,107,,,0.14049749076366425,,-0.14049749076366425,
27,111,,,0.13489776849746704,,-0.13489776849746704,
28,115,,,0.12994253635406494,,-0.12994253635406494,
29,119,,,0.12514984607696533,,-0.12514984607696533,
30,123,,,0.12094676494598389,,-0.12094676494598389,
31,127,,,0.1152920201420784,,-0.1152920201420784,
32,131,,,0.1112450659275055,,-0.1112450659275055,
33,135,,,0.10584863275289536,,-0.10584863275289536,
34,139,,,0.10075245797634125,,-0.10075245797634125,
35,143,,,0.0960104912519455,,-0.0960104912519455,
36,147,,,0.09085209667682648,,-0.09085209667682648,
37,149,,,,0.08471411466598511,,-0.08471411466598511
37,151,,,0.0859474465250969,,-0.0859474465250969,
38,155,,,0.08078574389219284,,-0.08078574389219284,
39,159,,,0.0758231058716774,,-0.0758231058716774,
40,163,,,0.07088542729616165,,-0.07088542729616165,
41,167,,,0.06582139432430267,,-0.06582139432430267,
42,171,,,0.060849107801914215,,-0.060849107801914215,
43,175,,,0.05650118738412857,,-0.05650118738412857,
44,179,,,0.05194247514009476,,-0.05194247514009476,
45,183,,,0.04771135002374649,,-0.04771135002374649,
46,187,,,0.04392745718359947,,-0.04392745718359947,
47,191,,,0.03983172029256821,,-0.03983172029256821,
48,195,,,0.03620342165231705,,-0.03620342165231705,
49,199,,,,0.03436702489852905,,-0.03436702489852905
49,199,,,0.032752882689237595,,-0.032752882689237595,
50,203,,,0.029246579855680466,,-0.029246579855680466,
51,207,,,0.02592570334672928,,-0.02592570334672928,
52,211,,,0.022893870249390602,,-0.022893870249390602,
53,215,,,0.01998942531645298,,-0.01998942531645298,
54,219,,,0.017121875658631325,,-0.017121875658631325,
55,223,,,0.014585883356630802,,-0.014585883356630802,
56,227,,,0.0123993419110775,,-0.0123993419110775,
57,231,,,0.010388373397290707,,-0.010388373397290707,
58,235,,,0.008675465360283852,,-0.008675465360283852,
59,239,,,0.006927783600986004,,-0.006927783600986004,
60,243,,,0.005300301127135754,,-0.005300301127135754,
61,247,,,0.0037883948534727097,,-0.0037883948534727097,
62,249,,,,0.0022219717502593994,,-0.0022219717502593994
62,251,,,0.002407242776826024,,-0.002407242776826024,
63,255,,,0.0012066474882885814,,-0.0012066474882885814,
64,259,,,0.00015615648590028286,,-0.00015615648590028286,
65,263,,,-0.000722566619515419,,0.000722566619515419,
66,267,,,-0.0016165245324373245,,0.0016165245324373245,
67,271,,,-0.0023110960610210896,,0.0023110960610210896,
68,275,,,-0.002966715022921562,,0.002966715022921562,
69,279,,,-0.003555136965587735,,0.003555136965587735,
70,283,,,-0.004049461800605059,,0.004049461800605059,
71,287,,,-0.004496817477047443,,0.004496817477047443,
72,291,,,-0.0048703947104513645,,0.0048703947104513645,
73,295,,,-0.005226179026067257,,0.005226179026067257,
74,299,,,,-0.006897956132888794,,0.006897956132888794
74,299,,,-0.005510877352207899,,0.005510877352207899,
75,303,,,-0.0057407766580581665,,0.0057407766580581665,
76,307,,,-0.005992338061332703,,0.005992338061332703,
77,311,,,-0.006164974067360163,,0.006164974067360163,
78,315,,,-0.006333510857075453,,0.006333510857075453,
79,319,,,-0.006471859756857157,,0.006471859756857157,
80,323,,,-0.006608588621020317,,0.006608588621020317,
81,327,,,-0.006685436237603426,,0.006685436237603426,
82,331,,,-0.0067858342081308365,,0.0067858342081308365,
83,335,,,-0.00686803599819541,,0.00686803599819541,
84,339,,,-0.006931415759027004,,0.006931415759027004,
85,343,,,-0.006976773496717215,,0.006976773496717215,
86,347,,,-0.007026649545878172,,0.007026649545878172,
87,349,,,,-0.007065773010253906,,0.007065773010253906
87,351,,,-0.007063091266900301,,0.007063091266900301,
88,355,,,-0.007092862389981747,,0.007092862389981747,
89,359,,,-0.0071150995790958405,,0.0071150995790958405,
90,363,,,-0.007160465698689222,,0.007160465698689222,
91,367,,,-0.007190961390733719,,0.007190961390733719,
92,371,,,-0.0072151715867221355,,0.0072151715867221355,
93,375,,,-0.00724022975191474,,0.00724022975191474,
94,379,,,-0.007245384622365236,,0.007245384622365236,
95,383,,,-0.007261152379214764,,0.007261152379214764,
96,387,,,-0.007284101564437151,,0.007284101564437151,
97,391,,,-0.007286349777132273,,0.007286349777132273,
98,395,,,-0.007298169657588005,,0.007298169657588005,
99,399,,,,-0.006506770849227905,,0.006506770849227905
99,399,,,-0.00732000544667244,,0.00732000544667244,
100,403,,,-0.007303472142666578,,0.007303472142666578,
101,407,,,-0.007339616771787405,,0.007339616771787405,
102,411,,,-0.007334909401834011,,0.007334909401834011,
103,415,,,-0.007336870301514864,,0.007336870301514864,
104,419,,,-0.007353888358920813,,0.007353888358920813,
105,423,,,-0.0073701501823961735,,0.0073701501823961735,
106,427,,,-0.007370022591203451,,0.007370022591203451,
107,431,,,-0.007371131330728531,,0.007371131330728531,
108,435,,,-0.007373870350420475,,0.007373870350420475,
109,439,,,-0.00739695830270648,,0.00739695830270648,
110,443,,,-0.007395698223263025,,0.007395698223263025,
111,447,,,-0.007400508504360914,,0.007400508504360914,
112,449,,,,-0.004799067974090576,,0.004799067974090576
112,451,,,-0.007400378584861755,,0.007400378584861755,
113,455,,,-0.007409732788801193,,0.007409732788801193,
114,459,,,-0.007411136291921139,,0.007411136291921139,
115,463,,,-0.007408640813082457,,0.007408640813082457,
116,467,,,-0.007423921953886747,,0.007423921953886747,
117,471,,,-0.007430939003825188,,0.007430939003825188,
118,475,,,-0.0074304030276834965,,0.0074304030276834965,
119,479,,,-0.007443668786436319,,0.007443668786436319,
120,483,,,-0.0074441214092075825,,0.0074441214092075825,
121,487,,,-0.007444585207849741,,0.007444585207849741,
122,491,,,-0.007453243713825941,,0.007453243713825941,
123,495,,,-0.00744980713352561,,0.00744980713352561,
124,499,,,,-0.008128970861434937,,0.008128970861434937
124,499,,,-0.00746100815013051,,0.00746100815013051,
125,503,,,-0.007467200513929129,,0.007467200513929129,
126,507,,,-0.007468074094504118,,0.007468074094504118,
127,511,,,-0.007469783537089825,,0.007469783537089825,
128,515,,,-0.00747049693018198,,0.00747049693018198,
129,519,,,-0.00747161777690053,,0.00747161777690053,
130,523,,,-0.007484492380172014,,0.007484492380172014,
131,527,,,-0.007476781494915485,,0.007476781494915485,
132,531,,,-0.007471829652786255,,0.007471829652786255,
133,535,,,-0.00748311635106802,,0.00748311635106802,
134,539,,,-0.0074964864179492,,0.0074964864179492,
135,543,,,-0.007483658380806446,,0.007483658380806446,
136,547,,,-0.007501224055886269,,0.007501224055886269,
137,549,,,,-0.005229562520980835,,0.005229562520980835
137,551,,,-0.0074928938411176205,,0.0074928938411176205,
138,555,,,-0.007505632005631924,,0.007505632005631924,
139,559,,,-0.007507334928959608,,0.007507334928959608,
140,563,,,-0.007506886031478643,,0.007506886031478643,
141,567,,,-0.007524433080106974,,0.007524433080106974,
142,571,,,-0.007509502116590738,,0.007509502116590738,
143,575,,,-0.007515948731452227,,0.007515948731452227,
144,579,,,-0.00751201156526804,,0.00751201156526804,
145,583,,,-0.007519813254475594,,0.007519813254475594,
146,587,,,-0.00752764567732811,,0.00752764567732811,
147,591,,,-0.0075257583521306515,,0.0075257583521306515,
148,595,,,-0.007532658986747265,,0.007532658986747265,
149,599,,,,-0.007898658514022827,,0.007898658514022827
149,599,,,-0.0075316461734473705,,0.0075316461734473705,
150,603,,,-0.007533520460128784,,0.007533520460128784,
151,607,,,-0.007523959502577782,,0.007523959502577782,
152,611,,,-0.007538426201790571,,0.007538426201790571,
153,615,,,-0.007517219055444002,,0.007517219055444002,
154,619,,,-0.007523194886744022,,0.007523194886744022,
155,623,,,-0.007540395483374596,,0.007540395483374596,
156,627,,,-0.007546050474047661,,0.007546050474047661,
157,631,,,-0.007551414892077446,,0.007551414892077446,
158,635,,,-0.007551081478595734,,0.007551081478595734,
159,639,,,-0.007549387868493795,,0.007549387868493795,
160,643,,,-0.007553641218692064,,0.007553641218692064,
161,647,,,-0.007555378135293722,,0.007555378135293722,
162,649,,,,-0.007054567337036133,,0.007054567337036133
162,651,,,-0.007569251582026482,,0.007569251582026482,
163,655,,,-0.007561966311186552,,0.007561966311186552,
164,659,,,-0.007557290140539408,,0.007557290140539408,
165,663,,,-0.007561648264527321,,0.007561648264527321,
166,667,,,-0.0075674960389733315,,0.0075674960389733315,
167,671,,,-0.007564943749457598,,0.007564943749457598,
168,675,,,-0.007566902786493301,,0.007566902786493301,
169,679,,,-0.007582474499940872,,0.007582474499940872,
170,683,,,-0.007564482279121876,,0.007564482279121876,
171,687,,,-0.0075873988680541515,,0.0075873988680541515,
172,691,,,-0.007573001552373171,,0.007573001552373171,
173,695,,,-0.007568231783807278,,0.007568231783807278,
174,699,,,,-0.010444343090057373,,0.010444343090057373
174,699,,,-0.007569989655166864,,0.007569989655166864,
175,703,,,-0.0075805033557116985,,0.0075805033557116985,
176,707,,,-0.0075806546956300735,,0.0075806546956300735,
177,711,,,-0.007583925500512123,,0.007583925500512123,
178,715,,,-0.007584151346236467,,0.007584151346236467,
179,719,,,-0.007580367382615805,,0.007580367382615805,
180,723,,,-0.007586142048239708,,0.007586142048239708,
181,727,,,-0.007590027991682291,,0.007590027991682291,
182,731,,,-0.007592770271003246,,0.007592770271003246,
183,735,,,-0.007589372340589762,,0.007589372340589762,
184,739,,,-0.007592597045004368,,0.007592597045004368,
185,743,,,-0.007604212034493685,,0.007604212034493685,
186,747,,,-0.007595598232001066,,0.007595598232001066,
187,749,,,,-0.004696279764175415,,0.004696279764175415
187,751,,,-0.00760208535939455,,0.00760208535939455,
188,755,,,-0.007598220836371183,,0.007598220836371183,
189,759,,,-0.007605013437569141,,0.007605013437569141,
190,763,,,-0.0076050409115850925,,0.0076050409115850925,
191,767,,,-0.0076015908271074295,,0.0076015908271074295,
192,771,,,-0.007602402474731207,,0.007602402474731207,
193,775,,,-0.007602903991937637,,0.007602903991937637,
194,779,,,-0.007611175999045372,,0.007611175999045372,
195,783,,,-0.007604877930134535,,0.007604877930134535,
196,787,,,-0.007608167361468077,,0.007608167361468077,
197,791,,,-0.0076186154037714005,,0.0076186154037714005,
198,795,,,-0.0076065887697041035,,0.0076065887697041035,
199,799,,,,-0.00946277379989624,,0.00946277379989624
199,799,,,-0.007619623560458422,,0.007619623560458422,
200,803,,,-0.007607488427311182,,0.007607488427311182,
201,807,,,-0.007607562001794577,,0.007607562001794577,
202,811,,,-0.0076191620901227,,0.0076191620901227,
203,815,,,-0.007628948427736759,,0.007628948427736759,
204,819,,,-0.0076239206828176975,,0.0076239206828176975,
205,823,,,-0.0076146661303937435,,0.0076146661303937435,
206,827,,,-0.007617459166795015,,0.007617459166795015,
207,831,,,-0.007618837058544159,,0.007618837058544159,
208,835,,,-0.0076245940290391445,,0.0076245940290391445,
209,839,,,-0.007632241118699312,,0.007632241118699312,
210,843,,,-0.0076211984269320965,,0.0076211984269320965,
211,847,,,-0.00762630719691515,,0.00762630719691515,
212,849,,,,-0.004272967576980591,,0.004272967576980591
212,851,,,-0.007624263409525156,,0.007624263409525156,
213,855,,,-0.0076337880454957485,,0.0076337880454957485,
214,859,,,-0.00763798737898469,,0.00763798737898469,
215,863,,,-0.007627742365002632,,0.007627742365002632,
216,867,,,-0.007643586490303278,,0.007643586490303278,
217,871,,,-0.00763279851526022,,0.00763279851526022,
218,875,,,-0.007630940526723862,,0.007630940526723862,
219,879,,,-0.007631989661604166,,0.007631989661604166,
220,883,,,-0.007631991989910603,,0.007631991989910603,
221,887,,,-0.007639644201844931,,0.007639644201844931,
222,891,,,-0.007618372328579426,,0.007618372328579426,
223,895,,,-0.007633109111338854,,0.007633109111338854,
224,899,,,,-0.007854372262954712,,0.007854372262954712
224,899,,,-0.007632599212229252,,0.007632599212229252,
225,903,,,-0.007635185960680246,,0.007635185960680246,
226,907,,,-0.007643786258995533,,0.007643786258995533,
227,911,,,-0.007647950667887926,,0.007647950667887926,
228,915,,,-0.0076330797746777534,,0.0076330797746777534,
229,919,,,-0.007637158036231995,,0.007637158036231995,
230,923,,,-0.0076505565084517,,0.0076505565084517,
231,927,,,-0.007637137081474066,,0.007637137081474066,
232,931,,,-0.007649103179574013,,0.007649103179574013,
233,935,,,-0.007643566932529211,,0.007643566932529211,
234,939,,,-0.007659554947167635,,0.007659554947167635,
235,943,,,-0.007643636781722307,,0.007643636781722307,
236,947,,,-0.0076436009258031845,,0.0076436009258031845,
237,949,,,,-0.009212017059326172,,0.009212017059326172
237,951,,,-0.007646549958735704,,0.007646549958735704,
238,955,,,-0.007636872585862875,,0.007636872585862875,
239,959,,,-0.007650010287761688,,0.007650010287761688,
240,963,,,-0.0076504601165652275,,0.0076504601165652275,
241,967,,,-0.007658826652914286,,0.007658826652914286,
242,971,,,-0.007645536679774523,,0.007645536679774523,
243,975,,,-0.007648637518286705,,0.007648637518286705,
244,979,,,-0.0076346201822161674,,0.0076346201822161674,
245,983,,,-0.007653797511011362,,0.007653797511011362,
246,987,,,-0.007642336189746857,,0.007642336189746857,
247,991,,,-0.00766005739569664,,0.00766005739569664,
248,995,,,-0.00764617370441556,,0.00764617370441556,
249,999,,,,-0.008152037858963013,,0.008152037858963013
249,999,,,-0.007656463421881199,,0.007656463421881199,
250,1003,,,-0.007651525549590588,,0.007651525549590588,
251,1007,,,-0.007641920819878578,,0.007641920819878578,
252,1011,,,-0.007646898273378611,,0.007646898273378611,
253,1015,,,-0.007636937312781811,,0.007636937312781811,
254,1019,,,-0.007649606093764305,,0.007649606093764305,
255,1023,,,-0.007668648846447468,,0.007668648846447468,
256,1027,,,-0.007651598192751408,,0.007651598192751408,
257,1031,,,-0.007650487124919891,,0.007650487124919891,
258,1035,,,-0.00765058072283864,,0.00765058072283864,
259,1039,,,-0.007650336716324091,,0.007650336716324091,
260,1043,,,-0.007659422233700752,,0.007659422233700752,
261,1047,,,-0.007660659495741129,,0.007660659495741129,
262,1049,,,,-0.0066242218017578125,,0.0066242218017578125
262,1051,,,-0.007657716982066631,,0.007657716982066631,
263,1055,,,-0.007662607356905937,,0.007662607356905937,
264,1059,,,-0.007662451360374689,,0.007662451360374689,
265,1063,,,-0.007661153562366962,,0.007661153562366962,
266,1067,,,-0.00766250304877758,,0.00766250304877758,
267,1071,,,-0.007663485128432512,,0.007663485128432512,
268,1075,,,-0.00766092399135232,,0.00766092399135232,
269,1079,,,-0.007673277519643307,,0.007673277519643307,
270,1083,,,-0.0076727173291146755,,0.0076727173291146755,
271,1087,,,-0.007669276557862759,,0.007669276557862759,
272,1091,,,-0.007661902811378241,,0.007661902811378241,
273,1095,,,-0.007657714653760195,,0.007657714653760195,
274,1099,,,,-0.010406047105789185,,0.010406047105789185
274,1099,,,-0.007663428783416748,,0.007663428783416748,
275,1103,,,-0.007667382247745991,,0.007667382247745991,
276,1107,,,-0.007685374468564987,,0.007685374468564987,
277,1111,,,-0.0076659442856907845,,0.0076659442856907845,
278,1115,,,-0.007658226881176233,,0.007658226881176233,
279,1119,,,-0.00766779063269496,,0.00766779063269496,
280,1123,,,-0.0076694609597325325,,0.0076694609597325325,
281,1127,,,-0.007668179925531149,,0.007668179925531149,
282,1131,,,-0.0076772659085690975,,0.0076772659085690975,
283,1135,,,-0.00766383670270443,,0.00766383670270443,
284,1139,,,-0.0076651605777442455,,0.0076651605777442455,
285,1143,,,-0.007671668194234371,,0.007671668194234371,
286,1147,,,-0.0076769813895225525,,0.0076769813895225525,
287,1149,,,,-0.007470041513442993,,0.007470041513442993
287,1151,,,-0.007670766208320856,,0.007670766208320856,
288,1155,,,-0.007666727062314749,,0.007666727062314749,
289,1159,,,-0.0076751708984375,,0.0076751708984375,
290,1163,,,-0.007664517033845186,,0.007664517033845186,
291,1167,,,-0.007676396984606981,,0.007676396984606981,
292,1171,,,-0.007674526888877153,,0.007674526888877153,
293,1175,,,-0.007675014901906252,,0.007675014901906252,
294,1179,,,-0.007674548774957657,,0.007674548774957657,
295,1183,,,-0.007678211200982332,,0.007678211200982332,
296,1187,,,-0.007673480082303286,,0.007673480082303286,
297,1191,,,-0.007686690893024206,,0.007686690893024206,
298,1195,,,-0.007679574657231569,,0.007679574657231569,
299,1199,,,,-0.011748164892196655,,0.011748164892196655
299,1199,,,-0.007675893604755402,,0.007675893604755402,
300,1203,,,-0.0076772235333919525,,0.0076772235333919525,
301,1207,,,-0.0076759979128837585,,0.0076759979128837585,
302,1211,,,-0.007677020039409399,,0.007677020039409399,
303,1215,,,-0.007676796987652779,,0.007676796987652779,
304,1219,,,-0.007680405396968126,,0.007680405396968126,
305,1223,,,-0.007681777700781822,,0.007681777700781822,
306,1227,,,-0.007680116221308708,,0.007680116221308708,
307,1231,,,-0.007676688488572836,,0.007676688488572836,
308,1235,,,-0.007678573485463858,,0.007678573485463858,
309,1239,,,-0.007686448283493519,,0.007686448283493519,
310,1243,,,-0.007686530705541372,,0.007686530705541372,
311,1247,,,-0.007673383224755526,,0.007673383224755526,
312,1249,,,,-0.009502410888671875,,0.009502410888671875
312,1251,,,-0.007676676381379366,,0.007676676381379366,
313,1255,,,-0.007681976072490215,,0.007681976072490215,
314,1259,,,-0.0076846769079566,,0.0076846769079566,
315,1263,,,-0.0076660471968352795,,0.0076660471968352795,
316,1267,,,-0.007682648487389088,,0.007682648487389088,
317,1271,,,-0.007691029459238052,,0.007691029459238052,
318,1275,,,-0.0076871272176504135,,0.0076871272176504135,
319,1279,,,-0.007679301779717207,,0.007679301779717207,
320,1283,,,-0.007676113396883011,,0.007676113396883011,
321,1287,,,-0.007681458722800016,,0.007681458722800016,
322,1291,,,-0.007717914879322052,,0.007717914879322052,
323,1295,,,-0.00768497446551919,,0.00768497446551919,
324,1299,,,,-0.007368981838226318,,0.007368981838226318
324,1299,,,-0.007691558916121721,,0.007691558916121721,
325,1303,,,-0.007684037555009127,,0.007684037555009127,
326,1307,,,-0.007686270866543055,,0.007686270866543055,
327,1311,,,-0.007684648502618074,,0.007684648502618074,
328,1315,,,-0.007687659934163094,,0.007687659934163094,
329,1319,,,-0.007691991049796343,,0.007691991049796343,
330,1323,,,-0.007693171966820955,,0.007693171966820955,
331,1327,,,-0.007680817041546106,,0.007680817041546106,
332,1331,,,-0.007689011283218861,,0.007689011283218861,
333,1335,,,-0.007704568095505238,,0.007704568095505238,
334,1339,,,-0.007696652784943581,,0.007696652784943581,
335,1343,,,-0.007695560343563557,,0.007695560343563557,
336,1347,,,-0.007684122305363417,,0.007684122305363417,
337,1349,,,,-0.006325423717498779,,0.006325423717498779
337,1351,,,-0.007692399900406599,,0.007692399900406599,
338,1355,,,-0.00769184622913599,,0.00769184622913599,
339,1359,,,-0.007689246442168951,,0.007689246442168951,
340,1363,,,-0.007708468474447727,,0.007708468474447727,
341,1367,,,-0.007698234636336565,,0.007698234636336565,
342,1371,,,-0.007693026214838028,,0.007693026214838028,
343,1375,,,-0.007697238586843014,,0.007697238586843014,
344,1379,,,-0.007694229017943144,,0.007694229017943144,
345,1383,,,-0.007702271454036236,,0.007702271454036236,
346,1387,,,-0.007689938880503178,,0.007689938880503178,
347,1391,,,-0.007675827946513891,,0.007675827946513891,
348,1395,,,-0.007700324524194002,,0.007700324524194002,
349,1399,,,,-0.012388855218887329,,0.012388855218887329
349,1399,,,-0.007693000603467226,,0.007693000603467226,
350,1403,,,-0.007697958964854479,,0.007697958964854479,
351,1407,,,-0.007699483074247837,,0.007699483074247837,
352,1411,,,-0.007693469990044832,,0.007693469990044832,
353,1415,,,-0.007697293069213629,,0.007697293069213629,
354,1419,,,-0.007693041115999222,,0.007693041115999222,
355,1423,,,-0.007688659708946943,,0.007688659708946943,
356,1427,,,-0.007694834377616644,,0.007694834377616644,
357,1431,,,-0.007699400652199984,,0.007699400652199984,
358,1435,,,-0.007693214807659388,,0.007693214807659388,
359,1439,,,-0.007690576836466789,,0.007690576836466789,
360,1443,,,-0.007707575801759958,,0.007707575801759958,
361,1447,,,-0.007708424236625433,,0.007708424236625433,
362,1449,,,,-0.008504658937454224,,0.008504658937454224
362,1451,,,-0.0076764971017837524,,0.0076764971017837524,
363,1455,,,-0.007697269320487976,,0.007697269320487976,
364,1459,,,-0.007706773933023214,,0.007706773933023214,
365,1463,,,-0.0076974001713097095,,0.0076974001713097095,
366,1467,,,-0.007703859359025955,,0.007703859359025955,
367,1471,,,-0.0077048358507454395,,0.0077048358507454395,
368,1475,,,-0.007683841977268457,,0.007683841977268457,
369,1479,,,-0.007697999477386475,,0.007697999477386475,
370,1483,,,-0.0076885707676410675,,0.0076885707676410675,
371,1487,,,-0.007706918753683567,,0.007706918753683567,
372,1491,,,-0.00770221883431077,,0.00770221883431077,
373,1495,,,-0.0077007971704006195,,0.0077007971704006195,
374,1499,,,,-0.01101374626159668,,0.01101374626159668
374,1499,,,-0.007707654032856226,,0.007707654032856226,
375,1503,,,-0.007722034119069576,,0.007722034119069576,
376,1507,,,-0.0077049690298736095,,0.0077049690298736095,
377,1511,,,-0.007701148744672537,,0.007701148744672537,
378,1515,,,-0.007702326402068138,,0.007702326402068138,
379,1519,,,-0.0077058905735611916,,0.0077058905735611916,
380,1523,,,-0.007707768119871616,,0.007707768119871616,
381,1527,,,-0.007697016466408968,,0.007697016466408968,
382,1531,,,-0.007708413060754538,,0.007708413060754538,
383,1535,,,-0.007699788548052311,,0.007699788548052311,
384,1539,,,-0.007707512471824884,,0.007707512471824884,
385,1543,,,-0.007698290981352329,,0.007698290981352329,
386,1547,,,-0.007713600527495146,,0.007713600527495146,
387,1549,,,,-0.006967335939407349,,0.006967335939407349
387,1551,,,-0.007712082006037235,,0.007712082006037235,
388,1555,,,-0.007707261014729738,,0.007707261014729738,
389,1559,,,-0.007706445176154375,,0.007706445176154375,
390,1563,,,-0.0077101546339690685,,0.0077101546339690685,
391,1567,,,-0.0076982746832072735,,0.0076982746832072735,
392,1571,,,-0.0077117630280554295,,0.0077117630280554295,
393,1575,,,-0.007706714794039726,,0.007706714794039726,
394,1579,,,-0.007709128316491842,,0.007709128316491842,
395,1583,,,-0.007704621646553278,,0.007704621646553278,
396,1587,,,-0.007707893382757902,,0.007707893382757902,
397,1591,,,-0.007702283561229706,,0.007702283561229706,
398,1595,,,-0.007715103216469288,,0.007715103216469288,
399,1599,,,,-0.008840888738632202,,0.008840888738632202
399,1599,,,-0.00770611921325326,,0.00770611921325326,
400,1603,,,-0.007727469317615032,,0.007727469317615032,
401,1607,,,-0.007698508445173502,,0.007698508445173502,
402,1611,,,-0.0077079045586287975,,0.0077079045586287975,
403,1615,,,-0.007711145561188459,,0.007711145561188459,
404,1619,,,-0.007707084994763136,,0.007707084994763136,
405,1623,,,-0.00771467387676239,,0.00771467387676239,
406,1627,,,-0.00771739287301898,,0.00771739287301898,
407,1631,,,-0.007703483570367098,,0.007703483570367098,
408,1635,,,-0.007710224948823452,,0.007710224948823452,
409,1639,,,-0.007711225654929876,,0.007711225654929876,
410,1643,,,-0.007722579874098301,,0.007722579874098301,
411,1647,,,-0.007718008477240801,,0.007718008477240801,
412,1649,,,,-0.0070323944091796875,,0.0070323944091796875
412,1651,,,-0.007701769471168518,,0.007701769471168518,
413,1655,,,-0.007719139102846384,,0.007719139102846384,
414,1659,,,-0.00771417235955596,,0.00771417235955596,
415,1663,,,-0.00771029619500041,,0.00771029619500041,
416,1667,,,-0.007709769997745752,,0.007709769997745752,
417,1671,,,-0.007736303843557835,,0.007736303843557835,
418,1675,,,-0.007706622593104839,,0.007706622593104839,
419,1679,,,-0.007707555312663317,,0.007707555312663317,
420,1683,,,-0.007715244777500629,,0.007715244777500629,
421,1687,,,-0.007695002481341362,,0.007695002481341362,
422,1691,,,-0.007723082322627306,,0.007723082322627306,
423,1695,,,-0.007720014546066523,,0.007720014546066523,
424,1699,,,,-0.012905925512313843,,0.012905925512313843
424,1699,,,-0.007701813243329525,,0.007701813243329525,
425,1703,,,-0.007725234143435955,,0.007725234143435955,
426,1707,,,-0.0077169230207800865,,0.0077169230207800865,
427,1711,,,-0.007705889642238617,,0.007705889642238617,
428,1715,,,-0.00772130349650979,,0.00772130349650979,
429,1719,,,-0.007733467034995556,,0.007733467034995556,
430,1723,,,-0.007710809353739023,,0.007710809353739023,
431,1727,,,-0.007717886008322239,,0.007717886008322239,
432,1731,,,-0.007726123556494713,,0.007726123556494713,
433,1735,,,-0.007705471944063902,,0.007705471944063902,
434,1739,,,-0.0077338144183158875,,0.0077338144183158875,
435,1743,,,-0.00771348737180233,,0.00771348737180233,
436,1747,,,-0.0077173602767288685,,0.0077173602767288685,
437,1749,,,,-0.008600175380706787,,0.008600175380706787
437,1751,,,-0.007713598199188709,,0.007713598199188709,
438,1755,,,-0.007718164473772049,,0.007718164473772049,
439,1759,,,-0.00772893289104104,,0.00772893289104104,
440,1763,,,-0.007719551678746939,,0.007719551678746939,
441,1767,,,-0.0077191852033138275,,0.0077191852033138275,
442,1771,,,-0.007718766573816538,,0.007718766573816538,
443,1775,,,-0.007724208291620016,,0.007724208291620016,
444,1779,,,-0.007716489024460316,,0.007716489024460316,
445,1783,,,-0.0077283503487706184,,0.0077283503487706184,
446,1787,,,-0.007719099055975676,,0.007719099055975676,
447,1791,,,-0.007732930593192577,,0.007732930593192577,
448,1795,,,-0.007722363341599703,,0.007722363341599703,
449,1799,,,,-0.009873002767562866,,0.009873002767562866
449,1799,,,-0.007718292996287346,,0.007718292996287346,
450,1803,,,-0.007720819674432278,,0.007720819674432278,
451,1807,,,-0.007715434767305851,,0.007715434767305851,
452,1811,,,-0.007717198226600885,,0.007717198226600885,
453,1815,,,-0.007723015267401934,,0.007723015267401934,
454,1819,,,-0.0077249761670827866,,0.0077249761670827866,
455,1823,,,-0.007725873962044716,,0.007725873962044716,
456,1827,,,-0.00772717222571373,,0.00772717222571373,
457,1831,,,-0.007721972186118364,,0.007721972186118364,
458,1835,,,-0.007725612260401249,,0.007725612260401249,
459,1839,,,-0.007720388006418943,,0.007720388006418943,
460,1843,,,-0.007723668590188026,,0.007723668590188026,
461,1847,,,-0.007720686960965395,,0.007720686960965395,
462,1849,,,,-0.008417457342147827,,0.008417457342147827
462,1851,,,-0.0077245463617146015,,0.0077245463617146015,
463,1855,,,-0.0077320849522948265,,0.0077320849522948265,
464,1859,,,-0.0077268211171031,,0.0077268211171031,
465,1863,,,-0.007740205619484186,,0.007740205619484186,
466,1867,,,-0.00772047508507967,,0.00772047508507967,
467,1871,,,-0.00772507069632411,,0.00772507069632411,
468,1875,,,-0.007728164549916983,,0.007728164549916983,
469,1879,,,-0.007717000786215067,,0.007717000786215067,
470,1883,,,-0.007721001282334328,,0.007721001282334328,
471,1887,,,-0.007712056860327721,,0.007712056860327721,
472,1891,,,-0.007726506795734167,,0.007726506795734167,
473,1895,,,-0.007716922555118799,,0.007716922555118799,
474,1899,,,,-0.006042957305908203,,0.006042957305908203
474,1899,,,-0.007721863687038422,,0.007721863687038422,
475,1903,,,-0.007706751115620136,,0.007706751115620136,
476,1907,,,-0.007725843228399754,,0.007725843228399754,
477,1911,,,-0.007725798059254885,,0.007725798059254885,
478,1915,,,-0.007728923577815294,,0.007728923577815294,
479,1919,,,-0.007738258223980665,,0.007738258223980665,
480,1923,,,-0.007731845136731863,,0.007731845136731863,
481,1927,,,-0.0077253044582903385,,0.0077253044582903385,
482,1931,,,-0.007742099463939667,,0.007742099463939667,
483,1935,,,-0.007715671323239803,,0.007715671323239803,
484,1939,,,-0.007733620703220367,,0.007733620703220367,
485,1943,,,-0.00773038761690259,,0.00773038761690259,
486,1947,,,-0.0077278935350477695,,0.0077278935350477695,
487,1949,,,,-0.00772431492805481,,0.00772431492805481
487,1951,,,-0.0077277896925807,,0.0077277896925807,
488,1955,,,-0.0077378652058541775,,0.0077378652058541775,
489,1959,,,-0.007739654742181301,,0.007739654742181301,
490,1963,,,-0.007731996942311525,,0.007731996942311525,
491,1967,,,-0.007729907985776663,,0.007729907985776663,
492,1971,,,-0.007733600214123726,,0.007733600214123726,
493,1975,,,-0.007721425499767065,,0.007721425499767065,
494,1979,,,-0.00773096876218915,,0.00773096876218915,
495,1983,,,-0.007728988770395517,,0.007728988770395517,
496,1987,,,-0.007730390876531601,,0.007730390876531601,
497,1991,,,-0.007721286732703447,,0.007721286732703447,
498,1995,,,-0.007734077051281929,,0.007734077051281929,
499,1999,,,,-0.006938129663467407,,0.006938129663467407
499,1999,,,-0.007732714060693979,,0.007732714060693979,
500,2003,,,-0.007733930833637714,,0.007733930833637714,
501,2007,,,-0.007733083795756102,,0.007733083795756102,
502,2011,,,-0.0077282702550292015,,0.0077282702550292015,
503,2015,,,-0.0077396538108587265,,0.0077396538108587265,
504,2019,,,-0.007729011587798595,,0.007729011587798595,
505,2023,,,-0.007727951277047396,,0.007727951277047396,
506,2027,,,-0.007737657520920038,,0.007737657520920038,
507,2031,,,-0.007732591591775417,,0.007732591591775417,
508,2035,,,-0.0077345711179077625,,0.0077345711179077625,
509,2039,,,-0.007744224276393652,,0.007744224276393652,
510,2043,,,-0.007737305015325546,,0.007737305015325546,
511,2047,,,-0.007730903569608927,,0.007730903569608927,
512,2049,,,,-0.009016990661621094,,0.009016990661621094
512,2051,,,-0.007736330386251211,,0.007736330386251211,
513,2055,,,-0.00773458881303668,,0.00773458881303668,
514,2059,,,-0.0077395024709403515,,0.0077395024709403515,
515,2063,,,-0.007733652833849192,,0.007733652833849192,
516,2067,,,-0.007742555346339941,,0.007742555346339941,
517,2071,,,-0.007734681945294142,,0.007734681945294142,
518,2075,,,-0.007731297984719276,,0.007731297984719276,
519,2079,,,-0.00773649150505662,,0.00773649150505662,
520,2083,,,-0.007739551831036806,,0.007739551831036806,
521,2087,,,-0.007728968746960163,,0.007728968746960163,
522,2091,,,-0.007736262399703264,,0.007736262399703264,
523,2095,,,-0.007736463099718094,,0.007736463099718094,
524,2099,,,,-0.006288051605224609,,0.006288051605224609
524,2099,,,-0.007740243803709745,,0.007740243803709745,
525,2103,,,-0.007750820834189653,,0.007750820834189653,
526,2107,,,-0.007732918951660395,,0.007732918951660395,
527,2111,,,-0.007723652292042971,,0.007723652292042971,
528,2115,,,-0.007746678777039051,,0.007746678777039051,
529,2119,,,-0.007736496161669493,,0.007736496161669493,
530,2123,,,-0.007745644077658653,,0.007745644077658653,
531,2127,,,-0.007737228646874428,,0.007737228646874428,
532,2131,,,-0.0077398899011313915,,0.0077398899011313915,
533,2135,,,-0.007737846113741398,,0.007737846113741398,
534,2139,,,-0.007734330371022224,,0.007734330371022224,
535,2143,,,-0.007727272342890501,,0.007727272342890501,
536,2147,,,-0.007749703712761402,,0.007749703712761402,
537,2149,,,,-0.008869171142578125,,0.008869171142578125
537,2151,,,-0.0077385674230754375,,0.0077385674230754375,
538,2155,,,-0.007739540655165911,,0.007739540655165911,
539,2159,,,-0.007741918321698904,,0.007741918321698904,
540,2163,,,-0.007746151648461819,,0.007746151648461819,
541,2167,,,-0.007739880122244358,,0.007739880122244358,
542,2171,,,-0.007736253552138805,,0.007736253552138805,
543,2175,,,-0.007737748324871063,,0.007737748324871063,
544,2179,,,-0.0077405995689332485,,0.0077405995689332485,
545,2183,,,-0.0077391937375068665,,0.0077391937375068665,
546,2187,,,-0.0077392361126840115,,0.0077392361126840115,
547,2191,,,-0.007762360852211714,,0.007762360852211714,
548,2195,,,-0.007740037050098181,,0.007740037050098181,
549,2199,,,,-0.005106687545776367,,0.005106687545776367
549,2199,,,-0.007750972639769316,,0.007750972639769316,
550,2203,,,-0.007733656093478203,,0.007733656093478203,
551,2207,,,-0.007741514127701521,,0.007741514127701521,
552,2211,,,-0.007747102063149214,,0.007747102063149214,
553,2215,,,-0.007743235677480698,,0.007743235677480698,
554,2219,,,-0.00774354999884963,,0.00774354999884963,
555,2223,,,-0.007739159278571606,,0.007739159278571606,
556,2227,,,-0.0077424244955182076,,0.0077424244955182076,
557,2231,,,-0.007743059657514095,,0.007743059657514095,
558,2235,,,-0.0077533600851893425,,0.0077533600851893425,
559,2239,,,-0.007751017808914185,,0.007751017808914185,
560,2243,,,-0.007744301576167345,,0.007744301576167345,
561,2247,,,-0.0077569009736180305,,0.0077569009736180305,
562,2249,,,,-0.004400908946990967,,0.004400908946990967
562,2251,,,-0.007741162087768316,,0.007741162087768316,
563,2255,,,-0.007753520272672176,,0.007753520272672176,
564,2259,,,-0.007753652520477772,,0.007753652520477772,
565,2263,,,-0.007747043389827013,,0.007747043389827013,
566,2267,,,-0.007748279720544815,,0.007748279720544815,
567,2271,,,-0.007749740034341812,,0.007749740034341812,
568,2275,,,-0.00774373346939683,,0.00774373346939683,
569,2279,,,-0.007753413636237383,,0.007753413636237383,
570,2283,,,-0.0077528017573058605,,0.0077528017573058605,
571,2287,,,-0.007748671807348728,,0.007748671807348728,
572,2291,,,-0.007759245578199625,,0.007759245578199625,
573,2295,,,-0.007750124204903841,,0.007750124204903841,
574,2299,,,,-0.0031626522541046143,,0.0031626522541046143
574,2299,,,-0.007752478122711182,,0.007752478122711182,
575,2303,,,-0.007752279285341501,,0.007752279285341501,
576,2307,,,-0.007744838483631611,,0.007744838483631611,
577,2311,,,-0.007750804536044598,,0.007750804536044598,
578,2315,,,-0.007746676914393902,,0.007746676914393902,
579,2319,,,-0.007743424735963345,,0.007743424735963345,
580,2323,,,-0.007749589625746012,,0.007749589625746012,
581,2327,,,-0.007752515375614166,,0.007752515375614166,
582,2331,,,-0.007754147052764893,,0.007754147052764893,
583,2335,,,-0.007751379162073135,,0.007751379162073135,
584,2339,,,-0.007750534452497959,,0.007750534452497959,
585,2343,,,-0.007747619412839413,,0.007747619412839413,
586,2347,,,-0.007747783325612545,,0.007747783325612545,
587,2349,,,,-0.0048638880252838135,,0.0048638880252838135
587,2351,,,-0.007755250670015812,,0.007755250670015812,
588,2355,,,-0.007756941020488739,,0.007756941020488739,
589,2359,,,-0.007774177473038435,,0.007774177473038435,
590,2363,,,-0.007771454751491547,,0.007771454751491547,
591,2367,,,-0.007754363119602203,,0.007754363119602203,
592,2371,,,-0.0077591887675225735,,0.0077591887675225735,
593,2375,,,-0.007750207092612982,,0.007750207092612982,
594,2379,,,-0.007765616290271282,,0.007765616290271282,
595,2383,,,-0.007757182233035564,,0.007757182233035564,
596,2387,,,-0.007764276582747698,,0.007764276582747698,
597,2391,,,-0.007728234864771366,,0.007728234864771366,
598,2395,,,-0.007751514203846455,,0.007751514203846455,
599,2399,,,,-0.005844831466674805,,0.005844831466674805
599,2399,,,-0.0077676731161773205,,0.0077676731161773205,
600,2403,,,-0.00775660015642643,,0.00775660015642643,
601,2407,,,-0.00775897316634655,,0.00775897316634655,
602,2411,,,-0.0077544585801661015,,0.0077544585801661015,
603,2415,,,-0.007755143102258444,,0.007755143102258444,
604,2419,,,-0.007768458221107721,,0.007768458221107721,
605,2423,,,-0.007755034603178501,,0.007755034603178501,
606,2427,,,-0.007752832490950823,,0.007752832490950823,
607,2431,,,-0.007753594312816858,,0.007753594312816858,
608,2435,,,-0.0077626630663871765,,0.0077626630663871765,
609,2439,,,-0.007775549311190844,,0.007775549311190844,
610,2443,,,-0.007765966933220625,,0.007765966933220625,
611,2447,,,-0.007761446293443441,,0.007761446293443441,
612,2449,,,,-0.004690736532211304,,0.004690736532211304
612,2451,,,-0.007778823841363192,,0.007778823841363192,
613,2455,,,-0.007773009594529867,,0.007773009594529867,
614,2459,,,-0.00776901887729764,,0.00776901887729764,
615,2463,,,-0.007748859003186226,,0.007748859003186226,
616,2467,,,-0.00775626627728343,,0.00775626627728343,
617,2471,,,-0.007760799489915371,,0.007760799489915371,
618,2475,,,-0.007763093337416649,,0.007763093337416649,
619,2479,,,-0.007762603461742401,,0.007762603461742401,
620,2483,,,-0.007764939218759537,,0.007764939218759537,
621,2487,,,-0.007756724022328854,,0.007756724022328854,
622,2491,,,-0.0077637978829443455,,0.0077637978829443455,
623,2495,,,-0.007788229733705521,,0.007788229733705521,
624,2499,,,,-0.006768375635147095,,0.006768375635147095
624,2499,,,-0.007763422094285488,,0.007763422094285488,
625,2503,,,-0.007773838937282562,,0.007773838937282562,
626,2507,,,-0.007757866755127907,,0.007757866755127907,
627,2511,,,-0.007769662421196699,,0.007769662421196699,
628,2515,,,-0.007765459828078747,,0.007765459828078747,
629,2519,,,-0.007768957410007715,,0.007768957410007715,
630,2523,,,-0.007765013258904219,,0.007765013258904219,
631,2527,,,-0.007770291995257139,,0.007770291995257139,
632,2531,,,-0.007761825807392597,,0.007761825807392597,
633,2535,,,-0.0077866422943770885,,0.0077866422943770885,
634,2539,,,-0.007761492859572172,,0.007761492859572172,
635,2543,,,-0.0077726151794195175,,0.0077726151794195175,
636,2547,,,-0.007769222371280193,,0.007769222371280193,
637,2549,,,,-0.009089469909667969,,0.009089469909667969
637,2551,,,-0.007763644214719534,,0.007763644214719534,
638,2555,,,-0.007791509386152029,,0.007791509386152029,
639,2559,,,-0.007763434201478958,,0.007763434201478958,
640,2563,,,-0.007761085871607065,,0.007761085871607065,
641,2567,,,-0.007765183225274086,,0.007765183225274086,
642,2571,,,-0.0077812341041862965,,0.0077812341041862965,
643,2575,,,-0.007783487904816866,,0.007783487904816866,
644,2579,,,-0.007766077294945717,,0.007766077294945717,
645,2583,,,-0.007761666085571051,,0.007761666085571051,
646,2587,,,-0.007769422139972448,,0.007769422139972448,
647,2591,,,-0.007785202469676733,,0.007785202469676733,
648,2595,,,-0.007805376313626766,,0.007805376313626766,
649,2599,,,,-0.010177642107009888,,0.010177642107009888
649,2599,,,-0.007767324335873127,,0.007767324335873127,
650,2603,,,-0.007770131807774305,,0.007770131807774305,
651,2607,,,-0.007769894786179066,,0.007769894786179066,
652,2611,,,-0.007769516669213772,,0.007769516669213772,
653,2615,,,-0.007764717563986778,,0.007764717563986778,
654,2619,,,-0.00776699697598815,,0.00776699697598815,
655,2623,,,-0.007774914614856243,,0.007774914614856243,
656,2627,,,-0.007767500355839729,,0.007767500355839729,
657,2631,,,-0.007773602847009897,,0.007773602847009897,
658,2635,,,-0.00778085645288229,,0.00778085645288229,
659,2639,,,-0.007790159899741411,,0.007790159899741411,
660,2643,,,-0.007760477717965841,,0.007760477717965841,
661,2647,,,-0.0077765448950231075,,0.0077765448950231075,
662,2649,,,,-0.004316240549087524,,0.004316240549087524
662,2651,,,-0.007770761381834745,,0.007770761381834745,
663,2655,,,-0.007762742228806019,,0.007762742228806019,
664,2659,,,-0.007774450816214085,,0.007774450816214085,
665,2663,,,-0.007774937432259321,,0.007774937432259321,
666,2667,,,-0.00774472625926137,,0.00774472625926137,
667,2671,,,-0.007769415155053139,,0.007769415155053139,
668,2675,,,-0.0077832709066569805,,0.0077832709066569805,
669,2679,,,-0.007770806550979614,,0.007770806550979614,
670,2683,,,-0.0077770184725522995,,0.0077770184725522995,
671,2687,,,-0.007776548154652119,,0.007776548154652119,
672,2691,,,-0.007775554899126291,,0.007775554899126291,
673,2695,,,-0.0077887349762022495,,0.0077887349762022495,
674,2699,,,,-0.010948807001113892,,0.010948807001113892
674,2699,,,-0.0077799586579203606,,0.0077799586579203606,
675,2703,,,-0.007782537490129471,,0.007782537490129471,
676,2707,,,-0.007776961196213961,,0.007776961196213961,
677,2711,,,-0.007761043030768633,,0.007761043030768633,
678,2715,,,-0.0077711064368486404,,0.0077711064368486404,
679,2719,,,-0.007771219592541456,,0.007771219592541456,
680,2723,,,-0.00777746457606554,,0.00777746457606554,
681,2727,,,-0.007778968662023544,,0.007778968662023544,
682,2731,,,-0.00777939148247242,,0.00777939148247242,
683,2735,,,-0.007777413818985224,,0.007777413818985224,
684,2739,,,-0.007778639905154705,,0.007778639905154705,
685,2743,,,-0.007785727735608816,,0.007785727735608816,
686,2747,,,-0.007765786722302437,,0.007765786722302437,
687,2749,,,,-0.008388906717300415,,0.008388906717300415
687,2751,,,-0.007783742621541023,,0.007783742621541023,
688,2755,,,-0.007778686471283436,,0.007778686471283436,
689,2759,,,-0.0077726151794195175,,0.0077726151794195175,
690,2763,,,-0.0077913496643304825,,0.0077913496643304825,
691,2767,,,-0.007774985861033201,,0.007774985861033201,
692,2771,,,-0.007784475106745958,,0.007784475106745958,
693,2775,,,-0.007782038766890764,,0.007782038766890764,
694,2779,,,-0.007776431739330292,,0.007776431739330292,
695,2783,,,-0.007785535417497158,,0.007785535417497158,
696,2787,,,-0.007775931619107723,,0.007775931619107723,
697,2791,,,-0.007781265769153833,,0.007781265769153833,
698,2795,,,-0.007773909252136946,,0.007773909252136946,
699,2799,,,,-0.007024556398391724,,0.007024556398391724
699,2799,,,-0.007777080871164799,,0.007777080871164799,
700,2803,,,-0.007789227180182934,,0.007789227180182934,
701,2807,,,-0.007783089764416218,,0.007783089764416218,
702,2811,,,-0.007786355447024107,,0.007786355447024107,
703,2815,,,-0.007788558956235647,,0.007788558956235647,
704,2819,,,-0.007788659539073706,,0.007788659539073706,
705,2823,,,-0.007759655360132456,,0.007759655360132456,
706,2827,,,-0.007779517211019993,,0.007779517211019993,
707,2831,,,-0.007780063897371292,,0.007780063897371292,
708,2835,,,-0.0077997734770178795,,0.0077997734770178795,
709,2839,,,-0.007780745159834623,,0.007780745159834623,
710,2843,,,-0.007784019224345684,,0.007784019224345684,
711,2847,,,-0.007790041621774435,,0.007790041621774435,
712,2849,,,,-0.005280882120132446,,0.005280882120132446
712,2851,,,-0.007780836429446936,,0.007780836429446936,
713,2855,,,-0.007775499019771814,,0.007775499019771814,
714,2859,,,-0.007779623381793499,,0.007779623381793499,
715,2863,,,-0.007788317743688822,,0.007788317743688822,
716,2867,,,-0.0077677336521446705,,0.0077677336521446705,
717,2871,,,-0.007765821646898985,,0.007765821646898985,
718,2875,,,-0.007789310999214649,,0.007789310999214649,
719,2879,,,-0.0077954912558197975,,0.0077954912558197975,
720,2883,,,-0.007786983624100685,,0.007786983624100685,
721,2887,,,-0.0077950977720320225,,0.0077950977720320225,
722,2891,,,-0.0077908337116241455,,0.0077908337116241455,
723,2895,,,-0.007802294101566076,,0.007802294101566076,
724,2899,,,,-0.0066578686237335205,,0.0066578686237335205
724,2899,,,-0.007791249081492424,,0.007791249081492424,
725,2903,,,-0.007790315896272659,,0.007790315896272659,
726,2907,,,-0.007797639816999435,,0.007797639816999435,
727,2911,,,-0.00779594574123621,,0.00779594574123621,
728,2915,,,-0.007785625755786896,,0.007785625755786896,
729,2919,,,-0.007789367809891701,,0.007789367809891701,
730,2923,,,-0.007787911221385002,,0.007787911221385002,
731,2927,,,-0.00779404491186142,,0.00779404491186142,
732,2931,,,-0.007788655813783407,,0.007788655813783407,
733,2935,,,-0.00778572540730238,,0.00778572540730238,
734,2939,,,-0.007789129391312599,,0.007789129391312599,
735,2943,,,-0.007782713044434786,,0.007782713044434786,
736,2947,,,-0.007787575013935566,,0.007787575013935566,
737,2949,,,,-0.010011464357376099,,0.010011464357376099
737,2951,,,-0.007788003422319889,,0.007788003422319889,
738,2955,,,-0.007789946626871824,,0.007789946626871824,
739,2959,,,-0.007786877453327179,,0.007786877453327179,
740,2963,,,-0.0077795046381652355,,0.0077795046381652355,
741,2967,,,-0.0077795302495360374,,0.0077795302495360374,
742,2971,,,-0.007795326411724091,,0.007795326411724091,
743,2975,,,-0.007786084897816181,,0.007786084897816181,
744,2979,,,-0.007808709517121315,,0.007808709517121315,
745,2983,,,-0.007801871281117201,,0.007801871281117201,
746,2987,,,-0.007790787611156702,,0.007790787611156702,
747,2991,,,-0.007795981131494045,,0.007795981131494045,
748,2995,,,-0.007794365752488375,,0.007794365752488375,
749,2999,,,,-0.00801268219947815,,0.00801268219947815
749,2999,,,-0.007796023041009903,,0.007796023041009903,
750,3003,,,-0.0078034414909780025,,0.0078034414909780025,
751,3007,,,-0.007794962730258703,,0.007794962730258703,
752,3011,,,-0.007790566887706518,,0.007790566887706518,
753,3015,,,-0.007792378310114145,,0.007792378310114145,
754,3019,,,-0.007794170640408993,,0.007794170640408993,
755,3023,,,-0.0077947392128407955,,0.0077947392128407955,
756,3027,,,-0.007782282307744026,,0.007782282307744026,
757,3031,,,-0.007787269074469805,,0.007787269074469805,
758,3035,,,-0.0078018601052463055,,0.0078018601052463055,
759,3039,,,-0.0077806757763028145,,0.0077806757763028145,
760,3043,,,-0.007805032189935446,,0.007805032189935446,
761,3047,,,-0.0077871112152934074,,0.0077871112152934074,
762,3049,,,,-0.003979682922363281,,0.003979682922363281
762,3051,,,-0.007788919843733311,,0.007788919843733311,
763,3055,,,-0.00778247369453311,,0.00778247369453311,
764,3059,,,-0.0077987858094275,,0.0077987858094275,
765,3063,,,-0.00780065730214119,,0.00780065730214119,
766,3067,,,-0.007791347801685333,,0.007791347801685333,
767,3071,,,-0.007772855460643768,,0.007772855460643768,
768,3075,,,-0.007796251215040684,,0.007796251215040684,
769,3079,,,-0.007793409749865532,,0.007793409749865532,
770,3083,,,-0.007792118936777115,,0.007792118936777115,
771,3087,,,-0.007797609083354473,,0.007797609083354473,
772,3091,,,-0.007792168762534857,,0.007792168762534857,
773,3095,,,-0.007795665878802538,,0.007795665878802538,
774,3099,,,,-0.008631646633148193,,0.008631646633148193
774,3099,,,-0.007787173613905907,,0.007787173613905907,
775,3103,,,-0.007801729720085859,,0.007801729720085859,
776,3107,,,-0.007800946943461895,,0.007800946943461895,
777,3111,,,-0.007792835123836994,,0.007792835123836994,
778,3115,,,-0.007798866368830204,,0.007798866368830204,
779,3119,,,-0.007810092531144619,,0.007810092531144619,
780,3123,,,-0.007802331354469061,,0.007802331354469061,
781,3127,,,-0.007800194434821606,,0.007800194434821606,
782,3131,,,-0.007793611381202936,,0.007793611381202936,
783,3135,,,-0.007788870483636856,,0.007788870483636856,
784,3139,,,-0.007803010288625956,,0.007803010288625956,
785,3143,,,-0.007783181965351105,,0.007783181965351105,
786,3147,,,-0.007799296639859676,,0.007799296639859676,
787,3149,,,,-0.012728720903396606,,0.012728720903396606
787,3151,,,-0.007785908877849579,,0.007785908877849579,
788,3155,,,-0.007794895675033331,,0.007794895675033331,
789,3159,,,-0.007805297151207924,,0.007805297151207924,
790,3163,,,-0.007802544627338648,,0.007802544627338648,
791,3167,,,-0.007796799764037132,,0.007796799764037132,
792,3171,,,-0.0077942670322954655,,0.0077942670322954655,
793,3175,,,-0.007800786755979061,,0.007800786755979061,
794,3179,,,-0.007801251485943794,,0.007801251485943794,
795,3183,,,-0.007807300891727209,,0.007807300891727209,
796,3187,,,-0.0078079658560454845,,0.0078079658560454845,
797,3191,,,-0.007799750659614801,,0.007799750659614801,
798,3195,,,-0.0078012594021856785,,0.0078012594021856785,
799,3199,,,,-0.006426513195037842,,0.006426513195037842
799,3199,,,-0.007803181651979685,,0.007803181651979685,
800,3203,,,-0.007800530642271042,,0.007800530642271042,
801,3207,,,-0.00781321618705988,,0.00781321618705988,
802,3211,,,-0.007802349980920553,,0.007802349980920553,
803,3215,,,-0.0078055704943835735,,0.0078055704943835735,
804,3219,,,-0.007805775851011276,,0.007805775851011276,
805,3223,,,-0.007809536997228861,,0.007809536997228861,
806,3227,,,-0.007806634064763784,,0.007806634064763784,
807,3231,,,-0.007801988627761602,,0.007801988627761602,
808,3235,,,-0.007801786530762911,,0.007801786530762911,
809,3239,,,-0.007826519198715687,,0.007826519198715687,
810,3243,,,-0.00780658982694149,,0.00780658982694149,
811,3247,,,-0.007816494442522526,,0.007816494442522526,
812,3249,,,,-0.007221788167953491,,0.007221788167953491
812,3251,,,-0.00780528923496604,,0.00780528923496604,
813,3255,,,-0.007809856440871954,,0.007809856440871954,
814,3259,,,-0.007818164303898811,,0.007818164303898811,
815,3263,,,-0.0078000943176448345,,0.0078000943176448345,
816,3267,,,-0.007804859429597855,,0.007804859429597855,
817,3271,,,-0.007810021284967661,,0.007810021284967661,
818,3275,,,-0.007803498301655054,,0.007803498301655054,
819,3279,,,-0.007810281589627266,,0.007810281589627266,
820,3283,,,-0.007814276032149792,,0.007814276032149792,
821,3287,,,-0.007804908789694309,,0.007804908789694309,
822,3291,,,-0.007820786908268929,,0.007820786908268929,
823,3295,,,-0.0078076329082250595,,0.0078076329082250595,
824,3299,,,,-0.00268593430519104,,0.00268593430519104
824,3299,,,-0.007808161433786154,,0.007808161433786154,
825,3303,,,-0.007811372634023428,,0.007811372634023428,
826,3307,,,-0.007807137444615364,,0.007807137444615364,
827,3311,,,-0.0078123463317751884,,0.0078123463317751884,
828,3315,,,-0.007802982814610004,,0.007802982814610004,
829,3319,,,-0.007807354908436537,,0.007807354908436537,
830,3323,,,-0.0078020645305514336,,0.0078020645305514336,
831,3327,,,-0.007810529787093401,,0.007810529787093401,
832,3331,,,-0.007817436940968037,,0.007817436940968037,
833,3335,,,-0.007793074008077383,,0.007793074008077383,
834,3339,,,-0.007823710329830647,,0.007823710329830647,
835,3343,,,-0.007814294658601284,,0.007814294658601284,
836,3347,,,-0.007808123715221882,,0.007808123715221882,
837,3349,,,,-0.004747152328491211,,0.004747152328491211
837,3351,,,-0.007823830470442772,,0.007823830470442772,
838,3355,,,-0.007801595609635115,,0.007801595609635115,
839,3359,,,-0.007808307185769081,,0.007808307185769081,
840,3363,,,-0.007817381992936134,,0.007817381992936134,
841,3367,,,-0.00781070115044713,,0.00781070115044713,
842,3371,,,-0.007803288288414478,,0.007803288288414478,
843,3375,,,-0.007811868097633123,,0.007811868097633123,
844,3379,,,-0.007826721295714378,,0.007826721295714378,
845,3383,,,-0.0078118727542459965,,0.0078118727542459965,
846,3387,,,-0.007813427597284317,,0.007813427597284317,
847,3391,,,-0.007811575196683407,,0.007811575196683407,
848,3395,,,-0.007801378611475229,,0.007801378611475229,
849,3399,,,,-0.01039046049118042,,0.01039046049118042
849,3399,,,-0.007814903743565083,,0.007814903743565083,
850,3403,,,-0.007813995704054832,,0.007813995704054832,
851,3407,,,-0.007819228805601597,,0.007819228805601597,
852,3411,,,-0.0077991727739572525,,0.0077991727739572525,
853,3415,,,-0.007809313479810953,,0.007809313479810953,
854,3419,,,-0.007812362629920244,,0.007812362629920244,
855,3423,,,-0.007825866341590881,,0.007825866341590881,
856,3427,,,-0.007803515065461397,,0.007803515065461397,
857,3431,,,-0.007807663641870022,,0.007807663641870022,
858,3435,,,-0.007806981448084116,,0.007806981448084116,
859,3439,,,-0.007833954878151417,,0.007833954878151417,
860,3443,,,-0.007811312563717365,,0.007811312563717365,
861,3447,,,-0.0078111146576702595,,0.0078111146576702595,
862,3449,,,,-0.00905957818031311,,0.00905957818031311
862,3451,,,-0.00781754869967699,,0.00781754869967699,
863,3455,,,-0.007813879288733006,,0.007813879288733006,
864,3459,,,-0.007803159765899181,,0.007803159765899181,
865,3463,,,-0.007816887460649014,,0.007816887460649014,
866,3467,,,-0.007825284264981747,,0.007825284264981747,
867,3471,,,-0.007808631751686335,,0.007808631751686335,
868,3475,,,-0.007825016975402832,,0.007825016975402832,
869,3479,,,-0.007821404375135899,,0.007821404375135899,
870,3483,,,-0.007808909751474857,,0.007808909751474857,
871,3487,,,-0.007802390959113836,,0.007802390959113836,
872,3491,,,-0.007811926305294037,,0.007811926305294037,
873,3495,,,-0.007816696539521217,,0.007816696539521217,
874,3499,,,,-0.007729947566986084,,0.007729947566986084
874,3499,,,-0.007811619900166988,,0.007811619900166988,
875,3503,,,-0.0078134099021554,,0.0078134099021554,
876,3507,,,-0.007817888632416725,,0.007817888632416725,
877,3511,,,-0.007814857177436352,,0.007814857177436352,
878,3515,,,-0.007805350702255964,,0.007805350702255964,
879,3519,,,-0.007817362435162067,,0.007817362435162067,
880,3523,,,-0.007823213934898376,,0.007823213934898376,
881,3527,,,-0.007832234725356102,,0.007832234725356102,
882,3531,,,-0.007803615648299456,,0.007803615648299456,
883,3535,,,-0.007820865139365196,,0.007820865139365196,
884,3539,,,-0.007814728654921055,,0.007814728654921055,
885,3543,,,-0.007817835547029972,,0.007817835547029972,
886,3547,,,-0.007822650484740734,,0.007822650484740734,
887,3549,,,,-0.0092257559299469,,0.0092257559299469
887,3551,,,-0.007820304483175278,,0.007820304483175278,
888,3555,,,-0.007814145646989346,,0.007814145646989346,
889,3559,,,-0.007835601456463337,,0.007835601456463337,
890,3563,,,-0.00780473230406642,,0.00780473230406642,
891,3567,,,-0.007822895422577858,,0.007822895422577858,
892,3571,,,-0.007816312834620476,,0.007816312834620476,
893,3575,,,-0.007818724028766155,,0.007818724028766155,
894,3579,,,-0.007797492668032646,,0.007797492668032646,
895,3583,,,-0.007823274470865726,,0.007823274470865726,
896,3587,,,-0.007826192304491997,,0.007826192304491997,
897,3591,,,-0.007812734693288803,,0.007812734693288803,
898,3595,,,-0.007818326354026794,,0.007818326354026794,
899,3599,,,,-0.003652423620223999,,0.003652423620223999
899,3599,,,-0.007807684596627951,,0.007807684596627951,
900,3603,,,-0.007799414452165365,,0.007799414452165365,
901,3607,,,-0.007827697321772575,,0.007827697321772575,
902,3611,,,-0.007828026078641415,,0.007828026078641415,
903,3615,,,-0.007806275971233845,,0.007806275971233845,
904,3619,,,-0.007819720543920994,,0.007819720543920994,
905,3623,,,-0.007807586342096329,,0.007807586342096329,
906,3627,,,-0.007820465601980686,,0.007820465601980686,
907,3631,,,-0.007832550443708897,,0.007832550443708897,
908,3635,,,-0.007794604171067476,,0.007794604171067476,
909,3639,,,-0.007803177461028099,,0.007803177461028099,
910,3643,,,-0.007820343598723412,,0.007820343598723412,
911,3647,,,-0.0078114671632647514,,0.0078114671632647514,
912,3649,,,,-0.005598008632659912,,0.005598008632659912
912,3651,,,-0.007805901113897562,,0.007805901113897562,
913,3655,,,-0.0078084394335746765,,0.0078084394335746765,
914,3659,,,-0.00781600084155798,,0.00781600084155798,
915,3663,,,-0.007830665446817875,,0.007830665446817875,
916,3667,,,-0.007835918106138706,,0.007835918106138706,
917,3671,,,-0.007814462296664715,,0.007814462296664715,
918,3675,,,-0.007813483476638794,,0.007813483476638794,
919,3679,,,-0.007828394882380962,,0.007828394882380962,
920,3683,,,-0.007823540829122066,,0.007823540829122066,
921,3687,,,-0.007839614525437355,,0.007839614525437355,
922,3691,,,-0.007821678183972836,,0.007821678183972836,
923,3695,,,-0.007811730727553368,,0.007811730727553368,
924,3699,,,,-0.0049453675746917725,,0.0049453675746917725
924,3699,,,-0.00781632773578167,,0.00781632773578167,
925,3703,,,-0.007817811332643032,,0.007817811332643032,
926,3707,,,-0.007827014662325382,,0.007827014662325382,
927,3711,,,-0.007818574085831642,,0.007818574085831642,
928,3715,,,-0.007823512889444828,,0.007823512889444828,
929,3719,,,-0.007828310132026672,,0.007828310132026672,
930,3723,,,-0.00782509334385395,,0.00782509334385395,
931,3727,,,-0.007830035872757435,,0.007830035872757435,
932,3731,,,-0.007825733162462711,,0.007825733162462711,
933,3735,,,-0.007836809381842613,,0.007836809381842613,
934,3739,,,-0.007824688218533993,,0.007824688218533993,
935,3743,,,-0.007824322208762169,,0.007824322208762169,
936,3747,,,-0.007819890975952148,,0.007819890975952148,
937,3749,,,,-0.007518559694290161,,0.007518559694290161
937,3751,,,-0.007824089378118515,,0.007824089378118515,
938,3755,,,-0.007825246080756187,,0.007825246080756187,
939,3759,,,-0.0078033688478171825,,0.0078033688478171825,
940,3763,,,-0.007836242206394672,,0.007836242206394672,
941,3767,,,-0.007823381572961807,,0.007823381572961807,
942,3771,,,-0.007823086343705654,,0.007823086343705654,
943,3775,,,-0.007817377336323261,,0.007817377336323261,
944,3779,,,-0.007823518477380276,,0.007823518477380276,
945,3783,,,-0.007823051884770393,,0.007823051884770393,
946,3787,,,-0.007824684493243694,,0.007824684493243694,
947,3791,,,-0.007829365320503712,,0.007829365320503712,
948,3795,,,-0.007820628583431244,,0.007820628583431244,
949,3799,,,,-0.007505983114242554,,0.007505983114242554
949,3799,,,-0.007827873341739178,,0.007827873341739178,
950,3803,,,-0.007831399329006672,,0.007831399329006672,
951,3807,,,-0.007830941118299961,,0.007830941118299961,
952,3811,,,-0.007824080996215343,,0.007824080996215343,
953,3815,,,-0.007835432887077332,,0.007835432887077332,
954,3819,,,-0.007831564173102379,,0.007831564173102379,
955,3823,,,-0.007830694317817688,,0.007830694317817688,
956,3827,,,-0.007819203659892082,,0.007819203659892082,
957,3831,,,-0.00781630352139473,,0.00781630352139473,
958,3835,,,-0.007827939465641975,,0.007827939465641975,
959,3839,,,-0.007825147360563278,,0.007825147360563278,
960,3843,,,-0.007830927148461342,,0.007830927148461342,
961,3847,,,-0.007844270206987858,,0.007844270206987858,
962,3849,,,,-0.009091943502426147,,0.009091943502426147
962,3851,,,-0.007824022322893143,,0.007824022322893143,
963,3855,,,-0.007829534821212292,,0.007829534821212292,
964,3859,,,-0.00782909244298935,,0.00782909244298935,
965,3863,,,-0.007836763747036457,,0.007836763747036457,
966,3867,,,-0.00782626960426569,,0.00782626960426569,
967,3871,,,-0.00781539548188448,,0.00781539548188448,
968,3875,,,-0.007829071022570133,,0.007829071022570133,
969,3879,,,-0.007829658687114716,,0.007829658687114716,
970,3883,,,-0.007840361446142197,,0.007840361446142197,
971,3887,,,-0.007829394191503525,,0.007829394191503525,
972,3891,,,-0.007820871658623219,,0.007820871658623219,
973,3895,,,-0.007831130176782608,,0.007831130176782608,
974,3899,,,,-0.0059837400913238525,,0.0059837400913238525
974,3899,,,-0.007841002196073532,,0.007841002196073532,
975,3903,,,-0.007841409184038639,,0.007841409184038639,
976,3907,,,-0.007833698764443398,,0.007833698764443398,
977,3911,,,-0.00782882608473301,,0.00782882608473301,
978,3915,,,-0.007825640961527824,,0.007825640961527824,
979,3919,,,-0.007834497839212418,,0.007834497839212418,
980,3923,,,-0.007829852402210236,,0.007829852402210236,
981,3927,,,-0.007834195159375668,,0.007834195159375668,
982,3931,,,-0.007834688760340214,,0.007834688760340214,
983,3935,,,-0.007824772037565708,,0.007824772037565708,
984,3939,,,-0.007839999161660671,,0.007839999161660671,
985,3943,,,-0.007832085713744164,,0.007832085713744164,
986,3947,,,-0.007823302410542965,,0.007823302410542965,
987,3949,,,,-0.009218215942382812,,0.009218215942382812
987,3951,,,-0.007832145318388939,,0.007832145318388939,
988,3955,,,-0.00783434510231018,,0.00783434510231018,
989,3959,,,-0.007833820767700672,,0.007833820767700672,
990,3963,,,-0.007835755124688148,,0.007835755124688148,
991,3967,,,-0.007831063121557236,,0.007831063121557236,
992,3971,,,-0.00782774668186903,,0.00782774668186903,
993,3975,,,-0.007825387641787529,,0.007825387641787529,
994,3979,,,-0.00783267617225647,,0.00783267617225647,
995,3983,,,-0.007821989245712757,,0.007821989245712757,
996,3987,,,-0.00782425794750452,,0.00782425794750452,
997,3991,,,-0.007835295051336288,,0.007835295051336288,
998,3995,,,-0.007843458093702793,,0.007843458093702793,
999,3999,,,,-0.005449146032333374,,0.005449146032333374
999,3999,,,-0.00784339476376772,,0.00784339476376772,
1000,4003,,,-0.007821742445230484,,0.007821742445230484,
1001,4007,,,-0.0078490125015378,,0.0078490125015378,
1002,4011,,,-0.007833068259060383,,0.007833068259060383,
1003,4015,,,-0.007830105721950531,,0.007830105721950531,
1004,4019,,,-0.007817653939127922,,0.007817653939127922,
1005,4023,,,-0.007823609746992588,,0.007823609746992588,
1006,4027,,,-0.007844403386116028,,0.007844403386116028,
1007,4031,,,-0.007834329269826412,,0.007834329269826412,
1008,4035,,,-0.007838951423764229,,0.007838951423764229,
1009,4039,,,-0.007823526859283447,,0.007823526859283447,
1010,4043,,,-0.007823554798960686,,0.007823554798960686,
1011,4047,,,-0.007835669443011284,,0.007835669443011284,
1012,4049,,,,-0.007514238357543945,,0.007514238357543945
1012,4051,,,-0.00783817283809185,,0.00783817283809185,
1013,4055,,,-0.007834131829440594,,0.007834131829440594,
1014,4059,,,-0.007838613353669643,,0.007838613353669643,
1015,4063,,,-0.007824995554983616,,0.007824995554983616,
1016,4067,,,-0.007838504388928413,,0.007838504388928413,
1017,4071,,,-0.007837922312319279,,0.007837922312319279,
1018,4075,,,-0.00783681869506836,,0.00783681869506836,
1019,4079,,,-0.007834351621568203,,0.007834351621568203,
1020,4083,,,-0.007824741303920746,,0.007824741303920746,
1021,4087,,,-0.007835745811462402,,0.007835745811462402,
1022,4091,,,-0.007830618880689144,,0.007830618880689144,
1023,4095,,,-0.00783916749060154,,0.00783916749060154,
1024,4099,,,,-0.0026956498622894287,,0.0026956498622894287
1024,4099,,,-0.007827505469322205,,0.007827505469322205,
1025,4103,,,-0.007841678336262703,,0.007841678336262703,
1026,4107,,,-0.007830369286239147,,0.007830369286239147,
1027,4111,,,-0.007838480174541473,,0.007838480174541473,
1028,4115,,,-0.00782710313796997,,0.00782710313796997,
1029,4119,,,-0.007839415222406387,,0.007839415222406387,
1030,4123,,,-0.00783925037831068,,0.00783925037831068,
1031,4127,,,-0.00781264342367649,,0.00781264342367649,
1032,4131,,,-0.007839157246053219,,0.007839157246053219,
1033,4135,,,-0.007820150814950466,,0.007820150814950466,
1034,4139,,,-0.007825451903045177,,0.007825451903045177,
1035,4143,,,-0.007838154211640358,,0.007838154211640358,
1036,4147,,,-0.007835821248590946,,0.007835821248590946,
1037,4149,,,,-0.009916931390762329,,0.009916931390762329
1037,4151,,,-0.007838151417672634,,0.007838151417672634,
1038,4155,,,-0.00782343652099371,,0.00782343652099371,
1039,4159,,,-0.007824708707630634,,0.007824708707630634,
1040,4163,,,-0.007839794270694256,,0.007839794270694256,
1041,4167,,,-0.007835753262043,,0.007835753262043,
1042,4171,,,-0.00783137883991003,,0.00783137883991003,
1043,4175,,,-0.007843593135476112,,0.007843593135476112,
1044,4179,,,-0.00783474650233984,,0.00783474650233984,
1045,4183,,,-0.007842154242098331,,0.007842154242098331,
1046,4187,,,-0.007831549271941185,,0.007831549271941185,
1047,4191,,,-0.007836350239813328,,0.007836350239813328,
1048,4195,,,-0.00783983152359724,,0.00783983152359724,
1049,4199,,,,-0.005018740892410278,,0.005018740892410278
1049,4199,,,-0.00782762560993433,,0.00782762560993433,
1050,4203,,,-0.007844381965696812,,0.007844381965696812,
1051,4207,,,-0.00784142967313528,,0.00784142967313528,
1052,4211,,,-0.007860851474106312,,0.007860851474106312,
1053,4215,,,-0.007842452265322208,,0.007842452265322208,
1054,4219,,,-0.007845302112400532,,0.007845302112400532,
1055,4223,,,-0.007844412699341774,,0.007844412699341774,
1056,4227,,,-0.007830226793885231,,0.007830226793885231,
1057,4231,,,-0.007842816412448883,,0.007842816412448883,
1058,4235,,,-0.007838606834411621,,0.007838606834411621,
1059,4239,,,-0.007834787480533123,,0.007834787480533123,
1060,4243,,,-0.007841413840651512,,0.007841413840651512,
1061,4247,,,-0.007835112512111664,,0.007835112512111664,
1062,4249,,,,-0.010391026735305786,,0.010391026735305786
1062,4251,,,-0.007833334617316723,,0.007833334617316723,
1063,4255,,,-0.007837485522031784,,0.007837485522031784,
1064,4259,,,-0.007853411138057709,,0.007853411138057709,
1065,4263,,,-0.007834983989596367,,0.007834983989596367,
1066,4267,,,-0.007837004959583282,,0.007837004959583282,
1067,4271,,,-0.007844577543437481,,0.007844577543437481,
1068,4275,,,-0.007851689122617245,,0.007851689122617245,
1069,4279,,,-0.007848374545574188,,0.007848374545574188,
1070,4283,,,-0.007842740043997765,,0.007842740043997765,
1071,4287,,,-0.00784089881926775,,0.00784089881926775,
1072,4291,,,-0.007830344140529633,,0.007830344140529633,
1073,4295,,,-0.007835397496819496,,0.007835397496819496,
1074,4299,,,,-0.004971504211425781,,0.004971504211425781
1074,4299,,,-0.007835730910301208,,0.007835730910301208,
1075,4303,,,-0.007844829000532627,,0.007844829000532627,
1076,4307,,,-0.007845879532396793,,0.007845879532396793,
1077,4311,,,-0.007843967527151108,,0.007843967527151108,
1078,4315,,,-0.00783255510032177,,0.00783255510032177,
1079,4319,,,-0.007824108935892582,,0.007824108935892582,
1080,4323,,,-0.007838532328605652,,0.007838532328605652,
1081,4327,,,-0.007845270447432995,,0.007845270447432995,
1082,4331,,,-0.007842320017516613,,0.007842320017516613,
1083,4335,,,-0.007856734097003937,,0.007856734097003937,
1084,4339,,,-0.007849677465856075,,0.007849677465856075,
1085,4343,,,-0.007845832034945488,,0.007845832034945488,
1086,4347,,,-0.007844624109566212,,0.007844624109566212,
1087,4349,,,,-0.0073532164096832275,,0.0073532164096832275
1087,4351,,,-0.007846028544008732,,0.007846028544008732,
1088,4355,,,-0.007847082801163197,,0.007847082801163197,
1089,4359,,,-0.007842675782740116,,0.007842675782740116,
1090,4363,,,-0.007834368385374546,,0.007834368385374546,
1091,4367,,,-0.007837736047804356,,0.007837736047804356,
1092,4371,,,-0.007844619452953339,,0.007844619452953339,
1093,4375,,,-0.007846693508327007,,0.007846693508327007,
1094,4379,,,-0.007864154875278473,,0.007864154875278473,
1095,4383,,,-0.007847570814192295,,0.007847570814192295,
1096,4387,,,-0.0078438026830554,,0.0078438026830554,
1097,4391,,,-0.007848761044442654,,0.007848761044442654,
1098,4395,,,-0.007849985733628273,,0.007849985733628273,
1099,4399,,,,-0.007419019937515259,,0.007419019937515259
1099,4399,,,-0.007850822061300278,,0.007850822061300278,
1100,4403,,,-0.007854004390537739,,0.007854004390537739,
1101,4407,,,-0.00786061305552721,,0.00786061305552721,
1102,4411,,,-0.007848601788282394,,0.007848601788282394,
1103,4415,,,-0.007836767472326756,,0.007836767472326756,
1104,4419,,,-0.007848105393350124,,0.007848105393350124,
1105,4423,,,-0.00784564483910799,,0.00784564483910799,
1106,4427,,,-0.007851372472941875,,0.007851372472941875,
1107,4431,,,-0.007840770296752453,,0.007840770296752453,
1108,4435,,,-0.007855172269046307,,0.007855172269046307,
1109,4439,,,-0.00784314051270485,,0.00784314051270485,
1110,4443,,,-0.007824739441275597,,0.007824739441275597,
1111,4447,,,-0.007806501351296902,,0.007806501351296902,
1112,4449,,,,-0.007741719484329224,,0.007741719484329224
1112,4451,,,-0.007850858382880688,,0.007850858382880688,
1113,4455,,,-0.007844616658985615,,0.007844616658985615,
1114,4459,,,-0.007858114317059517,,0.007858114317059517,
1115,4463,,,-0.007845302112400532,,0.007845302112400532,
1116,4467,,,-0.007822559215128422,,0.007822559215128422,
1117,4471,,,-0.007848513312637806,,0.007848513312637806,
1118,4475,,,-0.00783313624560833,,0.00783313624560833,
1119,4479,,,-0.007847564294934273,,0.007847564294934273,
1120,4483,,,-0.007844827137887478,,0.007844827137887478,
1121,4487,,,-0.007828740403056145,,0.007828740403056145,
1122,4491,,,-0.007851514965295792,,0.007851514965295792,
1123,4495,,,-0.007848190143704414,,0.007848190143704414,
1124,4499,,,,-0.0048996806144714355,,0.0048996806144714355
1124,4499,,,-0.007854964584112167,,0.007854964584112167,
1125,4503,,,-0.007851777598261833,,0.007851777598261833,
1126,4507,,,-0.007848689332604408,,0.007848689332604408,
1127,4511,,,-0.007847328670322895,,0.007847328670322895,
1128,4515,,,-0.007836340926587582,,0.007836340926587582,
1129,4519,,,-0.00784080196171999,,0.00784080196171999,
1130,4523,,,-0.007847385480999947,,0.007847385480999947,
1131,4527,,,-0.007845789194107056,,0.007845789194107056,
1132,4531,,,-0.007838399149477482,,0.007838399149477482,
1133,4535,,,-0.007849414832890034,,0.007849414832890034,
1134,4539,,,-0.007840371690690517,,0.007840371690690517,
1135,4543,,,-0.007846827618777752,,0.007846827618777752,
1136,4547,,,-0.007854416035115719,,0.007854416035115719,
1137,4549,,,,-0.009813398122787476,,0.009813398122787476
1137,4551,,,-0.00785110890865326,,0.00785110890865326,
1138,4555,,,-0.007845171727240086,,0.007845171727240086,
1139,4559,,,-0.007856778800487518,,0.007856778800487518,
1140,4563,,,-0.007851080037653446,,0.007851080037653446,
1141,4567,,,-0.007860293611884117,,0.007860293611884117,
1142,4571,,,-0.00784857664257288,,0.00784857664257288,
1143,4575,,,-0.007847192697227001,,0.007847192697227001,
1144,4579,,,-0.007844237610697746,,0.007844237610697746,
1145,4583,,,-0.007851815782487392,,0.007851815782487392,
1146,4587,,,-0.007854594849050045,,0.007854594849050045,
1147,4591,,,-0.007845046930015087,,0.007845046930015087,
1148,4595,,,-0.007854108698666096,,0.007854108698666096,
1149,4599,,,,-0.006691843271255493,,0.006691843271255493
1149,4599,,,-0.00785309262573719,,0.00785309262573719,
1150,4603,,,-0.007851538248360157,,0.007851538248360157,
1151,4607,,,-0.007850420661270618,,0.007850420661270618,
1152,4611,,,-0.007864614017307758,,0.007864614017307758,
1153,4615,,,-0.007849006913602352,,0.007849006913602352,
1154,4619,,,-0.007845515385270119,,0.007845515385270119,
1155,4623,,,-0.007851689122617245,,0.007851689122617245,
1156,4627,,,-0.007844122126698494,,0.007844122126698494,
1157,4631,,,-0.007851517759263515,,0.007851517759263515,
1158,4635,,,-0.007852046750485897,,0.007852046750485897,
1159,4639,,,-0.007861204445362091,,0.007861204445362091,
1160,4643,,,-0.00784989818930626,,0.00784989818930626,
1161,4647,,,-0.007854574359953403,,0.007854574359953403,
1162,4649,,,,-0.0056213438510894775,,0.0056213438510894775
1162,4651,,,-0.007854079827666283,,0.007854079827666283,
1163,4655,,,-0.007867924869060516,,0.007867924869060516,
1164,4659,,,-0.007851275615394115,,0.007851275615394115,
1165,4663,,,-0.007853957824409008,,0.007853957824409008,
1166,4667,,,-0.007834898307919502,,0.007834898307919502,
1167,4671,,,-0.007845415733754635,,0.007845415733754635,
1168,4675,,,-0.007869131863117218,,0.007869131863117218,
1169,4679,,,-0.007856001146137714,,0.007856001146137714,
1170,4683,,,-0.007851094007492065,,0.007851094007492065,
1171,4687,,,-0.00784694030880928,,0.00784694030880928,
1172,4691,,,-0.007855180650949478,,0.007855180650949478,
1173,4695,,,-0.00785504374653101,,0.00785504374653101,
1174,4699,,,,-0.008374780416488647,,0.008374780416488647
1174,4699,,,-0.007851622067391872,,0.007851622067391872,
1175,4703,,,-0.00785211380571127,,0.00785211380571127,
1176,4707,,,-0.00784101989120245,,0.00784101989120245,
1177,4711,,,-0.00785789079964161,,0.00785789079964161,
1178,4715,,,-0.007849187590181828,,0.007849187590181828,
1179,4719,,,-0.007849734276533127,,0.007849734276533127,
1180,4723,,,-0.007864453829824924,,0.007864453829824924,
1181,4727,,,-0.007855500094592571,,0.007855500094592571,
1182,4731,,,-0.007862654514610767,,0.007862654514610767,
1183,4735,,,-0.007831308990716934,,0.007831308990716934,
1184,4739,,,-0.007849866524338722,,0.007849866524338722,
1185,4743,,,-0.00785039458423853,,0.00785039458423853,
1186,4747,,,-0.007861458696424961,,0.007861458696424961,
1187,4749,,,,-0.009357720613479614,,0.009357720613479614
1187,4751,,,-0.007862569764256477,,0.007862569764256477,
1188,4755,,,-0.007862336002290249,,0.007862336002290249,
1189,4759,,,-0.007854833267629147,,0.007854833267629147,
1190,4763,,,-0.007855218835175037,,0.007855218835175037,
1191,4767,,,-0.007858908735215664,,0.007858908735215664,
1192,4771,,,-0.007846110500395298,,0.007846110500395298,
1193,4775,,,-0.007853719405829906,,0.007853719405829906,
1194,4779,,,-0.007855573669075966,,0.007855573669075966,
1195,4783,,,-0.007859142497181892,,0.007859142497181892,
1196,4787,,,-0.007847228087484837,,0.007847228087484837,
1197,4791,,,-0.007842030376195908,,0.007842030376195908,
1198,4795,,,-0.00786586757749319,,0.00786586757749319,
1199,4799,,,,-0.002388983964920044,,0.002388983964920044
1199,4799,,,-0.007857315242290497,,0.007857315242290497,
1200,4803,,,-0.007848212495446205,,0.007848212495446205,
1201,4807,,,-0.007868494838476181,,0.007868494838476181,
1202,4811,,,-0.00786147452890873,,0.00786147452890873,
1203,4815,,,-0.00786129105836153,,0.00786129105836153,
1204,4819,,,-0.00785366352647543,,0.00785366352647543,
1205,4823,,,-0.007865739986300468,,0.007865739986300468,
1206,4827,,,-0.00785741489380598,,0.00785741489380598,
1207,4831,,,-0.007858834229409695,,0.007858834229409695,
1208,4835,,,-0.007853958755731583,,0.007853958755731583,
1209,4839,,,-0.007862493395805359,,0.007862493395805359,
1210,4843,,,-0.007859041914343834,,0.007859041914343834,
1211,4847,,,-0.007865486666560173,,0.007865486666560173,
1212,4849,,,,-0.01017025113105774,,0.01017025113105774
1212,4851,,,-0.007869532331824303,,0.007869532331824303,
1213,4855,,,-0.0078589404001832,,0.0078589404001832,
1214,4859,,,-0.007853678427636623,,0.007853678427636623,
1215,4863,,,-0.007857710123062134,,0.007857710123062134,
1216,4867,,,-0.007851277478039265,,0.007851277478039265,
1217,4871,,,-0.007851315662264824,,0.007851315662264824,
1218,4875,,,-0.007862640544772148,,0.007862640544772148,
1219,4879,,,-0.007856345735490322,,0.007856345735490322,
1220,4883,,,-0.007855947129428387,,0.007855947129428387,
1221,4887,,,-0.007866770960390568,,0.007866770960390568,
1222,4891,,,-0.007859175093472004,,0.007859175093472004,
1223,4895,,,-0.007855283096432686,,0.007855283096432686,
1224,4899,,,,-0.004799395799636841,,0.004799395799636841
1224,4899,,,-0.007871529087424278,,0.007871529087424278,
1225,4903,,,-0.007872119545936584,,0.007872119545936584,
1226,4907,,,-0.00785961002111435,,0.00785961002111435,
1227,4911,,,-0.007856194861233234,,0.007856194861233234,
1228,4915,,,-0.007855387404561043,,0.007855387404561043,
1229,4919,,,-0.007861240766942501,,0.007861240766942501,
1230,4923,,,-0.007876160554587841,,0.007876160554587841,
1231,4927,,,-0.007843675091862679,,0.007843675091862679,
1232,4931,,,-0.007876330055296421,,0.007876330055296421,
1233,4935,,,-0.007843175902962685,,0.007843175902962685,
1234,4939,,,-0.007862716913223267,,0.007862716913223267,
1235,4943,,,-0.007859366945922375,,0.007859366945922375,
1236,4947,,,-0.007857117801904678,,0.007857117801904678,
1237,4949,,,,-0.0040502846240997314,,0.0040502846240997314
1237,4951,,,-0.007852623239159584,,0.007852623239159584,
1238,4955,,,-0.007858626544475555,,0.007858626544475555,
1239,4959,,,-0.00786312110722065,,0.00786312110722065,
1240,4963,,,-0.007849733345210552,,0.007849733345210552,
1241,4967,,,-0.007860836572945118,,0.007860836572945118,
1242,4971,,,-0.007841614075005054,,0.007841614075005054,
1243,4975,,,-0.007860338315367699,,0.007860338315367699,
1244,4979,,,-0.007863053120672703,,0.007863053120672703,
1245,4983,,,-0.007864068262279034,,0.007864068262279034,
1246,4987,,,-0.007855521515011787,,0.007855521515011787,
1247,4991,,,-0.007878243923187256,,0.007878243923187256,
1248,4995,,,-0.007868277840316296,,0.007868277840316296,
1249,4999,,,,-0.006026923656463623,,0.006026923656463623
1249,4999,,,-0.00787472352385521,,0.00787472352385521,
1250,5003,,,-0.007857898250222206,,0.007857898250222206,
1251,5007,,,-0.007863042876124382,,0.007863042876124382,
1252,5011,,,-0.007866337895393372,,0.007866337895393372,
1253,5015,,,-0.00786503218114376,,0.00786503218114376,
1254,5019,,,-0.007864110171794891,,0.007864110171794891,
1255,5023,,,-0.007866106927394867,,0.007866106927394867,
1256,5027,,,-0.00786798819899559,,0.00786798819899559,
1257,5031,,,-0.007869482971727848,,0.007869482971727848,
1258,5035,,,-0.00786893256008625,,0.00786893256008625,
1259,5039,,,-0.007867975160479546,,0.007867975160479546,
1260,5043,,,-0.007873537950217724,,0.007873537950217724,
1261,5047,,,-0.007872429676353931,,0.007872429676353931,
1262,5049,,,,-0.007237136363983154,,0.007237136363983154
1262,5051,,,-0.00786477793008089,,0.00786477793008089,
1263,5055,,,-0.007868332788348198,,0.007868332788348198,
1264,5059,,,-0.007869593799114227,,0.007869593799114227,
1265,5063,,,-0.007866631262004375,,0.007866631262004375,
1266,5067,,,-0.007851846516132355,,0.007851846516132355,
1267,5071,,,-0.007866961881518364,,0.007866961881518364,
1268,5075,,,-0.007866747677326202,,0.007866747677326202,
1269,5079,,,-0.007877066731452942,,0.007877066731452942,
1270,5083,,,-0.007873359136283398,,0.007873359136283398,
1271,5087,,,-0.007871829904615879,,0.007871829904615879,
1272,5091,,,-0.007862073369324207,,0.007862073369324207,
1273,5095,,,-0.007862713187932968,,0.007862713187932968,
1274,5099,,,,-0.009136468172073364,,0.009136468172073364
1274,5099,,,-0.007872797548770905,,0.007872797548770905,
1275,5103,,,-0.007872062735259533,,0.007872062735259533,
1276,5107,,,-0.007867211475968361,,0.007867211475968361,
1277,5111,,,-0.00787992961704731,,0.00787992961704731,
1278,5115,,,-0.007855474948883057,,0.007855474948883057,
1279,5119,,,-0.007866514846682549,,0.007866514846682549,
1280,5123,,,-0.007869254797697067,,0.007869254797697067,
1281,5127,,,-0.007863914594054222,,0.007863914594054222,
1282,5131,,,-0.007877022959291935,,0.007877022959291935,
1283,5135,,,-0.007870456203818321,,0.007870456203818321,
1284,5139,,,-0.007876819930970669,,0.007876819930970669,
1285,5143,,,-0.00785144418478012,,0.00785144418478012,
1286,5147,,,-0.00786897074431181,,0.00786897074431181,
1287,5149,,,,-0.009874135255813599,,0.009874135255813599
1287,5151,,,-0.007861531339585781,,0.007861531339585781,
1288,5155,,,-0.007872382178902626,,0.007872382178902626,
1289,5159,,,-0.007869778200984001,,0.007869778200984001,
1290,5163,,,-0.007863330654799938,,0.007863330654799938,
1291,5167,,,-0.0078651811927557,,0.0078651811927557,
1292,5171,,,-0.00787331908941269,,0.00787331908941269,
1293,5175,,,-0.007865095511078835,,0.007865095511078835,
1294,5179,,,-0.007865251041948795,,0.007865251041948795,
1295,5183,,,-0.007873434573411942,,0.007873434573411942,
1296,5187,,,-0.007868537679314613,,0.007868537679314613,
1297,5191,,,-0.007867550477385521,,0.007867550477385521,
1298,5195,,,-0.007865995168685913,,0.007865995168685913,
1299,5199,,,,-0.0042989253997802734,,0.0042989253997802734
1299,5199,,,-0.007878187112510204,,0.007878187112510204,
1300,5203,,,-0.007871760986745358,,0.007871760986745358,
1301,5207,,,-0.007869678549468517,,0.007869678549468517,
1302,5211,,,-0.007869437336921692,,0.007869437336921692,
1303,5215,,,-0.00786873884499073,,0.00786873884499073,
1304,5219,,,-0.007872439920902252,,0.007872439920902252,
1305,5223,,,-0.007873241789638996,,0.007873241789638996,
1306,5227,,,-0.00787836778908968,,0.00787836778908968,
1307,5231,,,-0.00785719696432352,,0.00785719696432352,
1308,5235,,,-0.00786121841520071,,0.00786121841520071,
1309,5239,,,-0.007864349521696568,,0.007864349521696568,
1310,5243,,,-0.007843583822250366,,0.007843583822250366,
1311,5247,,,-0.007873296737670898,,0.007873296737670898,
1312,5249,,,,-0.007481366395950317,,0.007481366395950317
1312,5251,,,-0.007868812419474125,,0.007868812419474125,
1313,5255,,,-0.007869177497923374,,0.007869177497923374,
1314,5259,,,-0.00787273794412613,,0.00787273794412613,
1315,5263,,,-0.007878328673541546,,0.007878328673541546,
1316,5267,,,-0.007871152833104134,,0.007871152833104134,
1317,5271,,,-0.007870304398238659,,0.007870304398238659,
1318,5275,,,-0.007881252095103264,,0.007881252095103264,
1319,5279,,,-0.007885415107011795,,0.007885415107011795,
1320,5283,,,-0.007861153222620487,,0.007861153222620487,
1321,5287,,,-0.007872363552451134,,0.007872363552451134,
1322,5291,,,-0.00786314532160759,,0.00786314532160759,
1323,5295,,,-0.007871933281421661,,0.007871933281421661,
1324,5299,,,,-0.007201343774795532,,0.007201343774795532
1324,5299,,,-0.007874476723372936,,0.007874476723372936,
1325,5303,,,-0.007875490933656693,,0.007875490933656693,
1326,5307,,,-0.007882658392190933,,0.007882658392190933,
1327,5311,,,-0.007873366586863995,,0.007873366586863995,
1328,5315,,,-0.007863781414926052,,0.007863781414926052,
1329,5319,,,-0.007883588783442974,,0.007883588783442974,
1330,5323,,,-0.007887029089033604,,0.007887029089033604,
1331,5327,,,-0.007883789017796516,,0.007883789017796516,
1332,5331,,,-0.007882281206548214,,0.007882281206548214,
1333,5335,,,-0.007897656410932541,,0.007897656410932541,
1334,5339,,,-0.007863445207476616,,0.007863445207476616,
1335,5343,,,-0.007869534194469452,,0.007869534194469452,
1336,5347,,,-0.007880979217588902,,0.007880979217588902,
1337,5349,,,,-0.010512441396713257,,0.010512441396713257
1337,5351,,,-0.007871793583035469,,0.007871793583035469,
1338,5355,,,-0.00786766316741705,,0.00786766316741705,
1339,5359,,,-0.00786662194877863,,0.00786662194877863,
1340,5363,,,-0.007879583165049553,,0.007879583165049553,
1341,5367,,,-0.007869090884923935,,0.007869090884923935,
1342,5371,,,-0.007875485345721245,,0.007875485345721245,
1343,5375,,,-0.00784276332706213,,0.00784276332706213,
1344,5379,,,-0.007876343093812466,,0.007876343093812466,
1345,5383,,,-0.00787985697388649,,0.00787985697388649,
1346,5387,,,-0.007873984053730965,,0.007873984053730965,
1347,5391,,,-0.007872012443840504,,0.007872012443840504,
1348,5395,,,-0.00787384994328022,,0.00787384994328022,
1349,5399,,,,-0.004873692989349365,,0.004873692989349365
1349,5399,,,-0.007875874638557434,,0.007875874638557434,
1350,5403,,,-0.007886691018939018,,0.007886691018939018,
1351,5407,,,-0.007871313951909542,,0.007871313951909542,
1352,5411,,,-0.007885974831879139,,0.007885974831879139,
1353,5415,,,-0.007882168516516685,,0.007882168516516685,
1354,5419,,,-0.007880738005042076,,0.007880738005042076,
1355,5423,,,-0.00787951610982418,,0.00787951610982418,
1356,5427,,,-0.00788802932947874,,0.00788802932947874,
1357,5431,,,-0.00787308905273676,,0.00787308905273676,
1358,5435,,,-0.007870392873883247,,0.007870392873883247,
1359,5439,,,-0.007882659323513508,,0.007882659323513508,
1360,5443,,,-0.007879704236984253,,0.007879704236984253,
1361,5447,,,-0.00788184069097042,,0.00788184069097042,
1362,5449,,,,-0.012584954500198364,,0.012584954500198364
1362,5451,,,-0.007864459417760372,,0.007864459417760372,
1363,5455,,,-0.00788096059113741,,0.00788096059113741,
1364,5459,,,-0.007878348231315613,,0.007878348231315613,
1365,5463,,,-0.007850189693272114,,0.007850189693272114,
1366,5467,,,-0.007848112843930721,,0.007848112843930721,
1367,5471,,,-0.007870933040976524,,0.007870933040976524,
1368,5475,,,-0.007877771742641926,,0.007877771742641926,
1369,5479,,,-0.007876026444137096,,0.007876026444137096,
1370,5483,,,-0.007887893356382847,,0.007887893356382847,
1371,5487,,,-0.0078820725902915,,0.0078820725902915,
1372,5491,,,-0.007875537499785423,,0.007875537499785423,
1373,5495,,,-0.007872079499065876,,0.007872079499065876,
1374,5499,,,,-0.010182797908782959,,0.010182797908782959
1374,5499,,,-0.007890386506915092,,0.007890386506915092,
1375,5503,,,-0.00788542814552784,,0.00788542814552784,
1376,5507,,,-0.007867053151130676,,0.007867053151130676,
1377,5511,,,-0.007869167253375053,,0.007869167253375053,
1378,5515,,,-0.007885838858783245,,0.007885838858783245,
1379,5519,,,-0.007892059162259102,,0.007892059162259102,
1380,5523,,,-0.007892807945609093,,0.007892807945609093,
1381,5527,,,-0.00787606742233038,,0.00787606742233038,
1382,5531,,,-0.007865848019719124,,0.007865848019719124,
1383,5535,,,-0.007878918200731277,,0.007878918200731277,
1384,5539,,,-0.007882257923483849,,0.007882257923483849,
1385,5543,,,-0.007891037501394749,,0.007891037501394749,
1386,5547,,,-0.007884440943598747,,0.007884440943598747,
1387,5549,,,,-0.00638580322265625,,0.00638580322265625
1387,5551,,,-0.007865065708756447,,0.007865065708756447,
1388,5555,,,-0.007875055074691772,,0.007875055074691772,
1389,5559,,,-0.007880483753979206,,0.007880483753979206,
1390,5563,,,-0.007884873077273369,,0.007884873077273369,
1391,5567,,,-0.007873550988733768,,0.007873550988733768,
1392,5571,,,-0.007879354991018772,,0.007879354991018772,
1393,5575,,,-0.007883140817284584,,0.007883140817284584,
1394,5579,,,-0.007885261438786983,,0.007885261438786983,
1395,5583,,,-0.007885330356657505,,0.007885330356657505,
1396,5587,,,-0.007859960198402405,,0.007859960198402405,
1397,5591,,,-0.007881204597651958,,0.007881204597651958,
1398,5595,,,-0.007833348587155342,,0.007833348587155342,
1399,5599,,,,-0.007916837930679321,,0.007916837930679321
1399,5599,,,-0.007888204418122768,,0.007888204418122768,
1400,5603,,,-0.007885281927883625,,0.007885281927883625,
1401,5607,,,-0.007885563187301159,,0.007885563187301159,
1402,5611,,,-0.007880174554884434,,0.007880174554884434,
1403,5615,,,-0.007874496281147003,,0.007874496281147003,
1404,5619,,,-0.00786540936678648,,0.00786540936678648,
1405,5623,,,-0.007883097976446152,,0.007883097976446152,
1406,5627,,,-0.007857534103095531,,0.007857534103095531,
1407,5631,,,-0.007876360788941383,,0.007876360788941383,
1408,5635,,,-0.007880696095526218,,0.007880696095526218,
1409,5639,,,-0.007887027226388454,,0.007887027226388454,
1410,5643,,,-0.007882291451096535,,0.007882291451096535,
1411,5647,,,-0.00789065845310688,,0.00789065845310688,
1412,5649,,,,-0.013285547494888306,,0.013285547494888306
1412,5651,,,-0.007861586287617683,,0.007861586287617683,
1413,5655,,,-0.007879850454628468,,0.007879850454628468,
1414,5659,,,-0.007877317257225513,,0.007877317257225513,
1415,5663,,,-0.007894701324403286,,0.007894701324403286,
1416,5667,,,-0.00787910632789135,,0.00787910632789135,
1417,5671,,,-0.0078824982047081,,0.0078824982047081,
1418,5675,,,-0.007894618436694145,,0.007894618436694145,
1419,5679,,,-0.007870509289205074,,0.007870509289205074,
1420,5683,,,-0.007882500067353249,,0.007882500067353249,
1421,5687,,,-0.007890190929174423,,0.007890190929174423,
1422,5691,,,-0.00789056345820427,,0.00789056345820427,
1423,5695,,,-0.007902922108769417,,0.007902922108769417,
1424,5699,,,,-0.01429632306098938,,0.01429632306098938
1424,5699,,,-0.007858927361667156,,0.007858927361667156,
1425,5703,,,-0.007883469574153423,,0.007883469574153423,
1426,5707,,,-0.007881995290517807,,0.007881995290517807,
1427,5711,,,-0.007881049998104572,,0.007881049998104572,
1428,5715,,,-0.00788025837391615,,0.00788025837391615,
1429,5719,,,-0.007889842614531517,,0.007889842614531517,
1430,5723,,,-0.007868007756769657,,0.007868007756769657,
1431,5727,,,-0.007857092656195164,,0.007857092656195164,
1432,5731,,,-0.007854917086660862,,0.007854917086660862,
1433,5735,,,-0.007874217815697193,,0.007874217815697193,
1434,5739,,,-0.00788652803748846,,0.00788652803748846,
1435,5743,,,-0.00788837019354105,,0.00788837019354105,
1436,5747,,,-0.007884376682341099,,0.007884376682341099,
1437,5749,,,,-0.0015346407890319824,,0.0015346407890319824
1437,5751,,,-0.00786498561501503,,0.00786498561501503,
1438,5755,,,-0.007889589294791222,,0.007889589294791222,
1439,5759,,,-0.00788709707558155,,0.00788709707558155,
1440,5763,,,-0.007890839129686356,,0.007890839129686356,
1441,5767,,,-0.00787716917693615,,0.00787716917693615,
1442,5771,,,-0.007880784571170807,,0.007880784571170807,
1443,5775,,,-0.007871244102716446,,0.007871244102716446,
1444,5779,,,-0.007888630032539368,,0.007888630032539368,
1445,5783,,,-0.007888684049248695,,0.007888684049248695,
1446,5787,,,-0.007882095873355865,,0.007882095873355865,
1447,5791,,,-0.007884400896728039,,0.007884400896728039,
1448,5795,,,-0.007878712378442287,,0.007878712378442287,
1449,5799,,,,-0.015659809112548828,,0.015659809112548828
1449,5799,,,-0.007900708355009556,,0.007900708355009556,
1450,5803,,,-0.007892126217484474,,0.007892126217484474,
1451,5807,,,-0.007895574904978275,,0.007895574904978275,
1452,5811,,,-0.007893314585089684,,0.007893314585089684,
1453,5815,,,-0.007878630422055721,,0.007878630422055721,
1454,5819,,,-0.007888724096119404,,0.007888724096119404,
1455,5823,,,-0.007890506647527218,,0.007890506647527218,
1456,5827,,,-0.007886135019361973,,0.007886135019361973,
1457,5831,,,-0.00789282750338316,,0.00789282750338316,
1458,5835,,,-0.007887532003223896,,0.007887532003223896,
1459,5839,,,-0.00788862630724907,,0.00788862630724907,
1460,5843,,,-0.007890365086495876,,0.007890365086495876,
1461,5847,,,-0.007891194894909859,,0.007891194894909859,
1462,5849,,,,-0.007655620574951172,,0.007655620574951172
1462,5851,,,-0.007848883979022503,,0.007848883979022503,
1463,5855,,,-0.0078883683308959,,0.0078883683308959,
1464,5859,,,-0.007889018394052982,,0.007889018394052982,
1465,5863,,,-0.007879633456468582,,0.007879633456468582,
1466,5867,,,-0.007894635200500488,,0.007894635200500488,
1467,5871,,,-0.007891527377068996,,0.007891527377068996,
1468,5875,,,-0.007877273485064507,,0.007877273485064507,
1469,5879,,,-0.007875175215303898,,0.007875175215303898,
1470,5883,,,-0.007893211208283901,,0.007893211208283901,
1471,5887,,,-0.007895971648395061,,0.007895971648395061,
1472,5891,,,-0.007890640757977962,,0.007890640757977962,
1473,5895,,,-0.007874791510403156,,0.007874791510403156,
1474,5899,,,,-0.006898343563079834,,0.006898343563079834
1474,5899,,,-0.00789018627256155,,0.00789018627256155,
1475,5903,,,-0.007878897711634636,,0.007878897711634636,
1476,5907,,,-0.007871056906878948,,0.007871056906878948,
1477,5911,,,-0.007889589294791222,,0.007889589294791222,
1478,5915,,,-0.007903250865638256,,0.007903250865638256,
1479,5919,,,-0.007887942716479301,,0.007887942716479301,
1480,5923,,,-0.007887743413448334,,0.007887743413448334,
1481,5927,,,-0.007883591577410698,,0.007883591577410698,
1482,5931,,,-0.007854217663407326,,0.007854217663407326,
1483,5935,,,-0.007887059822678566,,0.007887059822678566,
1484,5939,,,-0.007893744856119156,,0.007893744856119156,
1485,5943,,,-0.007892189547419548,,0.007892189547419548,
1486,5947,,,-0.007892563939094543,,0.007892563939094543,
1487,5949,,,,-0.004803568124771118,,0.004803568124771118
1487,5951,,,-0.007887568324804306,,0.007887568324804306,
1488,5955,,,-0.00788349099457264,,0.00788349099457264,
1489,5959,,,-0.007892759516835213,,0.007892759516835213,
1490,5963,,,-0.007893492467701435,,0.007893492467701435,
1491,5967,,,-0.007902861572802067,,0.007902861572802067,
1492,5971,,,-0.007890215143561363,,0.007890215143561363,
1493,5975,,,-0.00789955910295248,,0.00789955910295248,
1494,5979,,,-0.007881649769842625,,0.007881649769842625,
1495,5983,,,-0.007888974621891975,,0.007888974621891975,
1496,5987,,,-0.007891890592873096,,0.007891890592873096,
1497,5991,,,-0.00788045208901167,,0.00788045208901167,
1498,5995,,,-0.007872337475419044,,0.007872337475419044,
1499,5999,,,,-0.011368751525878906,,0.011368751525878906
1499,5999,,,-0.007910080254077911,,0.007910080254077911,
1500,6003,,,-0.007871570065617561,,0.007871570065617561,
1501,6007,,,-0.007888559252023697,,0.007888559252023697,
1502,6011,,,-0.007890556007623672,,0.007890556007623672,
1503,6015,,,-0.007894658483564854,,0.007894658483564854,
1504,6019,,,-0.007839271798729897,,0.007839271798729897,
1505,6023,,,-0.007883568294346333,,0.007883568294346333,
1506,6027,,,-0.007907750084996223,,0.007907750084996223,
1507,6031,,,-0.007905317470431328,,0.007905317470431328,
1508,6035,,,-0.007881282828748226,,0.007881282828748226,
1509,6039,,,-0.007884643040597439,,0.007884643040597439,
1510,6043,,,-0.007879827171564102,,0.007879827171564102,
1511,6047,,,-0.007895691320300102,,0.007895691320300102,
1512,6049,,,,-0.009422779083251953,,0.009422779083251953
1512,6051,,,-0.007823729887604713,,0.007823729887604713,
1513,6055,,,-0.007910452783107758,,0.007910452783107758,
1514,6059,,,-0.007863390259444714,,0.007863390259444714,
1515,6063,,,-0.007899371907114983,,0.007899371907114983,
1516,6067,,,-0.007900137454271317,,0.007900137454271317,
1517,6071,,,-0.00788944959640503,,0.00788944959640503,
1518,6075,,,-0.007869066670536995,,0.007869066670536995,
1519,6079,,,-0.007906520739197731,,0.007906520739197731,
1520,6083,,,-0.00789409689605236,,0.00789409689605236,
1521,6087,,,-0.007899356074631214,,0.007899356074631214,
1522,6091,,,-0.007897377014160156,,0.007897377014160156,
1523,6095,,,-0.007901768200099468,,0.007901768200099468,
1524,6099,,,,-0.0058931708335876465,,0.0058931708335876465
1524,6099,,,-0.00788132380694151,,0.00788132380694151,
1525,6103,,,-0.007891414687037468,,0.007891414687037468,
1526,6107,,,-0.007890782319009304,,0.007890782319009304,
1527,6111,,,-0.007894043810665607,,0.007894043810665607,
1528,6115,,,-0.007891716435551643,,0.007891716435551643,
1529,6119,,,-0.007889561355113983,,0.007889561355113983,
1530,6123,,,-0.007882300764322281,,0.007882300764322281,
1531,6127,,,-0.007892763242125511,,0.007892763242125511,
1532,6131,,,-0.007901362143456936,,0.007901362143456936,
1533,6135,,,-0.007907434366643429,,0.007907434366643429,
1534,6139,,,-0.007902213372290134,,0.007902213372290134,
1535,6143,,,-0.007880519144237041,,0.007880519144237041,
1536,6147,,,-0.007901211269199848,,0.007901211269199848,
1537,6149,,,,-0.006778985261917114,,0.006778985261917114
1537,6151,,,-0.007898019626736641,,0.007898019626736641,
1538,6155,,,-0.007900234311819077,,0.007900234311819077,
1539,6159,,,-0.007905084639787674,,0.007905084639787674,
1540,6163,,,-0.007912637665867805,,0.007912637665867805,
1541,6167,,,-0.0078733554109931,,0.0078733554109931,
1542,6171,,,-0.00789638515561819,,0.00789638515561819,
1543,6175,,,-0.007904802449047565,,0.007904802449047565,
1544,6179,,,-0.007908462546765804,,0.007908462546765804,
1545,6183,,,-0.007903490215539932,,0.007903490215539932,
1546,6187,,,-0.007906617596745491,,0.007906617596745491,
1547,6191,,,-0.007909271866083145,,0.007909271866083145,
1548,6195,,,-0.007895427756011486,,0.007895427756011486,
1549,6199,,,,-0.004351705312728882,,0.004351705312728882
1549,6199,,,-0.007893051952123642,,0.007893051952123642,
1550,6203,,,-0.007898264564573765,,0.007898264564573765,
1551,6207,,,-0.007909798994660378,,0.007909798994660378,
1552,6211,,,-0.007900145836174488,,0.007900145836174488,
1553,6215,,,-0.007897963747382164,,0.007897963747382164,
1554,6219,,,-0.007900756783783436,,0.007900756783783436,
1555,6223,,,-0.007875236682593822,,0.007875236682593822,
1556,6227,,,-0.007907199673354626,,0.007907199673354626,
1557,6231,,,-0.007894427515566349,,0.007894427515566349,
1558,6235,,,-0.007898137904703617,,0.007898137904703617,
1559,6239,,,-0.007901695556938648,,0.007901695556938648,
1560,6243,,,-0.00789805967360735,,0.00789805967360735,
1561,6247,,,-0.00790155678987503,,0.00790155678987503,
1562,6249,,,,-0.006461292505264282,,0.006461292505264282
1562,6251,,,-0.007899021729826927,,0.007899021729826927,
1563,6255,,,-0.007896884344518185,,0.007896884344518185,
1564,6259,,,-0.007905361242592335,,0.007905361242592335,
1565,6263,,,-0.007874934934079647,,0.007874934934079647,
1566,6267,,,-0.00789954699575901,,0.00789954699575901,
1567,6271,,,-0.007910497486591339,,0.007910497486591339,
1568,6275,,,-0.007893485948443413,,0.007893485948443413,
1569,6279,,,-0.007889621891081333,,0.007889621891081333,
1570,6283,,,-0.007900809869170189,,0.007900809869170189,
1571,6287,,,-0.00792767759412527,,0.00792767759412527,
1572,6291,,,-0.007903716526925564,,0.007903716526925564,
1573,6295,,,-0.007917655631899834,,0.007917655631899834,
1574,6299,,,,-0.005353480577468872,,0.005353480577468872
1574,6299,,,-0.007897917181253433,,0.007897917181253433,
1575,6303,,,-0.007907485589385033,,0.007907485589385033,
1576,6307,,,-0.007900310680270195,,0.007900310680270195,
1577,6311,,,-0.007909583859145641,,0.007909583859145641,
1578,6315,,,-0.00791203323751688,,0.00791203323751688,
1579,6319,,,-0.007908341474831104,,0.007908341474831104,
1580,6323,,,-0.007907840423285961,,0.007907840423285961,
1581,6327,,,-0.007897695526480675,,0.007897695526480675,
1582,6331,,,-0.007904031313955784,,0.007904031313955784,
1583,6335,,,-0.007906729355454445,,0.007906729355454445,
1584,6339,,,-0.007892129011452198,,0.007892129011452198,
1585,6343,,,-0.007911092601716518,,0.007911092601716518,
1586,6347,,,-0.007890949957072735,,0.007890949957072735,
1587,6349,,,,-0.010544061660766602,,0.010544061660766602
1587,6351,,,-0.007893399335443974,,0.007893399335443974,
1588,6355,,,-0.007900228723883629,,0.007900228723883629,
1589,6359,,,-0.007911565713584423,,0.007911565713584423,
1590,6363,,,-0.007912001572549343,,0.007912001572549343,
1591,6367,,,-0.007906022481620312,,0.007906022481620312,
1592,6371,,,-0.007906783372163773,,0.007906783372163773,
1593,6375,,,-0.007907173596322536,,0.007907173596322536,
1594,6379,,,-0.007900115102529526,,0.007900115102529526,
1595,6383,,,-0.00788718182593584,,0.00788718182593584,
1596,6387,,,-0.007902612909674644,,0.007902612909674644,
1597,6391,,,-0.007895001210272312,,0.007895001210272312,
1598,6395,,,-0.007878863252699375,,0.007878863252699375,
1599,6399,,,,-0.010073810815811157,,0.010073810815811157
1599,6399,,,-0.007924981415271759,,0.007924981415271759,
1600,6403,,,-0.007882822304964066,,0.007882822304964066,
1601,6407,,,-0.007909215055406094,,0.007909215055406094,
1602,6411,,,-0.007913842797279358,,0.007913842797279358,
1603,6415,,,-0.007902456447482109,,0.007902456447482109,
1604,6419,,,-0.007900809869170189,,0.007900809869170189,
1605,6423,,,-0.007904245518147945,,0.007904245518147945,
1606,6427,,,-0.00787673145532608,,0.00787673145532608,
1607,6431,,,-0.007905853912234306,,0.007905853912234306,
1608,6435,,,-0.007892753928899765,,0.007892753928899765,
1609,6439,,,-0.0078938202932477,,0.0078938202932477,
1610,6443,,,-0.007894011214375496,,0.007894011214375496,
1611,6447,,,-0.00790404062718153,,0.00790404062718153,
1612,6449,,,,-0.007357925176620483,,0.007357925176620483
1612,6451,,,-0.00791323371231556,,0.00791323371231556,
1613,6455,,,-0.007907078601419926,,0.007907078601419926,
1614,6459,,,-0.007905394770205021,,0.007905394770205021,
1615,6463,,,-0.007897796109318733,,0.007897796109318733,
1616,6467,,,-0.007903984747827053,,0.007903984747827053,
1617,6471,,,-0.007910248823463917,,0.007910248823463917,
1618,6475,,,-0.007908955216407776,,0.007908955216407776,
1619,6479,,,-0.007898202165961266,,0.007898202165961266,
1620,6483,,,-0.007909342646598816,,0.007909342646598816,
1621,6487,,,-0.007898413576185703,,0.007898413576185703,
1622,6491,,,-0.007910219021141529,,0.007910219021141529,
1623,6495,,,-0.007922050543129444,,0.007922050543129444,
1624,6499,,,,-0.003603696823120117,,0.003603696823120117
1624,6499,,,-0.007884331978857517,,0.007884331978857517,
1625,6503,,,-0.007914724759757519,,0.007914724759757519,
1626,6507,,,-0.007903866469860077,,0.007903866469860077,
1627,6511,,,-0.007912746630609035,,0.007912746630609035,
1628,6515,,,-0.007911684922873974,,0.007911684922873974,
1629,6519,,,-0.007890045642852783,,0.007890045642852783,
1630,6523,,,-0.007901513017714024,,0.007901513017714024,
1631,6527,,,-0.007910497486591339,,0.007910497486591339,
1632,6531,,,-0.007891644723713398,,0.007891644723713398,
1633,6535,,,-0.007911925204098225,,0.007911925204098225,
1634,6539,,,-0.007922242395579815,,0.007922242395579815,
1635,6543,,,-0.007919604890048504,,0.007919604890048504,
1636,6547,,,-0.007922273129224777,,0.007922273129224777,
1637,6549,,,,-0.009878665208816528,,0.009878665208816528
1637,6551,,,-0.007887668907642365,,0.007887668907642365,
1638,6555,,,-0.007916135713458061,,0.007916135713458061,
1639,6559,,,-0.007910866290330887,,0.007910866290330887,
1640,6563,,,-0.007909979671239853,,0.007909979671239853,
1641,6567,,,-0.0079157380387187,,0.0079157380387187,
1642,6571,,,-0.00791252963244915,,0.00791252963244915,
1643,6575,,,-0.007913133129477501,,0.007913133129477501,
1644,6579,,,-0.007916921749711037,,0.007916921749711037,
1645,6583,,,-0.007910422049462795,,0.007910422049462795,
1646,6587,,,-0.007911767810583115,,0.007911767810583115,
1647,6591,,,-0.007915103808045387,,0.007915103808045387,
1648,6595,,,-0.007906305603682995,,0.007906305603682995,
1649,6599,,,,-0.00852254033088684,,0.00852254033088684
1649,6599,,,-0.00788599718362093,,0.00788599718362093,
1650,6603,,,-0.007912945933640003,,0.007912945933640003,
1651,6607,,,-0.00791635550558567,,0.00791635550558567,
1652,6611,,,-0.007913323119282722,,0.007913323119282722,
1653,6615,,,-0.00790334027260542,,0.00790334027260542,
1654,6619,,,-0.00791941862553358,,0.00791941862553358,
1655,6623,,,-0.007913762703537941,,0.007913762703537941,
1656,6627,,,-0.007907796651124954,,0.007907796651124954,
1657,6631,,,-0.007921364158391953,,0.007921364158391953,
1658,6635,,,-0.00791168212890625,,0.00791168212890625,
1659,6639,,,-0.0079122856259346,,0.0079122856259346,
1660,6643,,,-0.007906505838036537,,0.007906505838036537,
1661,6647,,,-0.007926130667328835,,0.007926130667328835,
1662,6649,,,,-0.01033434271812439,,0.01033434271812439
1662,6651,,,-0.007921692915260792,,0.007921692915260792,
1663,6655,,,-0.007915363647043705,,0.007915363647043705,
1664,6659,,,-0.007920639589428902,,0.007920639589428902,
1665,6663,,,-0.007922583259642124,,0.007922583259642124,
1666,6667,,,-0.007918152958154678,,0.007918152958154678,
1667,6671,,,-0.00791526772081852,,0.00791526772081852,
1668,6675,,,-0.007922407239675522,,0.007922407239675522,
1669,6679,,,-0.007897330448031425,,0.007897330448031425,
1670,6683,,,-0.007907574065029621,,0.007907574065029621,
1671,6687,,,-0.007899776101112366,,0.007899776101112366,
1672,6691,,,-0.007916122674942017,,0.007916122674942017,
1673,6695,,,-0.007915978319942951,,0.007915978319942951,
1674,6699,,,,-0.005615323781967163,,0.005615323781967163
1674,6699,,,-0.007903615944087505,,0.007903615944087505,
1675,6703,,,-0.007912913337349892,,0.007912913337349892,
1676,6707,,,-0.007918869145214558,,0.007918869145214558,
1677,6711,,,-0.007915801368653774,,0.007915801368653774,
1678,6715,,,-0.007892437279224396,,0.007892437279224396,
1679,6719,,,-0.00791125651448965,,0.00791125651448965,
1680,6723,,,-0.007915869355201721,,0.007915869355201721,
1681,6727,,,-0.007881867699325085,,0.007881867699325085,
1682,6731,,,-0.007894174195826054,,0.007894174195826054,
1683,6735,,,-0.00791086908429861,,0.00791086908429861,
1684,6739,,,-0.007917596027255058,,0.007917596027255058,
1685,6743,,,-0.00791389774531126,,0.00791389774531126,
1686,6747,,,-0.007915161550045013,,0.007915161550045013,
1687,6749,,,,-0.009450763463973999,,0.009450763463973999
1687,6751,,,-0.007904269732534885,,0.007904269732534885,
1688,6755,,,-0.00793113186955452,,0.00793113186955452,
1689,6759,,,-0.00791099388152361,,0.00791099388152361,
1690,6763,,,-0.007914350368082523,,0.007914350368082523,
1691,6767,,,-0.00791693665087223,,0.00791693665087223,
1692,6771,,,-0.007922053337097168,,0.007922053337097168,
1693,6775,,,-0.007935597561299801,,0.007935597561299801,
1694,6779,,,-0.007907111197710037,,0.007907111197710037,
1695,6783,,,-0.007918822579085827,,0.007918822579085827,
1696,6787,,,-0.007913916371762753,,0.007913916371762753,
1697,6791,,,-0.007912235334515572,,0.007912235334515572,
1698,6795,,,-0.007908239029347897,,0.007908239029347897,
1699,6799,,,,-0.003675013780593872,,0.003675013780593872
1699,6799,,,-0.007889382541179657,,0.007889382541179657,
1700,6803,,,-0.007917443290352821,,0.007917443290352821,
1701,6807,,,-0.007923569530248642,,0.007923569530248642,
1702,6811,,,-0.007918658666312695,,0.007918658666312695,
1703,6815,,,-0.007904402911663055,,0.007904402911663055,
1704,6819,,,-0.007899087853729725,,0.007899087853729725,
1705,6823,,,-0.007921280339360237,,0.007921280339360237,
1706,6827,,,-0.007920820266008377,,0.007920820266008377,
1707,6831,,,-0.007899845950305462,,0.007899845950305462,
1708,6835,,,-0.007908171974122524,,0.007908171974122524,
1709,6839,,,-0.007903099060058594,,0.007903099060058594,
1710,6843,,,-0.007920953445136547,,0.007920953445136547,
1711,6847,,,-0.007923141121864319,,0.007923141121864319,
1712,6849,,,,-0.002790778875350952,,0.002790778875350952
1712,6851,,,-0.00792768970131874,,0.00792768970131874,
1713,6855,,,-0.007915017195045948,,0.007915017195045948,
1714,6859,,,-0.00791816134005785,,0.00791816134005785,
1715,6863,,,-0.007924679666757584,,0.007924679666757584,
1716,6867,,,-0.0079111959785223,,0.0079111959785223,
1717,6871,,,-0.007895214483141899,,0.007895214483141899,
1718,6875,,,-0.007917454466223717,,0.007917454466223717,
1719,6879,,,-0.00790350791066885,,0.00790350791066885,
1720,6883,,,-0.007918459363281727,,0.007918459363281727,
1721,6887,,,-0.007908249273896217,,0.007908249273896217,
1722,6891,,,-0.007917176932096481,,0.007917176932096481,
1723,6895,,,-0.007911224849522114,,0.007911224849522114,
1724,6899,,,,-0.007561773061752319,,0.007561773061752319
1724,6899,,,-0.007921523414552212,,0.007921523414552212,
1725,6903,,,-0.007926709949970245,,0.007926709949970245,
1726,6907,,,-0.007918089628219604,,0.007918089628219604,
1727,6911,,,-0.007929105311632156,,0.007929105311632156,
1728,6915,,,-0.00792574230581522,,0.00792574230581522,
1729,6919,,,-0.007921886630356312,,0.007921886630356312,
1730,6923,,,-0.007927066646516323,,0.007927066646516323,
1731,6927,,,-0.007929914630949497,,0.007929914630949497,
1732,6931,,,-0.007918169721961021,,0.007918169721961021,
1733,6935,,,-0.007900266908109188,,0.007900266908109188,
1734,6939,,,-0.007910571992397308,,0.007910571992397308,
1735,6943,,,-0.007914134301245213,,0.007914134301245213,
1736,6947,,,-0.007909649051725864,,0.007909649051725864,
1737,6949,,,,-0.009679466485977173,,0.009679466485977173
1737,6951,,,-0.007899954915046692,,0.007899954915046692,
1738,6955,,,-0.007921629585325718,,0.007921629585325718,
1739,6959,,,-0.007923266850411892,,0.007923266850411892,
1740,6963,,,-0.007933421991765499,,0.007933421991765499,
1741,6967,,,-0.00790929514914751,,0.00790929514914751,
1742,6971,,,-0.007889850996434689,,0.007889850996434689,
1743,6975,,,-0.007922906428575516,,0.007922906428575516,
1744,6979,,,-0.007911046035587788,,0.007911046035587788,
1745,6983,,,-0.007925732992589474,,0.007925732992589474,
1746,6987,,,-0.00793392863124609,,0.00793392863124609,
1747,6991,,,-0.00792083702981472,,0.00792083702981472,
1748,6995,,,-0.007924932986497879,,0.007924932986497879,
1749,6999,,,,-0.008456170558929443,,0.008456170558929443
1749,6999,,,-0.007925576530396938,,0.007925576530396938,
1750,7003,,,-0.007923323661088943,,0.007923323661088943,
1751,7007,,,-0.00792152713984251,,0.00792152713984251,
1752,7011,,,-0.00790319126099348,,0.00790319126099348,
1753,7015,,,-0.007918114773929119,,0.007918114773929119,
1754,7019,,,-0.007925509475171566,,0.007925509475171566,
1755,7023,,,-0.00791324395686388,,0.00791324395686388,
1756,7027,,,-0.007920680567622185,,0.007920680567622185,
1757,7031,,,-0.007915616035461426,,0.007915616035461426,
1758,7035,,,-0.007898516952991486,,0.007898516952991486,
1759,7039,,,-0.007908763363957405,,0.007908763363957405,
1760,7043,,,-0.007925935089588165,,0.007925935089588165,
1761,7047,,,-0.00792419072240591,,0.00792419072240591,
1762,7049,,,,-0.0060291290283203125,,0.0060291290283203125
1762,7051,,,-0.007927055470645428,,0.007927055470645428,
1763,7055,,,-0.007879270240664482,,0.007879270240664482,
1764,7059,,,-0.007910402491688728,,0.007910402491688728,
1765,7063,,,-0.007922313176095486,,0.007922313176095486,
1766,7067,,,-0.007919637486338615,,0.007919637486338615,
1767,7071,,,-0.007915236987173557,,0.007915236987173557,
1768,7075,,,-0.007921965792775154,,0.007921965792775154,
1769,7079,,,-0.007922028191387653,,0.007922028191387653,
1770,7083,,,-0.007917183451354504,,0.007917183451354504,
1771,7087,,,-0.007941868156194687,,0.007941868156194687,
1772,7091,,,-0.007920700125396252,,0.007920700125396252,
1773,7095,,,-0.007923219352960587,,0.007923219352960587,
1774,7099,,,,-0.008087247610092163,,0.008087247610092163
1774,7099,,,-0.007927557453513145,,0.007927557453513145,
1775,7103,,,-0.007923695258796215,,0.007923695258796215,
1776,7107,,,-0.007941615767776966,,0.007941615767776966,
1777,7111,,,-0.007919865660369396,,0.007919865660369396,
1778,7115,,,-0.007928903214633465,,0.007928903214633465,
1779,7119,,,-0.007931043393909931,,0.007931043393909931,
1780,7123,,,-0.007935657165944576,,0.007935657165944576,
1781,7127,,,-0.00792673323303461,,0.00792673323303461,
1782,7131,,,-0.007903847843408585,,0.007903847843408585,
1783,7135,,,-0.007919546216726303,,0.007919546216726303,
1784,7139,,,-0.007914753630757332,,0.007914753630757332,
1785,7143,,,-0.007928701117634773,,0.007928701117634773,
1786,7147,,,-0.00792452972382307,,0.00792452972382307,
1787,7149,,,,-0.01013946533203125,,0.01013946533203125
1787,7151,,,-0.00792754627764225,,0.00792754627764225,
1788,7155,,,-0.00793468952178955,,0.00793468952178955,
1789,7159,,,-0.007928893901407719,,0.007928893901407719,
1790,7163,,,-0.007907232269644737,,0.007907232269644737,
1791,7167,,,-0.007928354665637016,,0.007928354665637016,
1792,7171,,,-0.007929357700049877,,0.007929357700049877,
1793,7175,,,-0.007921661250293255,,0.007921661250293255,
1794,7179,,,-0.007920586504042149,,0.007920586504042149,
1795,7183,,,-0.007895090617239475,,0.007895090617239475,
1796,7187,,,-0.007940332405269146,,0.007940332405269146,
1797,7191,,,-0.007930371910333633,,0.007930371910333633,
1798,7195,,,-0.007933937944471836,,0.007933937944471836,
1799,7199,,,,-0.008115530014038086,,0.008115530014038086
1799,7199,,,-0.007929163053631783,,0.007929163053631783,
1800,7203,,,-0.007927441969513893,,0.007927441969513893,
1801,7207,,,-0.007932447828352451,,0.007932447828352451,
1802,7211,,,-0.007939714007079601,,0.007939714007079601,
1803,7215,,,-0.00792486872524023,,0.00792486872524023,
1804,7219,,,-0.00792225543409586,,0.00792225543409586,
1805,7223,,,-0.007927389815449715,,0.007927389815449715,
1806,7227,,,-0.007931755855679512,,0.007931755855679512,
1807,7231,,,-0.007909583859145641,,0.007909583859145641,
1808,7235,,,-0.00792109128087759,,0.00792109128087759,
1809,7239,,,-0.007920892909169197,,0.007920892909169197,
1810,7243,,,-0.007924935780465603,,0.007924935780465603,
1811,7247,,,-0.007916403003036976,,0.007916403003036976,
1812,7249,,,,-0.008736371994018555,,0.008736371994018555
1812,7251,,,-0.007928765378892422,,0.007928765378892422,
1813,7255,,,-0.007929513230919838,,0.007929513230919838,
1814,7259,,,-0.007933735847473145,,0.007933735847473145,
1815,7263,,,-0.00793647114187479,,0.00793647114187479,
1816,7267,,,-0.007924686186015606,,0.007924686186015606,
1817,7271,,,-0.00793504249304533,,0.00793504249304533,
1818,7275,,,-0.007916978560388088,,0.007916978560388088,
1819,7279,,,-0.007923796772956848,,0.007923796772956848,
1820,7283,,,-0.007924022153019905,,0.007924022153019905,
1821,7287,,,-0.00793627928942442,,0.00793627928942442,
1822,7291,,,-0.007922482676804066,,0.007922482676804066,
1823,7295,,,-0.007930902764201164,,0.007930902764201164,
1824,7299,,,,-0.01058611273765564,,0.01058611273765564
1824,7299,,,-0.007946562953293324,,0.007946562953293324,
1825,7303,,,-0.007934823632240295,,0.007934823632240295,
1826,7307,,,-0.007920922711491585,,0.007920922711491585,
1827,7311,,,-0.007904380559921265,,0.007904380559921265,
1828,7315,,,-0.007928767241537571,,0.007928767241537571,
1829,7319,,,-0.007922600023448467,,0.007922600023448467,
1830,7323,,,-0.00793604739010334,,0.00793604739010334,
1831,7327,,,-0.007913494482636452,,0.007913494482636452,
1832,7331,,,-0.007935714907944202,,0.007935714907944202,
1833,7335,,,-0.007933415472507477,,0.007933415472507477,
1834,7339,,,-0.00791841559112072,,0.00791841559112072,
1835,7343,,,-0.007939355447888374,,0.007939355447888374,
1836,7347,,,-0.007938635535538197,,0.007938635535538197,
1837,7349,,,,-0.010973870754241943,,0.010973870754241943
1837,7351,,,-0.007926352322101593,,0.007926352322101593,
1838,7355,,,-0.007932396605610847,,0.007932396605610847,
1839,7359,,,-0.007950952276587486,,0.007950952276587486,
1840,7363,,,-0.007930082269012928,,0.007930082269012928,
1841,7367,,,-0.007903523743152618,,0.007903523743152618,
1842,7371,,,-0.007930428721010685,,0.007930428721010685,
1843,7375,,,-0.007905437611043453,,0.007905437611043453,
1844,7379,,,-0.007889699190855026,,0.007889699190855026,
1845,7383,,,-0.007927974686026573,,0.007927974686026573,
1846,7387,,,-0.007909948006272316,,0.007909948006272316,
1847,7391,,,-0.00793015118688345,,0.00793015118688345,
1848,7395,,,-0.007924181409180164,,0.007924181409180164,
1849,7399,,,,-0.0072685182094573975,,0.0072685182094573975
1849,7399,,,-0.007948242127895355,,0.007948242127895355,
1850,7403,,,-0.007913211360573769,,0.007913211360573769,
1851,7407,,,-0.007942362688481808,,0.007942362688481808,
1852,7411,,,-0.00791251752525568,,0.00791251752525568,
1853,7415,,,-0.007938438095152378,,0.007938438095152378,
1854,7419,,,-0.007937455549836159,,0.007937455549836159,
1855,7423,,,-0.0079367496073246,,0.0079367496073246,
1856,7427,,,-0.007923229597508907,,0.007923229597508907,
1857,7431,,,-0.007915639318525791,,0.007915639318525791,
1858,7435,,,-0.007914308458566666,,0.007914308458566666,
1859,7439,,,-0.00794029701501131,,0.00794029701501131,
1860,7443,,,-0.007931039668619633,,0.007931039668619633,
1861,7447,,,-0.007881497964262962,,0.007881497964262962,
1862,7449,,,,-0.0024387240409851074,,0.0024387240409851074
1862,7451,,,-0.007953168824315071,,0.007953168824315071,
1863,7455,,,-0.007932349108159542,,0.007932349108159542,
1864,7459,,,-0.007937313988804817,,0.007937313988804817,
1865,7463,,,-0.007928313687443733,,0.007928313687443733,
1866,7467,,,-0.007958481088280678,,0.007958481088280678,
1867,7471,,,-0.007923431694507599,,0.007923431694507599,
1868,7475,,,-0.007936022244393826,,0.007936022244393826,
1869,7479,,,-0.007932484149932861,,0.007932484149932861,
1870,7483,,,-0.00794107373803854,,0.00794107373803854,
1871,7487,,,-0.007932121865451336,,0.007932121865451336,
1872,7491,,,-0.007943975739181042,,0.007943975739181042,
1873,7495,,,-0.007938191294670105,,0.007938191294670105,
1874,7499,,,,-0.009551942348480225,,0.009551942348480225
1874,7499,,,-0.007952917367219925,,0.007952917367219925,
1875,7503,,,-0.0079305749386549,,0.0079305749386549,
1876,7507,,,-0.007933222688734531,,0.007933222688734531,
1877,7511,,,-0.007933811284601688,,0.007933811284601688,
1878,7515,,,-0.007924238219857216,,0.007924238219857216,
1879,7519,,,-0.007944473065435886,,0.007944473065435886,
1880,7523,,,-0.007937587797641754,,0.007937587797641754,
1881,7527,,,-0.007928059436380863,,0.007928059436380863,
1882,7531,,,-0.007939515635371208,,0.007939515635371208,
1883,7535,,,-0.007932101376354694,,0.007932101376354694,
1884,7539,,,-0.007932226173579693,,0.007932226173579693,
1885,7543,,,-0.007933227345347404,,0.007933227345347404,
1886,7547,,,-0.007940483279526234,,0.007940483279526234,
1887,7549,,,,-0.008322149515151978,,0.008322149515151978
1887,7551,,,-0.00790296122431755,,0.00790296122431755,
1888,7555,,,-0.007939070463180542,,0.007939070463180542,
1889,7559,,,-0.007930333726108074,,0.007930333726108074,
1890,7563,,,-0.007945364341139793,,0.007945364341139793,
1891,7567,,,-0.00793501641601324,,0.00793501641601324,
1892,7571,,,-0.007919653318822384,,0.007919653318822384,
1893,7575,,,-0.007930421270430088,,0.007930421270430088,
1894,7579,,,-0.00793470162898302,,0.00793470162898302,
1895,7583,,,-0.00794205442070961,,0.00794205442070961,
1896,7587,,,-0.007941198535263538,,0.007941198535263538,
1897,7591,,,-0.007940827868878841,,0.007940827868878841,
1898,7595,,,-0.00794434454292059,,0.00794434454292059,
1899,7599,,,,-0.00900450348854065,,0.00900450348854065
1899,7599,,,-0.007927365601062775,,0.007927365601062775,
1900,7603,,,-0.00793452002108097,,0.00793452002108097,
1901,7607,,,-0.007916240952908993,,0.007916240952908993,
1902,7611,,,-0.007929403334856033,,0.007929403334856033,
1903,7615,,,-0.007921064272522926,,0.007921064272522926,
1904,7619,,,-0.007930687628686428,,0.007930687628686428,
1905,7623,,,-0.007944462820887566,,0.007944462820887566,
1906,7627,,,-0.007939894683659077,,0.007939894683659077,
1907,7631,,,-0.007940995506942272,,0.007940995506942272,
1908,7635,,,-0.007931280881166458,,0.007931280881166458,
1909,7639,,,-0.007946410216391087,,0.007946410216391087,
1910,7643,,,-0.007940961979329586,,0.007940961979329586,
1911,7647,,,-0.00794451404362917,,0.00794451404362917,
1912,7649,,,,-0.007564544677734375,,0.007564544677734375
1912,7651,,,-0.00794896762818098,,0.00794896762818098,
1913,7655,,,-0.007910434156656265,,0.007910434156656265,
1914,7659,,,-0.0079426858574152,,0.0079426858574152,
1915,7663,,,-0.007937734946608543,,0.007937734946608543,
1916,7667,,,-0.007938388735055923,,0.007938388735055923,
1917,7671,,,-0.00795462541282177,,0.00795462541282177,
1918,7675,,,-0.007923203520476818,,0.007923203520476818,
1919,7679,,,-0.007941298186779022,,0.007941298186779022,
1920,7683,,,-0.007924249395728111,,0.007924249395728111,
1921,7687,,,-0.007932785898447037,,0.007932785898447037,
1922,7691,,,-0.007893173024058342,,0.007893173024058342,
1923,7695,,,-0.007867948152124882,,0.007867948152124882,
1924,7699,,,,-0.009089797735214233,,0.009089797735214233
1924,7699,,,-0.007916536182165146,,0.007916536182165146,
1925,7703,,,-0.007955626584589481,,0.007955626584589481,
1926,7707,,,-0.007951819337904453,,0.007951819337904453,
1927,7711,,,-0.007953506894409657,,0.007953506894409657,
1928,7715,,,-0.00793409999459982,,0.00793409999459982,
1929,7719,,,-0.007946347817778587,,0.007946347817778587,
1930,7723,,,-0.00794514175504446,,0.00794514175504446,
1931,7727,,,-0.007940877228975296,,0.007940877228975296,
1932,7731,,,-0.007933085784316063,,0.007933085784316063,
1933,7735,,,-0.0079336017370224,,0.0079336017370224,
1934,7739,,,-0.007924314588308334,,0.007924314588308334,
1935,7743,,,-0.007938235066831112,,0.007938235066831112,
1936,7747,,,-0.007941942662000656,,0.007941942662000656,
1937,7749,,,,-0.006531625986099243,,0.006531625986099243
1937,7751,,,-0.007922493852674961,,0.007922493852674961,
1938,7755,,,-0.007925119251012802,,0.007925119251012802,
1939,7759,,,-0.007940211333334446,,0.007940211333334446,
1940,7763,,,-0.0079276068136096,,0.0079276068136096,
1941,7767,,,-0.007933437824249268,,0.007933437824249268,
1942,7771,,,-0.007945522665977478,,0.007945522665977478,
1943,7775,,,-0.00794099923223257,,0.00794099923223257,
1944,7779,,,-0.00795187707990408,,0.00795187707990408,
1945,7783,,,-0.007944860495626926,,0.007944860495626926,
1946,7787,,,-0.007949255406856537,,0.007949255406856537,
1947,7791,,,-0.007945041172206402,,0.007945041172206402,
1948,7795,,,-0.007944522425532341,,0.007944522425532341,
1949,7799,,,,-0.004241317510604858,,0.004241317510604858
1949,7799,,,-0.007944264449179173,,0.007944264449179173,
1950,7803,,,-0.007944432087242603,,0.007944432087242603,
1951,7807,,,-0.007950239814817905,,0.007950239814817905,
1952,7811,,,-0.007942641153931618,,0.007942641153931618,
1953,7815,,,-0.007953999564051628,,0.007953999564051628,
1954,7819,,,-0.007933690212666988,,0.007933690212666988,
1955,7823,,,-0.007944980636239052,,0.007944980636239052,
1956,7827,,,-0.007897569797933102,,0.007897569797933102,
1957,7831,,,-0.007955576293170452,,0.007955576293170452,
1958,7835,,,-0.007952284999191761,,0.007952284999191761,
1959,7839,,,-0.00795139092952013,,0.00795139092952013,
1960,7843,,,-0.007945038378238678,,0.007945038378238678,
1961,7847,,,-0.007946677505970001,,0.007946677505970001,
1962,7849,,,,-0.007296890020370483,,0.007296890020370483
1962,7851,,,-0.007946976460516453,,0.007946976460516453,
1963,7855,,,-0.007946262136101723,,0.007946262136101723,
1964,7859,,,-0.007943285629153252,,0.007943285629153252,
1965,7863,,,-0.007944039069116116,,0.007944039069116116,
1966,7867,,,-0.007947384379804134,,0.007947384379804134,
1967,7871,,,-0.007948370650410652,,0.007948370650410652,
1968,7875,,,-0.007941958494484425,,0.007941958494484425,
1969,7879,,,-0.007951762527227402,,0.007951762527227402,
1970,7883,,,-0.007945051416754723,,0.007945051416754723,
1971,7887,,,-0.007946350611746311,,0.007946350611746311,
1972,7891,,,-0.007943590171635151,,0.007943590171635151,
1973,7895,,,-0.007952717132866383,,0.007952717132866383,
1974,7899,,,,-0.001988321542739868,,0.001988321542739868
1974,7899,,,-0.007929133251309395,,0.007929133251309395,
1975,7903,,,-0.007961258292198181,,0.007961258292198181,
1976,7907,,,-0.007940585725009441,,0.007940585725009441,
1977,7911,,,-0.007942579686641693,,0.007942579686641693,
1978,7915,,,-0.007945172488689423,,0.007945172488689423,
1979,7919,,,-0.00794826541095972,,0.00794826541095972,
1980,7923,,,-0.00792660191655159,,0.00792660191655159,
1981,7927,,,-0.007925829850137234,,0.007925829850137234,
1982,7931,,,-0.007945813238620758,,0.007945813238620758,
1983,7935,,,-0.007940974086523056,,0.007940974086523056,
1984,7939,,,-0.007946117781102657,,0.007946117781102657,
1985,7943,,,-0.007923693396151066,,0.007923693396151066,
1986,7947,,,-0.007941634394228458,,0.007941634394228458,
1987,7949,,,,-0.008711040019989014,,0.008711040019989014
1987,7951,,,-0.007950792089104652,,0.007950792089104652,
1988,7955,,,-0.007947520352900028,,0.007947520352900028,
1989,7959,,,-0.007945969700813293,,0.007945969700813293,
1990,7963,,,-0.00794284138828516,,0.00794284138828516,
1991,7967,,,-0.00794812012463808,,0.00794812012463808,
1992,7971,,,-0.007946818135678768,,0.007946818135678768,
1993,7975,,,-0.007941469550132751,,0.007941469550132751,
1994,7979,,,-0.007955280132591724,,0.007955280132591724,
1995,7983,,,-0.00794191937893629,,0.00794191937893629,
1996,7987,,,-0.007934896275401115,,0.007934896275401115,
1997,7991,,,-0.007954574190080166,,0.007954574190080166,
1998,7995,,,-0.00795865710824728,,0.00795865710824728,
1999,7999,,,,-0.007730633020401001,,0.007730633020401001
1999,7999,,,-0.007956581190228462,,0.007956581190228462,
2000,8000,-0.006163686513900757,0.006163686513900757,,,,
