epoch,step,test_loss,test_renyi_lb,train_loss_epoch,train_loss_step,train_renyi_lb_epoch,train_renyi_lb_step
0,7,,,-0.12025904655456543,,0.12025904655456543,
1,15,,,-0.13578975200653076,,0.13578975200653076,
2,23,,,-0.15128672122955322,,0.15128672122955322,
3,31,,,-0.16690170764923096,,0.16690170764923096,
4,39,,,-0.18242555856704712,,0.18242555856704712,
5,47,,,-0.19758552312850952,,0.19758552312850952,
6,49,,,,-0.21379995346069336,,0.21379995346069336
6,55,,,-0.2118857353925705,,0.2118857353925705,
7,63,,,-0.22588656842708588,,0.22588656842708588,
8,71,,,-0.23854321241378784,,0.23854321241378784,
9,79,,,-0.2507113218307495,,0.2507113218307495,
10,87,,,-0.2617957592010498,,0.2617957592010498,
11,95,,,-0.27185744047164917,,0.27185744047164917,
12,99,,,,-0.2733736038208008,,0.2733736038208008
12,103,,,-0.28101909160614014,,0.28101909160614014,
13,111,,,-0.28915196657180786,,0.28915196657180786,
14,119,,,-0.29652655124664307,,0.29652655124664307,
15,127,,,-0.30324462056159973,,0.30324462056159973,
16,135,,,-0.3086763620376587,,0.3086763620376587,
17,143,,,-0.3138353228569031,,0.3138353228569031,
18,149,,,,-0.31323719024658203,,0.31323719024658203
18,151,,,-0.3179958462715149,,0.3179958462715149,
19,159,,,-0.3216685652732849,,0.3216685652732849,
20,167,,,-0.3250002861022949,,0.3250002861022949,
21,175,,,-0.3274177610874176,,0.3274177610874176,
22,183,,,-0.32945123314857483,,0.32945123314857483,
23,191,,,-0.3317650258541107,,0.3317650258541107,
24,199,,,,-0.3138904571533203,,0.3138904571533203
24,199,,,-0.3329985737800598,,0.3329985737800598,
25,207,,,-0.33430570363998413,,0.33430570363998413,
26,215,,,-0.33550316095352173,,0.33550316095352173,
27,223,,,-0.33649516105651855,,0.33649516105651855,
28,231,,,-0.3374735414981842,,0.3374735414981842,
29,239,,,-0.33758291602134705,,0.33758291602134705,
30,247,,,-0.33849596977233887,,0.33849596977233887,
31,249,,,,-0.3457040786743164,,0.3457040786743164
31,255,,,-0.3387654423713684,,0.3387654423713684,
32,263,,,-0.3395616114139557,,0.3395616114139557,
33,271,,,-0.33954018354415894,,0.33954018354415894,
34,279,,,-0.3396943509578705,,0.3396943509578705,
35,287,,,-0.3400120139122009,,0.3400120139122009,
36,295,,,-0.34062665700912476,,0.34062665700912476,
37,299,,,,-0.3395705223083496,,0.3395705223083496
37,303,,,-0.3406766951084137,,0.3406766951084137,
38,311,,,-0.34168416261672974,,0.34168416261672974,
39,319,,,-0.34146782755851746,,0.34146782755851746,
40,327,,,-0.3413475751876831,,0.3413475751876831,
41,335,,,-0.3412027359008789,,0.3412027359008789,
42,343,,,-0.3414573669433594,,0.3414573669433594,
43,349,,,,-0.3053264617919922,,0.3053264617919922
43,351,,,-0.34162381291389465,,0.34162381291389465,
44,359,,,-0.3418879508972168,,0.3418879508972168,
45,367,,,-0.341463565826416,,0.341463565826416,
46,375,,,-0.3418354094028473,,0.3418354094028473,
47,383,,,-0.34174850583076477,,0.34174850583076477,
48,391,,,-0.34167611598968506,,0.34167611598968506,
49,399,,,,-0.34839630126953125,,0.34839630126953125
49,399,,,-0.34285038709640503,,0.34285038709640503,
50,407,,,-0.3424311876296997,,0.3424311876296997,
51,415,,,-0.3428944945335388,,0.3428944945335388,
52,423,,,-0.34257644414901733,,0.34257644414901733,
53,431,,,-0.3424499034881592,,0.3424499034881592,
54,439,,,-0.3432380259037018,,0.3432380259037018,
55,447,,,-0.34261053800582886,,0.34261053800582886,
56,449,,,,-0.37013816833496094,,0.37013816833496094
56,455,,,-0.34358856081962585,,0.34358856081962585,
57,463,,,-0.3428683876991272,,0.3428683876991272,
58,471,,,-0.34305450320243835,,0.34305450320243835,
59,479,,,-0.34402036666870117,,0.34402036666870117,
60,487,,,-0.3434399366378784,,0.3434399366378784,
61,495,,,-0.3436638116836548,,0.3436638116836548,
62,499,,,,-0.34108877182006836,,0.34108877182006836
62,503,,,-0.34333536028862,,0.34333536028862,
63,511,,,-0.34412088990211487,,0.34412088990211487,
64,519,,,-0.3433562219142914,,0.3433562219142914,
65,527,,,-0.3439571261405945,,0.3439571261405945,
66,535,,,-0.3435457944869995,,0.3435457944869995,
67,543,,,-0.34360459446907043,,0.34360459446907043,
68,549,,,,-0.34441566467285156,,0.34441566467285156
68,551,,,-0.3439839780330658,,0.3439839780330658,
69,559,,,-0.34443438053131104,,0.34443438053131104,
70,567,,,-0.34402996301651,,0.34402996301651,
71,575,,,-0.3437277376651764,,0.3437277376651764,
72,583,,,-0.3444729447364807,,0.3444729447364807,
73,591,,,-0.3440156877040863,,0.3440156877040863,
74,599,,,,-0.3706321716308594,,0.3706321716308594
74,599,,,-0.344406396150589,,0.344406396150589,
75,607,,,-0.34416165947914124,,0.34416165947914124,
76,615,,,-0.3446550965309143,,0.3446550965309143,
77,623,,,-0.34428471326828003,,0.34428471326828003,
78,631,,,-0.344298392534256,,0.344298392534256,
79,639,,,-0.3444180488586426,,0.3444180488586426,
80,647,,,-0.3441953659057617,,0.3441953659057617,
81,649,,,,-0.3722529411315918,,0.3722529411315918
81,655,,,-0.3442835807800293,,0.3442835807800293,
82,663,,,-0.3449168801307678,,0.3449168801307678,
83,671,,,-0.3446432054042816,,0.3446432054042816,
84,679,,,-0.34512150287628174,,0.34512150287628174,
85,687,,,-0.3447876572608948,,0.3447876572608948,
86,695,,,-0.3449728786945343,,0.3449728786945343,
87,699,,,,-0.3055286407470703,,0.3055286407470703
87,703,,,-0.3449857831001282,,0.3449857831001282,
88,711,,,-0.3447338342666626,,0.3447338342666626,
89,719,,,-0.345778226852417,,0.345778226852417,
90,727,,,-0.34508776664733887,,0.34508776664733887,
91,735,,,-0.3451204001903534,,0.3451204001903534,
92,743,,,-0.34529975056648254,,0.34529975056648254,
93,749,,,,-0.3377847671508789,,0.3377847671508789
93,751,,,-0.3462733030319214,,0.3462733030319214,
94,759,,,-0.34553804993629456,,0.34553804993629456,
95,767,,,-0.34530723094940186,,0.34530723094940186,
96,775,,,-0.3454505205154419,,0.3454505205154419,
97,783,,,-0.34656521677970886,,0.34656521677970886,
98,791,,,-0.34575122594833374,,0.34575122594833374,
99,799,,,,-0.3262205123901367,,0.3262205123901367
99,799,,,-0.3453826308250427,,0.3453826308250427,
100,807,,,-0.34595733880996704,,0.34595733880996704,
101,815,,,-0.34619593620300293,,0.34619593620300293,
102,823,,,-0.34594279527664185,,0.34594279527664185,
103,831,,,-0.34592798352241516,,0.34592798352241516,
104,839,,,-0.34555768966674805,,0.34555768966674805,
105,847,,,-0.3463224768638611,,0.3463224768638611,
106,849,,,,-0.40294313430786133,,0.40294313430786133
106,855,,,-0.3461683988571167,,0.3461683988571167,
107,863,,,-0.3460148572921753,,0.3460148572921753,
108,871,,,-0.346790075302124,,0.346790075302124,
109,879,,,-0.3466207981109619,,0.3466207981109619,
110,887,,,-0.3459956645965576,,0.3459956645965576,
111,895,,,-0.34580546617507935,,0.34580546617507935,
112,899,,,,-0.3802475929260254,,0.3802475929260254
112,903,,,-0.3462614119052887,,0.3462614119052887,
113,911,,,-0.34623169898986816,,0.34623169898986816,
114,919,,,-0.3465281128883362,,0.3465281128883362,
115,927,,,-0.3462163805961609,,0.3462163805961609,
116,935,,,-0.34648191928863525,,0.34648191928863525,
117,943,,,-0.34642156958580017,,0.34642156958580017,
118,949,,,,-0.3272724151611328,,0.3272724151611328
118,951,,,-0.34667259454727173,,0.34667259454727173,
119,959,,,-0.34655511379241943,,0.34655511379241943,
120,967,,,-0.34698399901390076,,0.34698399901390076,
121,975,,,-0.3467665910720825,,0.3467665910720825,
122,983,,,-0.3465082049369812,,0.3465082049369812,
123,991,,,-0.3478391170501709,,0.3478391170501709,
124,999,,,,-0.3372058868408203,,0.3372058868408203
124,999,,,-0.34684228897094727,,0.34684228897094727,
125,1007,,,-0.3470912575721741,,0.3470912575721741,
126,1015,,,-0.34684857726097107,,0.34684857726097107,
127,1023,,,-0.3469018340110779,,0.3469018340110779,
128,1031,,,-0.34712913632392883,,0.34712913632392883,
129,1039,,,-0.34701502323150635,,0.34701502323150635,
130,1047,,,-0.34790390729904175,,0.34790390729904175,
131,1049,,,,-0.36292076110839844,,0.36292076110839844
131,1055,,,-0.34741154313087463,,0.34741154313087463,
132,1063,,,-0.34714481234550476,,0.34714481234550476,
133,1071,,,-0.3472026586532593,,0.3472026586532593,
134,1079,,,-0.3471302092075348,,0.3471302092075348,
135,1087,,,-0.34756234288215637,,0.34756234288215637,
136,1095,,,-0.3474702835083008,,0.3474702835083008,
137,1099,,,,-0.39382076263427734,,0.39382076263427734
137,1103,,,-0.34722065925598145,,0.34722065925598145,
138,1111,,,-0.34794920682907104,,0.34794920682907104,
139,1119,,,-0.3474339246749878,,0.3474339246749878,
140,1127,,,-0.34773945808410645,,0.34773945808410645,
141,1135,,,-0.3477170467376709,,0.3477170467376709,
142,1143,,,-0.34778285026550293,,0.34778285026550293,
143,1149,,,,-0.40222835540771484,,0.40222835540771484
143,1151,,,-0.3479326367378235,,0.3479326367378235,
144,1159,,,-0.34766095876693726,,0.34766095876693726,
145,1167,,,-0.3477626442909241,,0.3477626442909241,
146,1175,,,-0.3475944697856903,,0.3475944697856903,
147,1183,,,-0.3478425145149231,,0.3478425145149231,
148,1191,,,-0.34806394577026367,,0.34806394577026367,
149,1199,,,,-0.32689952850341797,,0.32689952850341797
149,1199,,,-0.3483893573284149,,0.3483893573284149,
150,1207,,,-0.34783563017845154,,0.34783563017845154,
151,1215,,,-0.3477030396461487,,0.3477030396461487,
152,1223,,,-0.34809666872024536,,0.34809666872024536,
153,1231,,,-0.3477976322174072,,0.3477976322174072,
154,1239,,,-0.3479306995868683,,0.3479306995868683,
155,1247,,,-0.3479313552379608,,0.3479313552379608,
156,1249,,,,-0.34372901916503906,,0.34372901916503906
156,1255,,,-0.347882479429245,,0.347882479429245,
157,1263,,,-0.3479575514793396,,0.3479575514793396,
158,1271,,,-0.3486458957195282,,0.3486458957195282,
159,1279,,,-0.3478853106498718,,0.3478853106498718,
160,1287,,,-0.3485914170742035,,0.3485914170742035,
161,1295,,,-0.348292738199234,,0.348292738199234,
162,1299,,,,-0.37625646591186523,,0.37625646591186523
162,1303,,,-0.34831058979034424,,0.34831058979034424,
163,1311,,,-0.3485749363899231,,0.3485749363899231,
164,1319,,,-0.3484933078289032,,0.3484933078289032,
165,1327,,,-0.34806129336357117,,0.34806129336357117,
166,1335,,,-0.34829244017601013,,0.34829244017601013,
167,1343,,,-0.34812986850738525,,0.34812986850738525,
168,1349,,,,-0.3416118621826172,,0.3416118621826172
168,1351,,,-0.3487376570701599,,0.3487376570701599,
169,1359,,,-0.34834516048431396,,0.34834516048431396,
170,1367,,,-0.34823933243751526,,0.34823933243751526,
171,1375,,,-0.34822821617126465,,0.34822821617126465,
172,1383,,,-0.34840720891952515,,0.34840720891952515,
173,1391,,,-0.34839844703674316,,0.34839844703674316,
174,1399,,,,-0.3352384567260742,,0.3352384567260742
174,1399,,,-0.34857386350631714,,0.34857386350631714,
175,1407,,,-0.3487762212753296,,0.3487762212753296,
176,1415,,,-0.34864336252212524,,0.34864336252212524,
177,1423,,,-0.34893882274627686,,0.34893882274627686,
178,1431,,,-0.3486021161079407,,0.3486021161079407,
179,1439,,,-0.3485870063304901,,0.3485870063304901,
180,1447,,,-0.3487766981124878,,0.3487766981124878,
181,1449,,,,-0.37215709686279297,,0.37215709686279297
181,1455,,,-0.348716139793396,,0.348716139793396,
182,1463,,,-0.3485531806945801,,0.3485531806945801,
183,1471,,,-0.34877318143844604,,0.34877318143844604,
184,1479,,,-0.3488149046897888,,0.3488149046897888,
185,1487,,,-0.3489640951156616,,0.3489640951156616,
186,1495,,,-0.3485657274723053,,0.3485657274723053,
187,1499,,,,-0.41028785705566406,,0.41028785705566406
187,1503,,,-0.34916654229164124,,0.34916654229164124,
188,1511,,,-0.3487352132797241,,0.3487352132797241,
189,1519,,,-0.3494558036327362,,0.3494558036327362,
190,1527,,,-0.349290668964386,,0.349290668964386,
191,1535,,,-0.3485831916332245,,0.3485831916332245,
192,1543,,,-0.3488917350769043,,0.3488917350769043,
193,1549,,,,-0.3897266387939453,,0.3897266387939453
193,1551,,,-0.3490722179412842,,0.3490722179412842,
194,1559,,,-0.34870457649230957,,0.34870457649230957,
195,1567,,,-0.3492186665534973,,0.3492186665534973,
196,1575,,,-0.34897127747535706,,0.34897127747535706,
197,1583,,,-0.34862154722213745,,0.34862154722213745,
198,1591,,,-0.3489287197589874,,0.3489287197589874,
199,1599,,,,-0.33754777908325195,,0.33754777908325195
199,1599,,,-0.34907862544059753,,0.34907862544059753,
200,1607,,,-0.3495985269546509,,0.3495985269546509,
201,1615,,,-0.34862974286079407,,0.34862974286079407,
202,1623,,,-0.3489433526992798,,0.3489433526992798,
203,1631,,,-0.3490162491798401,,0.3490162491798401,
204,1639,,,-0.3491504490375519,,0.3491504490375519,
205,1647,,,-0.3493296802043915,,0.3493296802043915,
206,1649,,,,-0.3391561508178711,,0.3391561508178711
206,1655,,,-0.34920257329940796,,0.34920257329940796,
207,1663,,,-0.3495338559150696,,0.3495338559150696,
208,1671,,,-0.34946197271347046,,0.34946197271347046,
209,1679,,,-0.3489503562450409,,0.3489503562450409,
210,1687,,,-0.3494436740875244,,0.3494436740875244,
211,1695,,,-0.3491382300853729,,0.3491382300853729,
212,1699,,,,-0.3701486587524414,,0.3701486587524414
212,1703,,,-0.3493956923484802,,0.3493956923484802,
213,1711,,,-0.3495579957962036,,0.3495579957962036,
214,1719,,,-0.3491032123565674,,0.3491032123565674,
215,1727,,,-0.34942612051963806,,0.34942612051963806,
216,1735,,,-0.3491387367248535,,0.3491387367248535,
217,1743,,,-0.3491889238357544,,0.3491889238357544,
218,1749,,,,-0.3913888931274414,,0.3913888931274414
218,1751,,,-0.34927457571029663,,0.34927457571029663,
219,1759,,,-0.3491111695766449,,0.3491111695766449,
220,1767,,,-0.3496010899543762,,0.3496010899543762,
221,1775,,,-0.34942981600761414,,0.34942981600761414,
222,1783,,,-0.3495323657989502,,0.3495323657989502,
223,1791,,,-0.3496594727039337,,0.3496594727039337,
224,1799,,,,-0.37009239196777344,,0.37009239196777344
224,1799,,,-0.3496467173099518,,0.3496467173099518,
225,1807,,,-0.3497057557106018,,0.3497057557106018,
226,1815,,,-0.3494202792644501,,0.3494202792644501,
227,1823,,,-0.34923452138900757,,0.34923452138900757,
228,1831,,,-0.34961557388305664,,0.34961557388305664,
229,1839,,,-0.3491918444633484,,0.3491918444633484,
230,1847,,,-0.3500983417034149,,0.3500983417034149,
231,1849,,,,-0.32653093338012695,,0.32653093338012695
231,1855,,,-0.3494783043861389,,0.3494783043861389,
232,1863,,,-0.3494780659675598,,0.3494780659675598,
233,1871,,,-0.3498331606388092,,0.3498331606388092,
234,1879,,,-0.3501461446285248,,0.3501461446285248,
235,1887,,,-0.3494254946708679,,0.3494254946708679,
236,1895,,,-0.34927448630332947,,0.34927448630332947,
237,1899,,,,-0.3792452812194824,,0.3792452812194824
237,1903,,,-0.34979718923568726,,0.34979718923568726,
238,1911,,,-0.349622517824173,,0.349622517824173,
239,1919,,,-0.3495083451271057,,0.3495083451271057,
240,1927,,,-0.3499390482902527,,0.3499390482902527,
241,1935,,,-0.34990549087524414,,0.34990549087524414,
242,1943,,,-0.34975945949554443,,0.34975945949554443,
243,1949,,,,-0.36331653594970703,,0.36331653594970703
243,1951,,,-0.34995824098587036,,0.34995824098587036,
244,1959,,,-0.34944605827331543,,0.34944605827331543,
245,1967,,,-0.3494087755680084,,0.3494087755680084,
246,1975,,,-0.34972694516181946,,0.34972694516181946,
247,1983,,,-0.349817156791687,,0.349817156791687,
248,1991,,,-0.3499237895011902,,0.3499237895011902,
249,1999,,,,-0.3247518539428711,,0.3247518539428711
249,1999,,,-0.34964480996131897,,0.34964480996131897,
250,2007,,,-0.3497917354106903,,0.3497917354106903,
251,2015,,,-0.34976863861083984,,0.34976863861083984,
252,2023,,,-0.34965676069259644,,0.34965676069259644,
253,2031,,,-0.3500813841819763,,0.3500813841819763,
254,2039,,,-0.34972721338272095,,0.34972721338272095,
255,2047,,,-0.34944409132003784,,0.34944409132003784,
256,2049,,,,-0.38155221939086914,,0.38155221939086914
256,2055,,,-0.34967219829559326,,0.34967219829559326,
257,2063,,,-0.3496585488319397,,0.3496585488319397,
258,2071,,,-0.3495294749736786,,0.3495294749736786,
259,2079,,,-0.3505093455314636,,0.3505093455314636,
260,2087,,,-0.34950095415115356,,0.34950095415115356,
261,2095,,,-0.34988436102867126,,0.34988436102867126,
262,2099,,,,-0.3390655517578125,,0.3390655517578125
262,2103,,,-0.3496789336204529,,0.3496789336204529,
263,2111,,,-0.34961527585983276,,0.34961527585983276,
264,2119,,,-0.35039272904396057,,0.35039272904396057,
265,2127,,,-0.3498854637145996,,0.3498854637145996,
266,2135,,,-0.3498227000236511,,0.3498227000236511,
267,2143,,,-0.35023167729377747,,0.35023167729377747,
268,2149,,,,-0.31375932693481445,,0.31375932693481445
268,2151,,,-0.3504583537578583,,0.3504583537578583,
269,2159,,,-0.35084834694862366,,0.35084834694862366,
270,2167,,,-0.34991878271102905,,0.34991878271102905,
271,2175,,,-0.3501746356487274,,0.3501746356487274,
272,2183,,,-0.3502628803253174,,0.3502628803253174,
273,2191,,,-0.35023924708366394,,0.35023924708366394,
274,2199,,,,-0.3455677032470703,,0.3455677032470703
274,2199,,,-0.34985220432281494,,0.34985220432281494,
275,2207,,,-0.34987208247184753,,0.34987208247184753,
276,2215,,,-0.3498862683773041,,0.3498862683773041,
277,2223,,,-0.34982776641845703,,0.34982776641845703,
278,2231,,,-0.3497677743434906,,0.3497677743434906,
279,2239,,,-0.3497985899448395,,0.3497985899448395,
280,2247,,,-0.3499252498149872,,0.3499252498149872,
281,2249,,,,-0.3184776306152344,,0.3184776306152344
281,2255,,,-0.3499092161655426,,0.3499092161655426,
282,2263,,,-0.3499355912208557,,0.3499355912208557,
283,2271,,,-0.35005277395248413,,0.35005277395248413,
284,2279,,,-0.3501521944999695,,0.3501521944999695,
285,2287,,,-0.35023432970046997,,0.35023432970046997,
286,2295,,,-0.3499881625175476,,0.3499881625175476,
287,2299,,,,-0.38468170166015625,,0.38468170166015625
287,2303,,,-0.3501335084438324,,0.3501335084438324,
288,2311,,,-0.34989529848098755,,0.34989529848098755,
289,2319,,,-0.34987157583236694,,0.34987157583236694,
290,2327,,,-0.3502075672149658,,0.3502075672149658,
291,2335,,,-0.3500404357910156,,0.3500404357910156,
292,2343,,,-0.3501027524471283,,0.3501027524471283,
293,2349,,,,-0.3344712257385254,,0.3344712257385254
293,2351,,,-0.3500387668609619,,0.3500387668609619,
294,2359,,,-0.35030776262283325,,0.35030776262283325,
295,2367,,,-0.35038575530052185,,0.35038575530052185,
296,2375,,,-0.35014307498931885,,0.35014307498931885,
297,2383,,,-0.3503773808479309,,0.3503773808479309,
298,2391,,,-0.3502728343009949,,0.3502728343009949,
299,2399,,,,-0.3730335235595703,,0.3730335235595703
299,2399,,,-0.34997913241386414,,0.34997913241386414,
300,2407,,,-0.35007452964782715,,0.35007452964782715,
301,2415,,,-0.3499617278575897,,0.3499617278575897,
302,2423,,,-0.3504027724266052,,0.3504027724266052,
303,2431,,,-0.35003459453582764,,0.35003459453582764,
304,2439,,,-0.35013347864151,,0.35013347864151,
305,2447,,,-0.3505220115184784,,0.3505220115184784,
306,2449,,,,-0.392730712890625,,0.392730712890625
306,2455,,,-0.3507022559642792,,0.3507022559642792,
307,2463,,,-0.3502628207206726,,0.3502628207206726,
308,2471,,,-0.3503108024597168,,0.3503108024597168,
309,2479,,,-0.3503113389015198,,0.3503113389015198,
310,2487,,,-0.3505573272705078,,0.3505573272705078,
311,2495,,,-0.3505845069885254,,0.3505845069885254,
312,2499,,,,-0.3563990592956543,,0.3563990592956543
312,2503,,,-0.3502228260040283,,0.3502228260040283,
313,2511,,,-0.35030269622802734,,0.35030269622802734,
314,2519,,,-0.34998658299446106,,0.34998658299446106,
315,2527,,,-0.3499429523944855,,0.3499429523944855,
316,2535,,,-0.3505800664424896,,0.3505800664424896,
317,2543,,,-0.35046571493148804,,0.35046571493148804,
318,2549,,,,-0.35782527923583984,,0.35782527923583984
318,2551,,,-0.3509956896305084,,0.3509956896305084,
319,2559,,,-0.35011962056159973,,0.35011962056159973,
320,2567,,,-0.35018929839134216,,0.35018929839134216,
321,2575,,,-0.35027581453323364,,0.35027581453323364,
322,2583,,,-0.3507581055164337,,0.3507581055164337,
323,2591,,,-0.350009948015213,,0.350009948015213,
324,2599,,,,-0.36174535751342773,,0.36174535751342773
324,2599,,,-0.3504057228565216,,0.3504057228565216,
325,2607,,,-0.3503513038158417,,0.3503513038158417,
326,2615,,,-0.35083243250846863,,0.35083243250846863,
327,2623,,,-0.3505353033542633,,0.3505353033542633,
328,2631,,,-0.3502797484397888,,0.3502797484397888,
329,2639,,,-0.3505578637123108,,0.3505578637123108,
330,2647,,,-0.3507726192474365,,0.3507726192474365,
331,2649,,,,-0.3199319839477539,,0.3199319839477539
331,2655,,,-0.35022541880607605,,0.35022541880607605,
332,2663,,,-0.3504483997821808,,0.3504483997821808,
333,2671,,,-0.35069093108177185,,0.35069093108177185,
334,2679,,,-0.3504003882408142,,0.3504003882408142,
335,2687,,,-0.3506740629673004,,0.3506740629673004,
336,2695,,,-0.3502359390258789,,0.3502359390258789,
337,2699,,,,-0.3292508125305176,,0.3292508125305176
337,2703,,,-0.3503788709640503,,0.3503788709640503,
338,2711,,,-0.35091632604599,,0.35091632604599,
339,2719,,,-0.350398451089859,,0.350398451089859,
340,2727,,,-0.35033875703811646,,0.35033875703811646,
341,2735,,,-0.3503311574459076,,0.3503311574459076,
342,2743,,,-0.35030412673950195,,0.35030412673950195,
343,2749,,,,-0.33161306381225586,,0.33161306381225586
343,2751,,,-0.35111743211746216,,0.35111743211746216,
344,2759,,,-0.35044676065444946,,0.35044676065444946,
345,2767,,,-0.3503074049949646,,0.3503074049949646,
346,2775,,,-0.35058701038360596,,0.35058701038360596,
347,2783,,,-0.35135596990585327,,0.35135596990585327,
348,2791,,,-0.35101357102394104,,0.35101357102394104,
349,2799,,,,-0.37990570068359375,,0.37990570068359375
349,2799,,,-0.350763201713562,,0.350763201713562,
350,2807,,,-0.3511495590209961,,0.3511495590209961,
351,2815,,,-0.350769579410553,,0.350769579410553,
352,2823,,,-0.3503354489803314,,0.3503354489803314,
353,2831,,,-0.3503417372703552,,0.3503417372703552,
354,2839,,,-0.35050374269485474,,0.35050374269485474,
355,2847,,,-0.3504405617713928,,0.3504405617713928,
356,2849,,,,-0.3205709457397461,,0.3205709457397461
356,2855,,,-0.35051143169403076,,0.35051143169403076,
357,2863,,,-0.3505067229270935,,0.3505067229270935,
358,2871,,,-0.3509511947631836,,0.3509511947631836,
359,2879,,,-0.3505929708480835,,0.3505929708480835,
360,2887,,,-0.350738525390625,,0.350738525390625,
361,2895,,,-0.3504485487937927,,0.3504485487937927,
362,2899,,,,-0.37241601943969727,,0.37241601943969727
362,2903,,,-0.3502807021141052,,0.3502807021141052,
363,2911,,,-0.35057610273361206,,0.35057610273361206,
364,2919,,,-0.35055723786354065,,0.35055723786354065,
365,2927,,,-0.35084444284439087,,0.35084444284439087,
366,2935,,,-0.3508303761482239,,0.3508303761482239,
367,2943,,,-0.35060518980026245,,0.35060518980026245,
368,2949,,,,-0.36344146728515625,,0.36344146728515625
368,2951,,,-0.3503856062889099,,0.3503856062889099,
369,2959,,,-0.35082462430000305,,0.35082462430000305,
370,2967,,,-0.3508012592792511,,0.3508012592792511,
371,2975,,,-0.3502604365348816,,0.3502604365348816,
372,2983,,,-0.3503776788711548,,0.3503776788711548,
373,2991,,,-0.3504403233528137,,0.3504403233528137,
374,2999,,,,-0.35822391510009766,,0.35822391510009766
374,2999,,,-0.3504772484302521,,0.3504772484302521,
375,3007,,,-0.3503720760345459,,0.3503720760345459,
376,3015,,,-0.3510178327560425,,0.3510178327560425,
377,3023,,,-0.35076045989990234,,0.35076045989990234,
378,3031,,,-0.3503703773021698,,0.3503703773021698,
379,3039,,,-0.35033220052719116,,0.35033220052719116,
380,3047,,,-0.35052746534347534,,0.35052746534347534,
381,3049,,,,-0.3975963592529297,,0.3975963592529297
381,3055,,,-0.35057681798934937,,0.35057681798934937,
382,3063,,,-0.3505469858646393,,0.3505469858646393,
383,3071,,,-0.3514906167984009,,0.3514906167984009,
384,3079,,,-0.3505934774875641,,0.3505934774875641,
385,3087,,,-0.35045307874679565,,0.35045307874679565,
386,3095,,,-0.3504699468612671,,0.3504699468612671,
387,3099,,,,-0.3433208465576172,,0.3433208465576172
387,3103,,,-0.35090768337249756,,0.35090768337249756,
388,3111,,,-0.3503098487854004,,0.3503098487854004,
389,3119,,,-0.35078489780426025,,0.35078489780426025,
390,3127,,,-0.3504926562309265,,0.3504926562309265,
391,3135,,,-0.3507988452911377,,0.3507988452911377,
392,3143,,,-0.35049620270729065,,0.35049620270729065,
393,3149,,,,-0.36278533935546875,,0.36278533935546875
393,3151,,,-0.35077205300331116,,0.35077205300331116,
394,3159,,,-0.35071420669555664,,0.35071420669555664,
395,3167,,,-0.35052698850631714,,0.35052698850631714,
396,3175,,,-0.3504052758216858,,0.3504052758216858,
397,3183,,,-0.35063087940216064,,0.35063087940216064,
398,3191,,,-0.3505842387676239,,0.3505842387676239,
399,3199,,,,-0.34537506103515625,,0.34537506103515625
399,3199,,,-0.35063499212265015,,0.35063499212265015,
400,3207,,,-0.35056716203689575,,0.35056716203689575,
401,3215,,,-0.3505570888519287,,0.3505570888519287,
402,3223,,,-0.3505202531814575,,0.3505202531814575,
403,3231,,,-0.35073745250701904,,0.35073745250701904,
404,3239,,,-0.35128724575042725,,0.35128724575042725,
405,3247,,,-0.3509538471698761,,0.3509538471698761,
406,3249,,,,-0.35651588439941406,,0.35651588439941406
406,3255,,,-0.3505922853946686,,0.3505922853946686,
407,3263,,,-0.3504261076450348,,0.3504261076450348,
408,3271,,,-0.35066768527030945,,0.35066768527030945,
409,3279,,,-0.35040655732154846,,0.35040655732154846,
410,3287,,,-0.3503880500793457,,0.3503880500793457,
411,3295,,,-0.3506525456905365,,0.3506525456905365,
412,3299,,,,-0.35515594482421875,,0.35515594482421875
412,3303,,,-0.3512631952762604,,0.3512631952762604,
413,3311,,,-0.3506928086280823,,0.3506928086280823,
414,3319,,,-0.35039594769477844,,0.35039594769477844,
415,3327,,,-0.3506641983985901,,0.3506641983985901,
416,3335,,,-0.3509860336780548,,0.3509860336780548,
417,3343,,,-0.3503761887550354,,0.3503761887550354,
418,3349,,,,-0.36477184295654297,,0.36477184295654297
418,3351,,,-0.3505050241947174,,0.3505050241947174,
419,3359,,,-0.35078710317611694,,0.35078710317611694,
420,3367,,,-0.3511388897895813,,0.3511388897895813,
421,3375,,,-0.35048896074295044,,0.35048896074295044,
422,3383,,,-0.3508104383945465,,0.3508104383945465,
423,3391,,,-0.35078734159469604,,0.35078734159469604,
424,3399,,,,-0.36483001708984375,,0.36483001708984375
424,3399,,,-0.35107940435409546,,0.35107940435409546,
425,3407,,,-0.350741446018219,,0.350741446018219,
426,3415,,,-0.3503180742263794,,0.3503180742263794,
427,3423,,,-0.3505595326423645,,0.3505595326423645,
428,3431,,,-0.3507522940635681,,0.3507522940635681,
429,3439,,,-0.3505669832229614,,0.3505669832229614,
430,3447,,,-0.3506639301776886,,0.3506639301776886,
431,3449,,,,-0.3348069190979004,,0.3348069190979004
431,3455,,,-0.35078397393226624,,0.35078397393226624,
432,3463,,,-0.3505626320838928,,0.3505626320838928,
433,3471,,,-0.3508254885673523,,0.3508254885673523,
434,3479,,,-0.3505561947822571,,0.3505561947822571,
435,3487,,,-0.35084769129753113,,0.35084769129753113,
436,3495,,,-0.3504805266857147,,0.3504805266857147,
437,3499,,,,-0.24826765060424805,,0.24826765060424805
437,3503,,,-0.35174599289894104,,0.35174599289894104,
438,3511,,,-0.3506416082382202,,0.3506416082382202,
439,3519,,,-0.3506917953491211,,0.3506917953491211,
440,3527,,,-0.35069379210472107,,0.35069379210472107,
441,3535,,,-0.350675493478775,,0.350675493478775,
442,3543,,,-0.35048604011535645,,0.35048604011535645,
443,3549,,,,-0.36258506774902344,,0.36258506774902344
443,3551,,,-0.35086295008659363,,0.35086295008659363,
444,3559,,,-0.3505519926548004,,0.3505519926548004,
445,3567,,,-0.35077208280563354,,0.35077208280563354,
446,3575,,,-0.3505363166332245,,0.3505363166332245,
447,3583,,,-0.3506441116333008,,0.3506441116333008,
448,3591,,,-0.35088926553726196,,0.35088926553726196,
449,3599,,,,-0.38129138946533203,,0.38129138946533203
449,3599,,,-0.35081759095191956,,0.35081759095191956,
450,3607,,,-0.3509862720966339,,0.3509862720966339,
451,3615,,,-0.35058102011680603,,0.35058102011680603,
452,3623,,,-0.35094624757766724,,0.35094624757766724,
453,3631,,,-0.35101407766342163,,0.35101407766342163,
454,3639,,,-0.3513137996196747,,0.3513137996196747,
455,3647,,,-0.3505043089389801,,0.3505043089389801,
456,3649,,,,-0.3619227409362793,,0.3619227409362793
456,3655,,,-0.3506699502468109,,0.3506699502468109,
457,3663,,,-0.35074493288993835,,0.35074493288993835,
458,3671,,,-0.3506012558937073,,0.3506012558937073,
459,3679,,,-0.3507780134677887,,0.3507780134677887,
460,3687,,,-0.35086920857429504,,0.35086920857429504,
461,3695,,,-0.35069727897644043,,0.35069727897644043,
462,3699,,,,-0.36567115783691406,,0.36567115783691406
462,3703,,,-0.3507044315338135,,0.3507044315338135,
463,3711,,,-0.35036447644233704,,0.35036447644233704,
464,3719,,,-0.350786417722702,,0.350786417722702,
465,3727,,,-0.3506765365600586,,0.3506765365600586,
466,3735,,,-0.35080766677856445,,0.35080766677856445,
467,3743,,,-0.35107988119125366,,0.35107988119125366,
468,3749,,,,-0.3782205581665039,,0.3782205581665039
468,3751,,,-0.3507347106933594,,0.3507347106933594,
469,3759,,,-0.35116204619407654,,0.35116204619407654,
470,3767,,,-0.3507031202316284,,0.3507031202316284,
471,3775,,,-0.35065487027168274,,0.35065487027168274,
472,3783,,,-0.351185142993927,,0.351185142993927,
473,3791,,,-0.3505476415157318,,0.3505476415157318,
474,3799,,,,-0.3279271125793457,,0.3279271125793457
474,3799,,,-0.35087019205093384,,0.35087019205093384,
475,3807,,,-0.350650429725647,,0.350650429725647,
476,3815,,,-0.3508772850036621,,0.3508772850036621,
477,3823,,,-0.3507058024406433,,0.3507058024406433,
478,3831,,,-0.35064154863357544,,0.35064154863357544,
479,3839,,,-0.3510839343070984,,0.3510839343070984,
480,3847,,,-0.35074684023857117,,0.35074684023857117,
481,3849,,,,-0.3836984634399414,,0.3836984634399414
481,3855,,,-0.3507169485092163,,0.3507169485092163,
482,3863,,,-0.35062748193740845,,0.35062748193740845,
483,3871,,,-0.3508793115615845,,0.3508793115615845,
484,3879,,,-0.35070523619651794,,0.35070523619651794,
485,3887,,,-0.35099557042121887,,0.35099557042121887,
486,3895,,,-0.35086214542388916,,0.35086214542388916,
487,3899,,,,-0.3728652000427246,,0.3728652000427246
487,3903,,,-0.35107582807540894,,0.35107582807540894,
488,3911,,,-0.3506464958190918,,0.3506464958190918,
489,3919,,,-0.3505752980709076,,0.3505752980709076,
490,3927,,,-0.35096651315689087,,0.35096651315689087,
491,3935,,,-0.3513265550136566,,0.3513265550136566,
492,3943,,,-0.3507578670978546,,0.3507578670978546,
493,3949,,,,-0.37503528594970703,,0.37503528594970703
493,3951,,,-0.3507218062877655,,0.3507218062877655,
494,3959,,,-0.3510667681694031,,0.3510667681694031,
495,3967,,,-0.3509678244590759,,0.3509678244590759,
496,3975,,,-0.35086554288864136,,0.35086554288864136,
497,3983,,,-0.3506045937538147,,0.3506045937538147,
498,3991,,,-0.35074785351753235,,0.35074785351753235,
499,3999,,,,-0.3586416244506836,,0.3586416244506836
499,3999,,,-0.3509604036808014,,0.3509604036808014,
500,4007,,,-0.350735068321228,,0.350735068321228,
501,4015,,,-0.3512863516807556,,0.3512863516807556,
502,4023,,,-0.350852370262146,,0.350852370262146,
503,4031,,,-0.35102441906929016,,0.35102441906929016,
504,4039,,,-0.3506666123867035,,0.3506666123867035,
505,4047,,,-0.3512484133243561,,0.3512484133243561,
506,4049,,,,-0.3298640251159668,,0.3298640251159668
506,4055,,,-0.3509765863418579,,0.3509765863418579,
507,4063,,,-0.35086023807525635,,0.35086023807525635,
508,4071,,,-0.35078588128089905,,0.35078588128089905,
509,4079,,,-0.3508170247077942,,0.3508170247077942,
510,4087,,,-0.3507333993911743,,0.3507333993911743,
511,4095,,,-0.35118257999420166,,0.35118257999420166,
512,4099,,,,-0.35280513763427734,,0.35280513763427734
512,4103,,,-0.3507905900478363,,0.3507905900478363,
513,4111,,,-0.35084864497184753,,0.35084864497184753,
514,4119,,,-0.3511343002319336,,0.3511343002319336,
515,4127,,,-0.3509208559989929,,0.3509208559989929,
516,4135,,,-0.35113194584846497,,0.35113194584846497,
517,4143,,,-0.3511882424354553,,0.3511882424354553,
518,4149,,,,-0.3292727470397949,,0.3292727470397949
518,4151,,,-0.3506704270839691,,0.3506704270839691,
519,4159,,,-0.3505338728427887,,0.3505338728427887,
520,4167,,,-0.35068297386169434,,0.35068297386169434,
521,4175,,,-0.3511688709259033,,0.3511688709259033,
522,4183,,,-0.35078802704811096,,0.35078802704811096,
523,4191,,,-0.35082393884658813,,0.35082393884658813,
524,4199,,,,-0.35169506072998047,,0.35169506072998047
524,4199,,,-0.3507242202758789,,0.3507242202758789,
525,4207,,,-0.3508146107196808,,0.3508146107196808,
526,4215,,,-0.35059142112731934,,0.35059142112731934,
527,4223,,,-0.3507070541381836,,0.3507070541381836,
528,4231,,,-0.35067489743232727,,0.35067489743232727,
529,4239,,,-0.3508680462837219,,0.3508680462837219,
530,4247,,,-0.3509368300437927,,0.3509368300437927,
531,4249,,,,-0.3634920120239258,,0.3634920120239258
531,4255,,,-0.35069939494132996,,0.35069939494132996,
532,4263,,,-0.3508341908454895,,0.3508341908454895,
533,4271,,,-0.3512375056743622,,0.3512375056743622,
534,4279,,,-0.35104143619537354,,0.35104143619537354,
535,4287,,,-0.35153481364250183,,0.35153481364250183,
536,4295,,,-0.35107752680778503,,0.35107752680778503,
537,4299,,,,-0.35211658477783203,,0.35211658477783203
537,4303,,,-0.3507106304168701,,0.3507106304168701,
538,4311,,,-0.35069540143013,,0.35069540143013,
539,4319,,,-0.3509454131126404,,0.3509454131126404,
540,4327,,,-0.3510895371437073,,0.3510895371437073,
541,4335,,,-0.35069501399993896,,0.35069501399993896,
542,4343,,,-0.3508675694465637,,0.3508675694465637,
543,4349,,,,-0.3198699951171875,,0.3198699951171875
543,4351,,,-0.35091128945350647,,0.35091128945350647,
544,4359,,,-0.35107389092445374,,0.35107389092445374,
545,4367,,,-0.35079675912857056,,0.35079675912857056,
546,4375,,,-0.3508739471435547,,0.3508739471435547,
547,4383,,,-0.3509025573730469,,0.3509025573730469,
548,4391,,,-0.3506748080253601,,0.3506748080253601,
549,4399,,,,-0.29856014251708984,,0.29856014251708984
549,4399,,,-0.35121655464172363,,0.35121655464172363,
550,4407,,,-0.3510664105415344,,0.3510664105415344,
551,4415,,,-0.3509431779384613,,0.3509431779384613,
552,4423,,,-0.35139966011047363,,0.35139966011047363,
553,4431,,,-0.3515414893627167,,0.3515414893627167,
554,4439,,,-0.35124605894088745,,0.35124605894088745,
555,4447,,,-0.3507803678512573,,0.3507803678512573,
556,4449,,,,-0.34473514556884766,,0.34473514556884766
556,4455,,,-0.3506835103034973,,0.3506835103034973,
557,4463,,,-0.35090672969818115,,0.35090672969818115,
558,4471,,,-0.35075804591178894,,0.35075804591178894,
559,4479,,,-0.35080766677856445,,0.35080766677856445,
560,4487,,,-0.3509370982646942,,0.3509370982646942,
561,4495,,,-0.35094332695007324,,0.35094332695007324,
562,4499,,,,-0.3465909957885742,,0.3465909957885742
562,4503,,,-0.35094910860061646,,0.35094910860061646,
563,4511,,,-0.35066884756088257,,0.35066884756088257,
564,4519,,,-0.35100486874580383,,0.35100486874580383,
565,4527,,,-0.3514353930950165,,0.3514353930950165,
566,4535,,,-0.35102376341819763,,0.35102376341819763,
567,4543,,,-0.35119161009788513,,0.35119161009788513,
568,4549,,,,-0.3406391143798828,,0.3406391143798828
568,4551,,,-0.3510017395019531,,0.3510017395019531,
569,4559,,,-0.3512110710144043,,0.3512110710144043,
570,4567,,,-0.35174962878227234,,0.35174962878227234,
571,4575,,,-0.35078349709510803,,0.35078349709510803,
572,4583,,,-0.35128143429756165,,0.35128143429756165,
573,4591,,,-0.3510744273662567,,0.3510744273662567,
574,4599,,,,-0.34656524658203125,,0.34656524658203125
574,4599,,,-0.3509019613265991,,0.3509019613265991,
575,4607,,,-0.35109883546829224,,0.35109883546829224,
576,4615,,,-0.35126543045043945,,0.35126543045043945,
577,4623,,,-0.3509233891963959,,0.3509233891963959,
578,4631,,,-0.35097843408584595,,0.35097843408584595,
579,4639,,,-0.35130244493484497,,0.35130244493484497,
580,4647,,,-0.35103335976600647,,0.35103335976600647,
581,4649,,,,-0.36158227920532227,,0.36158227920532227
581,4655,,,-0.3511330187320709,,0.3511330187320709,
582,4663,,,-0.3508134186267853,,0.3508134186267853,
583,4671,,,-0.35119661688804626,,0.35119661688804626,
584,4679,,,-0.3513809144496918,,0.3513809144496918,
585,4687,,,-0.3510814309120178,,0.3510814309120178,
586,4695,,,-0.35093954205513,,0.35093954205513,
587,4699,,,,-0.37063121795654297,,0.37063121795654297
587,4703,,,-0.3509907126426697,,0.3509907126426697,
588,4711,,,-0.35124096274375916,,0.35124096274375916,
589,4719,,,-0.3511587977409363,,0.3511587977409363,
590,4727,,,-0.35101020336151123,,0.35101020336151123,
591,4735,,,-0.35113275051116943,,0.35113275051116943,
592,4743,,,-0.3507118225097656,,0.3507118225097656,
593,4749,,,,-0.37714672088623047,,0.37714672088623047
593,4751,,,-0.35112491250038147,,0.35112491250038147,
594,4759,,,-0.35103559494018555,,0.35103559494018555,
595,4767,,,-0.3508327007293701,,0.3508327007293701,
596,4775,,,-0.35112059116363525,,0.35112059116363525,
597,4783,,,-0.3508303165435791,,0.3508303165435791,
598,4791,,,-0.3509966731071472,,0.3509966731071472,
599,4799,,,,-0.3739299774169922,,0.3739299774169922
599,4799,,,-0.3509831130504608,,0.3509831130504608,
600,4807,,,-0.3517893850803375,,0.3517893850803375,
601,4815,,,-0.3511331081390381,,0.3511331081390381,
602,4823,,,-0.350946843624115,,0.350946843624115,
603,4831,,,-0.3508848249912262,,0.3508848249912262,
604,4839,,,-0.35166215896606445,,0.35166215896606445,
605,4847,,,-0.3507486879825592,,0.3507486879825592,
606,4849,,,,-0.38138294219970703,,0.38138294219970703
606,4855,,,-0.3510372042655945,,0.3510372042655945,
607,4863,,,-0.3508611023426056,,0.3508611023426056,
608,4871,,,-0.35087957978248596,,0.35087957978248596,
609,4879,,,-0.35075196623802185,,0.35075196623802185,
610,4887,,,-0.3508065938949585,,0.3508065938949585,
611,4895,,,-0.35116007924079895,,0.35116007924079895,
612,4899,,,,-0.39162397384643555,,0.39162397384643555
612,4903,,,-0.35135185718536377,,0.35135185718536377,
613,4911,,,-0.3508150279521942,,0.3508150279521942,
614,4919,,,-0.3507614731788635,,0.3507614731788635,
615,4927,,,-0.35103267431259155,,0.35103267431259155,
616,4935,,,-0.3510376214981079,,0.3510376214981079,
617,4943,,,-0.350756973028183,,0.350756973028183,
618,4949,,,,-0.3644094467163086,,0.3644094467163086
618,4951,,,-0.3511282205581665,,0.3511282205581665,
619,4959,,,-0.35123395919799805,,0.35123395919799805,
620,4967,,,-0.35078930854797363,,0.35078930854797363,
621,4975,,,-0.35086891055107117,,0.35086891055107117,
622,4983,,,-0.35070911049842834,,0.35070911049842834,
623,4991,,,-0.3509739637374878,,0.3509739637374878,
624,4999,,,,-0.3246755599975586,,0.3246755599975586
624,4999,,,-0.35086262226104736,,0.35086262226104736,
625,5007,,,-0.3507193326950073,,0.3507193326950073,
626,5015,,,-0.3508884906768799,,0.3508884906768799,
627,5023,,,-0.3511088490486145,,0.3511088490486145,
628,5031,,,-0.35074952244758606,,0.35074952244758606,
629,5039,,,-0.3511691093444824,,0.3511691093444824,
630,5047,,,-0.3507859408855438,,0.3507859408855438,
631,5049,,,,-0.3501319885253906,,0.3501319885253906
631,5055,,,-0.35102567076683044,,0.35102567076683044,
632,5063,,,-0.3511819541454315,,0.3511819541454315,
633,5071,,,-0.35139763355255127,,0.35139763355255127,
634,5079,,,-0.3509334921836853,,0.3509334921836853,
635,5087,,,-0.3510966897010803,,0.3510966897010803,
636,5095,,,-0.3508124053478241,,0.3508124053478241,
637,5099,,,,-0.3699684143066406,,0.3699684143066406
637,5103,,,-0.3510746359825134,,0.3510746359825134,
638,5111,,,-0.3512842059135437,,0.3512842059135437,
639,5119,,,-0.3510591685771942,,0.3510591685771942,
640,5127,,,-0.3509003818035126,,0.3509003818035126,
641,5135,,,-0.3508117198944092,,0.3508117198944092,
642,5143,,,-0.3512844145298004,,0.3512844145298004,
643,5149,,,,-0.3946108818054199,,0.3946108818054199
643,5151,,,-0.35134708881378174,,0.35134708881378174,
644,5159,,,-0.3507353365421295,,0.3507353365421295,
645,5167,,,-0.3510330319404602,,0.3510330319404602,
646,5175,,,-0.35097676515579224,,0.35097676515579224,
647,5183,,,-0.3514029383659363,,0.3514029383659363,
648,5191,,,-0.3507998585700989,,0.3507998585700989,
649,5199,,,,-0.3437623977661133,,0.3437623977661133
649,5199,,,-0.35114824771881104,,0.35114824771881104,
650,5207,,,-0.35099807381629944,,0.35099807381629944,
651,5215,,,-0.3507921099662781,,0.3507921099662781,
652,5223,,,-0.3513939082622528,,0.3513939082622528,
653,5231,,,-0.3518857955932617,,0.3518857955932617,
654,5239,,,-0.3510105609893799,,0.3510105609893799,
655,5247,,,-0.35089030861854553,,0.35089030861854553,
656,5249,,,,-0.3982396125793457,,0.3982396125793457
656,5255,,,-0.351254940032959,,0.351254940032959,
657,5263,,,-0.3509305715560913,,0.3509305715560913,
658,5271,,,-0.3507816791534424,,0.3507816791534424,
659,5279,,,-0.3510209918022156,,0.3510209918022156,
660,5287,,,-0.3512468636035919,,0.3512468636035919,
661,5295,,,-0.35132724046707153,,0.35132724046707153,
662,5299,,,,-0.41173601150512695,,0.41173601150512695
662,5303,,,-0.3509722352027893,,0.3509722352027893,
663,5311,,,-0.3515450954437256,,0.3515450954437256,
664,5319,,,-0.3512539267539978,,0.3512539267539978,
665,5327,,,-0.35091322660446167,,0.35091322660446167,
666,5335,,,-0.35110223293304443,,0.35110223293304443,
667,5343,,,-0.35092008113861084,,0.35092008113861084,
668,5349,,,,-0.3955421447753906,,0.3955421447753906
668,5351,,,-0.3511883616447449,,0.3511883616447449,
669,5359,,,-0.3508087992668152,,0.3508087992668152,
670,5367,,,-0.3512541651725769,,0.3512541651725769,
671,5375,,,-0.35152962803840637,,0.35152962803840637,
672,5383,,,-0.350983202457428,,0.350983202457428,
673,5391,,,-0.3508816063404083,,0.3508816063404083,
674,5399,,,,-0.37488698959350586,,0.37488698959350586
674,5399,,,-0.35103970766067505,,0.35103970766067505,
675,5407,,,-0.3512229919433594,,0.3512229919433594,
676,5415,,,-0.3511026203632355,,0.3511026203632355,
677,5423,,,-0.35093358159065247,,0.35093358159065247,
678,5431,,,-0.3508583903312683,,0.3508583903312683,
679,5439,,,-0.35095638036727905,,0.35095638036727905,
680,5447,,,-0.3510885238647461,,0.3510885238647461,
681,5449,,,,-0.3774566650390625,,0.3774566650390625
681,5455,,,-0.3509605824947357,,0.3509605824947357,
682,5463,,,-0.35111725330352783,,0.35111725330352783,
683,5471,,,-0.35098278522491455,,0.35098278522491455,
684,5479,,,-0.35122886300086975,,0.35122886300086975,
685,5487,,,-0.35085180401802063,,0.35085180401802063,
686,5495,,,-0.3512876331806183,,0.3512876331806183,
687,5499,,,,-0.35939502716064453,,0.35939502716064453
687,5503,,,-0.35077735781669617,,0.35077735781669617,
688,5511,,,-0.35161644220352173,,0.35161644220352173,
689,5519,,,-0.3512912690639496,,0.3512912690639496,
690,5527,,,-0.3512275516986847,,0.3512275516986847,
691,5535,,,-0.35138553380966187,,0.35138553380966187,
692,5543,,,-0.3510546088218689,,0.3510546088218689,
693,5549,,,,-0.3343672752380371,,0.3343672752380371
693,5551,,,-0.3508979380130768,,0.3508979380130768,
694,5559,,,-0.3509480059146881,,0.3509480059146881,
695,5567,,,-0.3511168956756592,,0.3511168956756592,
696,5575,,,-0.3508332371711731,,0.3508332371711731,
697,5583,,,-0.35140323638916016,,0.35140323638916016,
698,5591,,,-0.3514706790447235,,0.3514706790447235,
699,5599,,,,-0.3503580093383789,,0.3503580093383789
699,5599,,,-0.3512147068977356,,0.3512147068977356,
700,5607,,,-0.3507145643234253,,0.3507145643234253,
701,5615,,,-0.3511393070220947,,0.3511393070220947,
702,5623,,,-0.35145169496536255,,0.35145169496536255,
703,5631,,,-0.3509228825569153,,0.3509228825569153,
704,5639,,,-0.351482629776001,,0.351482629776001,
705,5647,,,-0.35099077224731445,,0.35099077224731445,
706,5649,,,,-0.32951831817626953,,0.32951831817626953
706,5655,,,-0.35102054476737976,,0.35102054476737976,
707,5663,,,-0.3508211374282837,,0.3508211374282837,
708,5671,,,-0.35135340690612793,,0.35135340690612793,
709,5679,,,-0.35098305344581604,,0.35098305344581604,
710,5687,,,-0.3506200909614563,,0.3506200909614563,
711,5695,,,-0.3510738015174866,,0.3510738015174866,
712,5699,,,,-0.3300600051879883,,0.3300600051879883
712,5703,,,-0.3514361083507538,,0.3514361083507538,
713,5711,,,-0.351330429315567,,0.351330429315567,
714,5719,,,-0.3511790633201599,,0.3511790633201599,
715,5727,,,-0.3508329391479492,,0.3508329391479492,
716,5735,,,-0.35099637508392334,,0.35099637508392334,
717,5743,,,-0.3509640097618103,,0.3509640097618103,
718,5749,,,,-0.32273054122924805,,0.32273054122924805
718,5751,,,-0.3508903980255127,,0.3508903980255127,
719,5759,,,-0.35139000415802,,0.35139000415802,
720,5767,,,-0.35103291273117065,,0.35103291273117065,
721,5775,,,-0.3508477807044983,,0.3508477807044983,
722,5783,,,-0.350712388753891,,0.350712388753891,
723,5791,,,-0.35082516074180603,,0.35082516074180603,
724,5799,,,,-0.35152339935302734,,0.35152339935302734
724,5799,,,-0.3509308993816376,,0.3509308993816376,
725,5807,,,-0.3511071801185608,,0.3511071801185608,
726,5815,,,-0.3509436845779419,,0.3509436845779419,
727,5823,,,-0.3512507677078247,,0.3512507677078247,
728,5831,,,-0.3510485291481018,,0.3510485291481018,
729,5839,,,-0.3507370352745056,,0.3507370352745056,
730,5847,,,-0.35115545988082886,,0.35115545988082886,
731,5849,,,,-0.3303236961364746,,0.3303236961364746
731,5855,,,-0.3508486747741699,,0.3508486747741699,
732,5863,,,-0.35129570960998535,,0.35129570960998535,
733,5871,,,-0.35184964537620544,,0.35184964537620544,
734,5879,,,-0.35076868534088135,,0.35076868534088135,
735,5887,,,-0.35096508264541626,,0.35096508264541626,
736,5895,,,-0.3509472906589508,,0.3509472906589508,
737,5899,,,,-0.3812437057495117,,0.3812437057495117
737,5903,,,-0.3511103689670563,,0.3511103689670563,
738,5911,,,-0.35123148560523987,,0.35123148560523987,
739,5919,,,-0.3509819507598877,,0.3509819507598877,
740,5927,,,-0.35150402784347534,,0.35150402784347534,
741,5935,,,-0.3509654402732849,,0.3509654402732849,
742,5943,,,-0.35100212693214417,,0.35100212693214417,
743,5949,,,,-0.3534417152404785,,0.3534417152404785
743,5951,,,-0.35151228308677673,,0.35151228308677673,
744,5959,,,-0.3514922261238098,,0.3514922261238098,
745,5967,,,-0.35107406973838806,,0.35107406973838806,
746,5975,,,-0.35110488533973694,,0.35110488533973694,
747,5983,,,-0.3511512577533722,,0.3511512577533722,
748,5991,,,-0.3508791923522949,,0.3508791923522949,
749,5999,,,,-0.32390308380126953,,0.32390308380126953
749,5999,,,-0.3518304228782654,,0.3518304228782654,
750,6007,,,-0.3511151969432831,,0.3511151969432831,
751,6015,,,-0.3510512709617615,,0.3510512709617615,
752,6023,,,-0.35071372985839844,,0.35071372985839844,
753,6031,,,-0.3508826792240143,,0.3508826792240143,
754,6039,,,-0.3511764407157898,,0.3511764407157898,
755,6047,,,-0.35143452882766724,,0.35143452882766724,
756,6049,,,,-0.309600830078125,,0.309600830078125
756,6055,,,-0.3514896333217621,,0.3514896333217621,
757,6063,,,-0.35111871361732483,,0.35111871361732483,
758,6071,,,-0.3511321544647217,,0.3511321544647217,
759,6079,,,-0.3514171242713928,,0.3514171242713928,
760,6087,,,-0.35107558965682983,,0.35107558965682983,
761,6095,,,-0.35110992193222046,,0.35110992193222046,
762,6099,,,,-0.3396739959716797,,0.3396739959716797
762,6103,,,-0.3510817289352417,,0.3510817289352417,
763,6111,,,-0.35091274976730347,,0.35091274976730347,
764,6119,,,-0.35090774297714233,,0.35090774297714233,
765,6127,,,-0.3510870337486267,,0.3510870337486267,
766,6135,,,-0.3510865569114685,,0.3510865569114685,
767,6143,,,-0.3512176275253296,,0.3512176275253296,
768,6149,,,,-0.3407778739929199,,0.3407778739929199
768,6151,,,-0.3512040674686432,,0.3512040674686432,
769,6159,,,-0.3513391613960266,,0.3513391613960266,
770,6167,,,-0.3509976267814636,,0.3509976267814636,
771,6175,,,-0.3511369228363037,,0.3511369228363037,
772,6183,,,-0.35129058361053467,,0.35129058361053467,
773,6191,,,-0.35089319944381714,,0.35089319944381714,
774,6199,,,,-0.34257030487060547,,0.34257030487060547
774,6199,,,-0.3510799705982208,,0.3510799705982208,
775,6207,,,-0.351100891828537,,0.351100891828537,
776,6215,,,-0.350895494222641,,0.350895494222641,
777,6223,,,-0.3510022759437561,,0.3510022759437561,
778,6231,,,-0.351594477891922,,0.351594477891922,
779,6239,,,-0.3509318232536316,,0.3509318232536316,
780,6247,,,-0.35104215145111084,,0.35104215145111084,
781,6249,,,,-0.36262083053588867,,0.36262083053588867
781,6255,,,-0.35093459486961365,,0.35093459486961365,
782,6263,,,-0.35077977180480957,,0.35077977180480957,
783,6271,,,-0.35111504793167114,,0.35111504793167114,
784,6279,,,-0.3512881398200989,,0.3512881398200989,
785,6287,,,-0.3508617877960205,,0.3508617877960205,
786,6295,,,-0.3518035113811493,,0.3518035113811493,
787,6299,,,,-0.3255290985107422,,0.3255290985107422
787,6303,,,-0.3512275815010071,,0.3512275815010071,
788,6311,,,-0.35135143995285034,,0.35135143995285034,
789,6319,,,-0.3509901463985443,,0.3509901463985443,
790,6327,,,-0.35143861174583435,,0.35143861174583435,
791,6335,,,-0.3508138060569763,,0.3508138060569763,
792,6343,,,-0.3509504497051239,,0.3509504497051239,
793,6349,,,,-0.35557126998901367,,0.35557126998901367
793,6351,,,-0.35112127661705017,,0.35112127661705017,
794,6359,,,-0.35084131360054016,,0.35084131360054016,
795,6367,,,-0.35177725553512573,,0.35177725553512573,
796,6375,,,-0.35139214992523193,,0.35139214992523193,
797,6383,,,-0.35092151165008545,,0.35092151165008545,
798,6391,,,-0.351041316986084,,0.351041316986084,
799,6399,,,,-0.3517284393310547,,0.3517284393310547
799,6399,,,-0.35121655464172363,,0.35121655464172363,
800,6407,,,-0.35131779313087463,,0.35131779313087463,
801,6415,,,-0.3510845899581909,,0.3510845899581909,
802,6423,,,-0.35180169343948364,,0.35180169343948364,
803,6431,,,-0.35107898712158203,,0.35107898712158203,
804,6439,,,-0.3515931963920593,,0.3515931963920593,
805,6447,,,-0.3507828712463379,,0.3507828712463379,
806,6449,,,,-0.3870716094970703,,0.3870716094970703
806,6455,,,-0.35124483704566956,,0.35124483704566956,
807,6463,,,-0.35201388597488403,,0.35201388597488403,
808,6471,,,-0.3514109253883362,,0.3514109253883362,
809,6479,,,-0.35101351141929626,,0.35101351141929626,
810,6487,,,-0.3516620397567749,,0.3516620397567749,
811,6495,,,-0.35110801458358765,,0.35110801458358765,
812,6499,,,,-0.3454408645629883,,0.3454408645629883
812,6503,,,-0.35088199377059937,,0.35088199377059937,
813,6511,,,-0.35132157802581787,,0.35132157802581787,
814,6519,,,-0.35104799270629883,,0.35104799270629883,
815,6527,,,-0.3509596288204193,,0.3509596288204193,
816,6535,,,-0.3512116074562073,,0.3512116074562073,
817,6543,,,-0.3511875867843628,,0.3511875867843628,
818,6549,,,,-0.3621959686279297,,0.3621959686279297
818,6551,,,-0.350927472114563,,0.350927472114563,
819,6559,,,-0.35189133882522583,,0.35189133882522583,
820,6567,,,-0.3509797751903534,,0.3509797751903534,
821,6575,,,-0.35121068358421326,,0.35121068358421326,
822,6583,,,-0.3511033058166504,,0.3511033058166504,
823,6591,,,-0.35088610649108887,,0.35088610649108887,
824,6599,,,,-0.38443660736083984,,0.38443660736083984
824,6599,,,-0.3509998321533203,,0.3509998321533203,
825,6607,,,-0.35088682174682617,,0.35088682174682617,
826,6615,,,-0.3510091304779053,,0.3510091304779053,
827,6623,,,-0.3510110378265381,,0.3510110378265381,
828,6631,,,-0.3510517477989197,,0.3510517477989197,
829,6639,,,-0.35110265016555786,,0.35110265016555786,
830,6647,,,-0.3510531187057495,,0.3510531187057495,
831,6649,,,,-0.2951388359069824,,0.2951388359069824
831,6655,,,-0.35104286670684814,,0.35104286670684814,
832,6663,,,-0.35108524560928345,,0.35108524560928345,
833,6671,,,-0.35140204429626465,,0.35140204429626465,
834,6679,,,-0.35095012187957764,,0.35095012187957764,
835,6687,,,-0.35114991664886475,,0.35114991664886475,
836,6695,,,-0.3510403037071228,,0.3510403037071228,
837,6699,,,,-0.38111209869384766,,0.38111209869384766
837,6703,,,-0.3520733118057251,,0.3520733118057251,
838,6711,,,-0.3512236475944519,,0.3512236475944519,
839,6719,,,-0.3512502908706665,,0.3512502908706665,
840,6727,,,-0.3516136109828949,,0.3516136109828949,
841,6735,,,-0.35103893280029297,,0.35103893280029297,
842,6743,,,-0.3510913848876953,,0.3510913848876953,
843,6749,,,,-0.3707284927368164,,0.3707284927368164
843,6751,,,-0.3512091636657715,,0.3512091636657715,
844,6759,,,-0.351019948720932,,0.351019948720932,
845,6767,,,-0.3511950969696045,,0.3511950969696045,
846,6775,,,-0.35113897919654846,,0.35113897919654846,
847,6783,,,-0.35145479440689087,,0.35145479440689087,
848,6791,,,-0.3511712849140167,,0.3511712849140167,
849,6799,,,,-0.3354005813598633,,0.3354005813598633
849,6799,,,-0.35115087032318115,,0.35115087032318115,
850,6807,,,-0.3510192036628723,,0.3510192036628723,
851,6815,,,-0.35090363025665283,,0.35090363025665283,
852,6823,,,-0.3512413501739502,,0.3512413501739502,
853,6831,,,-0.3511160910129547,,0.3511160910129547,
854,6839,,,-0.35095858573913574,,0.35095858573913574,
855,6847,,,-0.3510986268520355,,0.3510986268520355,
856,6849,,,,-0.390474796295166,,0.390474796295166
856,6855,,,-0.3511516749858856,,0.3511516749858856,
857,6863,,,-0.3513467311859131,,0.3513467311859131,
858,6871,,,-0.35120049118995667,,0.35120049118995667,
859,6879,,,-0.35116833448410034,,0.35116833448410034,
860,6887,,,-0.3508901298046112,,0.3508901298046112,
861,6895,,,-0.3510826826095581,,0.3510826826095581,
862,6899,,,,-0.34521055221557617,,0.34521055221557617
862,6903,,,-0.35124671459198,,0.35124671459198,
863,6911,,,-0.35118550062179565,,0.35118550062179565,
864,6919,,,-0.351138710975647,,0.351138710975647,
865,6927,,,-0.3510270118713379,,0.3510270118713379,
866,6935,,,-0.3509882688522339,,0.3509882688522339,
867,6943,,,-0.3515869975090027,,0.3515869975090027,
868,6949,,,,-0.3761153221130371,,0.3761153221130371
868,6951,,,-0.3508555293083191,,0.3508555293083191,
869,6959,,,-0.350862592458725,,0.350862592458725,
870,6967,,,-0.3509269952774048,,0.3509269952774048,
871,6975,,,-0.3509123921394348,,0.3509123921394348,
872,6983,,,-0.35107019543647766,,0.35107019543647766,
873,6991,,,-0.3507504165172577,,0.3507504165172577,
874,6999,,,,-0.36601972579956055,,0.36601972579956055
874,6999,,,-0.3508937358856201,,0.3508937358856201,
875,7007,,,-0.35087114572525024,,0.35087114572525024,
876,7015,,,-0.3511141240596771,,0.3511141240596771,
877,7023,,,-0.3509133458137512,,0.3509133458137512,
878,7031,,,-0.35123229026794434,,0.35123229026794434,
879,7039,,,-0.3516283333301544,,0.3516283333301544,
880,7047,,,-0.3511185050010681,,0.3511185050010681,
881,7049,,,,-0.3166499137878418,,0.3166499137878418
881,7055,,,-0.35122692584991455,,0.35122692584991455,
882,7063,,,-0.35116860270500183,,0.35116860270500183,
883,7071,,,-0.350908100605011,,0.350908100605011,
884,7079,,,-0.35103797912597656,,0.35103797912597656,
885,7087,,,-0.35115355253219604,,0.35115355253219604,
886,7095,,,-0.3509780764579773,,0.3509780764579773,
887,7099,,,,-0.3762807846069336,,0.3762807846069336
887,7103,,,-0.3511905074119568,,0.3511905074119568,
888,7111,,,-0.3510756492614746,,0.3510756492614746,
889,7119,,,-0.3511514663696289,,0.3511514663696289,
890,7127,,,-0.3515634536743164,,0.3515634536743164,
891,7135,,,-0.3515346050262451,,0.3515346050262451,
892,7143,,,-0.35121846199035645,,0.35121846199035645,
893,7149,,,,-0.3964524269104004,,0.3964524269104004
893,7151,,,-0.3513030409812927,,0.3513030409812927,
894,7159,,,-0.35170137882232666,,0.35170137882232666,
895,7167,,,-0.3508944809436798,,0.3508944809436798,
896,7175,,,-0.351276159286499,,0.351276159286499,
897,7183,,,-0.3509122133255005,,0.3509122133255005,
898,7191,,,-0.35110414028167725,,0.35110414028167725,
899,7199,,,,-0.3507080078125,,0.3507080078125
899,7199,,,-0.35099947452545166,,0.35099947452545166,
900,7207,,,-0.35142117738723755,,0.35142117738723755,
901,7215,,,-0.35129061341285706,,0.35129061341285706,
902,7223,,,-0.3509417474269867,,0.3509417474269867,
903,7231,,,-0.3512302041053772,,0.3512302041053772,
904,7239,,,-0.35148370265960693,,0.35148370265960693,
905,7247,,,-0.3515890836715698,,0.3515890836715698,
906,7249,,,,-0.36757946014404297,,0.36757946014404297
906,7255,,,-0.3508705198764801,,0.3508705198764801,
907,7263,,,-0.35116246342658997,,0.35116246342658997,
908,7271,,,-0.35099366307258606,,0.35099366307258606,
909,7279,,,-0.35139673948287964,,0.35139673948287964,
910,7287,,,-0.35100650787353516,,0.35100650787353516,
911,7295,,,-0.3516242802143097,,0.3516242802143097,
912,7299,,,,-0.35359859466552734,,0.35359859466552734
912,7303,,,-0.3510172367095947,,0.3510172367095947,
913,7311,,,-0.3509300649166107,,0.3509300649166107,
914,7319,,,-0.35088056325912476,,0.35088056325912476,
915,7327,,,-0.3517318367958069,,0.3517318367958069,
916,7335,,,-0.3510584831237793,,0.3510584831237793,
917,7343,,,-0.3510960042476654,,0.3510960042476654,
918,7349,,,,-0.38050174713134766,,0.38050174713134766
918,7351,,,-0.35114315152168274,,0.35114315152168274,
919,7359,,,-0.3513304591178894,,0.3513304591178894,
920,7367,,,-0.3511565923690796,,0.3511565923690796,
921,7375,,,-0.35092824697494507,,0.35092824697494507,
922,7383,,,-0.35103756189346313,,0.35103756189346313,
923,7391,,,-0.3510749936103821,,0.3510749936103821,
924,7399,,,,-0.32828330993652344,,0.32828330993652344
924,7399,,,-0.35129082202911377,,0.35129082202911377,
925,7407,,,-0.3512786030769348,,0.3512786030769348,
926,7415,,,-0.35100680589675903,,0.35100680589675903,
927,7423,,,-0.35110709071159363,,0.35110709071159363,
928,7431,,,-0.35093674063682556,,0.35093674063682556,
929,7439,,,-0.35092079639434814,,0.35092079639434814,
930,7447,,,-0.35124707221984863,,0.35124707221984863,
931,7449,,,,-0.34620094299316406,,0.34620094299316406
931,7455,,,-0.3509598970413208,,0.3509598970413208,
932,7463,,,-0.35129350423812866,,0.35129350423812866,
933,7471,,,-0.3511914908885956,,0.3511914908885956,
934,7479,,,-0.35123059153556824,,0.35123059153556824,
935,7487,,,-0.3514246344566345,,0.3514246344566345,
936,7495,,,-0.35129523277282715,,0.35129523277282715,
937,7499,,,,-0.36626243591308594,,0.36626243591308594
937,7503,,,-0.35112231969833374,,0.35112231969833374,
938,7511,,,-0.35099291801452637,,0.35099291801452637,
939,7519,,,-0.35103970766067505,,0.35103970766067505,
940,7527,,,-0.35123956203460693,,0.35123956203460693,
941,7535,,,-0.35134050250053406,,0.35134050250053406,
942,7543,,,-0.3516853153705597,,0.3516853153705597,
943,7549,,,,-0.3605060577392578,,0.3605060577392578
943,7551,,,-0.352220356464386,,0.352220356464386,
944,7559,,,-0.3510318100452423,,0.3510318100452423,
945,7567,,,-0.35088834166526794,,0.35088834166526794,
946,7575,,,-0.35121357440948486,,0.35121357440948486,
947,7583,,,-0.3509312868118286,,0.3509312868118286,
948,7591,,,-0.3511950969696045,,0.3511950969696045,
949,7599,,,,-0.33933258056640625,,0.33933258056640625
949,7599,,,-0.35106131434440613,,0.35106131434440613,
950,7607,,,-0.35111430287361145,,0.35111430287361145,
951,7615,,,-0.3517323136329651,,0.3517323136329651,
952,7623,,,-0.35124471783638,,0.35124471783638,
953,7631,,,-0.35113123059272766,,0.35113123059272766,
954,7639,,,-0.35114240646362305,,0.35114240646362305,
955,7647,,,-0.35132259130477905,,0.35132259130477905,
956,7649,,,,-0.3246726989746094,,0.3246726989746094
956,7655,,,-0.35094988346099854,,0.35094988346099854,
957,7663,,,-0.35119175910949707,,0.35119175910949707,
958,7671,,,-0.35141104459762573,,0.35141104459762573,
959,7679,,,-0.35139691829681396,,0.35139691829681396,
960,7687,,,-0.35135340690612793,,0.35135340690612793,
961,7695,,,-0.3511950671672821,,0.3511950671672821,
962,7699,,,,-0.3630199432373047,,0.3630199432373047
962,7703,,,-0.35150355100631714,,0.35150355100631714,
963,7711,,,-0.35118961334228516,,0.35118961334228516,
964,7719,,,-0.3512847423553467,,0.3512847423553467,
965,7727,,,-0.35100364685058594,,0.35100364685058594,
966,7735,,,-0.3512324094772339,,0.3512324094772339,
967,7743,,,-0.35174429416656494,,0.35174429416656494,
968,7749,,,,-0.3448972702026367,,0.3448972702026367
968,7751,,,-0.35120391845703125,,0.35120391845703125,
969,7759,,,-0.3512575328350067,,0.3512575328350067,
970,7767,,,-0.35121849179267883,,0.35121849179267883,
971,7775,,,-0.351089745759964,,0.351089745759964,
972,7783,,,-0.35119789838790894,,0.35119789838790894,
973,7791,,,-0.3510168194770813,,0.3510168194770813,
974,7799,,,,-0.2892336845397949,,0.2892336845397949
974,7799,,,-0.3513130247592926,,0.3513130247592926,
975,7807,,,-0.3511260449886322,,0.3511260449886322,
976,7815,,,-0.3513184189796448,,0.3513184189796448,
977,7823,,,-0.35108035802841187,,0.35108035802841187,
978,7831,,,-0.3511636257171631,,0.3511636257171631,
979,7839,,,-0.351161926984787,,0.351161926984787,
980,7847,,,-0.3509351909160614,,0.3509351909160614,
981,7849,,,,-0.32892513275146484,,0.32892513275146484
981,7855,,,-0.35124409198760986,,0.35124409198760986,
982,7863,,,-0.3512737452983856,,0.3512737452983856,
983,7871,,,-0.3512669801712036,,0.3512669801712036,
984,7879,,,-0.35111817717552185,,0.35111817717552185,
985,7887,,,-0.35104990005493164,,0.35104990005493164,
986,7895,,,-0.35138970613479614,,0.35138970613479614,
987,7899,,,,-0.33333587646484375,,0.33333587646484375
987,7903,,,-0.35124078392982483,,0.35124078392982483,
988,7911,,,-0.35092711448669434,,0.35092711448669434,
989,7919,,,-0.35127952694892883,,0.35127952694892883,
990,7927,,,-0.3512554466724396,,0.3512554466724396,
991,7935,,,-0.35090065002441406,,0.35090065002441406,
992,7943,,,-0.35107213258743286,,0.35107213258743286,
993,7949,,,,-0.3051304817199707,,0.3051304817199707
993,7951,,,-0.35136663913726807,,0.35136663913726807,
994,7959,,,-0.35115790367126465,,0.35115790367126465,
995,7967,,,-0.3510746359825134,,0.3510746359825134,
996,7975,,,-0.35132622718811035,,0.35132622718811035,
997,7983,,,-0.3513779640197754,,0.3513779640197754,
998,7991,,,-0.35163137316703796,,0.35163137316703796,
999,7999,,,,-0.3768482208251953,,0.3768482208251953
999,7999,,,-0.3512660264968872,,0.3512660264968872,
1000,8007,,,-0.3509882688522339,,0.3509882688522339,
1001,8015,,,-0.3510287404060364,,0.3510287404060364,
1002,8023,,,-0.35102468729019165,,0.35102468729019165,
1003,8031,,,-0.3514213562011719,,0.3514213562011719,
1004,8039,,,-0.3511326313018799,,0.3511326313018799,
1005,8047,,,-0.35111451148986816,,0.35111451148986816,
1006,8049,,,,-0.3164091110229492,,0.3164091110229492
1006,8055,,,-0.3511187434196472,,0.3511187434196472,
1007,8063,,,-0.3511233925819397,,0.3511233925819397,
1008,8071,,,-0.35119307041168213,,0.35119307041168213,
1009,8079,,,-0.3511984944343567,,0.3511984944343567,
1010,8087,,,-0.35153326392173767,,0.35153326392173767,
1011,8095,,,-0.3514109253883362,,0.3514109253883362,
1012,8099,,,,-0.3719758987426758,,0.3719758987426758
1012,8103,,,-0.35094165802001953,,0.35094165802001953,
1013,8111,,,-0.3515666127204895,,0.3515666127204895,
1014,8119,,,-0.3511342704296112,,0.3511342704296112,
1015,8127,,,-0.35099250078201294,,0.35099250078201294,
1016,8135,,,-0.35114017128944397,,0.35114017128944397,
1017,8143,,,-0.3511809706687927,,0.3511809706687927,
1018,8149,,,,-0.2860383987426758,,0.2860383987426758
1018,8151,,,-0.35102081298828125,,0.35102081298828125,
1019,8159,,,-0.35137107968330383,,0.35137107968330383,
1020,8167,,,-0.35136857628822327,,0.35136857628822327,
1021,8175,,,-0.3510826528072357,,0.3510826528072357,
1022,8183,,,-0.35102203488349915,,0.35102203488349915,
1023,8191,,,-0.35110872983932495,,0.35110872983932495,
1024,8199,,,,-0.3445463180541992,,0.3445463180541992
1024,8199,,,-0.35106486082077026,,0.35106486082077026,
1025,8207,,,-0.35098326206207275,,0.35098326206207275,
1026,8215,,,-0.35164782404899597,,0.35164782404899597,
1027,8223,,,-0.3512227535247803,,0.3512227535247803,
1028,8231,,,-0.3511790633201599,,0.3511790633201599,
1029,8239,,,-0.35102224349975586,,0.35102224349975586,
1030,8247,,,-0.3510316014289856,,0.3510316014289856,
1031,8249,,,,-0.3654003143310547,,0.3654003143310547
1031,8255,,,-0.3515014052391052,,0.3515014052391052,
1032,8263,,,-0.3520205616950989,,0.3520205616950989,
1033,8271,,,-0.351138710975647,,0.351138710975647,
1034,8279,,,-0.3510982394218445,,0.3510982394218445,
1035,8287,,,-0.3509409725666046,,0.3509409725666046,
1036,8295,,,-0.35148632526397705,,0.35148632526397705,
1037,8299,,,,-0.36824655532836914,,0.36824655532836914
1037,8303,,,-0.35093048214912415,,0.35093048214912415,
1038,8311,,,-0.3514133095741272,,0.3514133095741272,
1039,8319,,,-0.3511597216129303,,0.3511597216129303,
1040,8327,,,-0.3513294756412506,,0.3513294756412506,
1041,8335,,,-0.35157209634780884,,0.35157209634780884,
1042,8343,,,-0.3510051965713501,,0.3510051965713501,
1043,8349,,,,-0.35094738006591797,,0.35094738006591797
1043,8351,,,-0.3510017693042755,,0.3510017693042755,
1044,8359,,,-0.35162192583084106,,0.35162192583084106,
1045,8367,,,-0.3515820801258087,,0.3515820801258087,
1046,8375,,,-0.35114431381225586,,0.35114431381225586,
1047,8383,,,-0.3511098623275757,,0.3511098623275757,
1048,8391,,,-0.35105958580970764,,0.35105958580970764,
1049,8399,,,,-0.3758401870727539,,0.3758401870727539
1049,8399,,,-0.35091614723205566,,0.35091614723205566,
1050,8407,,,-0.3511166572570801,,0.3511166572570801,
1051,8415,,,-0.3512257933616638,,0.3512257933616638,
1052,8423,,,-0.3517317473888397,,0.3517317473888397,
1053,8431,,,-0.3511292636394501,,0.3511292636394501,
1054,8439,,,-0.35136914253234863,,0.35136914253234863,
1055,8447,,,-0.3510483503341675,,0.3510483503341675,
1056,8449,,,,-0.34113073348999023,,0.34113073348999023
1056,8455,,,-0.3512748181819916,,0.3512748181819916,
1057,8463,,,-0.351239949464798,,0.351239949464798,
1058,8471,,,-0.35127344727516174,,0.35127344727516174,
1059,8479,,,-0.3508363366127014,,0.3508363366127014,
1060,8487,,,-0.3513633906841278,,0.3513633906841278,
1061,8495,,,-0.35097578167915344,,0.35097578167915344,
1062,8499,,,,-0.36736059188842773,,0.36736059188842773
1062,8503,,,-0.3515165150165558,,0.3515165150165558,
1063,8511,,,-0.3512694537639618,,0.3512694537639618,
1064,8519,,,-0.35108238458633423,,0.35108238458633423,
1065,8527,,,-0.35109376907348633,,0.35109376907348633,
1066,8535,,,-0.35148534178733826,,0.35148534178733826,
1067,8543,,,-0.3511824607849121,,0.3511824607849121,
1068,8549,,,,-0.3634977340698242,,0.3634977340698242
1068,8551,,,-0.35128316283226013,,0.35128316283226013,
1069,8559,,,-0.3510110378265381,,0.3510110378265381,
1070,8567,,,-0.3511045277118683,,0.3511045277118683,
1071,8575,,,-0.35156959295272827,,0.35156959295272827,
1072,8583,,,-0.3513062000274658,,0.3513062000274658,
1073,8591,,,-0.35170239210128784,,0.35170239210128784,
1074,8599,,,,-0.3534202575683594,,0.3534202575683594
1074,8599,,,-0.35132819414138794,,0.35132819414138794,
1075,8607,,,-0.35117626190185547,,0.35117626190185547,
1076,8615,,,-0.3510996699333191,,0.3510996699333191,
1077,8623,,,-0.3510323464870453,,0.3510323464870453,
1078,8631,,,-0.35136541724205017,,0.35136541724205017,
1079,8639,,,-0.3513232469558716,,0.3513232469558716,
1080,8647,,,-0.3511894941329956,,0.3511894941329956,
1081,8649,,,,-0.3468513488769531,,0.3468513488769531
1081,8655,,,-0.35101228952407837,,0.35101228952407837,
1082,8663,,,-0.3511204719543457,,0.3511204719543457,
1083,8671,,,-0.3508216440677643,,0.3508216440677643,
1084,8679,,,-0.3511890769004822,,0.3511890769004822,
1085,8687,,,-0.3509281575679779,,0.3509281575679779,
1086,8695,,,-0.35150572657585144,,0.35150572657585144,
1087,8699,,,,-0.33199501037597656,,0.33199501037597656
1087,8703,,,-0.3512059450149536,,0.3512059450149536,
1088,8711,,,-0.3514810800552368,,0.3514810800552368,
1089,8719,,,-0.3511386811733246,,0.3511386811733246,
1090,8727,,,-0.35095423460006714,,0.35095423460006714,
1091,8735,,,-0.35107386112213135,,0.35107386112213135,
1092,8743,,,-0.351177453994751,,0.351177453994751,
1093,8749,,,,-0.3671684265136719,,0.3671684265136719
1093,8751,,,-0.35137060284614563,,0.35137060284614563,
1094,8759,,,-0.3510092496871948,,0.3510092496871948,
1095,8767,,,-0.35129833221435547,,0.35129833221435547,
1096,8775,,,-0.3511403799057007,,0.3511403799057007,
1097,8783,,,-0.35133397579193115,,0.35133397579193115,
1098,8791,,,-0.3509172797203064,,0.3509172797203064,
1099,8799,,,,-0.33496809005737305,,0.33496809005737305
1099,8799,,,-0.351367712020874,,0.351367712020874,
1100,8807,,,-0.35110005736351013,,0.35110005736351013,
1101,8815,,,-0.3511350452899933,,0.3511350452899933,
1102,8823,,,-0.352008581161499,,0.352008581161499,
1103,8831,,,-0.3510116934776306,,0.3510116934776306,
1104,8839,,,-0.35089758038520813,,0.35089758038520813,
1105,8847,,,-0.3508397936820984,,0.3508397936820984,
1106,8849,,,,-0.3219747543334961,,0.3219747543334961
1106,8855,,,-0.35131555795669556,,0.35131555795669556,
1107,8863,,,-0.35125532746315,,0.35125532746315,
1108,8871,,,-0.35137367248535156,,0.35137367248535156,
1109,8879,,,-0.35151854157447815,,0.35151854157447815,
1110,8887,,,-0.35150259733200073,,0.35150259733200073,
1111,8895,,,-0.3511407971382141,,0.3511407971382141,
1112,8899,,,,-0.31471824645996094,,0.31471824645996094
1112,8903,,,-0.35146695375442505,,0.35146695375442505,
1113,8911,,,-0.3509086072444916,,0.3509086072444916,
1114,8919,,,-0.35123348236083984,,0.35123348236083984,
1115,8927,,,-0.3511359989643097,,0.3511359989643097,
1116,8935,,,-0.3510954976081848,,0.3510954976081848,
1117,8943,,,-0.351143479347229,,0.351143479347229,
1118,8949,,,,-0.3284592628479004,,0.3284592628479004
1118,8951,,,-0.3512718379497528,,0.3512718379497528,
1119,8959,,,-0.3511096239089966,,0.3511096239089966,
1120,8967,,,-0.3510991334915161,,0.3510991334915161,
1121,8975,,,-0.35157811641693115,,0.35157811641693115,
1122,8983,,,-0.3509613871574402,,0.3509613871574402,
1123,8991,,,-0.3511720299720764,,0.3511720299720764,
1124,8999,,,,-0.3618764877319336,,0.3618764877319336
1124,8999,,,-0.35140228271484375,,0.35140228271484375,
1125,9007,,,-0.35111939907073975,,0.35111939907073975,
1126,9015,,,-0.35162651538848877,,0.35162651538848877,
1127,9023,,,-0.3515660762786865,,0.3515660762786865,
1128,9031,,,-0.35127967596054077,,0.35127967596054077,
1129,9039,,,-0.35135436058044434,,0.35135436058044434,
1130,9047,,,-0.35108694434165955,,0.35108694434165955,
1131,9049,,,,-0.3476743698120117,,0.3476743698120117
1131,9055,,,-0.3509367108345032,,0.3509367108345032,
1132,9063,,,-0.35155245661735535,,0.35155245661735535,
1133,9071,,,-0.35104429721832275,,0.35104429721832275,
1134,9079,,,-0.3511183261871338,,0.3511183261871338,
1135,9087,,,-0.35100117325782776,,0.35100117325782776,
1136,9095,,,-0.3512340784072876,,0.3512340784072876,
1137,9099,,,,-0.3737516403198242,,0.3737516403198242
1137,9103,,,-0.35201412439346313,,0.35201412439346313,
1138,9111,,,-0.3512798845767975,,0.3512798845767975,
1139,9119,,,-0.35095176100730896,,0.35095176100730896,
1140,9127,,,-0.35139742493629456,,0.35139742493629456,
1141,9135,,,-0.35135284066200256,,0.35135284066200256,
1142,9143,,,-0.35145241022109985,,0.35145241022109985,
1143,9149,,,,-0.3238515853881836,,0.3238515853881836
1143,9151,,,-0.35094979405403137,,0.35094979405403137,
1144,9159,,,-0.3515465259552002,,0.3515465259552002,
1145,9167,,,-0.3514707386493683,,0.3514707386493683,
1146,9175,,,-0.3510226607322693,,0.3510226607322693,
1147,9183,,,-0.3513663113117218,,0.3513663113117218,
1148,9191,,,-0.35110726952552795,,0.35110726952552795,
1149,9199,,,,-0.3564567565917969,,0.3564567565917969
1149,9199,,,-0.35136130452156067,,0.35136130452156067,
1150,9207,,,-0.35099947452545166,,0.35099947452545166,
1151,9215,,,-0.35142335295677185,,0.35142335295677185,
1152,9223,,,-0.35178619623184204,,0.35178619623184204,
1153,9231,,,-0.3510531783103943,,0.3510531783103943,
1154,9239,,,-0.3514975905418396,,0.3514975905418396,
1155,9247,,,-0.35095950961112976,,0.35095950961112976,
1156,9249,,,,-0.3478870391845703,,0.3478870391845703
1156,9255,,,-0.35126787424087524,,0.35126787424087524,
1157,9263,,,-0.3518550395965576,,0.3518550395965576,
1158,9271,,,-0.3514915108680725,,0.3514915108680725,
1159,9279,,,-0.35172057151794434,,0.35172057151794434,
1160,9287,,,-0.351550817489624,,0.351550817489624,
1161,9295,,,-0.35135164856910706,,0.35135164856910706,
1162,9299,,,,-0.3640894889831543,,0.3640894889831543
1162,9303,,,-0.35120445489883423,,0.35120445489883423,
1163,9311,,,-0.35114994645118713,,0.35114994645118713,
1164,9319,,,-0.35116860270500183,,0.35116860270500183,
1165,9327,,,-0.35135501623153687,,0.35135501623153687,
1166,9335,,,-0.35185861587524414,,0.35185861587524414,
1167,9343,,,-0.35122889280319214,,0.35122889280319214,
1168,9349,,,,-0.39571571350097656,,0.39571571350097656
1168,9351,,,-0.3513188362121582,,0.3513188362121582,
1169,9359,,,-0.3514302968978882,,0.3514302968978882,
1170,9367,,,-0.3512260913848877,,0.3512260913848877,
1171,9375,,,-0.3509828746318817,,0.3509828746318817,
1172,9383,,,-0.3514232039451599,,0.3514232039451599,
1173,9391,,,-0.35128721594810486,,0.35128721594810486,
1174,9399,,,,-0.36815547943115234,,0.36815547943115234
1174,9399,,,-0.3511770963668823,,0.3511770963668823,
1175,9407,,,-0.3511940538883209,,0.3511940538883209,
1176,9415,,,-0.351123571395874,,0.351123571395874,
1177,9423,,,-0.35109174251556396,,0.35109174251556396,
1178,9431,,,-0.35131776332855225,,0.35131776332855225,
1179,9439,,,-0.3512081503868103,,0.3512081503868103,
1180,9447,,,-0.3512885868549347,,0.3512885868549347,
1181,9449,,,,-0.3521575927734375,,0.3521575927734375
1181,9455,,,-0.3510069251060486,,0.3510069251060486,
1182,9463,,,-0.35123521089553833,,0.35123521089553833,
1183,9471,,,-0.35118359327316284,,0.35118359327316284,
1184,9479,,,-0.35128575563430786,,0.35128575563430786,
1185,9487,,,-0.35103824734687805,,0.35103824734687805,
1186,9495,,,-0.3514920473098755,,0.3514920473098755,
1187,9499,,,,-0.3612513542175293,,0.3612513542175293
1187,9503,,,-0.3515015244483948,,0.3515015244483948,
1188,9511,,,-0.3514235019683838,,0.3514235019683838,
1189,9519,,,-0.3510740101337433,,0.3510740101337433,
1190,9527,,,-0.3511577248573303,,0.3511577248573303,
1191,9535,,,-0.3517773747444153,,0.3517773747444153,
1192,9543,,,-0.35115891695022583,,0.35115891695022583,
1193,9549,,,,-0.35811614990234375,,0.35811614990234375
1193,9551,,,-0.3510838747024536,,0.3510838747024536,
1194,9559,,,-0.35120847821235657,,0.35120847821235657,
1195,9567,,,-0.3514857590198517,,0.3514857590198517,
1196,9575,,,-0.3518304228782654,,0.3518304228782654,
1197,9583,,,-0.35124486684799194,,0.35124486684799194,
1198,9591,,,-0.35107678174972534,,0.35107678174972534,
1199,9599,,,,-0.33697032928466797,,0.33697032928466797
1199,9599,,,-0.35105186700820923,,0.35105186700820923,
1200,9607,,,-0.3510977029800415,,0.3510977029800415,
1201,9615,,,-0.35133975744247437,,0.35133975744247437,
1202,9623,,,-0.3513984680175781,,0.3513984680175781,
1203,9631,,,-0.3510473370552063,,0.3510473370552063,
1204,9639,,,-0.3514748811721802,,0.3514748811721802,
1205,9647,,,-0.3511873483657837,,0.3511873483657837,
1206,9649,,,,-0.33633899688720703,,0.33633899688720703
1206,9655,,,-0.3509713411331177,,0.3509713411331177,
1207,9663,,,-0.35135090351104736,,0.35135090351104736,
1208,9671,,,-0.35140925645828247,,0.35140925645828247,
1209,9679,,,-0.3512122631072998,,0.3512122631072998,
1210,9687,,,-0.3517652451992035,,0.3517652451992035,
1211,9695,,,-0.3508998155593872,,0.3508998155593872,
1212,9699,,,,-0.3759608268737793,,0.3759608268737793
1212,9703,,,-0.3510742783546448,,0.3510742783546448,
1213,9711,,,-0.3509121537208557,,0.3509121537208557,
1214,9719,,,-0.3513663709163666,,0.3513663709163666,
1215,9727,,,-0.3516860008239746,,0.3516860008239746,
1216,9735,,,-0.35118013620376587,,0.35118013620376587,
1217,9743,,,-0.3509601950645447,,0.3509601950645447,
1218,9749,,,,-0.3623828887939453,,0.3623828887939453
1218,9751,,,-0.35199347138404846,,0.35199347138404846,
1219,9759,,,-0.35109901428222656,,0.35109901428222656,
1220,9767,,,-0.35134637355804443,,0.35134637355804443,
1221,9775,,,-0.3513473868370056,,0.3513473868370056,
1222,9783,,,-0.3509162664413452,,0.3509162664413452,
1223,9791,,,-0.35139399766921997,,0.35139399766921997,
1224,9799,,,,-0.35714054107666016,,0.35714054107666016
1224,9799,,,-0.35133472084999084,,0.35133472084999084,
1225,9807,,,-0.35147786140441895,,0.35147786140441895,
1226,9815,,,-0.3510611057281494,,0.3510611057281494,
1227,9823,,,-0.35099267959594727,,0.35099267959594727,
1228,9831,,,-0.3513871729373932,,0.3513871729373932,
1229,9839,,,-0.35119596123695374,,0.35119596123695374,
1230,9847,,,-0.3508976101875305,,0.3508976101875305,
1231,9849,,,,-0.36313915252685547,,0.36313915252685547
1231,9855,,,-0.35119837522506714,,0.35119837522506714,
1232,9863,,,-0.35099542140960693,,0.35099542140960693,
1233,9871,,,-0.35131973028182983,,0.35131973028182983,
1234,9879,,,-0.3514384627342224,,0.3514384627342224,
1235,9887,,,-0.3510664701461792,,0.3510664701461792,
1236,9895,,,-0.35135066509246826,,0.35135066509246826,
1237,9899,,,,-0.3240814208984375,,0.3240814208984375
1237,9903,,,-0.3513750433921814,,0.3513750433921814,
1238,9911,,,-0.3516765534877777,,0.3516765534877777,
1239,9919,,,-0.3511470556259155,,0.3511470556259155,
1240,9927,,,-0.3510977625846863,,0.3510977625846863,
1241,9935,,,-0.35170644521713257,,0.35170644521713257,
1242,9943,,,-0.3511733412742615,,0.3511733412742615,
1243,9949,,,,-0.3770589828491211,,0.3770589828491211
1243,9951,,,-0.3510971665382385,,0.3510971665382385,
1244,9959,,,-0.351282000541687,,0.351282000541687,
1245,9967,,,-0.3510224223136902,,0.3510224223136902,
1246,9975,,,-0.3512665927410126,,0.3512665927410126,
1247,9983,,,-0.3516468405723572,,0.3516468405723572,
1248,9991,,,-0.351181298494339,,0.351181298494339,
1249,9999,,,,-0.38016510009765625,,0.38016510009765625
1249,9999,,,-0.3514983654022217,,0.3514983654022217,
1250,10007,,,-0.3511933982372284,,0.3511933982372284,
1251,10015,,,-0.3514019548892975,,0.3514019548892975,
1252,10023,,,-0.3510453999042511,,0.3510453999042511,
1253,10031,,,-0.3516659438610077,,0.3516659438610077,
1254,10039,,,-0.35129261016845703,,0.35129261016845703,
1255,10047,,,-0.35091468691825867,,0.35091468691825867,
1256,10049,,,,-0.3621678352355957,,0.3621678352355957
1256,10055,,,-0.3511046767234802,,0.3511046767234802,
1257,10063,,,-0.3516108989715576,,0.3516108989715576,
1258,10071,,,-0.35129547119140625,,0.35129547119140625,
1259,10079,,,-0.3519810438156128,,0.3519810438156128,
1260,10087,,,-0.3512924909591675,,0.3512924909591675,
1261,10095,,,-0.3513581454753876,,0.3513581454753876,
1262,10099,,,,-0.39865589141845703,,0.39865589141845703
1262,10103,,,-0.3511543571949005,,0.3511543571949005,
1263,10111,,,-0.3508620262145996,,0.3508620262145996,
1264,10119,,,-0.3518206477165222,,0.3518206477165222,
1265,10127,,,-0.3514567017555237,,0.3514567017555237,
1266,10135,,,-0.3511836528778076,,0.3511836528778076,
1267,10143,,,-0.35108819603919983,,0.35108819603919983,
1268,10149,,,,-0.3564643859863281,,0.3564643859863281
1268,10151,,,-0.3509516417980194,,0.3509516417980194,
1269,10159,,,-0.35136649012565613,,0.35136649012565613,
1270,10167,,,-0.3509262800216675,,0.3509262800216675,
1271,10175,,,-0.3511430323123932,,0.3511430323123932,
1272,10183,,,-0.35118475556373596,,0.35118475556373596,
1273,10191,,,-0.3516380488872528,,0.3516380488872528,
1274,10199,,,,-0.32180023193359375,,0.32180023193359375
1274,10199,,,-0.3513449728488922,,0.3513449728488922,
1275,10207,,,-0.3511345386505127,,0.3511345386505127,
1276,10215,,,-0.35119929909706116,,0.35119929909706116,
1277,10223,,,-0.3510190546512604,,0.3510190546512604,
1278,10231,,,-0.35130804777145386,,0.35130804777145386,
1279,10239,,,-0.35169529914855957,,0.35169529914855957,
1280,10247,,,-0.35139960050582886,,0.35139960050582886,
1281,10249,,,,-0.33709144592285156,,0.33709144592285156
1281,10255,,,-0.3511022627353668,,0.3511022627353668,
1282,10263,,,-0.35126298666000366,,0.35126298666000366,
1283,10271,,,-0.35138529539108276,,0.35138529539108276,
1284,10279,,,-0.35113492608070374,,0.35113492608070374,
1285,10287,,,-0.3509620428085327,,0.3509620428085327,
1286,10295,,,-0.3516468107700348,,0.3516468107700348,
1287,10299,,,,-0.32923126220703125,,0.32923126220703125
1287,10303,,,-0.3510299026966095,,0.3510299026966095,
1288,10311,,,-0.35112959146499634,,0.35112959146499634,
1289,10319,,,-0.35122567415237427,,0.35122567415237427,
1290,10327,,,-0.35144567489624023,,0.35144567489624023,
1291,10335,,,-0.35112348198890686,,0.35112348198890686,
1292,10343,,,-0.35100460052490234,,0.35100460052490234,
1293,10349,,,,-0.33855247497558594,,0.33855247497558594
1293,10351,,,-0.3510628342628479,,0.3510628342628479,
1294,10359,,,-0.35105085372924805,,0.35105085372924805,
1295,10367,,,-0.35113248229026794,,0.35113248229026794,
1296,10375,,,-0.3513309359550476,,0.3513309359550476,
1297,10383,,,-0.3512445092201233,,0.3512445092201233,
1298,10391,,,-0.35121840238571167,,0.35121840238571167,
1299,10399,,,,-0.35688161849975586,,0.35688161849975586
1299,10399,,,-0.3514646887779236,,0.3514646887779236,
1300,10407,,,-0.3510708510875702,,0.3510708510875702,
1301,10415,,,-0.3514719605445862,,0.3514719605445862,
1302,10423,,,-0.3517807722091675,,0.3517807722091675,
1303,10431,,,-0.3510337173938751,,0.3510337173938751,
1304,10439,,,-0.3514396548271179,,0.3514396548271179,
1305,10447,,,-0.35121816396713257,,0.35121816396713257,
1306,10449,,,,-0.343902587890625,,0.343902587890625
1306,10455,,,-0.3510957658290863,,0.3510957658290863,
1307,10463,,,-0.3512248694896698,,0.3512248694896698,
1308,10471,,,-0.3512578010559082,,0.3512578010559082,
1309,10479,,,-0.3512882888317108,,0.3512882888317108,
1310,10487,,,-0.3513660430908203,,0.3513660430908203,
1311,10495,,,-0.3513945937156677,,0.3513945937156677,
1312,10499,,,,-0.35552263259887695,,0.35552263259887695
1312,10503,,,-0.3516900837421417,,0.3516900837421417,
1313,10511,,,-0.35106348991394043,,0.35106348991394043,
1314,10519,,,-0.3513794541358948,,0.3513794541358948,
1315,10527,,,-0.35132870078086853,,0.35132870078086853,
1316,10535,,,-0.3515428304672241,,0.3515428304672241,
1317,10543,,,-0.3508973717689514,,0.3508973717689514,
1318,10549,,,,-0.3503246307373047,,0.3503246307373047
1318,10551,,,-0.3512561321258545,,0.3512561321258545,
1319,10559,,,-0.3511698246002197,,0.3511698246002197,
1320,10567,,,-0.35112619400024414,,0.35112619400024414,
1321,10575,,,-0.3509730100631714,,0.3509730100631714,
1322,10583,,,-0.35115742683410645,,0.35115742683410645,
1323,10591,,,-0.35114604234695435,,0.35114604234695435,
1324,10599,,,,-0.35639476776123047,,0.35639476776123047
1324,10599,,,-0.3509608805179596,,0.3509608805179596,
1325,10607,,,-0.3512292504310608,,0.3512292504310608,
1326,10615,,,-0.35120242834091187,,0.35120242834091187,
1327,10623,,,-0.3522908091545105,,0.3522908091545105,
1328,10631,,,-0.3514840602874756,,0.3514840602874756,
1329,10639,,,-0.35153090953826904,,0.35153090953826904,
1330,10647,,,-0.3511570692062378,,0.3511570692062378,
1331,10649,,,,-0.31488609313964844,,0.31488609313964844
1331,10655,,,-0.35134097933769226,,0.35134097933769226,
1332,10663,,,-0.3510558605194092,,0.3510558605194092,
1333,10671,,,-0.35118812322616577,,0.35118812322616577,
1334,10679,,,-0.3518092632293701,,0.3518092632293701,
1335,10687,,,-0.351085901260376,,0.351085901260376,
1336,10695,,,-0.35101622343063354,,0.35101622343063354,
1337,10699,,,,-0.36263179779052734,,0.36263179779052734
1337,10703,,,-0.3512408137321472,,0.3512408137321472,
1338,10711,,,-0.35114628076553345,,0.35114628076553345,
1339,10719,,,-0.3511488437652588,,0.3511488437652588,
1340,10727,,,-0.35150274634361267,,0.35150274634361267,
1341,10735,,,-0.3510584235191345,,0.3510584235191345,
1342,10743,,,-0.35140931606292725,,0.35140931606292725,
1343,10749,,,,-0.33443737030029297,,0.33443737030029297
1343,10751,,,-0.3514110743999481,,0.3514110743999481,
1344,10759,,,-0.35116568207740784,,0.35116568207740784,
1345,10767,,,-0.3511742651462555,,0.3511742651462555,
1346,10775,,,-0.35141992568969727,,0.35141992568969727,
1347,10783,,,-0.35114586353302,,0.35114586353302,
1348,10791,,,-0.35139626264572144,,0.35139626264572144,
1349,10799,,,,-0.3374776840209961,,0.3374776840209961
1349,10799,,,-0.35159802436828613,,0.35159802436828613,
1350,10807,,,-0.35130923986434937,,0.35130923986434937,
1351,10815,,,-0.35171136260032654,,0.35171136260032654,
1352,10823,,,-0.3511311411857605,,0.3511311411857605,
1353,10831,,,-0.3510005474090576,,0.3510005474090576,
1354,10839,,,-0.3511814475059509,,0.3511814475059509,
1355,10847,,,-0.3509300649166107,,0.3509300649166107,
1356,10849,,,,-0.35204601287841797,,0.35204601287841797
1356,10855,,,-0.35134658217430115,,0.35134658217430115,
1357,10863,,,-0.3512960970401764,,0.3512960970401764,
1358,10871,,,-0.35108935832977295,,0.35108935832977295,
1359,10879,,,-0.3512958884239197,,0.3512958884239197,
1360,10887,,,-0.35127130150794983,,0.35127130150794983,
1361,10895,,,-0.35131120681762695,,0.35131120681762695,
1362,10899,,,,-0.3538999557495117,,0.3538999557495117
1362,10903,,,-0.35132741928100586,,0.35132741928100586,
1363,10911,,,-0.3509146571159363,,0.3509146571159363,
1364,10919,,,-0.3514792025089264,,0.3514792025089264,
1365,10927,,,-0.35128724575042725,,0.35128724575042725,
1366,10935,,,-0.3514255881309509,,0.3514255881309509,
1367,10943,,,-0.3512340188026428,,0.3512340188026428,
1368,10949,,,,-0.3170027732849121,,0.3170027732849121
1368,10951,,,-0.3515293598175049,,0.3515293598175049,
1369,10959,,,-0.35132110118865967,,0.35132110118865967,
1370,10967,,,-0.35100317001342773,,0.35100317001342773,
1371,10975,,,-0.35181349515914917,,0.35181349515914917,
1372,10983,,,-0.3516215682029724,,0.3516215682029724,
1373,10991,,,-0.3517879247665405,,0.3517879247665405,
1374,10999,,,,-0.3230905532836914,,0.3230905532836914
1374,10999,,,-0.35132157802581787,,0.35132157802581787,
1375,11007,,,-0.35152071714401245,,0.35152071714401245,
1376,11015,,,-0.35117799043655396,,0.35117799043655396,
1377,11023,,,-0.35145074129104614,,0.35145074129104614,
1378,11031,,,-0.3511354923248291,,0.3511354923248291,
1379,11039,,,-0.351242333650589,,0.351242333650589,
1380,11047,,,-0.35104161500930786,,0.35104161500930786,
1381,11049,,,,-0.3881192207336426,,0.3881192207336426
1381,11055,,,-0.3513321280479431,,0.3513321280479431,
1382,11063,,,-0.3510013520717621,,0.3510013520717621,
1383,11071,,,-0.35118335485458374,,0.35118335485458374,
1384,11079,,,-0.35114437341690063,,0.35114437341690063,
1385,11087,,,-0.3516347408294678,,0.3516347408294678,
1386,11095,,,-0.35140058398246765,,0.35140058398246765,
1387,11099,,,,-0.34446287155151367,,0.34446287155151367
1387,11103,,,-0.3511676490306854,,0.3511676490306854,
1388,11111,,,-0.3518785238265991,,0.3518785238265991,
1389,11119,,,-0.3511006534099579,,0.3511006534099579,
1390,11127,,,-0.351658433675766,,0.351658433675766,
1391,11135,,,-0.3515421152114868,,0.3515421152114868,
1392,11143,,,-0.35126641392707825,,0.35126641392707825,
1393,11149,,,,-0.36844348907470703,,0.36844348907470703
1393,11151,,,-0.35137712955474854,,0.35137712955474854,
1394,11159,,,-0.35128307342529297,,0.35128307342529297,
1395,11167,,,-0.35117048025131226,,0.35117048025131226,
1396,11175,,,-0.3511383533477783,,0.3511383533477783,
1397,11183,,,-0.3513893187046051,,0.3513893187046051,
1398,11191,,,-0.35117435455322266,,0.35117435455322266,
1399,11199,,,,-0.3633079528808594,,0.3633079528808594
1399,11199,,,-0.351095050573349,,0.351095050573349,
1400,11207,,,-0.351051390171051,,0.351051390171051,
1401,11215,,,-0.35114362835884094,,0.35114362835884094,
1402,11223,,,-0.3511500358581543,,0.3511500358581543,
1403,11231,,,-0.3511088490486145,,0.3511088490486145,
1404,11239,,,-0.35135191679000854,,0.35135191679000854,
1405,11247,,,-0.3512466549873352,,0.3512466549873352,
1406,11249,,,,-0.34305763244628906,,0.34305763244628906
1406,11255,,,-0.3511611223220825,,0.3511611223220825,
1407,11263,,,-0.3515423536300659,,0.3515423536300659,
1408,11271,,,-0.35100919008255005,,0.35100919008255005,
1409,11279,,,-0.3515061140060425,,0.3515061140060425,
1410,11287,,,-0.351338267326355,,0.351338267326355,
1411,11295,,,-0.3516991138458252,,0.3516991138458252,
1412,11299,,,,-0.3436446189880371,,0.3436446189880371
1412,11303,,,-0.35097402334213257,,0.35097402334213257,
1413,11311,,,-0.3510490357875824,,0.3510490357875824,
1414,11319,,,-0.3513396382331848,,0.3513396382331848,
1415,11327,,,-0.351458877325058,,0.351458877325058,
1416,11335,,,-0.35120081901550293,,0.35120081901550293,
1417,11343,,,-0.3509799838066101,,0.3509799838066101,
1418,11349,,,,-0.3777146339416504,,0.3777146339416504
1418,11351,,,-0.35156840085983276,,0.35156840085983276,
1419,11359,,,-0.351336270570755,,0.351336270570755,
1420,11367,,,-0.3513226807117462,,0.3513226807117462,
1421,11375,,,-0.35105863213539124,,0.35105863213539124,
1422,11383,,,-0.3509831428527832,,0.3509831428527832,
1423,11391,,,-0.35161781311035156,,0.35161781311035156,
1424,11399,,,,-0.3426198959350586,,0.3426198959350586
1424,11399,,,-0.3514593839645386,,0.3514593839645386,
1425,11407,,,-0.35126590728759766,,0.35126590728759766,
1426,11415,,,-0.35121071338653564,,0.35121071338653564,
1427,11423,,,-0.35117655992507935,,0.35117655992507935,
1428,11431,,,-0.3511568009853363,,0.3511568009853363,
1429,11439,,,-0.3514072895050049,,0.3514072895050049,
1430,11447,,,-0.3512779474258423,,0.3512779474258423,
1431,11449,,,,-0.3572826385498047,,0.3572826385498047
1431,11455,,,-0.3511298894882202,,0.3511298894882202,
1432,11463,,,-0.35131728649139404,,0.35131728649139404,
1433,11471,,,-0.3514702022075653,,0.3514702022075653,
1434,11479,,,-0.3516114354133606,,0.3516114354133606,
1435,11487,,,-0.35188037157058716,,0.35188037157058716,
1436,11495,,,-0.35121530294418335,,0.35121530294418335,
1437,11499,,,,-0.37329959869384766,,0.37329959869384766
1437,11503,,,-0.3513868749141693,,0.3513868749141693,
1438,11511,,,-0.35114002227783203,,0.35114002227783203,
1439,11519,,,-0.3512905240058899,,0.3512905240058899,
1440,11527,,,-0.3517913222312927,,0.3517913222312927,
1441,11535,,,-0.3512783348560333,,0.3512783348560333,
1442,11543,,,-0.3511594831943512,,0.3511594831943512,
1443,11549,,,,-0.31594276428222656,,0.31594276428222656
1443,11551,,,-0.351341187953949,,0.351341187953949,
1444,11559,,,-0.3513960838317871,,0.3513960838317871,
1445,11567,,,-0.35122543573379517,,0.35122543573379517,
1446,11575,,,-0.35115987062454224,,0.35115987062454224,
1447,11583,,,-0.3513636589050293,,0.3513636589050293,
1448,11591,,,-0.35119765996932983,,0.35119765996932983,
1449,11599,,,,-0.3759160041809082,,0.3759160041809082
1449,11599,,,-0.35173243284225464,,0.35173243284225464,
1450,11607,,,-0.3515666723251343,,0.3515666723251343,
1451,11615,,,-0.3514072299003601,,0.3514072299003601,
1452,11623,,,-0.3519855737686157,,0.3519855737686157,
1453,11631,,,-0.35136717557907104,,0.35136717557907104,
1454,11639,,,-0.3511166274547577,,0.3511166274547577,
1455,11647,,,-0.351179301738739,,0.351179301738739,
1456,11649,,,,-0.37596654891967773,,0.37596654891967773
1456,11655,,,-0.35109108686447144,,0.35109108686447144,
1457,11663,,,-0.3516227602958679,,0.3516227602958679,
1458,11671,,,-0.351458877325058,,0.351458877325058,
1459,11679,,,-0.3517095148563385,,0.3517095148563385,
1460,11687,,,-0.3511841893196106,,0.3511841893196106,
1461,11695,,,-0.3513038456439972,,0.3513038456439972,
1462,11699,,,,-0.4011421203613281,,0.4011421203613281
1462,11703,,,-0.351142942905426,,0.351142942905426,
1463,11711,,,-0.35128453373908997,,0.35128453373908997,
1464,11719,,,-0.3512665331363678,,0.3512665331363678,
1465,11727,,,-0.3514866232872009,,0.3514866232872009,
1466,11735,,,-0.35107994079589844,,0.35107994079589844,
1467,11743,,,-0.35106632113456726,,0.35106632113456726,
1468,11749,,,,-0.3439922332763672,,0.3439922332763672
1468,11751,,,-0.35140329599380493,,0.35140329599380493,
1469,11759,,,-0.35121458768844604,,0.35121458768844604,
1470,11767,,,-0.35141825675964355,,0.35141825675964355,
1471,11775,,,-0.35144561529159546,,0.35144561529159546,
1472,11783,,,-0.3512009382247925,,0.3512009382247925,
1473,11791,,,-0.3509870767593384,,0.3509870767593384,
1474,11799,,,,-0.2954225540161133,,0.2954225540161133
1474,11799,,,-0.35149380564689636,,0.35149380564689636,
1475,11807,,,-0.3512301743030548,,0.3512301743030548,
1476,11815,,,-0.35128235816955566,,0.35128235816955566,
1477,11823,,,-0.3510468602180481,,0.3510468602180481,
1478,11831,,,-0.35188812017440796,,0.35188812017440796,
1479,11839,,,-0.351208359003067,,0.351208359003067,
1480,11847,,,-0.35120242834091187,,0.35120242834091187,
1481,11849,,,,-0.35755348205566406,,0.35755348205566406
1481,11855,,,-0.3512101173400879,,0.3512101173400879,
1482,11863,,,-0.35132378339767456,,0.35132378339767456,
1483,11871,,,-0.35121580958366394,,0.35121580958366394,
1484,11879,,,-0.3513139486312866,,0.3513139486312866,
1485,11887,,,-0.35148894786834717,,0.35148894786834717,
1486,11895,,,-0.351371705532074,,0.351371705532074,
1487,11899,,,,-0.3344087600708008,,0.3344087600708008
1487,11903,,,-0.3511667549610138,,0.3511667549610138,
1488,11911,,,-0.35111790895462036,,0.35111790895462036,
1489,11919,,,-0.35116827487945557,,0.35116827487945557,
1490,11927,,,-0.35125625133514404,,0.35125625133514404,
1491,11935,,,-0.35115593671798706,,0.35115593671798706,
1492,11943,,,-0.35119104385375977,,0.35119104385375977,
1493,11949,,,,-0.3580894470214844,,0.3580894470214844
1493,11951,,,-0.35128116607666016,,0.35128116607666016,
1494,11959,,,-0.3515694737434387,,0.3515694737434387,
1495,11967,,,-0.3511199355125427,,0.3511199355125427,
1496,11975,,,-0.3513563275337219,,0.3513563275337219,
1497,11983,,,-0.3516555428504944,,0.3516555428504944,
1498,11991,,,-0.35164135694503784,,0.35164135694503784,
1499,11999,,,,-0.35375165939331055,,0.35375165939331055
1499,11999,,,-0.3517834544181824,,0.3517834544181824,
1500,12007,,,-0.35178035497665405,,0.35178035497665405,
1501,12015,,,-0.35100799798965454,,0.35100799798965454,
1502,12023,,,-0.35131797194480896,,0.35131797194480896,
1503,12031,,,-0.35126930475234985,,0.35126930475234985,
1504,12039,,,-0.3511230945587158,,0.3511230945587158,
1505,12047,,,-0.3512268662452698,,0.3512268662452698,
1506,12049,,,,-0.33625030517578125,,0.33625030517578125
1506,12055,,,-0.35118916630744934,,0.35118916630744934,
1507,12063,,,-0.35137999057769775,,0.35137999057769775,
1508,12071,,,-0.3512748181819916,,0.3512748181819916,
1509,12079,,,-0.3515823185443878,,0.3515823185443878,
1510,12087,,,-0.35128241777420044,,0.35128241777420044,
1511,12095,,,-0.3512534499168396,,0.3512534499168396,
1512,12099,,,,-0.36957359313964844,,0.36957359313964844
1512,12103,,,-0.3511354625225067,,0.3511354625225067,
1513,12111,,,-0.3517429232597351,,0.3517429232597351,
1514,12119,,,-0.35132041573524475,,0.35132041573524475,
1515,12127,,,-0.35113802552223206,,0.35113802552223206,
1516,12135,,,-0.35181307792663574,,0.35181307792663574,
1517,12143,,,-0.3514012098312378,,0.3514012098312378,
1518,12149,,,,-0.35313987731933594,,0.35313987731933594
1518,12151,,,-0.3509881794452667,,0.3509881794452667,
1519,12159,,,-0.3511244058609009,,0.3511244058609009,
1520,12167,,,-0.3514738380908966,,0.3514738380908966,
1521,12175,,,-0.35105884075164795,,0.35105884075164795,
1522,12183,,,-0.3515898883342743,,0.3515898883342743,
1523,12191,,,-0.3512195944786072,,0.3512195944786072,
1524,12199,,,,-0.39697790145874023,,0.39697790145874023
1524,12199,,,-0.3513145446777344,,0.3513145446777344,
1525,12207,,,-0.3511752486228943,,0.3511752486228943,
1526,12215,,,-0.3516292870044708,,0.3516292870044708,
1527,12223,,,-0.3510156273841858,,0.3510156273841858,
1528,12231,,,-0.35138845443725586,,0.35138845443725586,
1529,12239,,,-0.35101038217544556,,0.35101038217544556,
1530,12247,,,-0.3514903783798218,,0.3514903783798218,
1531,12249,,,,-0.34691286087036133,,0.34691286087036133
1531,12255,,,-0.3515034317970276,,0.3515034317970276,
1532,12263,,,-0.3512561321258545,,0.3512561321258545,
1533,12271,,,-0.35130876302719116,,0.35130876302719116,
1534,12279,,,-0.3513234853744507,,0.3513234853744507,
1535,12287,,,-0.3513145446777344,,0.3513145446777344,
1536,12295,,,-0.3512348532676697,,0.3512348532676697,
1537,12299,,,,-0.37140941619873047,,0.37140941619873047
1537,12303,,,-0.35121646523475647,,0.35121646523475647,
1538,12311,,,-0.351306676864624,,0.351306676864624,
1539,12319,,,-0.35142916440963745,,0.35142916440963745,
1540,12327,,,-0.3512662351131439,,0.3512662351131439,
1541,12335,,,-0.35129600763320923,,0.35129600763320923,
1542,12343,,,-0.3510459363460541,,0.3510459363460541,
1543,12349,,,,-0.31115245819091797,,0.31115245819091797
1543,12351,,,-0.35132431983947754,,0.35132431983947754,
1544,12359,,,-0.3521120250225067,,0.3521120250225067,
1545,12367,,,-0.35102972388267517,,0.35102972388267517,
1546,12375,,,-0.35116511583328247,,0.35116511583328247,
1547,12383,,,-0.35134702920913696,,0.35134702920913696,
1548,12391,,,-0.35117653012275696,,0.35117653012275696,
1549,12399,,,,-0.344301700592041,,0.344301700592041
1549,12399,,,-0.351338267326355,,0.351338267326355,
1550,12407,,,-0.3511655330657959,,0.3511655330657959,
1551,12415,,,-0.35118404030799866,,0.35118404030799866,
1552,12423,,,-0.35141679644584656,,0.35141679644584656,
1553,12431,,,-0.35128897428512573,,0.35128897428512573,
1554,12439,,,-0.3510344326496124,,0.3510344326496124,
1555,12447,,,-0.3513883948326111,,0.3513883948326111,
1556,12449,,,,-0.3405323028564453,,0.3405323028564453
1556,12455,,,-0.351535439491272,,0.351535439491272,
1557,12463,,,-0.3513392210006714,,0.3513392210006714,
1558,12471,,,-0.35125023126602173,,0.35125023126602173,
1559,12479,,,-0.35098883509635925,,0.35098883509635925,
1560,12487,,,-0.3514832854270935,,0.3514832854270935,
1561,12495,,,-0.35122916102409363,,0.35122916102409363,
1562,12499,,,,-0.37456226348876953,,0.37456226348876953
1562,12503,,,-0.351289302110672,,0.351289302110672,
1563,12511,,,-0.35165372490882874,,0.35165372490882874,
1564,12519,,,-0.35110950469970703,,0.35110950469970703,
1565,12527,,,-0.3511708974838257,,0.3511708974838257,
1566,12535,,,-0.3514804542064667,,0.3514804542064667,
1567,12543,,,-0.3512926399707794,,0.3512926399707794,
1568,12549,,,,-0.30896949768066406,,0.30896949768066406
1568,12551,,,-0.3513069748878479,,0.3513069748878479,
1569,12559,,,-0.35131362080574036,,0.35131362080574036,
1570,12567,,,-0.3517519235610962,,0.3517519235610962,
1571,12575,,,-0.35133156180381775,,0.35133156180381775,
1572,12583,,,-0.35139164328575134,,0.35139164328575134,
1573,12591,,,-0.3518981337547302,,0.3518981337547302,
1574,12599,,,,-0.3695669174194336,,0.3695669174194336
1574,12599,,,-0.3515872657299042,,0.3515872657299042,
1575,12607,,,-0.3516807556152344,,0.3516807556152344,
1576,12615,,,-0.35108867287635803,,0.35108867287635803,
1577,12623,,,-0.351558655500412,,0.351558655500412,
1578,12631,,,-0.3511357605457306,,0.3511357605457306,
1579,12639,,,-0.35141420364379883,,0.35141420364379883,
1580,12647,,,-0.3512696325778961,,0.3512696325778961,
1581,12649,,,,-0.33021068572998047,,0.33021068572998047
1581,12655,,,-0.3515250086784363,,0.3515250086784363,
1582,12663,,,-0.35149475932121277,,0.35149475932121277,
1583,12671,,,-0.35162675380706787,,0.35162675380706787,
1584,12679,,,-0.35122403502464294,,0.35122403502464294,
1585,12687,,,-0.35115814208984375,,0.35115814208984375,
1586,12695,,,-0.35143524408340454,,0.35143524408340454,
1587,12699,,,,-0.36893796920776367,,0.36893796920776367
1587,12703,,,-0.35114434361457825,,0.35114434361457825,
1588,12711,,,-0.35156795382499695,,0.35156795382499695,
1589,12719,,,-0.35138025879859924,,0.35138025879859924,
1590,12727,,,-0.35150402784347534,,0.35150402784347534,
1591,12735,,,-0.3512217402458191,,0.3512217402458191,
1592,12743,,,-0.3512626886367798,,0.3512626886367798,
1593,12749,,,,-0.36386680603027344,,0.36386680603027344
1593,12751,,,-0.3510298728942871,,0.3510298728942871,
1594,12759,,,-0.3511718511581421,,0.3511718511581421,
1595,12767,,,-0.35110241174697876,,0.35110241174697876,
1596,12775,,,-0.3516121208667755,,0.3516121208667755,
1597,12783,,,-0.35117894411087036,,0.35117894411087036,
1598,12791,,,-0.351406455039978,,0.351406455039978,
1599,12799,,,,-0.32167911529541016,,0.32167911529541016
1599,12799,,,-0.3518175482749939,,0.3518175482749939,
1600,12807,,,-0.3513464629650116,,0.3513464629650116,
1601,12815,,,-0.3515850603580475,,0.3515850603580475,
1602,12823,,,-0.3510843515396118,,0.3510843515396118,
1603,12831,,,-0.3509794771671295,,0.3509794771671295,
1604,12839,,,-0.3512991666793823,,0.3512991666793823,
1605,12847,,,-0.35119909048080444,,0.35119909048080444,
1606,12849,,,,-0.37768983840942383,,0.37768983840942383
1606,12855,,,-0.3510531783103943,,0.3510531783103943,
1607,12863,,,-0.35105687379837036,,0.35105687379837036,
1608,12871,,,-0.35104870796203613,,0.35104870796203613,
1609,12879,,,-0.3513185977935791,,0.3513185977935791,
1610,12887,,,-0.35133999586105347,,0.35133999586105347,
1611,12895,,,-0.3511514663696289,,0.3511514663696289,
1612,12899,,,,-0.3340015411376953,,0.3340015411376953
1612,12903,,,-0.3514934182167053,,0.3514934182167053,
1613,12911,,,-0.35111382603645325,,0.35111382603645325,
1614,12919,,,-0.35110563039779663,,0.35110563039779663,
1615,12927,,,-0.3511725068092346,,0.3511725068092346,
1616,12935,,,-0.35126399993896484,,0.35126399993896484,
1617,12943,,,-0.35136571526527405,,0.35136571526527405,
1618,12949,,,,-0.37764453887939453,,0.37764453887939453
1618,12951,,,-0.35108810663223267,,0.35108810663223267,
1619,12959,,,-0.3513580560684204,,0.3513580560684204,
1620,12967,,,-0.35141509771347046,,0.35141509771347046,
1621,12975,,,-0.3511529564857483,,0.3511529564857483,
1622,12983,,,-0.35108086466789246,,0.35108086466789246,
1623,12991,,,-0.35104799270629883,,0.35104799270629883,
1624,12999,,,,-0.37545061111450195,,0.37545061111450195
1624,12999,,,-0.3518025279045105,,0.3518025279045105,
1625,13007,,,-0.35162562131881714,,0.35162562131881714,
1626,13015,,,-0.35125604271888733,,0.35125604271888733,
1627,13023,,,-0.35113781690597534,,0.35113781690597534,
1628,13031,,,-0.3514731526374817,,0.3514731526374817,
1629,13039,,,-0.3511543273925781,,0.3511543273925781,
1630,13047,,,-0.3510575294494629,,0.3510575294494629,
1631,13049,,,,-0.3229217529296875,,0.3229217529296875
1631,13055,,,-0.3514399826526642,,0.3514399826526642,
1632,13063,,,-0.3511277735233307,,0.3511277735233307,
1633,13071,,,-0.35157889127731323,,0.35157889127731323,
1634,13079,,,-0.351137638092041,,0.351137638092041,
1635,13087,,,-0.3510604500770569,,0.3510604500770569,
1636,13095,,,-0.3517107367515564,,0.3517107367515564,
1637,13099,,,,-0.36632299423217773,,0.36632299423217773
1637,13103,,,-0.3513094186782837,,0.3513094186782837,
1638,13111,,,-0.351029634475708,,0.351029634475708,
1639,13119,,,-0.35110169649124146,,0.35110169649124146,
1640,13127,,,-0.35134294629096985,,0.35134294629096985,
1641,13135,,,-0.3512422740459442,,0.3512422740459442,
1642,13143,,,-0.3514421284198761,,0.3514421284198761,
1643,13149,,,,-0.3549528121948242,,0.3549528121948242
1643,13151,,,-0.3513178825378418,,0.3513178825378418,
1644,13159,,,-0.35098743438720703,,0.35098743438720703,
1645,13167,,,-0.35124725103378296,,0.35124725103378296,
1646,13175,,,-0.3511287569999695,,0.3511287569999695,
1647,13183,,,-0.35128656029701233,,0.35128656029701233,
1648,13191,,,-0.35119038820266724,,0.35119038820266724,
1649,13199,,,,-0.3160252571105957,,0.3160252571105957
1649,13199,,,-0.35107332468032837,,0.35107332468032837,
1650,13207,,,-0.35136479139328003,,0.35136479139328003,
1651,13215,,,-0.3512353301048279,,0.3512353301048279,
1652,13223,,,-0.35105299949645996,,0.35105299949645996,
1653,13231,,,-0.35119396448135376,,0.35119396448135376,
1654,13239,,,-0.35134655237197876,,0.35134655237197876,
1655,13247,,,-0.3514963388442993,,0.3514963388442993,
1656,13249,,,,-0.31220006942749023,,0.31220006942749023
1656,13255,,,-0.351215660572052,,0.351215660572052,
1657,13263,,,-0.35202905535697937,,0.35202905535697937,
1658,13271,,,-0.3512730300426483,,0.3512730300426483,
1659,13279,,,-0.35142970085144043,,0.35142970085144043,
1660,13287,,,-0.3517306447029114,,0.3517306447029114,
1661,13295,,,-0.35131406784057617,,0.35131406784057617,
1662,13299,,,,-0.36785173416137695,,0.36785173416137695
1662,13303,,,-0.3513681888580322,,0.3513681888580322,
1663,13311,,,-0.35127198696136475,,0.35127198696136475,
1664,13319,,,-0.3515433669090271,,0.3515433669090271,
1665,13327,,,-0.3511890172958374,,0.3511890172958374,
1666,13335,,,-0.3515029549598694,,0.3515029549598694,
1667,13343,,,-0.3514409065246582,,0.3514409065246582,
1668,13349,,,,-0.343447208404541,,0.343447208404541
1668,13351,,,-0.351388156414032,,0.351388156414032,
1669,13359,,,-0.351362019777298,,0.351362019777298,
1670,13367,,,-0.35152703523635864,,0.35152703523635864,
1671,13375,,,-0.35131531953811646,,0.35131531953811646,
1672,13383,,,-0.3512290418148041,,0.3512290418148041,
1673,13391,,,-0.35172325372695923,,0.35172325372695923,
1674,13399,,,,-0.34575462341308594,,0.34575462341308594
1674,13399,,,-0.3512030839920044,,0.3512030839920044,
1675,13407,,,-0.35160166025161743,,0.35160166025161743,
1676,13415,,,-0.3515039086341858,,0.3515039086341858,
1677,13423,,,-0.3515983819961548,,0.3515983819961548,
1678,13431,,,-0.35110190510749817,,0.35110190510749817,
1679,13439,,,-0.3512496054172516,,0.3512496054172516,
1680,13447,,,-0.3512595593929291,,0.3512595593929291,
1681,13449,,,,-0.29473114013671875,,0.29473114013671875
1681,13455,,,-0.3515636920928955,,0.3515636920928955,
1682,13463,,,-0.35127848386764526,,0.35127848386764526,
1683,13471,,,-0.3511001467704773,,0.3511001467704773,
1684,13479,,,-0.3517416715621948,,0.3517416715621948,
1685,13487,,,-0.3512616753578186,,0.3512616753578186,
1686,13495,,,-0.35133063793182373,,0.35133063793182373,
1687,13499,,,,-0.36138200759887695,,0.36138200759887695
1687,13503,,,-0.35147255659103394,,0.35147255659103394,
1688,13511,,,-0.35124528408050537,,0.35124528408050537,
1689,13519,,,-0.3514283299446106,,0.3514283299446106,
1690,13527,,,-0.35158753395080566,,0.35158753395080566,
1691,13535,,,-0.35145044326782227,,0.35145044326782227,
1692,13543,,,-0.3514440655708313,,0.3514440655708313,
1693,13549,,,,-0.3592872619628906,,0.3592872619628906
1693,13551,,,-0.3512021601200104,,0.3512021601200104,
1694,13559,,,-0.3515506088733673,,0.3515506088733673,
1695,13567,,,-0.3513123393058777,,0.3513123393058777,
1696,13575,,,-0.3513132333755493,,0.3513132333755493,
1697,13583,,,-0.35130202770233154,,0.35130202770233154,
1698,13591,,,-0.3511006236076355,,0.3511006236076355,
1699,13599,,,,-0.3587355613708496,,0.3587355613708496
1699,13599,,,-0.35131555795669556,,0.35131555795669556,
1700,13607,,,-0.35110387206077576,,0.35110387206077576,
1701,13615,,,-0.3514619767665863,,0.3514619767665863,
1702,13623,,,-0.35157662630081177,,0.35157662630081177,
1703,13631,,,-0.35155558586120605,,0.35155558586120605,
1704,13639,,,-0.3510775566101074,,0.3510775566101074,
1705,13647,,,-0.35130953788757324,,0.35130953788757324,
1706,13649,,,,-0.35188865661621094,,0.35188865661621094
1706,13655,,,-0.35123389959335327,,0.35123389959335327,
1707,13663,,,-0.35113370418548584,,0.35113370418548584,
1708,13671,,,-0.35126012563705444,,0.35126012563705444,
1709,13679,,,-0.35130995512008667,,0.35130995512008667,
1710,13687,,,-0.35118672251701355,,0.35118672251701355,
1711,13695,,,-0.35108327865600586,,0.35108327865600586,
1712,13699,,,,-0.3097953796386719,,0.3097953796386719
1712,13703,,,-0.35127463936805725,,0.35127463936805725,
1713,13711,,,-0.3512025475502014,,0.3512025475502014,
1714,13719,,,-0.3513783812522888,,0.3513783812522888,
1715,13727,,,-0.35140013694763184,,0.35140013694763184,
1716,13735,,,-0.3511506915092468,,0.3511506915092468,
1717,13743,,,-0.3510860800743103,,0.3510860800743103,
1718,13749,,,,-0.3441176414489746,,0.3441176414489746
1718,13751,,,-0.3516722619533539,,0.3516722619533539,
1719,13759,,,-0.3515976667404175,,0.3515976667404175,
1720,13767,,,-0.35146763920783997,,0.35146763920783997,
1721,13775,,,-0.3513209819793701,,0.3513209819793701,
1722,13783,,,-0.35149335861206055,,0.35149335861206055,
1723,13791,,,-0.3512052297592163,,0.3512052297592163,
1724,13799,,,,-0.32504940032958984,,0.32504940032958984
1724,13799,,,-0.35185572504997253,,0.35185572504997253,
1725,13807,,,-0.3512800931930542,,0.3512800931930542,
1726,13815,,,-0.35101810097694397,,0.35101810097694397,
1727,13823,,,-0.3516398072242737,,0.3516398072242737,
1728,13831,,,-0.35132279992103577,,0.35132279992103577,
1729,13839,,,-0.35149499773979187,,0.35149499773979187,
1730,13847,,,-0.3514109253883362,,0.3514109253883362,
1731,13849,,,,-0.3627743721008301,,0.3627743721008301
1731,13855,,,-0.35142749547958374,,0.35142749547958374,
1732,13863,,,-0.3511587083339691,,0.3511587083339691,
1733,13871,,,-0.3514246642589569,,0.3514246642589569,
1734,13879,,,-0.35139626264572144,,0.35139626264572144,
1735,13887,,,-0.3518281877040863,,0.3518281877040863,
1736,13895,,,-0.3512707054615021,,0.3512707054615021,
1737,13899,,,,-0.3718395233154297,,0.3718395233154297
1737,13903,,,-0.3513091206550598,,0.3513091206550598,
1738,13911,,,-0.35232090950012207,,0.35232090950012207,
1739,13919,,,-0.3514990508556366,,0.3514990508556366,
1740,13927,,,-0.35146963596343994,,0.35146963596343994,
1741,13935,,,-0.3512163460254669,,0.3512163460254669,
1742,13943,,,-0.35141026973724365,,0.35141026973724365,
1743,13949,,,,-0.3416175842285156,,0.3416175842285156
1743,13951,,,-0.35134536027908325,,0.35134536027908325,
1744,13959,,,-0.35133790969848633,,0.35133790969848633,
1745,13967,,,-0.3517998158931732,,0.3517998158931732,
1746,13975,,,-0.3515339195728302,,0.3515339195728302,
1747,13983,,,-0.35148924589157104,,0.35148924589157104,
1748,13991,,,-0.3514557480812073,,0.3514557480812073,
1749,13999,,,,-0.35861778259277344,,0.35861778259277344
1749,13999,,,-0.3515608012676239,,0.3515608012676239,
1750,14007,,,-0.3513543903827667,,0.3513543903827667,
1751,14015,,,-0.351398766040802,,0.351398766040802,
1752,14023,,,-0.35151949524879456,,0.35151949524879456,
1753,14031,,,-0.35150960087776184,,0.35150960087776184,
1754,14039,,,-0.35161083936691284,,0.35161083936691284,
1755,14047,,,-0.3516550660133362,,0.3516550660133362,
1756,14049,,,,-0.3816719055175781,,0.3816719055175781
1756,14055,,,-0.3515003025531769,,0.3515003025531769,
1757,14063,,,-0.3511520028114319,,0.3511520028114319,
1758,14071,,,-0.3517032861709595,,0.3517032861709595,
1759,14079,,,-0.3513302505016327,,0.3513302505016327,
1760,14087,,,-0.35128164291381836,,0.35128164291381836,
1761,14095,,,-0.35160958766937256,,0.35160958766937256,
1762,14099,,,,-0.39235877990722656,,0.39235877990722656
1762,14103,,,-0.35127079486846924,,0.35127079486846924,
1763,14111,,,-0.35112813115119934,,0.35112813115119934,
1764,14119,,,-0.3514465391635895,,0.3514465391635895,
1765,14127,,,-0.3514925241470337,,0.3514925241470337,
1766,14135,,,-0.35110244154930115,,0.35110244154930115,
1767,14143,,,-0.35172608494758606,,0.35172608494758606,
1768,14149,,,,-0.3444814682006836,,0.3444814682006836
1768,14151,,,-0.3513988256454468,,0.3513988256454468,
1769,14159,,,-0.3514437675476074,,0.3514437675476074,
1770,14167,,,-0.3517433702945709,,0.3517433702945709,
1771,14175,,,-0.35138094425201416,,0.35138094425201416,
1772,14183,,,-0.3514155149459839,,0.3514155149459839,
1773,14191,,,-0.35145822167396545,,0.35145822167396545,
1774,14199,,,,-0.38072776794433594,,0.38072776794433594
1774,14199,,,-0.3514808714389801,,0.3514808714389801,
1775,14207,,,-0.3516104817390442,,0.3516104817390442,
1776,14215,,,-0.35137081146240234,,0.35137081146240234,
1777,14223,,,-0.35112881660461426,,0.35112881660461426,
1778,14231,,,-0.35116201639175415,,0.35116201639175415,
1779,14239,,,-0.3510167598724365,,0.3510167598724365,
1780,14247,,,-0.3512846827507019,,0.3512846827507019,
1781,14249,,,,-0.3408346176147461,,0.3408346176147461
1781,14255,,,-0.351404070854187,,0.351404070854187,
1782,14263,,,-0.35136812925338745,,0.35136812925338745,
1783,14271,,,-0.35105210542678833,,0.35105210542678833,
1784,14279,,,-0.35125505924224854,,0.35125505924224854,
1785,14287,,,-0.3515320420265198,,0.3515320420265198,
1786,14295,,,-0.3520803451538086,,0.3520803451538086,
1787,14299,,,,-0.3422355651855469,,0.3422355651855469
1787,14303,,,-0.3512219786643982,,0.3512219786643982,
1788,14311,,,-0.3513495922088623,,0.3513495922088623,
1789,14319,,,-0.35113412141799927,,0.35113412141799927,
1790,14327,,,-0.35180169343948364,,0.35180169343948364,
1791,14335,,,-0.3511497974395752,,0.3511497974395752,
1792,14343,,,-0.35161009430885315,,0.35161009430885315,
1793,14349,,,,-0.3991079330444336,,0.3991079330444336
1793,14351,,,-0.3515421748161316,,0.3515421748161316,
1794,14359,,,-0.3517764210700989,,0.3517764210700989,
1795,14367,,,-0.35140588879585266,,0.35140588879585266,
1796,14375,,,-0.35149431228637695,,0.35149431228637695,
1797,14383,,,-0.3513713479042053,,0.3513713479042053,
1798,14391,,,-0.3511378765106201,,0.3511378765106201,
1799,14399,,,,-0.34597110748291016,,0.34597110748291016
1799,14399,,,-0.3510587811470032,,0.3510587811470032,
1800,14407,,,-0.35141000151634216,,0.35141000151634216,
1801,14415,,,-0.351173460483551,,0.351173460483551,
1802,14423,,,-0.3519030809402466,,0.3519030809402466,
1803,14431,,,-0.35215508937835693,,0.35215508937835693,
1804,14439,,,-0.3515334725379944,,0.3515334725379944,
1805,14447,,,-0.3512651324272156,,0.3512651324272156,
1806,14449,,,,-0.33759260177612305,,0.33759260177612305
1806,14455,,,-0.3514192998409271,,0.3514192998409271,
1807,14463,,,-0.35116344690322876,,0.35116344690322876,
1808,14471,,,-0.3517019748687744,,0.3517019748687744,
1809,14479,,,-0.3511681854724884,,0.3511681854724884,
1810,14487,,,-0.351521372795105,,0.351521372795105,
1811,14495,,,-0.3515743315219879,,0.3515743315219879,
1812,14499,,,,-0.3362102508544922,,0.3362102508544922
1812,14503,,,-0.3514326512813568,,0.3514326512813568,
1813,14511,,,-0.3513997793197632,,0.3513997793197632,
1814,14519,,,-0.3514953851699829,,0.3514953851699829,
1815,14527,,,-0.3515762686729431,,0.3515762686729431,
1816,14535,,,-0.3513970971107483,,0.3513970971107483,
1817,14543,,,-0.35114869475364685,,0.35114869475364685,
1818,14549,,,,-0.3802924156188965,,0.3802924156188965
1818,14551,,,-0.35132598876953125,,0.35132598876953125,
1819,14559,,,-0.3510822057723999,,0.3510822057723999,
1820,14567,,,-0.3516547977924347,,0.3516547977924347,
1821,14575,,,-0.3511350452899933,,0.3511350452899933,
1822,14583,,,-0.3511672019958496,,0.3511672019958496,
1823,14591,,,-0.35118231177330017,,0.35118231177330017,
1824,14599,,,,-0.3643374443054199,,0.3643374443054199
1824,14599,,,-0.3512931764125824,,0.3512931764125824,
1825,14607,,,-0.35119959712028503,,0.35119959712028503,
1826,14615,,,-0.35145092010498047,,0.35145092010498047,
1827,14623,,,-0.35172003507614136,,0.35172003507614136,
1828,14631,,,-0.35135772824287415,,0.35135772824287415,
1829,14639,,,-0.35108882188796997,,0.35108882188796997,
1830,14647,,,-0.3513103127479553,,0.3513103127479553,
1831,14649,,,,-0.34293317794799805,,0.34293317794799805
1831,14655,,,-0.35111913084983826,,0.35111913084983826,
1832,14663,,,-0.35128527879714966,,0.35128527879714966,
1833,14671,,,-0.3511788845062256,,0.3511788845062256,
1834,14679,,,-0.3514877259731293,,0.3514877259731293,
1835,14687,,,-0.3519755005836487,,0.3519755005836487,
1836,14695,,,-0.3518099784851074,,0.3518099784851074,
1837,14699,,,,-0.3707432746887207,,0.3707432746887207
1837,14703,,,-0.3512797951698303,,0.3512797951698303,
1838,14711,,,-0.3512578010559082,,0.3512578010559082,
1839,14719,,,-0.3512779474258423,,0.3512779474258423,
1840,14727,,,-0.35118478536605835,,0.35118478536605835,
1841,14735,,,-0.3515830338001251,,0.3515830338001251,
1842,14743,,,-0.3513317108154297,,0.3513317108154297,
1843,14749,,,,-0.36203575134277344,,0.36203575134277344
1843,14751,,,-0.3513181507587433,,0.3513181507587433,
1844,14759,,,-0.3519479036331177,,0.3519479036331177,
1845,14767,,,-0.351613849401474,,0.351613849401474,
1846,14775,,,-0.3515037000179291,,0.3515037000179291,
1847,14783,,,-0.35165858268737793,,0.35165858268737793,
1848,14791,,,-0.35135090351104736,,0.35135090351104736,
1849,14799,,,,-0.3185458183288574,,0.3185458183288574
1849,14799,,,-0.35149383544921875,,0.35149383544921875,
1850,14807,,,-0.35161319375038147,,0.35161319375038147,
1851,14815,,,-0.35131776332855225,,0.35131776332855225,
1852,14823,,,-0.3511756956577301,,0.3511756956577301,
1853,14831,,,-0.3518774211406708,,0.3518774211406708,
1854,14839,,,-0.35166311264038086,,0.35166311264038086,
1855,14847,,,-0.35127487778663635,,0.35127487778663635,
1856,14849,,,,-0.30320262908935547,,0.30320262908935547
1856,14855,,,-0.3516466021537781,,0.3516466021537781,
1857,14863,,,-0.3514617085456848,,0.3514617085456848,
1858,14871,,,-0.35137054324150085,,0.35137054324150085,
1859,14879,,,-0.3511704206466675,,0.3511704206466675,
1860,14887,,,-0.35104918479919434,,0.35104918479919434,
1861,14895,,,-0.3514673709869385,,0.3514673709869385,
1862,14899,,,,-0.3365788459777832,,0.3365788459777832
1862,14903,,,-0.35157519578933716,,0.35157519578933716,
1863,14911,,,-0.351055771112442,,0.351055771112442,
1864,14919,,,-0.3516126275062561,,0.3516126275062561,
1865,14927,,,-0.3512742817401886,,0.3512742817401886,
1866,14935,,,-0.3511188328266144,,0.3511188328266144,
1867,14943,,,-0.3512085974216461,,0.3512085974216461,
1868,14949,,,,-0.31456708908081055,,0.31456708908081055
1868,14951,,,-0.35131677985191345,,0.35131677985191345,
1869,14959,,,-0.3517608344554901,,0.3517608344554901,
1870,14967,,,-0.3511729836463928,,0.3511729836463928,
1871,14975,,,-0.3514981269836426,,0.3514981269836426,
1872,14983,,,-0.35153159499168396,,0.35153159499168396,
1873,14991,,,-0.35141536593437195,,0.35141536593437195,
1874,14999,,,,-0.34458255767822266,,0.34458255767822266
1874,14999,,,-0.35140714049339294,,0.35140714049339294,
1875,15007,,,-0.3512766361236572,,0.3512766361236572,
1876,15015,,,-0.35116904973983765,,0.35116904973983765,
1877,15023,,,-0.3511747121810913,,0.3511747121810913,
1878,15031,,,-0.35119757056236267,,0.35119757056236267,
1879,15039,,,-0.35200735926628113,,0.35200735926628113,
1880,15047,,,-0.3513941168785095,,0.3513941168785095,
1881,15049,,,,-0.32358264923095703,,0.32358264923095703
1881,15055,,,-0.3521905541419983,,0.3521905541419983,
1882,15063,,,-0.35146820545196533,,0.35146820545196533,
1883,15071,,,-0.3512265086174011,,0.3512265086174011,
1884,15079,,,-0.3512647747993469,,0.3512647747993469,
1885,15087,,,-0.3513351380825043,,0.3513351380825043,
1886,15095,,,-0.3510930836200714,,0.3510930836200714,
1887,15099,,,,-0.4083824157714844,,0.4083824157714844
1887,15103,,,-0.3517285883426666,,0.3517285883426666,
1888,15111,,,-0.3514938950538635,,0.3514938950538635,
1889,15119,,,-0.3511146306991577,,0.3511146306991577,
1890,15127,,,-0.35142117738723755,,0.35142117738723755,
1891,15135,,,-0.35162293910980225,,0.35162293910980225,
1892,15143,,,-0.3511806130409241,,0.3511806130409241,
1893,15149,,,,-0.3570737838745117,,0.3570737838745117
1893,15151,,,-0.3514311611652374,,0.3514311611652374,
1894,15159,,,-0.3512706756591797,,0.3512706756591797,
1895,15167,,,-0.35155123472213745,,0.35155123472213745,
1896,15175,,,-0.351725697517395,,0.351725697517395,
1897,15183,,,-0.35107558965682983,,0.35107558965682983,
1898,15191,,,-0.3512021601200104,,0.3512021601200104,
1899,15199,,,,-0.34966182708740234,,0.34966182708740234
1899,15199,,,-0.3512253761291504,,0.3512253761291504,
1900,15207,,,-0.3513808846473694,,0.3513808846473694,
1901,15215,,,-0.3511882424354553,,0.3511882424354553,
1902,15223,,,-0.351471483707428,,0.351471483707428,
1903,15231,,,-0.35144510865211487,,0.35144510865211487,
1904,15239,,,-0.3522077798843384,,0.3522077798843384,
1905,15247,,,-0.35141104459762573,,0.35141104459762573,
1906,15249,,,,-0.3204984664916992,,0.3204984664916992
1906,15255,,,-0.35172975063323975,,0.35172975063323975,
1907,15263,,,-0.3515914976596832,,0.3515914976596832,
1908,15271,,,-0.3512144386768341,,0.3512144386768341,
1909,15279,,,-0.351277232170105,,0.351277232170105,
1910,15287,,,-0.3512919545173645,,0.3512919545173645,
1911,15295,,,-0.3512900471687317,,0.3512900471687317,
1912,15299,,,,-0.34749794006347656,,0.34749794006347656
1912,15303,,,-0.3513328731060028,,0.3513328731060028,
1913,15311,,,-0.35139980912208557,,0.35139980912208557,
1914,15319,,,-0.35150864720344543,,0.35150864720344543,
1915,15327,,,-0.3512570559978485,,0.3512570559978485,
1916,15335,,,-0.3513372540473938,,0.3513372540473938,
1917,15343,,,-0.35136649012565613,,0.35136649012565613,
1918,15349,,,,-0.37233591079711914,,0.37233591079711914
1918,15351,,,-0.35120296478271484,,0.35120296478271484,
1919,15359,,,-0.35153433680534363,,0.35153433680534363,
1920,15367,,,-0.35125118494033813,,0.35125118494033813,
1921,15375,,,-0.3515056371688843,,0.3515056371688843,
1922,15383,,,-0.3511391878128052,,0.3511391878128052,
1923,15391,,,-0.35137027502059937,,0.35137027502059937,
1924,15399,,,,-0.29723072052001953,,0.29723072052001953
1924,15399,,,-0.3511201739311218,,0.3511201739311218,
1925,15407,,,-0.35111862421035767,,0.35111862421035767,
1926,15415,,,-0.351362407207489,,0.351362407207489,
1927,15423,,,-0.35133111476898193,,0.35133111476898193,
1928,15431,,,-0.351289302110672,,0.351289302110672,
1929,15439,,,-0.3513372242450714,,0.3513372242450714,
1930,15447,,,-0.3513675928115845,,0.3513675928115845,
1931,15449,,,,-0.3389558792114258,,0.3389558792114258
1931,15455,,,-0.3512971103191376,,0.3512971103191376,
1932,15463,,,-0.3514125347137451,,0.3514125347137451,
1933,15471,,,-0.35144054889678955,,0.35144054889678955,
1934,15479,,,-0.3517525792121887,,0.3517525792121887,
1935,15487,,,-0.3513970673084259,,0.3513970673084259,
1936,15495,,,-0.3512793779373169,,0.3512793779373169,
1937,15499,,,,-0.3764028549194336,,0.3764028549194336
1937,15503,,,-0.3512393534183502,,0.3512393534183502,
1938,15511,,,-0.3515976071357727,,0.3515976071357727,
1939,15519,,,-0.3514171540737152,,0.3514171540737152,
1940,15527,,,-0.3514862656593323,,0.3514862656593323,
1941,15535,,,-0.3513830304145813,,0.3513830304145813,
1942,15543,,,-0.35126131772994995,,0.35126131772994995,
1943,15549,,,,-0.3449230194091797,,0.3449230194091797
1943,15551,,,-0.3512701690196991,,0.3512701690196991,
1944,15559,,,-0.35147351026535034,,0.35147351026535034,
1945,15567,,,-0.3515922725200653,,0.3515922725200653,
1946,15575,,,-0.35128331184387207,,0.35128331184387207,
1947,15583,,,-0.351428359746933,,0.351428359746933,
1948,15591,,,-0.35124504566192627,,0.35124504566192627,
1949,15599,,,,-0.37827491760253906,,0.37827491760253906
1949,15599,,,-0.3513278663158417,,0.3513278663158417,
1950,15607,,,-0.35134994983673096,,0.35134994983673096,
1951,15615,,,-0.3515687882900238,,0.3515687882900238,
1952,15623,,,-0.3512016534805298,,0.3512016534805298,
1953,15631,,,-0.35145804286003113,,0.35145804286003113,
1954,15639,,,-0.35168182849884033,,0.35168182849884033,
1955,15647,,,-0.3515981137752533,,0.3515981137752533,
1956,15649,,,,-0.3391838073730469,,0.3391838073730469
1956,15655,,,-0.35137054324150085,,0.35137054324150085,
1957,15663,,,-0.35124778747558594,,0.35124778747558594,
1958,15671,,,-0.3514150083065033,,0.3514150083065033,
1959,15679,,,-0.3515510857105255,,0.3515510857105255,
1960,15687,,,-0.3518853783607483,,0.3518853783607483,
1961,15695,,,-0.35120224952697754,,0.35120224952697754,
1962,15699,,,,-0.33140087127685547,,0.33140087127685547
1962,15703,,,-0.35198280215263367,,0.35198280215263367,
1963,15711,,,-0.3510991930961609,,0.3510991930961609,
1964,15719,,,-0.3512527346611023,,0.3512527346611023,
1965,15727,,,-0.35167115926742554,,0.35167115926742554,
1966,15735,,,-0.351344496011734,,0.351344496011734,
1967,15743,,,-0.3513619005680084,,0.3513619005680084,
1968,15749,,,,-0.36728620529174805,,0.36728620529174805
1968,15751,,,-0.351155549287796,,0.351155549287796,
1969,15759,,,-0.3513564467430115,,0.3513564467430115,
1970,15767,,,-0.3512668311595917,,0.3512668311595917,
1971,15775,,,-0.3514634966850281,,0.3514634966850281,
1972,15783,,,-0.3512080907821655,,0.3512080907821655,
1973,15791,,,-0.3513362407684326,,0.3513362407684326,
1974,15799,,,,-0.3385171890258789,,0.3385171890258789
1974,15799,,,-0.3514173924922943,,0.3514173924922943,
1975,15807,,,-0.3516281247138977,,0.3516281247138977,
1976,15815,,,-0.351621150970459,,0.351621150970459,
1977,15823,,,-0.35157594084739685,,0.35157594084739685,
1978,15831,,,-0.3514047861099243,,0.3514047861099243,
1979,15839,,,-0.35134729743003845,,0.35134729743003845,
1980,15847,,,-0.35149186849594116,,0.35149186849594116,
1981,15849,,,,-0.3635578155517578,,0.3635578155517578
1981,15855,,,-0.3514350354671478,,0.3514350354671478,
1982,15863,,,-0.35160717368125916,,0.35160717368125916,
1983,15871,,,-0.3521829843521118,,0.3521829843521118,
1984,15879,,,-0.3513419032096863,,0.3513419032096863,
1985,15887,,,-0.3513145446777344,,0.3513145446777344,
1986,15895,,,-0.35113510489463806,,0.35113510489463806,
1987,15899,,,,-0.3676471710205078,,0.3676471710205078
1987,15903,,,-0.3516693115234375,,0.3516693115234375,
1988,15911,,,-0.35153719782829285,,0.35153719782829285,
1989,15919,,,-0.3514273762702942,,0.3514273762702942,
1990,15927,,,-0.35127660632133484,,0.35127660632133484,
1991,15935,,,-0.3519241213798523,,0.3519241213798523,
1992,15943,,,-0.3512200713157654,,0.3512200713157654,
1993,15949,,,,-0.384610652923584,,0.384610652923584
1993,15951,,,-0.3513098955154419,,0.3513098955154419,
1994,15959,,,-0.35150447487831116,,0.35150447487831116,
1995,15967,,,-0.352168470621109,,0.352168470621109,
1996,15975,,,-0.35160523653030396,,0.35160523653030396,
1997,15983,,,-0.35143035650253296,,0.35143035650253296,
1998,15991,,,-0.35133445262908936,,0.35133445262908936,
1999,15999,,,,-0.4145050048828125,,0.4145050048828125
1999,15999,,,-0.3514029383659363,,0.3514029383659363,
2000,16000,-0.3404719829559326,0.3404719829559326,,,,
