epoch,step,test_loss,test_renyi_lb,train_loss_epoch,train_loss_step,train_renyi_lb_epoch,train_renyi_lb_step
0,3,,,0.08122699707746506,,-0.08122699707746506,
1,7,,,0.07175227254629135,,-0.07175227254629135,
2,11,,,0.06385314464569092,,-0.06385314464569092,
3,15,,,0.06679195165634155,,-0.06679195165634155,
4,19,,,0.06659707427024841,,-0.06659707427024841,
5,23,,,0.06396222859621048,,-0.06396222859621048,
6,27,,,0.06514357030391693,,-0.06514357030391693,
7,31,,,0.06502076238393784,,-0.06502076238393784,
8,35,,,0.06258091330528259,,-0.06258091330528259,
9,39,,,0.06055548042058945,,-0.06055548042058945,
10,43,,,0.061794500797986984,,-0.061794500797986984,
11,47,,,0.06097997725009918,,-0.06097997725009918,
12,49,,,,0.07000291347503662,,-0.07000291347503662
12,51,,,0.05476710945367813,,-0.05476710945367813,
13,55,,,0.05511164292693138,,-0.05511164292693138,
14,59,,,0.052928756922483444,,-0.052928756922483444,
15,63,,,0.05521181970834732,,-0.05521181970834732,
16,67,,,0.05339736118912697,,-0.05339736118912697,
17,71,,,0.04870664328336716,,-0.04870664328336716,
18,75,,,0.051499009132385254,,-0.051499009132385254,
19,79,,,0.049894172698259354,,-0.049894172698259354,
20,83,,,0.047571294009685516,,-0.047571294009685516,
21,87,,,0.04766184464097023,,-0.04766184464097023,
22,91,,,0.043314751237630844,,-0.043314751237630844,
23,95,,,0.04282710701227188,,-0.04282710701227188,
24,99,,,,0.016870856285095215,,-0.016870856285095215
24,99,,,0.04380407556891441,,-0.04380407556891441,
25,103,,,0.04187373071908951,,-0.04187373071908951,
26,107,,,0.03987706080079079,,-0.03987706080079079,
27,111,,,0.0398004949092865,,-0.0398004949092865,
28,115,,,0.038519784808158875,,-0.038519784808158875,
29,119,,,0.03758256882429123,,-0.03758256882429123,
30,123,,,0.03438536822795868,,-0.03438536822795868,
31,127,,,0.03470424935221672,,-0.03470424935221672,
32,131,,,0.03254060074687004,,-0.03254060074687004,
33,135,,,0.03190762922167778,,-0.03190762922167778,
34,139,,,0.03026050329208374,,-0.03026050329208374,
35,143,,,0.027829987928271294,,-0.027829987928271294,
36,147,,,0.02801189012825489,,-0.02801189012825489,
37,149,,,,0.019932031631469727,,-0.019932031631469727
37,151,,,0.026009252294898033,,-0.026009252294898033,
38,155,,,0.025044206529855728,,-0.025044206529855728,
39,159,,,0.022382136434316635,,-0.022382136434316635,
40,163,,,0.02257436513900757,,-0.02257436513900757,
41,167,,,0.02116163820028305,,-0.02116163820028305,
42,171,,,0.019951462745666504,,-0.019951462745666504,
43,175,,,0.01842806302011013,,-0.01842806302011013,
44,179,,,0.01705337129533291,,-0.01705337129533291,
45,183,,,0.016176892444491386,,-0.016176892444491386,
46,187,,,0.01454888191074133,,-0.01454888191074133,
47,191,,,0.013152080588042736,,-0.013152080588042736,
48,195,,,0.012137646786868572,,-0.012137646786868572,
49,199,,,,0.0032224059104919434,,-0.0032224059104919434
49,199,,,0.011063652113080025,,-0.011063652113080025,
50,203,,,0.009789787232875824,,-0.009789787232875824,
51,207,,,0.008632291108369827,,-0.008632291108369827,
52,211,,,0.007435030769556761,,-0.007435030769556761,
53,215,,,0.006179261486977339,,-0.006179261486977339,
54,219,,,0.005035554524511099,,-0.005035554524511099,
55,223,,,0.003554348135367036,,-0.003554348135367036,
56,227,,,0.002616951474919915,,-0.002616951474919915,
57,231,,,0.001739633735269308,,-0.001739633735269308,
58,235,,,0.0006624308880418539,,-0.0006624308880418539,
59,239,,,-0.00010925945389317349,,0.00010925945389317349,
60,243,,,-0.00035260774893686175,,0.00035260774893686175,
61,247,,,-0.0010045591043308377,,0.0010045591043308377,
62,249,,,,-0.0035483837127685547,,0.0035483837127685547
62,251,,,-0.0016697794198989868,,0.0016697794198989868,
63,255,,,-0.002362094819545746,,0.002362094819545746,
64,259,,,-0.0029082915280014277,,0.0029082915280014277,
65,263,,,-0.0032304793130606413,,0.0032304793130606413,
66,267,,,-0.0035660064313560724,,0.0035660064313560724,
67,271,,,-0.0038699302822351456,,0.0038699302822351456,
68,275,,,-0.004024268593639135,,0.004024268593639135,
69,279,,,-0.004261187743395567,,0.004261187743395567,
70,283,,,-0.004528617952018976,,0.004528617952018976,
71,287,,,-0.004744508769363165,,0.004744508769363165,
72,291,,,-0.004911444149911404,,0.004911444149911404,
73,295,,,-0.005075778346508741,,0.005075778346508741,
74,299,,,,0.0016065239906311035,,-0.0016065239906311035
74,299,,,-0.005265847314149141,,0.005265847314149141,
75,303,,,-0.005396462976932526,,0.005396462976932526,
76,307,,,-0.005496208555996418,,0.005496208555996418,
77,311,,,-0.005596824921667576,,0.005596824921667576,
78,315,,,-0.005730937235057354,,0.005730937235057354,
79,319,,,-0.0058234273456037045,,0.0058234273456037045,
80,323,,,-0.005919824354350567,,0.005919824354350567,
81,327,,,-0.0059748156927526,,0.0059748156927526,
82,331,,,-0.006040142383426428,,0.006040142383426428,
83,335,,,-0.006109419744461775,,0.006109419744461775,
84,339,,,-0.0061710188165307045,,0.0061710188165307045,
85,343,,,-0.00619391817599535,,0.00619391817599535,
86,347,,,-0.00624873535707593,,0.00624873535707593,
87,349,,,,0.0023096203804016113,,-0.0023096203804016113
87,351,,,-0.006294828373938799,,0.006294828373938799,
88,355,,,-0.006362429354339838,,0.006362429354339838,
89,359,,,-0.006371940486133099,,0.006371940486133099,
90,363,,,-0.006436661351472139,,0.006436661351472139,
91,367,,,-0.006473001558333635,,0.006473001558333635,
92,371,,,-0.006496591027826071,,0.006496591027826071,
93,375,,,-0.0065361554734408855,,0.0065361554734408855,
94,379,,,-0.0065962765365839005,,0.0065962765365839005,
95,383,,,-0.006584078539162874,,0.006584078539162874,
96,387,,,-0.006618449464440346,,0.006618449464440346,
97,391,,,-0.006642617285251617,,0.006642617285251617,
98,395,,,-0.006661964580416679,,0.006661964580416679,
99,399,,,,-0.008298516273498535,,0.008298516273498535
99,399,,,-0.00670319190248847,,0.00670319190248847,
100,403,,,-0.00672137551009655,,0.00672137551009655,
101,407,,,-0.006717083975672722,,0.006717083975672722,
102,411,,,-0.006742240395396948,,0.006742240395396948,
103,415,,,-0.006771737243980169,,0.006771737243980169,
104,419,,,-0.006809432525187731,,0.006809432525187731,
105,423,,,-0.006790439132601023,,0.006790439132601023,
106,427,,,-0.00682732043787837,,0.00682732043787837,
107,431,,,-0.006873815320432186,,0.006873815320432186,
108,435,,,-0.0068910694681108,,0.0068910694681108,
109,439,,,-0.006894404999911785,,0.006894404999911785,
110,443,,,-0.006913073360919952,,0.006913073360919952,
111,447,,,-0.006924485322088003,,0.006924485322088003,
112,449,,,,-0.003040790557861328,,0.003040790557861328
112,451,,,-0.006933721248060465,,0.006933721248060465,
113,455,,,-0.006966362241655588,,0.006966362241655588,
114,459,,,-0.006974381860345602,,0.006974381860345602,
115,463,,,-0.006988854147493839,,0.006988854147493839,
116,467,,,-0.007007795851677656,,0.007007795851677656,
117,471,,,-0.007012024521827698,,0.007012024521827698,
118,475,,,-0.007018482778221369,,0.007018482778221369,
119,479,,,-0.0070290775038301945,,0.0070290775038301945,
120,483,,,-0.007034494075924158,,0.007034494075924158,
121,487,,,-0.0070610023103654385,,0.0070610023103654385,
122,491,,,-0.007072795648127794,,0.007072795648127794,
123,495,,,-0.0070929513312876225,,0.0070929513312876225,
124,499,,,,-0.0058133602142333984,,0.0058133602142333984
124,499,,,-0.007095317356288433,,0.007095317356288433,
125,503,,,-0.007094168104231358,,0.007094168104231358,
126,507,,,-0.00709859374910593,,0.00709859374910593,
127,511,,,-0.007116371300071478,,0.007116371300071478,
128,515,,,-0.007115830201655626,,0.007115830201655626,
129,519,,,-0.007133989129215479,,0.007133989129215479,
130,523,,,-0.00711939437314868,,0.00711939437314868,
131,527,,,-0.007132835686206818,,0.007132835686206818,
132,531,,,-0.007135407999157906,,0.007135407999157906,
133,535,,,-0.007138846442103386,,0.007138846442103386,
134,539,,,-0.007155489642173052,,0.007155489642173052,
135,543,,,-0.007158735301345587,,0.007158735301345587,
136,547,,,-0.00716168899089098,,0.00716168899089098,
137,549,,,,-0.0021019577980041504,,0.0021019577980041504
137,551,,,-0.007183294743299484,,0.007183294743299484,
138,555,,,-0.0071724471636116505,,0.0071724471636116505,
139,559,,,-0.007180585525929928,,0.007180585525929928,
140,563,,,-0.007192981895059347,,0.007192981895059347,
141,567,,,-0.0071889846585690975,,0.0071889846585690975,
142,571,,,-0.007209409959614277,,0.007209409959614277,
143,575,,,-0.007199910469353199,,0.007199910469353199,
144,579,,,-0.007227617781609297,,0.007227617781609297,
145,583,,,-0.007211856544017792,,0.007211856544017792,
146,587,,,-0.0071982271037995815,,0.0071982271037995815,
147,591,,,-0.007223466876894236,,0.007223466876894236,
148,595,,,-0.0072238147258758545,,0.0072238147258758545,
149,599,,,,-0.006132185459136963,,0.006132185459136963
149,599,,,-0.007227200083434582,,0.007227200083434582,
150,603,,,-0.00723572913557291,,0.00723572913557291,
151,607,,,-0.00725611811503768,,0.00725611811503768,
152,611,,,-0.007251895498484373,,0.007251895498484373,
153,615,,,-0.007250710856169462,,0.007250710856169462,
154,619,,,-0.007280644495040178,,0.007280644495040178,
155,623,,,-0.00723202433437109,,0.00723202433437109,
156,627,,,-0.007264120504260063,,0.007264120504260063,
157,631,,,-0.007263067178428173,,0.007263067178428173,
158,635,,,-0.007277240511029959,,0.007277240511029959,
159,639,,,-0.007275287061929703,,0.007275287061929703,
160,643,,,-0.007269600871950388,,0.007269600871950388,
161,647,,,-0.007291741203516722,,0.007291741203516722,
162,649,,,,-0.007878780364990234,,0.007878780364990234
162,651,,,-0.007286718115210533,,0.007286718115210533,
163,655,,,-0.007276307325810194,,0.007276307325810194,
164,659,,,-0.0073251198045909405,,0.0073251198045909405,
165,663,,,-0.007306946907192469,,0.007306946907192469,
166,667,,,-0.00729999877512455,,0.00729999877512455,
167,671,,,-0.007314248010516167,,0.007314248010516167,
168,675,,,-0.007314606104046106,,0.007314606104046106,
169,679,,,-0.007315044291317463,,0.007315044291317463,
170,683,,,-0.007332661189138889,,0.007332661189138889,
171,687,,,-0.007341042160987854,,0.007341042160987854,
172,691,,,-0.007323288358747959,,0.007323288358747959,
173,695,,,-0.007338501047343016,,0.007338501047343016,
174,699,,,,-0.010859847068786621,,0.010859847068786621
174,699,,,-0.007332171313464642,,0.007332171313464642,
175,703,,,-0.007334831170737743,,0.007334831170737743,
176,707,,,-0.007330028805881739,,0.007330028805881739,
177,711,,,-0.00734479445964098,,0.00734479445964098,
178,715,,,-0.007339144591242075,,0.007339144591242075,
179,719,,,-0.007354707922786474,,0.007354707922786474,
180,723,,,-0.007350667845457792,,0.007350667845457792,
181,727,,,-0.0073500764556229115,,0.0073500764556229115,
182,731,,,-0.007344366516917944,,0.007344366516917944,
183,735,,,-0.007360608782619238,,0.007360608782619238,
184,739,,,-0.007352673914283514,,0.007352673914283514,
185,743,,,-0.007353493478149176,,0.007353493478149176,
186,747,,,-0.007359638810157776,,0.007359638810157776,
187,749,,,,-0.004289507865905762,,0.004289507865905762
187,751,,,-0.007383803837001324,,0.007383803837001324,
188,755,,,-0.0073723867535591125,,0.0073723867535591125,
189,759,,,-0.007378629874438047,,0.007378629874438047,
190,763,,,-0.007381432689726353,,0.007381432689726353,
191,767,,,-0.007373991888016462,,0.007373991888016462,
192,771,,,-0.0073637282475829124,,0.0073637282475829124,
193,775,,,-0.007393155712634325,,0.007393155712634325,
194,779,,,-0.007372707594186068,,0.007372707594186068,
195,783,,,-0.007396696601063013,,0.007396696601063013,
196,787,,,-0.007397578097879887,,0.007397578097879887,
197,791,,,-0.0073873065412044525,,0.0073873065412044525,
198,795,,,-0.007408353965729475,,0.007408353965729475,
199,799,,,,-0.007722735404968262,,0.007722735404968262
199,799,,,-0.007387111894786358,,0.007387111894786358,
200,803,,,-0.00739900441840291,,0.00739900441840291,
201,807,,,-0.007400582078844309,,0.007400582078844309,
202,811,,,-0.007397775538265705,,0.007397775538265705,
203,815,,,-0.007395049091428518,,0.007395049091428518,
204,819,,,-0.007399164605885744,,0.007399164605885744,
205,823,,,-0.0074092922732234,,0.0074092922732234,
206,827,,,-0.007416431792080402,,0.007416431792080402,
207,831,,,-0.007399890571832657,,0.007399890571832657,
208,835,,,-0.007410121150314808,,0.007410121150314808,
209,839,,,-0.007403761614114046,,0.007403761614114046,
210,843,,,-0.007412465289235115,,0.007412465289235115,
211,847,,,-0.007408177014440298,,0.007408177014440298,
212,849,,,,-0.004131019115447998,,0.004131019115447998
212,851,,,-0.007410640362650156,,0.007410640362650156,
213,855,,,-0.007411482278257608,,0.007411482278257608,
214,859,,,-0.007395992521196604,,0.007395992521196604,
215,863,,,-0.00741871353238821,,0.00741871353238821,
216,867,,,-0.007390114478766918,,0.007390114478766918,
217,871,,,-0.007423878647387028,,0.007423878647387028,
218,875,,,-0.007417835760861635,,0.007417835760861635,
219,879,,,-0.007405094336718321,,0.007405094336718321,
220,883,,,-0.007417564745992422,,0.007417564745992422,
221,887,,,-0.007412467617541552,,0.007412467617541552,
222,891,,,-0.007420828565955162,,0.007420828565955162,
223,895,,,-0.007435469888150692,,0.007435469888150692,
224,899,,,,-0.005783796310424805,,0.005783796310424805
224,899,,,-0.0074225133284926414,,0.0074225133284926414,
225,903,,,-0.007398928515613079,,0.007398928515613079,
226,907,,,-0.0074223922565579414,,0.0074223922565579414,
227,911,,,-0.007406448945403099,,0.007406448945403099,
228,915,,,-0.007428857032209635,,0.007428857032209635,
229,919,,,-0.0074238525703549385,,0.0074238525703549385,
230,923,,,-0.007432227022945881,,0.007432227022945881,
231,927,,,-0.007431626785546541,,0.007431626785546541,
232,931,,,-0.0073852152563631535,,0.0073852152563631535,
233,935,,,-0.007416298612952232,,0.007416298612952232,
234,939,,,-0.007422107737511396,,0.007422107737511396,
235,943,,,-0.007433721795678139,,0.007433721795678139,
236,947,,,-0.007434828672558069,,0.007434828672558069,
237,949,,,,-0.01003342866897583,,0.01003342866897583
237,951,,,-0.00742720440030098,,0.00742720440030098,
238,955,,,-0.00742434011772275,,0.00742434011772275,
239,959,,,-0.007430893834680319,,0.007430893834680319,
240,963,,,-0.007428617682307959,,0.007428617682307959,
241,967,,,-0.007415087893605232,,0.007415087893605232,
242,971,,,-0.007427158299833536,,0.007427158299833536,
243,975,,,-0.007426517084240913,,0.007426517084240913,
244,979,,,-0.007440956775099039,,0.007440956775099039,
245,983,,,-0.007421205751597881,,0.007421205751597881,
246,987,,,-0.007446561474353075,,0.007446561474353075,
247,991,,,-0.007424191106110811,,0.007424191106110811,
248,995,,,-0.007436029613018036,,0.007436029613018036,
249,999,,,,-0.010871827602386475,,0.010871827602386475
249,999,,,-0.007415579166263342,,0.007415579166263342,
250,1003,,,-0.007435627281665802,,0.007435627281665802,
251,1007,,,-0.007425396237522364,,0.007425396237522364,
252,1011,,,-0.007444276474416256,,0.007444276474416256,
253,1015,,,-0.007440386805683374,,0.007440386805683374,
254,1019,,,-0.007434521801769733,,0.007434521801769733,
255,1023,,,-0.007436444982886314,,0.007436444982886314,
256,1027,,,-0.007429564371705055,,0.007429564371705055,
257,1031,,,-0.007423985283821821,,0.007423985283821821,
258,1035,,,-0.007437349762767553,,0.007437349762767553,
259,1039,,,-0.007441733963787556,,0.007441733963787556,
260,1043,,,-0.007442656438797712,,0.007442656438797712,
261,1047,,,-0.007439847569912672,,0.007439847569912672,
262,1049,,,,-0.007780730724334717,,0.007780730724334717
262,1051,,,-0.007437268737703562,,0.007437268737703562,
263,1055,,,-0.007421101443469524,,0.007421101443469524,
264,1059,,,-0.007437112741172314,,0.007437112741172314,
265,1063,,,-0.0074407123029232025,,0.0074407123029232025,
266,1067,,,-0.007441152352839708,,0.007441152352839708,
267,1071,,,-0.0074216932989656925,,0.0074216932989656925,
268,1075,,,-0.007439225446432829,,0.007439225446432829,
269,1079,,,-0.007446299772709608,,0.007446299772709608,
270,1083,,,-0.007430110592395067,,0.007430110592395067,
271,1087,,,-0.007437912747263908,,0.007437912747263908,
272,1091,,,-0.007442874368280172,,0.007442874368280172,
273,1095,,,-0.007460297551006079,,0.007460297551006079,
274,1099,,,,-0.009423017501831055,,0.009423017501831055
274,1099,,,-0.007446435280144215,,0.007446435280144215,
275,1103,,,-0.007437557447701693,,0.007437557447701693,
276,1107,,,-0.00743692135438323,,0.00743692135438323,
277,1111,,,-0.0074535864405334,,0.0074535864405334,
278,1115,,,-0.007453103084117174,,0.007453103084117174,
279,1119,,,-0.007445430848747492,,0.007445430848747492,
280,1123,,,-0.007453157100826502,,0.007453157100826502,
281,1127,,,-0.007453234866261482,,0.007453234866261482,
282,1131,,,-0.007447327487170696,,0.007447327487170696,
283,1135,,,-0.007439655251801014,,0.007439655251801014,
284,1139,,,-0.007444667164236307,,0.007444667164236307,
285,1143,,,-0.007440121844410896,,0.007440121844410896,
286,1147,,,-0.007456490304321051,,0.007456490304321051,
287,1149,,,,-0.004471480846405029,,0.004471480846405029
287,1151,,,-0.007466477807611227,,0.007466477807611227,
288,1155,,,-0.007444161921739578,,0.007444161921739578,
289,1159,,,-0.007480481639504433,,0.007480481639504433,
290,1163,,,-0.0074539887718856335,,0.0074539887718856335,
291,1167,,,-0.007449307478964329,,0.007449307478964329,
292,1171,,,-0.0074463593773543835,,0.0074463593773543835,
293,1175,,,-0.007432414684444666,,0.007432414684444666,
294,1179,,,-0.007453131955116987,,0.007453131955116987,
295,1183,,,-0.007445203606039286,,0.007445203606039286,
296,1187,,,-0.007450302597135305,,0.007450302597135305,
297,1191,,,-0.007447456009685993,,0.007447456009685993,
298,1195,,,-0.007460411638021469,,0.007460411638021469,
299,1199,,,,-0.010371506214141846,,0.010371506214141846
299,1199,,,-0.00745223555713892,,0.00745223555713892,
300,1203,,,-0.007455259095877409,,0.007455259095877409,
301,1207,,,-0.007458842825144529,,0.007458842825144529,
302,1211,,,-0.007446656934916973,,0.007446656934916973,
303,1215,,,-0.00745608052238822,,0.00745608052238822,
304,1219,,,-0.007457367144525051,,0.007457367144525051,
305,1223,,,-0.007451679557561874,,0.007451679557561874,
306,1227,,,-0.007461235858500004,,0.007461235858500004,
307,1231,,,-0.007455036044120789,,0.007455036044120789,
308,1235,,,-0.007456799037754536,,0.007456799037754536,
309,1239,,,-0.007455131504684687,,0.007455131504684687,
310,1243,,,-0.007452388759702444,,0.007452388759702444,
311,1247,,,-0.007467788644134998,,0.007467788644134998,
312,1249,,,,-0.005970299243927002,,0.005970299243927002
312,1251,,,-0.007457497995346785,,0.007457497995346785,
313,1255,,,-0.00743125332519412,,0.00743125332519412,
314,1259,,,-0.007450515870004892,,0.007450515870004892,
315,1263,,,-0.007453492376953363,,0.007453492376953363,
316,1267,,,-0.007469173986464739,,0.007469173986464739,
317,1271,,,-0.007454418111592531,,0.007454418111592531,
318,1275,,,-0.007458739448338747,,0.007458739448338747,
319,1279,,,-0.007460280787199736,,0.007460280787199736,
320,1283,,,-0.00744650000706315,,0.00744650000706315,
321,1287,,,-0.007460782304406166,,0.007460782304406166,
322,1291,,,-0.007466492243111134,,0.007466492243111134,
323,1295,,,-0.007451159879565239,,0.007451159879565239,
324,1299,,,,-0.00502467155456543,,0.00502467155456543
324,1299,,,-0.007453986443579197,,0.007453986443579197,
325,1303,,,-0.007439665962010622,,0.007439665962010622,
326,1307,,,-0.007464790251106024,,0.007464790251106024,
327,1311,,,-0.007445916533470154,,0.007445916533470154,
328,1315,,,-0.007459680084139109,,0.007459680084139109,
329,1319,,,-0.0074643767438828945,,0.0074643767438828945,
330,1323,,,-0.007450472097843885,,0.007450472097843885,
331,1327,,,-0.007463240064680576,,0.007463240064680576,
332,1331,,,-0.007467274554073811,,0.007467274554073811,
333,1335,,,-0.00746116554364562,,0.00746116554364562,
334,1339,,,-0.007464288268238306,,0.007464288268238306,
335,1343,,,-0.00746895419433713,,0.00746895419433713,
336,1347,,,-0.007471603341400623,,0.007471603341400623,
337,1349,,,,-0.005921363830566406,,0.005921363830566406
337,1351,,,-0.007473363075405359,,0.007473363075405359,
338,1355,,,-0.007460603956133127,,0.007460603956133127,
339,1359,,,-0.007470725104212761,,0.007470725104212761,
340,1363,,,-0.007449067663401365,,0.007449067663401365,
341,1367,,,-0.007476441562175751,,0.007476441562175751,
342,1371,,,-0.00747112650424242,,0.00747112650424242,
343,1375,,,-0.007471353746950626,,0.007471353746950626,
344,1379,,,-0.007477947976440191,,0.007477947976440191,
345,1383,,,-0.007468944415450096,,0.007468944415450096,
346,1387,,,-0.007477862760424614,,0.007477862760424614,
347,1391,,,-0.007487085182219744,,0.007487085182219744,
348,1395,,,-0.0074567850679159164,,0.0074567850679159164,
349,1399,,,,-0.010791420936584473,,0.010791420936584473
349,1399,,,-0.007473718374967575,,0.007473718374967575,
350,1403,,,-0.007459241896867752,,0.007459241896867752,
351,1407,,,-0.007454886566847563,,0.007454886566847563,
352,1411,,,-0.007477414328604937,,0.007477414328604937,
353,1415,,,-0.007465582340955734,,0.007465582340955734,
354,1419,,,-0.007460189983248711,,0.007460189983248711,
355,1423,,,-0.007485996000468731,,0.007485996000468731,
356,1427,,,-0.007476280443370342,,0.007476280443370342,
357,1431,,,-0.0074782161973416805,,0.0074782161973416805,
358,1435,,,-0.007484512869268656,,0.007484512869268656,
359,1439,,,-0.007490295451134443,,0.007490295451134443,
360,1443,,,-0.007463531102985144,,0.007463531102985144,
361,1447,,,-0.00747280428186059,,0.00747280428186059,
362,1449,,,,-0.008860111236572266,,0.008860111236572266
362,1451,,,-0.007479093037545681,,0.007479093037545681,
363,1455,,,-0.007490193005651236,,0.007490193005651236,
364,1459,,,-0.007482057437300682,,0.007482057437300682,
365,1463,,,-0.007480642292648554,,0.007480642292648554,
366,1467,,,-0.007472720462828875,,0.007472720462828875,
367,1471,,,-0.007470706477761269,,0.007470706477761269,
368,1475,,,-0.00748212356120348,,0.00748212356120348,
369,1479,,,-0.007482411339879036,,0.007482411339879036,
370,1483,,,-0.007487106136977673,,0.007487106136977673,
371,1487,,,-0.007471124175935984,,0.007471124175935984,
372,1491,,,-0.00746975326910615,,0.00746975326910615,
373,1495,,,-0.00747436610981822,,0.00747436610981822,
374,1499,,,,-0.011523902416229248,,0.011523902416229248
374,1499,,,-0.007478394545614719,,0.007478394545614719,
375,1503,,,-0.007480546832084656,,0.007480546832084656,
376,1507,,,-0.0074778152629733086,,0.0074778152629733086,
377,1511,,,-0.0074746860191226006,,0.0074746860191226006,
378,1515,,,-0.007489875424653292,,0.007489875424653292,
379,1519,,,-0.007482935208827257,,0.007482935208827257,
380,1523,,,-0.0074865082278847694,,0.0074865082278847694,
381,1527,,,-0.007479815743863583,,0.007479815743863583,
382,1531,,,-0.007472538389265537,,0.007472538389265537,
383,1535,,,-0.007488750386983156,,0.007488750386983156,
384,1539,,,-0.0074915578588843346,,0.0074915578588843346,
385,1543,,,-0.007491299416869879,,0.007491299416869879,
386,1547,,,-0.007492939941585064,,0.007492939941585064,
387,1549,,,,-0.006002485752105713,,0.006002485752105713
387,1551,,,-0.007498749066144228,,0.007498749066144228,
388,1555,,,-0.0074900416657328606,,0.0074900416657328606,
389,1559,,,-0.0074814376421272755,,0.0074814376421272755,
390,1563,,,-0.007485659793019295,,0.007485659793019295,
391,1567,,,-0.007485320325940847,,0.007485320325940847,
392,1571,,,-0.0074881878681480885,,0.0074881878681480885,
393,1575,,,-0.007490529678761959,,0.007490529678761959,
394,1579,,,-0.007486610673367977,,0.007486610673367977,
395,1583,,,-0.007486810442060232,,0.007486810442060232,
396,1587,,,-0.00749227637425065,,0.00749227637425065,
397,1591,,,-0.007495108991861343,,0.007495108991861343,
398,1595,,,-0.007488877046853304,,0.007488877046853304,
399,1599,,,,-0.007974445819854736,,0.007974445819854736
399,1599,,,-0.007484649308025837,,0.007484649308025837,
400,1603,,,-0.007490993943065405,,0.007490993943065405,
401,1607,,,-0.007483503315597773,,0.007483503315597773,
402,1611,,,-0.00749362213537097,,0.00749362213537097,
403,1615,,,-0.0074943364597857,,0.0074943364597857,
404,1619,,,-0.007490676827728748,,0.007490676827728748,
405,1623,,,-0.007486969698220491,,0.007486969698220491,
406,1627,,,-0.007484694477170706,,0.007484694477170706,
407,1631,,,-0.007499404717236757,,0.007499404717236757,
408,1635,,,-0.007499414496123791,,0.007499414496123791,
409,1639,,,-0.0074938517063856125,,0.0074938517063856125,
410,1643,,,-0.0074838073924183846,,0.0074838073924183846,
411,1647,,,-0.007518969476222992,,0.007518969476222992,
412,1649,,,,-0.008561670780181885,,0.008561670780181885
412,1651,,,-0.007508537266403437,,0.007508537266403437,
413,1655,,,-0.007502889726310968,,0.007502889726310968,
414,1659,,,-0.007493613753467798,,0.007493613753467798,
415,1663,,,-0.007503988686949015,,0.007503988686949015,
416,1667,,,-0.007501403335481882,,0.007501403335481882,
417,1671,,,-0.0075002266094088554,,0.0075002266094088554,
418,1675,,,-0.0075047072023153305,,0.0075047072023153305,
419,1679,,,-0.007515440229326487,,0.007515440229326487,
420,1683,,,-0.007500265259295702,,0.007500265259295702,
421,1687,,,-0.007475527469068766,,0.007475527469068766,
422,1691,,,-0.007497907150536776,,0.007497907150536776,
423,1695,,,-0.007485928945243359,,0.007485928945243359,
424,1699,,,,-0.011919558048248291,,0.011919558048248291
424,1699,,,-0.007509129587560892,,0.007509129587560892,
425,1703,,,-0.007500045001506805,,0.007500045001506805,
426,1707,,,-0.007496997248381376,,0.007496997248381376,
427,1711,,,-0.00749882822856307,,0.00749882822856307,
428,1715,,,-0.007494055200368166,,0.007494055200368166,
429,1719,,,-0.0074918740428984165,,0.0074918740428984165,
430,1723,,,-0.007491936907172203,,0.007491936907172203,
431,1727,,,-0.007496239151805639,,0.007496239151805639,
432,1731,,,-0.0074835969135165215,,0.0074835969135165215,
433,1735,,,-0.007503844331949949,,0.007503844331949949,
434,1739,,,-0.007500519044697285,,0.007500519044697285,
435,1743,,,-0.007507074624300003,,0.007507074624300003,
436,1747,,,-0.007508293259888887,,0.007508293259888887,
437,1749,,,,-0.010436058044433594,,0.010436058044433594
437,1751,,,-0.007508695591241121,,0.007508695591241121,
438,1755,,,-0.00749838724732399,,0.00749838724732399,
439,1759,,,-0.00750144524499774,,0.00750144524499774,
440,1763,,,-0.007498453371226788,,0.007498453371226788,
441,1767,,,-0.007497267797589302,,0.007497267797589302,
442,1771,,,-0.007502635940909386,,0.007502635940909386,
443,1775,,,-0.00750332185998559,,0.00750332185998559,
444,1779,,,-0.007510677445679903,,0.007510677445679903,
445,1783,,,-0.007506333291530609,,0.007506333291530609,
446,1787,,,-0.007514199707657099,,0.007514199707657099,
447,1791,,,-0.007508859969675541,,0.007508859969675541,
448,1795,,,-0.007506008259952068,,0.007506008259952068,
449,1799,,,,-0.006199479103088379,,0.006199479103088379
449,1799,,,-0.007494064979255199,,0.007494064979255199,
450,1803,,,-0.007495536003261805,,0.007495536003261805,
451,1807,,,-0.0075082979165017605,,0.0075082979165017605,
452,1811,,,-0.007503814995288849,,0.007503814995288849,
453,1815,,,-0.007494910154491663,,0.007494910154491663,
454,1819,,,-0.007518810220062733,,0.007518810220062733,
455,1823,,,-0.007506817579269409,,0.007506817579269409,
456,1827,,,-0.007511968724429607,,0.007511968724429607,
457,1831,,,-0.007515589706599712,,0.007515589706599712,
458,1835,,,-0.007516809273511171,,0.007516809273511171,
459,1839,,,-0.0075201066210865974,,0.0075201066210865974,
460,1843,,,-0.007496476639062166,,0.007496476639062166,
461,1847,,,-0.007514611817896366,,0.007514611817896366,
462,1849,,,,-0.005111217498779297,,0.005111217498779297
462,1851,,,-0.0075109368190169334,,0.0075109368190169334,
463,1855,,,-0.007471635937690735,,0.007471635937690735,
464,1859,,,-0.007503575645387173,,0.007503575645387173,
465,1863,,,-0.007513392250984907,,0.007513392250984907,
466,1867,,,-0.007526081521064043,,0.007526081521064043,
467,1871,,,-0.007516829296946526,,0.007516829296946526,
468,1875,,,-0.00752351013943553,,0.00752351013943553,
469,1879,,,-0.007515972014516592,,0.007515972014516592,
470,1883,,,-0.00751559529453516,,0.00751559529453516,
471,1887,,,-0.007520463317632675,,0.007520463317632675,
472,1891,,,-0.007513880264014006,,0.007513880264014006,
473,1895,,,-0.007521230727434158,,0.007521230727434158,
474,1899,,,,-0.0031108856201171875,,0.0031108856201171875
474,1899,,,-0.007538929581642151,,0.007538929581642151,
475,1903,,,-0.007523225620388985,,0.007523225620388985,
476,1907,,,-0.007514483295381069,,0.007514483295381069,
477,1911,,,-0.007529406808316708,,0.007529406808316708,
478,1915,,,-0.0075093526393175125,,0.0075093526393175125,
479,1919,,,-0.007516008336097002,,0.007516008336097002,
480,1923,,,-0.007521221414208412,,0.007521221414208412,
481,1927,,,-0.007517678197473288,,0.007517678197473288,
482,1931,,,-0.007494560442864895,,0.007494560442864895,
483,1935,,,-0.0075248307548463345,,0.0075248307548463345,
484,1939,,,-0.007526066154241562,,0.007526066154241562,
485,1943,,,-0.007518949452787638,,0.007518949452787638,
486,1947,,,-0.007502718362957239,,0.007502718362957239,
487,1949,,,,-0.008421123027801514,,0.008421123027801514
487,1951,,,-0.007520120590925217,,0.007520120590925217,
488,1955,,,-0.007528800517320633,,0.007528800517320633,
489,1959,,,-0.007484894245862961,,0.007484894245862961,
490,1963,,,-0.007526210974901915,,0.007526210974901915,
491,1967,,,-0.007523417007178068,,0.007523417007178068,
492,1971,,,-0.007533404976129532,,0.007533404976129532,
493,1975,,,-0.007519971113651991,,0.007519971113651991,
494,1979,,,-0.007521537132561207,,0.007521537132561207,
495,1983,,,-0.007526465691626072,,0.007526465691626072,
496,1987,,,-0.007517337799072266,,0.007517337799072266,
497,1991,,,-0.007517851889133453,,0.007517851889133453,
498,1995,,,-0.007515853736549616,,0.007515853736549616,
499,1999,,,,-0.00903695821762085,,0.00903695821762085
499,1999,,,-0.007521254476159811,,0.007521254476159811,
500,2003,,,-0.007514950353652239,,0.007514950353652239,
501,2007,,,-0.00752928527072072,,0.00752928527072072,
502,2011,,,-0.007515985518693924,,0.007515985518693924,
503,2015,,,-0.007529277354478836,,0.007529277354478836,
504,2019,,,-0.00753319077193737,,0.00753319077193737,
505,2023,,,-0.007534603122621775,,0.007534603122621775,
506,2027,,,-0.007537981495261192,,0.007537981495261192,
507,2031,,,-0.007525152992457151,,0.007525152992457151,
508,2035,,,-0.007525476161390543,,0.007525476161390543,
509,2039,,,-0.007530681323260069,,0.007530681323260069,
510,2043,,,-0.007528735790401697,,0.007528735790401697,
511,2047,,,-0.007527765817940235,,0.007527765817940235,
512,2049,,,,-0.008862197399139404,,0.008862197399139404
512,2051,,,-0.00751839391887188,,0.00751839391887188,
513,2055,,,-0.0075388820841908455,,0.0075388820841908455,
514,2059,,,-0.007527446839958429,,0.007527446839958429,
515,2063,,,-0.007529380731284618,,0.007529380731284618,
516,2067,,,-0.007506391499191523,,0.007506391499191523,
517,2071,,,-0.0075394874438643456,,0.0075394874438643456,
518,2075,,,-0.007531681563705206,,0.007531681563705206,
519,2079,,,-0.007532312069088221,,0.007532312069088221,
520,2083,,,-0.007528192829340696,,0.007528192829340696,
521,2087,,,-0.007533336989581585,,0.007533336989581585,
522,2091,,,-0.007534502539783716,,0.007534502539783716,
523,2095,,,-0.007526494562625885,,0.007526494562625885,
524,2099,,,,-0.010348975658416748,,0.010348975658416748
524,2099,,,-0.007526026573032141,,0.007526026573032141,
525,2103,,,-0.007512327749282122,,0.007512327749282122,
526,2107,,,-0.007531336508691311,,0.007531336508691311,
527,2111,,,-0.0075445924885571,,0.0075445924885571,
528,2115,,,-0.007538454607129097,,0.007538454607129097,
529,2119,,,-0.007516966667026281,,0.007516966667026281,
530,2123,,,-0.007527410984039307,,0.007527410984039307,
531,2127,,,-0.007534846663475037,,0.007534846663475037,
532,2131,,,-0.007533479947596788,,0.007533479947596788,
533,2135,,,-0.00753596518188715,,0.00753596518188715,
534,2139,,,-0.007544454652816057,,0.007544454652816057,
535,2143,,,-0.0075333621352910995,,0.0075333621352910995,
536,2147,,,-0.007531219627708197,,0.007531219627708197,
537,2149,,,,-0.007917702198028564,,0.007917702198028564
537,2151,,,-0.007531958166509867,,0.007531958166509867,
538,2155,,,-0.007539261598140001,,0.007539261598140001,
539,2159,,,-0.00753976684063673,,0.00753976684063673,
540,2163,,,-0.007534683216363192,,0.007534683216363192,
541,2167,,,-0.007526285946369171,,0.007526285946369171,
542,2171,,,-0.007544153835624456,,0.007544153835624456,
543,2175,,,-0.0075424131937325,,0.0075424131937325,
544,2179,,,-0.007528841495513916,,0.007528841495513916,
545,2183,,,-0.007537072524428368,,0.007537072524428368,
546,2187,,,-0.007525069639086723,,0.007525069639086723,
547,2191,,,-0.007525366265326738,,0.007525366265326738,
548,2195,,,-0.0075455293990671635,,0.0075455293990671635,
549,2199,,,,-0.007383942604064941,,0.007383942604064941
549,2199,,,-0.007551138289272785,,0.007551138289272785,
550,2203,,,-0.007543249521404505,,0.007543249521404505,
551,2207,,,-0.007537849713116884,,0.007537849713116884,
552,2211,,,-0.007533335126936436,,0.007533335126936436,
553,2215,,,-0.007544611115008593,,0.007544611115008593,
554,2219,,,-0.007540612481534481,,0.007540612481534481,
555,2223,,,-0.007541360799223185,,0.007541360799223185,
556,2227,,,-0.0075453403405845165,,0.0075453403405845165,
557,2231,,,-0.007535544224083424,,0.007535544224083424,
558,2235,,,-0.007542801089584827,,0.007542801089584827,
559,2239,,,-0.007540829014033079,,0.007540829014033079,
560,2243,,,-0.007530250586569309,,0.007530250586569309,
561,2247,,,-0.007552663329988718,,0.007552663329988718,
562,2249,,,,-0.005426883697509766,,0.005426883697509766
562,2251,,,-0.007555334363132715,,0.007555334363132715,
563,2255,,,-0.007545112166553736,,0.007545112166553736,
564,2259,,,-0.007536754012107849,,0.007536754012107849,
565,2263,,,-0.007542829029262066,,0.007542829029262066,
566,2267,,,-0.0075448425486683846,,0.0075448425486683846,
567,2271,,,-0.007548472844064236,,0.007548472844064236,
568,2275,,,-0.007537675090134144,,0.007537675090134144,
569,2279,,,-0.00754428980872035,,0.00754428980872035,
570,2283,,,-0.007528878748416901,,0.007528878748416901,
571,2287,,,-0.007547405082732439,,0.007547405082732439,
572,2291,,,-0.00753224641084671,,0.00753224641084671,
573,2295,,,-0.007538149133324623,,0.007538149133324623,
574,2299,,,,0.0005988478660583496,,-0.0005988478660583496
574,2299,,,-0.007511550094932318,,0.007511550094932318,
575,2303,,,-0.0075241136364638805,,0.0075241136364638805,
576,2307,,,-0.00753798708319664,,0.00753798708319664,
577,2311,,,-0.007540355436503887,,0.007540355436503887,
578,2315,,,-0.007538122124969959,,0.007538122124969959,
579,2319,,,-0.007546864449977875,,0.007546864449977875,
580,2323,,,-0.007548259571194649,,0.007548259571194649,
581,2327,,,-0.007540242746472359,,0.007540242746472359,
582,2331,,,-0.007544574793428183,,0.007544574793428183,
583,2335,,,-0.007533489726483822,,0.007533489726483822,
584,2339,,,-0.007521053776144981,,0.007521053776144981,
585,2343,,,-0.007543621119111776,,0.007543621119111776,
586,2347,,,-0.007544388063251972,,0.007544388063251972,
587,2349,,,,-0.0060266852378845215,,0.0060266852378845215
587,2351,,,-0.0075377956964075565,,0.0075377956964075565,
588,2355,,,-0.007542113307863474,,0.007542113307863474,
589,2359,,,-0.007524647284299135,,0.007524647284299135,
590,2363,,,-0.007542668376117945,,0.007542668376117945,
591,2367,,,-0.007552716881036758,,0.007552716881036758,
592,2371,,,-0.00753786601126194,,0.00753786601126194,
593,2375,,,-0.007554141338914633,,0.007554141338914633,
594,2379,,,-0.007545156870037317,,0.007545156870037317,
595,2383,,,-0.00754888029769063,,0.00754888029769063,
596,2387,,,-0.007546727079898119,,0.007546727079898119,
597,2391,,,-0.007545053958892822,,0.007545053958892822,
598,2395,,,-0.007550225127488375,,0.007550225127488375,
599,2399,,,,-0.004216492176055908,,0.004216492176055908
599,2399,,,-0.007536672987043858,,0.007536672987043858,
600,2403,,,-0.007540065795183182,,0.007540065795183182,
601,2407,,,-0.007549586705863476,,0.007549586705863476,
602,2411,,,-0.0075266011990606785,,0.0075266011990606785,
603,2415,,,-0.007522911299020052,,0.007522911299020052,
604,2419,,,-0.007535357493907213,,0.007535357493907213,
605,2423,,,-0.007544949185103178,,0.007544949185103178,
606,2427,,,-0.007552848197519779,,0.007552848197519779,
607,2431,,,-0.007566713262349367,,0.007566713262349367,
608,2435,,,-0.007543010171502829,,0.007543010171502829,
609,2439,,,-0.007542213425040245,,0.007542213425040245,
610,2443,,,-0.007546520326286554,,0.007546520326286554,
611,2447,,,-0.007546949200332165,,0.007546949200332165,
612,2449,,,,-0.006815016269683838,,0.006815016269683838
612,2451,,,-0.007547552231699228,,0.007547552231699228,
613,2455,,,-0.007545859087258577,,0.007545859087258577,
614,2459,,,-0.0075290752574801445,,0.0075290752574801445,
615,2463,,,-0.007541704922914505,,0.007541704922914505,
616,2467,,,-0.007531305309385061,,0.007531305309385061,
617,2471,,,-0.0075551485642790794,,0.0075551485642790794,
618,2475,,,-0.007541187107563019,,0.007541187107563019,
619,2479,,,-0.00755772739648819,,0.00755772739648819,
620,2483,,,-0.007555071730166674,,0.007555071730166674,
621,2487,,,-0.007553720381110907,,0.007553720381110907,
622,2491,,,-0.007553950883448124,,0.007553950883448124,
623,2495,,,-0.007524073123931885,,0.007524073123931885,
624,2499,,,,-0.006281614303588867,,0.006281614303588867
624,2499,,,-0.007545072119683027,,0.007545072119683027,
625,2503,,,-0.007545105181634426,,0.007545105181634426,
626,2507,,,-0.007560935337096453,,0.007560935337096453,
627,2511,,,-0.007534435018897057,,0.007534435018897057,
628,2515,,,-0.007549918722361326,,0.007549918722361326,
629,2519,,,-0.00754089979454875,,0.00754089979454875,
630,2523,,,-0.0075468700379133224,,0.0075468700379133224,
631,2527,,,-0.007551803253591061,,0.007551803253591061,
632,2531,,,-0.0075517138466238976,,0.0075517138466238976,
633,2535,,,-0.007498802617192268,,0.007498802617192268,
634,2539,,,-0.007564176339656115,,0.007564176339656115,
635,2543,,,-0.007558238226920366,,0.007558238226920366,
636,2547,,,-0.007557613775134087,,0.007557613775134087,
637,2549,,,,-0.010960102081298828,,0.010960102081298828
637,2551,,,-0.007566566113382578,,0.007566566113382578,
638,2555,,,-0.007528671994805336,,0.007528671994805336,
639,2559,,,-0.00754915177822113,,0.00754915177822113,
640,2563,,,-0.007551663555204868,,0.007551663555204868,
641,2567,,,-0.007538332603871822,,0.007538332603871822,
642,2571,,,-0.007514849305152893,,0.007514849305152893,
643,2575,,,-0.007543462794274092,,0.007543462794274092,
644,2579,,,-0.007555176038295031,,0.007555176038295031,
645,2583,,,-0.007540995255112648,,0.007540995255112648,
646,2587,,,-0.007555220276117325,,0.007555220276117325,
647,2591,,,-0.007521018385887146,,0.007521018385887146,
648,2595,,,-0.007528446614742279,,0.007528446614742279,
649,2599,,,,-0.008341610431671143,,0.008341610431671143
649,2599,,,-0.0075536794029176235,,0.0075536794029176235,
650,2603,,,-0.007540007121860981,,0.007540007121860981,
651,2607,,,-0.007552159018814564,,0.007552159018814564,
652,2611,,,-0.007557726930826902,,0.007557726930826902,
653,2615,,,-0.007536116987466812,,0.007536116987466812,
654,2619,,,-0.007551578804850578,,0.007551578804850578,
655,2623,,,-0.007553799077868462,,0.007553799077868462,
656,2627,,,-0.007539637386798859,,0.007539637386798859,
657,2631,,,-0.007556382566690445,,0.007556382566690445,
658,2635,,,-0.007530984003096819,,0.007530984003096819,
659,2639,,,-0.007493604440242052,,0.007493604440242052,
660,2643,,,-0.007549818605184555,,0.007549818605184555,
661,2647,,,-0.007555593736469746,,0.007555593736469746,
662,2649,,,,-0.004945158958435059,,0.004945158958435059
662,2651,,,-0.0075569250620901585,,0.0075569250620901585,
663,2655,,,-0.007532680872827768,,0.007532680872827768,
664,2659,,,-0.007558972109109163,,0.007558972109109163,
665,2663,,,-0.0075569539330899715,,0.0075569539330899715,
666,2667,,,-0.0075545478612184525,,0.0075545478612184525,
667,2671,,,-0.007544861175119877,,0.007544861175119877,
668,2675,,,-0.00755611015483737,,0.00755611015483737,
669,2679,,,-0.007559537887573242,,0.007559537887573242,
670,2683,,,-0.007557164411991835,,0.007557164411991835,
671,2687,,,-0.007540511433035135,,0.007540511433035135,
672,2691,,,-0.007527777925133705,,0.007527777925133705,
673,2695,,,-0.00755566731095314,,0.00755566731095314,
674,2699,,,,-0.008242428302764893,,0.008242428302764893
674,2699,,,-0.007559958379715681,,0.007559958379715681,
675,2703,,,-0.007554888259619474,,0.007554888259619474,
676,2707,,,-0.007537593599408865,,0.007537593599408865,
677,2711,,,-0.007563851308077574,,0.007563851308077574,
678,2715,,,-0.007564837113022804,,0.007564837113022804,
679,2719,,,-0.007543803192675114,,0.007543803192675114,
680,2723,,,-0.007538975682109594,,0.007538975682109594,
681,2727,,,-0.007552065420895815,,0.007552065420895815,
682,2731,,,-0.007569498848170042,,0.007569498848170042,
683,2735,,,-0.007559145800769329,,0.007559145800769329,
684,2739,,,-0.0075637879781425,,0.0075637879781425,
685,2743,,,-0.007546038366854191,,0.007546038366854191,
686,2747,,,-0.007558365818113089,,0.007558365818113089,
687,2749,,,,-0.009158611297607422,,0.009158611297607422
687,2751,,,-0.007564580999314785,,0.007564580999314785,
688,2755,,,-0.007569266948848963,,0.007569266948848963,
689,2759,,,-0.007558890618383884,,0.007558890618383884,
690,2763,,,-0.007557447999715805,,0.007557447999715805,
691,2767,,,-0.007560240104794502,,0.007560240104794502,
692,2771,,,-0.007555097807198763,,0.007555097807198763,
693,2775,,,-0.007555797696113586,,0.007555797696113586,
694,2779,,,-0.007571760099381208,,0.007571760099381208,
695,2783,,,-0.007552243769168854,,0.007552243769168854,
696,2787,,,-0.007546565495431423,,0.007546565495431423,
697,2791,,,-0.007569053675979376,,0.007569053675979376,
698,2795,,,-0.007563770283013582,,0.007563770283013582,
699,2799,,,,-0.006785452365875244,,0.006785452365875244
699,2799,,,-0.007569516077637672,,0.007569516077637672,
700,2803,,,-0.0075445836409926414,,0.0075445836409926414,
701,2807,,,-0.007564782164990902,,0.007564782164990902,
702,2811,,,-0.007560300640761852,,0.007560300640761852,
703,2815,,,-0.007559180725365877,,0.007559180725365877,
704,2819,,,-0.00755134504288435,,0.00755134504288435,
705,2823,,,-0.007576794363558292,,0.007576794363558292,
706,2827,,,-0.0075614978559315205,,0.0075614978559315205,
707,2831,,,-0.007563855964690447,,0.007563855964690447,
708,2835,,,-0.0075658587738871574,,0.0075658587738871574,
709,2839,,,-0.007571744732558727,,0.007571744732558727,
710,2843,,,-0.007556302472949028,,0.007556302472949028,
711,2847,,,-0.0075498404912650585,,0.0075498404912650585,
712,2849,,,,-0.0059090256690979,,0.0059090256690979
712,2851,,,-0.007562488783150911,,0.007562488783150911,
713,2855,,,-0.007559419143944979,,0.007559419143944979,
714,2859,,,-0.007560637779533863,,0.007560637779533863,
715,2863,,,-0.007550789974629879,,0.007550789974629879,
716,2867,,,-0.007574685849249363,,0.007574685849249363,
717,2871,,,-0.0075517394579946995,,0.0075517394579946995,
718,2875,,,-0.007570142392069101,,0.007570142392069101,
719,2879,,,-0.0075598908588290215,,0.0075598908588290215,
720,2883,,,-0.007550779264420271,,0.007550779264420271,
721,2887,,,-0.00756843201816082,,0.00756843201816082,
722,2891,,,-0.007570880930870771,,0.007570880930870771,
723,2895,,,-0.007556873839348555,,0.007556873839348555,
724,2899,,,,-0.006385207176208496,,0.006385207176208496
724,2899,,,-0.007561104837805033,,0.007561104837805033,
725,2903,,,-0.00756803760305047,,0.00756803760305047,
726,2907,,,-0.0075692362152040005,,0.0075692362152040005,
727,2911,,,-0.007549299858510494,,0.007549299858510494,
728,2915,,,-0.007556935306638479,,0.007556935306638479,
729,2919,,,-0.007570465561002493,,0.007570465561002493,
730,2923,,,-0.0075734928250312805,,0.0075734928250312805,
731,2927,,,-0.007574731949716806,,0.007574731949716806,
732,2931,,,-0.007565099745988846,,0.007565099745988846,
733,2935,,,-0.007552273105829954,,0.007552273105829954,
734,2939,,,-0.007575610652565956,,0.007575610652565956,
735,2943,,,-0.007566678337752819,,0.007566678337752819,
736,2947,,,-0.0075631351210176945,,0.0075631351210176945,
737,2949,,,,-0.007768154144287109,,0.007768154144287109
737,2951,,,-0.007567667402327061,,0.007567667402327061,
738,2955,,,-0.007568029686808586,,0.007568029686808586,
739,2959,,,-0.007569313049316406,,0.007569313049316406,
740,2963,,,-0.007572291884571314,,0.007572291884571314,
741,2967,,,-0.007561355363577604,,0.007561355363577604,
742,2971,,,-0.0075753116980195045,,0.0075753116980195045,
743,2975,,,-0.007577639073133469,,0.007577639073133469,
744,2979,,,-0.007557043805718422,,0.007557043805718422,
745,2983,,,-0.007553352043032646,,0.007553352043032646,
746,2987,,,-0.007572426460683346,,0.007572426460683346,
747,2991,,,-0.0075409896671772,,0.0075409896671772,
748,2995,,,-0.007568707689642906,,0.007568707689642906,
749,2999,,,,-0.012102186679840088,,0.012102186679840088
749,2999,,,-0.0075621153227984905,,0.0075621153227984905,
750,3003,,,-0.007565250154584646,,0.007565250154584646,
751,3007,,,-0.00755149545148015,,0.00755149545148015,
752,3011,,,-0.007572882808744907,,0.007572882808744907,
753,3015,,,-0.007573650684207678,,0.007573650684207678,
754,3019,,,-0.007574194576591253,,0.007574194576591253,
755,3023,,,-0.007568659260869026,,0.007568659260869026,
756,3027,,,-0.007575427647680044,,0.007575427647680044,
757,3031,,,-0.007575684692710638,,0.007575684692710638,
758,3035,,,-0.007571444381028414,,0.007571444381028414,
759,3039,,,-0.007570185232907534,,0.007570185232907534,
760,3043,,,-0.00756712444126606,,0.00756712444126606,
761,3047,,,-0.00757634500041604,,0.00757634500041604,
762,3049,,,,-0.006744861602783203,,0.006744861602783203
762,3051,,,-0.007574546150863171,,0.007574546150863171,
763,3055,,,-0.0075690182857215405,,0.0075690182857215405,
764,3059,,,-0.007541394792497158,,0.007541394792497158,
765,3063,,,-0.007570990826934576,,0.007570990826934576,
766,3067,,,-0.007577193900942802,,0.007577193900942802,
767,3071,,,-0.00758718978613615,,0.00758718978613615,
768,3075,,,-0.007577341049909592,,0.007577341049909592,
769,3079,,,-0.00757652847096324,,0.00757652847096324,
770,3083,,,-0.007571259047836065,,0.007571259047836065,
771,3087,,,-0.007556247524917126,,0.007556247524917126,
772,3091,,,-0.007578257471323013,,0.007578257471323013,
773,3095,,,-0.00757282879203558,,0.00757282879203558,
774,3099,,,,-0.006868422031402588,,0.006868422031402588
774,3099,,,-0.007568824104964733,,0.007568824104964733,
775,3103,,,-0.00757286511361599,,0.00757286511361599,
776,3107,,,-0.007575902156531811,,0.007575902156531811,
777,3111,,,-0.0075597926042973995,,0.0075597926042973995,
778,3115,,,-0.00756435701623559,,0.00756435701623559,
779,3119,,,-0.007572940085083246,,0.007572940085083246,
780,3123,,,-0.007576884236186743,,0.007576884236186743,
781,3127,,,-0.0075722928158938885,,0.0075722928158938885,
782,3131,,,-0.007579040713608265,,0.007579040713608265,
783,3135,,,-0.007574726361781359,,0.007574726361781359,
784,3139,,,-0.0075586349703371525,,0.0075586349703371525,
785,3143,,,-0.007585826795548201,,0.007585826795548201,
786,3147,,,-0.007576757576316595,,0.007576757576316595,
787,3149,,,,-0.01375800371170044,,0.01375800371170044
787,3151,,,-0.007594776339828968,,0.007594776339828968,
788,3155,,,-0.007572938688099384,,0.007572938688099384,
789,3159,,,-0.0075821601785719395,,0.0075821601785719395,
790,3163,,,-0.00753755634650588,,0.00753755634650588,
791,3167,,,-0.007575284224003553,,0.007575284224003553,
792,3171,,,-0.007582847960293293,,0.007582847960293293,
793,3175,,,-0.007581663783639669,,0.007581663783639669,
794,3179,,,-0.007565298117697239,,0.007565298117697239,
795,3183,,,-0.00756885576993227,,0.00756885576993227,
796,3187,,,-0.00757578993216157,,0.00757578993216157,
797,3191,,,-0.007578859571367502,,0.007578859571367502,
798,3195,,,-0.007554532494395971,,0.007554532494395971,
799,3199,,,,-0.005825161933898926,,0.005825161933898926
799,3199,,,-0.00758210988715291,,0.00758210988715291,
800,3203,,,-0.0075621954165399075,,0.0075621954165399075,
801,3207,,,-0.0075811296701431274,,0.0075811296701431274,
802,3211,,,-0.007576105184853077,,0.007576105184853077,
803,3215,,,-0.00756889907643199,,0.00756889907643199,
804,3219,,,-0.0075757550075650215,,0.0075757550075650215,
805,3223,,,-0.007580150850117207,,0.007580150850117207,
806,3227,,,-0.007572968490421772,,0.007572968490421772,
807,3231,,,-0.007564218249171972,,0.007564218249171972,
808,3235,,,-0.007578189484775066,,0.007578189484775066,
809,3239,,,-0.00756711233407259,,0.00756711233407259,
810,3243,,,-0.007563882041722536,,0.007563882041722536,
811,3247,,,-0.0075723519548773766,,0.0075723519548773766,
812,3249,,,,-0.007450282573699951,,0.007450282573699951
812,3251,,,-0.007589113898575306,,0.007589113898575306,
813,3255,,,-0.007581090088933706,,0.007581090088933706,
814,3259,,,-0.007576574105769396,,0.007576574105769396,
815,3263,,,-0.007578541059046984,,0.007578541059046984,
816,3267,,,-0.007582745514810085,,0.007582745514810085,
817,3271,,,-0.007580060511827469,,0.007580060511827469,
818,3275,,,-0.007588318549096584,,0.007588318549096584,
819,3279,,,-0.00758185563609004,,0.00758185563609004,
820,3283,,,-0.007575031835585833,,0.007575031835585833,
821,3287,,,-0.007573611102998257,,0.007573611102998257,
822,3291,,,-0.007559684105217457,,0.007559684105217457,
823,3295,,,-0.007577164098620415,,0.007577164098620415,
824,3299,,,,-0.005835354328155518,,0.005835354328155518
824,3299,,,-0.007572634145617485,,0.007572634145617485,
825,3303,,,-0.007577444426715374,,0.007577444426715374,
826,3307,,,-0.007579326629638672,,0.007579326629638672,
827,3311,,,-0.007547537796199322,,0.007547537796199322,
828,3315,,,-0.007519933860749006,,0.007519933860749006,
829,3319,,,-0.007569842506200075,,0.007569842506200075,
830,3323,,,-0.0075638797134160995,,0.0075638797134160995,
831,3327,,,-0.007586630992591381,,0.007586630992591381,
832,3331,,,-0.0075850049033761024,,0.0075850049033761024,
833,3335,,,-0.00758542912080884,,0.00758542912080884,
834,3339,,,-0.007580661680549383,,0.007580661680549383,
835,3343,,,-0.007569839246571064,,0.007569839246571064,
836,3347,,,-0.00757761811837554,,0.00757761811837554,
837,3349,,,,-0.00607675313949585,,0.00607675313949585
837,3351,,,-0.007584504783153534,,0.007584504783153534,
838,3355,,,-0.0075925057753920555,,0.0075925057753920555,
839,3359,,,-0.00757211446762085,,0.00757211446762085,
840,3363,,,-0.007561735343188047,,0.007561735343188047,
841,3367,,,-0.007580582518130541,,0.007580582518130541,
842,3371,,,-0.007583692669868469,,0.007583692669868469,
843,3375,,,-0.007571945432573557,,0.007571945432573557,
844,3379,,,-0.007566343527287245,,0.007566343527287245,
845,3383,,,-0.007582282181829214,,0.007582282181829214,
846,3387,,,-0.007576549891382456,,0.007576549891382456,
847,3391,,,-0.007570882793515921,,0.007570882793515921,
848,3395,,,-0.0075800493359565735,,0.0075800493359565735,
849,3399,,,,-0.008587419986724854,,0.008587419986724854
849,3399,,,-0.007576777599751949,,0.007576777599751949,
850,3403,,,-0.0075726136565208435,,0.0075726136565208435,
851,3407,,,-0.007559773046523333,,0.007559773046523333,
852,3411,,,-0.00758950924500823,,0.00758950924500823,
853,3415,,,-0.007587244734168053,,0.007587244734168053,
854,3419,,,-0.007580270525068045,,0.007580270525068045,
855,3423,,,-0.0075515019707381725,,0.0075515019707381725,
856,3427,,,-0.007590948604047298,,0.007590948604047298,
857,3431,,,-0.007586795836687088,,0.007586795836687088,
858,3435,,,-0.0075712865218520164,,0.0075712865218520164,
859,3439,,,-0.00758509011939168,,0.00758509011939168,
860,3443,,,-0.007589985150843859,,0.007589985150843859,
861,3447,,,-0.007590524852275848,,0.007590524852275848,
862,3449,,,,-0.0061348676681518555,,0.0061348676681518555
862,3451,,,-0.007577722426503897,,0.007577722426503897,
863,3455,,,-0.007570495363324881,,0.007570495363324881,
864,3459,,,-0.007588155567646027,,0.007588155567646027,
865,3463,,,-0.007587834727019072,,0.007587834727019072,
866,3467,,,-0.007555854041129351,,0.007555854041129351,
867,3471,,,-0.007589703891426325,,0.007589703891426325,
868,3475,,,-0.007574933115392923,,0.007574933115392923,
869,3479,,,-0.00758366659283638,,0.00758366659283638,
870,3483,,,-0.007570001762360334,,0.007570001762360334,
871,3487,,,-0.0075766053050756454,,0.0075766053050756454,
872,3491,,,-0.007594565860927105,,0.007594565860927105,
873,3495,,,-0.007584508042782545,,0.007584508042782545,
874,3499,,,,-0.006742238998413086,,0.006742238998413086
874,3499,,,-0.007583459839224815,,0.007583459839224815,
875,3503,,,-0.0075877513736486435,,0.0075877513736486435,
876,3507,,,-0.00759235629811883,,0.00759235629811883,
877,3511,,,-0.007587342523038387,,0.007587342523038387,
878,3515,,,-0.007587143685668707,,0.007587143685668707,
879,3519,,,-0.007571049965918064,,0.007571049965918064,
880,3523,,,-0.0075478763319551945,,0.0075478763319551945,
881,3527,,,-0.007574052549898624,,0.007574052549898624,
882,3531,,,-0.007565751206129789,,0.007565751206129789,
883,3535,,,-0.00759259145706892,,0.00759259145706892,
884,3539,,,-0.0075991954654455185,,0.0075991954654455185,
885,3543,,,-0.007568239700049162,,0.007568239700049162,
886,3547,,,-0.0075865196995437145,,0.0075865196995437145,
887,3549,,,,-0.007455885410308838,,0.007455885410308838
887,3551,,,-0.007590604946017265,,0.007590604946017265,
888,3555,,,-0.00757610984146595,,0.00757610984146595,
889,3559,,,-0.007580752484500408,,0.007580752484500408,
890,3563,,,-0.007604123558849096,,0.007604123558849096,
891,3567,,,-0.007586237508803606,,0.007586237508803606,
892,3571,,,-0.0075831906870007515,,0.0075831906870007515,
893,3575,,,-0.007590803783386946,,0.007590803783386946,
894,3579,,,-0.007559732533991337,,0.007559732533991337,
895,3583,,,-0.0075739528983831406,,0.0075739528983831406,
896,3587,,,-0.007587585598230362,,0.007587585598230362,
897,3591,,,-0.007589821703732014,,0.007589821703732014,
898,3595,,,-0.007582088466733694,,0.007582088466733694,
899,3599,,,,-0.0016193985939025879,,0.0016193985939025879
899,3599,,,-0.0075370375998318195,,0.0075370375998318195,
900,3603,,,-0.00760625908151269,,0.00760625908151269,
901,3607,,,-0.007583155762404203,,0.007583155762404203,
902,3611,,,-0.0075354622676968575,,0.0075354622676968575,
903,3615,,,-0.007559643127024174,,0.007559643127024174,
904,3619,,,-0.007589374203234911,,0.007589374203234911,
905,3623,,,-0.007589807268232107,,0.007589807268232107,
906,3627,,,-0.007587318308651447,,0.007587318308651447,
907,3631,,,-0.007589109241962433,,0.007589109241962433,
908,3635,,,-0.007569886278361082,,0.007569886278361082,
909,3639,,,-0.007548852823674679,,0.007548852823674679,
910,3643,,,-0.007577868644148111,,0.007577868644148111,
911,3647,,,-0.007588312029838562,,0.007588312029838562,
912,3649,,,,-0.004643261432647705,,0.004643261432647705
912,3651,,,-0.007588163483887911,,0.007588163483887911,
913,3655,,,-0.007598728407174349,,0.007598728407174349,
914,3659,,,-0.007582774385809898,,0.007582774385809898,
915,3663,,,-0.007586389314383268,,0.007586389314383268,
916,3667,,,-0.0075800190679728985,,0.0075800190679728985,
917,3671,,,-0.007585924584418535,,0.007585924584418535,
918,3675,,,-0.007590646855533123,,0.007590646855533123,
919,3679,,,-0.007584389764815569,,0.007584389764815569,
920,3683,,,-0.007584850769490004,,0.007584850769490004,
921,3687,,,-0.0075810616835951805,,0.0075810616835951805,
922,3691,,,-0.007595987059175968,,0.007595987059175968,
923,3695,,,-0.007586685474961996,,0.007586685474961996,
924,3699,,,,-0.004578053951263428,,0.004578053951263428
924,3699,,,-0.007593770977109671,,0.007593770977109671,
925,3703,,,-0.0075841546058654785,,0.0075841546058654785,
926,3707,,,-0.007584823295474052,,0.007584823295474052,
927,3711,,,-0.007596613839268684,,0.007596613839268684,
928,3715,,,-0.007575031835585833,,0.007575031835585833,
929,3719,,,-0.007585445418953896,,0.007585445418953896,
930,3723,,,-0.0075822798535227776,,0.0075822798535227776,
931,3727,,,-0.007580731064081192,,0.007580731064081192,
932,3731,,,-0.00759365689009428,,0.00759365689009428,
933,3735,,,-0.007582413963973522,,0.007582413963973522,
934,3739,,,-0.007596570532768965,,0.007596570532768965,
935,3743,,,-0.0076071941293776035,,0.0076071941293776035,
936,3747,,,-0.007601685356348753,,0.007601685356348753,
937,3749,,,,-0.003564178943634033,,0.003564178943634033
937,3751,,,-0.007599293254315853,,0.007599293254315853,
938,3755,,,-0.007587143685668707,,0.007587143685668707,
939,3759,,,-0.007601097691804171,,0.007601097691804171,
940,3763,,,-0.007596162147819996,,0.007596162147819996,
941,3767,,,-0.007581528276205063,,0.007581528276205063,
942,3771,,,-0.007602413650602102,,0.007602413650602102,
943,3775,,,-0.00760454498231411,,0.00760454498231411,
944,3779,,,-0.007565029431134462,,0.007565029431134462,
945,3783,,,-0.00758454529568553,,0.00758454529568553,
946,3787,,,-0.007593337446451187,,0.007593337446451187,
947,3791,,,-0.007598488125950098,,0.007598488125950098,
948,3795,,,-0.007598693482577801,,0.007598693482577801,
949,3799,,,,-0.01064687967300415,,0.01064687967300415
949,3799,,,-0.007594319526106119,,0.007594319526106119,
950,3803,,,-0.00759529834613204,,0.00759529834613204,
951,3807,,,-0.0075742024928331375,,0.0075742024928331375,
952,3811,,,-0.007592933252453804,,0.007592933252453804,
953,3815,,,-0.00757413636893034,,0.00757413636893034,
954,3819,,,-0.007591542322188616,,0.007591542322188616,
955,3823,,,-0.007570282090455294,,0.007570282090455294,
956,3827,,,-0.007610722910612822,,0.007610722910612822,
957,3831,,,-0.0076058534905314445,,0.0076058534905314445,
958,3835,,,-0.007594181224703789,,0.007594181224703789,
959,3839,,,-0.007591573987156153,,0.007591573987156153,
960,3843,,,-0.0075917355716228485,,0.0075917355716228485,
961,3847,,,-0.00759856915101409,,0.00759856915101409,
962,3849,,,,-0.010784149169921875,,0.010784149169921875
962,3851,,,-0.007589837070554495,,0.007589837070554495,
963,3855,,,-0.007597600109875202,,0.007597600109875202,
964,3859,,,-0.0075775939039886,,0.0075775939039886,
965,3863,,,-0.007579902186989784,,0.007579902186989784,
966,3867,,,-0.007586516439914703,,0.007586516439914703,
967,3871,,,-0.007601164281368256,,0.007601164281368256,
968,3875,,,-0.007598379161208868,,0.007598379161208868,
969,3879,,,-0.007603486999869347,,0.007603486999869347,
970,3883,,,-0.007591324392706156,,0.007591324392706156,
971,3887,,,-0.007596408016979694,,0.007596408016979694,
972,3891,,,-0.007590788416564465,,0.007590788416564465,
973,3895,,,-0.007584098260849714,,0.007584098260849714,
974,3899,,,,-0.006360650062561035,,0.006360650062561035
974,3899,,,-0.007586018647998571,,0.007586018647998571,
975,3903,,,-0.007592437323182821,,0.007592437323182821,
976,3907,,,-0.0075889346189796925,,0.0075889346189796925,
977,3911,,,-0.00759006617590785,,0.00759006617590785,
978,3915,,,-0.007592587731778622,,0.007592587731778622,
979,3919,,,-0.0076008206233382225,,0.0076008206233382225,
980,3923,,,-0.007595775183290243,,0.007595775183290243,
981,3927,,,-0.0076002515852451324,,0.0076002515852451324,
982,3931,,,-0.007594280876219273,,0.007594280876219273,
983,3935,,,-0.0076060909777879715,,0.0076060909777879715,
984,3939,,,-0.007580711971968412,,0.007580711971968412,
985,3943,,,-0.00759942876175046,,0.00759942876175046,
986,3947,,,-0.0075863734818995,,0.0075863734818995,
987,3949,,,,-0.007363617420196533,,0.007363617420196533
987,3951,,,-0.0075987838208675385,,0.0075987838208675385,
988,3955,,,-0.007599682547152042,,0.007599682547152042,
989,3959,,,-0.007597325369715691,,0.007597325369715691,
990,3963,,,-0.00759897893294692,,0.00759897893294692,
991,3967,,,-0.007593255955725908,,0.007593255955725908,
992,3971,,,-0.007600786630064249,,0.007600786630064249,
993,3975,,,-0.007601769641041756,,0.007601769641041756,
994,3979,,,-0.0075986855663359165,,0.0075986855663359165,
995,3983,,,-0.007600090932101011,,0.007600090932101011,
996,3987,,,-0.007599048316478729,,0.007599048316478729,
997,3991,,,-0.00757903466001153,,0.00757903466001153,
998,3995,,,-0.0075680529698729515,,0.0075680529698729515,
999,3999,,,,-0.007346928119659424,,0.007346928119659424
999,3999,,,-0.007596269715577364,,0.007596269715577364,
1000,4003,,,-0.007606538478285074,,0.007606538478285074,
1001,4007,,,-0.0075660343281924725,,0.0075660343281924725,
1002,4011,,,-0.007559218443930149,,0.007559218443930149,
1003,4015,,,-0.007597645279020071,,0.007597645279020071,
1004,4019,,,-0.007598349824547768,,0.007598349824547768,
1005,4023,,,-0.007591148838400841,,0.007591148838400841,
1006,4027,,,-0.007590685971081257,,0.007590685971081257,
1007,4031,,,-0.007578894961625338,,0.007578894961625338,
1008,4035,,,-0.007595445960760117,,0.007595445960760117,
1009,4039,,,-0.007611448410898447,,0.007611448410898447,
1010,4043,,,-0.00758367870002985,,0.00758367870002985,
1011,4047,,,-0.007600744720548391,,0.007600744720548391,
1012,4049,,,,-0.005485355854034424,,0.005485355854034424
1012,4051,,,-0.007584814913570881,,0.007584814913570881,
1013,4055,,,-0.007578523363918066,,0.007578523363918066,
1014,4059,,,-0.007594169117510319,,0.007594169117510319,
1015,4063,,,-0.007594845723360777,,0.007594845723360777,
1016,4067,,,-0.00759009039029479,,0.00759009039029479,
1017,4071,,,-0.007607732433825731,,0.007607732433825731,
1018,4075,,,-0.007603088393807411,,0.007603088393807411,
1019,4079,,,-0.0076011368073523045,,0.0076011368073523045,
1020,4083,,,-0.0076060909777879715,,0.0076060909777879715,
1021,4087,,,-0.007570619694888592,,0.007570619694888592,
1022,4091,,,-0.007581363897770643,,0.007581363897770643,
1023,4095,,,-0.007588195614516735,,0.007588195614516735,
1024,4099,,,,-0.0018070340156555176,,0.0018070340156555176
1024,4099,,,-0.007596829906105995,,0.007596829906105995,
1025,4103,,,-0.007606297731399536,,0.007606297731399536,
1026,4107,,,-0.007561841048300266,,0.007561841048300266,
1027,4111,,,-0.007602775935083628,,0.007602775935083628,
1028,4115,,,-0.007598137483000755,,0.007598137483000755,
1029,4119,,,-0.007604493293911219,,0.007604493293911219,
1030,4123,,,-0.007580484729260206,,0.007580484729260206,
1031,4127,,,-0.007603466510772705,,0.007603466510772705,
1032,4131,,,-0.007603154517710209,,0.007603154517710209,
1033,4135,,,-0.0076073030941188335,,0.0076073030941188335,
1034,4139,,,-0.007610665168613195,,0.007610665168613195,
1035,4143,,,-0.0076101673766970634,,0.0076101673766970634,
1036,4147,,,-0.007603309117257595,,0.007603309117257595,
1037,4149,,,,-0.00759124755859375,,0.00759124755859375
1037,4151,,,-0.007598050870001316,,0.007598050870001316,
1038,4155,,,-0.00759479496628046,,0.00759479496628046,
1039,4159,,,-0.0075929053127765656,,0.0075929053127765656,
1040,4163,,,-0.007604505401104689,,0.007604505401104689,
1041,4167,,,-0.007608246523886919,,0.007608246523886919,
1042,4171,,,-0.007603278383612633,,0.007603278383612633,
1043,4175,,,-0.007606146857142448,,0.007606146857142448,
1044,4179,,,-0.0075777070596814156,,0.0075777070596814156,
1045,4183,,,-0.00760057894513011,,0.00760057894513011,
1046,4187,,,-0.007590294815599918,,0.007590294815599918,
1047,4191,,,-0.007594415917992592,,0.007594415917992592,
1048,4195,,,-0.007587066851556301,,0.007587066851556301,
1049,4199,,,,-0.007870793342590332,,0.007870793342590332
1049,4199,,,-0.007610938511788845,,0.007610938511788845,
1050,4203,,,-0.007592609152197838,,0.007592609152197838,
1051,4207,,,-0.007603018078953028,,0.007603018078953028,
1052,4211,,,-0.007587104104459286,,0.007587104104459286,
1053,4215,,,-0.007609485182911158,,0.007609485182911158,
1054,4219,,,-0.007571679539978504,,0.007571679539978504,
1055,4223,,,-0.007592480164021254,,0.007592480164021254,
1056,4227,,,-0.007610185071825981,,0.007610185071825981,
1057,4231,,,-0.007592422887682915,,0.007592422887682915,
1058,4235,,,-0.007611715234816074,,0.007611715234816074,
1059,4239,,,-0.007596298586577177,,0.007596298586577177,
1060,4243,,,-0.007578912656754255,,0.007578912656754255,
1061,4247,,,-0.0076197730377316475,,0.0076197730377316475,
1062,4249,,,,-0.010793864727020264,,0.010793864727020264
1062,4251,,,-0.00760225672274828,,0.00760225672274828,
1063,4255,,,-0.007610457018017769,,0.007610457018017769,
1064,4259,,,-0.007590258494019508,,0.007590258494019508,
1065,4263,,,-0.007603168487548828,,0.007603168487548828,
1066,4267,,,-0.007602281868457794,,0.007602281868457794,
1067,4271,,,-0.0076082502491772175,,0.0076082502491772175,
1068,4275,,,-0.0075938161462545395,,0.0075938161462545395,
1069,4279,,,-0.007609915919601917,,0.007609915919601917,
1070,4283,,,-0.0076112584210932255,,0.0076112584210932255,
1071,4287,,,-0.007612823974341154,,0.007612823974341154,
1072,4291,,,-0.007610742002725601,,0.007610742002725601,
1073,4295,,,-0.007617415394634008,,0.007617415394634008,
1074,4299,,,,-0.0019153952598571777,,0.0019153952598571777
1074,4299,,,-0.0075896442867815495,,0.0075896442867815495,
1075,4303,,,-0.007604264188557863,,0.007604264188557863,
1076,4307,,,-0.007576006464660168,,0.007576006464660168,
1077,4311,,,-0.007592310197651386,,0.007592310197651386,
1078,4315,,,-0.007611711043864489,,0.007611711043864489,
1079,4319,,,-0.007560225669294596,,0.007560225669294596,
1080,4323,,,-0.007588742300868034,,0.007588742300868034,
1081,4327,,,-0.007602534256875515,,0.007602534256875515,
1082,4331,,,-0.007615689188241959,,0.007615689188241959,
1083,4335,,,-0.007589807268232107,,0.007589807268232107,
1084,4339,,,-0.007606590632349253,,0.007606590632349253,
1085,4343,,,-0.00759248249232769,,0.00759248249232769,
1086,4347,,,-0.007607760839164257,,0.007607760839164257,
1087,4349,,,,-0.006653428077697754,,0.006653428077697754
1087,4351,,,-0.007609685882925987,,0.007609685882925987,
1088,4355,,,-0.007607059087604284,,0.007607059087604284,
1089,4359,,,-0.007614437025040388,,0.007614437025040388,
1090,4363,,,-0.007612637244164944,,0.007612637244164944,
1091,4367,,,-0.0076136356219649315,,0.0076136356219649315,
1092,4371,,,-0.007609110325574875,,0.007609110325574875,
1093,4375,,,-0.007615513633936644,,0.007615513633936644,
1094,4379,,,-0.007587146945297718,,0.007587146945297718,
1095,4383,,,-0.007612538058310747,,0.007612538058310747,
1096,4387,,,-0.007593810558319092,,0.007593810558319092,
1097,4391,,,-0.00757752126082778,,0.00757752126082778,
1098,4395,,,-0.007609500549733639,,0.007609500549733639,
1099,4399,,,,-0.009727060794830322,,0.009727060794830322
1099,4399,,,-0.007616021204739809,,0.007616021204739809,
1100,4403,,,-0.007609199266880751,,0.007609199266880751,
1101,4407,,,-0.007597288116812706,,0.007597288116812706,
1102,4411,,,-0.007616204675287008,,0.007616204675287008,
1103,4415,,,-0.007611584383994341,,0.007611584383994341,
1104,4419,,,-0.007601671852171421,,0.007601671852171421,
1105,4423,,,-0.007581469137221575,,0.007581469137221575,
1106,4427,,,-0.007579515688121319,,0.007579515688121319,
1107,4431,,,-0.007594020571559668,,0.007594020571559668,
1108,4435,,,-0.007562706712633371,,0.007562706712633371,
1109,4439,,,-0.007581708487123251,,0.007581708487123251,
1110,4443,,,-0.007619722746312618,,0.007619722746312618,
1111,4447,,,-0.007625743746757507,,0.007625743746757507,
1112,4449,,,,-0.0047092437744140625,,0.0047092437744140625
1112,4451,,,-0.007611080538481474,,0.007611080538481474,
1113,4455,,,-0.007602743338793516,,0.007602743338793516,
1114,4459,,,-0.007616084534674883,,0.007616084534674883,
1115,4463,,,-0.007580761797726154,,0.007580761797726154,
1116,4467,,,-0.007628629915416241,,0.007628629915416241,
1117,4471,,,-0.007610304281115532,,0.007610304281115532,
1118,4475,,,-0.007560296915471554,,0.007560296915471554,
1119,4479,,,-0.007615342270582914,,0.007615342270582914,
1120,4483,,,-0.007608239073306322,,0.007608239073306322,
1121,4487,,,-0.007612898480147123,,0.007612898480147123,
1122,4491,,,-0.007573445327579975,,0.007573445327579975,
1123,4495,,,-0.007596367504447699,,0.007596367504447699,
1124,4499,,,,-0.006049811840057373,,0.006049811840057373
1124,4499,,,-0.007616153918206692,,0.007616153918206692,
1125,4503,,,-0.007620610296726227,,0.007620610296726227,
1126,4507,,,-0.007606438361108303,,0.007606438361108303,
1127,4511,,,-0.007573590148240328,,0.007573590148240328,
1128,4515,,,-0.007587805390357971,,0.007587805390357971,
1129,4519,,,-0.007607636041939259,,0.007607636041939259,
1130,4523,,,-0.007616616785526276,,0.007616616785526276,
1131,4527,,,-0.007614951115101576,,0.007614951115101576,
1132,4531,,,-0.0075982981361448765,,0.0075982981361448765,
1133,4535,,,-0.007589603774249554,,0.007589603774249554,
1134,4539,,,-0.007620411459356546,,0.007620411459356546,
1135,4543,,,-0.0076044220477342606,,0.0076044220477342606,
1136,4547,,,-0.007604528684169054,,0.007604528684169054,
1137,4549,,,,-0.011069834232330322,,0.011069834232330322
1137,4551,,,-0.007617611903697252,,0.007617611903697252,
1138,4555,,,-0.0076194764114916325,,0.0076194764114916325,
1139,4559,,,-0.0076085468754172325,,0.0076085468754172325,
1140,4563,,,-0.0075998613610863686,,0.0075998613610863686,
1141,4567,,,-0.0076097529381513596,,0.0076097529381513596,
1142,4571,,,-0.00762473838403821,,0.00762473838403821,
1143,4575,,,-0.007619352545589209,,0.007619352545589209,
1144,4579,,,-0.007621983531862497,,0.007621983531862497,
1145,4583,,,-0.00761927105486393,,0.00761927105486393,
1146,4587,,,-0.007617343682795763,,0.007617343682795763,
1147,4591,,,-0.007600918412208557,,0.007600918412208557,
1148,4595,,,-0.007613289635628462,,0.007613289635628462,
1149,4599,,,,-0.008480191230773926,,0.008480191230773926
1149,4599,,,-0.007607084233313799,,0.007607084233313799,
1150,4603,,,-0.007613112684339285,,0.007613112684339285,
1151,4607,,,-0.0076279412023723125,,0.0076279412023723125,
1152,4611,,,-0.007615446578711271,,0.007615446578711271,
1153,4615,,,-0.0076158056035637856,,0.0076158056035637856,
1154,4619,,,-0.007601199671626091,,0.007601199671626091,
1155,4623,,,-0.007605906575918198,,0.007605906575918198,
1156,4627,,,-0.007609624415636063,,0.007609624415636063,
1157,4631,,,-0.0076059908606112,,0.0076059908606112,
1158,4635,,,-0.007608035579323769,,0.007608035579323769,
1159,4639,,,-0.007608829066157341,,0.007608829066157341,
1160,4643,,,-0.007600434124469757,,0.007600434124469757,
1161,4647,,,-0.007614136673510075,,0.007614136673510075,
1162,4649,,,,-0.004077732563018799,,0.004077732563018799
1162,4651,,,-0.007618507370352745,,0.007618507370352745,
1163,4655,,,-0.007591653149574995,,0.007591653149574995,
1164,4659,,,-0.007620127871632576,,0.007620127871632576,
1165,4663,,,-0.007625051308423281,,0.007625051308423281,
1166,4667,,,-0.007622179109603167,,0.007622179109603167,
1167,4671,,,-0.007619653362780809,,0.007619653362780809,
1168,4675,,,-0.007630624808371067,,0.007630624808371067,
1169,4679,,,-0.007601706311106682,,0.007601706311106682,
1170,4683,,,-0.007587463594973087,,0.007587463594973087,
1171,4687,,,-0.007578827906399965,,0.007578827906399965,
1172,4691,,,-0.007590932305902243,,0.007590932305902243,
1173,4695,,,-0.007611489854753017,,0.007611489854753017,
1174,4699,,,,-0.008765935897827148,,0.008765935897827148
1174,4699,,,-0.007611932698637247,,0.007611932698637247,
1175,4703,,,-0.007619772106409073,,0.007619772106409073,
1176,4707,,,-0.0076178694143891335,,0.0076178694143891335,
1177,4711,,,-0.007611634209752083,,0.007611634209752083,
1178,4715,,,-0.007623326499015093,,0.007623326499015093,
1179,4719,,,-0.007626940030604601,,0.007626940030604601,
1180,4723,,,-0.007612676825374365,,0.007612676825374365,
1181,4727,,,-0.007632239256054163,,0.007632239256054163,
1182,4731,,,-0.007592791225761175,,0.007592791225761175,
1183,4735,,,-0.0076246424578130245,,0.0076246424578130245,
1184,4739,,,-0.00761037040501833,,0.00761037040501833,
1185,4743,,,-0.007611526176333427,,0.007611526176333427,
1186,4747,,,-0.007619431242346764,,0.007619431242346764,
1187,4749,,,,-0.007819712162017822,,0.007819712162017822
1187,4751,,,-0.007624160498380661,,0.007624160498380661,
1188,4755,,,-0.0076254974119365215,,0.0076254974119365215,
1189,4759,,,-0.007617393508553505,,0.007617393508553505,
1190,4763,,,-0.007629436440765858,,0.007629436440765858,
1191,4767,,,-0.007602959871292114,,0.007602959871292114,
1192,4771,,,-0.007638430222868919,,0.007638430222868919,
1193,4775,,,-0.007582243997603655,,0.007582243997603655,
1194,4779,,,-0.00760748190805316,,0.00760748190805316,
1195,4783,,,-0.007603958714753389,,0.007603958714753389,
1196,4787,,,-0.00762222521007061,,0.00762222521007061,
1197,4791,,,-0.007619915995746851,,0.007619915995746851,
1198,4795,,,-0.007605175953358412,,0.007605175953358412,
1199,4799,,,,-0.004674851894378662,,0.004674851894378662
1199,4799,,,-0.007620577700436115,,0.007620577700436115,
1200,4803,,,-0.007591427769511938,,0.007591427769511938,
1201,4807,,,-0.007619105279445648,,0.007619105279445648,
1202,4811,,,-0.007624050602316856,,0.007624050602316856,
1203,4815,,,-0.007612388581037521,,0.007612388581037521,
1204,4819,,,-0.007618608418852091,,0.007618608418852091,
1205,4823,,,-0.007599057164043188,,0.007599057164043188,
1206,4827,,,-0.007631019223481417,,0.007631019223481417,
1207,4831,,,-0.00762813538312912,,0.00762813538312912,
1208,4835,,,-0.007606584578752518,,0.007606584578752518,
1209,4839,,,-0.007627766113728285,,0.007627766113728285,
1210,4843,,,-0.007621873635798693,,0.007621873635798693,
1211,4847,,,-0.0076198820024728775,,0.0076198820024728775,
1212,4849,,,,-0.007821142673492432,,0.007821142673492432
1212,4851,,,-0.007605102378875017,,0.007605102378875017,
1213,4855,,,-0.007617476861923933,,0.007617476861923933,
1214,4859,,,-0.007638539187610149,,0.007638539187610149,
1215,4863,,,-0.007621294818818569,,0.007621294818818569,
1216,4867,,,-0.007627252954989672,,0.007627252954989672,
1217,4871,,,-0.007620670832693577,,0.007620670832693577,
1218,4875,,,-0.007630838081240654,,0.007630838081240654,
1219,4879,,,-0.00762917147949338,,0.00762917147949338,
1220,4883,,,-0.007606048136949539,,0.007606048136949539,
1221,4887,,,-0.007613009307533503,,0.007613009307533503,
1222,4891,,,-0.0076291682198643684,,0.0076291682198643684,
1223,4895,,,-0.007602097000926733,,0.007602097000926733,
1224,4899,,,,-0.004959583282470703,,0.004959583282470703
1224,4899,,,-0.007629574742168188,,0.007629574742168188,
1225,4903,,,-0.007630190812051296,,0.007630190812051296,
1226,4907,,,-0.007621748372912407,,0.007621748372912407,
1227,4911,,,-0.007609835360199213,,0.007609835360199213,
1228,4915,,,-0.007618080358952284,,0.007618080358952284,
1229,4919,,,-0.007612871006131172,,0.007612871006131172,
1230,4923,,,-0.007597639691084623,,0.007597639691084623,
1231,4927,,,-0.00763233145698905,,0.00763233145698905,
1232,4931,,,-0.007633436471223831,,0.007633436471223831,
1233,4935,,,-0.007626708131283522,,0.007626708131283522,
1234,4939,,,-0.007611110806465149,,0.007611110806465149,
1235,4943,,,-0.007606220431625843,,0.007606220431625843,
1236,4947,,,-0.007560046389698982,,0.007560046389698982,
1237,4949,,,,-0.004554331302642822,,0.004554331302642822
1237,4951,,,-0.0076264431700110435,,0.0076264431700110435,
1238,4955,,,-0.00763008464127779,,0.00763008464127779,
1239,4959,,,-0.007631052751094103,,0.007631052751094103,
1240,4963,,,-0.0075934636406600475,,0.0075934636406600475,
1241,4967,,,-0.00763823464512825,,0.00763823464512825,
1242,4971,,,-0.0076249041594564915,,0.0076249041594564915,
1243,4975,,,-0.0076287053525447845,,0.0076287053525447845,
1244,4979,,,-0.007633635774254799,,0.007633635774254799,
1245,4983,,,-0.007626066450029612,,0.007626066450029612,
1246,4987,,,-0.007622246164828539,,0.007622246164828539,
1247,4991,,,-0.0076325805857777596,,0.0076325805857777596,
1248,4995,,,-0.007620339281857014,,0.007620339281857014,
1249,4999,,,,-0.008331537246704102,,0.008331537246704102
1249,4999,,,-0.007610708940774202,,0.007610708940774202,
1250,5003,,,-0.007632595952600241,,0.007632595952600241,
1251,5007,,,-0.007602271158248186,,0.007602271158248186,
1252,5011,,,-0.007599057164043188,,0.007599057164043188,
1253,5015,,,-0.007612144108861685,,0.007612144108861685,
1254,5019,,,-0.007636174559593201,,0.007636174559593201,
1255,5023,,,-0.0076311808079481125,,0.0076311808079481125,
1256,5027,,,-0.0076013291254639626,,0.0076013291254639626,
1257,5031,,,-0.00762114766985178,,0.00762114766985178,
1258,5035,,,-0.0076264445669949055,,0.0076264445669949055,
1259,5039,,,-0.007628441788256168,,0.007628441788256168,
1260,5043,,,-0.007626176346093416,,0.007626176346093416,
1261,5047,,,-0.007627870421856642,,0.007627870421856642,
1262,5049,,,,-0.005050003528594971,,0.005050003528594971
1262,5051,,,-0.007626242469996214,,0.007626242469996214,
1263,5055,,,-0.007626042701303959,,0.007626042701303959,
1264,5059,,,-0.007609100546687841,,0.007609100546687841,
1265,5063,,,-0.0076257917098701,,0.0076257917098701,
1266,5067,,,-0.007624865975230932,,0.007624865975230932,
1267,5071,,,-0.007632204797118902,,0.007632204797118902,
1268,5075,,,-0.007613120600581169,,0.007613120600581169,
1269,5079,,,-0.007565354462713003,,0.007565354462713003,
1270,5083,,,-0.007627533283084631,,0.007627533283084631,
1271,5087,,,-0.007628641091287136,,0.007628641091287136,
1272,5091,,,-0.007620748598128557,,0.007620748598128557,
1273,5095,,,-0.007635717745870352,,0.007635717745870352,
1274,5099,,,,-0.010406792163848877,,0.010406792163848877
1274,5099,,,-0.007628657389432192,,0.007628657389432192,
1275,5103,,,-0.007621713448315859,,0.007621713448315859,
1276,5107,,,-0.007599466014653444,,0.007599466014653444,
1277,5111,,,-0.007591883651912212,,0.007591883651912212,
1278,5115,,,-0.007617566734552383,,0.007617566734552383,
1279,5119,,,-0.007635835092514753,,0.007635835092514753,
1280,5123,,,-0.007639099378138781,,0.007639099378138781,
1281,5127,,,-0.0076341936364769936,,0.0076341936364769936,
1282,5131,,,-0.007616691291332245,,0.007616691291332245,
1283,5135,,,-0.007629001047462225,,0.007629001047462225,
1284,5139,,,-0.007614128291606903,,0.007614128291606903,
1285,5143,,,-0.007574477232992649,,0.007574477232992649,
1286,5147,,,-0.007612643763422966,,0.007612643763422966,
1287,5149,,,,-0.010153651237487793,,0.010153651237487793
1287,5151,,,-0.0076435040682554245,,0.0076435040682554245,
1288,5155,,,-0.007630192209035158,,0.007630192209035158,
1289,5159,,,-0.007620748598128557,,0.007620748598128557,
1290,5163,,,-0.007635768037289381,,0.007635768037289381,
1291,5167,,,-0.007614159025251865,,0.007614159025251865,
1292,5171,,,-0.007638098672032356,,0.007638098672032356,
1293,5175,,,-0.007634448353201151,,0.007634448353201151,
1294,5179,,,-0.007624721620231867,,0.007624721620231867,
1295,5183,,,-0.007630147971212864,,0.007630147971212864,
1296,5187,,,-0.007633221335709095,,0.007633221335709095,
1297,5191,,,-0.007611425127834082,,0.007611425127834082,
1298,5195,,,-0.0076226345263421535,,0.0076226345263421535,
1299,5199,,,,-0.00856095552444458,,0.00856095552444458
1299,5199,,,-0.007634826470166445,,0.007634826470166445,
1300,5203,,,-0.0076021431013941765,,0.0076021431013941765,
1301,5207,,,-0.007619254756718874,,0.007619254756718874,
1302,5211,,,-0.007613889407366514,,0.007613889407366514,
1303,5215,,,-0.007625937927514315,,0.007625937927514315,
1304,5219,,,-0.007630645763128996,,0.007630645763128996,
1305,5223,,,-0.007635234389454126,,0.007635234389454126,
1306,5227,,,-0.00759825948625803,,0.00759825948625803,
1307,5231,,,-0.007637813687324524,,0.007637813687324524,
1308,5235,,,-0.007602222263813019,,0.007602222263813019,
1309,5239,,,-0.0076378751546144485,,0.0076378751546144485,
1310,5243,,,-0.007645864970982075,,0.007645864970982075,
1311,5247,,,-0.007639698218554258,,0.007639698218554258,
1312,5249,,,,-0.007351219654083252,,0.007351219654083252
1312,5251,,,-0.007638324983417988,,0.007638324983417988,
1313,5255,,,-0.007648121099919081,,0.007648121099919081,
1314,5259,,,-0.007641329895704985,,0.007641329895704985,
1315,5263,,,-0.007638030219823122,,0.007638030219823122,
1316,5267,,,-0.007643823511898518,,0.007643823511898518,
1317,5271,,,-0.00762060796841979,,0.00762060796841979,
1318,5275,,,-0.0076305679976940155,,0.0076305679976940155,
1319,5279,,,-0.007632856722921133,,0.007632856722921133,
1320,5283,,,-0.007643461227416992,,0.007643461227416992,
1321,5287,,,-0.007635732647031546,,0.007635732647031546,
1322,5291,,,-0.007636187598109245,,0.007636187598109245,
1323,5295,,,-0.007636484690010548,,0.007636484690010548,
1324,5299,,,,-0.009296536445617676,,0.009296536445617676
1324,5299,,,-0.0076365722343325615,,0.0076365722343325615,
1325,5303,,,-0.007631329353898764,,0.007631329353898764,
1326,5307,,,-0.007559251971542835,,0.007559251971542835,
1327,5311,,,-0.007594543509185314,,0.007594543509185314,
1328,5315,,,-0.007631604094058275,,0.007631604094058275,
1329,5319,,,-0.007634516805410385,,0.007634516805410385,
1330,5323,,,-0.007623216602951288,,0.007623216602951288,
1331,5327,,,-0.007620056625455618,,0.007620056625455618,
1332,5331,,,-0.007640134077519178,,0.007640134077519178,
1333,5335,,,-0.007617551367729902,,0.007617551367729902,
1334,5339,,,-0.007630881387740374,,0.007630881387740374,
1335,5343,,,-0.007648853585124016,,0.007648853585124016,
1336,5347,,,-0.007629260420799255,,0.007629260420799255,
1337,5349,,,,-0.009218096733093262,,0.009218096733093262
1337,5351,,,-0.007629614323377609,,0.007629614323377609,
1338,5355,,,-0.007615803740918636,,0.007615803740918636,
1339,5359,,,-0.007635421119630337,,0.007635421119630337,
1340,5363,,,-0.0076270271092653275,,0.0076270271092653275,
1341,5367,,,-0.007610561791807413,,0.007610561791807413,
1342,5371,,,-0.007624640595167875,,0.007624640595167875,
1343,5375,,,-0.007624106481671333,,0.007624106481671333,
1344,5379,,,-0.007619400974363089,,0.007619400974363089,
1345,5383,,,-0.0076430258341133595,,0.0076430258341133595,
1346,5387,,,-0.007646692451089621,,0.007646692451089621,
1347,5391,,,-0.007625833619385958,,0.007625833619385958,
1348,5395,,,-0.007627177517861128,,0.007627177517861128,
1349,5399,,,,-0.0009267330169677734,,0.0009267330169677734
1349,5399,,,-0.007596486248075962,,0.007596486248075962,
1350,5403,,,-0.007646903395652771,,0.007646903395652771,
1351,5407,,,-0.007623637560755014,,0.007623637560755014,
1352,5411,,,-0.007649041712284088,,0.007649041712284088,
1353,5415,,,-0.0076436675153672695,,0.0076436675153672695,
1354,5419,,,-0.007631523534655571,,0.007631523534655571,
1355,5423,,,-0.007614250294864178,,0.007614250294864178,
1356,5427,,,-0.007598600350320339,,0.007598600350320339,
1357,5431,,,-0.00763444509357214,,0.00763444509357214,
1358,5435,,,-0.007632975000888109,,0.007632975000888109,
1359,5439,,,-0.007638489827513695,,0.007638489827513695,
1360,5443,,,-0.0076111298985779285,,0.0076111298985779285,
1361,5447,,,-0.0076485672034323215,,0.0076485672034323215,
1362,5449,,,,-0.01047438383102417,,0.01047438383102417
1362,5451,,,-0.007642608601599932,,0.007642608601599932,
1363,5455,,,-0.007626996375620365,,0.007626996375620365,
1364,5459,,,-0.007633693981915712,,0.007633693981915712,
1365,5463,,,-0.0076337880454957485,,0.0076337880454957485,
1366,5467,,,-0.007640451658517122,,0.007640451658517122,
1367,5471,,,-0.00764986639842391,,0.00764986639842391,
1368,5475,,,-0.007653698790818453,,0.007653698790818453,
1369,5479,,,-0.0076540447771549225,,0.0076540447771549225,
1370,5483,,,-0.007619919255375862,,0.007619919255375862,
1371,5487,,,-0.007647802121937275,,0.007647802121937275,
1372,5491,,,-0.007636925205588341,,0.007636925205588341,
1373,5495,,,-0.007646299432963133,,0.007646299432963133,
1374,5499,,,,-0.009736776351928711,,0.009736776351928711
1374,5499,,,-0.007636359427124262,,0.007636359427124262,
1375,5503,,,-0.007641371805220842,,0.007641371805220842,
1376,5507,,,-0.007630866952240467,,0.007630866952240467,
1377,5511,,,-0.007631400600075722,,0.007631400600075722,
1378,5515,,,-0.00764498533681035,,0.00764498533681035,
1379,5519,,,-0.0076344674453139305,,0.0076344674453139305,
1380,5523,,,-0.007615863811224699,,0.007615863811224699,
1381,5527,,,-0.00762941874563694,,0.00762941874563694,
1382,5531,,,-0.00764355668798089,,0.00764355668798089,
1383,5535,,,-0.007636416237801313,,0.007636416237801313,
1384,5539,,,-0.007647312246263027,,0.007647312246263027,
1385,5543,,,-0.007631770800799131,,0.007631770800799131,
1386,5547,,,-0.007635680492967367,,0.007635680492967367,
1387,5549,,,,-0.00801163911819458,,0.00801163911819458
1387,5551,,,-0.007641622796654701,,0.007641622796654701,
1388,5555,,,-0.007617400027811527,,0.007617400027811527,
1389,5559,,,-0.0076413932256400585,,0.0076413932256400585,
1390,5563,,,-0.0076415264047682285,,0.0076415264047682285,
1391,5567,,,-0.007654031738638878,,0.007654031738638878,
1392,5571,,,-0.007638425566256046,,0.007638425566256046,
1393,5575,,,-0.007641501259058714,,0.007641501259058714,
1394,5579,,,-0.007630527019500732,,0.007630527019500732,
1395,5583,,,-0.0076361591927707195,,0.0076361591927707195,
1396,5587,,,-0.007653986569494009,,0.007653986569494009,
1397,5591,,,-0.007643646094948053,,0.007643646094948053,
1398,5595,,,-0.007663746364414692,,0.007663746364414692,
1399,5599,,,,-0.010501265525817871,,0.010501265525817871
1399,5599,,,-0.007644409313797951,,0.007644409313797951,
1400,5603,,,-0.007627975195646286,,0.007627975195646286,
1401,5607,,,-0.007629803381860256,,0.007629803381860256,
1402,5611,,,-0.007627740036696196,,0.007627740036696196,
1403,5615,,,-0.007649867795407772,,0.007649867795407772,
1404,5619,,,-0.007661365903913975,,0.007661365903913975,
1405,5623,,,-0.007636089809238911,,0.007636089809238911,
1406,5627,,,-0.007642359472811222,,0.007642359472811222,
1407,5631,,,-0.0076358020305633545,,0.0076358020305633545,
1408,5635,,,-0.007648547179996967,,0.007648547179996967,
1409,5639,,,-0.007641862612217665,,0.007641862612217665,
1410,5643,,,-0.007652322296053171,,0.007652322296053171,
1411,5647,,,-0.0076371412724256516,,0.0076371412724256516,
1412,5649,,,,-0.013171374797821045,,0.013171374797821045
1412,5651,,,-0.007645107340067625,,0.007645107340067625,
1413,5655,,,-0.007610032334923744,,0.007610032334923744,
1414,5659,,,-0.007632782682776451,,0.007632782682776451,
1415,5663,,,-0.007647368125617504,,0.007647368125617504,
1416,5667,,,-0.007644013036042452,,0.007644013036042452,
1417,5671,,,-0.007626095321029425,,0.007626095321029425,
1418,5675,,,-0.007638107053935528,,0.007638107053935528,
1419,5679,,,-0.007651320192962885,,0.007651320192962885,
1420,5683,,,-0.007646178361028433,,0.007646178361028433,
1421,5687,,,-0.007648490834981203,,0.007648490834981203,
1422,5691,,,-0.007652992382645607,,0.007652992382645607,
1423,5695,,,-0.0076207369565963745,,0.0076207369565963745,
1424,5699,,,,-0.01069653034210205,,0.01069653034210205
1424,5699,,,-0.007620702963322401,,0.007620702963322401,
1425,5703,,,-0.00762006314471364,,0.00762006314471364,
1426,5707,,,-0.007643117103725672,,0.007643117103725672,
1427,5711,,,-0.007639321498572826,,0.007639321498572826,
1428,5715,,,-0.007648278959095478,,0.007648278959095478,
1429,5719,,,-0.0076518189162015915,,0.0076518189162015915,
1430,5723,,,-0.007591415662318468,,0.007591415662318468,
1431,5727,,,-0.007674854248762131,,0.007674854248762131,
1432,5731,,,-0.007640458643436432,,0.007640458643436432,
1433,5735,,,-0.007617624010890722,,0.007617624010890722,
1434,5739,,,-0.007621347438544035,,0.007621347438544035,
1435,5743,,,-0.007636453490704298,,0.007636453490704298,
1436,5747,,,-0.007646780461072922,,0.007646780461072922,
1437,5749,,,,-0.0023908615112304688,,0.0023908615112304688
1437,5751,,,-0.007621278520673513,,0.007621278520673513,
1438,5755,,,-0.007635621819645166,,0.007635621819645166,
1439,5759,,,-0.007625326048582792,,0.007625326048582792,
1440,5763,,,-0.00765902129933238,,0.00765902129933238,
1441,5767,,,-0.007647953927516937,,0.007647953927516937,
1442,5771,,,-0.0076437536627054214,,0.0076437536627054214,
1443,5775,,,-0.007610783912241459,,0.007610783912241459,
1444,5779,,,-0.007648398634046316,,0.007648398634046316,
1445,5783,,,-0.007647314108908176,,0.007647314108908176,
1446,5787,,,-0.007621904835104942,,0.007621904835104942,
1447,5791,,,-0.007652792613953352,,0.007652792613953352,
1448,5795,,,-0.007651599124073982,,0.007651599124073982,
1449,5799,,,,-0.010515868663787842,,0.010515868663787842
1449,5799,,,-0.007647427264600992,,0.007647427264600992,
1450,5803,,,-0.007646358571946621,,0.007646358571946621,
1451,5807,,,-0.0076116835698485374,,0.0076116835698485374,
1452,5811,,,-0.007643208373337984,,0.007643208373337984,
1453,5815,,,-0.007630373351275921,,0.007630373351275921,
1454,5819,,,-0.007629236206412315,,0.007629236206412315,
1455,5823,,,-0.00765320984646678,,0.00765320984646678,
1456,5827,,,-0.007635173853486776,,0.007635173853486776,
1457,5831,,,-0.007632974069565535,,0.007632974069565535,
1458,5835,,,-0.0076387859880924225,,0.0076387859880924225,
1459,5839,,,-0.007626724895089865,,0.007626724895089865,
1460,5843,,,-0.00765795074403286,,0.00765795074403286,
1461,5847,,,-0.007644375320523977,,0.007644375320523977,
1462,5849,,,,-0.008039116859436035,,0.008039116859436035
1462,5851,,,-0.00763524929061532,,0.00763524929061532,
1463,5855,,,-0.007649822626262903,,0.007649822626262903,
1464,5859,,,-0.007656657602638006,,0.007656657602638006,
1465,5863,,,-0.007652620319277048,,0.007652620319277048,
1466,5867,,,-0.007611224427819252,,0.007611224427819252,
1467,5871,,,-0.007612972054630518,,0.007612972054630518,
1468,5875,,,-0.007653302047401667,,0.007653302047401667,
1469,5879,,,-0.007629417348653078,,0.007629417348653078,
1470,5883,,,-0.007654423825442791,,0.007654423825442791,
1471,5887,,,-0.007655200082808733,,0.007655200082808733,
1472,5891,,,-0.007637305185198784,,0.007637305185198784,
1473,5895,,,-0.007651760708540678,,0.007651760708540678,
1474,5899,,,,-0.0037553906440734863,,0.0037553906440734863
1474,5899,,,-0.007637237198650837,,0.007637237198650837,
1475,5903,,,-0.007652844302356243,,0.007652844302356243,
1476,5907,,,-0.007649676874279976,,0.007649676874279976,
1477,5911,,,-0.007619520649313927,,0.007619520649313927,
1478,5915,,,-0.007633348926901817,,0.007633348926901817,
1479,5919,,,-0.0076405662111938,,0.0076405662111938,
1480,5923,,,-0.007658231072127819,,0.007658231072127819,
1481,5927,,,-0.007657670881599188,,0.007657670881599188,
1482,5931,,,-0.0076468707993626595,,0.0076468707993626595,
1483,5935,,,-0.007651101797819138,,0.007651101797819138,
1484,5939,,,-0.007629606407135725,,0.007629606407135725,
1485,5943,,,-0.0076581742614507675,,0.0076581742614507675,
1486,5947,,,-0.007664339616894722,,0.007664339616894722,
1487,5949,,,,-0.005483448505401611,,0.005483448505401611
1487,5951,,,-0.007649139501154423,,0.007649139501154423,
1488,5955,,,-0.00765122240409255,,0.00765122240409255,
1489,5959,,,-0.007637088652700186,,0.007637088652700186,
1490,5963,,,-0.007625513710081577,,0.007625513710081577,
1491,5967,,,-0.007641076110303402,,0.007641076110303402,
1492,5971,,,-0.00764714740216732,,0.00764714740216732,
1493,5975,,,-0.007651694118976593,,0.007651694118976593,
1494,5979,,,-0.007648766972124577,,0.007648766972124577,
1495,5983,,,-0.007647586055099964,,0.007647586055099964,
1496,5987,,,-0.00765927042812109,,0.00765927042812109,
1497,5991,,,-0.00764636043459177,,0.00764636043459177,
1498,5995,,,-0.007646647747606039,,0.007646647747606039,
1499,5999,,,,-0.008863270282745361,,0.008863270282745361
1499,5999,,,-0.007648083381354809,,0.007648083381354809,
1500,6003,,,-0.007661237381398678,,0.007661237381398678,
1501,6007,,,-0.007656616158783436,,0.007656616158783436,
1502,6011,,,-0.007655271328985691,,0.007655271328985691,
1503,6015,,,-0.007654525339603424,,0.007654525339603424,
1504,6019,,,-0.007612768094986677,,0.007612768094986677,
1505,6023,,,-0.007657679729163647,,0.007657679729163647,
1506,6027,,,-0.007651034742593765,,0.007651034742593765,
1507,6031,,,-0.007637630682438612,,0.007637630682438612,
1508,6035,,,-0.007655556779354811,,0.007655556779354811,
1509,6039,,,-0.007631663233041763,,0.007631663233041763,
1510,6043,,,-0.007630849257111549,,0.007630849257111549,
1511,6047,,,-0.007641475647687912,,0.007641475647687912,
1512,6049,,,,-0.010000288486480713,,0.010000288486480713
1512,6051,,,-0.0076700737699866295,,0.0076700737699866295,
1513,6055,,,-0.007657463196665049,,0.007657463196665049,
1514,6059,,,-0.007654206827282906,,0.007654206827282906,
1515,6063,,,-0.00758818443864584,,0.00758818443864584,
1516,6067,,,-0.007658669725060463,,0.007658669725060463,
1517,6071,,,-0.0076619163155555725,,0.0076619163155555725,
1518,6075,,,-0.0076555670239031315,,0.0076555670239031315,
1519,6079,,,-0.007638464216142893,,0.007638464216142893,
1520,6083,,,-0.007646235637366772,,0.007646235637366772,
1521,6087,,,-0.007657374255359173,,0.007657374255359173,
1522,6091,,,-0.007639496121555567,,0.007639496121555567,
1523,6095,,,-0.007662367541342974,,0.007662367541342974,
1524,6099,,,,-0.007209897041320801,,0.007209897041320801
1524,6099,,,-0.0076376898214221,,0.0076376898214221,
1525,6103,,,-0.0076487259939312935,,0.0076487259939312935,
1526,6107,,,-0.0076372865587472916,,0.0076372865587472916,
1527,6111,,,-0.007660152856260538,,0.007660152856260538,
1528,6115,,,-0.0076177348382771015,,0.0076177348382771015,
1529,6119,,,-0.007655085530132055,,0.007655085530132055,
1530,6123,,,-0.007560770493000746,,0.007560770493000746,
1531,6127,,,-0.007649576757103205,,0.007649576757103205,
1532,6131,,,-0.007659919559955597,,0.007659919559955597,
1533,6135,,,-0.00764458766207099,,0.00764458766207099,
1534,6139,,,-0.007643950171768665,,0.007643950171768665,
1535,6143,,,-0.007659772410988808,,0.007659772410988808,
1536,6147,,,-0.007662143558263779,,0.007662143558263779,
1537,6149,,,,-0.005661487579345703,,0.005661487579345703
1537,6151,,,-0.007655151188373566,,0.007655151188373566,
1538,6155,,,-0.007653271779417992,,0.007653271779417992,
1539,6159,,,-0.007657358888536692,,0.007657358888536692,
1540,6163,,,-0.007658852729946375,,0.007658852729946375,
1541,6167,,,-0.0076467255130410194,,0.0076467255130410194,
1542,6171,,,-0.007666049525141716,,0.007666049525141716,
1543,6175,,,-0.00766479829326272,,0.00766479829326272,
1544,6179,,,-0.007660084869712591,,0.007660084869712591,
1545,6183,,,-0.007651353254914284,,0.007651353254914284,
1546,6187,,,-0.007661027368158102,,0.007661027368158102,
1547,6191,,,-0.007657960522919893,,0.007657960522919893,
1548,6195,,,-0.007655340246856213,,0.007655340246856213,
1549,6199,,,,-0.005280852317810059,,0.005280852317810059
1549,6199,,,-0.007653593551367521,,0.007653593551367521,
1550,6203,,,-0.007661478593945503,,0.007661478593945503,
1551,6207,,,-0.007639463059604168,,0.007639463059604168,
1552,6211,,,-0.007650321815162897,,0.007650321815162897,
1553,6215,,,-0.007654400076717138,,0.007654400076717138,
1554,6219,,,-0.007652922999113798,,0.007652922999113798,
1555,6223,,,-0.007621872704476118,,0.007621872704476118,
1556,6227,,,-0.007648759987205267,,0.007648759987205267,
1557,6231,,,-0.007658298127353191,,0.007658298127353191,
1558,6235,,,-0.0076307570561766624,,0.0076307570561766624,
1559,6239,,,-0.007660665549337864,,0.007660665549337864,
1560,6243,,,-0.0076387859880924225,,0.0076387859880924225,
1561,6247,,,-0.007650887593626976,,0.007650887593626976,
1562,6249,,,,-0.008405506610870361,,0.008405506610870361
1562,6251,,,-0.007630193140357733,,0.007630193140357733,
1563,6255,,,-0.007629488129168749,,0.007629488129168749,
1564,6259,,,-0.0076469662599265575,,0.0076469662599265575,
1565,6263,,,-0.0076638078317046165,,0.0076638078317046165,
1566,6267,,,-0.0076665435917675495,,0.0076665435917675495,
1567,6271,,,-0.007652378175407648,,0.007652378175407648,
1568,6275,,,-0.007640429772436619,,0.007640429772436619,
1569,6279,,,-0.007579894736409187,,0.007579894736409187,
1570,6283,,,-0.007667937316000462,,0.007667937316000462,
1571,6287,,,-0.007644170895218849,,0.007644170895218849,
1572,6291,,,-0.007642427459359169,,0.007642427459359169,
1573,6295,,,-0.007636459078639746,,0.007636459078639746,
1574,6299,,,,-0.006534993648529053,,0.006534993648529053
1574,6299,,,-0.007658500224351883,,0.007658500224351883,
1575,6303,,,-0.007639779709279537,,0.007639779709279537,
1576,6307,,,-0.007664668373763561,,0.007664668373763561,
1577,6311,,,-0.007654388900846243,,0.007654388900846243,
1578,6315,,,-0.00765766529366374,,0.00765766529366374,
1579,6319,,,-0.0076614986173808575,,0.0076614986173808575,
1580,6323,,,-0.007645238656550646,,0.007645238656550646,
1581,6327,,,-0.0076427161693573,,0.0076427161693573,
1582,6331,,,-0.007652054075151682,,0.007652054075151682,
1583,6335,,,-0.007651362102478743,,0.007651362102478743,
1584,6339,,,-0.0076551479287445545,,0.0076551479287445545,
1585,6343,,,-0.0076236240565776825,,0.0076236240565776825,
1586,6347,,,-0.007631401997059584,,0.007631401997059584,
1587,6349,,,,-0.00987255573272705,,0.00987255573272705
1587,6351,,,-0.007674973923712969,,0.007674973923712969,
1588,6355,,,-0.007669622544199228,,0.007669622544199228,
1589,6359,,,-0.007648836355656385,,0.007648836355656385,
1590,6363,,,-0.007644081022590399,,0.007644081022590399,
1591,6367,,,-0.0076209018006920815,,0.0076209018006920815,
1592,6371,,,-0.0076476517133414745,,0.0076476517133414745,
1593,6375,,,-0.00765880336984992,,0.00765880336984992,
1594,6379,,,-0.0076464321464300156,,0.0076464321464300156,
1595,6383,,,-0.007650465704500675,,0.007650465704500675,
1596,6387,,,-0.007665141019970179,,0.007665141019970179,
1597,6391,,,-0.007668365258723497,,0.007668365258723497,
1598,6395,,,-0.007639928720891476,,0.007639928720891476,
1599,6399,,,,-0.011363089084625244,,0.011363089084625244
1599,6399,,,-0.007646085228770971,,0.007646085228770971,
1600,6403,,,-0.007600807584822178,,0.007600807584822178,
1601,6407,,,-0.007650868501514196,,0.007650868501514196,
1602,6411,,,-0.007649342529475689,,0.007649342529475689,
1603,6415,,,-0.007663211785256863,,0.007663211785256863,
1604,6419,,,-0.007638849783688784,,0.007638849783688784,
1605,6423,,,-0.007643563207238913,,0.007643563207238913,
1606,6427,,,-0.007660211063921452,,0.007660211063921452,
1607,6431,,,-0.007639232091605663,,0.007639232091605663,
1608,6435,,,-0.007657441310584545,,0.007657441310584545,
1609,6439,,,-0.0076502785086631775,,0.0076502785086631775,
1610,6443,,,-0.007661888841539621,,0.007661888841539621,
1611,6447,,,-0.0076600294560194016,,0.0076600294560194016,
1612,6449,,,,-0.007485747337341309,,0.007485747337341309
1612,6451,,,-0.0076691508293151855,,0.0076691508293151855,
1613,6455,,,-0.007644596043974161,,0.007644596043974161,
1614,6459,,,-0.007667387370020151,,0.007667387370020151,
1615,6463,,,-0.007629333063960075,,0.007629333063960075,
1616,6467,,,-0.007665274664759636,,0.007665274664759636,
1617,6471,,,-0.007661640178412199,,0.007661640178412199,
1618,6475,,,-0.007657673209905624,,0.007657673209905624,
1619,6479,,,-0.007657262962311506,,0.007657262962311506,
1620,6483,,,-0.007670643273741007,,0.007670643273741007,
1621,6487,,,-0.007661392912268639,,0.007661392912268639,
1622,6491,,,-0.007663566619157791,,0.007663566619157791,
1623,6495,,,-0.0076499623246490955,,0.0076499623246490955,
1624,6499,,,,-0.004148602485656738,,0.004148602485656738
1624,6499,,,-0.007625829428434372,,0.007625829428434372,
1625,6503,,,-0.007622236385941505,,0.007622236385941505,
1626,6507,,,-0.007652463857084513,,0.007652463857084513,
1627,6511,,,-0.007674299646168947,,0.007674299646168947,
1628,6515,,,-0.007662165444344282,,0.007662165444344282,
1629,6519,,,-0.007626046892255545,,0.007626046892255545,
1630,6523,,,-0.007669536862522364,,0.007669536862522364,
1631,6527,,,-0.007666224148124456,,0.007666224148124456,
1632,6531,,,-0.007676742970943451,,0.007676742970943451,
1633,6535,,,-0.007675337605178356,,0.007675337605178356,
1634,6539,,,-0.007668524980545044,,0.007668524980545044,
1635,6543,,,-0.007664112374186516,,0.007664112374186516,
1636,6547,,,-0.007653874810785055,,0.007653874810785055,
1637,6549,,,,-0.008176326751708984,,0.008176326751708984
1637,6551,,,-0.007668124046176672,,0.007668124046176672,
1638,6555,,,-0.007634982466697693,,0.007634982466697693,
1639,6559,,,-0.0076613775454461575,,0.0076613775454461575,
1640,6563,,,-0.007670299150049686,,0.007670299150049686,
1641,6567,,,-0.007643944583833218,,0.007643944583833218,
1642,6571,,,-0.007654621731489897,,0.007654621731489897,
1643,6575,,,-0.007667982019484043,,0.007667982019484043,
1644,6579,,,-0.007661172188818455,,0.007661172188818455,
1645,6583,,,-0.007671978324651718,,0.007671978324651718,
1646,6587,,,-0.0076582967303693295,,0.0076582967303693295,
1647,6591,,,-0.0076568820513784885,,0.0076568820513784885,
1648,6595,,,-0.007679430767893791,,0.007679430767893791,
1649,6599,,,,-0.010363221168518066,,0.010363221168518066
1649,6599,,,-0.007662069983780384,,0.007662069983780384,
1650,6603,,,-0.007622403558343649,,0.007622403558343649,
1651,6607,,,-0.007666075602173805,,0.007666075602173805,
1652,6611,,,-0.007667417172342539,,0.007667417172342539,
1653,6615,,,-0.0076456451788544655,,0.0076456451788544655,
1654,6619,,,-0.007646596059203148,,0.007646596059203148,
1655,6623,,,-0.007660196628421545,,0.007660196628421545,
1656,6627,,,-0.007655458990484476,,0.007655458990484476,
1657,6631,,,-0.007672401145100594,,0.007672401145100594,
1658,6635,,,-0.007675290573388338,,0.007675290573388338,
1659,6639,,,-0.007666232064366341,,0.007666232064366341,
1660,6643,,,-0.007662799209356308,,0.007662799209356308,
1661,6647,,,-0.007675142027437687,,0.007675142027437687,
1662,6649,,,,-0.00850456953048706,,0.00850456953048706
1662,6651,,,-0.0076709771528840065,,0.0076709771528840065,
1663,6655,,,-0.0076677692122757435,,0.0076677692122757435,
1664,6659,,,-0.007628343068063259,,0.007628343068063259,
1665,6663,,,-0.007651808205991983,,0.007651808205991983,
1666,6667,,,-0.007635434158146381,,0.007635434158146381,
1667,6671,,,-0.007660463452339172,,0.007660463452339172,
1668,6675,,,-0.007666196674108505,,0.007666196674108505,
1669,6679,,,-0.007665227632969618,,0.007665227632969618,
1670,6683,,,-0.007652298081666231,,0.007652298081666231,
1671,6687,,,-0.0076723648235201836,,0.0076723648235201836,
1672,6691,,,-0.007658116519451141,,0.007658116519451141,
1673,6695,,,-0.00767045421525836,,0.00767045421525836,
1674,6699,,,,-0.004992008209228516,,0.004992008209228516
1674,6699,,,-0.0076680611819028854,,0.0076680611819028854,
1675,6703,,,-0.00764830969274044,,0.00764830969274044,
1676,6707,,,-0.007646314334124327,,0.007646314334124327,
1677,6711,,,-0.007672032807022333,,0.007672032807022333,
1678,6715,,,-0.007685754913836718,,0.007685754913836718,
1679,6719,,,-0.007661719340831041,,0.007661719340831041,
1680,6723,,,-0.007625846657902002,,0.007625846657902002,
1681,6727,,,-0.007648860570043325,,0.007648860570043325,
1682,6731,,,-0.007654902059584856,,0.007654902059584856,
1683,6735,,,-0.007667084224522114,,0.007667084224522114,
1684,6739,,,-0.0076254005543887615,,0.0076254005543887615,
1685,6743,,,-0.007663577329367399,,0.007663577329367399,
1686,6747,,,-0.0076696136966347694,,0.0076696136966347694,
1687,6749,,,,-0.007863342761993408,,0.007863342761993408
1687,6751,,,-0.007672576699405909,,0.007672576699405909,
1688,6755,,,-0.0076508172787725925,,0.0076508172787725925,
1689,6759,,,-0.007647653575986624,,0.007647653575986624,
1690,6763,,,-0.0076855868101119995,,0.0076855868101119995,
1691,6767,,,-0.007658350747078657,,0.007658350747078657,
1692,6771,,,-0.007658808957785368,,0.007658808957785368,
1693,6775,,,-0.007606965489685535,,0.007606965489685535,
1694,6779,,,-0.00768336933106184,,0.00768336933106184,
1695,6783,,,-0.007663919124752283,,0.007663919124752283,
1696,6787,,,-0.007664517965167761,,0.007664517965167761,
1697,6791,,,-0.007676735520362854,,0.007676735520362854,
1698,6795,,,-0.007640857249498367,,0.007640857249498367,
1699,6799,,,,-0.0039580464363098145,,0.0039580464363098145
1699,6799,,,-0.0076728868298232555,,0.0076728868298232555,
1700,6803,,,-0.0076727294363081455,,0.0076727294363081455,
1701,6807,,,-0.007671637460589409,,0.007671637460589409,
1702,6811,,,-0.007673331536352634,,0.007673331536352634,
1703,6815,,,-0.007669900543987751,,0.007669900543987751,
1704,6819,,,-0.00767859909683466,,0.00767859909683466,
1705,6823,,,-0.007679077796638012,,0.007679077796638012,
1706,6827,,,-0.007671835366636515,,0.007671835366636515,
1707,6831,,,-0.007676110137254,,0.007676110137254,
1708,6835,,,-0.00767699908465147,,0.00767699908465147,
1709,6839,,,-0.007664187345653772,,0.007664187345653772,
1710,6843,,,-0.007670842111110687,,0.007670842111110687,
1711,6847,,,-0.0076757981441915035,,0.0076757981441915035,
1712,6849,,,,-0.006398022174835205,,0.006398022174835205
1712,6851,,,-0.007634768262505531,,0.007634768262505531,
1713,6855,,,-0.00763053260743618,,0.00763053260743618,
1714,6859,,,-0.007648298516869545,,0.007648298516869545,
1715,6863,,,-0.007664513308554888,,0.007664513308554888,
1716,6867,,,-0.007656965404748917,,0.007656965404748917,
1717,6871,,,-0.007677674759179354,,0.007677674759179354,
1718,6875,,,-0.0076431757770478725,,0.0076431757770478725,
1719,6879,,,-0.007676488254219294,,0.007676488254219294,
1720,6883,,,-0.007677534129470587,,0.007677534129470587,
1721,6887,,,-0.007674275431782007,,0.007674275431782007,
1722,6891,,,-0.007665801327675581,,0.007665801327675581,
1723,6895,,,-0.007664925418794155,,0.007664925418794155,
1724,6899,,,,-0.0070993900299072266,,0.0070993900299072266
1724,6899,,,-0.007653653621673584,,0.007653653621673584,
1725,6903,,,-0.00766049325466156,,0.00766049325466156,
1726,6907,,,-0.007674012798815966,,0.007674012798815966,
1727,6911,,,-0.007653034292161465,,0.007653034292161465,
1728,6915,,,-0.007636942435055971,,0.007636942435055971,
1729,6919,,,-0.007657585199922323,,0.007657585199922323,
1730,6923,,,-0.007660240866243839,,0.007660240866243839,
1731,6927,,,-0.007651705760508776,,0.007651705760508776,
1732,6931,,,-0.007664809934794903,,0.007664809934794903,
1733,6935,,,-0.007636896334588528,,0.007636896334588528,
1734,6939,,,-0.007688669487833977,,0.007688669487833977,
1735,6943,,,-0.007683251053094864,,0.007683251053094864,
1736,6947,,,-0.007630449254065752,,0.007630449254065752,
1737,6949,,,,-0.006978332996368408,,0.006978332996368408
1737,6951,,,-0.0076685030944645405,,0.0076685030944645405,
1738,6955,,,-0.0076445466838777065,,0.0076445466838777065,
1739,6959,,,-0.007672321982681751,,0.007672321982681751,
1740,6963,,,-0.007656431291252375,,0.007656431291252375,
1741,6967,,,-0.0076685743406414986,,0.0076685743406414986,
1742,6971,,,-0.00765693886205554,,0.00765693886205554,
1743,6975,,,-0.007670821156352758,,0.007670821156352758,
1744,6979,,,-0.007676132023334503,,0.007676132023334503,
1745,6983,,,-0.007677971385419369,,0.007677971385419369,
1746,6987,,,-0.007653595879673958,,0.007653595879673958,
1747,6991,,,-0.007667353376746178,,0.007667353376746178,
1748,6995,,,-0.007655981928110123,,0.007655981928110123,
1749,6999,,,,-0.007274925708770752,,0.007274925708770752
1749,6999,,,-0.007669696118682623,,0.007669696118682623,
1750,7003,,,-0.007668040227144957,,0.007668040227144957,
1751,7007,,,-0.007664346601814032,,0.007664346601814032,
1752,7011,,,-0.0076764472760260105,,0.0076764472760260105,
1753,7015,,,-0.007676829118281603,,0.007676829118281603,
1754,7019,,,-0.007674986030906439,,0.007674986030906439,
1755,7023,,,-0.007682623341679573,,0.007682623341679573,
1756,7027,,,-0.007641097996383905,,0.007641097996383905,
1757,7031,,,-0.007622792385518551,,0.007622792385518551,
1758,7035,,,-0.0075720869936048985,,0.0075720869936048985,
1759,7039,,,-0.007688993588089943,,0.007688993588089943,
1760,7043,,,-0.00771646574139595,,0.00771646574139595,
1761,7047,,,-0.007675777655094862,,0.007675777655094862,
1762,7049,,,,-0.001416027545928955,,0.001416027545928955
1762,7051,,,-0.007639986928552389,,0.007639986928552389,
1763,7055,,,-0.007677597925066948,,0.007677597925066948,
1764,7059,,,-0.007667627185583115,,0.007667627185583115,
1765,7063,,,-0.007672978099435568,,0.007672978099435568,
1766,7067,,,-0.0076748370192945,,0.0076748370192945,
1767,7071,,,-0.007665268145501614,,0.007665268145501614,
1768,7075,,,-0.007670712657272816,,0.007670712657272816,
1769,7079,,,-0.007675499655306339,,0.007675499655306339,
1770,7083,,,-0.007672575768083334,,0.007672575768083334,
1771,7087,,,-0.007674441672861576,,0.007674441672861576,
1772,7091,,,-0.007666776888072491,,0.007666776888072491,
1773,7095,,,-0.007667709607630968,,0.007667709607630968,
1774,7099,,,,-0.009729921817779541,,0.009729921817779541
1774,7099,,,-0.007657777052372694,,0.007657777052372694,
1775,7103,,,-0.007634775713086128,,0.007634775713086128,
1776,7107,,,-0.007665259297937155,,0.007665259297937155,
1777,7111,,,-0.007686487399041653,,0.007686487399041653,
1778,7115,,,-0.0076354267075657845,,0.0076354267075657845,
1779,7119,,,-0.007665588986128569,,0.007665588986128569,
1780,7123,,,-0.007655073422938585,,0.007655073422938585,
1781,7127,,,-0.0076708015985786915,,0.0076708015985786915,
1782,7131,,,-0.007670508231967688,,0.007670508231967688,
1783,7135,,,-0.007676764857023954,,0.007676764857023954,
1784,7139,,,-0.007675382774323225,,0.007675382774323225,
1785,7143,,,-0.0076616075821220875,,0.0076616075821220875,
1786,7147,,,-0.007683880161494017,,0.007683880161494017,
1787,7149,,,,-0.008271336555480957,,0.008271336555480957
1787,7151,,,-0.007679997477680445,,0.007679997477680445,
1788,7155,,,-0.007676121313124895,,0.007676121313124895,
1789,7159,,,-0.00768679054453969,,0.00768679054453969,
1790,7163,,,-0.007659433875232935,,0.007659433875232935,
1791,7167,,,-0.007674263324588537,,0.007674263324588537,
1792,7171,,,-0.007666310761123896,,0.007666310761123896,
1793,7175,,,-0.007677498739212751,,0.007677498739212751,
1794,7179,,,-0.007681041490286589,,0.007681041490286589,
1795,7183,,,-0.007684721611440182,,0.007684721611440182,
1796,7187,,,-0.007658899296075106,,0.007658899296075106,
1797,7191,,,-0.007674248889088631,,0.007674248889088631,
1798,7195,,,-0.00766189768910408,,0.00766189768910408,
1799,7199,,,,-0.011409580707550049,,0.011409580707550049
1799,7199,,,-0.007660217583179474,,0.007660217583179474,
1800,7203,,,-0.0076801832765340805,,0.0076801832765340805,
1801,7207,,,-0.007677049841731787,,0.007677049841731787,
1802,7211,,,-0.007673757150769234,,0.007673757150769234,
1803,7215,,,-0.0076783825643360615,,0.0076783825643360615,
1804,7219,,,-0.00765098724514246,,0.00765098724514246,
1805,7223,,,-0.007674943655729294,,0.007674943655729294,
1806,7227,,,-0.0076575204730033875,,0.0076575204730033875,
1807,7231,,,-0.007629711180925369,,0.007629711180925369,
1808,7235,,,-0.007612279150635004,,0.007612279150635004,
1809,7239,,,-0.007669676560908556,,0.007669676560908556,
1810,7243,,,-0.007714567240327597,,0.007714567240327597,
1811,7247,,,-0.007683845236897469,,0.007683845236897469,
1812,7249,,,,-0.007654368877410889,,0.007654368877410889
1812,7251,,,-0.007672901265323162,,0.007672901265323162,
1813,7255,,,-0.007674649823457003,,0.007674649823457003,
1814,7259,,,-0.007669635582715273,,0.007669635582715273,
1815,7263,,,-0.007670057471841574,,0.007670057471841574,
1816,7267,,,-0.007681288290768862,,0.007681288290768862,
1817,7271,,,-0.007671703584492207,,0.007671703584492207,
1818,7275,,,-0.007677072659134865,,0.007677072659134865,
1819,7279,,,-0.007589421235024929,,0.007589421235024929,
1820,7283,,,-0.007681164424866438,,0.007681164424866438,
1821,7287,,,-0.007678588852286339,,0.007678588852286339,
1822,7291,,,-0.007683508098125458,,0.007683508098125458,
1823,7295,,,-0.007671671453863382,,0.007671671453863382,
1824,7299,,,,-0.01072990894317627,,0.01072990894317627
1824,7299,,,-0.007673434913158417,,0.007673434913158417,
1825,7303,,,-0.007692461367696524,,0.007692461367696524,
1826,7307,,,-0.007657492998987436,,0.007657492998987436,
1827,7311,,,-0.007700080517679453,,0.007700080517679453,
1828,7315,,,-0.007687023840844631,,0.007687023840844631,
1829,7319,,,-0.007674735505133867,,0.007674735505133867,
1830,7323,,,-0.007679665461182594,,0.007679665461182594,
1831,7327,,,-0.007672345265746117,,0.007672345265746117,
1832,7331,,,-0.007666113320738077,,0.007666113320738077,
1833,7335,,,-0.007652122527360916,,0.007652122527360916,
1834,7339,,,-0.007698013912886381,,0.007698013912886381,
1835,7343,,,-0.007636399008333683,,0.007636399008333683,
1836,7347,,,-0.007631882093846798,,0.007631882093846798,
1837,7349,,,,-0.00833815336227417,,0.00833815336227417
1837,7351,,,-0.00768211018294096,,0.00768211018294096,
1838,7355,,,-0.007664669305086136,,0.007664669305086136,
1839,7359,,,-0.007663658820092678,,0.007663658820092678,
1840,7363,,,-0.007689223159104586,,0.007689223159104586,
1841,7367,,,-0.0076564159244298935,,0.0076564159244298935,
1842,7371,,,-0.007690677884966135,,0.007690677884966135,
1843,7375,,,-0.007689230144023895,,0.007689230144023895,
1844,7379,,,-0.007679334841668606,,0.007679334841668606,
1845,7383,,,-0.007668584119528532,,0.007668584119528532,
1846,7387,,,-0.007688611280173063,,0.007688611280173063,
1847,7391,,,-0.00765587342903018,,0.00765587342903018,
1848,7395,,,-0.007658609189093113,,0.007658609189093113,
1849,7399,,,,-0.007306814193725586,,0.007306814193725586
1849,7399,,,-0.00769146578386426,,0.00769146578386426,
1850,7403,,,-0.007640060503035784,,0.007640060503035784,
1851,7407,,,-0.007662967778742313,,0.007662967778742313,
1852,7411,,,-0.007656768895685673,,0.007656768895685673,
1853,7415,,,-0.007673016283661127,,0.007673016283661127,
1854,7419,,,-0.007668096572160721,,0.007668096572160721,
1855,7423,,,-0.007656687404960394,,0.007656687404960394,
1856,7427,,,-0.007675238884985447,,0.007675238884985447,
1857,7431,,,-0.007651259656995535,,0.007651259656995535,
1858,7435,,,-0.00769472261890769,,0.00769472261890769,
1859,7439,,,-0.007681781891733408,,0.007681781891733408,
1860,7443,,,-0.007665024138987064,,0.007665024138987064,
1861,7447,,,-0.007585019804537296,,0.007585019804537296,
1862,7449,,,,-0.004198551177978516,,0.004198551177978516
1862,7451,,,-0.007679302245378494,,0.007679302245378494,
1863,7455,,,-0.007659436669200659,,0.007659436669200659,
1864,7459,,,-0.007670562714338303,,0.007670562714338303,
1865,7463,,,-0.007686050143092871,,0.007686050143092871,
1866,7467,,,-0.007647158112376928,,0.007647158112376928,
1867,7471,,,-0.007695153821259737,,0.007695153821259737,
1868,7475,,,-0.0076565733179450035,,0.0076565733179450035,
1869,7479,,,-0.00768472533673048,,0.00768472533673048,
1870,7483,,,-0.007678559515625238,,0.007678559515625238,
1871,7487,,,-0.0076827858574688435,,0.0076827858574688435,
1872,7491,,,-0.0076862480491399765,,0.0076862480491399765,
1873,7495,,,-0.007685172371566296,,0.007685172371566296,
1874,7499,,,,-0.007857441902160645,,0.007857441902160645
1874,7499,,,-0.007680743467062712,,0.007680743467062712,
1875,7503,,,-0.007682276424020529,,0.007682276424020529,
1876,7507,,,-0.007664663717150688,,0.007664663717150688,
1877,7511,,,-0.007687533739954233,,0.007687533739954233,
1878,7515,,,-0.007690670434385538,,0.007690670434385538,
1879,7519,,,-0.007677510846406221,,0.007677510846406221,
1880,7523,,,-0.007682258728891611,,0.007682258728891611,
1881,7527,,,-0.007687946315854788,,0.007687946315854788,
1882,7531,,,-0.00766086345538497,,0.00766086345538497,
1883,7535,,,-0.007686698343604803,,0.007686698343604803,
1884,7539,,,-0.007696535438299179,,0.007696535438299179,
1885,7543,,,-0.007688178680837154,,0.007688178680837154,
1886,7547,,,-0.007688137702643871,,0.007688137702643871,
1887,7549,,,,-0.006634235382080078,,0.006634235382080078
1887,7551,,,-0.007676315493881702,,0.007676315493881702,
1888,7555,,,-0.007690817583352327,,0.007690817583352327,
1889,7559,,,-0.007690542843192816,,0.007690542843192816,
1890,7563,,,-0.00768659170717001,,0.00768659170717001,
1891,7567,,,-0.007683430798351765,,0.007683430798351765,
1892,7571,,,-0.007681473158299923,,0.007681473158299923,
1893,7575,,,-0.007669470738619566,,0.007669470738619566,
1894,7579,,,-0.007619574200361967,,0.007619574200361967,
1895,7583,,,-0.007655415218323469,,0.007655415218323469,
1896,7587,,,-0.007680648006498814,,0.007680648006498814,
1897,7591,,,-0.007679621689021587,,0.007679621689021587,
1898,7595,,,-0.007682471536099911,,0.007682471536099911,
1899,7599,,,,-0.007865726947784424,,0.007865726947784424
1899,7599,,,-0.0076900385320186615,,0.0076900385320186615,
1900,7603,,,-0.007676145527511835,,0.007676145527511835,
1901,7607,,,-0.007635198067873716,,0.007635198067873716,
1902,7611,,,-0.007681859657168388,,0.007681859657168388,
1903,7615,,,-0.007685286924242973,,0.007685286924242973,
1904,7619,,,-0.007671830710023642,,0.007671830710023642,
1905,7623,,,-0.007665663026273251,,0.007665663026273251,
1906,7627,,,-0.007682254072278738,,0.007682254072278738,
1907,7631,,,-0.0076921978034079075,,0.0076921978034079075,
1908,7635,,,-0.007701046299189329,,0.007701046299189329,
1909,7639,,,-0.007689967285841703,,0.007689967285841703,
1910,7643,,,-0.007668436970561743,,0.007668436970561743,
1911,7647,,,-0.007692775689065456,,0.007692775689065456,
1912,7649,,,,-0.008404791355133057,,0.008404791355133057
1912,7651,,,-0.007689636200666428,,0.007689636200666428,
1913,7655,,,-0.007688934449106455,,0.007688934449106455,
1914,7659,,,-0.007672650273889303,,0.007672650273889303,
1915,7663,,,-0.0076821004040539265,,0.0076821004040539265,
1916,7667,,,-0.007677262648940086,,0.007677262648940086,
1917,7671,,,-0.0076800184324383736,,0.0076800184324383736,
1918,7675,,,-0.00766019569709897,,0.00766019569709897,
1919,7679,,,-0.007695253938436508,,0.007695253938436508,
1920,7683,,,-0.007685411721467972,,0.007685411721467972,
1921,7687,,,-0.00768930371850729,,0.00768930371850729,
1922,7691,,,-0.0076528857462108135,,0.0076528857462108135,
1923,7695,,,-0.007692962419241667,,0.007692962419241667,
1924,7699,,,,-0.012280642986297607,,0.012280642986297607
1924,7699,,,-0.007656168658286333,,0.007656168658286333,
1925,7703,,,-0.007664605509489775,,0.007664605509489775,
1926,7707,,,-0.007691381964832544,,0.007691381964832544,
1927,7711,,,-0.007678279187530279,,0.007678279187530279,
1928,7715,,,-0.007700344547629356,,0.007700344547629356,
1929,7719,,,-0.00769173726439476,,0.00769173726439476,
1930,7723,,,-0.00769510492682457,,0.00769510492682457,
1931,7727,,,-0.00768308574333787,,0.00768308574333787,
1932,7731,,,-0.007681608200073242,,0.007681608200073242,
1933,7735,,,-0.007691239472478628,,0.007691239472478628,
1934,7739,,,-0.007687701843678951,,0.007687701843678951,
1935,7743,,,-0.007696702145040035,,0.007696702145040035,
1936,7747,,,-0.007675976492464542,,0.007675976492464542,
1937,7749,,,,-0.008897602558135986,,0.008897602558135986
1937,7751,,,-0.007682046387344599,,0.007682046387344599,
1938,7755,,,-0.00769629143178463,,0.00769629143178463,
1939,7759,,,-0.007690196856856346,,0.007690196856856346,
1940,7763,,,-0.007683164905756712,,0.007683164905756712,
1941,7767,,,-0.007694785948842764,,0.007694785948842764,
1942,7771,,,-0.0076929908245801926,,0.0076929908245801926,
1943,7775,,,-0.007709562312811613,,0.007709562312811613,
1944,7779,,,-0.007677181623876095,,0.007677181623876095,
1945,7783,,,-0.00769089674577117,,0.00769089674577117,
1946,7787,,,-0.007687888108193874,,0.007687888108193874,
1947,7791,,,-0.007698432542383671,,0.007698432542383671,
1948,7795,,,-0.007690859492868185,,0.007690859492868185,
1949,7799,,,,-0.0037181973457336426,,0.0037181973457336426
1949,7799,,,-0.007695954758673906,,0.007695954758673906,
1950,7803,,,-0.0077113863080739975,,0.0077113863080739975,
1951,7807,,,-0.0076934886164963245,,0.0076934886164963245,
1952,7811,,,-0.007678591180592775,,0.007678591180592775,
1953,7815,,,-0.0076737296767532825,,0.0076737296767532825,
1954,7819,,,-0.007677401416003704,,0.007677401416003704,
1955,7823,,,-0.007691482547670603,,0.007691482547670603,
1956,7827,,,-0.007620334625244141,,0.007620334625244141,
1957,7831,,,-0.0076948506757617,,0.0076948506757617,
1958,7835,,,-0.007682295050472021,,0.007682295050472021,
1959,7839,,,-0.007688198238611221,,0.007688198238611221,
1960,7843,,,-0.007691254839301109,,0.007691254839301109,
1961,7847,,,-0.007700190879404545,,0.007700190879404545,
1962,7849,,,,-0.0077811479568481445,,0.0077811479568481445
1962,7851,,,-0.0077001359313726425,,0.0077001359313726425,
1963,7855,,,-0.007696088869124651,,0.007696088869124651,
1964,7859,,,-0.007687327917665243,,0.007687327917665243,
1965,7863,,,-0.007696992252022028,,0.007696992252022028,
1966,7867,,,-0.0076974197290837765,,0.0076974197290837765,
1967,7871,,,-0.007686051074415445,,0.007686051074415445,
1968,7875,,,-0.007706044241786003,,0.007706044241786003,
1969,7879,,,-0.0077004507184028625,,0.0077004507184028625,
1970,7883,,,-0.00767918024212122,,0.00767918024212122,
1971,7887,,,-0.007692729588598013,,0.007692729588598013,
1972,7891,,,-0.007696687709540129,,0.007696687709540129,
1973,7895,,,-0.007694969419389963,,0.007694969419389963,
1974,7899,,,,-0.00557476282119751,,0.00557476282119751
1974,7899,,,-0.0077019352465868,,0.0077019352465868,
1975,7903,,,-0.007695551961660385,,0.007695551961660385,
1976,7907,,,-0.007692896295338869,,0.007692896295338869,
1977,7911,,,-0.007685114163905382,,0.007685114163905382,
1978,7915,,,-0.007679197937250137,,0.007679197937250137,
1979,7919,,,-0.007614190690219402,,0.007614190690219402,
1980,7923,,,-0.007691733539104462,,0.007691733539104462,
1981,7927,,,-0.007670346647500992,,0.007670346647500992,
1982,7931,,,-0.007614340167492628,,0.007614340167492628,
1983,7935,,,-0.007692888379096985,,0.007692888379096985,
1984,7939,,,-0.007656787522137165,,0.007656787522137165,
1985,7943,,,-0.007697178050875664,,0.007697178050875664,
1986,7947,,,-0.00770849222317338,,0.00770849222317338,
1987,7949,,,,-0.0053296685218811035,,0.0053296685218811035
1987,7951,,,-0.007700706832110882,,0.007700706832110882,
1988,7955,,,-0.007695899344980717,,0.007695899344980717,
1989,7959,,,-0.007693188730627298,,0.007693188730627298,
1990,7963,,,-0.007712206803262234,,0.007712206803262234,
1991,7967,,,-0.007690162863582373,,0.007690162863582373,
1992,7971,,,-0.007692338433116674,,0.007692338433116674,
1993,7975,,,-0.007698806002736092,,0.007698806002736092,
1994,7979,,,-0.007675784174352884,,0.007675784174352884,
1995,7983,,,-0.007702003698796034,,0.007702003698796034,
1996,7987,,,-0.00769389932975173,,0.00769389932975173,
1997,7991,,,-0.007689251564443111,,0.007689251564443111,
1998,7995,,,-0.007669803686439991,,0.007669803686439991,
1999,7999,,,,-0.006387770175933838,,0.006387770175933838
1999,7999,,,-0.007681408431380987,,0.007681408431380987,
2000,8000,-0.005290091037750244,0.005290091037750244,,,,
