epoch,step,test_loss,test_renyi_lb,train_loss_epoch,train_loss_step,train_renyi_lb_epoch,train_renyi_lb_step
0,7,,,-0.09056183695793152,,0.09056183695793152,
1,15,,,-0.0934581384062767,,0.0934581384062767,
2,23,,,-0.09499263018369675,,0.09499263018369675,
3,31,,,-0.09621909260749817,,0.09621909260749817,
4,39,,,-0.09670931100845337,,0.09670931100845337,
5,47,,,-0.09731966257095337,,0.09731966257095337,
6,49,,,,-0.13845926523208618,,0.13845926523208618
6,55,,,-0.09763473272323608,,0.09763473272323608,
7,63,,,-0.09821803122758865,,0.09821803122758865,
8,71,,,-0.09823112934827805,,0.09823112934827805,
9,79,,,-0.09830766171216965,,0.09830766171216965,
10,87,,,-0.09837713092565536,,0.09837713092565536,
11,95,,,-0.09838927537202835,,0.09838927537202835,
12,99,,,,-0.10260295867919922,,0.10260295867919922
12,103,,,-0.09886391460895538,,0.09886391460895538,
13,111,,,-0.09880972653627396,,0.09880972653627396,
14,119,,,-0.09889964759349823,,0.09889964759349823,
15,127,,,-0.09919728338718414,,0.09919728338718414,
16,135,,,-0.09881357848644257,,0.09881357848644257,
17,143,,,-0.09879202395677567,,0.09879202395677567,
18,149,,,,-0.11762344837188721,,0.11762344837188721
18,151,,,-0.0989355519413948,,0.0989355519413948,
19,159,,,-0.09915759414434433,,0.09915759414434433,
20,167,,,-0.09879336506128311,,0.09879336506128311,
21,175,,,-0.099436916410923,,0.099436916410923,
22,183,,,-0.09911495447158813,,0.09911495447158813,
23,191,,,-0.0991172268986702,,0.0991172268986702,
24,199,,,,-0.10178810358047485,,0.10178810358047485
24,199,,,-0.09959787130355835,,0.09959787130355835,
25,207,,,-0.09980495274066925,,0.09980495274066925,
26,215,,,-0.09911192953586578,,0.09911192953586578,
27,223,,,-0.09927909821271896,,0.09927909821271896,
28,231,,,-0.09916172921657562,,0.09916172921657562,
29,239,,,-0.09999845921993256,,0.09999845921993256,
30,247,,,-0.09937557578086853,,0.09937557578086853,
31,249,,,,-0.13167619705200195,,0.13167619705200195
31,255,,,-0.10008624196052551,,0.10008624196052551,
32,263,,,-0.09973593801259995,,0.09973593801259995,
33,271,,,-0.09990749508142471,,0.09990749508142471,
34,279,,,-0.09985758364200592,,0.09985758364200592,
35,287,,,-0.10005341470241547,,0.10005341470241547,
36,295,,,-0.10036550462245941,,0.10036550462245941,
37,299,,,,-0.043608665466308594,,0.043608665466308594
37,303,,,-0.10155609995126724,,0.10155609995126724,
38,311,,,-0.10067474097013474,,0.10067474097013474,
39,319,,,-0.10110893845558167,,0.10110893845558167,
40,327,,,-0.10072728991508484,,0.10072728991508484,
41,335,,,-0.10164280980825424,,0.10164280980825424,
42,343,,,-0.10042505711317062,,0.10042505711317062,
43,349,,,,-0.11964887380599976,,0.11964887380599976
43,351,,,-0.10079514235258102,,0.10079514235258102,
44,359,,,-0.10078133642673492,,0.10078133642673492,
45,367,,,-0.10174457728862762,,0.10174457728862762,
46,375,,,-0.10112135112285614,,0.10112135112285614,
47,383,,,-0.10102522373199463,,0.10102522373199463,
48,391,,,-0.10099775344133377,,0.10099775344133377,
49,399,,,,-0.10970258712768555,,0.10970258712768555
49,399,,,-0.1009790450334549,,0.1009790450334549,
50,407,,,-0.1008659079670906,,0.1008659079670906,
51,415,,,-0.10089067369699478,,0.10089067369699478,
52,423,,,-0.10154486447572708,,0.10154486447572708,
53,431,,,-0.10125745832920074,,0.10125745832920074,
54,439,,,-0.10104765743017197,,0.10104765743017197,
55,447,,,-0.10151898860931396,,0.10151898860931396,
56,449,,,,-0.09459483623504639,,0.09459483623504639
56,455,,,-0.10152821987867355,,0.10152821987867355,
57,463,,,-0.10179957747459412,,0.10179957747459412,
58,471,,,-0.1015205904841423,,0.1015205904841423,
59,479,,,-0.10193021595478058,,0.10193021595478058,
60,487,,,-0.10209135711193085,,0.10209135711193085,
61,495,,,-0.1018601506948471,,0.1018601506948471,
62,499,,,,-0.1029505729675293,,0.1029505729675293
62,503,,,-0.1019703820347786,,0.1019703820347786,
63,511,,,-0.10219940543174744,,0.10219940543174744,
64,519,,,-0.10187851637601852,,0.10187851637601852,
65,527,,,-0.10295172035694122,,0.10295172035694122,
66,535,,,-0.10224197804927826,,0.10224197804927826,
67,543,,,-0.10290402919054031,,0.10290402919054031,
68,549,,,,-0.10672694444656372,,0.10672694444656372
68,551,,,-0.1026332676410675,,0.1026332676410675,
69,559,,,-0.10271041095256805,,0.10271041095256805,
70,567,,,-0.10226152837276459,,0.10226152837276459,
71,575,,,-0.10234149545431137,,0.10234149545431137,
72,583,,,-0.10302462428808212,,0.10302462428808212,
73,591,,,-0.10275677591562271,,0.10275677591562271,
74,599,,,,-0.1393197774887085,,0.1393197774887085
74,599,,,-0.10314878821372986,,0.10314878821372986,
75,607,,,-0.10272067785263062,,0.10272067785263062,
76,615,,,-0.10281010717153549,,0.10281010717153549,
77,623,,,-0.10244249552488327,,0.10244249552488327,
78,631,,,-0.10256274044513702,,0.10256274044513702,
79,639,,,-0.1031968742609024,,0.1031968742609024,
80,647,,,-0.10246875137090683,,0.10246875137090683,
81,649,,,,-0.10621815919876099,,0.10621815919876099
81,655,,,-0.10287348926067352,,0.10287348926067352,
82,663,,,-0.10304798930883408,,0.10304798930883408,
83,671,,,-0.10261552780866623,,0.10261552780866623,
84,679,,,-0.10270921885967255,,0.10270921885967255,
85,687,,,-0.10357065498828888,,0.10357065498828888,
86,695,,,-0.10301759093999863,,0.10301759093999863,
87,699,,,,-0.11272591352462769,,0.11272591352462769
87,703,,,-0.1031404435634613,,0.1031404435634613,
88,711,,,-0.1034330427646637,,0.1034330427646637,
89,719,,,-0.10317142307758331,,0.10317142307758331,
90,727,,,-0.10350562632083893,,0.10350562632083893,
91,735,,,-0.10352981090545654,,0.10352981090545654,
92,743,,,-0.10321752727031708,,0.10321752727031708,
93,749,,,,-0.10717803239822388,,0.10717803239822388
93,751,,,-0.10333294421434402,,0.10333294421434402,
94,759,,,-0.10409548133611679,,0.10409548133611679,
95,767,,,-0.10319925844669342,,0.10319925844669342,
96,775,,,-0.10349418967962265,,0.10349418967962265,
97,783,,,-0.10330647230148315,,0.10330647230148315,
98,791,,,-0.103935107588768,,0.103935107588768,
99,799,,,,-0.11751490831375122,,0.11751490831375122
99,799,,,-0.1036536768078804,,0.1036536768078804,
100,807,,,-0.1035533919930458,,0.1035533919930458,
101,815,,,-0.10340538620948792,,0.10340538620948792,
102,823,,,-0.10403160750865936,,0.10403160750865936,
103,831,,,-0.10372385382652283,,0.10372385382652283,
104,839,,,-0.10384898632764816,,0.10384898632764816,
105,847,,,-0.10399403423070908,,0.10399403423070908,
106,849,,,,-0.10755211114883423,,0.10755211114883423
106,855,,,-0.10415548086166382,,0.10415548086166382,
107,863,,,-0.10408218950033188,,0.10408218950033188,
108,871,,,-0.10430987179279327,,0.10430987179279327,
109,879,,,-0.10391229391098022,,0.10391229391098022,
110,887,,,-0.1039273589849472,,0.1039273589849472,
111,895,,,-0.10441242903470993,,0.10441242903470993,
112,899,,,,-0.12454080581665039,,0.12454080581665039
112,903,,,-0.10410245507955551,,0.10410245507955551,
113,911,,,-0.10407725721597672,,0.10407725721597672,
114,919,,,-0.10478539019823074,,0.10478539019823074,
115,927,,,-0.10431328415870667,,0.10431328415870667,
116,935,,,-0.10480117052793503,,0.10480117052793503,
117,943,,,-0.1043987050652504,,0.1043987050652504,
118,949,,,,-0.11216038465499878,,0.11216038465499878
118,951,,,-0.10435950011014938,,0.10435950011014938,
119,959,,,-0.104331836104393,,0.104331836104393,
120,967,,,-0.1045214831829071,,0.1045214831829071,
121,975,,,-0.10432426631450653,,0.10432426631450653,
122,983,,,-0.10430292040109634,,0.10430292040109634,
123,991,,,-0.10435424745082855,,0.10435424745082855,
124,999,,,,-0.08423340320587158,,0.08423340320587158
124,999,,,-0.10451836884021759,,0.10451836884021759,
125,1007,,,-0.10502035915851593,,0.10502035915851593,
126,1015,,,-0.10502064228057861,,0.10502064228057861,
127,1023,,,-0.10464148223400116,,0.10464148223400116,
128,1031,,,-0.1047532856464386,,0.1047532856464386,
129,1039,,,-0.10448253154754639,,0.10448253154754639,
130,1047,,,-0.10444082319736481,,0.10444082319736481,
131,1049,,,,-0.1113508939743042,,0.1113508939743042
131,1055,,,-0.104972243309021,,0.104972243309021,
132,1063,,,-0.1047026589512825,,0.1047026589512825,
133,1071,,,-0.10472246259450912,,0.10472246259450912,
134,1079,,,-0.10505882650613785,,0.10505882650613785,
135,1087,,,-0.10505307465791702,,0.10505307465791702,
136,1095,,,-0.1051456555724144,,0.1051456555724144,
137,1099,,,,-0.09417998790740967,,0.09417998790740967
137,1103,,,-0.10518830269575119,,0.10518830269575119,
138,1111,,,-0.1054006814956665,,0.1054006814956665,
139,1119,,,-0.10504280775785446,,0.10504280775785446,
140,1127,,,-0.10528332740068436,,0.10528332740068436,
141,1135,,,-0.10518263280391693,,0.10518263280391693,
142,1143,,,-0.10512162744998932,,0.10512162744998932,
143,1149,,,,-0.1327841877937317,,0.1327841877937317
143,1151,,,-0.10532767325639725,,0.10532767325639725,
144,1159,,,-0.10562412440776825,,0.10562412440776825,
145,1167,,,-0.10598567873239517,,0.10598567873239517,
146,1175,,,-0.10545884072780609,,0.10545884072780609,
147,1183,,,-0.10571076720952988,,0.10571076720952988,
148,1191,,,-0.10570558905601501,,0.10570558905601501,
149,1199,,,,-0.11803901195526123,,0.11803901195526123
149,1199,,,-0.10570874065160751,,0.10570874065160751,
150,1207,,,-0.10566078871488571,,0.10566078871488571,
151,1215,,,-0.10545771569013596,,0.10545771569013596,
152,1223,,,-0.1055007353425026,,0.1055007353425026,
153,1231,,,-0.10571996867656708,,0.10571996867656708,
154,1239,,,-0.10556024312973022,,0.10556024312973022,
155,1247,,,-0.10565173625946045,,0.10565173625946045,
156,1249,,,,-0.09955108165740967,,0.09955108165740967
156,1255,,,-0.10566168278455734,,0.10566168278455734,
157,1263,,,-0.10550043731927872,,0.10550043731927872,
158,1271,,,-0.10631496459245682,,0.10631496459245682,
159,1279,,,-0.10584183037281036,,0.10584183037281036,
160,1287,,,-0.10609715431928635,,0.10609715431928635,
161,1295,,,-0.1057918593287468,,0.1057918593287468,
162,1299,,,,-0.13240468502044678,,0.13240468502044678
162,1303,,,-0.10596495121717453,,0.10596495121717453,
163,1311,,,-0.10598760843276978,,0.10598760843276978,
164,1319,,,-0.10633065551519394,,0.10633065551519394,
165,1327,,,-0.10589256882667542,,0.10589256882667542,
166,1335,,,-0.10651567578315735,,0.10651567578315735,
167,1343,,,-0.10620371252298355,,0.10620371252298355,
168,1349,,,,-0.10280942916870117,,0.10280942916870117
168,1351,,,-0.1062585785984993,,0.1062585785984993,
169,1359,,,-0.10654531419277191,,0.10654531419277191,
170,1367,,,-0.10630756616592407,,0.10630756616592407,
171,1375,,,-0.10682363063097,,0.10682363063097,
172,1383,,,-0.10651124268770218,,0.10651124268770218,
173,1391,,,-0.10632896423339844,,0.10632896423339844,
174,1399,,,,-0.06122070550918579,,0.06122070550918579
174,1399,,,-0.10648762434720993,,0.10648762434720993,
175,1407,,,-0.1063263788819313,,0.1063263788819313,
176,1415,,,-0.10666979104280472,,0.10666979104280472,
177,1423,,,-0.106338731944561,,0.106338731944561,
178,1431,,,-0.10660707950592041,,0.10660707950592041,
179,1439,,,-0.10664507746696472,,0.10664507746696472,
180,1447,,,-0.10631711781024933,,0.10631711781024933,
181,1449,,,,-0.1101522445678711,,0.1101522445678711
181,1455,,,-0.10637833178043365,,0.10637833178043365,
182,1463,,,-0.10653646290302277,,0.10653646290302277,
183,1471,,,-0.1068684309720993,,0.1068684309720993,
184,1479,,,-0.10672003030776978,,0.10672003030776978,
185,1487,,,-0.10663432627916336,,0.10663432627916336,
186,1495,,,-0.10657899081707001,,0.10657899081707001,
187,1499,,,,-0.11180490255355835,,0.11180490255355835
187,1503,,,-0.10662847757339478,,0.10662847757339478,
188,1511,,,-0.10688591003417969,,0.10688591003417969,
189,1519,,,-0.10659299045801163,,0.10659299045801163,
190,1527,,,-0.10683289915323257,,0.10683289915323257,
191,1535,,,-0.10664180666208267,,0.10664180666208267,
192,1543,,,-0.1070798709988594,,0.1070798709988594,
193,1549,,,,-0.10628974437713623,,0.10628974437713623
193,1551,,,-0.10737115144729614,,0.10737115144729614,
194,1559,,,-0.10721024125814438,,0.10721024125814438,
195,1567,,,-0.10696401447057724,,0.10696401447057724,
196,1575,,,-0.10707110911607742,,0.10707110911607742,
197,1583,,,-0.10682719945907593,,0.10682719945907593,
198,1591,,,-0.10700633376836777,,0.10700633376836777,
199,1599,,,,-0.12755900621414185,,0.12755900621414185
199,1599,,,-0.10710065811872482,,0.10710065811872482,
200,1607,,,-0.10721676051616669,,0.10721676051616669,
201,1615,,,-0.10740887373685837,,0.10740887373685837,
202,1623,,,-0.10732972621917725,,0.10732972621917725,
203,1631,,,-0.1072150245308876,,0.1072150245308876,
204,1639,,,-0.10728118568658829,,0.10728118568658829,
205,1647,,,-0.10733503103256226,,0.10733503103256226,
206,1649,,,,-0.11471688747406006,,0.11471688747406006
206,1655,,,-0.10700195282697678,,0.10700195282697678,
207,1663,,,-0.10751421004533768,,0.10751421004533768,
208,1671,,,-0.10745822638273239,,0.10745822638273239,
209,1679,,,-0.10765113681554794,,0.10765113681554794,
210,1687,,,-0.10744481533765793,,0.10744481533765793,
211,1695,,,-0.10718747228384018,,0.10718747228384018,
212,1699,,,,-0.08585530519485474,,0.08585530519485474
212,1703,,,-0.10768739134073257,,0.10768739134073257,
213,1711,,,-0.10712268948554993,,0.10712268948554993,
214,1719,,,-0.10767995566129684,,0.10767995566129684,
215,1727,,,-0.10726458579301834,,0.10726458579301834,
216,1735,,,-0.10737241059541702,,0.10737241059541702,
217,1743,,,-0.10724668949842453,,0.10724668949842453,
218,1749,,,,-0.11889666318893433,,0.11889666318893433
218,1751,,,-0.10765717923641205,,0.10765717923641205,
219,1759,,,-0.1076185330748558,,0.1076185330748558,
220,1767,,,-0.10741784423589706,,0.10741784423589706,
221,1775,,,-0.10739439725875854,,0.10739439725875854,
222,1783,,,-0.10763201862573624,,0.10763201862573624,
223,1791,,,-0.1075812354683876,,0.1075812354683876,
224,1799,,,,-0.11720579862594604,,0.11720579862594604
224,1799,,,-0.10748039186000824,,0.10748039186000824,
225,1807,,,-0.10749261826276779,,0.10749261826276779,
226,1815,,,-0.10758624225854874,,0.10758624225854874,
227,1823,,,-0.10752761363983154,,0.10752761363983154,
228,1831,,,-0.10818324238061905,,0.10818324238061905,
229,1839,,,-0.10775045305490494,,0.10775045305490494,
230,1847,,,-0.10785821825265884,,0.10785821825265884,
231,1849,,,,-0.1206960678100586,,0.1206960678100586
231,1855,,,-0.10785451531410217,,0.10785451531410217,
232,1863,,,-0.10777034610509872,,0.10777034610509872,
233,1871,,,-0.10768450051546097,,0.10768450051546097,
234,1879,,,-0.10774829238653183,,0.10774829238653183,
235,1887,,,-0.10794109851121902,,0.10794109851121902,
236,1895,,,-0.10772807896137238,,0.10772807896137238,
237,1899,,,,-0.09188765287399292,,0.09188765287399292
237,1903,,,-0.10784228146076202,,0.10784228146076202,
238,1911,,,-0.10783282667398453,,0.10783282667398453,
239,1919,,,-0.10814893990755081,,0.10814893990755081,
240,1927,,,-0.10779665410518646,,0.10779665410518646,
241,1935,,,-0.10775092989206314,,0.10775092989206314,
242,1943,,,-0.10789288580417633,,0.10789288580417633,
243,1949,,,,-0.1337149441242218,,0.1337149441242218
243,1951,,,-0.10791462659835815,,0.10791462659835815,
244,1959,,,-0.10816599428653717,,0.10816599428653717,
245,1967,,,-0.1086881011724472,,0.1086881011724472,
246,1975,,,-0.108387291431427,,0.108387291431427,
247,1983,,,-0.10846216976642609,,0.10846216976642609,
248,1991,,,-0.10802016407251358,,0.10802016407251358,
249,1999,,,,-0.08646431565284729,,0.08646431565284729
249,1999,,,-0.10804636031389236,,0.10804636031389236,
250,2007,,,-0.10803087055683136,,0.10803087055683136,
251,2015,,,-0.10810394585132599,,0.10810394585132599,
252,2023,,,-0.10809314250946045,,0.10809314250946045,
253,2031,,,-0.10825948417186737,,0.10825948417186737,
254,2039,,,-0.10801012068986893,,0.10801012068986893,
255,2047,,,-0.10788901150226593,,0.10788901150226593,
256,2049,,,,-0.126939058303833,,0.126939058303833
256,2055,,,-0.1080503761768341,,0.1080503761768341,
257,2063,,,-0.10854826867580414,,0.10854826867580414,
258,2071,,,-0.1085265651345253,,0.1085265651345253,
259,2079,,,-0.10819273442029953,,0.10819273442029953,
260,2087,,,-0.10822437703609467,,0.10822437703609467,
261,2095,,,-0.10824600607156754,,0.10824600607156754,
262,2099,,,,-0.103363037109375,,0.103363037109375
262,2103,,,-0.10811766237020493,,0.10811766237020493,
263,2111,,,-0.10845430940389633,,0.10845430940389633,
264,2119,,,-0.10824789851903915,,0.10824789851903915,
265,2127,,,-0.10829245299100876,,0.10829245299100876,
266,2135,,,-0.10815145075321198,,0.10815145075321198,
267,2143,,,-0.10831240564584732,,0.10831240564584732,
268,2149,,,,-0.11100807785987854,,0.11100807785987854
268,2151,,,-0.10857412219047546,,0.10857412219047546,
269,2159,,,-0.1081547737121582,,0.1081547737121582,
270,2167,,,-0.1082245334982872,,0.1082245334982872,
271,2175,,,-0.10829803347587585,,0.10829803347587585,
272,2183,,,-0.10841310769319534,,0.10841310769319534,
273,2191,,,-0.10862906277179718,,0.10862906277179718,
274,2199,,,,-0.11679986119270325,,0.11679986119270325
274,2199,,,-0.10852237790822983,,0.10852237790822983,
275,2207,,,-0.10864131152629852,,0.10864131152629852,
276,2215,,,-0.10840180516242981,,0.10840180516242981,
277,2223,,,-0.10836810618638992,,0.10836810618638992,
278,2231,,,-0.10866732150316238,,0.10866732150316238,
279,2239,,,-0.10876847803592682,,0.10876847803592682,
280,2247,,,-0.10861903429031372,,0.10861903429031372,
281,2249,,,,-0.10657033324241638,,0.10657033324241638
281,2255,,,-0.10856326669454575,,0.10856326669454575,
282,2263,,,-0.10829275101423264,,0.10829275101423264,
283,2271,,,-0.10886897146701813,,0.10886897146701813,
284,2279,,,-0.10862923413515091,,0.10862923413515091,
285,2287,,,-0.10864982008934021,,0.10864982008934021,
286,2295,,,-0.10864301770925522,,0.10864301770925522,
287,2299,,,,-0.0986238420009613,,0.0986238420009613
287,2303,,,-0.1089334562420845,,0.1089334562420845,
288,2311,,,-0.10877248644828796,,0.10877248644828796,
289,2319,,,-0.10851717740297318,,0.10851717740297318,
290,2327,,,-0.10871957987546921,,0.10871957987546921,
291,2335,,,-0.10889976471662521,,0.10889976471662521,
292,2343,,,-0.10848052054643631,,0.10848052054643631,
293,2349,,,,-0.09355133771896362,,0.09355133771896362
293,2351,,,-0.10896855592727661,,0.10896855592727661,
294,2359,,,-0.10873906314373016,,0.10873906314373016,
295,2367,,,-0.10869843512773514,,0.10869843512773514,
296,2375,,,-0.10859526693820953,,0.10859526693820953,
297,2383,,,-0.10927097499370575,,0.10927097499370575,
298,2391,,,-0.10885262489318848,,0.10885262489318848,
299,2399,,,,-0.09337395429611206,,0.09337395429611206
299,2399,,,-0.10871244221925735,,0.10871244221925735,
300,2407,,,-0.10954070836305618,,0.10954070836305618,
301,2415,,,-0.10890209674835205,,0.10890209674835205,
302,2423,,,-0.10876467078924179,,0.10876467078924179,
303,2431,,,-0.10845354944467545,,0.10845354944467545,
304,2439,,,-0.1088421419262886,,0.1088421419262886,
305,2447,,,-0.10867118835449219,,0.10867118835449219,
306,2449,,,,-0.11641144752502441,,0.11641144752502441
306,2455,,,-0.10902494192123413,,0.10902494192123413,
307,2463,,,-0.10901255160570145,,0.10901255160570145,
308,2471,,,-0.10879134386777878,,0.10879134386777878,
309,2479,,,-0.10880384594202042,,0.10880384594202042,
310,2487,,,-0.1088511198759079,,0.1088511198759079,
311,2495,,,-0.10905981808900833,,0.10905981808900833,
312,2499,,,,-0.10630181431770325,,0.10630181431770325
312,2503,,,-0.10882503539323807,,0.10882503539323807,
313,2511,,,-0.10893123596906662,,0.10893123596906662,
314,2519,,,-0.10882469266653061,,0.10882469266653061,
315,2527,,,-0.10869984328746796,,0.10869984328746796,
316,2535,,,-0.1092478409409523,,0.1092478409409523,
317,2543,,,-0.10895544290542603,,0.10895544290542603,
318,2549,,,,-0.11647146940231323,,0.11647146940231323
318,2551,,,-0.10879700630903244,,0.10879700630903244,
319,2559,,,-0.10901215672492981,,0.10901215672492981,
320,2567,,,-0.10912410914897919,,0.10912410914897919,
321,2575,,,-0.10919759422540665,,0.10919759422540665,
322,2583,,,-0.1087975800037384,,0.1087975800037384,
323,2591,,,-0.10937994718551636,,0.10937994718551636,
324,2599,,,,-0.10431411862373352,,0.10431411862373352
324,2599,,,-0.10889693349599838,,0.10889693349599838,
325,2607,,,-0.1088976338505745,,0.1088976338505745,
326,2615,,,-0.10907229036092758,,0.10907229036092758,
327,2623,,,-0.10952071845531464,,0.10952071845531464,
328,2631,,,-0.10898865759372711,,0.10898865759372711,
329,2639,,,-0.10921058058738708,,0.10921058058738708,
330,2647,,,-0.10912072658538818,,0.10912072658538818,
331,2649,,,,-0.12156513333320618,,0.12156513333320618
331,2655,,,-0.10928646475076675,,0.10928646475076675,
332,2663,,,-0.10919126123189926,,0.10919126123189926,
333,2671,,,-0.10890232026576996,,0.10890232026576996,
334,2679,,,-0.10914603620767593,,0.10914603620767593,
335,2687,,,-0.10948265343904495,,0.10948265343904495,
336,2695,,,-0.10905377566814423,,0.10905377566814423,
337,2699,,,,-0.090674489736557,,0.090674489736557
337,2703,,,-0.10896255075931549,,0.10896255075931549,
338,2711,,,-0.10906349867582321,,0.10906349867582321,
339,2719,,,-0.10904687643051147,,0.10904687643051147,
340,2727,,,-0.10912267118692398,,0.10912267118692398,
341,2735,,,-0.1090082973241806,,0.1090082973241806,
342,2743,,,-0.10908447206020355,,0.10908447206020355,
343,2749,,,,-0.11161327362060547,,0.11161327362060547
343,2751,,,-0.10893771797418594,,0.10893771797418594,
344,2759,,,-0.10935509204864502,,0.10935509204864502,
345,2767,,,-0.1091781035065651,,0.1091781035065651,
346,2775,,,-0.10930798202753067,,0.10930798202753067,
347,2783,,,-0.10909133404493332,,0.10909133404493332,
348,2791,,,-0.10947582870721817,,0.10947582870721817,
349,2799,,,,-0.09396719932556152,,0.09396719932556152
349,2799,,,-0.1090925931930542,,0.1090925931930542,
350,2807,,,-0.10911191254854202,,0.10911191254854202,
351,2815,,,-0.10917136073112488,,0.10917136073112488,
352,2823,,,-0.10937924683094025,,0.10937924683094025,
353,2831,,,-0.10931455343961716,,0.10931455343961716,
354,2839,,,-0.10937022417783737,,0.10937022417783737,
355,2847,,,-0.10953550040721893,,0.10953550040721893,
356,2849,,,,-0.09646481275558472,,0.09646481275558472
356,2855,,,-0.10928329825401306,,0.10928329825401306,
357,2863,,,-0.10939385741949081,,0.10939385741949081,
358,2871,,,-0.10909588634967804,,0.10909588634967804,
359,2879,,,-0.1090579479932785,,0.1090579479932785,
360,2887,,,-0.10915565490722656,,0.10915565490722656,
361,2895,,,-0.1092432364821434,,0.1092432364821434,
362,2899,,,,-0.10504224896430969,,0.10504224896430969
362,2903,,,-0.10952244699001312,,0.10952244699001312,
363,2911,,,-0.10932525992393494,,0.10932525992393494,
364,2919,,,-0.1095048114657402,,0.1095048114657402,
365,2927,,,-0.10948159545660019,,0.10948159545660019,
366,2935,,,-0.10939257591962814,,0.10939257591962814,
367,2943,,,-0.10955080389976501,,0.10955080389976501,
368,2949,,,,-0.1098659336566925,,0.1098659336566925
368,2951,,,-0.10947530716657639,,0.10947530716657639,
369,2959,,,-0.10956399887800217,,0.10956399887800217,
370,2967,,,-0.10942186415195465,,0.10942186415195465,
371,2975,,,-0.109279103577137,,0.109279103577137,
372,2983,,,-0.10962942242622375,,0.10962942242622375,
373,2991,,,-0.10923933237791061,,0.10923933237791061,
374,2999,,,,-0.08656170964241028,,0.08656170964241028
374,2999,,,-0.10959283262491226,,0.10959283262491226,
375,3007,,,-0.11014100164175034,,0.11014100164175034,
376,3015,,,-0.1096227690577507,,0.1096227690577507,
377,3023,,,-0.10955280810594559,,0.10955280810594559,
378,3031,,,-0.10931377857923508,,0.10931377857923508,
379,3039,,,-0.10963265597820282,,0.10963265597820282,
380,3047,,,-0.1102386936545372,,0.1102386936545372,
381,3049,,,,-0.12943053245544434,,0.12943053245544434
381,3055,,,-0.10935152322053909,,0.10935152322053909,
382,3063,,,-0.1093686893582344,,0.1093686893582344,
383,3071,,,-0.1095753163099289,,0.1095753163099289,
384,3079,,,-0.109751857817173,,0.109751857817173,
385,3087,,,-0.10950687527656555,,0.10950687527656555,
386,3095,,,-0.10954517871141434,,0.10954517871141434,
387,3099,,,,-0.11315697431564331,,0.11315697431564331
387,3103,,,-0.10913198441267014,,0.10913198441267014,
388,3111,,,-0.10944949835538864,,0.10944949835538864,
389,3119,,,-0.10941816121339798,,0.10941816121339798,
390,3127,,,-0.1098347082734108,,0.1098347082734108,
391,3135,,,-0.10947483032941818,,0.10947483032941818,
392,3143,,,-0.10983125120401382,,0.10983125120401382,
393,3149,,,,-0.1332540512084961,,0.1332540512084961
393,3151,,,-0.10966961830854416,,0.10966961830854416,
394,3159,,,-0.10943461954593658,,0.10943461954593658,
395,3167,,,-0.10960102826356888,,0.10960102826356888,
396,3175,,,-0.10936404019594193,,0.10936404019594193,
397,3183,,,-0.1095566377043724,,0.1095566377043724,
398,3191,,,-0.10956986993551254,,0.10956986993551254,
399,3199,,,,-0.09945052862167358,,0.09945052862167358
399,3199,,,-0.10961934924125671,,0.10961934924125671,
400,3207,,,-0.10959076136350632,,0.10959076136350632,
401,3215,,,-0.10955701768398285,,0.10955701768398285,
402,3223,,,-0.10962558537721634,,0.10962558537721634,
403,3231,,,-0.10955601930618286,,0.10955601930618286,
404,3239,,,-0.10996699333190918,,0.10996699333190918,
405,3247,,,-0.10956662893295288,,0.10956662893295288,
406,3249,,,,-0.12287944555282593,,0.12287944555282593
406,3255,,,-0.1100313812494278,,0.1100313812494278,
407,3263,,,-0.10998326539993286,,0.10998326539993286,
408,3271,,,-0.1095866933465004,,0.1095866933465004,
409,3279,,,-0.10952190309762955,,0.10952190309762955,
410,3287,,,-0.10975088179111481,,0.10975088179111481,
411,3295,,,-0.1096942126750946,,0.1096942126750946,
412,3299,,,,-0.10652580857276917,,0.10652580857276917
412,3303,,,-0.1097504273056984,,0.1097504273056984,
413,3311,,,-0.10977280139923096,,0.10977280139923096,
414,3319,,,-0.1096019521355629,,0.1096019521355629,
415,3327,,,-0.10950566083192825,,0.10950566083192825,
416,3335,,,-0.10961461067199707,,0.10961461067199707,
417,3343,,,-0.11002042144536972,,0.11002042144536972,
418,3349,,,,-0.11626014113426208,,0.11626014113426208
418,3351,,,-0.10949593782424927,,0.10949593782424927,
419,3359,,,-0.1097358986735344,,0.1097358986735344,
420,3367,,,-0.10980702936649323,,0.10980702936649323,
421,3375,,,-0.10961932688951492,,0.10961932688951492,
422,3383,,,-0.10967472940683365,,0.10967472940683365,
423,3391,,,-0.1099666878581047,,0.1099666878581047,
424,3399,,,,-0.10558846592903137,,0.10558846592903137
424,3399,,,-0.11001426726579666,,0.11001426726579666,
425,3407,,,-0.11022201925516129,,0.11022201925516129,
426,3415,,,-0.10978826880455017,,0.10978826880455017,
427,3423,,,-0.10974767059087753,,0.10974767059087753,
428,3431,,,-0.10981708765029907,,0.10981708765029907,
429,3439,,,-0.10971516370773315,,0.10971516370773315,
430,3447,,,-0.10976968705654144,,0.10976968705654144,
431,3449,,,,-0.11239489912986755,,0.11239489912986755
431,3455,,,-0.10976789891719818,,0.10976789891719818,
432,3463,,,-0.10993856191635132,,0.10993856191635132,
433,3471,,,-0.11001262068748474,,0.11001262068748474,
434,3479,,,-0.10976047068834305,,0.10976047068834305,
435,3487,,,-0.10979212820529938,,0.10979212820529938,
436,3495,,,-0.10994070768356323,,0.10994070768356323,
437,3499,,,,-0.12278622388839722,,0.12278622388839722
437,3503,,,-0.10992176830768585,,0.10992176830768585,
438,3511,,,-0.10964023321866989,,0.10964023321866989,
439,3519,,,-0.11007177829742432,,0.11007177829742432,
440,3527,,,-0.10995177924633026,,0.10995177924633026,
441,3535,,,-0.10997193306684494,,0.10997193306684494,
442,3543,,,-0.10967189818620682,,0.10967189818620682,
443,3549,,,,-0.0711526870727539,,0.0711526870727539
443,3551,,,-0.10993680357933044,,0.10993680357933044,
444,3559,,,-0.11005516350269318,,0.11005516350269318,
445,3567,,,-0.109883151948452,,0.109883151948452,
446,3575,,,-0.10990837216377258,,0.10990837216377258,
447,3583,,,-0.10959389805793762,,0.10959389805793762,
448,3591,,,-0.10983486473560333,,0.10983486473560333,
449,3599,,,,-0.09404793381690979,,0.09404793381690979
449,3599,,,-0.10971212387084961,,0.10971212387084961,
450,3607,,,-0.10963350534439087,,0.10963350534439087,
451,3615,,,-0.10964994877576828,,0.10964994877576828,
452,3623,,,-0.10967151820659637,,0.10967151820659637,
453,3631,,,-0.1101350337266922,,0.1101350337266922,
454,3639,,,-0.10992007702589035,,0.10992007702589035,
455,3647,,,-0.10991904139518738,,0.10991904139518738,
456,3649,,,,-0.13380193710327148,,0.13380193710327148
456,3655,,,-0.11025498062372208,,0.11025498062372208,
457,3663,,,-0.11012524366378784,,0.11012524366378784,
458,3671,,,-0.1102675050497055,,0.1102675050497055,
459,3679,,,-0.10985603928565979,,0.10985603928565979,
460,3687,,,-0.110142283141613,,0.110142283141613,
461,3695,,,-0.10994762927293777,,0.10994762927293777,
462,3699,,,,-0.10334256291389465,,0.10334256291389465
462,3703,,,-0.10995367169380188,,0.10995367169380188,
463,3711,,,-0.11010390520095825,,0.11010390520095825,
464,3719,,,-0.10997844487428665,,0.10997844487428665,
465,3727,,,-0.11006835848093033,,0.11006835848093033,
466,3735,,,-0.10998644679784775,,0.10998644679784775,
467,3743,,,-0.11007935553789139,,0.11007935553789139,
468,3749,,,,-0.11706185340881348,,0.11706185340881348
468,3751,,,-0.10995190590620041,,0.10995190590620041,
469,3759,,,-0.11005573719739914,,0.11005573719739914,
470,3767,,,-0.11037445068359375,,0.11037445068359375,
471,3775,,,-0.10996682196855545,,0.10996682196855545,
472,3783,,,-0.11011137813329697,,0.11011137813329697,
473,3791,,,-0.10987739264965057,,0.10987739264965057,
474,3799,,,,-0.11410503089427948,,0.11410503089427948
474,3799,,,-0.1099260225892067,,0.1099260225892067,
475,3807,,,-0.11023902893066406,,0.11023902893066406,
476,3815,,,-0.10993482917547226,,0.10993482917547226,
477,3823,,,-0.1103823259472847,,0.1103823259472847,
478,3831,,,-0.10993541032075882,,0.10993541032075882,
479,3839,,,-0.1101144552230835,,0.1101144552230835,
480,3847,,,-0.11027836799621582,,0.11027836799621582,
481,3849,,,,-0.10160936415195465,,0.10160936415195465
481,3855,,,-0.10993588715791702,,0.10993588715791702,
482,3863,,,-0.11116622388362885,,0.11116622388362885,
483,3871,,,-0.1099369153380394,,0.1099369153380394,
484,3879,,,-0.1099834069609642,,0.1099834069609642,
485,3887,,,-0.1106397956609726,,0.1106397956609726,
486,3895,,,-0.1099633052945137,,0.1099633052945137,
487,3899,,,,-0.08473825454711914,,0.08473825454711914
487,3903,,,-0.11026813834905624,,0.11026813834905624,
488,3911,,,-0.1099611446261406,,0.1099611446261406,
489,3919,,,-0.1103447899222374,,0.1103447899222374,
490,3927,,,-0.11000805348157883,,0.11000805348157883,
491,3935,,,-0.10993479937314987,,0.10993479937314987,
492,3943,,,-0.11008550971746445,,0.11008550971746445,
493,3949,,,,-0.10656814277172089,,0.10656814277172089
493,3951,,,-0.1099046990275383,,0.1099046990275383,
494,3959,,,-0.11060930043458939,,0.11060930043458939,
495,3967,,,-0.1103610247373581,,0.1103610247373581,
496,3975,,,-0.11023958772420883,,0.11023958772420883,
497,3983,,,-0.11010828614234924,,0.11010828614234924,
498,3991,,,-0.11007772386074066,,0.11007772386074066,
499,3999,,,,-0.10370196402072906,,0.10370196402072906
499,3999,,,-0.11026610434055328,,0.11026610434055328,
500,4007,,,-0.11014174669981003,,0.11014174669981003,
501,4015,,,-0.11003994196653366,,0.11003994196653366,
502,4023,,,-0.11001905798912048,,0.11001905798912048,
503,4031,,,-0.11004912108182907,,0.11004912108182907,
504,4039,,,-0.11007696390151978,,0.11007696390151978,
505,4047,,,-0.11000043898820877,,0.11000043898820877,
506,4049,,,,-0.11255630850791931,,0.11255630850791931
506,4055,,,-0.10999692231416702,,0.10999692231416702,
507,4063,,,-0.11011325567960739,,0.11011325567960739,
508,4071,,,-0.11002221703529358,,0.11002221703529358,
509,4079,,,-0.11027481406927109,,0.11027481406927109,
510,4087,,,-0.11081051081418991,,0.11081051081418991,
511,4095,,,-0.11014685034751892,,0.11014685034751892,
512,4099,,,,-0.10582126677036285,,0.10582126677036285
512,4103,,,-0.11011812835931778,,0.11011812835931778,
513,4111,,,-0.11019876599311829,,0.11019876599311829,
514,4119,,,-0.11011797934770584,,0.11011797934770584,
515,4127,,,-0.11044465005397797,,0.11044465005397797,
516,4135,,,-0.11023345589637756,,0.11023345589637756,
517,4143,,,-0.11008600890636444,,0.11008600890636444,
518,4149,,,,-0.1158285140991211,,0.1158285140991211
518,4151,,,-0.11029326170682907,,0.11029326170682907,
519,4159,,,-0.11019139736890793,,0.11019139736890793,
520,4167,,,-0.11014185845851898,,0.11014185845851898,
521,4175,,,-0.11036552488803864,,0.11036552488803864,
522,4183,,,-0.11004728823900223,,0.11004728823900223,
523,4191,,,-0.11033586412668228,,0.11033586412668228,
524,4199,,,,-0.1365647315979004,,0.1365647315979004
524,4199,,,-0.11014930158853531,,0.11014930158853531,
525,4207,,,-0.11047445237636566,,0.11047445237636566,
526,4215,,,-0.1103559359908104,,0.1103559359908104,
527,4223,,,-0.11026307195425034,,0.11026307195425034,
528,4231,,,-0.11022686958312988,,0.11022686958312988,
529,4239,,,-0.1103510707616806,,0.1103510707616806,
530,4247,,,-0.11042971163988113,,0.11042971163988113,
531,4249,,,,-0.09277190268039703,,0.09277190268039703
531,4255,,,-0.11029006540775299,,0.11029006540775299,
532,4263,,,-0.11046770960092545,,0.11046770960092545,
533,4271,,,-0.11014451831579208,,0.11014451831579208,
534,4279,,,-0.11017581820487976,,0.11017581820487976,
535,4287,,,-0.1104859709739685,,0.1104859709739685,
536,4295,,,-0.11043166369199753,,0.11043166369199753,
537,4299,,,,-0.12242193520069122,,0.12242193520069122
537,4303,,,-0.11016730964183807,,0.11016730964183807,
538,4311,,,-0.11013595014810562,,0.11013595014810562,
539,4319,,,-0.110225148499012,,0.110225148499012,
540,4327,,,-0.11019379645586014,,0.11019379645586014,
541,4335,,,-0.11036890745162964,,0.11036890745162964,
542,4343,,,-0.11015503108501434,,0.11015503108501434,
543,4349,,,,-0.12141884863376617,,0.12141884863376617
543,4351,,,-0.10997922718524933,,0.10997922718524933,
544,4359,,,-0.11033674329519272,,0.11033674329519272,
545,4367,,,-0.11041613668203354,,0.11041613668203354,
546,4375,,,-0.11039549857378006,,0.11039549857378006,
547,4383,,,-0.11000087857246399,,0.11000087857246399,
548,4391,,,-0.11013569682836533,,0.11013569682836533,
549,4399,,,,-0.0794716328382492,,0.0794716328382492
549,4399,,,-0.11036670953035355,,0.11036670953035355,
550,4407,,,-0.11018736660480499,,0.11018736660480499,
551,4415,,,-0.11048509180545807,,0.11048509180545807,
552,4423,,,-0.11009790003299713,,0.11009790003299713,
553,4431,,,-0.11039100587368011,,0.11039100587368011,
554,4439,,,-0.11015401780605316,,0.11015401780605316,
555,4447,,,-0.11022046953439713,,0.11022046953439713,
556,4449,,,,-0.11339616775512695,,0.11339616775512695
556,4455,,,-0.11030283570289612,,0.11030283570289612,
557,4463,,,-0.11018040776252747,,0.11018040776252747,
558,4471,,,-0.11030077934265137,,0.11030077934265137,
559,4479,,,-0.11020748317241669,,0.11020748317241669,
560,4487,,,-0.11064153164625168,,0.11064153164625168,
561,4495,,,-0.11049893498420715,,0.11049893498420715,
562,4499,,,,-0.1235494613647461,,0.1235494613647461
562,4503,,,-0.11036347597837448,,0.11036347597837448,
563,4511,,,-0.11054709553718567,,0.11054709553718567,
564,4519,,,-0.11035066097974777,,0.11035066097974777,
565,4527,,,-0.11029699444770813,,0.11029699444770813,
566,4535,,,-0.11058411747217178,,0.11058411747217178,
567,4543,,,-0.11043436080217361,,0.11043436080217361,
568,4549,,,,-0.11148890852928162,,0.11148890852928162
568,4551,,,-0.11044251918792725,,0.11044251918792725,
569,4559,,,-0.11041198670864105,,0.11041198670864105,
570,4567,,,-0.11039864271879196,,0.11039864271879196,
571,4575,,,-0.11049395799636841,,0.11049395799636841,
572,4583,,,-0.1105683222413063,,0.1105683222413063,
573,4591,,,-0.11042885482311249,,0.11042885482311249,
574,4599,,,,-0.11586780846118927,,0.11586780846118927
574,4599,,,-0.11024989932775497,,0.11024989932775497,
575,4607,,,-0.11037475615739822,,0.11037475615739822,
576,4615,,,-0.11019637435674667,,0.11019637435674667,
577,4623,,,-0.11054761707782745,,0.11054761707782745,
578,4631,,,-0.11045823991298676,,0.11045823991298676,
579,4639,,,-0.11011574417352676,,0.11011574417352676,
580,4647,,,-0.11029714345932007,,0.11029714345932007,
581,4649,,,,-0.10500068962574005,,0.10500068962574005
581,4655,,,-0.11040811985731125,,0.11040811985731125,
582,4663,,,-0.11031930148601532,,0.11031930148601532,
583,4671,,,-0.11025825142860413,,0.11025825142860413,
584,4679,,,-0.11022880673408508,,0.11022880673408508,
585,4687,,,-0.11024244129657745,,0.11024244129657745,
586,4695,,,-0.11097290366888046,,0.11097290366888046,
587,4699,,,,-0.08430995047092438,,0.08430995047092438
587,4703,,,-0.11061474680900574,,0.11061474680900574,
588,4711,,,-0.1103157252073288,,0.1103157252073288,
589,4719,,,-0.1105298325419426,,0.1105298325419426,
590,4727,,,-0.11087428033351898,,0.11087428033351898,
591,4735,,,-0.11018683016300201,,0.11018683016300201,
592,4743,,,-0.11075389385223389,,0.11075389385223389,
593,4749,,,,-0.1344175785779953,,0.1344175785779953
593,4751,,,-0.1104261502623558,,0.1104261502623558,
594,4759,,,-0.1104295551776886,,0.1104295551776886,
595,4767,,,-0.11049428582191467,,0.11049428582191467,
596,4775,,,-0.11052381247282028,,0.11052381247282028,
597,4783,,,-0.11026346683502197,,0.11026346683502197,
598,4791,,,-0.11040292680263519,,0.11040292680263519,
599,4799,,,,-0.10409268736839294,,0.10409268736839294
599,4799,,,-0.1106119155883789,,0.1106119155883789,
600,4807,,,-0.11045147478580475,,0.11045147478580475,
601,4815,,,-0.11034251749515533,,0.11034251749515533,
602,4823,,,-0.11074432730674744,,0.11074432730674744,
603,4831,,,-0.11037580668926239,,0.11037580668926239,
604,4839,,,-0.11032325774431229,,0.11032325774431229,
605,4847,,,-0.11050552129745483,,0.11050552129745483,
606,4849,,,,-0.0988360345363617,,0.0988360345363617
606,4855,,,-0.11063461005687714,,0.11063461005687714,
607,4863,,,-0.11054399609565735,,0.11054399609565735,
608,4871,,,-0.11026457697153091,,0.11026457697153091,
609,4879,,,-0.1102852150797844,,0.1102852150797844,
610,4887,,,-0.11043112725019455,,0.11043112725019455,
611,4895,,,-0.11061999201774597,,0.11061999201774597,
612,4899,,,,-0.13918551802635193,,0.13918551802635193
612,4903,,,-0.1105247288942337,,0.1105247288942337,
613,4911,,,-0.11089691519737244,,0.11089691519737244,
614,4919,,,-0.11090362817049026,,0.11090362817049026,
615,4927,,,-0.11047812551259995,,0.11047812551259995,
616,4935,,,-0.11051547527313232,,0.11051547527313232,
617,4943,,,-0.11036492884159088,,0.11036492884159088,
618,4949,,,,-0.09747982025146484,,0.09747982025146484
618,4951,,,-0.11052332818508148,,0.11052332818508148,
619,4959,,,-0.11036104708909988,,0.11036104708909988,
620,4967,,,-0.11056680977344513,,0.11056680977344513,
621,4975,,,-0.11075349152088165,,0.11075349152088165,
622,4983,,,-0.11032558232545853,,0.11032558232545853,
623,4991,,,-0.11030836403369904,,0.11030836403369904,
624,4999,,,,-0.11454586684703827,,0.11454586684703827
624,4999,,,-0.11051422357559204,,0.11051422357559204,
625,5007,,,-0.11039376258850098,,0.11039376258850098,
626,5015,,,-0.11057989299297333,,0.11057989299297333,
627,5023,,,-0.11050990968942642,,0.11050990968942642,
628,5031,,,-0.11063287407159805,,0.11063287407159805,
629,5039,,,-0.11029050499200821,,0.11029050499200821,
630,5047,,,-0.11025100201368332,,0.11025100201368332,
631,5049,,,,-0.09293107688426971,,0.09293107688426971
631,5055,,,-0.11060106009244919,,0.11060106009244919,
632,5063,,,-0.11040515452623367,,0.11040515452623367,
633,5071,,,-0.11042173206806183,,0.11042173206806183,
634,5079,,,-0.11028774082660675,,0.11028774082660675,
635,5087,,,-0.11072125285863876,,0.11072125285863876,
636,5095,,,-0.1104990690946579,,0.1104990690946579,
637,5099,,,,-0.1079009473323822,,0.1079009473323822
637,5103,,,-0.11036846786737442,,0.11036846786737442,
638,5111,,,-0.11069324612617493,,0.11069324612617493,
639,5119,,,-0.11061131954193115,,0.11061131954193115,
640,5127,,,-0.1103864386677742,,0.1103864386677742,
641,5135,,,-0.11059491336345673,,0.11059491336345673,
642,5143,,,-0.11040841042995453,,0.11040841042995453,
643,5149,,,,-0.1219562515616417,,0.1219562515616417
643,5151,,,-0.11068815737962723,,0.11068815737962723,
644,5159,,,-0.11067542433738708,,0.11067542433738708,
645,5167,,,-0.1101527065038681,,0.1101527065038681,
646,5175,,,-0.1105797216296196,,0.1105797216296196,
647,5183,,,-0.1106802225112915,,0.1106802225112915,
648,5191,,,-0.11041045933961868,,0.11041045933961868,
649,5199,,,,-0.12443003803491592,,0.12443003803491592
649,5199,,,-0.11067840456962585,,0.11067840456962585,
650,5207,,,-0.110745370388031,,0.110745370388031,
651,5215,,,-0.11022678017616272,,0.11022678017616272,
652,5223,,,-0.11043215543031693,,0.11043215543031693,
653,5231,,,-0.11036279052495956,,0.11036279052495956,
654,5239,,,-0.1104288101196289,,0.1104288101196289,
655,5247,,,-0.1103244498372078,,0.1103244498372078,
656,5249,,,,-0.13041457533836365,,0.13041457533836365
656,5255,,,-0.11072809994220734,,0.11072809994220734,
657,5263,,,-0.11068056523799896,,0.11068056523799896,
658,5271,,,-0.1107742190361023,,0.1107742190361023,
659,5279,,,-0.11057256907224655,,0.11057256907224655,
660,5287,,,-0.11065423488616943,,0.11065423488616943,
661,5295,,,-0.11036378145217896,,0.11036378145217896,
662,5299,,,,-0.10140165686607361,,0.10140165686607361
662,5303,,,-0.11041829735040665,,0.11041829735040665,
663,5311,,,-0.11052887886762619,,0.11052887886762619,
664,5319,,,-0.11033783107995987,,0.11033783107995987,
665,5327,,,-0.11066292971372604,,0.11066292971372604,
666,5335,,,-0.1104983389377594,,0.1104983389377594,
667,5343,,,-0.11067330092191696,,0.11067330092191696,
668,5349,,,,-0.12214913219213486,,0.12214913219213486
668,5351,,,-0.1107916384935379,,0.1107916384935379,
669,5359,,,-0.1106090098619461,,0.1106090098619461,
670,5367,,,-0.11073882132768631,,0.11073882132768631,
671,5375,,,-0.11052219569683075,,0.11052219569683075,
672,5383,,,-0.11056271940469742,,0.11056271940469742,
673,5391,,,-0.11092835664749146,,0.11092835664749146,
674,5399,,,,-0.09725317358970642,,0.09725317358970642
674,5399,,,-0.11066775768995285,,0.11066775768995285,
675,5407,,,-0.11057663708925247,,0.11057663708925247,
676,5415,,,-0.11077725887298584,,0.11077725887298584,
677,5423,,,-0.11058637499809265,,0.11058637499809265,
678,5431,,,-0.11063887923955917,,0.11063887923955917,
679,5439,,,-0.11085157841444016,,0.11085157841444016,
680,5447,,,-0.11038486659526825,,0.11038486659526825,
681,5449,,,,-0.11373023688793182,,0.11373023688793182
681,5455,,,-0.11047255992889404,,0.11047255992889404,
682,5463,,,-0.11067341268062592,,0.11067341268062592,
683,5471,,,-0.11096280813217163,,0.11096280813217163,
684,5479,,,-0.11055983603000641,,0.11055983603000641,
685,5487,,,-0.1106397956609726,,0.1106397956609726,
686,5495,,,-0.11052814871072769,,0.11052814871072769,
687,5499,,,,-0.12583069503307343,,0.12583069503307343
687,5503,,,-0.1109241470694542,,0.1109241470694542,
688,5511,,,-0.11061666160821915,,0.11061666160821915,
689,5519,,,-0.11051303893327713,,0.11051303893327713,
690,5527,,,-0.11053897440433502,,0.11053897440433502,
691,5535,,,-0.11072620749473572,,0.11072620749473572,
692,5543,,,-0.1106211394071579,,0.1106211394071579,
693,5549,,,,-0.10066742449998856,,0.10066742449998856
693,5551,,,-0.11052585393190384,,0.11052585393190384,
694,5559,,,-0.11083674430847168,,0.11083674430847168,
695,5567,,,-0.11068776994943619,,0.11068776994943619,
696,5575,,,-0.11048814654350281,,0.11048814654350281,
697,5583,,,-0.11089636385440826,,0.11089636385440826,
698,5591,,,-0.11050952225923538,,0.11050952225923538,
699,5599,,,,-0.13811564445495605,,0.13811564445495605
699,5599,,,-0.1104002296924591,,0.1104002296924591,
700,5607,,,-0.11055727303028107,,0.11055727303028107,
701,5615,,,-0.11082286387681961,,0.11082286387681961,
702,5623,,,-0.1105731949210167,,0.1105731949210167,
703,5631,,,-0.11057503521442413,,0.11057503521442413,
704,5639,,,-0.11062104254961014,,0.11062104254961014,
705,5647,,,-0.11061353981494904,,0.11061353981494904,
706,5649,,,,-0.09905104339122772,,0.09905104339122772
706,5655,,,-0.1106351688504219,,0.1106351688504219,
707,5663,,,-0.1105269268155098,,0.1105269268155098,
708,5671,,,-0.11069942265748978,,0.11069942265748978,
709,5679,,,-0.11063770949840546,,0.11063770949840546,
710,5687,,,-0.11072021722793579,,0.11072021722793579,
711,5695,,,-0.111037977039814,,0.111037977039814,
712,5699,,,,-0.10108385235071182,,0.10108385235071182
712,5703,,,-0.11065472662448883,,0.11065472662448883,
713,5711,,,-0.11050859093666077,,0.11050859093666077,
714,5719,,,-0.11088564246892929,,0.11088564246892929,
715,5727,,,-0.11102208495140076,,0.11102208495140076,
716,5735,,,-0.11054109036922455,,0.11054109036922455,
717,5743,,,-0.1105816438794136,,0.1105816438794136,
718,5749,,,,-0.10881805419921875,,0.10881805419921875
718,5751,,,-0.11054302006959915,,0.11054302006959915,
719,5759,,,-0.11090152710676193,,0.11090152710676193,
720,5767,,,-0.11061859130859375,,0.11061859130859375,
721,5775,,,-0.11062205582857132,,0.11062205582857132,
722,5783,,,-0.11061853915452957,,0.11061853915452957,
723,5791,,,-0.11068693548440933,,0.11068693548440933,
724,5799,,,,-0.11870846897363663,,0.11870846897363663
724,5799,,,-0.11076699197292328,,0.11076699197292328,
725,5807,,,-0.11060577630996704,,0.11060577630996704,
726,5815,,,-0.11056070774793625,,0.11056070774793625,
727,5823,,,-0.11062461882829666,,0.11062461882829666,
728,5831,,,-0.11053357273340225,,0.11053357273340225,
729,5839,,,-0.11050248146057129,,0.11050248146057129,
730,5847,,,-0.11062271893024445,,0.11062271893024445,
731,5849,,,,-0.09856433421373367,,0.09856433421373367
731,5855,,,-0.11054275929927826,,0.11054275929927826,
732,5863,,,-0.11086666584014893,,0.11086666584014893,
733,5871,,,-0.11094898730516434,,0.11094898730516434,
734,5879,,,-0.11076904088258743,,0.11076904088258743,
735,5887,,,-0.11068017780780792,,0.11068017780780792,
736,5895,,,-0.11091548204421997,,0.11091548204421997,
737,5899,,,,-0.10583100467920303,,0.10583100467920303
737,5903,,,-0.11065877974033356,,0.11065877974033356,
738,5911,,,-0.11090432107448578,,0.11090432107448578,
739,5919,,,-0.11051502823829651,,0.11051502823829651,
740,5927,,,-0.11057828366756439,,0.11057828366756439,
741,5935,,,-0.11059023439884186,,0.11059023439884186,
742,5943,,,-0.11065857112407684,,0.11065857112407684,
743,5949,,,,-0.09765587002038956,,0.09765587002038956
743,5951,,,-0.11070012301206589,,0.11070012301206589,
744,5959,,,-0.11068665981292725,,0.11068665981292725,
745,5967,,,-0.11057136207818985,,0.11057136207818985,
746,5975,,,-0.1110275536775589,,0.1110275536775589,
747,5983,,,-0.11055551469326019,,0.11055551469326019,
748,5991,,,-0.11094103753566742,,0.11094103753566742,
749,5999,,,,-0.12495708465576172,,0.12495708465576172
749,5999,,,-0.11061921715736389,,0.11061921715736389,
750,6007,,,-0.1106378510594368,,0.1106378510594368,
751,6015,,,-0.11050248146057129,,0.11050248146057129,
752,6023,,,-0.11060658097267151,,0.11060658097267151,
753,6031,,,-0.11060264706611633,,0.11060264706611633,
754,6039,,,-0.1107281967997551,,0.1107281967997551,
755,6047,,,-0.11057314276695251,,0.11057314276695251,
756,6049,,,,-0.09167546778917313,,0.09167546778917313
756,6055,,,-0.11095143109560013,,0.11095143109560013,
757,6063,,,-0.11072450876235962,,0.11072450876235962,
758,6071,,,-0.11063078790903091,,0.11063078790903091,
759,6079,,,-0.11055490374565125,,0.11055490374565125,
760,6087,,,-0.11076775938272476,,0.11076775938272476,
761,6095,,,-0.11078230291604996,,0.11078230291604996,
762,6099,,,,-0.09853596240282059,,0.09853596240282059
762,6103,,,-0.11054543405771255,,0.11054543405771255,
763,6111,,,-0.11118538677692413,,0.11118538677692413,
764,6119,,,-0.1108667254447937,,0.1108667254447937,
765,6127,,,-0.11085265129804611,,0.11085265129804611,
766,6135,,,-0.11066281795501709,,0.11066281795501709,
767,6143,,,-0.11064209043979645,,0.11064209043979645,
768,6149,,,,-0.09095973521471024,,0.09095973521471024
768,6151,,,-0.11078283935785294,,0.11078283935785294,
769,6159,,,-0.11077452450990677,,0.11077452450990677,
770,6167,,,-0.11079978942871094,,0.11079978942871094,
771,6175,,,-0.11054109036922455,,0.11054109036922455,
772,6183,,,-0.11094728112220764,,0.11094728112220764,
773,6191,,,-0.11072110384702682,,0.11072110384702682,
774,6199,,,,-0.10765895992517471,,0.10765895992517471
774,6199,,,-0.11059794574975967,,0.11059794574975967,
775,6207,,,-0.11080167442560196,,0.11080167442560196,
776,6215,,,-0.11072197556495667,,0.11072197556495667,
777,6223,,,-0.1108277216553688,,0.1108277216553688,
778,6231,,,-0.11073371767997742,,0.11073371767997742,
779,6239,,,-0.11073924601078033,,0.11073924601078033,
780,6247,,,-0.11079268902540207,,0.11079268902540207,
781,6249,,,,-0.11517924815416336,,0.11517924815416336
781,6255,,,-0.11082422733306885,,0.11082422733306885,
782,6263,,,-0.11057000607252121,,0.11057000607252121,
783,6271,,,-0.1109490618109703,,0.1109490618109703,
784,6279,,,-0.11056230217218399,,0.11056230217218399,
785,6287,,,-0.11076069623231888,,0.11076069623231888,
786,6295,,,-0.1105901375412941,,0.1105901375412941,
787,6299,,,,-0.11655740439891815,,0.11655740439891815
787,6303,,,-0.11067991703748703,,0.11067991703748703,
788,6311,,,-0.11097321659326553,,0.11097321659326553,
789,6319,,,-0.110688216984272,,0.110688216984272,
790,6327,,,-0.11064524203538895,,0.11064524203538895,
791,6335,,,-0.11067697405815125,,0.11067697405815125,
792,6343,,,-0.11067624390125275,,0.11067624390125275,
793,6349,,,,-0.12727808952331543,,0.12727808952331543
793,6351,,,-0.11092648655176163,,0.11092648655176163,
794,6359,,,-0.11082804203033447,,0.11082804203033447,
795,6367,,,-0.11110428720712662,,0.11110428720712662,
796,6375,,,-0.1109653040766716,,0.1109653040766716,
797,6383,,,-0.1109602078795433,,0.1109602078795433,
798,6391,,,-0.1106266975402832,,0.1106266975402832,
799,6399,,,,-0.10184230655431747,,0.10184230655431747
799,6399,,,-0.1104665994644165,,0.1104665994644165,
800,6407,,,-0.11076924949884415,,0.11076924949884415,
801,6415,,,-0.11070924252271652,,0.11070924252271652,
802,6423,,,-0.11072086542844772,,0.11072086542844772,
803,6431,,,-0.11061587929725647,,0.11061587929725647,
804,6439,,,-0.11095206439495087,,0.11095206439495087,
805,6447,,,-0.11060914397239685,,0.11060914397239685,
806,6449,,,,-0.09421396255493164,,0.09421396255493164
806,6455,,,-0.11076165735721588,,0.11076165735721588,
807,6463,,,-0.11063063889741898,,0.11063063889741898,
808,6471,,,-0.11050570011138916,,0.11050570011138916,
809,6479,,,-0.11062151193618774,,0.11062151193618774,
810,6487,,,-0.1105467677116394,,0.1105467677116394,
811,6495,,,-0.11078477650880814,,0.11078477650880814,
812,6499,,,,-0.10739869624376297,,0.10739869624376297
812,6503,,,-0.1106676235795021,,0.1106676235795021,
813,6511,,,-0.11065100133419037,,0.11065100133419037,
814,6519,,,-0.11073028296232224,,0.11073028296232224,
815,6527,,,-0.1107122078537941,,0.1107122078537941,
816,6535,,,-0.11075887084007263,,0.11075887084007263,
817,6543,,,-0.11086957901716232,,0.11086957901716232,
818,6549,,,,-0.11193561553955078,,0.11193561553955078
818,6551,,,-0.1107572391629219,,0.1107572391629219,
819,6559,,,-0.11054076999425888,,0.11054076999425888,
820,6567,,,-0.11082575470209122,,0.11082575470209122,
821,6575,,,-0.1105920672416687,,0.1105920672416687,
822,6583,,,-0.11097933351993561,,0.11097933351993561,
823,6591,,,-0.11098309606313705,,0.11098309606313705,
824,6599,,,,-0.10866966098546982,,0.10866966098546982
824,6599,,,-0.11086338013410568,,0.11086338013410568,
825,6607,,,-0.1106918454170227,,0.1106918454170227,
826,6615,,,-0.11115460097789764,,0.11115460097789764,
827,6623,,,-0.11073658615350723,,0.11073658615350723,
828,6631,,,-0.11077626794576645,,0.11077626794576645,
829,6639,,,-0.11063332855701447,,0.11063332855701447,
830,6647,,,-0.11105538159608841,,0.11105538159608841,
831,6649,,,,-0.1300278604030609,,0.1300278604030609
831,6655,,,-0.11095816642045975,,0.11095816642045975,
832,6663,,,-0.11081074178218842,,0.11081074178218842,
833,6671,,,-0.1107783168554306,,0.1107783168554306,
834,6679,,,-0.11101669818162918,,0.11101669818162918,
835,6687,,,-0.11111187934875488,,0.11111187934875488,
836,6695,,,-0.11033542454242706,,0.11033542454242706,
837,6699,,,,-0.1291874349117279,,0.1291874349117279
837,6703,,,-0.11064041405916214,,0.11064041405916214,
838,6711,,,-0.11091635376214981,,0.11091635376214981,
839,6719,,,-0.11075673997402191,,0.11075673997402191,
840,6727,,,-0.11116937547922134,,0.11116937547922134,
841,6735,,,-0.11077039688825607,,0.11077039688825607,
842,6743,,,-0.11068038642406464,,0.11068038642406464,
843,6749,,,,-0.1126583069562912,,0.1126583069562912
843,6751,,,-0.1107167974114418,,0.1107167974114418,
844,6759,,,-0.11108271777629852,,0.11108271777629852,
845,6767,,,-0.11076871305704117,,0.11076871305704117,
846,6775,,,-0.11088359355926514,,0.11088359355926514,
847,6783,,,-0.11068949848413467,,0.11068949848413467,
848,6791,,,-0.11081414669752121,,0.11081414669752121,
849,6799,,,,-0.0952455997467041,,0.0952455997467041
849,6799,,,-0.11070527136325836,,0.11070527136325836,
850,6807,,,-0.11086971312761307,,0.11086971312761307,
851,6815,,,-0.11097562313079834,,0.11097562313079834,
852,6823,,,-0.11076784878969193,,0.11076784878969193,
853,6831,,,-0.1108020767569542,,0.1108020767569542,
854,6839,,,-0.11088979244232178,,0.11088979244232178,
855,6847,,,-0.110782690346241,,0.110782690346241,
856,6849,,,,-0.11519994586706161,,0.11519994586706161
856,6855,,,-0.11055446416139603,,0.11055446416139603,
857,6863,,,-0.1107415035367012,,0.1107415035367012,
858,6871,,,-0.11067387461662292,,0.11067387461662292,
859,6879,,,-0.1107105016708374,,0.1107105016708374,
860,6887,,,-0.11079909652471542,,0.11079909652471542,
861,6895,,,-0.11088418960571289,,0.11088418960571289,
862,6899,,,,-0.13131704926490784,,0.13131704926490784
862,6903,,,-0.11079278588294983,,0.11079278588294983,
863,6911,,,-0.11103403568267822,,0.11103403568267822,
864,6919,,,-0.11102566868066788,,0.11102566868066788,
865,6927,,,-0.11072180420160294,,0.11072180420160294,
866,6935,,,-0.11082129180431366,,0.11082129180431366,
867,6943,,,-0.11083267629146576,,0.11083267629146576,
868,6949,,,,-0.10037736594676971,,0.10037736594676971
868,6951,,,-0.11085621267557144,,0.11085621267557144,
869,6959,,,-0.11067163199186325,,0.11067163199186325,
870,6967,,,-0.11099284887313843,,0.11099284887313843,
871,6975,,,-0.11079806089401245,,0.11079806089401245,
872,6983,,,-0.11071772128343582,,0.11071772128343582,
873,6991,,,-0.11081601679325104,,0.11081601679325104,
874,6999,,,,-0.11112312972545624,,0.11112312972545624
874,6999,,,-0.1109614372253418,,0.1109614372253418,
875,7007,,,-0.11067771166563034,,0.11067771166563034,
876,7015,,,-0.11144455522298813,,0.11144455522298813,
877,7023,,,-0.110763318836689,,0.110763318836689,
878,7031,,,-0.11076048761606216,,0.11076048761606216,
879,7039,,,-0.11106552928686142,,0.11106552928686142,
880,7047,,,-0.11062846332788467,,0.11062846332788467,
881,7049,,,,-0.10413269698619843,,0.10413269698619843
881,7055,,,-0.11097367852926254,,0.11097367852926254,
882,7063,,,-0.11082640290260315,,0.11082640290260315,
883,7071,,,-0.11072251200675964,,0.11072251200675964,
884,7079,,,-0.11048833280801773,,0.11048833280801773,
885,7087,,,-0.11065162718296051,,0.11065162718296051,
886,7095,,,-0.11103159189224243,,0.11103159189224243,
887,7099,,,,-0.10042925179004669,,0.10042925179004669
887,7103,,,-0.11070847511291504,,0.11070847511291504,
888,7111,,,-0.11070653051137924,,0.11070653051137924,
889,7119,,,-0.11091651767492294,,0.11091651767492294,
890,7127,,,-0.11087378114461899,,0.11087378114461899,
891,7135,,,-0.11095985025167465,,0.11095985025167465,
892,7143,,,-0.11139143258333206,,0.11139143258333206,
893,7149,,,,-0.13056497275829315,,0.13056497275829315
893,7151,,,-0.11088072508573532,,0.11088072508573532,
894,7159,,,-0.11070368438959122,,0.11070368438959122,
895,7167,,,-0.11126217246055603,,0.11126217246055603,
896,7175,,,-0.1108570545911789,,0.1108570545911789,
897,7183,,,-0.11115777492523193,,0.11115777492523193,
898,7191,,,-0.11073312908411026,,0.11073312908411026,
899,7199,,,,-0.10188183933496475,,0.10188183933496475
899,7199,,,-0.11066033691167831,,0.11066033691167831,
900,7207,,,-0.11102637648582458,,0.11102637648582458,
901,7215,,,-0.11072656512260437,,0.11072656512260437,
902,7223,,,-0.11065201461315155,,0.11065201461315155,
903,7231,,,-0.11103872209787369,,0.11103872209787369,
904,7239,,,-0.11079561710357666,,0.11079561710357666,
905,7247,,,-0.11095118522644043,,0.11095118522644043,
906,7249,,,,-0.12456765025854111,,0.12456765025854111
906,7255,,,-0.11057409644126892,,0.11057409644126892,
907,7263,,,-0.11097636818885803,,0.11097636818885803,
908,7271,,,-0.11095429956912994,,0.11095429956912994,
909,7279,,,-0.11074446886777878,,0.11074446886777878,
910,7287,,,-0.11038204282522202,,0.11038204282522202,
911,7295,,,-0.11113018542528152,,0.11113018542528152,
912,7299,,,,-0.08891315758228302,,0.08891315758228302
912,7303,,,-0.1114422082901001,,0.1114422082901001,
913,7311,,,-0.11087523400783539,,0.11087523400783539,
914,7319,,,-0.11073228716850281,,0.11073228716850281,
915,7327,,,-0.11103352159261703,,0.11103352159261703,
916,7335,,,-0.11056078225374222,,0.11056078225374222,
917,7343,,,-0.11068905889987946,,0.11068905889987946,
918,7349,,,,-0.1291823387145996,,0.1291823387145996
918,7351,,,-0.11053314059972763,,0.11053314059972763,
919,7359,,,-0.11083449423313141,,0.11083449423313141,
920,7367,,,-0.11086565256118774,,0.11086565256118774,
921,7375,,,-0.11103157699108124,,0.11103157699108124,
922,7383,,,-0.11086699366569519,,0.11086699366569519,
923,7391,,,-0.11134444922208786,,0.11134444922208786,
924,7399,,,,-0.11935925483703613,,0.11935925483703613
924,7399,,,-0.11120681464672089,,0.11120681464672089,
925,7407,,,-0.11151327192783356,,0.11151327192783356,
926,7415,,,-0.11072337627410889,,0.11072337627410889,
927,7423,,,-0.11098907142877579,,0.11098907142877579,
928,7431,,,-0.11076002568006516,,0.11076002568006516,
929,7439,,,-0.11095032095909119,,0.11095032095909119,
930,7447,,,-0.11096633225679398,,0.11096633225679398,
931,7449,,,,-0.12136354297399521,,0.12136354297399521
931,7455,,,-0.11079688370227814,,0.11079688370227814,
932,7463,,,-0.1106744036078453,,0.1106744036078453,
933,7471,,,-0.11104903370141983,,0.11104903370141983,
934,7479,,,-0.11127779632806778,,0.11127779632806778,
935,7487,,,-0.11148099601268768,,0.11148099601268768,
936,7495,,,-0.1108962744474411,,0.1108962744474411,
937,7499,,,,-0.09835700690746307,,0.09835700690746307
937,7503,,,-0.11107870936393738,,0.11107870936393738,
938,7511,,,-0.11127464473247528,,0.11127464473247528,
939,7519,,,-0.11115369945764542,,0.11115369945764542,
940,7527,,,-0.11124946177005768,,0.11124946177005768,
941,7535,,,-0.11099854856729507,,0.11099854856729507,
942,7543,,,-0.11066337674856186,,0.11066337674856186,
943,7549,,,,-0.11726193130016327,,0.11726193130016327
943,7551,,,-0.11080422252416611,,0.11080422252416611,
944,7559,,,-0.11078909784555435,,0.11078909784555435,
945,7567,,,-0.11076557636260986,,0.11076557636260986,
946,7575,,,-0.11077706515789032,,0.11077706515789032,
947,7583,,,-0.1107151210308075,,0.1107151210308075,
948,7591,,,-0.11092401295900345,,0.11092401295900345,
949,7599,,,,-0.10607500374317169,,0.10607500374317169
949,7599,,,-0.1109660416841507,,0.1109660416841507,
950,7607,,,-0.11100505292415619,,0.11100505292415619,
951,7615,,,-0.11078459769487381,,0.11078459769487381,
952,7623,,,-0.11074117571115494,,0.11074117571115494,
953,7631,,,-0.11098310351371765,,0.11098310351371765,
954,7639,,,-0.1110236793756485,,0.1110236793756485,
955,7647,,,-0.1107899397611618,,0.1107899397611618,
956,7649,,,,-0.10994205623865128,,0.10994205623865128
956,7655,,,-0.11090808361768723,,0.11090808361768723,
957,7663,,,-0.11089255660772324,,0.11089255660772324,
958,7671,,,-0.1110648661851883,,0.1110648661851883,
959,7679,,,-0.11099032312631607,,0.11099032312631607,
960,7687,,,-0.11094442009925842,,0.11094442009925842,
961,7695,,,-0.11086305975914001,,0.11086305975914001,
962,7699,,,,-0.11615400016307831,,0.11615400016307831
962,7703,,,-0.11087483167648315,,0.11087483167648315,
963,7711,,,-0.11091271787881851,,0.11091271787881851,
964,7719,,,-0.11118945479393005,,0.11118945479393005,
965,7727,,,-0.11099623143672943,,0.11099623143672943,
966,7735,,,-0.11077293753623962,,0.11077293753623962,
967,7743,,,-0.11134671419858932,,0.11134671419858932,
968,7749,,,,-0.14285525679588318,,0.14285525679588318
968,7751,,,-0.11118006706237793,,0.11118006706237793,
969,7759,,,-0.11070272326469421,,0.11070272326469421,
970,7767,,,-0.1107826754450798,,0.1107826754450798,
971,7775,,,-0.11072970926761627,,0.11072970926761627,
972,7783,,,-0.11094199120998383,,0.11094199120998383,
973,7791,,,-0.11109995096921921,,0.11109995096921921,
974,7799,,,,-0.11134175956249237,,0.11134175956249237
974,7799,,,-0.11112454533576965,,0.11112454533576965,
975,7807,,,-0.1108999028801918,,0.1108999028801918,
976,7815,,,-0.11080846935510635,,0.11080846935510635,
977,7823,,,-0.11152932047843933,,0.11152932047843933,
978,7831,,,-0.11127191036939621,,0.11127191036939621,
979,7839,,,-0.11097283661365509,,0.11097283661365509,
980,7847,,,-0.11086336523294449,,0.11086336523294449,
981,7849,,,,-0.10354461520910263,,0.10354461520910263
981,7855,,,-0.11087875813245773,,0.11087875813245773,
982,7863,,,-0.11067221313714981,,0.11067221313714981,
983,7871,,,-0.1109597310423851,,0.1109597310423851,
984,7879,,,-0.11115507781505585,,0.11115507781505585,
985,7887,,,-0.1108778789639473,,0.1108778789639473,
986,7895,,,-0.11111297458410263,,0.11111297458410263,
987,7899,,,,-0.10553550720214844,,0.10553550720214844
987,7903,,,-0.11111540347337723,,0.11111540347337723,
988,7911,,,-0.11116542667150497,,0.11116542667150497,
989,7919,,,-0.11123912036418915,,0.11123912036418915,
990,7927,,,-0.11078327894210815,,0.11078327894210815,
991,7935,,,-0.11070501804351807,,0.11070501804351807,
992,7943,,,-0.11105942726135254,,0.11105942726135254,
993,7949,,,,-0.1098177433013916,,0.1098177433013916
993,7951,,,-0.1112850233912468,,0.1112850233912468,
994,7959,,,-0.1112988293170929,,0.1112988293170929,
995,7967,,,-0.11094080656766891,,0.11094080656766891,
996,7975,,,-0.11074212938547134,,0.11074212938547134,
997,7983,,,-0.11126075685024261,,0.11126075685024261,
998,7991,,,-0.11094275116920471,,0.11094275116920471,
999,7999,,,,-0.10628561675548553,,0.10628561675548553
999,7999,,,-0.11095244437456131,,0.11095244437456131,
1000,8007,,,-0.11081242561340332,,0.11081242561340332,
1001,8015,,,-0.11071527004241943,,0.11071527004241943,
1002,8023,,,-0.11069381237030029,,0.11069381237030029,
1003,8031,,,-0.11097878217697144,,0.11097878217697144,
1004,8039,,,-0.11075882613658905,,0.11075882613658905,
1005,8047,,,-0.11089963465929031,,0.11089963465929031,
1006,8049,,,,-0.10787434875965118,,0.10787434875965118
1006,8055,,,-0.1108073741197586,,0.1108073741197586,
1007,8063,,,-0.11104339361190796,,0.11104339361190796,
1008,8071,,,-0.11097850650548935,,0.11097850650548935,
1009,8079,,,-0.11116019636392593,,0.11116019636392593,
1010,8087,,,-0.11089535057544708,,0.11089535057544708,
1011,8095,,,-0.11125122010707855,,0.11125122010707855,
1012,8099,,,,-0.09789862483739853,,0.09789862483739853
1012,8103,,,-0.11122775822877884,,0.11122775822877884,
1013,8111,,,-0.1111040785908699,,0.1111040785908699,
1014,8119,,,-0.11082307249307632,,0.11082307249307632,
1015,8127,,,-0.11088158935308456,,0.11088158935308456,
1016,8135,,,-0.11084967106580734,,0.11084967106580734,
1017,8143,,,-0.11085793375968933,,0.11085793375968933,
1018,8149,,,,-0.1264662742614746,,0.1264662742614746
1018,8151,,,-0.11134295910596848,,0.11134295910596848,
1019,8159,,,-0.11125127226114273,,0.11125127226114273,
1020,8167,,,-0.11087621748447418,,0.11087621748447418,
1021,8175,,,-0.11078160256147385,,0.11078160256147385,
1022,8183,,,-0.11134481430053711,,0.11134481430053711,
1023,8191,,,-0.11080228537321091,,0.11080228537321091,
1024,8199,,,,-0.11475453525781631,,0.11475453525781631
1024,8199,,,-0.11128523200750351,,0.11128523200750351,
1025,8207,,,-0.11084315180778503,,0.11084315180778503,
1026,8215,,,-0.11113010346889496,,0.11113010346889496,
1027,8223,,,-0.11089368909597397,,0.11089368909597397,
1028,8231,,,-0.11098489910364151,,0.11098489910364151,
1029,8239,,,-0.11157893389463425,,0.11157893389463425,
1030,8247,,,-0.11117812246084213,,0.11117812246084213,
1031,8249,,,,-0.10286121070384979,,0.10286121070384979
1031,8255,,,-0.11084093153476715,,0.11084093153476715,
1032,8263,,,-0.11107899248600006,,0.11107899248600006,
1033,8271,,,-0.11141916364431381,,0.11141916364431381,
1034,8279,,,-0.11128158122301102,,0.11128158122301102,
1035,8287,,,-0.11161074042320251,,0.11161074042320251,
1036,8295,,,-0.11098632961511612,,0.11098632961511612,
1037,8299,,,,-0.10077252238988876,,0.10077252238988876
1037,8303,,,-0.1108015775680542,,0.1108015775680542,
1038,8311,,,-0.11093024909496307,,0.11093024909496307,
1039,8319,,,-0.11093204468488693,,0.11093204468488693,
1040,8327,,,-0.11055579781532288,,0.11055579781532288,
1041,8335,,,-0.11107353866100311,,0.11107353866100311,
1042,8343,,,-0.11076448112726212,,0.11076448112726212,
1043,8349,,,,-0.13660387694835663,,0.13660387694835663
1043,8351,,,-0.11100878566503525,,0.11100878566503525,
1044,8359,,,-0.11092741787433624,,0.11092741787433624,
1045,8367,,,-0.11107620596885681,,0.11107620596885681,
1046,8375,,,-0.11125177145004272,,0.11125177145004272,
1047,8383,,,-0.11134394258260727,,0.11134394258260727,
1048,8391,,,-0.11100556701421738,,0.11100556701421738,
1049,8399,,,,-0.08454789966344833,,0.08454789966344833
1049,8399,,,-0.11120462417602539,,0.11120462417602539,
1050,8407,,,-0.11097583174705505,,0.11097583174705505,
1051,8415,,,-0.11087468266487122,,0.11087468266487122,
1052,8423,,,-0.11091883480548859,,0.11091883480548859,
1053,8431,,,-0.11169138550758362,,0.11169138550758362,
1054,8439,,,-0.11100874096155167,,0.11100874096155167,
1055,8447,,,-0.11112011969089508,,0.11112011969089508,
1056,8449,,,,-0.11688542366027832,,0.11688542366027832
1056,8455,,,-0.11100654304027557,,0.11100654304027557,
1057,8463,,,-0.11097681522369385,,0.11097681522369385,
1058,8471,,,-0.11095543205738068,,0.11095543205738068,
1059,8479,,,-0.11100371181964874,,0.11100371181964874,
1060,8487,,,-0.11107586324214935,,0.11107586324214935,
1061,8495,,,-0.11101488023996353,,0.11101488023996353,
1062,8499,,,,-0.09322376549243927,,0.09322376549243927
1062,8503,,,-0.11094793677330017,,0.11094793677330017,
1063,8511,,,-0.11089875549077988,,0.11089875549077988,
1064,8519,,,-0.11097128689289093,,0.11097128689289093,
1065,8527,,,-0.1108916848897934,,0.1108916848897934,
1066,8535,,,-0.1110977753996849,,0.1110977753996849,
1067,8543,,,-0.1110089123249054,,0.1110089123249054,
1068,8549,,,,-0.11377711594104767,,0.11377711594104767
1068,8551,,,-0.11119978129863739,,0.11119978129863739,
1069,8559,,,-0.11081573367118835,,0.11081573367118835,
1070,8567,,,-0.11138684302568436,,0.11138684302568436,
1071,8575,,,-0.11103153228759766,,0.11103153228759766,
1072,8583,,,-0.11117643862962723,,0.11117643862962723,
1073,8591,,,-0.11104816943407059,,0.11104816943407059,
1074,8599,,,,-0.11652717739343643,,0.11652717739343643
1074,8599,,,-0.11100956797599792,,0.11100956797599792,
1075,8607,,,-0.11101516336202621,,0.11101516336202621,
1076,8615,,,-0.11117775738239288,,0.11117775738239288,
1077,8623,,,-0.11115826666355133,,0.11115826666355133,
1078,8631,,,-0.11102209240198135,,0.11102209240198135,
1079,8639,,,-0.110955148935318,,0.110955148935318,
1080,8647,,,-0.11112802475690842,,0.11112802475690842,
1081,8649,,,,-0.10092449188232422,,0.10092449188232422
1081,8655,,,-0.11103004217147827,,0.11103004217147827,
1082,8663,,,-0.11083278805017471,,0.11083278805017471,
1083,8671,,,-0.11117025464773178,,0.11117025464773178,
1084,8679,,,-0.11136867851018906,,0.11136867851018906,
1085,8687,,,-0.1109970435500145,,0.1109970435500145,
1086,8695,,,-0.11101599037647247,,0.11101599037647247,
1087,8699,,,,-0.130401611328125,,0.130401611328125
1087,8703,,,-0.11087426543235779,,0.11087426543235779,
1088,8711,,,-0.11094338446855545,,0.11094338446855545,
1089,8719,,,-0.11107868701219559,,0.11107868701219559,
1090,8727,,,-0.11108161509037018,,0.11108161509037018,
1091,8735,,,-0.11124830693006516,,0.11124830693006516,
1092,8743,,,-0.11119230836629868,,0.11119230836629868,
1093,8749,,,,-0.1066342368721962,,0.1066342368721962
1093,8751,,,-0.11100661754608154,,0.11100661754608154,
1094,8759,,,-0.11101419478654861,,0.11101419478654861,
1095,8767,,,-0.11107911169528961,,0.11107911169528961,
1096,8775,,,-0.11169695109128952,,0.11169695109128952,
1097,8783,,,-0.11115830391645432,,0.11115830391645432,
1098,8791,,,-0.11104610562324524,,0.11104610562324524,
1099,8799,,,,-0.1077844649553299,,0.1077844649553299
1099,8799,,,-0.11095105856657028,,0.11095105856657028,
1100,8807,,,-0.11103489995002747,,0.11103489995002747,
1101,8815,,,-0.1111738532781601,,0.1111738532781601,
1102,8823,,,-0.11113939434289932,,0.11113939434289932,
1103,8831,,,-0.11117293685674667,,0.11117293685674667,
1104,8839,,,-0.1111377701163292,,0.1111377701163292,
1105,8847,,,-0.11107092350721359,,0.11107092350721359,
1106,8849,,,,-0.11165380477905273,,0.11165380477905273
1106,8855,,,-0.11104146391153336,,0.11104146391153336,
1107,8863,,,-0.11108771711587906,,0.11108771711587906,
1108,8871,,,-0.1110631451010704,,0.1110631451010704,
1109,8879,,,-0.11101168394088745,,0.11101168394088745,
1110,8887,,,-0.11078391224145889,,0.11078391224145889,
1111,8895,,,-0.11119265109300613,,0.11119265109300613,
1112,8899,,,,-0.099095918238163,,0.099095918238163
1112,8903,,,-0.1110474094748497,,0.1110474094748497,
1113,8911,,,-0.1109125018119812,,0.1109125018119812,
1114,8919,,,-0.11113660782575607,,0.11113660782575607,
1115,8927,,,-0.11101321130990982,,0.11101321130990982,
1116,8935,,,-0.11104106158018112,,0.11104106158018112,
1117,8943,,,-0.11171194165945053,,0.11171194165945053,
1118,8949,,,,-0.11791114509105682,,0.11791114509105682
1118,8951,,,-0.11098650097846985,,0.11098650097846985,
1119,8959,,,-0.11106662452220917,,0.11106662452220917,
1120,8967,,,-0.11113149672746658,,0.11113149672746658,
1121,8975,,,-0.11124522984027863,,0.11124522984027863,
1122,8983,,,-0.11100035160779953,,0.11100035160779953,
1123,8991,,,-0.11111389100551605,,0.11111389100551605,
1124,8999,,,,-0.09877438843250275,,0.09877438843250275
1124,8999,,,-0.11100514233112335,,0.11100514233112335,
1125,9007,,,-0.11135589331388474,,0.11135589331388474,
1126,9015,,,-0.11107591539621353,,0.11107591539621353,
1127,9023,,,-0.11133955419063568,,0.11133955419063568,
1128,9031,,,-0.11115367710590363,,0.11115367710590363,
1129,9039,,,-0.1111714094877243,,0.1111714094877243,
1130,9047,,,-0.11099893599748611,,0.11099893599748611,
1131,9049,,,,-0.10324783623218536,,0.10324783623218536
1131,9055,,,-0.11086835712194443,,0.11086835712194443,
1132,9063,,,-0.11120610684156418,,0.11120610684156418,
1133,9071,,,-0.11134129762649536,,0.11134129762649536,
1134,9079,,,-0.11139577627182007,,0.11139577627182007,
1135,9087,,,-0.11104463040828705,,0.11104463040828705,
1136,9095,,,-0.11109308153390884,,0.11109308153390884,
1137,9099,,,,-0.11147522926330566,,0.11147522926330566
1137,9103,,,-0.1110830307006836,,0.1110830307006836,
1138,9111,,,-0.11127717047929764,,0.11127717047929764,
1139,9119,,,-0.11133155226707458,,0.11133155226707458,
1140,9127,,,-0.11087504774332047,,0.11087504774332047,
1141,9135,,,-0.1109636202454567,,0.1109636202454567,
1142,9143,,,-0.11099482327699661,,0.11099482327699661,
1143,9149,,,,-0.11453180015087128,,0.11453180015087128
1143,9151,,,-0.11093924194574356,,0.11093924194574356,
1144,9159,,,-0.11121238023042679,,0.11121238023042679,
1145,9167,,,-0.11111295223236084,,0.11111295223236084,
1146,9175,,,-0.11097285151481628,,0.11097285151481628,
1147,9183,,,-0.1112775132060051,,0.1112775132060051,
1148,9191,,,-0.11084301769733429,,0.11084301769733429,
1149,9199,,,,-0.12385735660791397,,0.12385735660791397
1149,9199,,,-0.11097384989261627,,0.11097384989261627,
1150,9207,,,-0.11113733798265457,,0.11113733798265457,
1151,9215,,,-0.1110149547457695,,0.1110149547457695,
1152,9223,,,-0.11136537045240402,,0.11136537045240402,
1153,9231,,,-0.11157634109258652,,0.11157634109258652,
1154,9239,,,-0.11154095828533173,,0.11154095828533173,
1155,9247,,,-0.11106053739786148,,0.11106053739786148,
1156,9249,,,,-0.10650677978992462,,0.10650677978992462
1156,9255,,,-0.11114823073148727,,0.11114823073148727,
1157,9263,,,-0.11108017712831497,,0.11108017712831497,
1158,9271,,,-0.11104436963796616,,0.11104436963796616,
1159,9279,,,-0.11106953024864197,,0.11106953024864197,
1160,9287,,,-0.11126282811164856,,0.11126282811164856,
1161,9295,,,-0.11119657009840012,,0.11119657009840012,
1162,9299,,,,-0.09600368142127991,,0.09600368142127991
1162,9303,,,-0.1109546646475792,,0.1109546646475792,
1163,9311,,,-0.11129148304462433,,0.11129148304462433,
1164,9319,,,-0.11087386310100555,,0.11087386310100555,
1165,9327,,,-0.11116968840360641,,0.11116968840360641,
1166,9335,,,-0.11087330430746078,,0.11087330430746078,
1167,9343,,,-0.1110173687338829,,0.1110173687338829,
1168,9349,,,,-0.12572069466114044,,0.12572069466114044
1168,9351,,,-0.1109718605875969,,0.1109718605875969,
1169,9359,,,-0.11117039620876312,,0.11117039620876312,
1170,9367,,,-0.11099252849817276,,0.11099252849817276,
1171,9375,,,-0.11096139997243881,,0.11096139997243881,
1172,9383,,,-0.11107872426509857,,0.11107872426509857,
1173,9391,,,-0.11104841530323029,,0.11104841530323029,
1174,9399,,,,-0.1100563108921051,,0.1100563108921051
1174,9399,,,-0.11105849593877792,,0.11105849593877792,
1175,9407,,,-0.11099013686180115,,0.11099013686180115,
1176,9415,,,-0.11112213134765625,,0.11112213134765625,
1177,9423,,,-0.11135495454072952,,0.11135495454072952,
1178,9431,,,-0.11093862354755402,,0.11093862354755402,
1179,9439,,,-0.11091132462024689,,0.11091132462024689,
1180,9447,,,-0.11091066896915436,,0.11091066896915436,
1181,9449,,,,-0.12600822746753693,,0.12600822746753693
1181,9455,,,-0.11103851348161697,,0.11103851348161697,
1182,9463,,,-0.11134789139032364,,0.11134789139032364,
1183,9471,,,-0.11100646108388901,,0.11100646108388901,
1184,9479,,,-0.11104929447174072,,0.11104929447174072,
1185,9487,,,-0.11112423241138458,,0.11112423241138458,
1186,9495,,,-0.111110620200634,,0.111110620200634,
1187,9499,,,,-0.11206751316785812,,0.11206751316785812
1187,9503,,,-0.11098942905664444,,0.11098942905664444,
1188,9511,,,-0.11118125170469284,,0.11118125170469284,
1189,9519,,,-0.11109459400177002,,0.11109459400177002,
1190,9527,,,-0.11107806116342545,,0.11107806116342545,
1191,9535,,,-0.1108723059296608,,0.1108723059296608,
1192,9543,,,-0.1110367700457573,,0.1110367700457573,
1193,9549,,,,-0.12376508861780167,,0.12376508861780167
1193,9551,,,-0.11098313331604004,,0.11098313331604004,
1194,9559,,,-0.11121370643377304,,0.11121370643377304,
1195,9567,,,-0.11104820668697357,,0.11104820668697357,
1196,9575,,,-0.11137768626213074,,0.11137768626213074,
1197,9583,,,-0.11102717369794846,,0.11102717369794846,
1198,9591,,,-0.11117230355739594,,0.11117230355739594,
1199,9599,,,,-0.11934614181518555,,0.11934614181518555
1199,9599,,,-0.11106672137975693,,0.11106672137975693,
1200,9607,,,-0.11128925532102585,,0.11128925532102585,
1201,9615,,,-0.11103463172912598,,0.11103463172912598,
1202,9623,,,-0.11132166534662247,,0.11132166534662247,
1203,9631,,,-0.11106213182210922,,0.11106213182210922,
1204,9639,,,-0.11102727055549622,,0.11102727055549622,
1205,9647,,,-0.11102738976478577,,0.11102738976478577,
1206,9649,,,,-0.10049858689308167,,0.10049858689308167
1206,9655,,,-0.1115027368068695,,0.1115027368068695,
1207,9663,,,-0.11106371134519577,,0.11106371134519577,
1208,9671,,,-0.11113864928483963,,0.11113864928483963,
1209,9679,,,-0.11125396937131882,,0.11125396937131882,
1210,9687,,,-0.11114974319934845,,0.11114974319934845,
1211,9695,,,-0.11099262535572052,,0.11099262535572052,
1212,9699,,,,-0.10331754386425018,,0.10331754386425018
1212,9703,,,-0.11111535876989365,,0.11111535876989365,
1213,9711,,,-0.11098113656044006,,0.11098113656044006,
1214,9719,,,-0.11110195517539978,,0.11110195517539978,
1215,9727,,,-0.1109977513551712,,0.1109977513551712,
1216,9735,,,-0.11110882461071014,,0.11110882461071014,
1217,9743,,,-0.11103629320859909,,0.11103629320859909,
1218,9749,,,,-0.1038789302110672,,0.1038789302110672
1218,9751,,,-0.11146845668554306,,0.11146845668554306,
1219,9759,,,-0.11124802380800247,,0.11124802380800247,
1220,9767,,,-0.11137648671865463,,0.11137648671865463,
1221,9775,,,-0.1113688126206398,,0.1113688126206398,
1222,9783,,,-0.11134108901023865,,0.11134108901023865,
1223,9791,,,-0.11123093217611313,,0.11123093217611313,
1224,9799,,,,-0.11803513020277023,,0.11803513020277023
1224,9799,,,-0.11128325015306473,,0.11128325015306473,
1225,9807,,,-0.1110340803861618,,0.1110340803861618,
1226,9815,,,-0.11107044667005539,,0.11107044667005539,
1227,9823,,,-0.11138571798801422,,0.11138571798801422,
1228,9831,,,-0.11109811812639236,,0.11109811812639236,
1229,9839,,,-0.11124704778194427,,0.11124704778194427,
1230,9847,,,-0.11115502566099167,,0.11115502566099167,
1231,9849,,,,-0.11737928539514542,,0.11737928539514542
1231,9855,,,-0.11101596802473068,,0.11101596802473068,
1232,9863,,,-0.11150296777486801,,0.11150296777486801,
1233,9871,,,-0.11115836352109909,,0.11115836352109909,
1234,9879,,,-0.11154451966285706,,0.11154451966285706,
1235,9887,,,-0.11115140467882156,,0.11115140467882156,
1236,9895,,,-0.11096490174531937,,0.11096490174531937,
1237,9899,,,,-0.10229625552892685,,0.10229625552892685
1237,9903,,,-0.11114779114723206,,0.11114779114723206,
1238,9911,,,-0.11144128441810608,,0.11144128441810608,
1239,9919,,,-0.11133015155792236,,0.11133015155792236,
1240,9927,,,-0.11116628348827362,,0.11116628348827362,
1241,9935,,,-0.11121930927038193,,0.11121930927038193,
1242,9943,,,-0.11100120842456818,,0.11100120842456818,
1243,9949,,,,-0.10562758892774582,,0.10562758892774582
1243,9951,,,-0.11111947894096375,,0.11111947894096375,
1244,9959,,,-0.11138156801462173,,0.11138156801462173,
1245,9967,,,-0.11127492785453796,,0.11127492785453796,
1246,9975,,,-0.11111016571521759,,0.11111016571521759,
1247,9983,,,-0.11119837313890457,,0.11119837313890457,
1248,9991,,,-0.11123999208211899,,0.11123999208211899,
1249,9999,,,,-0.12774905562400818,,0.12774905562400818
1249,9999,,,-0.11102388054132462,,0.11102388054132462,
1250,10007,,,-0.11100870370864868,,0.11100870370864868,
1251,10015,,,-0.11134380847215652,,0.11134380847215652,
1252,10023,,,-0.11175257712602615,,0.11175257712602615,
1253,10031,,,-0.11108405888080597,,0.11108405888080597,
1254,10039,,,-0.11112528294324875,,0.11112528294324875,
1255,10047,,,-0.11125167459249496,,0.11125167459249496,
1256,10049,,,,-0.11087799072265625,,0.11087799072265625
1256,10055,,,-0.11113222688436508,,0.11113222688436508,
1257,10063,,,-0.11130904406309128,,0.11130904406309128,
1258,10071,,,-0.1113719493150711,,0.1113719493150711,
1259,10079,,,-0.11122047156095505,,0.11122047156095505,
1260,10087,,,-0.11116209626197815,,0.11116209626197815,
1261,10095,,,-0.11096163094043732,,0.11096163094043732,
1262,10099,,,,-0.09433555603027344,,0.09433555603027344
1262,10103,,,-0.11136158555746078,,0.11136158555746078,
1263,10111,,,-0.11106208711862564,,0.11106208711862564,
1264,10119,,,-0.11135847121477127,,0.11135847121477127,
1265,10127,,,-0.11137481778860092,,0.11137481778860092,
1266,10135,,,-0.11096256226301193,,0.11096256226301193,
1267,10143,,,-0.11106862872838974,,0.11106862872838974,
1268,10149,,,,-0.10998859256505966,,0.10998859256505966
1268,10151,,,-0.1114182248711586,,0.1114182248711586,
1269,10159,,,-0.11129911243915558,,0.11129911243915558,
1270,10167,,,-0.11121513694524765,,0.11121513694524765,
1271,10175,,,-0.111504465341568,,0.111504465341568,
1272,10183,,,-0.111263707280159,,0.111263707280159,
1273,10191,,,-0.1110062524676323,,0.1110062524676323,
1274,10199,,,,-0.08855457603931427,,0.08855457603931427
1274,10199,,,-0.11138719320297241,,0.11138719320297241,
1275,10207,,,-0.1115829199552536,,0.1115829199552536,
1276,10215,,,-0.11138559877872467,,0.11138559877872467,
1277,10223,,,-0.11162454634904861,,0.11162454634904861,
1278,10231,,,-0.11113943159580231,,0.11113943159580231,
1279,10239,,,-0.11108790338039398,,0.11108790338039398,
1280,10247,,,-0.11117714643478394,,0.11117714643478394,
1281,10249,,,,-0.1260131299495697,,0.1260131299495697
1281,10255,,,-0.111662857234478,,0.111662857234478,
1282,10263,,,-0.11104153096675873,,0.11104153096675873,
1283,10271,,,-0.11127152293920517,,0.11127152293920517,
1284,10279,,,-0.11116296052932739,,0.11116296052932739,
1285,10287,,,-0.11101128906011581,,0.11101128906011581,
1286,10295,,,-0.11113383620977402,,0.11113383620977402,
1287,10299,,,,-0.1096186637878418,,0.1096186637878418
1287,10303,,,-0.11121316999197006,,0.11121316999197006,
1288,10311,,,-0.11130397766828537,,0.11130397766828537,
1289,10319,,,-0.11126925051212311,,0.11126925051212311,
1290,10327,,,-0.11118022352457047,,0.11118022352457047,
1291,10335,,,-0.11109696328639984,,0.11109696328639984,
1292,10343,,,-0.11110851913690567,,0.11110851913690567,
1293,10349,,,,-0.10456333309412003,,0.10456333309412003
1293,10351,,,-0.11140365153551102,,0.11140365153551102,
1294,10359,,,-0.11145856976509094,,0.11145856976509094,
1295,10367,,,-0.11115211248397827,,0.11115211248397827,
1296,10375,,,-0.11128772050142288,,0.11128772050142288,
1297,10383,,,-0.11148779094219208,,0.11148779094219208,
1298,10391,,,-0.11105982959270477,,0.11105982959270477,
1299,10399,,,,-0.12142443656921387,,0.12142443656921387
1299,10399,,,-0.1110273078083992,,0.1110273078083992,
1300,10407,,,-0.11111130565404892,,0.11111130565404892,
1301,10415,,,-0.11131695657968521,,0.11131695657968521,
1302,10423,,,-0.11160825192928314,,0.11160825192928314,
1303,10431,,,-0.11132074147462845,,0.11132074147462845,
1304,10439,,,-0.11133398115634918,,0.11133398115634918,
1305,10447,,,-0.11087077856063843,,0.11087077856063843,
1306,10449,,,,-0.10708179324865341,,0.10708179324865341
1306,10455,,,-0.1115400493144989,,0.1115400493144989,
1307,10463,,,-0.1112181544303894,,0.1112181544303894,
1308,10471,,,-0.11128774285316467,,0.11128774285316467,
1309,10479,,,-0.11118719726800919,,0.11118719726800919,
1310,10487,,,-0.1111031249165535,,0.1111031249165535,
1311,10495,,,-0.11130493134260178,,0.11130493134260178,
1312,10499,,,,-0.11582126468420029,,0.11582126468420029
1312,10503,,,-0.11156976222991943,,0.11156976222991943,
1313,10511,,,-0.11133827269077301,,0.11133827269077301,
1314,10519,,,-0.11131581664085388,,0.11131581664085388,
1315,10527,,,-0.11091376841068268,,0.11091376841068268,
1316,10535,,,-0.11144673079252243,,0.11144673079252243,
1317,10543,,,-0.11102745682001114,,0.11102745682001114,
1318,10549,,,,-0.10437621921300888,,0.10437621921300888
1318,10551,,,-0.11096921563148499,,0.11096921563148499,
1319,10559,,,-0.11130944639444351,,0.11130944639444351,
1320,10567,,,-0.11144709587097168,,0.11144709587097168,
1321,10575,,,-0.11152166873216629,,0.11152166873216629,
1322,10583,,,-0.11130859702825546,,0.11130859702825546,
1323,10591,,,-0.11134743690490723,,0.11134743690490723,
1324,10599,,,,-0.10562010109424591,,0.10562010109424591
1324,10599,,,-0.11139146983623505,,0.11139146983623505,
1325,10607,,,-0.1112477257847786,,0.1112477257847786,
1326,10615,,,-0.11119481176137924,,0.11119481176137924,
1327,10623,,,-0.11131257563829422,,0.11131257563829422,
1328,10631,,,-0.11154785007238388,,0.11154785007238388,
1329,10639,,,-0.11111840605735779,,0.11111840605735779,
1330,10647,,,-0.11126319319009781,,0.11126319319009781,
1331,10649,,,,-0.11086511611938477,,0.11086511611938477
1331,10655,,,-0.1112772673368454,,0.1112772673368454,
1332,10663,,,-0.11160270124673843,,0.11160270124673843,
1333,10671,,,-0.11134859919548035,,0.11134859919548035,
1334,10679,,,-0.11143933981657028,,0.11143933981657028,
1335,10687,,,-0.11076834797859192,,0.11076834797859192,
1336,10695,,,-0.11146945506334305,,0.11146945506334305,
1337,10699,,,,-0.10832762718200684,,0.10832762718200684
1337,10703,,,-0.11106419563293457,,0.11106419563293457,
1338,10711,,,-0.11134546250104904,,0.11134546250104904,
1339,10719,,,-0.11116058379411697,,0.11116058379411697,
1340,10727,,,-0.11132536828517914,,0.11132536828517914,
1341,10735,,,-0.11134802550077438,,0.11134802550077438,
1342,10743,,,-0.11157535761594772,,0.11157535761594772,
1343,10749,,,,-0.1124819740653038,,0.1124819740653038
1343,10751,,,-0.11127198487520218,,0.11127198487520218,
1344,10759,,,-0.11108966916799545,,0.11108966916799545,
1345,10767,,,-0.11131030321121216,,0.11131030321121216,
1346,10775,,,-0.11145983636379242,,0.11145983636379242,
1347,10783,,,-0.11152441054582596,,0.11152441054582596,
1348,10791,,,-0.11107063293457031,,0.11107063293457031,
1349,10799,,,,-0.0938480868935585,,0.0938480868935585
1349,10799,,,-0.1113525778055191,,0.1113525778055191,
1350,10807,,,-0.11125904321670532,,0.11125904321670532,
1351,10815,,,-0.11121951788663864,,0.11121951788663864,
1352,10823,,,-0.11129366606473923,,0.11129366606473923,
1353,10831,,,-0.11126778274774551,,0.11126778274774551,
1354,10839,,,-0.1112075075507164,,0.1112075075507164,
1355,10847,,,-0.11123012751340866,,0.11123012751340866,
1356,10849,,,,-0.12100010365247726,,0.12100010365247726
1356,10855,,,-0.11116638034582138,,0.11116638034582138,
1357,10863,,,-0.1112281009554863,,0.1112281009554863,
1358,10871,,,-0.11135777831077576,,0.11135777831077576,
1359,10879,,,-0.11146616190671921,,0.11146616190671921,
1360,10887,,,-0.11128692328929901,,0.11128692328929901,
1361,10895,,,-0.11111658066511154,,0.11111658066511154,
1362,10899,,,,-0.11084985733032227,,0.11084985733032227
1362,10903,,,-0.11134018748998642,,0.11134018748998642,
1363,10911,,,-0.1111179068684578,,0.1111179068684578,
1364,10919,,,-0.11139809340238571,,0.11139809340238571,
1365,10927,,,-0.11121515184640884,,0.11121515184640884,
1366,10935,,,-0.11137715727090836,,0.11137715727090836,
1367,10943,,,-0.11127196997404099,,0.11127196997404099,
1368,10949,,,,-0.10641894489526749,,0.10641894489526749
1368,10951,,,-0.11113408207893372,,0.11113408207893372,
1369,10959,,,-0.1115584447979927,,0.1115584447979927,
1370,10967,,,-0.11153558641672134,,0.11153558641672134,
1371,10975,,,-0.11112853139638901,,0.11112853139638901,
1372,10983,,,-0.11117209494113922,,0.11117209494113922,
1373,10991,,,-0.11150545626878738,,0.11150545626878738,
1374,10999,,,,-0.09100494533777237,,0.09100494533777237
1374,10999,,,-0.11118803918361664,,0.11118803918361664,
1375,11007,,,-0.11121632158756256,,0.11121632158756256,
1376,11015,,,-0.11133696138858795,,0.11133696138858795,
1377,11023,,,-0.11145970225334167,,0.11145970225334167,
1378,11031,,,-0.11129100620746613,,0.11129100620746613,
1379,11039,,,-0.1113816648721695,,0.1113816648721695,
1380,11047,,,-0.11126318573951721,,0.11126318573951721,
1381,11049,,,,-0.12542696297168732,,0.12542696297168732
1381,11055,,,-0.11124492436647415,,0.11124492436647415,
1382,11063,,,-0.11124450713396072,,0.11124450713396072,
1383,11071,,,-0.11124992370605469,,0.11124992370605469,
1384,11079,,,-0.11211390048265457,,0.11211390048265457,
1385,11087,,,-0.11131370812654495,,0.11131370812654495,
1386,11095,,,-0.11128104478120804,,0.11128104478120804,
1387,11099,,,,-0.08813633769750595,,0.08813633769750595
1387,11103,,,-0.11145931482315063,,0.11145931482315063,
1388,11111,,,-0.11158548295497894,,0.11158548295497894,
1389,11119,,,-0.11120253056287766,,0.11120253056287766,
1390,11127,,,-0.11108017712831497,,0.11108017712831497,
1391,11135,,,-0.1114007905125618,,0.1114007905125618,
1392,11143,,,-0.11114321649074554,,0.11114321649074554,
1393,11149,,,,-0.10191293060779572,,0.10191293060779572
1393,11151,,,-0.11133015155792236,,0.11133015155792236,
1394,11159,,,-0.1112380400300026,,0.1112380400300026,
1395,11167,,,-0.1115218847990036,,0.1115218847990036,
1396,11175,,,-0.11122192442417145,,0.11122192442417145,
1397,11183,,,-0.1112302616238594,,0.1112302616238594,
1398,11191,,,-0.1112174540758133,,0.1112174540758133,
1399,11199,,,,-0.0680905357003212,,0.0680905357003212
1399,11199,,,-0.11204588413238525,,0.11204588413238525,
1400,11207,,,-0.11141638457775116,,0.11141638457775116,
1401,11215,,,-0.11151851713657379,,0.11151851713657379,
1402,11223,,,-0.11138028651475906,,0.11138028651475906,
1403,11231,,,-0.1116969883441925,,0.1116969883441925,
1404,11239,,,-0.11155766248703003,,0.11155766248703003,
1405,11247,,,-0.11157866567373276,,0.11157866567373276,
1406,11249,,,,-0.09629278630018234,,0.09629278630018234
1406,11255,,,-0.11149846017360687,,0.11149846017360687,
1407,11263,,,-0.11133837699890137,,0.11133837699890137,
1408,11271,,,-0.11127280443906784,,0.11127280443906784,
1409,11279,,,-0.1112961396574974,,0.1112961396574974,
1410,11287,,,-0.1110997349023819,,0.1110997349023819,
1411,11295,,,-0.11128603667020798,,0.11128603667020798,
1412,11299,,,,-0.11961545795202255,,0.11961545795202255
1412,11303,,,-0.11140064895153046,,0.11140064895153046,
1413,11311,,,-0.11130495369434357,,0.11130495369434357,
1414,11319,,,-0.11131196469068527,,0.11131196469068527,
1415,11327,,,-0.11134500801563263,,0.11134500801563263,
1416,11335,,,-0.1114354357123375,,0.1114354357123375,
1417,11343,,,-0.11127917468547821,,0.11127917468547821,
1418,11349,,,,-0.12078314274549484,,0.12078314274549484
1418,11351,,,-0.11154692620038986,,0.11154692620038986,
1419,11359,,,-0.11133715510368347,,0.11133715510368347,
1420,11367,,,-0.11128634959459305,,0.11128634959459305,
1421,11375,,,-0.11140453070402145,,0.11140453070402145,
1422,11383,,,-0.11141644418239594,,0.11141644418239594,
1423,11391,,,-0.11135353147983551,,0.11135353147983551,
1424,11399,,,,-0.10889454185962677,,0.10889454185962677
1424,11399,,,-0.11119440943002701,,0.11119440943002701,
1425,11407,,,-0.11165252327919006,,0.11165252327919006,
1426,11415,,,-0.11141812801361084,,0.11141812801361084,
1427,11423,,,-0.11108581721782684,,0.11108581721782684,
1428,11431,,,-0.1112188845872879,,0.1112188845872879,
1429,11439,,,-0.1115499883890152,,0.1115499883890152,
1430,11447,,,-0.11148250848054886,,0.11148250848054886,
1431,11449,,,,-0.11277508735656738,,0.11277508735656738
1431,11455,,,-0.11131152510643005,,0.11131152510643005,
1432,11463,,,-0.11118132621049881,,0.11118132621049881,
1433,11471,,,-0.11140435934066772,,0.11140435934066772,
1434,11479,,,-0.11127332597970963,,0.11127332597970963,
1435,11487,,,-0.11163312941789627,,0.11163312941789627,
1436,11495,,,-0.11139384657144547,,0.11139384657144547,
1437,11499,,,,-0.11844539642333984,,0.11844539642333984
1437,11503,,,-0.11146314442157745,,0.11146314442157745,
1438,11511,,,-0.11121336370706558,,0.11121336370706558,
1439,11519,,,-0.11168356984853745,,0.11168356984853745,
1440,11527,,,-0.11163792759180069,,0.11163792759180069,
1441,11535,,,-0.11160702258348465,,0.11160702258348465,
1442,11543,,,-0.11135296523571014,,0.11135296523571014,
1443,11549,,,,-0.13810129463672638,,0.13810129463672638
1443,11551,,,-0.11143891513347626,,0.11143891513347626,
1444,11559,,,-0.1112077608704567,,0.1112077608704567,
1445,11567,,,-0.11110088229179382,,0.11110088229179382,
1446,11575,,,-0.11143272370100021,,0.11143272370100021,
1447,11583,,,-0.11131833493709564,,0.11131833493709564,
1448,11591,,,-0.11156004667282104,,0.11156004667282104,
1449,11599,,,,-0.0842263251543045,,0.0842263251543045
1449,11599,,,-0.1114593893289566,,0.1114593893289566,
1450,11607,,,-0.1113777831196785,,0.1113777831196785,
1451,11615,,,-0.11129427701234818,,0.11129427701234818,
1452,11623,,,-0.1112855076789856,,0.1112855076789856,
1453,11631,,,-0.11137127876281738,,0.11137127876281738,
1454,11639,,,-0.11135533452033997,,0.11135533452033997,
1455,11647,,,-0.11118938028812408,,0.11118938028812408,
1456,11649,,,,-0.12257838249206543,,0.12257838249206543
1456,11655,,,-0.11174459010362625,,0.11174459010362625,
1457,11663,,,-0.11125537008047104,,0.11125537008047104,
1458,11671,,,-0.11152740567922592,,0.11152740567922592,
1459,11679,,,-0.11178909987211227,,0.11178909987211227,
1460,11687,,,-0.11130313575267792,,0.11130313575267792,
1461,11695,,,-0.11135651916265488,,0.11135651916265488,
1462,11699,,,,-0.11791829764842987,,0.11791829764842987
1462,11703,,,-0.11132783442735672,,0.11132783442735672,
1463,11711,,,-0.1113801896572113,,0.1113801896572113,
1464,11719,,,-0.11138726770877838,,0.11138726770877838,
1465,11727,,,-0.11111901700496674,,0.11111901700496674,
1466,11735,,,-0.11117003113031387,,0.11117003113031387,
1467,11743,,,-0.11142094433307648,,0.11142094433307648,
1468,11749,,,,-0.08870916813611984,,0.08870916813611984
1468,11751,,,-0.11149092763662338,,0.11149092763662338,
1469,11759,,,-0.11143434792757034,,0.11143434792757034,
1470,11767,,,-0.11132507026195526,,0.11132507026195526,
1471,11775,,,-0.11122307181358337,,0.11122307181358337,
1472,11783,,,-0.1114920899271965,,0.1114920899271965,
1473,11791,,,-0.11141365021467209,,0.11141365021467209,
1474,11799,,,,-0.086783267557621,,0.086783267557621
1474,11799,,,-0.11142713576555252,,0.11142713576555252,
1475,11807,,,-0.11157215386629105,,0.11157215386629105,
1476,11815,,,-0.11129078269004822,,0.11129078269004822,
1477,11823,,,-0.11126972734928131,,0.11126972734928131,
1478,11831,,,-0.11139680445194244,,0.11139680445194244,
1479,11839,,,-0.11141959577798843,,0.11141959577798843,
1480,11847,,,-0.11135070770978928,,0.11135070770978928,
1481,11849,,,,-0.16069936752319336,,0.16069936752319336
1481,11855,,,-0.11149786412715912,,0.11149786412715912,
1482,11863,,,-0.1114056259393692,,0.1114056259393692,
1483,11871,,,-0.11130873113870621,,0.11130873113870621,
1484,11879,,,-0.11135495454072952,,0.11135495454072952,
1485,11887,,,-0.11138330399990082,,0.11138330399990082,
1486,11895,,,-0.1115390881896019,,0.1115390881896019,
1487,11899,,,,-0.11137252300977707,,0.11137252300977707
1487,11903,,,-0.11134936660528183,,0.11134936660528183,
1488,11911,,,-0.11131760478019714,,0.11131760478019714,
1489,11919,,,-0.11129406839609146,,0.11129406839609146,
1490,11927,,,-0.11149118840694427,,0.11149118840694427,
1491,11935,,,-0.11149197816848755,,0.11149197816848755,
1492,11943,,,-0.11146669834852219,,0.11146669834852219,
1493,11949,,,,-0.12656068801879883,,0.12656068801879883
1493,11951,,,-0.11135789752006531,,0.11135789752006531,
1494,11959,,,-0.11143422871828079,,0.11143422871828079,
1495,11967,,,-0.11108612269163132,,0.11108612269163132,
1496,11975,,,-0.11147568374872208,,0.11147568374872208,
1497,11983,,,-0.11148647218942642,,0.11148647218942642,
1498,11991,,,-0.11148738116025925,,0.11148738116025925,
1499,11999,,,,-0.11652432382106781,,0.11652432382106781
1499,11999,,,-0.11132688075304031,,0.11132688075304031,
1500,12007,,,-0.11120729893445969,,0.11120729893445969,
1501,12015,,,-0.11148709803819656,,0.11148709803819656,
1502,12023,,,-0.11140146851539612,,0.11140146851539612,
1503,12031,,,-0.1116657629609108,,0.1116657629609108,
1504,12039,,,-0.11145223677158356,,0.11145223677158356,
1505,12047,,,-0.11131919175386429,,0.11131919175386429,
1506,12049,,,,-0.11982451379299164,,0.11982451379299164
1506,12055,,,-0.11136628687381744,,0.11136628687381744,
1507,12063,,,-0.11148930341005325,,0.11148930341005325,
1508,12071,,,-0.11151205748319626,,0.11151205748319626,
1509,12079,,,-0.11151506006717682,,0.11151506006717682,
1510,12087,,,-0.11175380647182465,,0.11175380647182465,
1511,12095,,,-0.11137007176876068,,0.11137007176876068,
1512,12099,,,,-0.11258797347545624,,0.11258797347545624
1512,12103,,,-0.11131276935338974,,0.11131276935338974,
1513,12111,,,-0.1113486960530281,,0.1113486960530281,
1514,12119,,,-0.11159463226795197,,0.11159463226795197,
1515,12127,,,-0.11138225346803665,,0.11138225346803665,
1516,12135,,,-0.11128444969654083,,0.11128444969654083,
1517,12143,,,-0.11162127554416656,,0.11162127554416656,
1518,12149,,,,-0.12838850915431976,,0.12838850915431976
1518,12151,,,-0.1113576665520668,,0.1113576665520668,
1519,12159,,,-0.11160343885421753,,0.11160343885421753,
1520,12167,,,-0.11138632893562317,,0.11138632893562317,
1521,12175,,,-0.11149667948484421,,0.11149667948484421,
1522,12183,,,-0.11145707964897156,,0.11145707964897156,
1523,12191,,,-0.11187989264726639,,0.11187989264726639,
1524,12199,,,,-0.10583077371120453,,0.10583077371120453
1524,12199,,,-0.11150037497282028,,0.11150037497282028,
1525,12207,,,-0.11136230826377869,,0.11136230826377869,
1526,12215,,,-0.11143893003463745,,0.11143893003463745,
1527,12223,,,-0.11124525219202042,,0.11124525219202042,
1528,12231,,,-0.11151964962482452,,0.11151964962482452,
1529,12239,,,-0.11157475411891937,,0.11157475411891937,
1530,12247,,,-0.11135479807853699,,0.11135479807853699,
1531,12249,,,,-0.11312127113342285,,0.11312127113342285
1531,12255,,,-0.11176590621471405,,0.11176590621471405,
1532,12263,,,-0.11150524020195007,,0.11150524020195007,
1533,12271,,,-0.11130321025848389,,0.11130321025848389,
1534,12279,,,-0.11169175058603287,,0.11169175058603287,
1535,12287,,,-0.11140073090791702,,0.11140073090791702,
1536,12295,,,-0.11166244745254517,,0.11166244745254517,
1537,12299,,,,-0.1250799149274826,,0.1250799149274826
1537,12303,,,-0.11139722913503647,,0.11139722913503647,
1538,12311,,,-0.11150134354829788,,0.11150134354829788,
1539,12319,,,-0.11188581585884094,,0.11188581585884094,
1540,12327,,,-0.11147186160087585,,0.11147186160087585,
1541,12335,,,-0.11145156621932983,,0.11145156621932983,
1542,12343,,,-0.11137646436691284,,0.11137646436691284,
1543,12349,,,,-0.12765417993068695,,0.12765417993068695
1543,12351,,,-0.11149588972330093,,0.11149588972330093,
1544,12359,,,-0.11176460236310959,,0.11176460236310959,
1545,12367,,,-0.11154050379991531,,0.11154050379991531,
1546,12375,,,-0.11130831390619278,,0.11130831390619278,
1547,12383,,,-0.11154941469430923,,0.11154941469430923,
1548,12391,,,-0.111672542989254,,0.111672542989254,
1549,12399,,,,-0.080419160425663,,0.080419160425663
1549,12399,,,-0.11163154244422913,,0.11163154244422913,
1550,12407,,,-0.11135881394147873,,0.11135881394147873,
1551,12415,,,-0.11146057397127151,,0.11146057397127151,
1552,12423,,,-0.11140929162502289,,0.11140929162502289,
1553,12431,,,-0.11180935055017471,,0.11180935055017471,
1554,12439,,,-0.1115696132183075,,0.1115696132183075,
1555,12447,,,-0.11164222657680511,,0.11164222657680511,
1556,12449,,,,-0.08286380767822266,,0.08286380767822266
1556,12455,,,-0.11173208057880402,,0.11173208057880402,
1557,12463,,,-0.1113571897149086,,0.1113571897149086,
1558,12471,,,-0.11184185743331909,,0.11184185743331909,
1559,12479,,,-0.11154304444789886,,0.11154304444789886,
1560,12487,,,-0.11136028915643692,,0.11136028915643692,
1561,12495,,,-0.11179875582456589,,0.11179875582456589,
1562,12499,,,,-0.09625816345214844,,0.09625816345214844
1562,12503,,,-0.1117577776312828,,0.1117577776312828,
1563,12511,,,-0.11159796267747879,,0.11159796267747879,
1564,12519,,,-0.11149702221155167,,0.11149702221155167,
1565,12527,,,-0.11127525568008423,,0.11127525568008423,
1566,12535,,,-0.11126268655061722,,0.11126268655061722,
1567,12543,,,-0.11174388229846954,,0.11174388229846954,
1568,12549,,,,-0.12330304086208344,,0.12330304086208344
1568,12551,,,-0.11136145889759064,,0.11136145889759064,
1569,12559,,,-0.11146442592144012,,0.11146442592144012,
1570,12567,,,-0.1117870882153511,,0.1117870882153511,
1571,12575,,,-0.11204760521650314,,0.11204760521650314,
1572,12583,,,-0.11157990992069244,,0.11157990992069244,
1573,12591,,,-0.11160844564437866,,0.11160844564437866,
1574,12599,,,,-0.12388649582862854,,0.12388649582862854
1574,12599,,,-0.11161485314369202,,0.11161485314369202,
1575,12607,,,-0.11132413148880005,,0.11132413148880005,
1576,12615,,,-0.11152826994657516,,0.11152826994657516,
1577,12623,,,-0.11126839369535446,,0.11126839369535446,
1578,12631,,,-0.11140963435173035,,0.11140963435173035,
1579,12639,,,-0.11150453984737396,,0.11150453984737396,
1580,12647,,,-0.1114354133605957,,0.1114354133605957,
1581,12649,,,,-0.1033930778503418,,0.1033930778503418
1581,12655,,,-0.11145446449518204,,0.11145446449518204,
1582,12663,,,-0.11170519888401031,,0.11170519888401031,
1583,12671,,,-0.11138845235109329,,0.11138845235109329,
1584,12679,,,-0.11162110418081284,,0.11162110418081284,
1585,12687,,,-0.11189140379428864,,0.11189140379428864,
1586,12695,,,-0.11156121641397476,,0.11156121641397476,
1587,12699,,,,-0.13293896615505219,,0.13293896615505219
1587,12703,,,-0.11173045635223389,,0.11173045635223389,
1588,12711,,,-0.11135412752628326,,0.11135412752628326,
1589,12719,,,-0.1115172877907753,,0.1115172877907753,
1590,12727,,,-0.11138862371444702,,0.11138862371444702,
1591,12735,,,-0.111156165599823,,0.111156165599823,
1592,12743,,,-0.11141392588615417,,0.11141392588615417,
1593,12749,,,,-0.0920293778181076,,0.0920293778181076
1593,12751,,,-0.1115761250257492,,0.1115761250257492,
1594,12759,,,-0.11139990389347076,,0.11139990389347076,
1595,12767,,,-0.111568383872509,,0.111568383872509,
1596,12775,,,-0.11168525367975235,,0.11168525367975235,
1597,12783,,,-0.11148186028003693,,0.11148186028003693,
1598,12791,,,-0.11124935001134872,,0.11124935001134872,
1599,12799,,,,-0.12073282897472382,,0.12073282897472382
1599,12799,,,-0.11162720620632172,,0.11162720620632172,
1600,12807,,,-0.11128021031618118,,0.11128021031618118,
1601,12815,,,-0.11114531010389328,,0.11114531010389328,
1602,12823,,,-0.11123420298099518,,0.11123420298099518,
1603,12831,,,-0.11173544824123383,,0.11173544824123383,
1604,12839,,,-0.111393041908741,,0.111393041908741,
1605,12847,,,-0.11154134571552277,,0.11154134571552277,
1606,12849,,,,-0.12801317870616913,,0.12801317870616913
1606,12855,,,-0.11163429915904999,,0.11163429915904999,
1607,12863,,,-0.11147742718458176,,0.11147742718458176,
1608,12871,,,-0.11157707870006561,,0.11157707870006561,
1609,12879,,,-0.11121535301208496,,0.11121535301208496,
1610,12887,,,-0.11138179898262024,,0.11138179898262024,
1611,12895,,,-0.11180919408798218,,0.11180919408798218,
1612,12899,,,,-0.08518801629543304,,0.08518801629543304
1612,12903,,,-0.11129208654165268,,0.11129208654165268,
1613,12911,,,-0.11148563027381897,,0.11148563027381897,
1614,12919,,,-0.1114473044872284,,0.1114473044872284,
1615,12927,,,-0.11195942014455795,,0.11195942014455795,
1616,12935,,,-0.11167092621326447,,0.11167092621326447,
1617,12943,,,-0.11149509251117706,,0.11149509251117706,
1618,12949,,,,-0.1247805655002594,,0.1247805655002594
1618,12951,,,-0.11139587312936783,,0.11139587312936783,
1619,12959,,,-0.1116325706243515,,0.1116325706243515,
1620,12967,,,-0.11146654188632965,,0.11146654188632965,
1621,12975,,,-0.11143305897712708,,0.11143305897712708,
1622,12983,,,-0.11148673295974731,,0.11148673295974731,
1623,12991,,,-0.11141933500766754,,0.11141933500766754,
1624,12999,,,,-0.10246773064136505,,0.10246773064136505
1624,12999,,,-0.11202100664377213,,0.11202100664377213,
1625,13007,,,-0.11152245104312897,,0.11152245104312897,
1626,13015,,,-0.11179117113351822,,0.11179117113351822,
1627,13023,,,-0.11165205389261246,,0.11165205389261246,
1628,13031,,,-0.11150040477514267,,0.11150040477514267,
1629,13039,,,-0.11168304085731506,,0.11168304085731506,
1630,13047,,,-0.11180043965578079,,0.11180043965578079,
1631,13049,,,,-0.12685804069042206,,0.12685804069042206
1631,13055,,,-0.11166458576917648,,0.11166458576917648,
1632,13063,,,-0.11170745640993118,,0.11170745640993118,
1633,13071,,,-0.11151794344186783,,0.11151794344186783,
1634,13079,,,-0.11170429736375809,,0.11170429736375809,
1635,13087,,,-0.1117078959941864,,0.1117078959941864,
1636,13095,,,-0.11147967725992203,,0.11147967725992203,
1637,13099,,,,-0.1419856995344162,,0.1419856995344162
1637,13103,,,-0.11133097112178802,,0.11133097112178802,
1638,13111,,,-0.11160463839769363,,0.11160463839769363,
1639,13119,,,-0.11140529811382294,,0.11140529811382294,
1640,13127,,,-0.11152413487434387,,0.11152413487434387,
1641,13135,,,-0.11161047220230103,,0.11161047220230103,
1642,13143,,,-0.11153742671012878,,0.11153742671012878,
1643,13149,,,,-0.10699892044067383,,0.10699892044067383
1643,13151,,,-0.11141051352024078,,0.11141051352024078,
1644,13159,,,-0.11163245886564255,,0.11163245886564255,
1645,13167,,,-0.1113537847995758,,0.1113537847995758,
1646,13175,,,-0.11147508770227432,,0.11147508770227432,
1647,13183,,,-0.11154375225305557,,0.11154375225305557,
1648,13191,,,-0.11138879507780075,,0.11138879507780075,
1649,13199,,,,-0.10947565734386444,,0.10947565734386444
1649,13199,,,-0.11192187666893005,,0.11192187666893005,
1650,13207,,,-0.11185815185308456,,0.11185815185308456,
1651,13215,,,-0.11162536591291428,,0.11162536591291428,
1652,13223,,,-0.1117568388581276,,0.1117568388581276,
1653,13231,,,-0.11151216924190521,,0.11151216924190521,
1654,13239,,,-0.11156473308801651,,0.11156473308801651,
1655,13247,,,-0.11163503676652908,,0.11163503676652908,
1656,13249,,,,-0.11111365258693695,,0.11111365258693695
1656,13255,,,-0.11156675964593887,,0.11156675964593887,
1657,13263,,,-0.11145937442779541,,0.11145937442779541,
1658,13271,,,-0.11157869547605515,,0.11157869547605515,
1659,13279,,,-0.11176594346761703,,0.11176594346761703,
1660,13287,,,-0.11143761873245239,,0.11143761873245239,
1661,13295,,,-0.1115833967924118,,0.1115833967924118,
1662,13299,,,,-0.1147344559431076,,0.1147344559431076
1662,13303,,,-0.11169980466365814,,0.11169980466365814,
1663,13311,,,-0.11191564053297043,,0.11191564053297043,
1664,13319,,,-0.11156897991895676,,0.11156897991895676,
1665,13327,,,-0.11145675927400589,,0.11145675927400589,
1666,13335,,,-0.11127091944217682,,0.11127091944217682,
1667,13343,,,-0.1116650253534317,,0.1116650253534317,
1668,13349,,,,-0.09913240373134613,,0.09913240373134613
1668,13351,,,-0.11165661364793777,,0.11165661364793777,
1669,13359,,,-0.11118315160274506,,0.11118315160274506,
1670,13367,,,-0.11131437122821808,,0.11131437122821808,
1671,13375,,,-0.11166494339704514,,0.11166494339704514,
1672,13383,,,-0.11154580116271973,,0.11154580116271973,
1673,13391,,,-0.11191105842590332,,0.11191105842590332,
1674,13399,,,,-0.11407671868801117,,0.11407671868801117
1674,13399,,,-0.11150495707988739,,0.11150495707988739,
1675,13407,,,-0.11161144822835922,,0.11161144822835922,
1676,13415,,,-0.11166930943727493,,0.11166930943727493,
1677,13423,,,-0.11144182085990906,,0.11144182085990906,
1678,13431,,,-0.1116362065076828,,0.1116362065076828,
1679,13439,,,-0.11150138080120087,,0.11150138080120087,
1680,13447,,,-0.11148491501808167,,0.11148491501808167,
1681,13449,,,,-0.10628609359264374,,0.10628609359264374
1681,13455,,,-0.11160515993833542,,0.11160515993833542,
1682,13463,,,-0.11163760721683502,,0.11163760721683502,
1683,13471,,,-0.11133841425180435,,0.11133841425180435,
1684,13479,,,-0.11188708245754242,,0.11188708245754242,
1685,13487,,,-0.11134389787912369,,0.11134389787912369,
1686,13495,,,-0.11151685565710068,,0.11151685565710068,
1687,13499,,,,-0.06688599288463593,,0.06688599288463593
1687,13503,,,-0.11150471121072769,,0.11150471121072769,
1688,13511,,,-0.11173871159553528,,0.11173871159553528,
1689,13519,,,-0.1115572527050972,,0.1115572527050972,
1690,13527,,,-0.11152373254299164,,0.11152373254299164,
1691,13535,,,-0.11122716218233109,,0.11122716218233109,
1692,13543,,,-0.11158580332994461,,0.11158580332994461,
1693,13549,,,,-0.11344633996486664,,0.11344633996486664
1693,13551,,,-0.11164852231740952,,0.11164852231740952,
1694,13559,,,-0.11150781065225601,,0.11150781065225601,
1695,13567,,,-0.11145931482315063,,0.11145931482315063,
1696,13575,,,-0.11122207343578339,,0.11122207343578339,
1697,13583,,,-0.11152073740959167,,0.11152073740959167,
1698,13591,,,-0.11156328022480011,,0.11156328022480011,
1699,13599,,,,-0.1322713941335678,,0.1322713941335678
1699,13599,,,-0.1112944483757019,,0.1112944483757019,
1700,13607,,,-0.11155618727207184,,0.11155618727207184,
1701,13615,,,-0.1118299812078476,,0.1118299812078476,
1702,13623,,,-0.11162995547056198,,0.11162995547056198,
1703,13631,,,-0.11150878667831421,,0.11150878667831421,
1704,13639,,,-0.11144382506608963,,0.11144382506608963,
1705,13647,,,-0.11123529076576233,,0.11123529076576233,
1706,13649,,,,-0.09401611983776093,,0.09401611983776093
1706,13655,,,-0.111439049243927,,0.111439049243927,
1707,13663,,,-0.11148235946893692,,0.11148235946893692,
1708,13671,,,-0.11138872057199478,,0.11138872057199478,
1709,13679,,,-0.11181943118572235,,0.11181943118572235,
1710,13687,,,-0.11142286658287048,,0.11142286658287048,
1711,13695,,,-0.11166280508041382,,0.11166280508041382,
1712,13699,,,,-0.12210464477539062,,0.12210464477539062
1712,13703,,,-0.1113976538181305,,0.1113976538181305,
1713,13711,,,-0.1113598495721817,,0.1113598495721817,
1714,13719,,,-0.11134183406829834,,0.11134183406829834,
1715,13727,,,-0.11134272813796997,,0.11134272813796997,
1716,13735,,,-0.11133410781621933,,0.11133410781621933,
1717,13743,,,-0.1118260994553566,,0.1118260994553566,
1718,13749,,,,-0.12694373726844788,,0.12694373726844788
1718,13751,,,-0.11137980967760086,,0.11137980967760086,
1719,13759,,,-0.11153139919042587,,0.11153139919042587,
1720,13767,,,-0.11141876131296158,,0.11141876131296158,
1721,13775,,,-0.11153822392225266,,0.11153822392225266,
1722,13783,,,-0.11145654320716858,,0.11145654320716858,
1723,13791,,,-0.11142037063837051,,0.11142037063837051,
1724,13799,,,,-0.12696976959705353,,0.12696976959705353
1724,13799,,,-0.11156370490789413,,0.11156370490789413,
1725,13807,,,-0.11150398850440979,,0.11150398850440979,
1726,13815,,,-0.11138786375522614,,0.11138786375522614,
1727,13823,,,-0.11182630807161331,,0.11182630807161331,
1728,13831,,,-0.11150142550468445,,0.11150142550468445,
1729,13839,,,-0.11196131259202957,,0.11196131259202957,
1730,13847,,,-0.1115066185593605,,0.1115066185593605,
1731,13849,,,,-0.09896169602870941,,0.09896169602870941
1731,13855,,,-0.11135761439800262,,0.11135761439800262,
1732,13863,,,-0.11134826391935349,,0.11134826391935349,
1733,13871,,,-0.11155287176370621,,0.11155287176370621,
1734,13879,,,-0.11157198250293732,,0.11157198250293732,
1735,13887,,,-0.11138981580734253,,0.11138981580734253,
1736,13895,,,-0.11190787702798843,,0.11190787702798843,
1737,13899,,,,-0.10961762070655823,,0.10961762070655823
1737,13903,,,-0.11169162392616272,,0.11169162392616272,
1738,13911,,,-0.11150901019573212,,0.11150901019573212,
1739,13919,,,-0.11169317364692688,,0.11169317364692688,
1740,13927,,,-0.11155927926301956,,0.11155927926301956,
1741,13935,,,-0.11171464622020721,,0.11171464622020721,
1742,13943,,,-0.11162929981946945,,0.11162929981946945,
1743,13949,,,,-0.12350426614284515,,0.12350426614284515
1743,13951,,,-0.1113496944308281,,0.1113496944308281,
1744,13959,,,-0.11144954711198807,,0.11144954711198807,
1745,13967,,,-0.11162790656089783,,0.11162790656089783,
1746,13975,,,-0.11148029565811157,,0.11148029565811157,
1747,13983,,,-0.1116441860795021,,0.1116441860795021,
1748,13991,,,-0.11177743226289749,,0.11177743226289749,
1749,13999,,,,-0.1013062447309494,,0.1013062447309494
1749,13999,,,-0.11139501631259918,,0.11139501631259918,
1750,14007,,,-0.11202243715524673,,0.11202243715524673,
1751,14015,,,-0.11157090961933136,,0.11157090961933136,
1752,14023,,,-0.11161208152770996,,0.11161208152770996,
1753,14031,,,-0.11157727986574173,,0.11157727986574173,
1754,14039,,,-0.11155767738819122,,0.11155767738819122,
1755,14047,,,-0.11161606758832932,,0.11161606758832932,
1756,14049,,,,-0.13596276938915253,,0.13596276938915253
1756,14055,,,-0.11186321824789047,,0.11186321824789047,
1757,14063,,,-0.11151212453842163,,0.11151212453842163,
1758,14071,,,-0.111487478017807,,0.111487478017807,
1759,14079,,,-0.11219357699155807,,0.11219357699155807,
1760,14087,,,-0.11154283583164215,,0.11154283583164215,
1761,14095,,,-0.11170284450054169,,0.11170284450054169,
1762,14099,,,,-0.11094112694263458,,0.11094112694263458
1762,14103,,,-0.1115410178899765,,0.1115410178899765,
1763,14111,,,-0.11158926039934158,,0.11158926039934158,
1764,14119,,,-0.1118047833442688,,0.1118047833442688,
1765,14127,,,-0.11161569505929947,,0.11161569505929947,
1766,14135,,,-0.11146313697099686,,0.11146313697099686,
1767,14143,,,-0.11128847301006317,,0.11128847301006317,
1768,14149,,,,-0.10990114510059357,,0.10990114510059357
1768,14151,,,-0.11160943657159805,,0.11160943657159805,
1769,14159,,,-0.11173969507217407,,0.11173969507217407,
1770,14167,,,-0.11167731881141663,,0.11167731881141663,
1771,14175,,,-0.11185770481824875,,0.11185770481824875,
1772,14183,,,-0.11146844178438187,,0.11146844178438187,
1773,14191,,,-0.11145642399787903,,0.11145642399787903,
1774,14199,,,,-0.11507439613342285,,0.11507439613342285
1774,14199,,,-0.11143621802330017,,0.11143621802330017,
1775,14207,,,-0.11173317581415176,,0.11173317581415176,
1776,14215,,,-0.11137787997722626,,0.11137787997722626,
1777,14223,,,-0.11186766624450684,,0.11186766624450684,
1778,14231,,,-0.11140130460262299,,0.11140130460262299,
1779,14239,,,-0.11173088103532791,,0.11173088103532791,
1780,14247,,,-0.11163567751646042,,0.11163567751646042,
1781,14249,,,,-0.11592893302440643,,0.11592893302440643
1781,14255,,,-0.11155115067958832,,0.11155115067958832,
1782,14263,,,-0.11151457577943802,,0.11151457577943802,
1783,14271,,,-0.11162389069795609,,0.11162389069795609,
1784,14279,,,-0.11146990954875946,,0.11146990954875946,
1785,14287,,,-0.11184585094451904,,0.11184585094451904,
1786,14295,,,-0.1115565299987793,,0.1115565299987793,
1787,14299,,,,-0.1455797255039215,,0.1455797255039215
1787,14303,,,-0.1114475429058075,,0.1114475429058075,
1788,14311,,,-0.11124863475561142,,0.11124863475561142,
1789,14319,,,-0.11139430850744247,,0.11139430850744247,
1790,14327,,,-0.11133671551942825,,0.11133671551942825,
1791,14335,,,-0.11162512004375458,,0.11162512004375458,
1792,14343,,,-0.11144981533288956,,0.11144981533288956,
1793,14349,,,,-0.10226249694824219,,0.10226249694824219
1793,14351,,,-0.11141669750213623,,0.11141669750213623,
1794,14359,,,-0.11153610795736313,,0.11153610795736313,
1795,14367,,,-0.11200427263975143,,0.11200427263975143,
1796,14375,,,-0.11172443628311157,,0.11172443628311157,
1797,14383,,,-0.11172844469547272,,0.11172844469547272,
1798,14391,,,-0.1116056740283966,,0.1116056740283966,
1799,14399,,,,-0.11693525314331055,,0.11693525314331055
1799,14399,,,-0.11178741604089737,,0.11178741604089737,
1800,14407,,,-0.11175128072500229,,0.11175128072500229,
1801,14415,,,-0.11159201711416245,,0.11159201711416245,
1802,14423,,,-0.11215532571077347,,0.11215532571077347,
1803,14431,,,-0.11145786195993423,,0.11145786195993423,
1804,14439,,,-0.11153614521026611,,0.11153614521026611,
1805,14447,,,-0.11168088018894196,,0.11168088018894196,
1806,14449,,,,-0.0828193724155426,,0.0828193724155426
1806,14455,,,-0.11169326305389404,,0.11169326305389404,
1807,14463,,,-0.11158811300992966,,0.11158811300992966,
1808,14471,,,-0.11152597516775131,,0.11152597516775131,
1809,14479,,,-0.1116974875330925,,0.1116974875330925,
1810,14487,,,-0.1117580458521843,,0.1117580458521843,
1811,14495,,,-0.11164961010217667,,0.11164961010217667,
1812,14499,,,,-0.10045205056667328,,0.10045205056667328
1812,14503,,,-0.11157369613647461,,0.11157369613647461,
1813,14511,,,-0.11178749054670334,,0.11178749054670334,
1814,14519,,,-0.1116420179605484,,0.1116420179605484,
1815,14527,,,-0.11165444552898407,,0.11165444552898407,
1816,14535,,,-0.11159184575080872,,0.11159184575080872,
1817,14543,,,-0.11164060980081558,,0.11164060980081558,
1818,14549,,,,-0.10126185417175293,,0.10126185417175293
1818,14551,,,-0.11151307076215744,,0.11151307076215744,
1819,14559,,,-0.11169387400150299,,0.11169387400150299,
1820,14567,,,-0.11180988699197769,,0.11180988699197769,
1821,14575,,,-0.11191233992576599,,0.11191233992576599,
1822,14583,,,-0.11143670976161957,,0.11143670976161957,
1823,14591,,,-0.1115412563085556,,0.1115412563085556,
1824,14599,,,,-0.09832154214382172,,0.09832154214382172
1824,14599,,,-0.11162389814853668,,0.11162389814853668,
1825,14607,,,-0.11142724752426147,,0.11142724752426147,
1826,14615,,,-0.11147285252809525,,0.11147285252809525,
1827,14623,,,-0.11170056462287903,,0.11170056462287903,
1828,14631,,,-0.11166920512914658,,0.11166920512914658,
1829,14639,,,-0.11165871471166611,,0.11165871471166611,
1830,14647,,,-0.11153291910886765,,0.11153291910886765,
1831,14649,,,,-0.11260901391506195,,0.11260901391506195
1831,14655,,,-0.11163581907749176,,0.11163581907749176,
1832,14663,,,-0.11156132817268372,,0.11156132817268372,
1833,14671,,,-0.11164096742868423,,0.11164096742868423,
1834,14679,,,-0.11195771396160126,,0.11195771396160126,
1835,14687,,,-0.11189507693052292,,0.11189507693052292,
1836,14695,,,-0.11170299351215363,,0.11170299351215363,
1837,14699,,,,-0.12896890938282013,,0.12896890938282013
1837,14703,,,-0.11193065345287323,,0.11193065345287323,
1838,14711,,,-0.11153154075145721,,0.11153154075145721,
1839,14719,,,-0.1117485836148262,,0.1117485836148262,
1840,14727,,,-0.11157114058732986,,0.11157114058732986,
1841,14735,,,-0.11173082143068314,,0.11173082143068314,
1842,14743,,,-0.11172983050346375,,0.11172983050346375,
1843,14749,,,,-0.11825418472290039,,0.11825418472290039
1843,14751,,,-0.11157172918319702,,0.11157172918319702,
1844,14759,,,-0.11183029413223267,,0.11183029413223267,
1845,14767,,,-0.11176328361034393,,0.11176328361034393,
1846,14775,,,-0.11162756383419037,,0.11162756383419037,
1847,14783,,,-0.11177133768796921,,0.11177133768796921,
1848,14791,,,-0.11159608513116837,,0.11159608513116837,
1849,14799,,,,-0.13116078078746796,,0.13116078078746796
1849,14799,,,-0.11180879920721054,,0.11180879920721054,
1850,14807,,,-0.11218930780887604,,0.11218930780887604,
1851,14815,,,-0.11197121441364288,,0.11197121441364288,
1852,14823,,,-0.11163762211799622,,0.11163762211799622,
1853,14831,,,-0.11188367009162903,,0.11188367009162903,
1854,14839,,,-0.11166452616453171,,0.11166452616453171,
1855,14847,,,-0.11151570826768875,,0.11151570826768875,
1856,14849,,,,-0.09153018891811371,,0.09153018891811371
1856,14855,,,-0.11145476251840591,,0.11145476251840591,
1857,14863,,,-0.11155268549919128,,0.11155268549919128,
1858,14871,,,-0.11193352192640305,,0.11193352192640305,
1859,14879,,,-0.11197167634963989,,0.11197167634963989,
1860,14887,,,-0.11158823221921921,,0.11158823221921921,
1861,14895,,,-0.11178110539913177,,0.11178110539913177,
1862,14899,,,,-0.10318194329738617,,0.10318194329738617
1862,14903,,,-0.11147245764732361,,0.11147245764732361,
1863,14911,,,-0.11149130761623383,,0.11149130761623383,
1864,14919,,,-0.1115741953253746,,0.1115741953253746,
1865,14927,,,-0.11187709867954254,,0.11187709867954254,
1866,14935,,,-0.1118718758225441,,0.1118718758225441,
1867,14943,,,-0.11198331415653229,,0.11198331415653229,
1868,14949,,,,-0.08953399956226349,,0.08953399956226349
1868,14951,,,-0.11241874098777771,,0.11241874098777771,
1869,14959,,,-0.11152036488056183,,0.11152036488056183,
1870,14967,,,-0.11187707632780075,,0.11187707632780075,
1871,14975,,,-0.11187145113945007,,0.11187145113945007,
1872,14983,,,-0.1118350699543953,,0.1118350699543953,
1873,14991,,,-0.1115863248705864,,0.1115863248705864,
1874,14999,,,,-0.09450550377368927,,0.09450550377368927
1874,14999,,,-0.11197543889284134,,0.11197543889284134,
1875,15007,,,-0.11159771680831909,,0.11159771680831909,
1876,15015,,,-0.11178138107061386,,0.11178138107061386,
1877,15023,,,-0.11147438734769821,,0.11147438734769821,
1878,15031,,,-0.11170586198568344,,0.11170586198568344,
1879,15039,,,-0.11155623942613602,,0.11155623942613602,
1880,15047,,,-0.11152888089418411,,0.11152888089418411,
1881,15049,,,,-0.12375254929065704,,0.12375254929065704
1881,15055,,,-0.11171575635671616,,0.11171575635671616,
1882,15063,,,-0.11182418465614319,,0.11182418465614319,
1883,15071,,,-0.11191264539957047,,0.11191264539957047,
1884,15079,,,-0.11137547343969345,,0.11137547343969345,
1885,15087,,,-0.11170944571495056,,0.11170944571495056,
1886,15095,,,-0.11167842894792557,,0.11167842894792557,
1887,15099,,,,-0.13254685699939728,,0.13254685699939728
1887,15103,,,-0.11187797784805298,,0.11187797784805298,
1888,15111,,,-0.11167087405920029,,0.11167087405920029,
1889,15119,,,-0.11141730844974518,,0.11141730844974518,
1890,15127,,,-0.11289121955633163,,0.11289121955633163,
1891,15135,,,-0.11139460653066635,,0.11139460653066635,
1892,15143,,,-0.11172487586736679,,0.11172487586736679,
1893,15149,,,,-0.10611358284950256,,0.10611358284950256
1893,15151,,,-0.11178196966648102,,0.11178196966648102,
1894,15159,,,-0.11162419617176056,,0.11162419617176056,
1895,15167,,,-0.11181875318288803,,0.11181875318288803,
1896,15175,,,-0.11175537109375,,0.11175537109375,
1897,15183,,,-0.11172007024288177,,0.11172007024288177,
1898,15191,,,-0.11152622103691101,,0.11152622103691101,
1899,15199,,,,-0.12347765266895294,,0.12347765266895294
1899,15199,,,-0.11165253818035126,,0.11165253818035126,
1900,15207,,,-0.11169037967920303,,0.11169037967920303,
1901,15215,,,-0.11153490841388702,,0.11153490841388702,
1902,15223,,,-0.11165599524974823,,0.11165599524974823,
1903,15231,,,-0.11160677671432495,,0.11160677671432495,
1904,15239,,,-0.1115628182888031,,0.1115628182888031,
1905,15247,,,-0.11163116246461868,,0.11163116246461868,
1906,15249,,,,-0.1207975447177887,,0.1207975447177887
1906,15255,,,-0.11169859766960144,,0.11169859766960144,
1907,15263,,,-0.1118604764342308,,0.1118604764342308,
1908,15271,,,-0.11140076816082001,,0.11140076816082001,
1909,15279,,,-0.11157871037721634,,0.11157871037721634,
1910,15287,,,-0.11151335388422012,,0.11151335388422012,
1911,15295,,,-0.11173442751169205,,0.11173442751169205,
1912,15299,,,,-0.10072298347949982,,0.10072298347949982
1912,15303,,,-0.1116376742720604,,0.1116376742720604,
1913,15311,,,-0.11163538694381714,,0.11163538694381714,
1914,15319,,,-0.11177276819944382,,0.11177276819944382,
1915,15327,,,-0.11174032092094421,,0.11174032092094421,
1916,15335,,,-0.11153042316436768,,0.11153042316436768,
1917,15343,,,-0.11155220866203308,,0.11155220866203308,
1918,15349,,,,-0.14143072068691254,,0.14143072068691254
1918,15351,,,-0.11218640208244324,,0.11218640208244324,
1919,15359,,,-0.11168535053730011,,0.11168535053730011,
1920,15367,,,-0.1120019406080246,,0.1120019406080246,
1921,15375,,,-0.11159992963075638,,0.11159992963075638,
1922,15383,,,-0.11233442276716232,,0.11233442276716232,
1923,15391,,,-0.1114608645439148,,0.1114608645439148,
1924,15399,,,,-0.10848908126354218,,0.10848908126354218
1924,15399,,,-0.11171561479568481,,0.11171561479568481,
1925,15407,,,-0.11157086491584778,,0.11157086491584778,
1926,15415,,,-0.11172319203615189,,0.11172319203615189,
1927,15423,,,-0.11155819147825241,,0.11155819147825241,
1928,15431,,,-0.11150892078876495,,0.11150892078876495,
1929,15439,,,-0.11151549220085144,,0.11151549220085144,
1930,15447,,,-0.11172980815172195,,0.11172980815172195,
1931,15449,,,,-0.12070675194263458,,0.12070675194263458
1931,15455,,,-0.11156100034713745,,0.11156100034713745,
1932,15463,,,-0.11185755580663681,,0.11185755580663681,
1933,15471,,,-0.1117153912782669,,0.1117153912782669,
1934,15479,,,-0.11161739379167557,,0.11161739379167557,
1935,15487,,,-0.11155567318201065,,0.11155567318201065,
1936,15495,,,-0.11172794550657272,,0.11172794550657272,
1937,15499,,,,-0.1250762939453125,,0.1250762939453125
1937,15503,,,-0.11178036779165268,,0.11178036779165268,
1938,15511,,,-0.11210934072732925,,0.11210934072732925,
1939,15519,,,-0.11202599853277206,,0.11202599853277206,
1940,15527,,,-0.11157778650522232,,0.11157778650522232,
1941,15535,,,-0.11176507920026779,,0.11176507920026779,
1942,15543,,,-0.11171523481607437,,0.11171523481607437,
1943,15549,,,,-0.10927687585353851,,0.10927687585353851
1943,15551,,,-0.11195843666791916,,0.11195843666791916,
1944,15559,,,-0.11154185980558395,,0.11154185980558395,
1945,15567,,,-0.11169006675481796,,0.11169006675481796,
1946,15575,,,-0.111420176923275,,0.111420176923275,
1947,15583,,,-0.11151006817817688,,0.11151006817817688,
1948,15591,,,-0.11193478107452393,,0.11193478107452393,
1949,15599,,,,-0.10749296844005585,,0.10749296844005585
1949,15599,,,-0.11174982786178589,,0.11174982786178589,
1950,15607,,,-0.11155831068754196,,0.11155831068754196,
1951,15615,,,-0.1116376742720604,,0.1116376742720604,
1952,15623,,,-0.11208412796258926,,0.11208412796258926,
1953,15631,,,-0.11176037788391113,,0.11176037788391113,
1954,15639,,,-0.11160010099411011,,0.11160010099411011,
1955,15647,,,-0.11159344762563705,,0.11159344762563705,
1956,15649,,,,-0.11361408233642578,,0.11361408233642578
1956,15655,,,-0.11153829097747803,,0.11153829097747803,
1957,15663,,,-0.11188497394323349,,0.11188497394323349,
1958,15671,,,-0.11190395802259445,,0.11190395802259445,
1959,15679,,,-0.11190631985664368,,0.11190631985664368,
1960,15687,,,-0.11190878599882126,,0.11190878599882126,
1961,15695,,,-0.11228516697883606,,0.11228516697883606,
1962,15699,,,,-0.10739694535732269,,0.10739694535732269
1962,15703,,,-0.11180772632360458,,0.11180772632360458,
1963,15711,,,-0.11190933734178543,,0.11190933734178543,
1964,15719,,,-0.11181718856096268,,0.11181718856096268,
1965,15727,,,-0.11176745593547821,,0.11176745593547821,
1966,15735,,,-0.11161501705646515,,0.11161501705646515,
1967,15743,,,-0.11153549700975418,,0.11153549700975418,
1968,15749,,,,-0.10424928367137909,,0.10424928367137909
1968,15751,,,-0.11151696741580963,,0.11151696741580963,
1969,15759,,,-0.11177320778369904,,0.11177320778369904,
1970,15767,,,-0.11225038021802902,,0.11225038021802902,
1971,15775,,,-0.11149729043245316,,0.11149729043245316,
1972,15783,,,-0.11213789135217667,,0.11213789135217667,
1973,15791,,,-0.11182797700166702,,0.11182797700166702,
1974,15799,,,,-0.10188035666942596,,0.10188035666942596
1974,15799,,,-0.11180822551250458,,0.11180822551250458,
1975,15807,,,-0.1116349846124649,,0.1116349846124649,
1976,15815,,,-0.1116207018494606,,0.1116207018494606,
1977,15823,,,-0.11186131834983826,,0.11186131834983826,
1978,15831,,,-0.11154264956712723,,0.11154264956712723,
1979,15839,,,-0.11160726100206375,,0.11160726100206375,
1980,15847,,,-0.1119832769036293,,0.1119832769036293,
1981,15849,,,,-0.11803464591503143,,0.11803464591503143
1981,15855,,,-0.1117260605096817,,0.1117260605096817,
1982,15863,,,-0.11167878657579422,,0.11167878657579422,
1983,15871,,,-0.11145345121622086,,0.11145345121622086,
1984,15879,,,-0.11166419833898544,,0.11166419833898544,
1985,15887,,,-0.11172783374786377,,0.11172783374786377,
1986,15895,,,-0.11150380969047546,,0.11150380969047546,
1987,15899,,,,-0.08390645682811737,,0.08390645682811737
1987,15903,,,-0.11187082529067993,,0.11187082529067993,
1988,15911,,,-0.11178990453481674,,0.11178990453481674,
1989,15919,,,-0.11158190667629242,,0.11158190667629242,
1990,15927,,,-0.11177783459424973,,0.11177783459424973,
1991,15935,,,-0.1117565706372261,,0.1117565706372261,
1992,15943,,,-0.11178426444530487,,0.11178426444530487,
1993,15949,,,,-0.12776465713977814,,0.12776465713977814
1993,15951,,,-0.11184382438659668,,0.11184382438659668,
1994,15959,,,-0.1120610460639,,0.1120610460639,
1995,15967,,,-0.11203838884830475,,0.11203838884830475,
1996,15975,,,-0.11171278357505798,,0.11171278357505798,
1997,15983,,,-0.11179592460393906,,0.11179592460393906,
1998,15991,,,-0.11177093535661697,,0.11177093535661697,
1999,15999,,,,-0.10660706460475922,,0.10660706460475922
1999,15999,,,-0.11145975440740585,,0.11145975440740585,
2000,16000,-0.10719108581542969,0.10719108581542969,,,,
