epoch,step,test_loss,test_renyi_lb,train_loss_epoch,train_loss_step,train_renyi_lb_epoch,train_renyi_lb_step
0,7,,,0.14569756388664246,,-0.14569756388664246,
1,15,,,0.12053871154785156,,-0.12053871154785156,
2,23,,,0.10076676309108734,,-0.10076676309108734,
3,31,,,0.084574855864048,,-0.084574855864048,
4,39,,,0.07022268325090408,,-0.07022268325090408,
5,47,,,0.05633309856057167,,-0.05633309856057167,
6,49,,,,0.05028459429740906,,-0.05028459429740906
6,55,,,0.04290502145886421,,-0.04290502145886421,
7,63,,,0.029798172414302826,,-0.029798172414302826,
8,71,,,0.017497293651103973,,-0.017497293651103973,
9,79,,,0.006032805424183607,,-0.006032805424183607,
10,87,,,-0.00447855144739151,,0.00447855144739151,
11,95,,,-0.014314352534711361,,0.014314352534711361,
12,99,,,,-0.023513123393058777,,0.023513123393058777
12,103,,,-0.023255815729498863,,0.023255815729498863,
13,111,,,-0.031463559716939926,,0.031463559716939926,
14,119,,,-0.03871975839138031,,0.03871975839138031,
15,127,,,-0.04529932886362076,,0.04529932886362076,
16,135,,,-0.05109382048249245,,0.05109382048249245,
17,143,,,-0.056257862597703934,,0.056257862597703934,
18,149,,,,-0.06103043258190155,,0.06103043258190155
18,151,,,-0.060768358409404755,,0.060768358409404755,
19,159,,,-0.06479384005069733,,0.06479384005069733,
20,167,,,-0.06850244849920273,,0.06850244849920273,
21,175,,,-0.07164875417947769,,0.07164875417947769,
22,183,,,-0.07448513060808182,,0.07448513060808182,
23,191,,,-0.07705606520175934,,0.07705606520175934,
24,199,,,,-0.07928533852100372,,0.07928533852100372
24,199,,,-0.07924046367406845,,0.07924046367406845,
25,207,,,-0.08118899911642075,,0.08118899911642075,
26,215,,,-0.08291313797235489,,0.08291313797235489,
27,223,,,-0.08440053462982178,,0.08440053462982178,
28,231,,,-0.08577451854944229,,0.08577451854944229,
29,239,,,-0.08699236810207367,,0.08699236810207367,
30,247,,,-0.08812692016363144,,0.08812692016363144,
31,249,,,,-0.09068512916564941,,0.09068512916564941
31,255,,,-0.0891287624835968,,0.0891287624835968,
32,263,,,-0.09002688527107239,,0.09002688527107239,
33,271,,,-0.09084741771221161,,0.09084741771221161,
34,279,,,-0.09157154709100723,,0.09157154709100723,
35,287,,,-0.09222128242254257,,0.09222128242254257,
36,295,,,-0.09282729029655457,,0.09282729029655457,
37,299,,,,-0.09143342822790146,,0.09143342822790146
37,303,,,-0.09348741173744202,,0.09348741173744202,
38,311,,,-0.09397156536579132,,0.09397156536579132,
39,319,,,-0.09450309723615646,,0.09450309723615646,
40,327,,,-0.0949406549334526,,0.0949406549334526,
41,335,,,-0.09533084183931351,,0.09533084183931351,
42,343,,,-0.09578514099121094,,0.09578514099121094,
43,349,,,,-0.1088043749332428,,0.1088043749332428
43,351,,,-0.09619419276714325,,0.09619419276714325,
44,359,,,-0.09642478078603745,,0.09642478078603745,
45,367,,,-0.09670420736074448,,0.09670420736074448,
46,375,,,-0.09712038934230804,,0.09712038934230804,
47,383,,,-0.09737114608287811,,0.09737114608287811,
48,391,,,-0.09754236042499542,,0.09754236042499542,
49,399,,,,-0.10452985763549805,,0.10452985763549805
49,399,,,-0.09781821072101593,,0.09781821072101593,
50,407,,,-0.0981646329164505,,0.0981646329164505,
51,415,,,-0.09818702936172485,,0.09818702936172485,
52,423,,,-0.09846393764019012,,0.09846393764019012,
53,431,,,-0.09874708205461502,,0.09874708205461502,
54,439,,,-0.09879840910434723,,0.09879840910434723,
55,447,,,-0.09901855140924454,,0.09901855140924454,
56,449,,,,-0.10944114625453949,,0.10944114625453949
56,455,,,-0.09910763800144196,,0.09910763800144196,
57,463,,,-0.09925464540719986,,0.09925464540719986,
58,471,,,-0.09952734410762787,,0.09952734410762787,
59,479,,,-0.0997663214802742,,0.0997663214802742,
60,487,,,-0.09966067969799042,,0.09966067969799042,
61,495,,,-0.09994827210903168,,0.09994827210903168,
62,499,,,,-0.09808464348316193,,0.09808464348316193
62,503,,,-0.10001476854085922,,0.10001476854085922,
63,511,,,-0.1001758798956871,,0.1001758798956871,
64,519,,,-0.1001228392124176,,0.1001228392124176,
65,527,,,-0.10025536268949509,,0.10025536268949509,
66,535,,,-0.10033982992172241,,0.10033982992172241,
67,543,,,-0.10054858028888702,,0.10054858028888702,
68,549,,,,-0.10006199777126312,,0.10006199777126312
68,551,,,-0.10056722164154053,,0.10056722164154053,
69,559,,,-0.10067640244960785,,0.10067640244960785,
70,567,,,-0.100620336830616,,0.100620336830616,
71,575,,,-0.10093305259943008,,0.10093305259943008,
72,583,,,-0.10091385990381241,,0.10091385990381241,
73,591,,,-0.10099973529577255,,0.10099973529577255,
74,599,,,,-0.09180374443531036,,0.09180374443531036
74,599,,,-0.10115598887205124,,0.10115598887205124,
75,607,,,-0.10111045092344284,,0.10111045092344284,
76,615,,,-0.10120557993650436,,0.10120557993650436,
77,623,,,-0.10134831815958023,,0.10134831815958023,
78,631,,,-0.10128563642501831,,0.10128563642501831,
79,639,,,-0.1011141985654831,,0.1011141985654831,
80,647,,,-0.10142342001199722,,0.10142342001199722,
81,649,,,,-0.11242151260375977,,0.11242151260375977
81,655,,,-0.10141225159168243,,0.10141225159168243,
82,663,,,-0.10147488117218018,,0.10147488117218018,
83,671,,,-0.10158509016036987,,0.10158509016036987,
84,679,,,-0.1016509160399437,,0.1016509160399437,
85,687,,,-0.10165257006883621,,0.10165257006883621,
86,695,,,-0.10200483351945877,,0.10200483351945877,
87,699,,,,-0.09111452102661133,,0.09111452102661133
87,703,,,-0.10178223252296448,,0.10178223252296448,
88,711,,,-0.10164764523506165,,0.10164764523506165,
89,719,,,-0.1019529327750206,,0.1019529327750206,
90,727,,,-0.10199551284313202,,0.10199551284313202,
91,735,,,-0.10206390172243118,,0.10206390172243118,
92,743,,,-0.10193447023630142,,0.10193447023630142,
93,749,,,,-0.09344401955604553,,0.09344401955604553
93,751,,,-0.10194574296474457,,0.10194574296474457,
94,759,,,-0.10196315497159958,,0.10196315497159958,
95,767,,,-0.1019400954246521,,0.1019400954246521,
96,775,,,-0.10229109972715378,,0.10229109972715378,
97,783,,,-0.10203924775123596,,0.10203924775123596,
98,791,,,-0.10212454944849014,,0.10212454944849014,
99,799,,,,-0.07536201179027557,,0.07536201179027557
99,799,,,-0.10231471061706543,,0.10231471061706543,
100,807,,,-0.10212849080562592,,0.10212849080562592,
101,815,,,-0.10216937214136124,,0.10216937214136124,
102,823,,,-0.10229609906673431,,0.10229609906673431,
103,831,,,-0.10242276638746262,,0.10242276638746262,
104,839,,,-0.10221311450004578,,0.10221311450004578,
105,847,,,-0.102257639169693,,0.102257639169693,
106,849,,,,-0.10611973702907562,,0.10611973702907562
106,855,,,-0.10242676734924316,,0.10242676734924316,
107,863,,,-0.1023218035697937,,0.1023218035697937,
108,871,,,-0.10230712592601776,,0.10230712592601776,
109,879,,,-0.10246042162179947,,0.10246042162179947,
110,887,,,-0.10250820219516754,,0.10250820219516754,
111,895,,,-0.1023828387260437,,0.1023828387260437,
112,899,,,,-0.11413554847240448,,0.11413554847240448
112,903,,,-0.10237744450569153,,0.10237744450569153,
113,911,,,-0.10268866270780563,,0.10268866270780563,
114,919,,,-0.1024729385972023,,0.1024729385972023,
115,927,,,-0.10273285210132599,,0.10273285210132599,
116,935,,,-0.10281800478696823,,0.10281800478696823,
117,943,,,-0.10256456583738327,,0.10256456583738327,
118,949,,,,-0.11998844146728516,,0.11998844146728516
118,951,,,-0.10253816843032837,,0.10253816843032837,
119,959,,,-0.10262265801429749,,0.10262265801429749,
120,967,,,-0.10260218381881714,,0.10260218381881714,
121,975,,,-0.10274828225374222,,0.10274828225374222,
122,983,,,-0.10278339684009552,,0.10278339684009552,
123,991,,,-0.1026163101196289,,0.1026163101196289,
124,999,,,,-0.10838213562965393,,0.10838213562965393
124,999,,,-0.10279493778944016,,0.10279493778944016,
125,1007,,,-0.10277993232011795,,0.10277993232011795,
126,1015,,,-0.10300589352846146,,0.10300589352846146,
127,1023,,,-0.10276442766189575,,0.10276442766189575,
128,1031,,,-0.10277751833200455,,0.10277751833200455,
129,1039,,,-0.1027541533112526,,0.1027541533112526,
130,1047,,,-0.10286980122327805,,0.10286980122327805,
131,1049,,,,-0.10487322509288788,,0.10487322509288788
131,1055,,,-0.10283459722995758,,0.10283459722995758,
132,1063,,,-0.102961964905262,,0.102961964905262,
133,1071,,,-0.10300202667713165,,0.10300202667713165,
134,1079,,,-0.10298630595207214,,0.10298630595207214,
135,1087,,,-0.10290108621120453,,0.10290108621120453,
136,1095,,,-0.10323406755924225,,0.10323406755924225,
137,1099,,,,-0.08168463408946991,,0.08168463408946991
137,1103,,,-0.10312465578317642,,0.10312465578317642,
138,1111,,,-0.10333225131034851,,0.10333225131034851,
139,1119,,,-0.10320092737674713,,0.10320092737674713,
140,1127,,,-0.10323570668697357,,0.10323570668697357,
141,1135,,,-0.10334936529397964,,0.10334936529397964,
142,1143,,,-0.10327668488025665,,0.10327668488025665,
143,1149,,,,-0.08927035331726074,,0.08927035331726074
143,1151,,,-0.10318964719772339,,0.10318964719772339,
144,1159,,,-0.1032605990767479,,0.1032605990767479,
145,1167,,,-0.10364670306444168,,0.10364670306444168,
146,1175,,,-0.10343581438064575,,0.10343581438064575,
147,1183,,,-0.10329093039035797,,0.10329093039035797,
148,1191,,,-0.10359153896570206,,0.10359153896570206,
149,1199,,,,-0.1109260618686676,,0.1109260618686676
149,1199,,,-0.10324853658676147,,0.10324853658676147,
150,1207,,,-0.10333230346441269,,0.10333230346441269,
151,1215,,,-0.10343407839536667,,0.10343407839536667,
152,1223,,,-0.10353444516658783,,0.10353444516658783,
153,1231,,,-0.10351155698299408,,0.10351155698299408,
154,1239,,,-0.10337544977664948,,0.10337544977664948,
155,1247,,,-0.10341108590364456,,0.10341108590364456,
156,1249,,,,-0.09504261612892151,,0.09504261612892151
156,1255,,,-0.10344906896352768,,0.10344906896352768,
157,1263,,,-0.1035303846001625,,0.1035303846001625,
158,1271,,,-0.103508360683918,,0.103508360683918,
159,1279,,,-0.10345800966024399,,0.10345800966024399,
160,1287,,,-0.10338359326124191,,0.10338359326124191,
161,1295,,,-0.10339409112930298,,0.10339409112930298,
162,1299,,,,-0.09225130081176758,,0.09225130081176758
162,1303,,,-0.10349240899085999,,0.10349240899085999,
163,1311,,,-0.10352354496717453,,0.10352354496717453,
164,1319,,,-0.1037706658244133,,0.1037706658244133,
165,1327,,,-0.1037934198975563,,0.1037934198975563,
166,1335,,,-0.10364004969596863,,0.10364004969596863,
167,1343,,,-0.1035284548997879,,0.1035284548997879,
168,1349,,,,-0.09544149041175842,,0.09544149041175842
168,1351,,,-0.10384596139192581,,0.10384596139192581,
169,1359,,,-0.10371534526348114,,0.10371534526348114,
170,1367,,,-0.10345274955034256,,0.10345274955034256,
171,1375,,,-0.10410138219594955,,0.10410138219594955,
172,1383,,,-0.10375729948282242,,0.10375729948282242,
173,1391,,,-0.10374326258897781,,0.10374326258897781,
174,1399,,,,-0.1029764711856842,,0.1029764711856842
174,1399,,,-0.10376710444688797,,0.10376710444688797,
175,1407,,,-0.10360396653413773,,0.10360396653413773,
176,1415,,,-0.10377902537584305,,0.10377902537584305,
177,1423,,,-0.1036948710680008,,0.1036948710680008,
178,1431,,,-0.10374144464731216,,0.10374144464731216,
179,1439,,,-0.1039169430732727,,0.1039169430732727,
180,1447,,,-0.10387332737445831,,0.10387332737445831,
181,1449,,,,-0.09531593322753906,,0.09531593322753906
181,1455,,,-0.10381259769201279,,0.10381259769201279,
182,1463,,,-0.10357755422592163,,0.10357755422592163,
183,1471,,,-0.10406044870615005,,0.10406044870615005,
184,1479,,,-0.1038464605808258,,0.1038464605808258,
185,1487,,,-0.1039394810795784,,0.1039394810795784,
186,1495,,,-0.10376042127609253,,0.10376042127609253,
187,1499,,,,-0.11080332100391388,,0.11080332100391388
187,1503,,,-0.10386284440755844,,0.10386284440755844,
188,1511,,,-0.10372976213693619,,0.10372976213693619,
189,1519,,,-0.10415804386138916,,0.10415804386138916,
190,1527,,,-0.10398492217063904,,0.10398492217063904,
191,1535,,,-0.10397612303495407,,0.10397612303495407,
192,1543,,,-0.10398130118846893,,0.10398130118846893,
193,1549,,,,-0.09196619689464569,,0.09196619689464569
193,1551,,,-0.10391367226839066,,0.10391367226839066,
194,1559,,,-0.10395166277885437,,0.10395166277885437,
195,1567,,,-0.10400650650262833,,0.10400650650262833,
196,1575,,,-0.10419554263353348,,0.10419554263353348,
197,1583,,,-0.10383588820695877,,0.10383588820695877,
198,1591,,,-0.10391201078891754,,0.10391201078891754,
199,1599,,,,-0.09402818977832794,,0.09402818977832794
199,1599,,,-0.10391673445701599,,0.10391673445701599,
200,1607,,,-0.10421456396579742,,0.10421456396579742,
201,1615,,,-0.10397443920373917,,0.10397443920373917,
202,1623,,,-0.10440728813409805,,0.10440728813409805,
203,1631,,,-0.10417068004608154,,0.10417068004608154,
204,1639,,,-0.10400180518627167,,0.10400180518627167,
205,1647,,,-0.10409905016422272,,0.10409905016422272,
206,1649,,,,-0.10974173247814178,,0.10974173247814178
206,1655,,,-0.10405801981687546,,0.10405801981687546,
207,1663,,,-0.10451941192150116,,0.10451941192150116,
208,1671,,,-0.10411281883716583,,0.10411281883716583,
209,1679,,,-0.10449781268835068,,0.10449781268835068,
210,1687,,,-0.10427108407020569,,0.10427108407020569,
211,1695,,,-0.10405079275369644,,0.10405079275369644,
212,1699,,,,-0.11902876198291779,,0.11902876198291779
212,1703,,,-0.10390917956829071,,0.10390917956829071,
213,1711,,,-0.10415802150964737,,0.10415802150964737,
214,1719,,,-0.10409702360630035,,0.10409702360630035,
215,1727,,,-0.10429725050926208,,0.10429725050926208,
216,1735,,,-0.10418295860290527,,0.10418295860290527,
217,1743,,,-0.10409308224916458,,0.10409308224916458,
218,1749,,,,-0.10065685212612152,,0.10065685212612152
218,1751,,,-0.10439344495534897,,0.10439344495534897,
219,1759,,,-0.10425946116447449,,0.10425946116447449,
220,1767,,,-0.10415391623973846,,0.10415391623973846,
221,1775,,,-0.10424911975860596,,0.10424911975860596,
222,1783,,,-0.10415954887866974,,0.10415954887866974,
223,1791,,,-0.10422450304031372,,0.10422450304031372,
224,1799,,,,-0.07700634002685547,,0.07700634002685547
224,1799,,,-0.10426898300647736,,0.10426898300647736,
225,1807,,,-0.1042170524597168,,0.1042170524597168,
226,1815,,,-0.10416965186595917,,0.10416965186595917,
227,1823,,,-0.1041632667183876,,0.1041632667183876,
228,1831,,,-0.10419725626707077,,0.10419725626707077,
229,1839,,,-0.10407920181751251,,0.10407920181751251,
230,1847,,,-0.10408654808998108,,0.10408654808998108,
231,1849,,,,-0.1123272031545639,,0.1123272031545639
231,1855,,,-0.10430248081684113,,0.10430248081684113,
232,1863,,,-0.10449085384607315,,0.10449085384607315,
233,1871,,,-0.10427682101726532,,0.10427682101726532,
234,1879,,,-0.10437602549791336,,0.10437602549791336,
235,1887,,,-0.10426315665245056,,0.10426315665245056,
236,1895,,,-0.10423532873392105,,0.10423532873392105,
237,1899,,,,-0.11695872247219086,,0.11695872247219086
237,1903,,,-0.10412438958883286,,0.10412438958883286,
238,1911,,,-0.10428005456924438,,0.10428005456924438,
239,1919,,,-0.10457970947027206,,0.10457970947027206,
240,1927,,,-0.10442309826612473,,0.10442309826612473,
241,1935,,,-0.10439306497573853,,0.10439306497573853,
242,1943,,,-0.10422685742378235,,0.10422685742378235,
243,1949,,,,-0.12167344987392426,,0.12167344987392426
243,1951,,,-0.1046907976269722,,0.1046907976269722,
244,1959,,,-0.1044713482260704,,0.1044713482260704,
245,1967,,,-0.10453706979751587,,0.10453706979751587,
246,1975,,,-0.10456792265176773,,0.10456792265176773,
247,1983,,,-0.10437625646591187,,0.10437625646591187,
248,1991,,,-0.10432237386703491,,0.10432237386703491,
249,1999,,,,-0.1002771407365799,,0.1002771407365799
249,1999,,,-0.1043565422296524,,0.1043565422296524,
250,2007,,,-0.10452020168304443,,0.10452020168304443,
251,2015,,,-0.10453054308891296,,0.10453054308891296,
252,2023,,,-0.10435223579406738,,0.10435223579406738,
253,2031,,,-0.10428624600172043,,0.10428624600172043,
254,2039,,,-0.10456368327140808,,0.10456368327140808,
255,2047,,,-0.10448843985795975,,0.10448843985795975,
256,2049,,,,-0.11003565788269043,,0.11003565788269043
256,2055,,,-0.10434938967227936,,0.10434938967227936,
257,2063,,,-0.10434833914041519,,0.10434833914041519,
258,2071,,,-0.10432412475347519,,0.10432412475347519,
259,2079,,,-0.10437357425689697,,0.10437357425689697,
260,2087,,,-0.10481633245944977,,0.10481633245944977,
261,2095,,,-0.10455463826656342,,0.10455463826656342,
262,2099,,,,-0.12488774955272675,,0.12488774955272675
262,2103,,,-0.10474704951047897,,0.10474704951047897,
263,2111,,,-0.1044868752360344,,0.1044868752360344,
264,2119,,,-0.10448592901229858,,0.10448592901229858,
265,2127,,,-0.10438222438097,,0.10438222438097,
266,2135,,,-0.10465938597917557,,0.10465938597917557,
267,2143,,,-0.10466296225786209,,0.10466296225786209,
268,2149,,,,-0.08527326583862305,,0.08527326583862305
268,2151,,,-0.10466825217008591,,0.10466825217008591,
269,2159,,,-0.10447937250137329,,0.10447937250137329,
270,2167,,,-0.10441019386053085,,0.10441019386053085,
271,2175,,,-0.10442148149013519,,0.10442148149013519,
272,2183,,,-0.10454245656728745,,0.10454245656728745,
273,2191,,,-0.10447333753108978,,0.10447333753108978,
274,2199,,,,-0.1161215752363205,,0.1161215752363205
274,2199,,,-0.10492773354053497,,0.10492773354053497,
275,2207,,,-0.10450056195259094,,0.10450056195259094,
276,2215,,,-0.1045341044664383,,0.1045341044664383,
277,2223,,,-0.10443974286317825,,0.10443974286317825,
278,2231,,,-0.10458502173423767,,0.10458502173423767,
279,2239,,,-0.10462524741888046,,0.10462524741888046,
280,2247,,,-0.10452008992433548,,0.10452008992433548,
281,2249,,,,-0.11073856055736542,,0.11073856055736542
281,2255,,,-0.1046038419008255,,0.1046038419008255,
282,2263,,,-0.10470259934663773,,0.10470259934663773,
283,2271,,,-0.10453475266695023,,0.10453475266695023,
284,2279,,,-0.10456264764070511,,0.10456264764070511,
285,2287,,,-0.10457785427570343,,0.10457785427570343,
286,2295,,,-0.10465706884860992,,0.10465706884860992,
287,2299,,,,-0.10040926933288574,,0.10040926933288574
287,2303,,,-0.10477816313505173,,0.10477816313505173,
288,2311,,,-0.10462213307619095,,0.10462213307619095,
289,2319,,,-0.1047070175409317,,0.1047070175409317,
290,2327,,,-0.10464848577976227,,0.10464848577976227,
291,2335,,,-0.10463640093803406,,0.10463640093803406,
292,2343,,,-0.10496174544095993,,0.10496174544095993,
293,2349,,,,-0.10580764710903168,,0.10580764710903168
293,2351,,,-0.10476046055555344,,0.10476046055555344,
294,2359,,,-0.10464087873697281,,0.10464087873697281,
295,2367,,,-0.10447968542575836,,0.10447968542575836,
296,2375,,,-0.10464143007993698,,0.10464143007993698,
297,2383,,,-0.10459345579147339,,0.10459345579147339,
298,2391,,,-0.10455557703971863,,0.10455557703971863,
299,2399,,,,-0.12377595901489258,,0.12377595901489258
299,2399,,,-0.10473679006099701,,0.10473679006099701,
300,2407,,,-0.10459374636411667,,0.10459374636411667,
301,2415,,,-0.10484947264194489,,0.10484947264194489,
302,2423,,,-0.10483738034963608,,0.10483738034963608,
303,2431,,,-0.10467866063117981,,0.10467866063117981,
304,2439,,,-0.10471726208925247,,0.10471726208925247,
305,2447,,,-0.1044711172580719,,0.1044711172580719,
306,2449,,,,-0.11507511138916016,,0.11507511138916016
306,2455,,,-0.10466913878917694,,0.10466913878917694,
307,2463,,,-0.10493471473455429,,0.10493471473455429,
308,2471,,,-0.1047755628824234,,0.1047755628824234,
309,2479,,,-0.1049964502453804,,0.1049964502453804,
310,2487,,,-0.10446037352085114,,0.10446037352085114,
311,2495,,,-0.1046750620007515,,0.1046750620007515,
312,2499,,,,-0.10845337808132172,,0.10845337808132172
312,2503,,,-0.10477013885974884,,0.10477013885974884,
313,2511,,,-0.10456235706806183,,0.10456235706806183,
314,2519,,,-0.10512995719909668,,0.10512995719909668,
315,2527,,,-0.10477831959724426,,0.10477831959724426,
316,2535,,,-0.10497454553842545,,0.10497454553842545,
317,2543,,,-0.10454604774713516,,0.10454604774713516,
318,2549,,,,-0.11468468606472015,,0.11468468606472015
318,2551,,,-0.1048879399895668,,0.1048879399895668,
319,2559,,,-0.10461486876010895,,0.10461486876010895,
320,2567,,,-0.10465959459543228,,0.10465959459543228,
321,2575,,,-0.10479357838630676,,0.10479357838630676,
322,2583,,,-0.10448157042264938,,0.10448157042264938,
323,2591,,,-0.10510792583227158,,0.10510792583227158,
324,2599,,,,-0.09474053978919983,,0.09474053978919983
324,2599,,,-0.104821115732193,,0.104821115732193,
325,2607,,,-0.10482403635978699,,0.10482403635978699,
326,2615,,,-0.10499405860900879,,0.10499405860900879,
327,2623,,,-0.10466872900724411,,0.10466872900724411,
328,2631,,,-0.10476259887218475,,0.10476259887218475,
329,2639,,,-0.104683056473732,,0.104683056473732,
330,2647,,,-0.10471548140048981,,0.10471548140048981,
331,2649,,,,-0.09994764626026154,,0.09994764626026154
331,2655,,,-0.10480952262878418,,0.10480952262878418,
332,2663,,,-0.10460556298494339,,0.10460556298494339,
333,2671,,,-0.10459986329078674,,0.10459986329078674,
334,2679,,,-0.105454221367836,,0.105454221367836,
335,2687,,,-0.10493562370538712,,0.10493562370538712,
336,2695,,,-0.10460681468248367,,0.10460681468248367,
337,2699,,,,-0.11164608597755432,,0.11164608597755432
337,2703,,,-0.10476701706647873,,0.10476701706647873,
338,2711,,,-0.10507352650165558,,0.10507352650165558,
339,2719,,,-0.10485831648111343,,0.10485831648111343,
340,2727,,,-0.10504341125488281,,0.10504341125488281,
341,2735,,,-0.10489696264266968,,0.10489696264266968,
342,2743,,,-0.10487484186887741,,0.10487484186887741,
343,2749,,,,-0.12959586083889008,,0.12959586083889008
343,2751,,,-0.10487614572048187,,0.10487614572048187,
344,2759,,,-0.10526023060083389,,0.10526023060083389,
345,2767,,,-0.10487993061542511,,0.10487993061542511,
346,2775,,,-0.10506097227334976,,0.10506097227334976,
347,2783,,,-0.1050507053732872,,0.1050507053732872,
348,2791,,,-0.10501235723495483,,0.10501235723495483,
349,2799,,,,-0.08691596984863281,,0.08691596984863281
349,2799,,,-0.10484455525875092,,0.10484455525875092,
350,2807,,,-0.10506509989500046,,0.10506509989500046,
351,2815,,,-0.10534761846065521,,0.10534761846065521,
352,2823,,,-0.10496532917022705,,0.10496532917022705,
353,2831,,,-0.10498040914535522,,0.10498040914535522,
354,2839,,,-0.10475596785545349,,0.10475596785545349,
355,2847,,,-0.10516850650310516,,0.10516850650310516,
356,2849,,,,-0.10334177315235138,,0.10334177315235138
356,2855,,,-0.10488568991422653,,0.10488568991422653,
357,2863,,,-0.10478454828262329,,0.10478454828262329,
358,2871,,,-0.10493636131286621,,0.10493636131286621,
359,2879,,,-0.10503823310136795,,0.10503823310136795,
360,2887,,,-0.10483366996049881,,0.10483366996049881,
361,2895,,,-0.105003722012043,,0.105003722012043,
362,2899,,,,-0.0882842093706131,,0.0882842093706131
362,2903,,,-0.10497523099184036,,0.10497523099184036,
363,2911,,,-0.10506591945886612,,0.10506591945886612,
364,2919,,,-0.1050388291478157,,0.1050388291478157,
365,2927,,,-0.10495170950889587,,0.10495170950889587,
366,2935,,,-0.1049213781952858,,0.1049213781952858,
367,2943,,,-0.10550276190042496,,0.10550276190042496,
368,2949,,,,-0.09226517379283905,,0.09226517379283905
368,2951,,,-0.10512649267911911,,0.10512649267911911,
369,2959,,,-0.10481918603181839,,0.10481918603181839,
370,2967,,,-0.10491025447845459,,0.10491025447845459,
371,2975,,,-0.10478215664625168,,0.10478215664625168,
372,2983,,,-0.1049174889922142,,0.1049174889922142,
373,2991,,,-0.10514506697654724,,0.10514506697654724,
374,2999,,,,-0.0989232063293457,,0.0989232063293457
374,2999,,,-0.10496143996715546,,0.10496143996715546,
375,3007,,,-0.10487931966781616,,0.10487931966781616,
376,3015,,,-0.1048474982380867,,0.1048474982380867,
377,3023,,,-0.10506013035774231,,0.10506013035774231,
378,3031,,,-0.10501930117607117,,0.10501930117607117,
379,3039,,,-0.10483890026807785,,0.10483890026807785,
380,3047,,,-0.1049358993768692,,0.1049358993768692,
381,3049,,,,-0.1131717711687088,,0.1131717711687088
381,3055,,,-0.10471588373184204,,0.10471588373184204,
382,3063,,,-0.10494598746299744,,0.10494598746299744,
383,3071,,,-0.10477759689092636,,0.10477759689092636,
384,3079,,,-0.1051265150308609,,0.1051265150308609,
385,3087,,,-0.10500945150852203,,0.10500945150852203,
386,3095,,,-0.10497188568115234,,0.10497188568115234,
387,3099,,,,-0.08509330451488495,,0.08509330451488495
387,3103,,,-0.10505454987287521,,0.10505454987287521,
388,3111,,,-0.10495962202548981,,0.10495962202548981,
389,3119,,,-0.10496743023395538,,0.10496743023395538,
390,3127,,,-0.10484243184328079,,0.10484243184328079,
391,3135,,,-0.10508351773023605,,0.10508351773023605,
392,3143,,,-0.10508351773023605,,0.10508351773023605,
393,3149,,,,-0.10439763963222504,,0.10439763963222504
393,3151,,,-0.10517464578151703,,0.10517464578151703,
394,3159,,,-0.1050223857164383,,0.1050223857164383,
395,3167,,,-0.10493046790361404,,0.10493046790361404,
396,3175,,,-0.10494593530893326,,0.10494593530893326,
397,3183,,,-0.10478684306144714,,0.10478684306144714,
398,3191,,,-0.10500456392765045,,0.10500456392765045,
399,3199,,,,-0.1131734848022461,,0.1131734848022461
399,3199,,,-0.10513138771057129,,0.10513138771057129,
400,3207,,,-0.10505053400993347,,0.10505053400993347,
401,3215,,,-0.10493306815624237,,0.10493306815624237,
402,3223,,,-0.10504668951034546,,0.10504668951034546,
403,3231,,,-0.10521768778562546,,0.10521768778562546,
404,3239,,,-0.10477335005998611,,0.10477335005998611,
405,3247,,,-0.1050051748752594,,0.1050051748752594,
406,3249,,,,-0.11424122750759125,,0.11424122750759125
406,3255,,,-0.10536257177591324,,0.10536257177591324,
407,3263,,,-0.10504277050495148,,0.10504277050495148,
408,3271,,,-0.10512027889490128,,0.10512027889490128,
409,3279,,,-0.1053062379360199,,0.1053062379360199,
410,3287,,,-0.10502813756465912,,0.10502813756465912,
411,3295,,,-0.10479743778705597,,0.10479743778705597,
412,3299,,,,-0.1296512633562088,,0.1296512633562088
412,3303,,,-0.10521848499774933,,0.10521848499774933,
413,3311,,,-0.10501549392938614,,0.10501549392938614,
414,3319,,,-0.10504073649644852,,0.10504073649644852,
415,3327,,,-0.10494809597730637,,0.10494809597730637,
416,3335,,,-0.10499738901853561,,0.10499738901853561,
417,3343,,,-0.10511930286884308,,0.10511930286884308,
418,3349,,,,-0.11150841414928436,,0.11150841414928436
418,3351,,,-0.10529784858226776,,0.10529784858226776,
419,3359,,,-0.10510309040546417,,0.10510309040546417,
420,3367,,,-0.10500413924455643,,0.10500413924455643,
421,3375,,,-0.10512835532426834,,0.10512835532426834,
422,3383,,,-0.10520663857460022,,0.10520663857460022,
423,3391,,,-0.10484141856431961,,0.10484141856431961,
424,3399,,,,-0.0958966314792633,,0.0958966314792633
424,3399,,,-0.10544848442077637,,0.10544848442077637,
425,3407,,,-0.10505566745996475,,0.10505566745996475,
426,3415,,,-0.10470083355903625,,0.10470083355903625,
427,3423,,,-0.10490912199020386,,0.10490912199020386,
428,3431,,,-0.10515447705984116,,0.10515447705984116,
429,3439,,,-0.1052834689617157,,0.1052834689617157,
430,3447,,,-0.1053299829363823,,0.1053299829363823,
431,3449,,,,-0.11276721954345703,,0.11276721954345703
431,3455,,,-0.10525725036859512,,0.10525725036859512,
432,3463,,,-0.10517757385969162,,0.10517757385969162,
433,3471,,,-0.10496777296066284,,0.10496777296066284,
434,3479,,,-0.10491909086704254,,0.10491909086704254,
435,3487,,,-0.10537966340780258,,0.10537966340780258,
436,3495,,,-0.1050775870680809,,0.1050775870680809,
437,3499,,,,-0.0728425532579422,,0.0728425532579422
437,3503,,,-0.10505697876214981,,0.10505697876214981,
438,3511,,,-0.10487182438373566,,0.10487182438373566,
439,3519,,,-0.10498960316181183,,0.10498960316181183,
440,3527,,,-0.10496259480714798,,0.10496259480714798,
441,3535,,,-0.10508511960506439,,0.10508511960506439,
442,3543,,,-0.10488361865282059,,0.10488361865282059,
443,3549,,,,-0.10913725197315216,,0.10913725197315216
443,3551,,,-0.10490985959768295,,0.10490985959768295,
444,3559,,,-0.10514184832572937,,0.10514184832572937,
445,3567,,,-0.10517872124910355,,0.10517872124910355,
446,3575,,,-0.10498658567667007,,0.10498658567667007,
447,3583,,,-0.1051066666841507,,0.1051066666841507,
448,3591,,,-0.10507816076278687,,0.10507816076278687,
449,3599,,,,-0.10887280106544495,,0.10887280106544495
449,3599,,,-0.10520793497562408,,0.10520793497562408,
450,3607,,,-0.10506607592105865,,0.10506607592105865,
451,3615,,,-0.10486453771591187,,0.10486453771591187,
452,3623,,,-0.10523613542318344,,0.10523613542318344,
453,3631,,,-0.10528994351625443,,0.10528994351625443,
454,3639,,,-0.10507552325725555,,0.10507552325725555,
455,3647,,,-0.10576976090669632,,0.10576976090669632,
456,3649,,,,-0.09908929467201233,,0.09908929467201233
456,3655,,,-0.10502666234970093,,0.10502666234970093,
457,3663,,,-0.1051078736782074,,0.1051078736782074,
458,3671,,,-0.10546752065420151,,0.10546752065420151,
459,3679,,,-0.10507020354270935,,0.10507020354270935,
460,3687,,,-0.10476940870285034,,0.10476940870285034,
461,3695,,,-0.10513263195753098,,0.10513263195753098,
462,3699,,,,-0.08446292579174042,,0.08446292579174042
462,3703,,,-0.1051480695605278,,0.1051480695605278,
463,3711,,,-0.10491979867219925,,0.10491979867219925,
464,3719,,,-0.1051563024520874,,0.1051563024520874,
465,3727,,,-0.10506695508956909,,0.10506695508956909,
466,3735,,,-0.1053064838051796,,0.1053064838051796,
467,3743,,,-0.1054079607129097,,0.1054079607129097,
468,3749,,,,-0.08418984711170197,,0.08418984711170197
468,3751,,,-0.10494658350944519,,0.10494658350944519,
469,3759,,,-0.10515810549259186,,0.10515810549259186,
470,3767,,,-0.10498981922864914,,0.10498981922864914,
471,3775,,,-0.1050339862704277,,0.1050339862704277,
472,3783,,,-0.10520869493484497,,0.10520869493484497,
473,3791,,,-0.1050252690911293,,0.1050252690911293,
474,3799,,,,-0.11497430503368378,,0.11497430503368378
474,3799,,,-0.10555616766214371,,0.10555616766214371,
475,3807,,,-0.10520961880683899,,0.10520961880683899,
476,3815,,,-0.10537807643413544,,0.10537807643413544,
477,3823,,,-0.10511045902967453,,0.10511045902967453,
478,3831,,,-0.10508918762207031,,0.10508918762207031,
479,3839,,,-0.1050904393196106,,0.1050904393196106,
480,3847,,,-0.10495754331350327,,0.10495754331350327,
481,3849,,,,-0.10953021049499512,,0.10953021049499512
481,3855,,,-0.1050705537199974,,0.1050705537199974,
482,3863,,,-0.10508003830909729,,0.10508003830909729,
483,3871,,,-0.1050272211432457,,0.1050272211432457,
484,3879,,,-0.10507722198963165,,0.10507722198963165,
485,3887,,,-0.10512213408946991,,0.10512213408946991,
486,3895,,,-0.10516715049743652,,0.10516715049743652,
487,3899,,,,-0.1027616560459137,,0.1027616560459137
487,3903,,,-0.10532941669225693,,0.10532941669225693,
488,3911,,,-0.10508272796869278,,0.10508272796869278,
489,3919,,,-0.10511089861392975,,0.10511089861392975,
490,3927,,,-0.10498939454555511,,0.10498939454555511,
491,3935,,,-0.10508005321025848,,0.10508005321025848,
492,3943,,,-0.10529029369354248,,0.10529029369354248,
493,3949,,,,-0.10045599937438965,,0.10045599937438965
493,3951,,,-0.10507391393184662,,0.10507391393184662,
494,3959,,,-0.10519450902938843,,0.10519450902938843,
495,3967,,,-0.1050403043627739,,0.1050403043627739,
496,3975,,,-0.10567142069339752,,0.10567142069339752,
497,3983,,,-0.10512585192918777,,0.10512585192918777,
498,3991,,,-0.10493608564138412,,0.10493608564138412,
499,3999,,,,-0.10593605041503906,,0.10593605041503906
499,3999,,,-0.10510241985321045,,0.10510241985321045,
500,4007,,,-0.10514137148857117,,0.10514137148857117,
501,4015,,,-0.10527729243040085,,0.10527729243040085,
502,4023,,,-0.10491418093442917,,0.10491418093442917,
503,4031,,,-0.10563004016876221,,0.10563004016876221,
504,4039,,,-0.10516522079706192,,0.10516522079706192,
505,4047,,,-0.10536667704582214,,0.10536667704582214,
506,4049,,,,-0.10554094612598419,,0.10554094612598419
506,4055,,,-0.10494526475667953,,0.10494526475667953,
507,4063,,,-0.10514255613088608,,0.10514255613088608,
508,4071,,,-0.10541606694459915,,0.10541606694459915,
509,4079,,,-0.10495803505182266,,0.10495803505182266,
510,4087,,,-0.10490784794092178,,0.10490784794092178,
511,4095,,,-0.10513309389352798,,0.10513309389352798,
512,4099,,,,-0.0717867910861969,,0.0717867910861969
512,4103,,,-0.10517878085374832,,0.10517878085374832,
513,4111,,,-0.1055430918931961,,0.1055430918931961,
514,4119,,,-0.10505234450101852,,0.10505234450101852,
515,4127,,,-0.10518969595432281,,0.10518969595432281,
516,4135,,,-0.10508110374212265,,0.10508110374212265,
517,4143,,,-0.10541576892137527,,0.10541576892137527,
518,4149,,,,-0.10388898849487305,,0.10388898849487305
518,4151,,,-0.10503599792718887,,0.10503599792718887,
519,4159,,,-0.10503603518009186,,0.10503603518009186,
520,4167,,,-0.10504813492298126,,0.10504813492298126,
521,4175,,,-0.10520795732736588,,0.10520795732736588,
522,4183,,,-0.10510827600955963,,0.10510827600955963,
523,4191,,,-0.1053292378783226,,0.1053292378783226,
524,4199,,,,-0.10943035781383514,,0.10943035781383514
524,4199,,,-0.10505194962024689,,0.10505194962024689,
525,4207,,,-0.10524953901767731,,0.10524953901767731,
526,4215,,,-0.1049947515130043,,0.1049947515130043,
527,4223,,,-0.10523256659507751,,0.10523256659507751,
528,4231,,,-0.10534188151359558,,0.10534188151359558,
529,4239,,,-0.10548477619886398,,0.10548477619886398,
530,4247,,,-0.10553990304470062,,0.10553990304470062,
531,4249,,,,-0.12039470672607422,,0.12039470672607422
531,4255,,,-0.10499142855405807,,0.10499142855405807,
532,4263,,,-0.10532034933567047,,0.10532034933567047,
533,4271,,,-0.10533656924962997,,0.10533656924962997,
534,4279,,,-0.10522022843360901,,0.10522022843360901,
535,4287,,,-0.1051461398601532,,0.1051461398601532,
536,4295,,,-0.10533641278743744,,0.10533641278743744,
537,4299,,,,-0.10116992890834808,,0.10116992890834808
537,4303,,,-0.10519292205572128,,0.10519292205572128,
538,4311,,,-0.10528776794672012,,0.10528776794672012,
539,4319,,,-0.10507092624902725,,0.10507092624902725,
540,4327,,,-0.10517910122871399,,0.10517910122871399,
541,4335,,,-0.1052243560552597,,0.1052243560552597,
542,4343,,,-0.10510352998971939,,0.10510352998971939,
543,4349,,,,-0.09278011322021484,,0.09278011322021484
543,4351,,,-0.10516209900379181,,0.10516209900379181,
544,4359,,,-0.10511910170316696,,0.10511910170316696,
545,4367,,,-0.10503703355789185,,0.10503703355789185,
546,4375,,,-0.10543286055326462,,0.10543286055326462,
547,4383,,,-0.10549509525299072,,0.10549509525299072,
548,4391,,,-0.10528596490621567,,0.10528596490621567,
549,4399,,,,-0.09635959565639496,,0.09635959565639496
549,4399,,,-0.10547048598527908,,0.10547048598527908,
550,4407,,,-0.10539687424898148,,0.10539687424898148,
551,4415,,,-0.10512519627809525,,0.10512519627809525,
552,4423,,,-0.10517049580812454,,0.10517049580812454,
553,4431,,,-0.10523489117622375,,0.10523489117622375,
554,4439,,,-0.10529965907335281,,0.10529965907335281,
555,4447,,,-0.1051722913980484,,0.1051722913980484,
556,4449,,,,-0.0987926572561264,,0.0987926572561264
556,4455,,,-0.10537675768136978,,0.10537675768136978,
557,4463,,,-0.10538318008184433,,0.10538318008184433,
558,4471,,,-0.10513085871934891,,0.10513085871934891,
559,4479,,,-0.10544875264167786,,0.10544875264167786,
560,4487,,,-0.10539457947015762,,0.10539457947015762,
561,4495,,,-0.10517790168523788,,0.10517790168523788,
562,4499,,,,-0.1309823989868164,,0.1309823989868164
562,4503,,,-0.10537463426589966,,0.10537463426589966,
563,4511,,,-0.10524950921535492,,0.10524950921535492,
564,4519,,,-0.10528197139501572,,0.10528197139501572,
565,4527,,,-0.10513883084058762,,0.10513883084058762,
566,4535,,,-0.10512498766183853,,0.10512498766183853,
567,4543,,,-0.10518675297498703,,0.10518675297498703,
568,4549,,,,-0.09911046922206879,,0.09911046922206879
568,4551,,,-0.10531474649906158,,0.10531474649906158,
569,4559,,,-0.10533670336008072,,0.10533670336008072,
570,4567,,,-0.10537943243980408,,0.10537943243980408,
571,4575,,,-0.1050969585776329,,0.1050969585776329,
572,4583,,,-0.105337955057621,,0.105337955057621,
573,4591,,,-0.10516439378261566,,0.10516439378261566,
574,4599,,,,-0.0840139389038086,,0.0840139389038086
574,4599,,,-0.10520915687084198,,0.10520915687084198,
575,4607,,,-0.1050734594464302,,0.1050734594464302,
576,4615,,,-0.10524153709411621,,0.10524153709411621,
577,4623,,,-0.10520109534263611,,0.10520109534263611,
578,4631,,,-0.10517457127571106,,0.10517457127571106,
579,4639,,,-0.10520361363887787,,0.10520361363887787,
580,4647,,,-0.10495792329311371,,0.10495792329311371,
581,4649,,,,-0.11885499954223633,,0.11885499954223633
581,4655,,,-0.10552868992090225,,0.10552868992090225,
582,4663,,,-0.1052689477801323,,0.1052689477801323,
583,4671,,,-0.1056077852845192,,0.1056077852845192,
584,4679,,,-0.10544366389513016,,0.10544366389513016,
585,4687,,,-0.10547731071710587,,0.10547731071710587,
586,4695,,,-0.10521229356527328,,0.10521229356527328,
587,4699,,,,-0.07891492545604706,,0.07891492545604706
587,4703,,,-0.10553964972496033,,0.10553964972496033,
588,4711,,,-0.1051543727517128,,0.1051543727517128,
589,4719,,,-0.1055004745721817,,0.1055004745721817,
590,4727,,,-0.10561159998178482,,0.10561159998178482,
591,4735,,,-0.10525388270616531,,0.10525388270616531,
592,4743,,,-0.10510699450969696,,0.10510699450969696,
593,4749,,,,-0.09966631233692169,,0.09966631233692169
593,4751,,,-0.10544240474700928,,0.10544240474700928,
594,4759,,,-0.10517644137144089,,0.10517644137144089,
595,4767,,,-0.10510275512933731,,0.10510275512933731,
596,4775,,,-0.10517126321792603,,0.10517126321792603,
597,4783,,,-0.10542477667331696,,0.10542477667331696,
598,4791,,,-0.10533589869737625,,0.10533589869737625,
599,4799,,,,-0.10446591675281525,,0.10446591675281525
599,4799,,,-0.10523893684148788,,0.10523893684148788,
600,4807,,,-0.10562153160572052,,0.10562153160572052,
601,4815,,,-0.1051720604300499,,0.1051720604300499,
602,4823,,,-0.10522334277629852,,0.10522334277629852,
603,4831,,,-0.10516435652971268,,0.10516435652971268,
604,4839,,,-0.10527430474758148,,0.10527430474758148,
605,4847,,,-0.10538595914840698,,0.10538595914840698,
606,4849,,,,-0.1277904063463211,,0.1277904063463211
606,4855,,,-0.10512624680995941,,0.10512624680995941,
607,4863,,,-0.10515487939119339,,0.10515487939119339,
608,4871,,,-0.1057710349559784,,0.1057710349559784,
609,4879,,,-0.10516336560249329,,0.10516336560249329,
610,4887,,,-0.10528405755758286,,0.10528405755758286,
611,4895,,,-0.10504837334156036,,0.10504837334156036,
612,4899,,,,-0.09668540954589844,,0.09668540954589844
612,4903,,,-0.10525991022586823,,0.10525991022586823,
613,4911,,,-0.1054043248295784,,0.1054043248295784,
614,4919,,,-0.1055390015244484,,0.1055390015244484,
615,4927,,,-0.10529650002717972,,0.10529650002717972,
616,4935,,,-0.10542519390583038,,0.10542519390583038,
617,4943,,,-0.10546599328517914,,0.10546599328517914,
618,4949,,,,-0.10737872123718262,,0.10737872123718262
618,4951,,,-0.10543359071016312,,0.10543359071016312,
619,4959,,,-0.10524140298366547,,0.10524140298366547,
620,4967,,,-0.10525885224342346,,0.10525885224342346,
621,4975,,,-0.10497695207595825,,0.10497695207595825,
622,4983,,,-0.10535472631454468,,0.10535472631454468,
623,4991,,,-0.10524216294288635,,0.10524216294288635,
624,4999,,,,-0.11323957145214081,,0.11323957145214081
624,4999,,,-0.10538344830274582,,0.10538344830274582,
625,5007,,,-0.10528426617383957,,0.10528426617383957,
626,5015,,,-0.10529652237892151,,0.10529652237892151,
627,5023,,,-0.10535333305597305,,0.10535333305597305,
628,5031,,,-0.10542446374893188,,0.10542446374893188,
629,5039,,,-0.10548458248376846,,0.10548458248376846,
630,5047,,,-0.10528691112995148,,0.10528691112995148,
631,5049,,,,-0.13308535516262054,,0.13308535516262054
631,5055,,,-0.10547521710395813,,0.10547521710395813,
632,5063,,,-0.10546630620956421,,0.10546630620956421,
633,5071,,,-0.10522297024726868,,0.10522297024726868,
634,5079,,,-0.10518210381269455,,0.10518210381269455,
635,5087,,,-0.10516799241304398,,0.10516799241304398,
636,5095,,,-0.10521510988473892,,0.10521510988473892,
637,5099,,,,-0.11041860282421112,,0.11041860282421112
637,5103,,,-0.10545504093170166,,0.10545504093170166,
638,5111,,,-0.10507228970527649,,0.10507228970527649,
639,5119,,,-0.10543909668922424,,0.10543909668922424,
640,5127,,,-0.10565278679132462,,0.10565278679132462,
641,5135,,,-0.10523948073387146,,0.10523948073387146,
642,5143,,,-0.10526466369628906,,0.10526466369628906,
643,5149,,,,-0.09657640755176544,,0.09657640755176544
643,5151,,,-0.10518215596675873,,0.10518215596675873,
644,5159,,,-0.10522189736366272,,0.10522189736366272,
645,5167,,,-0.105567067861557,,0.105567067861557,
646,5175,,,-0.10539983212947845,,0.10539983212947845,
647,5183,,,-0.1051517054438591,,0.1051517054438591,
648,5191,,,-0.10521789640188217,,0.10521789640188217,
649,5199,,,,-0.1216852217912674,,0.1216852217912674
649,5199,,,-0.10520971566438675,,0.10520971566438675,
650,5207,,,-0.10524072498083115,,0.10524072498083115,
651,5215,,,-0.10544829070568085,,0.10544829070568085,
652,5223,,,-0.10548079758882523,,0.10548079758882523,
653,5231,,,-0.10526677221059799,,0.10526677221059799,
654,5239,,,-0.10508143156766891,,0.10508143156766891,
655,5247,,,-0.10594729334115982,,0.10594729334115982,
656,5249,,,,-0.09562377631664276,,0.09562377631664276
656,5255,,,-0.10521326959133148,,0.10521326959133148,
657,5263,,,-0.1056644394993782,,0.1056644394993782,
658,5271,,,-0.1055317297577858,,0.1055317297577858,
659,5279,,,-0.10514433681964874,,0.10514433681964874,
660,5287,,,-0.10542517155408859,,0.10542517155408859,
661,5295,,,-0.10546167194843292,,0.10546167194843292,
662,5299,,,,-0.10212193429470062,,0.10212193429470062
662,5303,,,-0.10538836568593979,,0.10538836568593979,
663,5311,,,-0.10522662103176117,,0.10522662103176117,
664,5319,,,-0.10543976724147797,,0.10543976724147797,
665,5327,,,-0.10518935322761536,,0.10518935322761536,
666,5335,,,-0.10550353676080704,,0.10550353676080704,
667,5343,,,-0.10546799004077911,,0.10546799004077911,
668,5349,,,,-0.12212657928466797,,0.12212657928466797
668,5351,,,-0.10525117069482803,,0.10525117069482803,
669,5359,,,-0.10511960089206696,,0.10511960089206696,
670,5367,,,-0.10537756234407425,,0.10537756234407425,
671,5375,,,-0.1053822785615921,,0.1053822785615921,
672,5383,,,-0.10536076873540878,,0.10536076873540878,
673,5391,,,-0.10533849895000458,,0.10533849895000458,
674,5399,,,,-0.08677268028259277,,0.08677268028259277
674,5399,,,-0.10541826486587524,,0.10541826486587524,
675,5407,,,-0.10549607872962952,,0.10549607872962952,
676,5415,,,-0.10524944216012955,,0.10524944216012955,
677,5423,,,-0.10523615777492523,,0.10523615777492523,
678,5431,,,-0.10519826412200928,,0.10519826412200928,
679,5439,,,-0.10527738183736801,,0.10527738183736801,
680,5447,,,-0.10513101518154144,,0.10513101518154144,
681,5449,,,,-0.11787925660610199,,0.11787925660610199
681,5455,,,-0.10525524616241455,,0.10525524616241455,
682,5463,,,-0.10533620417118073,,0.10533620417118073,
683,5471,,,-0.10560501366853714,,0.10560501366853714,
684,5479,,,-0.10518479347229004,,0.10518479347229004,
685,5487,,,-0.10546957701444626,,0.10546957701444626,
686,5495,,,-0.10556108504533768,,0.10556108504533768,
687,5499,,,,-0.12419123947620392,,0.12419123947620392
687,5503,,,-0.10515185445547104,,0.10515185445547104,
688,5511,,,-0.10536283999681473,,0.10536283999681473,
689,5519,,,-0.10565139353275299,,0.10565139353275299,
690,5527,,,-0.1059269905090332,,0.1059269905090332,
691,5535,,,-0.1053757593035698,,0.1053757593035698,
692,5543,,,-0.10528411716222763,,0.10528411716222763,
693,5549,,,,-0.0922391414642334,,0.0922391414642334
693,5551,,,-0.10533683747053146,,0.10533683747053146,
694,5559,,,-0.10559910535812378,,0.10559910535812378,
695,5567,,,-0.105522520840168,,0.105522520840168,
696,5575,,,-0.10539824515581131,,0.10539824515581131,
697,5583,,,-0.10524795204401016,,0.10524795204401016,
698,5591,,,-0.10592744499444962,,0.10592744499444962,
699,5599,,,,-0.08126898109912872,,0.08126898109912872
699,5599,,,-0.10519111156463623,,0.10519111156463623,
700,5607,,,-0.10520830005407333,,0.10520830005407333,
701,5615,,,-0.10569782555103302,,0.10569782555103302,
702,5623,,,-0.10540297627449036,,0.10540297627449036,
703,5631,,,-0.10546010732650757,,0.10546010732650757,
704,5639,,,-0.10560888797044754,,0.10560888797044754,
705,5647,,,-0.10528181493282318,,0.10528181493282318,
706,5649,,,,-0.10558319091796875,,0.10558319091796875
706,5655,,,-0.10533048957586288,,0.10533048957586288,
707,5663,,,-0.10515257716178894,,0.10515257716178894,
708,5671,,,-0.10524889081716537,,0.10524889081716537,
709,5679,,,-0.10556043684482574,,0.10556043684482574,
710,5687,,,-0.10568489134311676,,0.10568489134311676,
711,5695,,,-0.1055876687169075,,0.1055876687169075,
712,5699,,,,-0.09124092757701874,,0.09124092757701874
712,5703,,,-0.10539095103740692,,0.10539095103740692,
713,5711,,,-0.10521325469017029,,0.10521325469017029,
714,5719,,,-0.10547685623168945,,0.10547685623168945,
715,5727,,,-0.10539765655994415,,0.10539765655994415,
716,5735,,,-0.10525378584861755,,0.10525378584861755,
717,5743,,,-0.10513489693403244,,0.10513489693403244,
718,5749,,,,-0.09897194802761078,,0.09897194802761078
718,5751,,,-0.10525298118591309,,0.10525298118591309,
719,5759,,,-0.10527617484331131,,0.10527617484331131,
720,5767,,,-0.10546114295721054,,0.10546114295721054,
721,5775,,,-0.10538659989833832,,0.10538659989833832,
722,5783,,,-0.10520869493484497,,0.10520869493484497,
723,5791,,,-0.10542899370193481,,0.10542899370193481,
724,5799,,,,-0.10797467827796936,,0.10797467827796936
724,5799,,,-0.10531552881002426,,0.10531552881002426,
725,5807,,,-0.10536884516477585,,0.10536884516477585,
726,5815,,,-0.1052565947175026,,0.1052565947175026,
727,5823,,,-0.10530728846788406,,0.10530728846788406,
728,5831,,,-0.1051979511976242,,0.1051979511976242,
729,5839,,,-0.10547631978988647,,0.10547631978988647,
730,5847,,,-0.10543656349182129,,0.10543656349182129,
731,5849,,,,-0.10161304473876953,,0.10161304473876953
731,5855,,,-0.10532155632972717,,0.10532155632972717,
732,5863,,,-0.10549605637788773,,0.10549605637788773,
733,5871,,,-0.10542624443769455,,0.10542624443769455,
734,5879,,,-0.10519208759069443,,0.10519208759069443,
735,5887,,,-0.10550647228956223,,0.10550647228956223,
736,5895,,,-0.10526213049888611,,0.10526213049888611,
737,5899,,,,-0.10295858979225159,,0.10295858979225159
737,5903,,,-0.10513726621866226,,0.10513726621866226,
738,5911,,,-0.10520841181278229,,0.10520841181278229,
739,5919,,,-0.10536526888608932,,0.10536526888608932,
740,5927,,,-0.10510921478271484,,0.10510921478271484,
741,5935,,,-0.10549204051494598,,0.10549204051494598,
742,5943,,,-0.10543050616979599,,0.10543050616979599,
743,5949,,,,-0.10480991005897522,,0.10480991005897522
743,5951,,,-0.10531933605670929,,0.10531933605670929,
744,5959,,,-0.10536067932844162,,0.10536067932844162,
745,5967,,,-0.1054595485329628,,0.1054595485329628,
746,5975,,,-0.10528701543807983,,0.10528701543807983,
747,5983,,,-0.10549309104681015,,0.10549309104681015,
748,5991,,,-0.10557334870100021,,0.10557334870100021,
749,5999,,,,-0.10571432113647461,,0.10571432113647461
749,5999,,,-0.10531878471374512,,0.10531878471374512,
750,6007,,,-0.10544318705797195,,0.10544318705797195,
751,6015,,,-0.10537876933813095,,0.10537876933813095,
752,6023,,,-0.10550566762685776,,0.10550566762685776,
753,6031,,,-0.10500633716583252,,0.10500633716583252,
754,6039,,,-0.10552027821540833,,0.10552027821540833,
755,6047,,,-0.10522332787513733,,0.10522332787513733,
756,6049,,,,-0.12392215430736542,,0.12392215430736542
756,6055,,,-0.10510728508234024,,0.10510728508234024,
757,6063,,,-0.10564720630645752,,0.10564720630645752,
758,6071,,,-0.10549928992986679,,0.10549928992986679,
759,6079,,,-0.10531841963529587,,0.10531841963529587,
760,6087,,,-0.10520772635936737,,0.10520772635936737,
761,6095,,,-0.10533209145069122,,0.10533209145069122,
762,6099,,,,-0.10383458435535431,,0.10383458435535431
762,6103,,,-0.1051638200879097,,0.1051638200879097,
763,6111,,,-0.10549259185791016,,0.10549259185791016,
764,6119,,,-0.10522371530532837,,0.10522371530532837,
765,6127,,,-0.10510414838790894,,0.10510414838790894,
766,6135,,,-0.10543205589056015,,0.10543205589056015,
767,6143,,,-0.10537390410900116,,0.10537390410900116,
768,6149,,,,-0.08045278489589691,,0.08045278489589691
768,6151,,,-0.10544946044683456,,0.10544946044683456,
769,6159,,,-0.10569994896650314,,0.10569994896650314,
770,6167,,,-0.10536075383424759,,0.10536075383424759,
771,6175,,,-0.10539326071739197,,0.10539326071739197,
772,6183,,,-0.10563437640666962,,0.10563437640666962,
773,6191,,,-0.10512374341487885,,0.10512374341487885,
774,6199,,,,-0.11647991836071014,,0.11647991836071014
774,6199,,,-0.10556325316429138,,0.10556325316429138,
775,6207,,,-0.10572850704193115,,0.10572850704193115,
776,6215,,,-0.10535714030265808,,0.10535714030265808,
777,6223,,,-0.1054563969373703,,0.1054563969373703,
778,6231,,,-0.10531092435121536,,0.10531092435121536,
779,6239,,,-0.1058998629450798,,0.1058998629450798,
780,6247,,,-0.10535205155611038,,0.10535205155611038,
781,6249,,,,-0.08197279274463654,,0.08197279274463654
781,6255,,,-0.10545223206281662,,0.10545223206281662,
782,6263,,,-0.10510097444057465,,0.10510097444057465,
783,6271,,,-0.10559498518705368,,0.10559498518705368,
784,6279,,,-0.10566636919975281,,0.10566636919975281,
785,6287,,,-0.10520116984844208,,0.10520116984844208,
786,6295,,,-0.10527530312538147,,0.10527530312538147,
787,6299,,,,-0.09841108322143555,,0.09841108322143555
787,6303,,,-0.1055077612400055,,0.1055077612400055,
788,6311,,,-0.1052568331360817,,0.1052568331360817,
789,6319,,,-0.10579708218574524,,0.10579708218574524,
790,6327,,,-0.10541234165430069,,0.10541234165430069,
791,6335,,,-0.10537280142307281,,0.10537280142307281,
792,6343,,,-0.10518801212310791,,0.10518801212310791,
793,6349,,,,-0.09462413936853409,,0.09462413936853409
793,6351,,,-0.10538308322429657,,0.10538308322429657,
794,6359,,,-0.10536240041255951,,0.10536240041255951,
795,6367,,,-0.10515925288200378,,0.10515925288200378,
796,6375,,,-0.10534843802452087,,0.10534843802452087,
797,6383,,,-0.10559070855379105,,0.10559070855379105,
798,6391,,,-0.10526027530431747,,0.10526027530431747,
799,6399,,,,-0.08142338693141937,,0.08142338693141937
799,6399,,,-0.10509335994720459,,0.10509335994720459,
800,6407,,,-0.10544124990701675,,0.10544124990701675,
801,6415,,,-0.10532940924167633,,0.10532940924167633,
802,6423,,,-0.10546262562274933,,0.10546262562274933,
803,6431,,,-0.10538564622402191,,0.10538564622402191,
804,6439,,,-0.10541436821222305,,0.10541436821222305,
805,6447,,,-0.10550358891487122,,0.10550358891487122,
806,6449,,,,-0.10412874817848206,,0.10412874817848206
806,6455,,,-0.10526696592569351,,0.10526696592569351,
807,6463,,,-0.10557148605585098,,0.10557148605585098,
808,6471,,,-0.10550705343484879,,0.10550705343484879,
809,6479,,,-0.10526340454816818,,0.10526340454816818,
810,6487,,,-0.10528946667909622,,0.10528946667909622,
811,6495,,,-0.10532126575708389,,0.10532126575708389,
812,6499,,,,-0.11102619767189026,,0.11102619767189026
812,6503,,,-0.10550286620855331,,0.10550286620855331,
813,6511,,,-0.10523231327533722,,0.10523231327533722,
814,6519,,,-0.10550343990325928,,0.10550343990325928,
815,6527,,,-0.10568719357252121,,0.10568719357252121,
816,6535,,,-0.10526271909475327,,0.10526271909475327,
817,6543,,,-0.10562638938426971,,0.10562638938426971,
818,6549,,,,-0.10511569678783417,,0.10511569678783417
818,6551,,,-0.10516785830259323,,0.10516785830259323,
819,6559,,,-0.10543668270111084,,0.10543668270111084,
820,6567,,,-0.1054437980055809,,0.1054437980055809,
821,6575,,,-0.10581302642822266,,0.10581302642822266,
822,6583,,,-0.10552655905485153,,0.10552655905485153,
823,6591,,,-0.10559309273958206,,0.10559309273958206,
824,6599,,,,-0.09876184910535812,,0.09876184910535812
824,6599,,,-0.10544609278440475,,0.10544609278440475,
825,6607,,,-0.10539503395557404,,0.10539503395557404,
826,6615,,,-0.1054556667804718,,0.1054556667804718,
827,6623,,,-0.1053088903427124,,0.1053088903427124,
828,6631,,,-0.10542257130146027,,0.10542257130146027,
829,6639,,,-0.10540492832660675,,0.10540492832660675,
830,6647,,,-0.10543394833803177,,0.10543394833803177,
831,6649,,,,-0.12313313782215118,,0.12313313782215118
831,6655,,,-0.10521206259727478,,0.10521206259727478,
832,6663,,,-0.10540274530649185,,0.10540274530649185,
833,6671,,,-0.10532491654157639,,0.10532491654157639,
834,6679,,,-0.10548447072505951,,0.10548447072505951,
835,6687,,,-0.10543867200613022,,0.10543867200613022,
836,6695,,,-0.10551722347736359,,0.10551722347736359,
837,6699,,,,-0.1036282628774643,,0.1036282628774643
837,6703,,,-0.10547731816768646,,0.10547731816768646,
838,6711,,,-0.10559456795454025,,0.10559456795454025,
839,6719,,,-0.10525888949632645,,0.10525888949632645,
840,6727,,,-0.10555869340896606,,0.10555869340896606,
841,6735,,,-0.10558471828699112,,0.10558471828699112,
842,6743,,,-0.10591710358858109,,0.10591710358858109,
843,6749,,,,-0.10470238327980042,,0.10470238327980042
843,6751,,,-0.10549543797969818,,0.10549543797969818,
844,6759,,,-0.10574457049369812,,0.10574457049369812,
845,6767,,,-0.1055869534611702,,0.1055869534611702,
846,6775,,,-0.1053272932767868,,0.1053272932767868,
847,6783,,,-0.10524437576532364,,0.10524437576532364,
848,6791,,,-0.10521280765533447,,0.10521280765533447,
849,6799,,,,-0.11658774316310883,,0.11658774316310883
849,6799,,,-0.10537096858024597,,0.10537096858024597,
850,6807,,,-0.10543687641620636,,0.10543687641620636,
851,6815,,,-0.10560328513383865,,0.10560328513383865,
852,6823,,,-0.10549311339855194,,0.10549311339855194,
853,6831,,,-0.10508665442466736,,0.10508665442466736,
854,6839,,,-0.1053089126944542,,0.1053089126944542,
855,6847,,,-0.10538006573915482,,0.10538006573915482,
856,6849,,,,-0.09929075837135315,,0.09929075837135315
856,6855,,,-0.10562193393707275,,0.10562193393707275,
857,6863,,,-0.10554186999797821,,0.10554186999797821,
858,6871,,,-0.10513962060213089,,0.10513962060213089,
859,6879,,,-0.10540013760328293,,0.10540013760328293,
860,6887,,,-0.10528920590877533,,0.10528920590877533,
861,6895,,,-0.1056034192442894,,0.1056034192442894,
862,6899,,,,-0.12686610221862793,,0.12686610221862793
862,6903,,,-0.10547497868537903,,0.10547497868537903,
863,6911,,,-0.10552237182855606,,0.10552237182855606,
864,6919,,,-0.10512978583574295,,0.10512978583574295,
865,6927,,,-0.10542409867048264,,0.10542409867048264,
866,6935,,,-0.10542678087949753,,0.10542678087949753,
867,6943,,,-0.10527070611715317,,0.10527070611715317,
868,6949,,,,-0.09389935433864594,,0.09389935433864594
868,6951,,,-0.10539891570806503,,0.10539891570806503,
869,6959,,,-0.10533379763364792,,0.10533379763364792,
870,6967,,,-0.10547184944152832,,0.10547184944152832,
871,6975,,,-0.10550941526889801,,0.10550941526889801,
872,6983,,,-0.10527414828538895,,0.10527414828538895,
873,6991,,,-0.10525666177272797,,0.10525666177272797,
874,6999,,,,-0.10966081917285919,,0.10966081917285919
874,6999,,,-0.10542702674865723,,0.10542702674865723,
875,7007,,,-0.10516545176506042,,0.10516545176506042,
876,7015,,,-0.1052883192896843,,0.1052883192896843,
877,7023,,,-0.10520897060632706,,0.10520897060632706,
878,7031,,,-0.1055402085185051,,0.1055402085185051,
879,7039,,,-0.10549817979335785,,0.10549817979335785,
880,7047,,,-0.10529818385839462,,0.10529818385839462,
881,7049,,,,-0.11479401588439941,,0.11479401588439941
881,7055,,,-0.10538356006145477,,0.10538356006145477,
882,7063,,,-0.105300173163414,,0.105300173163414,
883,7071,,,-0.1059308722615242,,0.1059308722615242,
884,7079,,,-0.10532324016094208,,0.10532324016094208,
885,7087,,,-0.10582027584314346,,0.10582027584314346,
886,7095,,,-0.10563476383686066,,0.10563476383686066,
887,7099,,,,-0.1464325487613678,,0.1464325487613678
887,7103,,,-0.10545708984136581,,0.10545708984136581,
888,7111,,,-0.10540898144245148,,0.10540898144245148,
889,7119,,,-0.10582245141267776,,0.10582245141267776,
890,7127,,,-0.10531815141439438,,0.10531815141439438,
891,7135,,,-0.10537700355052948,,0.10537700355052948,
892,7143,,,-0.10540024191141129,,0.10540024191141129,
893,7149,,,,-0.12819385528564453,,0.12819385528564453
893,7151,,,-0.10551252216100693,,0.10551252216100693,
894,7159,,,-0.10559864342212677,,0.10559864342212677,
895,7167,,,-0.10563906282186508,,0.10563906282186508,
896,7175,,,-0.10534310340881348,,0.10534310340881348,
897,7183,,,-0.1056751012802124,,0.1056751012802124,
898,7191,,,-0.10532520711421967,,0.10532520711421967,
899,7199,,,,-0.11759881675243378,,0.11759881675243378
899,7199,,,-0.10530942678451538,,0.10530942678451538,
900,7207,,,-0.10549311339855194,,0.10549311339855194,
901,7215,,,-0.105323925614357,,0.105323925614357,
902,7223,,,-0.1056419312953949,,0.1056419312953949,
903,7231,,,-0.10520438104867935,,0.10520438104867935,
904,7239,,,-0.10544946044683456,,0.10544946044683456,
905,7247,,,-0.10567047446966171,,0.10567047446966171,
906,7249,,,,-0.11068467795848846,,0.11068467795848846
906,7255,,,-0.10554634779691696,,0.10554634779691696,
907,7263,,,-0.10568195581436157,,0.10568195581436157,
908,7271,,,-0.10525736957788467,,0.10525736957788467,
909,7279,,,-0.1052972748875618,,0.1052972748875618,
910,7287,,,-0.1055767610669136,,0.1055767610669136,
911,7295,,,-0.10565581917762756,,0.10565581917762756,
912,7299,,,,-0.08902311325073242,,0.08902311325073242
912,7303,,,-0.10552944242954254,,0.10552944242954254,
913,7311,,,-0.10538845509290695,,0.10538845509290695,
914,7319,,,-0.10539019852876663,,0.10539019852876663,
915,7327,,,-0.10547075420618057,,0.10547075420618057,
916,7335,,,-0.10563401877880096,,0.10563401877880096,
917,7343,,,-0.10544199496507645,,0.10544199496507645,
918,7349,,,,-0.08612308651208878,,0.08612308651208878
918,7351,,,-0.10559707134962082,,0.10559707134962082,
919,7359,,,-0.10501035302877426,,0.10501035302877426,
920,7367,,,-0.1054883673787117,,0.1054883673787117,
921,7375,,,-0.10541142523288727,,0.10541142523288727,
922,7383,,,-0.10589069873094559,,0.10589069873094559,
923,7391,,,-0.10539256781339645,,0.10539256781339645,
924,7399,,,,-0.09574770927429199,,0.09574770927429199
924,7399,,,-0.10571736097335815,,0.10571736097335815,
925,7407,,,-0.10564709454774857,,0.10564709454774857,
926,7415,,,-0.10541599988937378,,0.10541599988937378,
927,7423,,,-0.10566511005163193,,0.10566511005163193,
928,7431,,,-0.10540551692247391,,0.10540551692247391,
929,7439,,,-0.10532492399215698,,0.10532492399215698,
930,7447,,,-0.10527683049440384,,0.10527683049440384,
931,7449,,,,-0.108584925532341,,0.108584925532341
931,7455,,,-0.10556990653276443,,0.10556990653276443,
932,7463,,,-0.10539957135915756,,0.10539957135915756,
933,7471,,,-0.10547980666160583,,0.10547980666160583,
934,7479,,,-0.10537859797477722,,0.10537859797477722,
935,7487,,,-0.1055128425359726,,0.1055128425359726,
936,7495,,,-0.10569298267364502,,0.10569298267364502,
937,7499,,,,-0.09128223359584808,,0.09128223359584808
937,7503,,,-0.10570380836725235,,0.10570380836725235,
938,7511,,,-0.10523606091737747,,0.10523606091737747,
939,7519,,,-0.10544079542160034,,0.10544079542160034,
940,7527,,,-0.1056322529911995,,0.1056322529911995,
941,7535,,,-0.10527025163173676,,0.10527025163173676,
942,7543,,,-0.10558541119098663,,0.10558541119098663,
943,7549,,,,-0.13100968301296234,,0.13100968301296234
943,7551,,,-0.10545539855957031,,0.10545539855957031,
944,7559,,,-0.10544072091579437,,0.10544072091579437,
945,7567,,,-0.10522806644439697,,0.10522806644439697,
946,7575,,,-0.10546815395355225,,0.10546815395355225,
947,7583,,,-0.10538821667432785,,0.10538821667432785,
948,7591,,,-0.10527516156435013,,0.10527516156435013,
949,7599,,,,-0.10417990386486053,,0.10417990386486053
949,7599,,,-0.10553276538848877,,0.10553276538848877,
950,7607,,,-0.10539297014474869,,0.10539297014474869,
951,7615,,,-0.10569439828395844,,0.10569439828395844,
952,7623,,,-0.10557615756988525,,0.10557615756988525,
953,7631,,,-0.10559428483247757,,0.10559428483247757,
954,7639,,,-0.10535693168640137,,0.10535693168640137,
955,7647,,,-0.1056719571352005,,0.1056719571352005,
956,7649,,,,-0.10676251351833344,,0.10676251351833344
956,7655,,,-0.10550873726606369,,0.10550873726606369,
957,7663,,,-0.10542821139097214,,0.10542821139097214,
958,7671,,,-0.10539291799068451,,0.10539291799068451,
959,7679,,,-0.10519686341285706,,0.10519686341285706,
960,7687,,,-0.10624697059392929,,0.10624697059392929,
961,7695,,,-0.10535901039838791,,0.10535901039838791,
962,7699,,,,-0.07476168125867844,,0.07476168125867844
962,7703,,,-0.10591379553079605,,0.10591379553079605,
963,7711,,,-0.10541562736034393,,0.10541562736034393,
964,7719,,,-0.10547907650470734,,0.10547907650470734,
965,7727,,,-0.10539045184850693,,0.10539045184850693,
966,7735,,,-0.10563879460096359,,0.10563879460096359,
967,7743,,,-0.10553508251905441,,0.10553508251905441,
968,7749,,,,-0.11429253220558167,,0.11429253220558167
968,7751,,,-0.10558489710092545,,0.10558489710092545,
969,7759,,,-0.10564500838518143,,0.10564500838518143,
970,7767,,,-0.10561799257993698,,0.10561799257993698,
971,7775,,,-0.10576201230287552,,0.10576201230287552,
972,7783,,,-0.10563149303197861,,0.10563149303197861,
973,7791,,,-0.1053539291024208,,0.1053539291024208,
974,7799,,,,-0.09362974017858505,,0.09362974017858505
974,7799,,,-0.10545942187309265,,0.10545942187309265,
975,7807,,,-0.10553041100502014,,0.10553041100502014,
976,7815,,,-0.10536562651395798,,0.10536562651395798,
977,7823,,,-0.10538607090711594,,0.10538607090711594,
978,7831,,,-0.1054263561964035,,0.1054263561964035,
979,7839,,,-0.10516835749149323,,0.10516835749149323,
980,7847,,,-0.10606984794139862,,0.10606984794139862,
981,7849,,,,-0.09600786864757538,,0.09600786864757538
981,7855,,,-0.10519299656152725,,0.10519299656152725,
982,7863,,,-0.10563607513904572,,0.10563607513904572,
983,7871,,,-0.10586893558502197,,0.10586893558502197,
984,7879,,,-0.10532677918672562,,0.10532677918672562,
985,7887,,,-0.1054304912686348,,0.1054304912686348,
986,7895,,,-0.10552846640348434,,0.10552846640348434,
987,7899,,,,-0.11008982360363007,,0.11008982360363007
987,7903,,,-0.10531274229288101,,0.10531274229288101,
988,7911,,,-0.10566933453083038,,0.10566933453083038,
989,7919,,,-0.10583090782165527,,0.10583090782165527,
990,7927,,,-0.10508546233177185,,0.10508546233177185,
991,7935,,,-0.10547956824302673,,0.10547956824302673,
992,7943,,,-0.10538551956415176,,0.10538551956415176,
993,7949,,,,-0.10468931496143341,,0.10468931496143341
993,7951,,,-0.10548099130392075,,0.10548099130392075,
994,7959,,,-0.10540992766618729,,0.10540992766618729,
995,7967,,,-0.10552812367677689,,0.10552812367677689,
996,7975,,,-0.10552158206701279,,0.10552158206701279,
997,7983,,,-0.10560969263315201,,0.10560969263315201,
998,7991,,,-0.10523436218500137,,0.10523436218500137,
999,7999,,,,-0.14726129174232483,,0.14726129174232483
999,7999,,,-0.10571761429309845,,0.10571761429309845,
1000,8007,,,-0.10531015694141388,,0.10531015694141388,
1001,8015,,,-0.1056794673204422,,0.1056794673204422,
1002,8023,,,-0.10533732920885086,,0.10533732920885086,
1003,8031,,,-0.10562247037887573,,0.10562247037887573,
1004,8039,,,-0.1056678369641304,,0.1056678369641304,
1005,8047,,,-0.10533387213945389,,0.10533387213945389,
1006,8049,,,,-0.1147623062133789,,0.1147623062133789
1006,8055,,,-0.10552358627319336,,0.10552358627319336,
1007,8063,,,-0.10550522804260254,,0.10550522804260254,
1008,8071,,,-0.10574162751436234,,0.10574162751436234,
1009,8079,,,-0.10555192828178406,,0.10555192828178406,
1010,8087,,,-0.10569854825735092,,0.10569854825735092,
1011,8095,,,-0.10538658499717712,,0.10538658499717712,
1012,8099,,,,-0.09082608669996262,,0.09082608669996262
1012,8103,,,-0.10555727779865265,,0.10555727779865265,
1013,8111,,,-0.10563897341489792,,0.10563897341489792,
1014,8119,,,-0.10546141117811203,,0.10546141117811203,
1015,8127,,,-0.10525625944137573,,0.10525625944137573,
1016,8135,,,-0.10552015155553818,,0.10552015155553818,
1017,8143,,,-0.10540556907653809,,0.10540556907653809,
1018,8149,,,,-0.11895513534545898,,0.11895513534545898
1018,8151,,,-0.10525932908058167,,0.10525932908058167,
1019,8159,,,-0.10543844103813171,,0.10543844103813171,
1020,8167,,,-0.10546586662530899,,0.10546586662530899,
1021,8175,,,-0.10559286177158356,,0.10559286177158356,
1022,8183,,,-0.10557650029659271,,0.10557650029659271,
1023,8191,,,-0.1055501326918602,,0.1055501326918602,
1024,8199,,,,-0.11103224754333496,,0.11103224754333496
1024,8199,,,-0.10543697327375412,,0.10543697327375412,
1025,8207,,,-0.10559234768152237,,0.10559234768152237,
1026,8215,,,-0.1058071181178093,,0.1058071181178093,
1027,8223,,,-0.10526838153600693,,0.10526838153600693,
1028,8231,,,-0.1055072769522667,,0.1055072769522667,
1029,8239,,,-0.10530870407819748,,0.10530870407819748,
1030,8247,,,-0.10560443252325058,,0.10560443252325058,
1031,8249,,,,-0.10734187066555023,,0.10734187066555023
1031,8255,,,-0.10542123019695282,,0.10542123019695282,
1032,8263,,,-0.10553108155727386,,0.10553108155727386,
1033,8271,,,-0.1053413450717926,,0.1053413450717926,
1034,8279,,,-0.1057627946138382,,0.1057627946138382,
1035,8287,,,-0.10557873547077179,,0.10557873547077179,
1036,8295,,,-0.10543564707040787,,0.10543564707040787,
1037,8299,,,,-0.10301776230335236,,0.10301776230335236
1037,8303,,,-0.10530172288417816,,0.10530172288417816,
1038,8311,,,-0.10556307435035706,,0.10556307435035706,
1039,8319,,,-0.10567266494035721,,0.10567266494035721,
1040,8327,,,-0.10544780641794205,,0.10544780641794205,
1041,8335,,,-0.10536625981330872,,0.10536625981330872,
1042,8343,,,-0.1054275631904602,,0.1054275631904602,
1043,8349,,,,-0.10346341133117676,,0.10346341133117676
1043,8351,,,-0.10541488230228424,,0.10541488230228424,
1044,8359,,,-0.10554050654172897,,0.10554050654172897,
1045,8367,,,-0.10576103627681732,,0.10576103627681732,
1046,8375,,,-0.10543335974216461,,0.10543335974216461,
1047,8383,,,-0.10577887296676636,,0.10577887296676636,
1048,8391,,,-0.10554813593626022,,0.10554813593626022,
1049,8399,,,,-0.09901943057775497,,0.09901943057775497
1049,8399,,,-0.10549083352088928,,0.10549083352088928,
1050,8407,,,-0.10541906952857971,,0.10541906952857971,
1051,8415,,,-0.105595663189888,,0.105595663189888,
1052,8423,,,-0.10551812499761581,,0.10551812499761581,
1053,8431,,,-0.10555538535118103,,0.10555538535118103,
1054,8439,,,-0.10595711320638657,,0.10595711320638657,
1055,8447,,,-0.10547299683094025,,0.10547299683094025,
1056,8449,,,,-0.09819664806127548,,0.09819664806127548
1056,8455,,,-0.10553746670484543,,0.10553746670484543,
1057,8463,,,-0.10541964322328568,,0.10541964322328568,
1058,8471,,,-0.10544519126415253,,0.10544519126415253,
1059,8479,,,-0.10544463247060776,,0.10544463247060776,
1060,8487,,,-0.10551168024539948,,0.10551168024539948,
1061,8495,,,-0.10573790222406387,,0.10573790222406387,
1062,8499,,,,-0.08933334797620773,,0.08933334797620773
1062,8503,,,-0.10537610203027725,,0.10537610203027725,
1063,8511,,,-0.10532627254724503,,0.10532627254724503,
1064,8519,,,-0.10530155152082443,,0.10530155152082443,
1065,8527,,,-0.10556439310312271,,0.10556439310312271,
1066,8535,,,-0.10569720715284348,,0.10569720715284348,
1067,8543,,,-0.10542339086532593,,0.10542339086532593,
1068,8549,,,,-0.09362678974866867,,0.09362678974866867
1068,8551,,,-0.10566152632236481,,0.10566152632236481,
1069,8559,,,-0.10534555464982986,,0.10534555464982986,
1070,8567,,,-0.10525759309530258,,0.10525759309530258,
1071,8575,,,-0.10538670420646667,,0.10538670420646667,
1072,8583,,,-0.1056051030755043,,0.1056051030755043,
1073,8591,,,-0.10560081899166107,,0.10560081899166107,
1074,8599,,,,-0.10279732197523117,,0.10279732197523117
1074,8599,,,-0.10539373755455017,,0.10539373755455017,
1075,8607,,,-0.10548973083496094,,0.10548973083496094,
1076,8615,,,-0.10539174824953079,,0.10539174824953079,
1077,8623,,,-0.10550142824649811,,0.10550142824649811,
1078,8631,,,-0.10534681379795074,,0.10534681379795074,
1079,8639,,,-0.10579750686883926,,0.10579750686883926,
1080,8647,,,-0.10560871660709381,,0.10560871660709381,
1081,8649,,,,-0.11654682457447052,,0.11654682457447052
1081,8655,,,-0.10583342611789703,,0.10583342611789703,
1082,8663,,,-0.10539548099040985,,0.10539548099040985,
1083,8671,,,-0.10554194450378418,,0.10554194450378418,
1084,8679,,,-0.1054622158408165,,0.1054622158408165,
1085,8687,,,-0.10541023313999176,,0.10541023313999176,
1086,8695,,,-0.10579916089773178,,0.10579916089773178,
1087,8699,,,,-0.10403986275196075,,0.10403986275196075
1087,8703,,,-0.10582706332206726,,0.10582706332206726,
1088,8711,,,-0.10556037724018097,,0.10556037724018097,
1089,8719,,,-0.1055518314242363,,0.1055518314242363,
1090,8727,,,-0.10567331314086914,,0.10567331314086914,
1091,8735,,,-0.10553217679262161,,0.10553217679262161,
1092,8743,,,-0.10556913167238235,,0.10556913167238235,
1093,8749,,,,-0.11994872987270355,,0.11994872987270355
1093,8751,,,-0.10565133392810822,,0.10565133392810822,
1094,8759,,,-0.10547877103090286,,0.10547877103090286,
1095,8767,,,-0.10541217029094696,,0.10541217029094696,
1096,8775,,,-0.10540495812892914,,0.10540495812892914,
1097,8783,,,-0.1055242046713829,,0.1055242046713829,
1098,8791,,,-0.10555049031972885,,0.10555049031972885,
1099,8799,,,,-0.11087832599878311,,0.11087832599878311
1099,8799,,,-0.1055661141872406,,0.1055661141872406,
1100,8807,,,-0.1055779755115509,,0.1055779755115509,
1101,8815,,,-0.10537364333868027,,0.10537364333868027,
1102,8823,,,-0.1057136207818985,,0.1057136207818985,
1103,8831,,,-0.10588140785694122,,0.10588140785694122,
1104,8839,,,-0.10539843887090683,,0.10539843887090683,
1105,8847,,,-0.1056123673915863,,0.1056123673915863,
1106,8849,,,,-0.11203789710998535,,0.11203789710998535
1106,8855,,,-0.1056026965379715,,0.1056026965379715,
1107,8863,,,-0.10557900369167328,,0.10557900369167328,
1108,8871,,,-0.10547299683094025,,0.10547299683094025,
1109,8879,,,-0.10531468689441681,,0.10531468689441681,
1110,8887,,,-0.10545270889997482,,0.10545270889997482,
1111,8895,,,-0.10569854825735092,,0.10569854825735092,
1112,8899,,,,-0.10909862816333771,,0.10909862816333771
1112,8903,,,-0.1054779514670372,,0.1054779514670372,
1113,8911,,,-0.10529937595129013,,0.10529937595129013,
1114,8919,,,-0.1057225838303566,,0.1057225838303566,
1115,8927,,,-0.1054641455411911,,0.1054641455411911,
1116,8935,,,-0.10582549124956131,,0.10582549124956131,
1117,8943,,,-0.1054365336894989,,0.1054365336894989,
1118,8949,,,,-0.10906868427991867,,0.10906868427991867
1118,8951,,,-0.10535090416669846,,0.10535090416669846,
1119,8959,,,-0.10554611682891846,,0.10554611682891846,
1120,8967,,,-0.10600452870130539,,0.10600452870130539,
1121,8975,,,-0.10567426681518555,,0.10567426681518555,
1122,8983,,,-0.10568948090076447,,0.10568948090076447,
1123,8991,,,-0.10545144975185394,,0.10545144975185394,
1124,8999,,,,-0.09886312484741211,,0.09886312484741211
1124,8999,,,-0.10558000206947327,,0.10558000206947327,
1125,9007,,,-0.10536975413560867,,0.10536975413560867,
1126,9015,,,-0.10561584681272507,,0.10561584681272507,
1127,9023,,,-0.1053030788898468,,0.1053030788898468,
1128,9031,,,-0.10540609061717987,,0.10540609061717987,
1129,9039,,,-0.10535650700330734,,0.10535650700330734,
1130,9047,,,-0.10561254620552063,,0.10561254620552063,
1131,9049,,,,-0.10790405422449112,,0.10790405422449112
1131,9055,,,-0.10563293099403381,,0.10563293099403381,
1132,9063,,,-0.10538691282272339,,0.10538691282272339,
1133,9071,,,-0.1055784523487091,,0.1055784523487091,
1134,9079,,,-0.10567845404148102,,0.10567845404148102,
1135,9087,,,-0.10540396720170975,,0.10540396720170975,
1136,9095,,,-0.10550793260335922,,0.10550793260335922,
1137,9099,,,,-0.08846092224121094,,0.08846092224121094
1137,9103,,,-0.10546135157346725,,0.10546135157346725,
1138,9111,,,-0.10585685819387436,,0.10585685819387436,
1139,9119,,,-0.10576502978801727,,0.10576502978801727,
1140,9127,,,-0.10550980269908905,,0.10550980269908905,
1141,9135,,,-0.10553015023469925,,0.10553015023469925,
1142,9143,,,-0.10571709275245667,,0.10571709275245667,
1143,9149,,,,-0.12180624157190323,,0.12180624157190323
1143,9151,,,-0.10536878556013107,,0.10536878556013107,
1144,9159,,,-0.10537214577198029,,0.10537214577198029,
1145,9167,,,-0.1055915504693985,,0.1055915504693985,
1146,9175,,,-0.10541385412216187,,0.10541385412216187,
1147,9183,,,-0.105422243475914,,0.105422243475914,
1148,9191,,,-0.10549549758434296,,0.10549549758434296,
1149,9199,,,,-0.10523819923400879,,0.10523819923400879
1149,9199,,,-0.10545293241739273,,0.10545293241739273,
1150,9207,,,-0.10554909706115723,,0.10554909706115723,
1151,9215,,,-0.10553917288780212,,0.10553917288780212,
1152,9223,,,-0.10563106834888458,,0.10563106834888458,
1153,9231,,,-0.10571277886629105,,0.10571277886629105,
1154,9239,,,-0.10559812188148499,,0.10559812188148499,
1155,9247,,,-0.10579268634319305,,0.10579268634319305,
1156,9249,,,,-0.08896489441394806,,0.08896489441394806
1156,9255,,,-0.10563160479068756,,0.10563160479068756,
1157,9263,,,-0.10537195950746536,,0.10537195950746536,
1158,9271,,,-0.10582941770553589,,0.10582941770553589,
1159,9279,,,-0.10559072345495224,,0.10559072345495224,
1160,9287,,,-0.10533103346824646,,0.10533103346824646,
1161,9295,,,-0.10550108551979065,,0.10550108551979065,
1162,9299,,,,-0.10846543312072754,,0.10846543312072754
1162,9303,,,-0.10542811453342438,,0.10542811453342438,
1163,9311,,,-0.10536715388298035,,0.10536715388298035,
1164,9319,,,-0.10547008365392685,,0.10547008365392685,
1165,9327,,,-0.10547792911529541,,0.10547792911529541,
1166,9335,,,-0.10548454523086548,,0.10548454523086548,
1167,9343,,,-0.10531073063611984,,0.10531073063611984,
1168,9349,,,,-0.12097369134426117,,0.12097369134426117
1168,9351,,,-0.10579227656126022,,0.10579227656126022,
1169,9359,,,-0.10548915714025497,,0.10548915714025497,
1170,9367,,,-0.10535211116075516,,0.10535211116075516,
1171,9375,,,-0.10544057935476303,,0.10544057935476303,
1172,9383,,,-0.10556883364915848,,0.10556883364915848,
1173,9391,,,-0.1056620255112648,,0.1056620255112648,
1174,9399,,,,-0.11639423668384552,,0.11639423668384552
1174,9399,,,-0.1053452119231224,,0.1053452119231224,
1175,9407,,,-0.10557229071855545,,0.10557229071855545,
1176,9415,,,-0.10576988756656647,,0.10576988756656647,
1177,9423,,,-0.10549966990947723,,0.10549966990947723,
1178,9431,,,-0.10588213056325912,,0.10588213056325912,
1179,9439,,,-0.10549572855234146,,0.10549572855234146,
1180,9447,,,-0.10575202852487564,,0.10575202852487564,
1181,9449,,,,-0.08901424705982208,,0.08901424705982208
1181,9455,,,-0.1054808720946312,,0.1054808720946312,
1182,9463,,,-0.10573801398277283,,0.10573801398277283,
1183,9471,,,-0.10533511638641357,,0.10533511638641357,
1184,9479,,,-0.10560917854309082,,0.10560917854309082,
1185,9487,,,-0.10555018484592438,,0.10555018484592438,
1186,9495,,,-0.10552538186311722,,0.10552538186311722,
1187,9499,,,,-0.10580378025770187,,0.10580378025770187
1187,9503,,,-0.10562854260206223,,0.10562854260206223,
1188,9511,,,-0.1057182103395462,,0.1057182103395462,
1189,9519,,,-0.10583741217851639,,0.10583741217851639,
1190,9527,,,-0.1055237427353859,,0.1055237427353859,
1191,9535,,,-0.10579821467399597,,0.10579821467399597,
1192,9543,,,-0.10585241764783859,,0.10585241764783859,
1193,9549,,,,-0.10348353534936905,,0.10348353534936905
1193,9551,,,-0.10538437217473984,,0.10538437217473984,
1194,9559,,,-0.10556970536708832,,0.10556970536708832,
1195,9567,,,-0.10556551814079285,,0.10556551814079285,
1196,9575,,,-0.10545651614665985,,0.10545651614665985,
1197,9583,,,-0.10529319941997528,,0.10529319941997528,
1198,9591,,,-0.10560634732246399,,0.10560634732246399,
1199,9599,,,,-0.08714137226343155,,0.08714137226343155
1199,9599,,,-0.10564703494310379,,0.10564703494310379,
1200,9607,,,-0.10547994077205658,,0.10547994077205658,
1201,9615,,,-0.10544382035732269,,0.10544382035732269,
1202,9623,,,-0.10560081899166107,,0.10560081899166107,
1203,9631,,,-0.10543511062860489,,0.10543511062860489,
1204,9639,,,-0.10557592660188675,,0.10557592660188675,
1205,9647,,,-0.10564323514699936,,0.10564323514699936,
1206,9649,,,,-0.11522044986486435,,0.11522044986486435
1206,9655,,,-0.1053653284907341,,0.1053653284907341,
1207,9663,,,-0.10533996671438217,,0.10533996671438217,
1208,9671,,,-0.1053127571940422,,0.1053127571940422,
1209,9679,,,-0.1056039035320282,,0.1056039035320282,
1210,9687,,,-0.10566028952598572,,0.10566028952598572,
1211,9695,,,-0.10541246086359024,,0.10541246086359024,
1212,9699,,,,-0.11531796306371689,,0.11531796306371689
1212,9703,,,-0.10548663139343262,,0.10548663139343262,
1213,9711,,,-0.10566374659538269,,0.10566374659538269,
1214,9719,,,-0.1054706946015358,,0.1054706946015358,
1215,9727,,,-0.10553286224603653,,0.10553286224603653,
1216,9735,,,-0.10562422126531601,,0.10562422126531601,
1217,9743,,,-0.10560248047113419,,0.10560248047113419,
1218,9749,,,,-0.10816822201013565,,0.10816822201013565
1218,9751,,,-0.10562793165445328,,0.10562793165445328,
1219,9759,,,-0.10550229251384735,,0.10550229251384735,
1220,9767,,,-0.10541441291570663,,0.10541441291570663,
1221,9775,,,-0.10554748773574829,,0.10554748773574829,
1222,9783,,,-0.1057375967502594,,0.1057375967502594,
1223,9791,,,-0.10571891814470291,,0.10571891814470291,
1224,9799,,,,-0.10064616054296494,,0.10064616054296494
1224,9799,,,-0.10563477873802185,,0.10563477873802185,
1225,9807,,,-0.10541286319494247,,0.10541286319494247,
1226,9815,,,-0.10572870820760727,,0.10572870820760727,
1227,9823,,,-0.10555024445056915,,0.10555024445056915,
1228,9831,,,-0.10590086877346039,,0.10590086877346039,
1229,9839,,,-0.10597284883260727,,0.10597284883260727,
1230,9847,,,-0.10558249801397324,,0.10558249801397324,
1231,9849,,,,-0.10945053398609161,,0.10945053398609161
1231,9855,,,-0.10564281046390533,,0.10564281046390533,
1232,9863,,,-0.10523877292871475,,0.10523877292871475,
1233,9871,,,-0.10554229468107224,,0.10554229468107224,
1234,9879,,,-0.10578221082687378,,0.10578221082687378,
1235,9887,,,-0.10528832674026489,,0.10528832674026489,
1236,9895,,,-0.1052374392747879,,0.1052374392747879,
1237,9899,,,,-0.13403311371803284,,0.13403311371803284
1237,9903,,,-0.10597332566976547,,0.10597332566976547,
1238,9911,,,-0.10541097074747086,,0.10541097074747086,
1239,9919,,,-0.1054748073220253,,0.1054748073220253,
1240,9927,,,-0.10531308501958847,,0.10531308501958847,
1241,9935,,,-0.1055716946721077,,0.1055716946721077,
1242,9943,,,-0.10589763522148132,,0.10589763522148132,
1243,9949,,,,-0.11444473266601562,,0.11444473266601562
1243,9951,,,-0.10553498566150665,,0.10553498566150665,
1244,9959,,,-0.10593358427286148,,0.10593358427286148,
1245,9967,,,-0.10519295930862427,,0.10519295930862427,
1246,9975,,,-0.10572192072868347,,0.10572192072868347,
1247,9983,,,-0.10560491681098938,,0.10560491681098938,
1248,9991,,,-0.10551613569259644,,0.10551613569259644,
1249,9999,,,,-0.11986980587244034,,0.11986980587244034
1249,9999,,,-0.10543426871299744,,0.10543426871299744,
1250,10007,,,-0.10551567375659943,,0.10551567375659943,
1251,10015,,,-0.10534858703613281,,0.10534858703613281,
1252,10023,,,-0.10558196902275085,,0.10558196902275085,
1253,10031,,,-0.1055443212389946,,0.1055443212389946,
1254,10039,,,-0.10595634579658508,,0.10595634579658508,
1255,10047,,,-0.10545600950717926,,0.10545600950717926,
1256,10049,,,,-0.10582304000854492,,0.10582304000854492
1256,10055,,,-0.1055084690451622,,0.1055084690451622,
1257,10063,,,-0.10562034696340561,,0.10562034696340561,
1258,10071,,,-0.10602804273366928,,0.10602804273366928,
1259,10079,,,-0.10573042184114456,,0.10573042184114456,
1260,10087,,,-0.1055808812379837,,0.1055808812379837,
1261,10095,,,-0.10550247877836227,,0.10550247877836227,
1262,10099,,,,-0.10755439102649689,,0.10755439102649689
1262,10103,,,-0.10566539317369461,,0.10566539317369461,
1263,10111,,,-0.10554923117160797,,0.10554923117160797,
1264,10119,,,-0.105556920170784,,0.105556920170784,
1265,10127,,,-0.10566645860671997,,0.10566645860671997,
1266,10135,,,-0.10575499385595322,,0.10575499385595322,
1267,10143,,,-0.10540517419576645,,0.10540517419576645,
1268,10149,,,,-0.1101747527718544,,0.1101747527718544
1268,10151,,,-0.10578369349241257,,0.10578369349241257,
1269,10159,,,-0.10548354685306549,,0.10548354685306549,
1270,10167,,,-0.10553714632987976,,0.10553714632987976,
1271,10175,,,-0.10545641928911209,,0.10545641928911209,
1272,10183,,,-0.10544544458389282,,0.10544544458389282,
1273,10191,,,-0.10570939630270004,,0.10570939630270004,
1274,10199,,,,-0.10656128078699112,,0.10656128078699112
1274,10199,,,-0.10573667287826538,,0.10573667287826538,
1275,10207,,,-0.105370432138443,,0.105370432138443,
1276,10215,,,-0.10517674684524536,,0.10517674684524536,
1277,10223,,,-0.10535209625959396,,0.10535209625959396,
1278,10231,,,-0.10564693808555603,,0.10564693808555603,
1279,10239,,,-0.10565730929374695,,0.10565730929374695,
1280,10247,,,-0.10546804219484329,,0.10546804219484329,
1281,10249,,,,-0.09106741100549698,,0.09106741100549698
1281,10255,,,-0.10589177161455154,,0.10589177161455154,
1282,10263,,,-0.105536550283432,,0.105536550283432,
1283,10271,,,-0.1060056984424591,,0.1060056984424591,
1284,10279,,,-0.10545563697814941,,0.10545563697814941,
1285,10287,,,-0.10569973289966583,,0.10569973289966583,
1286,10295,,,-0.10547886043787003,,0.10547886043787003,
1287,10299,,,,-0.09403543919324875,,0.09403543919324875
1287,10303,,,-0.10572390258312225,,0.10572390258312225,
1288,10311,,,-0.10567445307970047,,0.10567445307970047,
1289,10319,,,-0.1055072769522667,,0.1055072769522667,
1290,10327,,,-0.10550465434789658,,0.10550465434789658,
1291,10335,,,-0.10542482882738113,,0.10542482882738113,
1292,10343,,,-0.10555118322372437,,0.10555118322372437,
1293,10349,,,,-0.12387990951538086,,0.12387990951538086
1293,10351,,,-0.10561584681272507,,0.10561584681272507,
1294,10359,,,-0.10566534101963043,,0.10566534101963043,
1295,10367,,,-0.10529960691928864,,0.10529960691928864,
1296,10375,,,-0.10556412488222122,,0.10556412488222122,
1297,10383,,,-0.10561009496450424,,0.10561009496450424,
1298,10391,,,-0.10547825694084167,,0.10547825694084167,
1299,10399,,,,-0.11336769908666611,,0.11336769908666611
1299,10399,,,-0.1056617796421051,,0.1056617796421051,
1300,10407,,,-0.10543592274188995,,0.10543592274188995,
1301,10415,,,-0.10536090284585953,,0.10536090284585953,
1302,10423,,,-0.10561046004295349,,0.10561046004295349,
1303,10431,,,-0.10526369512081146,,0.10526369512081146,
1304,10439,,,-0.10593333840370178,,0.10593333840370178,
1305,10447,,,-0.10540962964296341,,0.10540962964296341,
1306,10449,,,,-0.10509472340345383,,0.10509472340345383
1306,10455,,,-0.1056751012802124,,0.1056751012802124,
1307,10463,,,-0.105620838701725,,0.105620838701725,
1308,10471,,,-0.10549601167440414,,0.10549601167440414,
1309,10479,,,-0.10546860098838806,,0.10546860098838806,
1310,10487,,,-0.10601477324962616,,0.10601477324962616,
1311,10495,,,-0.10558649897575378,,0.10558649897575378,
1312,10499,,,,-0.12406706809997559,,0.12406706809997559
1312,10503,,,-0.10544486343860626,,0.10544486343860626,
1313,10511,,,-0.1055978387594223,,0.1055978387594223,
1314,10519,,,-0.10580826550722122,,0.10580826550722122,
1315,10527,,,-0.10556633025407791,,0.10556633025407791,
1316,10535,,,-0.10534174740314484,,0.10534174740314484,
1317,10543,,,-0.10572952032089233,,0.10572952032089233,
1318,10549,,,,-0.10115261375904083,,0.10115261375904083
1318,10551,,,-0.10539809614419937,,0.10539809614419937,
1319,10559,,,-0.10577826201915741,,0.10577826201915741,
1320,10567,,,-0.10562580823898315,,0.10562580823898315,
1321,10575,,,-0.10569548606872559,,0.10569548606872559,
1322,10583,,,-0.10555341839790344,,0.10555341839790344,
1323,10591,,,-0.10577036440372467,,0.10577036440372467,
1324,10599,,,,-0.10510225594043732,,0.10510225594043732
1324,10599,,,-0.10544057935476303,,0.10544057935476303,
1325,10607,,,-0.10540459305047989,,0.10540459305047989,
1326,10615,,,-0.1054491326212883,,0.1054491326212883,
1327,10623,,,-0.1053464338183403,,0.1053464338183403,
1328,10631,,,-0.10555393248796463,,0.10555393248796463,
1329,10639,,,-0.10564731806516647,,0.10564731806516647,
1330,10647,,,-0.10570792108774185,,0.10570792108774185,
1331,10649,,,,-0.09436626732349396,,0.09436626732349396
1331,10655,,,-0.10527046769857407,,0.10527046769857407,
1332,10663,,,-0.10552766174077988,,0.10552766174077988,
1333,10671,,,-0.10588951408863068,,0.10588951408863068,
1334,10679,,,-0.10552219301462173,,0.10552219301462173,
1335,10687,,,-0.10536779463291168,,0.10536779463291168,
1336,10695,,,-0.10557321459054947,,0.10557321459054947,
1337,10699,,,,-0.11910466849803925,,0.11910466849803925
1337,10703,,,-0.10566973686218262,,0.10566973686218262,
1338,10711,,,-0.10568640381097794,,0.10568640381097794,
1339,10719,,,-0.10588183254003525,,0.10588183254003525,
1340,10727,,,-0.1053493395447731,,0.1053493395447731,
1341,10735,,,-0.10551335662603378,,0.10551335662603378,
1342,10743,,,-0.10546450316905975,,0.10546450316905975,
1343,10749,,,,-0.08953218907117844,,0.08953218907117844
1343,10751,,,-0.10559704899787903,,0.10559704899787903,
1344,10759,,,-0.10522856563329697,,0.10522856563329697,
1345,10767,,,-0.1057739406824112,,0.1057739406824112,
1346,10775,,,-0.10600949823856354,,0.10600949823856354,
1347,10783,,,-0.1054689958691597,,0.1054689958691597,
1348,10791,,,-0.10523049533367157,,0.10523049533367157,
1349,10799,,,,-0.09768719971179962,,0.09768719971179962
1349,10799,,,-0.10577225685119629,,0.10577225685119629,
1350,10807,,,-0.10551618784666061,,0.10551618784666061,
1351,10815,,,-0.10545529425144196,,0.10545529425144196,
1352,10823,,,-0.10543189942836761,,0.10543189942836761,
1353,10831,,,-0.10575702041387558,,0.10575702041387558,
1354,10839,,,-0.10569103807210922,,0.10569103807210922,
1355,10847,,,-0.10557785630226135,,0.10557785630226135,
1356,10849,,,,-0.14345869421958923,,0.14345869421958923
1356,10855,,,-0.10552986711263657,,0.10552986711263657,
1357,10863,,,-0.10537011921405792,,0.10537011921405792,
1358,10871,,,-0.10535813868045807,,0.10535813868045807,
1359,10879,,,-0.10546807944774628,,0.10546807944774628,
1360,10887,,,-0.10553908348083496,,0.10553908348083496,
1361,10895,,,-0.1054471805691719,,0.1054471805691719,
1362,10899,,,,-0.0795595645904541,,0.0795595645904541
1362,10903,,,-0.10558265447616577,,0.10558265447616577,
1363,10911,,,-0.10548138618469238,,0.10548138618469238,
1364,10919,,,-0.10560069233179092,,0.10560069233179092,
1365,10927,,,-0.10567263513803482,,0.10567263513803482,
1366,10935,,,-0.10550461709499359,,0.10550461709499359,
1367,10943,,,-0.10572728514671326,,0.10572728514671326,
1368,10949,,,,-0.0924612507224083,,0.0924612507224083
1368,10951,,,-0.10548979789018631,,0.10548979789018631,
1369,10959,,,-0.10535295307636261,,0.10535295307636261,
1370,10967,,,-0.10547926276922226,,0.10547926276922226,
1371,10975,,,-0.10526558756828308,,0.10526558756828308,
1372,10983,,,-0.10535217076539993,,0.10535217076539993,
1373,10991,,,-0.1055537685751915,,0.1055537685751915,
1374,10999,,,,-0.1162264347076416,,0.1162264347076416
1374,10999,,,-0.10550787299871445,,0.10550787299871445,
1375,11007,,,-0.1054801493883133,,0.1054801493883133,
1376,11015,,,-0.10577027499675751,,0.10577027499675751,
1377,11023,,,-0.10549253970384598,,0.10549253970384598,
1378,11031,,,-0.10556456446647644,,0.10556456446647644,
1379,11039,,,-0.10533209145069122,,0.10533209145069122,
1380,11047,,,-0.10549752414226532,,0.10549752414226532,
1381,11049,,,,-0.10154256969690323,,0.10154256969690323
1381,11055,,,-0.1054515466094017,,0.1054515466094017,
1382,11063,,,-0.10532914847135544,,0.10532914847135544,
1383,11071,,,-0.10571803897619247,,0.10571803897619247,
1384,11079,,,-0.1056387722492218,,0.1056387722492218,
1385,11087,,,-0.10547824949026108,,0.10547824949026108,
1386,11095,,,-0.10603715479373932,,0.10603715479373932,
1387,11099,,,,-0.11158385127782822,,0.11158385127782822
1387,11103,,,-0.10571342706680298,,0.10571342706680298,
1388,11111,,,-0.10561642795801163,,0.10561642795801163,
1389,11119,,,-0.10555700957775116,,0.10555700957775116,
1390,11127,,,-0.10602203011512756,,0.10602203011512756,
1391,11135,,,-0.10576234012842178,,0.10576234012842178,
1392,11143,,,-0.10547464340925217,,0.10547464340925217,
1393,11149,,,,-0.11289725452661514,,0.11289725452661514
1393,11151,,,-0.10551582276821136,,0.10551582276821136,
1394,11159,,,-0.10531463474035263,,0.10531463474035263,
1395,11167,,,-0.10556401312351227,,0.10556401312351227,
1396,11175,,,-0.10530467331409454,,0.10530467331409454,
1397,11183,,,-0.10573524236679077,,0.10573524236679077,
1398,11191,,,-0.10552655160427094,,0.10552655160427094,
1399,11199,,,,-0.09421534836292267,,0.09421534836292267
1399,11199,,,-0.10575488209724426,,0.10575488209724426,
1400,11207,,,-0.10534807294607162,,0.10534807294607162,
1401,11215,,,-0.10546717792749405,,0.10546717792749405,
1402,11223,,,-0.10552094876766205,,0.10552094876766205,
1403,11231,,,-0.1054224967956543,,0.1054224967956543,
1404,11239,,,-0.10606003552675247,,0.10606003552675247,
1405,11247,,,-0.10564237087965012,,0.10564237087965012,
1406,11249,,,,-0.10518278926610947,,0.10518278926610947
1406,11255,,,-0.10528356581926346,,0.10528356581926346,
1407,11263,,,-0.10539031028747559,,0.10539031028747559,
1408,11271,,,-0.1055203527212143,,0.1055203527212143,
1409,11279,,,-0.10565896332263947,,0.10565896332263947,
1410,11287,,,-0.10561572015285492,,0.10561572015285492,
1411,11295,,,-0.10553962737321854,,0.10553962737321854,
1412,11299,,,,-0.10724597424268723,,0.10724597424268723
1412,11303,,,-0.10533145815134048,,0.10533145815134048,
1413,11311,,,-0.10542748868465424,,0.10542748868465424,
1414,11319,,,-0.1056494265794754,,0.1056494265794754,
1415,11327,,,-0.10566164553165436,,0.10566164553165436,
1416,11335,,,-0.10539383441209793,,0.10539383441209793,
1417,11343,,,-0.10564915835857391,,0.10564915835857391,
1418,11349,,,,-0.13152208924293518,,0.13152208924293518
1418,11351,,,-0.10586995631456375,,0.10586995631456375,
1419,11359,,,-0.10553476214408875,,0.10553476214408875,
1420,11367,,,-0.10539117455482483,,0.10539117455482483,
1421,11375,,,-0.10552389174699783,,0.10552389174699783,
1422,11383,,,-0.1057557463645935,,0.1057557463645935,
1423,11391,,,-0.10570086538791656,,0.10570086538791656,
1424,11399,,,,-0.12671919167041779,,0.12671919167041779
1424,11399,,,-0.10539287328720093,,0.10539287328720093,
1425,11407,,,-0.10568249225616455,,0.10568249225616455,
1426,11415,,,-0.1059594601392746,,0.1059594601392746,
1427,11423,,,-0.10565640777349472,,0.10565640777349472,
1428,11431,,,-0.10554739832878113,,0.10554739832878113,
1429,11439,,,-0.10539615154266357,,0.10539615154266357,
1430,11447,,,-0.10566215962171555,,0.10566215962171555,
1431,11449,,,,-0.09615159034729004,,0.09615159034729004
1431,11455,,,-0.10540030151605606,,0.10540030151605606,
1432,11463,,,-0.10527989268302917,,0.10527989268302917,
1433,11471,,,-0.10569784790277481,,0.10569784790277481,
1434,11479,,,-0.10558055341243744,,0.10558055341243744,
1435,11487,,,-0.10576320439577103,,0.10576320439577103,
1436,11495,,,-0.10565581917762756,,0.10565581917762756,
1437,11499,,,,-0.12023806571960449,,0.12023806571960449
1437,11503,,,-0.1053452417254448,,0.1053452417254448,
1438,11511,,,-0.10559860616922379,,0.10559860616922379,
1439,11519,,,-0.1056886613368988,,0.1056886613368988,
1440,11527,,,-0.1058601588010788,,0.1058601588010788,
1441,11535,,,-0.10544932633638382,,0.10544932633638382,
1442,11543,,,-0.10531347990036011,,0.10531347990036011,
1443,11549,,,,-0.11158480495214462,,0.11158480495214462
1443,11551,,,-0.10555288195610046,,0.10555288195610046,
1444,11559,,,-0.10557422786951065,,0.10557422786951065,
1445,11567,,,-0.1056254655122757,,0.1056254655122757,
1446,11575,,,-0.10578727722167969,,0.10578727722167969,
1447,11583,,,-0.10562413185834885,,0.10562413185834885,
1448,11591,,,-0.10554033517837524,,0.10554033517837524,
1449,11599,,,,-0.13952136039733887,,0.13952136039733887
1449,11599,,,-0.10570220649242401,,0.10570220649242401,
1450,11607,,,-0.10533963888883591,,0.10533963888883591,
1451,11615,,,-0.10570912063121796,,0.10570912063121796,
1452,11623,,,-0.10544854402542114,,0.10544854402542114,
1453,11631,,,-0.10570301860570908,,0.10570301860570908,
1454,11639,,,-0.10562210530042648,,0.10562210530042648,
1455,11647,,,-0.1059190183877945,,0.1059190183877945,
1456,11649,,,,-0.11368389427661896,,0.11368389427661896
1456,11655,,,-0.10577283054590225,,0.10577283054590225,
1457,11663,,,-0.10564585030078888,,0.10564585030078888,
1458,11671,,,-0.10570389032363892,,0.10570389032363892,
1459,11679,,,-0.10541589558124542,,0.10541589558124542,
1460,11687,,,-0.10554249584674835,,0.10554249584674835,
1461,11695,,,-0.10569151490926743,,0.10569151490926743,
1462,11699,,,,-0.11409959942102432,,0.11409959942102432
1462,11703,,,-0.10560642182826996,,0.10560642182826996,
1463,11711,,,-0.1058347076177597,,0.1058347076177597,
1464,11719,,,-0.10547079890966415,,0.10547079890966415,
1465,11727,,,-0.10529868304729462,,0.10529868304729462,
1466,11735,,,-0.10568229854106903,,0.10568229854106903,
1467,11743,,,-0.10538434982299805,,0.10538434982299805,
1468,11749,,,,-0.08737511932849884,,0.08737511932849884
1468,11751,,,-0.10549318790435791,,0.10549318790435791,
1469,11759,,,-0.10634714365005493,,0.10634714365005493,
1470,11767,,,-0.10535017400979996,,0.10535017400979996,
1471,11775,,,-0.10559162497520447,,0.10559162497520447,
1472,11783,,,-0.10581643134355545,,0.10581643134355545,
1473,11791,,,-0.10568608343601227,,0.10568608343601227,
1474,11799,,,,-0.10894908756017685,,0.10894908756017685
1474,11799,,,-0.10544205456972122,,0.10544205456972122,
1475,11807,,,-0.10597094893455505,,0.10597094893455505,
1476,11815,,,-0.10544829070568085,,0.10544829070568085,
1477,11823,,,-0.10546576976776123,,0.10546576976776123,
1478,11831,,,-0.10552175343036652,,0.10552175343036652,
1479,11839,,,-0.10527512431144714,,0.10527512431144714,
1480,11847,,,-0.10560785979032516,,0.10560785979032516,
1481,11849,,,,-0.12146597355604172,,0.12146597355604172
1481,11855,,,-0.10556410998106003,,0.10556410998106003,
1482,11863,,,-0.10558933019638062,,0.10558933019638062,
1483,11871,,,-0.10553867369890213,,0.10553867369890213,
1484,11879,,,-0.10568177700042725,,0.10568177700042725,
1485,11887,,,-0.10566025227308273,,0.10566025227308273,
1486,11895,,,-0.10565593093633652,,0.10565593093633652,
1487,11899,,,,-0.11933469772338867,,0.11933469772338867
1487,11903,,,-0.10543167591094971,,0.10543167591094971,
1488,11911,,,-0.10560710728168488,,0.10560710728168488,
1489,11919,,,-0.10543649643659592,,0.10543649643659592,
1490,11927,,,-0.10539425164461136,,0.10539425164461136,
1491,11935,,,-0.10550738871097565,,0.10550738871097565,
1492,11943,,,-0.10531449317932129,,0.10531449317932129,
1493,11949,,,,-0.11227931827306747,,0.11227931827306747
1493,11951,,,-0.10559194535017014,,0.10559194535017014,
1494,11959,,,-0.1053902730345726,,0.1053902730345726,
1495,11967,,,-0.10529357939958572,,0.10529357939958572,
1496,11975,,,-0.10568254441022873,,0.10568254441022873,
1497,11983,,,-0.10559292882680893,,0.10559292882680893,
1498,11991,,,-0.1056155115365982,,0.1056155115365982,
1499,11999,,,,-0.06954947113990784,,0.06954947113990784
1499,11999,,,-0.10626543313264847,,0.10626543313264847,
1500,12007,,,-0.10558665543794632,,0.10558665543794632,
1501,12015,,,-0.10557060688734055,,0.10557060688734055,
1502,12023,,,-0.10561151057481766,,0.10561151057481766,
1503,12031,,,-0.10539643466472626,,0.10539643466472626,
1504,12039,,,-0.1056472435593605,,0.1056472435593605,
1505,12047,,,-0.10563726723194122,,0.10563726723194122,
1506,12049,,,,-0.10050821304321289,,0.10050821304321289
1506,12055,,,-0.10578189790248871,,0.10578189790248871,
1507,12063,,,-0.1058155968785286,,0.1058155968785286,
1508,12071,,,-0.10578730702400208,,0.10578730702400208,
1509,12079,,,-0.10551682114601135,,0.10551682114601135,
1510,12087,,,-0.105387844145298,,0.105387844145298,
1511,12095,,,-0.10534556955099106,,0.10534556955099106,
1512,12099,,,,-0.11383533477783203,,0.11383533477783203
1512,12103,,,-0.10579517483711243,,0.10579517483711243,
1513,12111,,,-0.10536451637744904,,0.10536451637744904,
1514,12119,,,-0.10551819205284119,,0.10551819205284119,
1515,12127,,,-0.10547663271427155,,0.10547663271427155,
1516,12135,,,-0.10547661036252975,,0.10547661036252975,
1517,12143,,,-0.10534306615591049,,0.10534306615591049,
1518,12149,,,,-0.1218203529715538,,0.1218203529715538
1518,12151,,,-0.10544886440038681,,0.10544886440038681,
1519,12159,,,-0.10544871538877487,,0.10544871538877487,
1520,12167,,,-0.10595301538705826,,0.10595301538705826,
1521,12175,,,-0.10563647747039795,,0.10563647747039795,
1522,12183,,,-0.10521902143955231,,0.10521902143955231,
1523,12191,,,-0.10538392513990402,,0.10538392513990402,
1524,12199,,,,-0.097552590072155,,0.097552590072155
1524,12199,,,-0.10550013184547424,,0.10550013184547424,
1525,12207,,,-0.10564795881509781,,0.10564795881509781,
1526,12215,,,-0.10575801134109497,,0.10575801134109497,
1527,12223,,,-0.10563388466835022,,0.10563388466835022,
1528,12231,,,-0.10530295222997665,,0.10530295222997665,
1529,12239,,,-0.1058964729309082,,0.1058964729309082,
1530,12247,,,-0.1054723784327507,,0.1054723784327507,
1531,12249,,,,-0.10175881534814835,,0.10175881534814835
1531,12255,,,-0.10580062121152878,,0.10580062121152878,
1532,12263,,,-0.1053786501288414,,0.1053786501288414,
1533,12271,,,-0.10553454607725143,,0.10553454607725143,
1534,12279,,,-0.10567229241132736,,0.10567229241132736,
1535,12287,,,-0.10544010996818542,,0.10544010996818542,
1536,12295,,,-0.10555634647607803,,0.10555634647607803,
1537,12299,,,,-0.1113823875784874,,0.1113823875784874
1537,12303,,,-0.10544610768556595,,0.10544610768556595,
1538,12311,,,-0.10586930811405182,,0.10586930811405182,
1539,12319,,,-0.10521639138460159,,0.10521639138460159,
1540,12327,,,-0.10567005723714828,,0.10567005723714828,
1541,12335,,,-0.10539007931947708,,0.10539007931947708,
1542,12343,,,-0.10557238757610321,,0.10557238757610321,
1543,12349,,,,-0.07713828235864639,,0.07713828235864639
1543,12351,,,-0.10546838492155075,,0.10546838492155075,
1544,12359,,,-0.10556567460298538,,0.10556567460298538,
1545,12367,,,-0.1055733859539032,,0.1055733859539032,
1546,12375,,,-0.10570908337831497,,0.10570908337831497,
1547,12383,,,-0.10561463981866837,,0.10561463981866837,
1548,12391,,,-0.10561496764421463,,0.10561496764421463,
1549,12399,,,,-0.09292560070753098,,0.09292560070753098
1549,12399,,,-0.10550367087125778,,0.10550367087125778,
1550,12407,,,-0.10552699863910675,,0.10552699863910675,
1551,12415,,,-0.10566587001085281,,0.10566587001085281,
1552,12423,,,-0.10578444600105286,,0.10578444600105286,
1553,12431,,,-0.1055668443441391,,0.1055668443441391,
1554,12439,,,-0.10570068657398224,,0.10570068657398224,
1555,12447,,,-0.10587521642446518,,0.10587521642446518,
1556,12449,,,,-0.11959958076477051,,0.11959958076477051
1556,12455,,,-0.10577421635389328,,0.10577421635389328,
1557,12463,,,-0.10552452504634857,,0.10552452504634857,
1558,12471,,,-0.10550789535045624,,0.10550789535045624,
1559,12479,,,-0.10619702190160751,,0.10619702190160751,
1560,12487,,,-0.10555825382471085,,0.10555825382471085,
1561,12495,,,-0.1056201383471489,,0.1056201383471489,
1562,12499,,,,-0.10440540313720703,,0.10440540313720703
1562,12503,,,-0.10567834228277206,,0.10567834228277206,
1563,12511,,,-0.1055244505405426,,0.1055244505405426,
1564,12519,,,-0.10560695827007294,,0.10560695827007294,
1565,12527,,,-0.1055738776922226,,0.1055738776922226,
1566,12535,,,-0.10521408915519714,,0.10521408915519714,
1567,12543,,,-0.10550151020288467,,0.10550151020288467,
1568,12549,,,,-0.08973007649183273,,0.08973007649183273
1568,12551,,,-0.10533154010772705,,0.10533154010772705,
1569,12559,,,-0.10539564490318298,,0.10539564490318298,
1570,12567,,,-0.10560423880815506,,0.10560423880815506,
1571,12575,,,-0.10559984296560287,,0.10559984296560287,
1572,12583,,,-0.10554488748311996,,0.10554488748311996,
1573,12591,,,-0.10596359521150589,,0.10596359521150589,
1574,12599,,,,-0.11728048324584961,,0.11728048324584961
1574,12599,,,-0.10539155453443527,,0.10539155453443527,
1575,12607,,,-0.10543043166399002,,0.10543043166399002,
1576,12615,,,-0.10555019229650497,,0.10555019229650497,
1577,12623,,,-0.10549965500831604,,0.10549965500831604,
1578,12631,,,-0.10551534593105316,,0.10551534593105316,
1579,12639,,,-0.10566679388284683,,0.10566679388284683,
1580,12647,,,-0.10564202815294266,,0.10564202815294266,
1581,12649,,,,-0.10332627594470978,,0.10332627594470978
1581,12655,,,-0.10574065893888474,,0.10574065893888474,
1582,12663,,,-0.1059001088142395,,0.1059001088142395,
1583,12671,,,-0.10584882646799088,,0.10584882646799088,
1584,12679,,,-0.106041319668293,,0.106041319668293,
1585,12687,,,-0.10568461567163467,,0.10568461567163467,
1586,12695,,,-0.105553038418293,,0.105553038418293,
1587,12699,,,,-0.11114730685949326,,0.11114730685949326
1587,12703,,,-0.1057211309671402,,0.1057211309671402,
1588,12711,,,-0.10535413771867752,,0.10535413771867752,
1589,12719,,,-0.10541064292192459,,0.10541064292192459,
1590,12727,,,-0.1056646853685379,,0.1056646853685379,
1591,12735,,,-0.10560636967420578,,0.10560636967420578,
1592,12743,,,-0.10560839623212814,,0.10560839623212814,
1593,12749,,,,-0.10751628875732422,,0.10751628875732422
1593,12751,,,-0.1055699810385704,,0.1055699810385704,
1594,12759,,,-0.10547617077827454,,0.10547617077827454,
1595,12767,,,-0.10562901943922043,,0.10562901943922043,
1596,12775,,,-0.10544706135988235,,0.10544706135988235,
1597,12783,,,-0.10560871660709381,,0.10560871660709381,
1598,12791,,,-0.1053951159119606,,0.1053951159119606,
1599,12799,,,,-0.1103610023856163,,0.1103610023856163
1599,12799,,,-0.10564252734184265,,0.10564252734184265,
1600,12807,,,-0.10542873293161392,,0.10542873293161392,
1601,12815,,,-0.10559853166341782,,0.10559853166341782,
1602,12823,,,-0.1054028570652008,,0.1054028570652008,
1603,12831,,,-0.10554202646017075,,0.10554202646017075,
1604,12839,,,-0.1056203842163086,,0.1056203842163086,
1605,12847,,,-0.10541066527366638,,0.10541066527366638,
1606,12849,,,,-0.08898764103651047,,0.08898764103651047
1606,12855,,,-0.10545945167541504,,0.10545945167541504,
1607,12863,,,-0.10526633262634277,,0.10526633262634277,
1608,12871,,,-0.10557433217763901,,0.10557433217763901,
1609,12879,,,-0.1056092381477356,,0.1056092381477356,
1610,12887,,,-0.10548588633537292,,0.10548588633537292,
1611,12895,,,-0.10570118576288223,,0.10570118576288223,
1612,12899,,,,-0.10190945118665695,,0.10190945118665695
1612,12903,,,-0.10560423880815506,,0.10560423880815506,
1613,12911,,,-0.10555850714445114,,0.10555850714445114,
1614,12919,,,-0.10557586699724197,,0.10557586699724197,
1615,12927,,,-0.10554714500904083,,0.10554714500904083,
1616,12935,,,-0.10547930002212524,,0.10547930002212524,
1617,12943,,,-0.10580503940582275,,0.10580503940582275,
1618,12949,,,,-0.11610765755176544,,0.11610765755176544
1618,12951,,,-0.10551796853542328,,0.10551796853542328,
1619,12959,,,-0.1054825559258461,,0.1054825559258461,
1620,12967,,,-0.10585711896419525,,0.10585711896419525,
1621,12975,,,-0.1055791974067688,,0.1055791974067688,
1622,12983,,,-0.10537444800138474,,0.10537444800138474,
1623,12991,,,-0.10583281517028809,,0.10583281517028809,
1624,12999,,,,-0.09007325023412704,,0.09007325023412704
1624,12999,,,-0.10566562414169312,,0.10566562414169312,
1625,13007,,,-0.10578808933496475,,0.10578808933496475,
1626,13015,,,-0.10545755922794342,,0.10545755922794342,
1627,13023,,,-0.10534480959177017,,0.10534480959177017,
1628,13031,,,-0.1054806262254715,,0.1054806262254715,
1629,13039,,,-0.10550012439489365,,0.10550012439489365,
1630,13047,,,-0.10531428456306458,,0.10531428456306458,
1631,13049,,,,-0.1015903502702713,,0.1015903502702713
1631,13055,,,-0.10565181821584702,,0.10565181821584702,
1632,13063,,,-0.1055474579334259,,0.1055474579334259,
1633,13071,,,-0.10561439394950867,,0.10561439394950867,
1634,13079,,,-0.10549726337194443,,0.10549726337194443,
1635,13087,,,-0.10579577833414078,,0.10579577833414078,
1636,13095,,,-0.10561329126358032,,0.10561329126358032,
1637,13099,,,,-0.10758500546216965,,0.10758500546216965
1637,13103,,,-0.10562208294868469,,0.10562208294868469,
1638,13111,,,-0.10559016466140747,,0.10559016466140747,
1639,13119,,,-0.10566667467355728,,0.10566667467355728,
1640,13127,,,-0.1061229258775711,,0.1061229258775711,
1641,13135,,,-0.105416439473629,,0.105416439473629,
1642,13143,,,-0.10551582276821136,,0.10551582276821136,
1643,13149,,,,-0.11644134670495987,,0.11644134670495987
1643,13151,,,-0.1057601347565651,,0.1057601347565651,
1644,13159,,,-0.10584515333175659,,0.10584515333175659,
1645,13167,,,-0.1055934727191925,,0.1055934727191925,
1646,13175,,,-0.10580746829509735,,0.10580746829509735,
1647,13183,,,-0.10553189367055893,,0.10553189367055893,
1648,13191,,,-0.1056487187743187,,0.1056487187743187,
1649,13199,,,,-0.11281643062829971,,0.11281643062829971
1649,13199,,,-0.10552278906106949,,0.10552278906106949,
1650,13207,,,-0.10558529943227768,,0.10558529943227768,
1651,13215,,,-0.10565093904733658,,0.10565093904733658,
1652,13223,,,-0.10548293590545654,,0.10548293590545654,
1653,13231,,,-0.10549404472112656,,0.10549404472112656,
1654,13239,,,-0.10544918477535248,,0.10544918477535248,
1655,13247,,,-0.10583260655403137,,0.10583260655403137,
1656,13249,,,,-0.0919383093714714,,0.0919383093714714
1656,13255,,,-0.10565925389528275,,0.10565925389528275,
1657,13263,,,-0.10549730062484741,,0.10549730062484741,
1658,13271,,,-0.10558033734560013,,0.10558033734560013,
1659,13279,,,-0.10567451268434525,,0.10567451268434525,
1660,13287,,,-0.10544155538082123,,0.10544155538082123,
1661,13295,,,-0.10583081096410751,,0.10583081096410751,
1662,13299,,,,-0.10352154076099396,,0.10352154076099396
1662,13303,,,-0.10552963614463806,,0.10552963614463806,
1663,13311,,,-0.1054217517375946,,0.1054217517375946,
1664,13319,,,-0.10562531650066376,,0.10562531650066376,
1665,13327,,,-0.10580188035964966,,0.10580188035964966,
1666,13335,,,-0.1056000217795372,,0.1056000217795372,
1667,13343,,,-0.10551512241363525,,0.10551512241363525,
1668,13349,,,,-0.10437045246362686,,0.10437045246362686
1668,13351,,,-0.10551798343658447,,0.10551798343658447,
1669,13359,,,-0.10541613399982452,,0.10541613399982452,
1670,13367,,,-0.10576201230287552,,0.10576201230287552,
1671,13375,,,-0.10547219216823578,,0.10547219216823578,
1672,13383,,,-0.10539306700229645,,0.10539306700229645,
1673,13391,,,-0.10546301305294037,,0.10546301305294037,
1674,13399,,,,-0.11720652878284454,,0.11720652878284454
1674,13399,,,-0.10586269199848175,,0.10586269199848175,
1675,13407,,,-0.10607265681028366,,0.10607265681028366,
1676,13415,,,-0.10582086443901062,,0.10582086443901062,
1677,13423,,,-0.10577455908060074,,0.10577455908060074,
1678,13431,,,-0.10544589906930923,,0.10544589906930923,
1679,13439,,,-0.1054784283041954,,0.1054784283041954,
1680,13447,,,-0.1053692102432251,,0.1053692102432251,
1681,13449,,,,-0.09938263893127441,,0.09938263893127441
1681,13455,,,-0.10553748905658722,,0.10553748905658722,
1682,13463,,,-0.10568895190954208,,0.10568895190954208,
1683,13471,,,-0.10553016513586044,,0.10553016513586044,
1684,13479,,,-0.10546677559614182,,0.10546677559614182,
1685,13487,,,-0.10583742707967758,,0.10583742707967758,
1686,13495,,,-0.1056007593870163,,0.1056007593870163,
1687,13499,,,,-0.11603522300720215,,0.11603522300720215
1687,13503,,,-0.10599492490291595,,0.10599492490291595,
1688,13511,,,-0.10533610731363297,,0.10533610731363297,
1689,13519,,,-0.10552632063627243,,0.10552632063627243,
1690,13527,,,-0.10588203370571136,,0.10588203370571136,
1691,13535,,,-0.10565097630023956,,0.10565097630023956,
1692,13543,,,-0.10557250678539276,,0.10557250678539276,
1693,13549,,,,-0.10374980419874191,,0.10374980419874191
1693,13551,,,-0.10551325976848602,,0.10551325976848602,
1694,13559,,,-0.10536634176969528,,0.10536634176969528,
1695,13567,,,-0.10548295825719833,,0.10548295825719833,
1696,13575,,,-0.10602965950965881,,0.10602965950965881,
1697,13583,,,-0.10547509789466858,,0.10547509789466858,
1698,13591,,,-0.10597993433475494,,0.10597993433475494,
1699,13599,,,,-0.11396465450525284,,0.11396465450525284
1699,13599,,,-0.10548194497823715,,0.10548194497823715,
1700,13607,,,-0.1054273173213005,,0.1054273173213005,
1701,13615,,,-0.10540905594825745,,0.10540905594825745,
1702,13623,,,-0.10559701919555664,,0.10559701919555664,
1703,13631,,,-0.10595174878835678,,0.10595174878835678,
1704,13639,,,-0.10618835687637329,,0.10618835687637329,
1705,13647,,,-0.10559529066085815,,0.10559529066085815,
1706,13649,,,,-0.10664768517017365,,0.10664768517017365
1706,13655,,,-0.1053941622376442,,0.1053941622376442,
1707,13663,,,-0.1056588739156723,,0.1056588739156723,
1708,13671,,,-0.10557226836681366,,0.10557226836681366,
1709,13679,,,-0.10563885420560837,,0.10563885420560837,
1710,13687,,,-0.10566408932209015,,0.10566408932209015,
1711,13695,,,-0.10573002696037292,,0.10573002696037292,
1712,13699,,,,-0.10397519916296005,,0.10397519916296005
1712,13703,,,-0.10560265183448792,,0.10560265183448792,
1713,13711,,,-0.10539282113313675,,0.10539282113313675,
1714,13719,,,-0.10552416741847992,,0.10552416741847992,
1715,13727,,,-0.10628767311573029,,0.10628767311573029,
1716,13735,,,-0.10548637807369232,,0.10548637807369232,
1717,13743,,,-0.10602840781211853,,0.10602840781211853,
1718,13749,,,,-0.1035667434334755,,0.1035667434334755
1718,13751,,,-0.10568428039550781,,0.10568428039550781,
1719,13759,,,-0.10558293759822845,,0.10558293759822845,
1720,13767,,,-0.10557536780834198,,0.10557536780834198,
1721,13775,,,-0.10570676624774933,,0.10570676624774933,
1722,13783,,,-0.10550286620855331,,0.10550286620855331,
1723,13791,,,-0.10559586435556412,,0.10559586435556412,
1724,13799,,,,-0.11897449940443039,,0.11897449940443039
1724,13799,,,-0.10562841594219208,,0.10562841594219208,
1725,13807,,,-0.10542375594377518,,0.10542375594377518,
1726,13815,,,-0.10577694326639175,,0.10577694326639175,
1727,13823,,,-0.10546167939901352,,0.10546167939901352,
1728,13831,,,-0.10535115003585815,,0.10535115003585815,
1729,13839,,,-0.10551450401544571,,0.10551450401544571,
1730,13847,,,-0.10547041147947311,,0.10547041147947311,
1731,13849,,,,-0.12930336594581604,,0.12930336594581604
1731,13855,,,-0.10543222725391388,,0.10543222725391388,
1732,13863,,,-0.10594303160905838,,0.10594303160905838,
1733,13871,,,-0.10555659234523773,,0.10555659234523773,
1734,13879,,,-0.10568311810493469,,0.10568311810493469,
1735,13887,,,-0.10557861626148224,,0.10557861626148224,
1736,13895,,,-0.10546334087848663,,0.10546334087848663,
1737,13899,,,,-0.11731109768152237,,0.11731109768152237
1737,13903,,,-0.10557087510824203,,0.10557087510824203,
1738,13911,,,-0.10551208257675171,,0.10551208257675171,
1739,13919,,,-0.1054360568523407,,0.1054360568523407,
1740,13927,,,-0.10539456456899643,,0.10539456456899643,
1741,13935,,,-0.10559259355068207,,0.10559259355068207,
1742,13943,,,-0.10567717254161835,,0.10567717254161835,
1743,13949,,,,-0.12205033749341965,,0.12205033749341965
1743,13951,,,-0.10548284649848938,,0.10548284649848938,
1744,13959,,,-0.10541117936372757,,0.10541117936372757,
1745,13967,,,-0.1056375503540039,,0.1056375503540039,
1746,13975,,,-0.10555273294448853,,0.10555273294448853,
1747,13983,,,-0.10558720678091049,,0.10558720678091049,
1748,13991,,,-0.10543328523635864,,0.10543328523635864,
1749,13999,,,,-0.1263158917427063,,0.1263158917427063
1749,13999,,,-0.10574566572904587,,0.10574566572904587,
1750,14007,,,-0.10543470829725266,,0.10543470829725266,
1751,14015,,,-0.10580246895551682,,0.10580246895551682,
1752,14023,,,-0.10614136606454849,,0.10614136606454849,
1753,14031,,,-0.10545618832111359,,0.10545618832111359,
1754,14039,,,-0.1056530624628067,,0.1056530624628067,
1755,14047,,,-0.10536696761846542,,0.10536696761846542,
1756,14049,,,,-0.10031218826770782,,0.10031218826770782
1756,14055,,,-0.10547548532485962,,0.10547548532485962,
1757,14063,,,-0.10623271763324738,,0.10623271763324738,
1758,14071,,,-0.10550819337368011,,0.10550819337368011,
1759,14079,,,-0.10543808341026306,,0.10543808341026306,
1760,14087,,,-0.10571883618831635,,0.10571883618831635,
1761,14095,,,-0.1056496798992157,,0.1056496798992157,
1762,14099,,,,-0.10189242660999298,,0.10189242660999298
1762,14103,,,-0.10569795966148376,,0.10569795966148376,
1763,14111,,,-0.1060561016201973,,0.1060561016201973,
1764,14119,,,-0.10619226098060608,,0.10619226098060608,
1765,14127,,,-0.1061527356505394,,0.1061527356505394,
1766,14135,,,-0.10590958595275879,,0.10590958595275879,
1767,14143,,,-0.10564353317022324,,0.10564353317022324,
1768,14149,,,,-0.12463607639074326,,0.12463607639074326
1768,14151,,,-0.10552166402339935,,0.10552166402339935,
1769,14159,,,-0.10564403235912323,,0.10564403235912323,
1770,14167,,,-0.1053139865398407,,0.1053139865398407,
1771,14175,,,-0.10534775257110596,,0.10534775257110596,
1772,14183,,,-0.10568904876708984,,0.10568904876708984,
1773,14191,,,-0.10553747415542603,,0.10553747415542603,
1774,14199,,,,-0.1008174940943718,,0.1008174940943718
1774,14199,,,-0.10537347197532654,,0.10537347197532654,
1775,14207,,,-0.10578232258558273,,0.10578232258558273,
1776,14215,,,-0.10551200062036514,,0.10551200062036514,
1777,14223,,,-0.10571910440921783,,0.10571910440921783,
1778,14231,,,-0.10553108155727386,,0.10553108155727386,
1779,14239,,,-0.10559709370136261,,0.10559709370136261,
1780,14247,,,-0.10542778670787811,,0.10542778670787811,
1781,14249,,,,-0.11978969722986221,,0.11978969722986221
1781,14255,,,-0.10571398586034775,,0.10571398586034775,
1782,14263,,,-0.10557252168655396,,0.10557252168655396,
1783,14271,,,-0.10535972565412521,,0.10535972565412521,
1784,14279,,,-0.10558585077524185,,0.10558585077524185,
1785,14287,,,-0.10573918372392654,,0.10573918372392654,
1786,14295,,,-0.1055009737610817,,0.1055009737610817,
1787,14299,,,,-0.122623972594738,,0.122623972594738
1787,14303,,,-0.10591080039739609,,0.10591080039739609,
1788,14311,,,-0.10543934255838394,,0.10543934255838394,
1789,14319,,,-0.10564055293798447,,0.10564055293798447,
1790,14327,,,-0.10549534857273102,,0.10549534857273102,
1791,14335,,,-0.10536601394414902,,0.10536601394414902,
1792,14343,,,-0.10550827533006668,,0.10550827533006668,
1793,14349,,,,-0.10898285359144211,,0.10898285359144211
1793,14351,,,-0.10541423410177231,,0.10541423410177231,
1794,14359,,,-0.1054532453417778,,0.1054532453417778,
1795,14367,,,-0.1055263951420784,,0.1055263951420784,
1796,14375,,,-0.1053851917386055,,0.1053851917386055,
1797,14383,,,-0.1054803729057312,,0.1054803729057312,
1798,14391,,,-0.10535901039838791,,0.10535901039838791,
1799,14399,,,,-0.110264353454113,,0.110264353454113
1799,14399,,,-0.1055070087313652,,0.1055070087313652,
1800,14407,,,-0.10537008196115494,,0.10537008196115494,
1801,14415,,,-0.10549721866846085,,0.10549721866846085,
1802,14423,,,-0.10623563081026077,,0.10623563081026077,
1803,14431,,,-0.10542043298482895,,0.10542043298482895,
1804,14439,,,-0.10546077787876129,,0.10546077787876129,
1805,14447,,,-0.10571444034576416,,0.10571444034576416,
1806,14449,,,,-0.11135220527648926,,0.11135220527648926
1806,14455,,,-0.1058327853679657,,0.1058327853679657,
1807,14463,,,-0.10549943894147873,,0.10549943894147873,
1808,14471,,,-0.1055719256401062,,0.1055719256401062,
1809,14479,,,-0.10629548132419586,,0.10629548132419586,
1810,14487,,,-0.1056683212518692,,0.1056683212518692,
1811,14495,,,-0.10554732382297516,,0.10554732382297516,
1812,14499,,,,-0.13802486658096313,,0.13802486658096313
1812,14503,,,-0.10618662089109421,,0.10618662089109421,
1813,14511,,,-0.10553908348083496,,0.10553908348083496,
1814,14519,,,-0.10543251782655716,,0.10543251782655716,
1815,14527,,,-0.10550303757190704,,0.10550303757190704,
1816,14535,,,-0.10544560849666595,,0.10544560849666595,
1817,14543,,,-0.10559064894914627,,0.10559064894914627,
1818,14549,,,,-0.10249185562133789,,0.10249185562133789
1818,14551,,,-0.10534986853599548,,0.10534986853599548,
1819,14559,,,-0.10550282150506973,,0.10550282150506973,
1820,14567,,,-0.10550793260335922,,0.10550793260335922,
1821,14575,,,-0.10558188706636429,,0.10558188706636429,
1822,14583,,,-0.10555239021778107,,0.10555239021778107,
1823,14591,,,-0.10540977865457535,,0.10540977865457535,
1824,14599,,,,-0.08957796543836594,,0.08957796543836594
1824,14599,,,-0.10558898746967316,,0.10558898746967316,
1825,14607,,,-0.10563237220048904,,0.10563237220048904,
1826,14615,,,-0.10544044524431229,,0.10544044524431229,
1827,14623,,,-0.10573571920394897,,0.10573571920394897,
1828,14631,,,-0.10562282800674438,,0.10562282800674438,
1829,14639,,,-0.10588092356920242,,0.10588092356920242,
1830,14647,,,-0.10577618330717087,,0.10577618330717087,
1831,14649,,,,-0.09949088096618652,,0.09949088096618652
1831,14655,,,-0.10542299598455429,,0.10542299598455429,
1832,14663,,,-0.10554070770740509,,0.10554070770740509,
1833,14671,,,-0.1054297387599945,,0.1054297387599945,
1834,14679,,,-0.10550376027822495,,0.10550376027822495,
1835,14687,,,-0.10603310912847519,,0.10603310912847519,
1836,14695,,,-0.10549354553222656,,0.10549354553222656,
1837,14699,,,,-0.13013982772827148,,0.13013982772827148
1837,14703,,,-0.10598515719175339,,0.10598515719175339,
1838,14711,,,-0.10539044439792633,,0.10539044439792633,
1839,14719,,,-0.1052025780081749,,0.1052025780081749,
1840,14727,,,-0.10573388636112213,,0.10573388636112213,
1841,14735,,,-0.10550826787948608,,0.10550826787948608,
1842,14743,,,-0.10567262023687363,,0.10567262023687363,
1843,14749,,,,-0.11067499965429306,,0.11067499965429306
1843,14751,,,-0.10571325570344925,,0.10571325570344925,
1844,14759,,,-0.10597139596939087,,0.10597139596939087,
1845,14767,,,-0.10537075251340866,,0.10537075251340866,
1846,14775,,,-0.1058536022901535,,0.1058536022901535,
1847,14783,,,-0.10545395314693451,,0.10545395314693451,
1848,14791,,,-0.10599181056022644,,0.10599181056022644,
1849,14799,,,,-0.11267223209142685,,0.11267223209142685
1849,14799,,,-0.10552190244197845,,0.10552190244197845,
1850,14807,,,-0.10540901124477386,,0.10540901124477386,
1851,14815,,,-0.10556423664093018,,0.10556423664093018,
1852,14823,,,-0.10538765788078308,,0.10538765788078308,
1853,14831,,,-0.10569892823696136,,0.10569892823696136,
1854,14839,,,-0.10597942024469376,,0.10597942024469376,
1855,14847,,,-0.10566585510969162,,0.10566585510969162,
1856,14849,,,,-0.09762544929981232,,0.09762544929981232
1856,14855,,,-0.10543331503868103,,0.10543331503868103,
1857,14863,,,-0.10569852590560913,,0.10569852590560913,
1858,14871,,,-0.10540346801280975,,0.10540346801280975,
1859,14879,,,-0.10588935762643814,,0.10588935762643814,
1860,14887,,,-0.10567434132099152,,0.10567434132099152,
1861,14895,,,-0.10550394654273987,,0.10550394654273987,
1862,14899,,,,-0.08423428237438202,,0.08423428237438202
1862,14903,,,-0.1060974970459938,,0.1060974970459938,
1863,14911,,,-0.10555680096149445,,0.10555680096149445,
1864,14919,,,-0.10540948808193207,,0.10540948808193207,
1865,14927,,,-0.10564089566469193,,0.10564089566469193,
1866,14935,,,-0.10569262504577637,,0.10569262504577637,
1867,14943,,,-0.10578306764364243,,0.10578306764364243,
1868,14949,,,,-0.10771913826465607,,0.10771913826465607
1868,14951,,,-0.10571195930242538,,0.10571195930242538,
1869,14959,,,-0.10557378828525543,,0.10557378828525543,
1870,14967,,,-0.10550463944673538,,0.10550463944673538,
1871,14975,,,-0.10537932068109512,,0.10537932068109512,
1872,14983,,,-0.10550660640001297,,0.10550660640001297,
1873,14991,,,-0.10542771220207214,,0.10542771220207214,
1874,14999,,,,-0.09512767940759659,,0.09512767940759659
1874,14999,,,-0.10590662807226181,,0.10590662807226181,
1875,15007,,,-0.1054849624633789,,0.1054849624633789,
1876,15015,,,-0.10566237568855286,,0.10566237568855286,
1877,15023,,,-0.10541916638612747,,0.10541916638612747,
1878,15031,,,-0.10558720678091049,,0.10558720678091049,
1879,15039,,,-0.10614126175642014,,0.10614126175642014,
1880,15047,,,-0.10557527840137482,,0.10557527840137482,
1881,15049,,,,-0.08515186607837677,,0.08515186607837677
1881,15055,,,-0.10547713935375214,,0.10547713935375214,
1882,15063,,,-0.10545458644628525,,0.10545458644628525,
1883,15071,,,-0.10552027821540833,,0.10552027821540833,
1884,15079,,,-0.1055118516087532,,0.1055118516087532,
1885,15087,,,-0.10556750744581223,,0.10556750744581223,
1886,15095,,,-0.10553550720214844,,0.10553550720214844,
1887,15099,,,,-0.12081962078809738,,0.12081962078809738
1887,15103,,,-0.10602635145187378,,0.10602635145187378,
1888,15111,,,-0.10551609843969345,,0.10551609843969345,
1889,15119,,,-0.10576796531677246,,0.10576796531677246,
1890,15127,,,-0.10541190207004547,,0.10541190207004547,
1891,15135,,,-0.10565521568059921,,0.10565521568059921,
1892,15143,,,-0.10563093423843384,,0.10563093423843384,
1893,15149,,,,-0.10133123397827148,,0.10133123397827148
1893,15151,,,-0.10554593801498413,,0.10554593801498413,
1894,15159,,,-0.10574302077293396,,0.10574302077293396,
1895,15167,,,-0.10555693507194519,,0.10555693507194519,
1896,15175,,,-0.10556905716657639,,0.10556905716657639,
1897,15183,,,-0.1057475209236145,,0.1057475209236145,
1898,15191,,,-0.10551659017801285,,0.10551659017801285,
1899,15199,,,,-0.11119642108678818,,0.11119642108678818
1899,15199,,,-0.10546565800905228,,0.10546565800905228,
1900,15207,,,-0.10561706870794296,,0.10561706870794296,
1901,15215,,,-0.10532104223966599,,0.10532104223966599,
1902,15223,,,-0.10543498396873474,,0.10543498396873474,
1903,15231,,,-0.10546911507844925,,0.10546911507844925,
1904,15239,,,-0.10548190772533417,,0.10548190772533417,
1905,15247,,,-0.10558748990297318,,0.10558748990297318,
1906,15249,,,,-0.11152515560388565,,0.11152515560388565
1906,15255,,,-0.10545822978019714,,0.10545822978019714,
1907,15263,,,-0.10571005940437317,,0.10571005940437317,
1908,15271,,,-0.10542062669992447,,0.10542062669992447,
1909,15279,,,-0.10571520775556564,,0.10571520775556564,
1910,15287,,,-0.10571838170289993,,0.10571838170289993,
1911,15295,,,-0.10575932264328003,,0.10575932264328003,
1912,15299,,,,-0.11224546283483505,,0.11224546283483505
1912,15303,,,-0.10600735992193222,,0.10600735992193222,
1913,15311,,,-0.10583803802728653,,0.10583803802728653,
1914,15319,,,-0.10552717000246048,,0.10552717000246048,
1915,15327,,,-0.10541769117116928,,0.10541769117116928,
1916,15335,,,-0.10554715245962143,,0.10554715245962143,
1917,15343,,,-0.10575790703296661,,0.10575790703296661,
1918,15349,,,,-0.1404297947883606,,0.1404297947883606
1918,15351,,,-0.1056729406118393,,0.1056729406118393,
1919,15359,,,-0.10537798702716827,,0.10537798702716827,
1920,15367,,,-0.10565290600061417,,0.10565290600061417,
1921,15375,,,-0.10563047975301743,,0.10563047975301743,
1922,15383,,,-0.10559751838445663,,0.10559751838445663,
1923,15391,,,-0.10581938177347183,,0.10581938177347183,
1924,15399,,,,-0.08312606811523438,,0.08312606811523438
1924,15399,,,-0.10600578784942627,,0.10600578784942627,
1925,15407,,,-0.10532315820455551,,0.10532315820455551,
1926,15415,,,-0.10557618737220764,,0.10557618737220764,
1927,15423,,,-0.10558085888624191,,0.10558085888624191,
1928,15431,,,-0.10564988106489182,,0.10564988106489182,
1929,15439,,,-0.10541979968547821,,0.10541979968547821,
1930,15447,,,-0.10563503205776215,,0.10563503205776215,
1931,15449,,,,-0.12333431094884872,,0.12333431094884872
1931,15455,,,-0.10567927360534668,,0.10567927360534668,
1932,15463,,,-0.10557592660188675,,0.10557592660188675,
1933,15471,,,-0.10545302927494049,,0.10545302927494049,
1934,15479,,,-0.1056438460946083,,0.1056438460946083,
1935,15487,,,-0.10566441714763641,,0.10566441714763641,
1936,15495,,,-0.10581556707620621,,0.10581556707620621,
1937,15499,,,,-0.09759512543678284,,0.09759512543678284
1937,15503,,,-0.10615462809801102,,0.10615462809801102,
1938,15511,,,-0.10534214973449707,,0.10534214973449707,
1939,15519,,,-0.10516215860843658,,0.10516215860843658,
1940,15527,,,-0.10555039346218109,,0.10555039346218109,
1941,15535,,,-0.10594293475151062,,0.10594293475151062,
1942,15543,,,-0.10584389418363571,,0.10584389418363571,
1943,15549,,,,-0.058196403086185455,,0.058196403086185455
1943,15551,,,-0.10576131939888,,0.10576131939888,
1944,15559,,,-0.10539167374372482,,0.10539167374372482,
1945,15567,,,-0.10570013523101807,,0.10570013523101807,
1946,15575,,,-0.10546179115772247,,0.10546179115772247,
1947,15583,,,-0.10566512495279312,,0.10566512495279312,
1948,15591,,,-0.1057448461651802,,0.1057448461651802,
1949,15599,,,,-0.12094240635633469,,0.12094240635633469
1949,15599,,,-0.10552291572093964,,0.10552291572093964,
1950,15607,,,-0.10561788082122803,,0.10561788082122803,
1951,15615,,,-0.1059536412358284,,0.1059536412358284,
1952,15623,,,-0.10595833510160446,,0.10595833510160446,
1953,15631,,,-0.10558431595563889,,0.10558431595563889,
1954,15639,,,-0.10551707446575165,,0.10551707446575165,
1955,15647,,,-0.10549739003181458,,0.10549739003181458,
1956,15649,,,,-0.12126827239990234,,0.12126827239990234
1956,15655,,,-0.10544465482234955,,0.10544465482234955,
1957,15663,,,-0.10538480430841446,,0.10538480430841446,
1958,15671,,,-0.10555605590343475,,0.10555605590343475,
1959,15679,,,-0.10558823496103287,,0.10558823496103287,
1960,15687,,,-0.1055455431342125,,0.1055455431342125,
1961,15695,,,-0.10542508214712143,,0.10542508214712143,
1962,15699,,,,-0.11858115345239639,,0.11858115345239639
1962,15703,,,-0.10532882064580917,,0.10532882064580917,
1963,15711,,,-0.10554036498069763,,0.10554036498069763,
1964,15719,,,-0.1055055633187294,,0.1055055633187294,
1965,15727,,,-0.10547208040952682,,0.10547208040952682,
1966,15735,,,-0.10556845366954803,,0.10556845366954803,
1967,15743,,,-0.10546974837779999,,0.10546974837779999,
1968,15749,,,,-0.11094474792480469,,0.11094474792480469
1968,15751,,,-0.10548439621925354,,0.10548439621925354,
1969,15759,,,-0.10560611635446548,,0.10560611635446548,
1970,15767,,,-0.10567829757928848,,0.10567829757928848,
1971,15775,,,-0.1056167334318161,,0.1056167334318161,
1972,15783,,,-0.10549961030483246,,0.10549961030483246,
1973,15791,,,-0.10587968677282333,,0.10587968677282333,
1974,15799,,,,-0.10733266174793243,,0.10733266174793243
1974,15799,,,-0.10536330938339233,,0.10536330938339233,
1975,15807,,,-0.10546393692493439,,0.10546393692493439,
1976,15815,,,-0.10562101751565933,,0.10562101751565933,
1977,15823,,,-0.10536027699708939,,0.10536027699708939,
1978,15831,,,-0.10562807321548462,,0.10562807321548462,
1979,15839,,,-0.10588318109512329,,0.10588318109512329,
1980,15847,,,-0.10527162998914719,,0.10527162998914719,
1981,15849,,,,-0.12363705784082413,,0.12363705784082413
1981,15855,,,-0.10583116114139557,,0.10583116114139557,
1982,15863,,,-0.10572073608636856,,0.10572073608636856,
1983,15871,,,-0.10535702854394913,,0.10535702854394913,
1984,15879,,,-0.10544060170650482,,0.10544060170650482,
1985,15887,,,-0.10551531612873077,,0.10551531612873077,
1986,15895,,,-0.10560029000043869,,0.10560029000043869,
1987,15899,,,,-0.10658130794763565,,0.10658130794763565
1987,15903,,,-0.10580915212631226,,0.10580915212631226,
1988,15911,,,-0.10574913024902344,,0.10574913024902344,
1989,15919,,,-0.10560829937458038,,0.10560829937458038,
1990,15927,,,-0.10565126687288284,,0.10565126687288284,
1991,15935,,,-0.10557177662849426,,0.10557177662849426,
1992,15943,,,-0.10543608665466309,,0.10543608665466309,
1993,15949,,,,-0.10164566338062286,,0.10164566338062286
1993,15951,,,-0.10559897124767303,,0.10559897124767303,
1994,15959,,,-0.1055104210972786,,0.1055104210972786,
1995,15967,,,-0.10554255545139313,,0.10554255545139313,
1996,15975,,,-0.10542094707489014,,0.10542094707489014,
1997,15983,,,-0.10592062026262283,,0.10592062026262283,
1998,15991,,,-0.10547119379043579,,0.10547119379043579,
1999,15999,,,,-0.09087133407592773,,0.09087133407592773
1999,15999,,,-0.105503611266613,,0.105503611266613,
2000,16000,-0.10943454504013062,0.10943454504013062,,,,
