4,2,300,[32],1e-05,1000,-0.6709679901599884,3.9342021958281035,5.598664219801568,-0.8979416533063418,-0.9686905518174171,3.6364796341706747,5.166968877737665,0.7614387826372617
4,2,300,[32],0.0001,1000,0.020043793320655822,4.6252139793087474,6.1760806397844785,2.332559521620416,0.19853595495224,4.803706140940331,6.554668839399957,3.1872201518465513
4,2,300,[32],0.001,1000,1.7708363652229309,6.376006551211023,10.091231759016656,5.261869366591119,4.728811359405517,9.333981545393609,18.16072934431329,5.23559754652276
4,2,300,[64],1e-05,1000,-0.3233484923839569,4.281821693604135,6.06321042341485,0.806551392500543,-0.08986829072237015,4.515301895265722,8.556082184736871,1.9266173200060361
4,2,300,[64],0.0001,1000,0.24865758419036865,4.8538277701784605,5.890585120146417,3.9580505446840757,0.0345833420753479,4.63975352806344,7.7229744748522275,-0.19244915681586328
4,2,300,[64],0.001,1000,11.597246599197387,16.202416785185477,27.424343998854305,5.540359909956598,12.299547600746155,16.904717786734246,43.32981007856622,4.906254227583551
4,2,300,[128],1e-05,1000,-0.700086909532547,3.905083276455545,5.802426274244928,-2.1913700743268496,-1.5197394475340844,3.0854307384540074,5.378371651594781,-5.890200678880072
4,2,300,[128],0.0001,1000,1.267690324783325,5.872860510771417,9.198330815260553,3.8098190383364194,0.8063005477190017,5.411470733707094,6.233421976988458,4.536242570107126
4,2,300,[128],0.001,1000,28.727552223205567,33.33272240919366,53.56188100141778,14.246333058302545,28.013512444496154,32.618682630484244,66.64207356733574,5.105266745512628
4,2,300,"[128, 128]",1e-05,1000,0.4706618994474411,5.0758320854355325,7.967113907759332,3.3377017335344785,0.7825854752212763,5.387755661209368,6.751730378096246,4.580333336566829
4,2,300,"[128, 128]",0.0001,1000,8.628012490272521,13.233182676260613,23.000685627882625,5.23323028845086,8.630460023880005,13.235630209868097,30.860339100783015,4.887553151075982
4,2,300,"[128, 128]",0.001,1000,588.0636978149414,592.6688680009295,1150.180121357863,210.6250218705584,927.5768859863281,932.1820561723162,1628.520453389113,335.1449956254412
4,2,300,[256],1e-05,1000,-0.50160231590271,4.1035678700853815,7.63218801779046,-2.1076489134381777,-0.38885404765605924,4.216316138332033,5.812027628843927,1.83403127950921
4,2,300,[256],0.0001,1000,1.4490452647209167,6.054215450709009,8.68810933393731,5.075598652784967,2.834507417678833,7.439677603666925,19.349801953261043,4.536477263395929
4,2,300,[256],0.001,1000,42.899030685424805,47.5042008714129,76.9023656205584,31.53235333723321,46.33011758327484,50.935287769262935,103.0976552323748,3.8796655492235654
4,2,300,"[256, 256]",1e-05,1000,1.3214116111397742,5.9265817971278665,11.475546772902154,4.679402302329683,1.120238971710205,5.725409157698297,9.08287137312188,4.509710963194513
4,2,300,"[256, 256]",0.0001,1000,36.05585968494415,40.661029870932246,67.0633878068377,7.75970094961419,48.12131474018097,52.726484926169064,86.88491719526543,3.9421350316454404
4,2,300,"[256, 256]",0.001,1000,2071.97239074707,2076.5775609330585,4137.784857685988,403.4179448441912,2622.2488037109374,2626.8539738969257,4146.922552998488,1511.193793232863
4,2,1000,[32],1e-05,1000,-0.12173225283622742,4.483437933151865,5.623607094710016,1.2724599198748106,-0.6157352201640606,3.989434965824031,6.239116604750299,1.715904887144708
4,2,1000,[32],0.0001,1000,0.13001662194728852,4.7351868079353805,5.8097476319719785,-0.24105555253729882,1.104052186012268,5.70922237200036,8.530932600920343,4.567287619536065
4,2,1000,[32],0.001,1000,27.52662410736084,32.13179429334893,40.044115956251765,8.76329129499688,62.22334623336792,66.828516419356,131.82617085737482,14.416316922133111
4,2,1000,[64],1e-05,1000,-1.6861662715673447,2.919003914420747,6.302123721068048,-3.660818163926459,-0.07570923864841461,4.529460947339677,5.416661436979913,2.9802185849596494
4,2,1000,[64],0.0001,1000,1.4891963958740235,6.094366581862115,9.659232552473688,4.845802004759454,3.6912633657455443,8.296433551733635,19.677387173597957,4.1012563065935606
4,2,1000,[64],0.001,1000,79.7862590789795,84.39142926496758,135.0514592484881,45.228617604200984,163.8367389678955,168.4419091538836,248.91231435102716,56.78670781416192
4,2,1000,[128],1e-05,1000,0.5561310738325119,5.161301259820604,6.7985240773607725,2.518062050764703,-0.4417186677455902,4.163451518242502,7.213397200529718,0.570596630995416
4,2,1000,[128],0.0001,1000,5.094723248481751,9.699893434469843,19.069104130690242,5.3479415730883115,3.029768872261047,7.634939058249139,21.345576222365047,3.0089990453173154
4,2,1000,[128],0.001,1000,213.199715423584,217.8048856095721,374.56961720747245,131.64190572065607,261.8881576538086,266.4933278397967,482.8293217973162,101.26437276167168
4,2,1000,"[128, 128]",1e-05,1000,3.0479305267333983,7.65310071272149,11.29434245390191,4.961806471769952,4.190453124046326,8.795623310034419,14.257822926466607,5.518358166639947
4,2,1000,"[128, 128]",0.0001,1000,100.51517829895019,105.12034848493828,164.70593922895685,60.555277760450984,103.6790397644043,108.28420995039238,169.7552708939959,69.81698506635918
4,2,1000,"[128, 128]",0.001,1000,27088.32041015625,27092.92558034224,41480.13642018599,14075.926459248489,28516.01396484375,28520.619135029738,41922.83954518599,15998.153021748489
4,2,1000,[256],1e-05,1000,0.30580407977104185,4.910974265759133,5.7887563065935606,2.7292393998552793,-0.23467057943344116,4.370499606554651,7.6185128049303525,-2.4693704290936953
4,2,1000,[256],0.0001,1000,9.298281574249268,13.90345176023736,21.48990529340997,6.651449377958917,15.059986853599549,19.66515703958764,30.684704716627742,3.813842471068048
4,2,1000,[256],0.001,1000,427.1002395629883,431.70540974897636,608.9514226273943,230.6833714799334,474.9228569030762,479.52802708906427,904.6996526078631,132.4438161210467
4,2,1000,"[256, 256]",1e-05,1000,7.29387321472168,11.899043400709772,19.62317937177911,5.188707526152276,12.280448842048646,16.885619028036736,32.4088696793963,7.929157431547784
4,2,1000,"[256, 256]",0.0001,1000,369.98165435791014,374.5868245438982,630.5532903031756,154.74507802290216,370.28860836029054,374.8937785462786,777.6806706742693,25.267788823073055
4,2,1000,"[256, 256]",0.001,1000,98219.08671875,98223.69188893598,114274.49579518598,75827.70673268598,114381.60322265625,114386.20839284224,253058.933295186,10553.809271748489
4,2,2000,[32],1e-05,1000,0.11639621183276176,4.721566397820854,5.837136443083429,0.9363982037950986,-0.5493008937919512,4.055869292196141,6.793926413481378,1.2122346715380186
4,2,2000,[32],0.0001,1000,2.2351902961730956,6.840360482161188,13.112615521376275,4.717240031187677,2.730737400054932,7.335907586043024,17.611666615431453,3.6664459065844053
4,2,2000,[32],0.001,1000,162.5444091796875,167.1495793656756,271.8678960160662,81.6593007401873,254.05418548583984,258.65935567182794,451.6048344926287,127.59310811323418
4,2,2000,[64],1e-05,1000,-0.1260823428630829,4.479087843125009,6.7748941735674375,0.9935359315325254,-0.3048524230718613,4.30031776291623,9.079475338881158,-2.211733405167914
4,2,2000,[64],0.0001,1000,3.4255258321762083,8.0306960181643,17.696701939528133,3.821385081236505,9.631078457832336,14.236248643820428,21.744648869459773,4.428425009672784
4,2,2000,[64],0.001,1000,309.22109031677246,313.82626050276053,516.2519597367693,48.68041508955255,446.53743743896484,451.1426076249529,940.7604436234881,245.30318349165216
4,2,2000,[128],1e-05,1000,0.9124135255813599,5.5175837115694515,7.203340704863214,5.115083034460687,0.10217132568359374,4.707341511671686,5.578130419676446,2.0149356679369443
4,2,2000,[128],0.0001,1000,18.1410933971405,22.746263583128595,36.872294362013484,9.785849984114313,20.261029839515686,24.86620002550378,44.87692158979669,2.867290671293878
4,2,2000,[128],0.001,1000,626.8104118347168,631.4155820207048,874.2282780961443,131.38406270307794,751.2442687988281,755.8494389848162,1292.227972920363,319.2089604691912
4,2,2000,"[128, 128]",1e-05,1000,7.599753594398498,12.20492378038659,23.47883885664239,5.630214865629815,8.287784934043884,12.892955120031976,25.832344944899226,5.3800389127184385
4,2,2000,"[128, 128]",0.0001,1000,415.14575958251953,419.7509297685076,785.8012761430193,158.9067296342303,404.3148452758789,408.92001546186697,538.0438908891131,248.39644521040216
4,2,2000,"[128, 128]",0.001,1000,139587.9484375,139592.553607686,218212.698920186,71671.05829518598,201273.975,201278.580170186,354818.69892018597,85436.93329518598
4,2,2000,[256],1e-05,1000,1.0040445923805237,5.6092147783686155,6.717556174223565,5.187035377447748,1.5613058090209961,6.166475995009088,13.093782360975885,3.877556736891412
4,2,2000,[256],0.0001,1000,27.524115562438965,32.12928574842706,60.095602925245906,14.040096219008111,42.616196155548096,47.22136634153619,69.41696065229668,18.36393349928155
4,2,2000,[256],0.001,1000,1389.5135009765625,1394.1186711625505,2008.1443547563006,724.7244328813006,1746.3452880859375,1750.9504582719255,2811.4125432328633,592.4906682328631
4,2,2000,"[256, 256]",1e-05,1000,24.60309362411499,29.208263810103084,51.480639393751765,11.881507809584283,35.96473474502564,40.56990493101373,56.48437016767755,16.661617215101863
4,2,2000,"[256, 256]",0.0001,1000,1368.4977661132812,1373.1029362992692,1963.2820500688006,694.0377873734881,1751.250927734375,1755.856097920363,3144.3207463578633,525.4340276078631
4,2,2000,"[256, 256]",0.001,1000,583939.38125,583943.986420186,796894.980170186,282981.63642018597,702285.49375,702290.098920186,1013302.292670186,341621.32392018597
4,2.5,300,[32],1e-05,1000,0.2514278471469879,3.3215413044723823,5.231528557423051,0.8895395170482949,-0.3655688986182213,2.7045445587071733,4.172674692753251,-3.2144415010181113
4,2.5,300,[32],0.0001,1000,-0.44351581335067747,2.626597643974717,4.517105616215165,-1.9775621522632285,0.23259782940149307,3.3027112867268875,8.644521034840043,1.0249848734173135
4,2.5,300,[32],0.001,1000,4.295551395416259,7.365664852741654,14.49533585417598,3.62453941214412,7.85232264995575,10.922436107281143,18.88797501433223,2.6327946554455117
4,2.5,300,[64],1e-05,1000,0.40979333519935607,3.4799067925247504,6.4753046404156045,-1.8563115228381797,-0.4687593400478363,2.601354117277558,5.477080858829911,-0.8546492685046836
4,2.5,300,[64],0.0001,1000,-0.44339168071746826,2.6267217766079263,4.860275305393632,-2.5915553201404258,0.7091402418911457,3.7792536992165404,5.566539801243241,1.1881984840664224
4,2.5,300,[64],0.001,1000,10.334926199913024,13.405039657238419,19.848881996754105,4.699323214176591,15.923910999298096,18.994024456623492,27.182669914844926,12.625642098072465
4,2.5,300,[128],1e-05,1000,-0.5623529553413391,2.5077605019840554,4.041031159046586,-1.950607024547164,-1.2146393537521363,1.8554741035732583,4.141947306278642,-0.9397227395740195
4,2.5,300,[128],0.0001,1000,0.44698798656463623,3.5171014438900308,5.88924101698726,-0.9572474588123008,1.6309311136603355,4.70104457098573,6.983695067051347,3.0235080342325524
4,2.5,300,[128],0.001,1000,24.138029766082763,27.208143223408157,45.515082634571485,13.980710304859574,34.175747871398926,37.24586132872432,55.332858360889844,24.941735542896684
4,2.5,300,"[128, 128]",1e-05,1000,0.6391602128744125,3.7092736701998072,4.327140844944413,2.880974776628907,0.47348243892192843,3.543595896247323,4.137600458744462,2.5958676706585244
4,2.5,300,"[128, 128]",0.0001,1000,10.385879182815552,13.455992640140947,22.102944649341996,6.863273895862992,16.21340742111206,19.283520878437454,31.28337410796016,10.210882462147172
4,2.5,300,"[128, 128]",0.001,1000,608.0512481689453,611.1213616262708,926.3929894338879,426.24763420927854,772.1051849365234,775.1752983938488,1403.5504601370128,473.59785393584104
4,2.5,300,[256],1e-05,1000,-0.2376550018787384,2.8324584554466563,4.186675108555253,0.7749209772381143,-1.2660782217979432,1.8040352355274514,5.682650602940019,-1.588424407359664
4,2.5,300,[256],0.0001,1000,2.8664426445960998,5.936556101921495,8.800293244007523,3.6764513622555093,4.197246074676514,7.267359532001908,12.322530068043168,1.3356790910991982
4,2.5,300,[256],0.001,1000,47.27274303436279,50.34285649168818,72.75682762968867,30.887727059009965,56.47888450622558,59.548997963550974,133.53204277861445,18.702702797535355
4,2.5,300,"[256, 256]",1e-05,1000,2.1328981280326844,5.2030115853580785,9.526007927540238,2.2468285928997354,3.021534299850464,6.091647757175858,11.777718819263871,2.989480532291825
4,2.5,300,"[256, 256]",0.0001,1000,38.3912974357605,41.4614108930859,66.0479729543957,16.483103073719438,53.24863097667694,56.31874443400234,89.2048561941418,2.369806326511796
4,2.5,300,"[256, 256]",0.001,1000,2656.056433105469,2659.1265465627944,4711.1780236135755,1677.7477257620128,2912.203204345703,2915.2733178030285,5736.4133751760755,708.3644860159192
4,2.5,1000,[32],1e-05,1000,-0.313131146132946,2.7569823111924485,5.822598017338212,-2.6463944543567344,0.4444060385227203,3.514519495848115,4.52176956045955,1.5101344953808145
4,2.5,1000,[32],0.0001,1000,1.8176363050937652,4.88774976241916,8.15506485808223,3.4641232262882546,3.0225585103034973,6.092671967628892,10.808363236072953,3.6879078518184976
4,2.5,1000,[32],0.001,1000,39.76411256790161,42.83422602522701,73.10983971464961,11.126047409656938,57.34115428924561,60.411267746571,124.60738304961055,29.624413765552934
4,2.5,1000,[64],1e-05,1000,0.09853999465703964,3.168653451982434,5.153185166004594,-0.8338374723163291,-0.1827344685792923,2.8873789887461023,4.850341356876786,0.8212681185039834
4,2.5,1000,[64],0.0001,1000,2.652564859390259,5.722678316715653,10.432370937946732,3.0160978208813027,3.5138580322265627,6.583971489551957,17.16496304381221,3.7648480306896523
4,2.5,1000,[64],0.001,1000,114.17828178405762,117.24839524138301,164.44065789091914,46.407450951221875,101.85616950988769,104.92628296721308,171.48892144072383,39.25197914946406
4,2.5,1000,[128],1e-05,1000,0.19026933759450912,3.2603827949199036,6.939036167744096,1.3665242563518838,0.08814907558262348,3.158262532908018,6.212691820743974,-1.4824463952747031
4,2.5,1000,[128],0.0001,1000,9.090010070800782,12.160123528126176,21.930938042286332,3.9103632341656045,8.138707661628723,11.208821118954118,19.581746376636918,6.201728857639726
4,2.5,1000,[128],0.001,1000,242.78257522583007,245.85268868315546,350.00874260771604,119.39495018828242,220.15996246337892,223.2300759207043,402.21858147490354,82.54073265898555
4,2.5,1000,"[128, 128]",1e-05,1000,3.1428824424743653,6.212995899799759,10.16972950804561,3.920115984562333,5.575314474105835,8.645427931431229,20.094121254566605,2.354524410847123
4,2.5,1000,"[128, 128]",0.0001,1000,104.58742771148681,107.6575411688122,152.98699883330195,34.189446724537305,115.43385543823243,118.50396889555782,184.02984551298945,59.58767250883906
4,2.5,1000,"[128, 128]",0.001,1000,22460.1537109375,22463.223824394823,32832.159957207325,12777.321090019825,28636.497265625,28639.567379082324,56967.972457207325,12305.332808769825
4,2.5,1000,[256],1e-05,1000,0.38368608951568606,3.4537995468410805,6.247232235554154,0.6251688371929482,0.6653374969959259,3.7354509543213203,5.727242506626542,0.9672229658397988
4,2.5,1000,[256],0.0001,1000,16.385143089294434,19.45525654661983,30.644337929371293,11.974622048023637,23.812343502044676,26.88245695937007,34.99813965666621,17.768320358875688
4,2.5,1000,[256],0.001,1000,420.1841102600098,423.2542237173352,586.9522545706067,70.8944313894543,492.356307220459,495.4264206777844,985.4263756643567,93.16036156523555
4,2.5,1000,"[256, 256]",1e-05,1000,11.93078842163086,15.000901878956254,22.97039345610469,9.889627731922563,22.70657596588135,25.776689423206744,38.79289177763789,15.709449089649613
4,2.5,1000,"[256, 256]",0.0001,1000,398.48795928955076,401.5580727468762,654.4803917776379,205.20840386259883,419.75504264831545,422.8251561056409,628.8737633596692,-57.32083579194219
4,2.5,1000,"[256, 256]",0.001,1000,97229.7015625,97232.77167595734,153561.53886345733,66038.04667595733,109606.452734375,109609.52284783233,179350.02323845733,32985.144332207325
4,2.5,2000,[32],1e-05,1000,0.46022680401802063,3.530340261343415,5.155620134952958,2.118022717121537,0.050118637084960935,3.1202320944103556,6.022564924839433,0.5385859380993203
4,2.5,2000,[32],0.0001,1000,4.017010688781738,7.087124146107133,11.318836487415727,3.217169798496659,4.467998027801514,7.538111485126908,14.037881172779496,3.1130371462139443
4,2.5,2000,[32],0.001,1000,167.463521194458,170.5336346517834,309.2014305959973,50.40705422270625,182.47107162475587,185.54118508208126,325.7328026663098,84.87728051054805
4,2.5,2000,[64],1e-05,1000,-0.4394806832075119,2.6306327741178825,6.289320505741532,-3.8809945214954062,1.6299106180667877,4.700024075392182,7.3389075170788125,3.025685347202714
4,2.5,2000,[64],0.0001,1000,6.38027982711792,9.450393284443315,23.043175972584184,4.157645977619584,15.327632808685303,18.3977462660107,33.6979973684582,7.922762192371781
4,2.5,2000,[64],0.001,1000,382.9427734375,386.01288689482544,586.9680626760754,251.72657708037227,386.5443225860596,389.614436043385,879.0016930471692,-41.44534751069219
4,2.5,2000,[128],1e-05,1000,0.4719904065132141,3.5421038638386086,6.733078278187211,-0.7503409017291709,0.772686941921711,3.8428003992471056,7.958398617390092,-2.0139901269641562
4,2.5,2000,[128],0.0001,1000,20.703837871551514,23.773951328876908,31.8888161550793,14.781782425526078,22.892877864837647,25.96299132216304,51.345614708546094,12.703363693836625
4,2.5,2000,[128],0.001,1000,855.7479614257812,858.8180748831066,1026.7246544729503,597.0142052542004,937.3096008300781,940.3797142874035,1786.6969445120128,560.3596032034192
4,2.5,2000,"[128, 128]",1e-05,1000,7.7621677160263065,10.832281173351701,18.287175453785355,4.15573099959224,13.44884901046753,16.518962467792925,27.401072777393754,7.529943741444047
4,2.5,2000,"[128, 128]",0.0001,1000,402.941911315918,406.0120247732434,664.5096276174817,172.67221001494258,440.60608367919923,443.67619713652465,925.1472008596692,178.75802544463008
4,2.5,2000,"[128, 128]",0.001,1000,122404.0046875,122407.07480095733,153620.47636345733,75796.97636345733,198229.930859375,198233.00097283232,303517.19511345733,45674.081832207325
4,2.5,2000,[256],1e-05,1000,2.016569060087204,5.086682517412599,7.509415901783402,3.465570188644822,3.308313488960266,6.378426946285661,9.433410919788773,4.0769915949138955
4,2.5,2000,[256],0.0001,1000,42.47223339080811,45.542346848133505,68.10139397490352,27.80944184172481,47.130617713928224,50.20073117125362,95.93467644560664,26.429223335865434
4,2.5,2000,[256],0.001,1000,1673.7959411621093,1676.8660546194346,2302.6062462698255,914.0823815237317,1666.3924072265625,1669.4625206838878,3301.6418908010755,694.9484703909192
4,2.5,2000,"[256, 256]",1e-05,1000,38.04681816101074,41.11693161833614,56.011813439014844,25.270398415211137,39.617274570465085,42.687388027790476,79.50493553984492,9.645090378406938
4,2.5,2000,"[256, 256]",0.0001,1000,1385.5742309570312,1388.6443444143565,2117.4246056448255,557.9855797659192,1724.1102478027344,1727.1803612600597,2631.1272423635755,700.0275719534192
4,2.5,2000,"[256, 256]",0.001,1000,680184.1125,680187.1826134573,1067259.8201134573,434765.19511345733,583361.853125,583364.9232384573,1107285.8201134573,-80501.91426154267
4,3,300,[32],1e-05,1000,-0.31610663831233976,1.986478454681706,5.302465883704495,-2.979880364922214,0.3661841988563538,2.6687692918503996,5.06741282126553,-0.8470731101309541
4,3,300,[32],0.0001,1000,1.2711640894412994,3.5737491824353453,7.551537004920315,2.000376132937741,0.25617042779922483,2.558755520793271,6.610187021704983,-0.8428280673300508
4,3,300,[32],0.001,1000,5.097318530082703,7.3999036230767485,12.268056360694242,2.3259706177438018,10.428303289413453,12.7308883824075,22.252418009253812,5.762631145926785
4,3,300,[64],1e-05,1000,-1.3671569287776948,0.9354281642163511,5.684246746512723,-3.179310353783298,0.1873039960861206,2.4898890890801666,4.7593688645089385,-1.6463978610312227
4,3,300,[64],0.0001,1000,0.6080162599682808,2.9106013529623267,4.74594327590115,1.6929182090485808,0.1890031635761261,2.491588256570172,3.7494644798959014,0.4638665594781157
4,3,300,[64],0.001,1000,13.012457942962646,15.315043035956691,29.995128122779203,6.680559126349759,15.547274422645568,17.849859515639615,43.582629648658106,2.7409197964394805
4,3,300,[128],1e-05,1000,-0.9705250680446624,1.3320600249493835,5.1485571541512725,-2.9149923644339326,-0.8291994221508503,1.4733856708431956,3.86300346037991,-2.426984342125583
4,3,300,[128],0.0001,1000,1.8898164480924606,4.1924015410865065,9.13880583426602,2.1638300993169066,3.443728470802307,5.7463135637963525,12.967369524451566,2.9252736248696563
4,3,300,[128],0.001,1000,28.578759479522706,30.881344572516753,55.61777063986904,10.000658480140043,33.29914588928223,35.60173098227627,69.16865870139249,11.416312662574125
4,3,300,"[128, 128]",1e-05,1000,0.8515232920646667,3.154108385058713,5.039674488517117,0.16224309584743946,1.0062198325991631,3.308804925593209,6.9381503739083525,1.754975763770413
4,3,300,"[128, 128]",0.0001,1000,10.679796504974366,12.982381597968413,19.298276392432523,6.94731947562344,13.654685926437377,15.957271019431424,24.514552561255766,5.138796774360013
4,3,300,"[128, 128]",0.001,1000,653.5611083984375,655.8636934914315,1231.0517306008066,342.4801668801034,837.1933807373047,839.4959658302987,1544.7555880226816,422.9621004738534
4,3,300,[256],1e-05,1000,0.46258437633514404,2.76516946932919,3.918493715735745,-0.5481310210501436,-0.5769117295742034,1.7256733634198425,4.629320351096463,-2.4719376883780244
4,3,300,[256],0.0001,1000,3.1888243556022644,5.49140944859631,8.85271021506436,2.8796903767312285,3.6505943536758423,5.953179446669888,11.777505365821195,2.8999910034859893
4,3,300,[256],0.001,1000,50.273691177368164,52.57627627036221,66.9321627297128,38.25125071189053,73.99435920715332,76.29694430014737,114.89105555197843,28.279853311988187
4,3,300,"[256, 256]",1e-05,1000,2.445139169692993,4.747724262687039,7.444686380835843,2.949077693435025,5.244102275371551,7.546687368365597,12.665846315833402,3.6862108387673613
4,3,300,"[256, 256]",0.0001,1000,43.552738952636716,45.85532404563076,77.53979822775968,16.15805002829678,47.72066535949707,50.02325045249111,84.14850184104093,12.83748575827725
4,3,300,"[256, 256]",0.001,1000,2909.265588378906,2911.5681734719,3937.013766733619,1945.5697970070566,2516.158041381836,2518.46062647483,5417.327975717994,169.6637606301034
4,3,1000,[32],1e-05,1000,0.4311596632003784,2.733744756194424,4.883757320853543,1.3168916382516143,-0.702387735247612,1.600197357746434,3.8271598496163604,-1.2881896815573457
4,3,1000,[32],0.0001,1000,1.9416056752204895,4.244190768214535,6.0876793541634795,3.009009090873074,1.5483859300613403,3.8509710230553864,5.79329868933804,2.7669759669030425
4,3,1000,[32],0.001,1000,46.793676948547365,49.09626204154141,92.66994806906827,24.815984217139555,49.14636116027832,51.44894625327236,127.39232203147061,13.494758097144437
4,3,1000,[64],1e-05,1000,0.6702027082443237,2.9727878012383697,5.979519335242581,-0.1730928740774873,-0.6336600184440613,1.6689250745499846,3.9788016953194854,-2.4677310309683564
4,3,1000,[64],0.0001,1000,1.926368534564972,4.228953627559018,7.274371592017483,2.8948855080331084,5.71124677658081,8.013831869574856,14.240809885474516,2.8598074593270537
4,3,1000,[64],0.001,1000,96.43830642700195,98.740891519996,204.23120447775966,33.786445108863184,143.21274757385254,145.51533266684658,226.11157557150966,55.146430460425684
4,3,1000,[128],1e-05,1000,-0.9136700421571732,1.3889150508368728,4.444481817694974,-3.9866714797293428,1.5795623898506164,3.8821474828446623,9.262156931372953,1.6154781260216948
4,3,1000,[128],0.0001,1000,6.23848066329956,8.541065756293605,18.173742739173246,4.292966810675931,12.472511386871338,14.775096479865383,24.23457285544522,5.581961599799466
4,3,1000,[128],0.001,1000,225.33047485351562,227.63305994650966,298.43005701682216,153.7191500344003,268.95549926757815,271.2580843605722,416.2196688332284,148.1591219582284
4,3,1000,"[128, 128]",1e-05,1000,3.318454957008362,5.621040050002408,10.551043001624418,3.33801361701138,5.2037025690078735,7.506287662001919,12.740075556250883,1.311498848410916
4,3,1000,"[128, 128]",0.0001,1000,105.9115535736084,108.21413866660245,186.3061403908456,50.530906168433496,95.92075266838074,98.2233377613748,168.5714754738534,3.8846501984322783
4,3,1000,"[128, 128]",0.001,1000,21568.6525390625,21570.955124155495,30689.099460092995,14877.365085092993,28785.1734375,28787.476022592997,46497.02524134299,10420.230319467993
4,3,1000,[256],1e-05,1000,2.866781455278397,5.169366548272443,8.196135965796781,2.392823962184262,1.5111364126205444,3.8137215056145903,9.305365053626371,-0.9687929473196748
4,3,1000,[256],0.0001,1000,18.680458974838256,20.983044067832303,44.46874567649014,8.46283051154263,23.910842370986938,26.213427463980985,42.200122324439356,9.043982473822904
4,3,1000,[256],0.001,1000,400.5051605224609,402.80774561545496,577.7128634133065,237.6245760597909,463.17725524902346,465.4798403420175,837.8488497414315,97.92572352072843
4,3,1000,"[256, 256]",1e-05,1000,13.115842056274413,15.41842714926846,29.381833521338773,10.946922747107816,18.83694705963135,21.139532152625396,27.29016253134854,16.471976725074125
4,3,1000,"[256, 256]",0.0001,1000,318.9085513591766,321.21113645217065,828.9233126320565,8.65735527655728,609.5554599761963,611.8580450691903,1197.7424044289316,12.001166788550687
4,3,1000,"[256, 256]",0.001,1000,86862.11015625,86864.412741343,119804.115085093,57061.14242884299,80501.3671875,80503.669772593,167794.03696009298,19980.667819467995
4,3,2000,[32],1e-05,1000,0.4932486042380333,2.795833697232079,4.94202276847012,1.7154663481438872,-0.5298184871673584,1.7727666058266875,5.539754835578274,-2.074174912956882
4,3,2000,[32],0.0001,1000,3.850269091129303,6.152854184123349,10.366027323218656,2.791036097022366,6.1928586721420285,8.495443765136073,19.013690439673734,4.894294706794095
4,3,2000,[32],0.001,1000,157.20091247558594,159.50349756857997,247.4944491066659,72.07619043967374,170.8819152832031,173.18450037619715,323.8870272316659,110.78143641135343
4,3,2000,[64],1e-05,1000,0.5881754249334336,2.8907605179274793,5.00135156294949,1.5815330424035308,1.4791399717330933,3.781725064727139,7.591451136084866,1.410821882697415
4,3,2000,[64],0.0001,1000,9.184468150138855,11.487053243132902,17.98912378928311,5.545730082007718,9.43152141571045,11.734106508704496,18.872746912452055,2.3731755890572783
4,3,2000,[64],0.001,1000,342.54762268066406,344.8502077736581,469.90161463400966,192.7233309426034,327.5041564941406,329.80674158713464,507.4794344582284,110.13934656760343
4,3,2000,[128],1e-05,1000,0.8166115760803223,3.119196669074368,5.00128790518887,1.964982358428311,1.3269147023558616,3.6294997953499077,8.026487318488432,-0.7515526137625459
4,3,2000,[128],0.0001,1000,21.375938606262206,23.678523699256253,31.458659616919828,14.240289179297758,23.670253467559814,25.97283856055386,46.16591974875576,8.869132009955717
4,3,2000,[128],0.001,1000,700.532827758789,702.8354128517831,998.179782358619,342.8738436379159,897.8378601074219,900.1404452004159,1489.8752169289316,136.1730379738534
4,3,2000,"[128, 128]",1e-05,1000,10.998501825332642,13.301086918326689,23.53671785971768,7.594952551337552,17.594971036911012,19.89755612990506,34.85982844016201,6.234343496772122
4,3,2000,"[128, 128]",0.0001,1000,396.18480529785154,398.4873903908456,606.203463999244,232.0359530129159,549.8776672363281,552.1802523293221,951.8837618508065,254.2687410988534
4,3,2000,"[128, 128]",0.001,1000,157533.8373046875,157536.1398897805,290487.177585093,27429.214694467995,154645.2890625,154647.59164759298,283007.177585093,84556.169772593
4,3,2000,[256],1e-05,1000,3.3676809072494507,5.670266000243497,9.540136782141996,3.072044102164578,2.907975745201111,5.210560838195157,12.62032267233975,1.2676877655709502
4,3,2000,[256],0.0001,1000,41.49453277587891,43.79711786887295,74.65004297873624,28.915526834937406,47.456542587280275,49.75912768027432,99.08179041525968,18.031989542456937
4,3,2000,[256],0.001,1000,1490.6869812011719,1492.989566294166,1991.3205294289316,639.3962130226815,1408.35464553833,1410.6572306313242,2529.436130014869,24.020209757300687
4,3,2000,"[256, 256]",1e-05,1000,29.775762367248536,32.07834746024258,41.44219919821865,24.96818873068936,29.98624186515808,32.28882695815213,58.245429483863184,-0.5143366179739717
4,3,2000,"[256, 256]",0.0001,1000,1374.5615234375,1376.8641085304941,2449.599215952369,544.4977755226815,1802.4341064453124,1804.7366915383066,2596.129977671119,862.7341036476815
4,3,2000,"[256, 256]",0.001,1000,611498.075,611500.3775850929,745821.052585093,333531.240085093,657347.3875,657349.6900850929,970897.115085093,273021.365085093
4,3.5,300,[32],1e-05,1000,-0.6564470291137695,1.1856210452814673,3.096990941216526,-2.743535639594021,0.8038478524424135,2.64591592683765,6.794025777031956,-1.3749476688603786
4,3.5,300,[32],0.0001,1000,0.6647852599620819,2.5068533343573187,4.741737244774876,0.600098608185825,0.15271140225231647,1.994779476647553,4.854602215935764,-0.24407160455984145
4,3.5,300,[32],0.001,1000,3.9229440808296205,5.765012155224857,11.089282391717013,2.281374214341221,7.713202428817749,9.555270503212986,15.017612813164767,4.6192229968805885
4,3.5,300,[64],1e-05,1000,-0.7281133100390434,1.1139547643561931,3.9439681751032447,-5.145800234625759,0.24015768766403198,2.082225762059269,5.129873154809055,-0.3657199161748317
4,3.5,300,[64],0.0001,1000,1.5084087908267976,3.350476865222034,5.816615937401829,0.1367665511866185,0.4348418712615967,2.2769099456568336,6.534298299004612,-1.8999019878606227
4,3.5,300,[64],0.001,1000,12.573330402374268,14.415398476769504,24.51609647100168,9.911237118889865,14.150612044334412,15.992680118729648,41.065361378838595,1.5452581626673314
4,3.5,300,[128],1e-05,1000,0.8599716126918793,2.702039687087116,8.48395764653879,-1.8657175319890407,-0.40370045602321625,1.4383676183720204,2.5938427430887794,-0.7386263626317409
4,3.5,300,[128],0.0001,1000,2.19568732380867,4.037755398203907,7.0681365710993385,0.26626491372781724,0.9206284441053867,2.7626965185006234,5.275175927331028,1.6825084668894383
4,3.5,300,[128],0.001,1000,22.032472991943358,23.874541066338594,38.239120839287814,11.913757680108127,40.79945650100708,42.641524575402315,77.50844991033274,17.318593381096896
4,3.5,300,"[128, 128]",1e-05,1000,1.3840225033462048,3.2260905777414415,5.531368134667454,0.673064826180515,1.9138149559497832,3.7558830303450197,8.658941624810275,1.397707639386234
4,3.5,300,"[128, 128]",0.0001,1000,15.706796026229858,17.548864100625096,29.71356427495676,7.713887093712864,16.550407123565673,18.39247519796091,35.2109798175593,8.60701787297922
4,3.5,300,"[128, 128]",0.001,1000,739.7900695800781,741.6321376544734,1569.0339626056452,308.13528096502023,865.745068359375,867.5871364337702,1605.6262477618952,416.57204854314523
4,3.5,300,[256],1e-05,1000,0.23990928810089826,2.081977362496135,4.122838853051243,-1.325977446387234,0.2360015720129013,2.078069646408138,5.880452035119114,-2.934251906226101
4,3.5,300,[256],0.0001,1000,3.705925440788269,5.547993515183506,10.529514668633517,3.6888989192743873,4.543150115013122,6.385218189408359,10.646679280449924,2.895638583352146
4,3.5,300,[256],0.001,1000,51.55166358947754,53.39373166387278,75.85593831365306,30.092445729424533,57.724164962768555,59.56623303716379,105.54352986638743,7.719185231377659
4,3.5,300,"[256, 256]",1e-05,1000,3.0198792457580566,4.861947320153293,8.851923344780978,2.2604705077906226,3.977877902984619,5.819945977379856,10.636732457329806,1.6048525554438207
4,3.5,300,"[256, 256]",0.0001,1000,38.636200714111325,40.47826878850656,55.714741109063205,18.866184590508517,49.25302085876465,51.095088933159886,95.38859975164134,19.235756276299533
4,3.5,300,"[256, 256]",0.001,1000,2457.9578857421875,2459.7999538165827,3561.5542262775202,1179.2932399493952,3009.6923110961916,3011.534379170587,4990.812771199396,-100.0016666668157
4,3.5,1000,[32],1e-05,1000,-0.2891660869121552,1.5529019874830814,4.708070872475681,-5.574286104987087,-0.17926232218742372,1.662805752207813,3.9664095622797584,-0.1690961139897731
4,3.5,1000,[32],0.0001,1000,1.435297030210495,3.2773651046057317,7.746238587548313,0.6657073480387303,4.843600928783417,6.685669003178654,10.476491330315646,2.1208211166163062
4,3.5,1000,[32],0.001,1000,48.23428115844727,50.0763492328425,83.1663249713679,25.323128102471408,67.86260948181152,69.70467755620676,119.1786311847468,30.334938405205783
4,3.5,1000,[64],1e-05,1000,-0.5600774675607681,1.2819906068344684,4.4654592258234596,-3.6287275570134545,0.06594129800796508,1.9080093724032017,3.7791249734659766,-1.0146743076543239
4,3.5,1000,[64],0.0001,1000,3.309322988986969,5.1513910633822055,9.91052186315256,2.568719504525242,4.227330994606018,6.069399069001255,15.789371846367892,3.28477382486063
4,3.5,1000,[64],0.001,1000,101.9411808013916,103.78324887578684,157.31635701482492,26.739570973565158,136.6110580444336,138.45312611882883,189.68479573552804,79.57444417302806
4,3.5,1000,[128],1e-05,1000,-0.2317081421613693,1.6103599322338673,3.4762895089884376,-1.8022071140508082,1.5044735103845597,3.3465415847797964,5.723563073327122,1.1714581233759496
4,3.5,1000,[128],0.0001,1000,7.478234219551086,9.320302293946323,14.6393827182551,4.3411539775629615,11.145156955718994,12.98722503011423,21.603588460137424,1.9357534629603002
4,3.5,1000,[128],0.001,1000,196.63058013916014,198.47264821355537,277.15932881658273,106.19483601873118,293.2250408172607,295.06710889165595,448.23635518377023,34.69962346379953
4,3.5,1000,"[128, 128]",1e-05,1000,5.229189348220825,7.071257422616062,12.857669232537326,2.4581674320002174,5.8636760950088505,7.705744169404087,13.711295483758029,1.804483054329929
4,3.5,1000,"[128, 128]",0.0001,1000,98.81749153137207,100.65955960576731,146.07784688298898,38.183220265557345,100.96332054138183,102.80538861577708,140.60178792302804,16.687050221612033
4,3.5,1000,"[128, 128]",0.001,1000,26784.86474609375,26786.706814168145,45713.631130574395,15496.237575886895,29149.07626953125,29150.918337605646,45864.064724324395,1209.3625758868952
4,3.5,1000,[256],1e-05,1000,1.1213636994361877,2.9634317738314246,4.871245263268528,0.5307859164972875,1.045504702627659,2.8875727770228954,5.376637337853489,1.9027589095135304
4,3.5,1000,[256],0.0001,1000,18.46114511489868,20.303213189293917,31.37384259526926,10.979133961846408,20.6525785446167,22.494646619011935,32.619255421807345,14.44672620122629
4,3.5,1000,[256],0.001,1000,416.3402923583984,418.18236043279364,743.2763942462702,154.9548763019343,528.2380310058594,530.0800990802546,953.0776637775202,281.73684346502023
4,3.5,1000,"[256, 256]",1e-05,1000,12.262641429901123,14.104709504296359,19.12985837285715,8.457291958977756,18.397604942321777,20.239673016717013,27.38374364202219,13.11854588811594
4,3.5,1000,"[256, 256]",0.0001,1000,383.2801742553711,385.1222423297663,521.7851833087702,136.97993123357492,442.73694000244143,444.57900807683666,739.0178493243952,237.6018489581843
4,3.5,1000,"[256, 256]",0.001,1000,80299.9373046875,80301.7793727619,126733.7639430744,29909.488552449395,101567.6029296875,101569.44499776191,170449.3733180744,23775.629177449395
4,3.5,2000,[32],1e-05,1000,-0.4801229119300842,1.3619451624651524,3.9948691112299537,-3.885553004095974,-0.7829728096723556,1.059095264722881,3.629255412270603,-1.8263610618810084
4,3.5,2000,[32],0.0001,1000,4.705356788635254,6.547424863030491,16.185234425713595,2.1928874236841773,3.818905544281006,5.660973618676243,14.580521939446506,2.744465945412693
4,3.5,2000,[32],0.001,1000,170.46792602539062,172.30999409978585,290.046596882989,98.02883565252024,174.1256283044815,175.96769637887672,342.87539326970773,0.36124479596811265
4,3.5,2000,[64],1e-05,1000,0.8924140334129333,2.7344821078081702,4.668834088494358,-0.4248310344914821,0.29333892911672593,2.1354070035119626,4.913634417702732,-0.562263371298733
4,3.5,2000,[64],0.0001,1000,9.354302453994752,11.196370528389988,22.140854237725314,6.685611127068577,9.677591562271118,11.519659636666354,22.017387746026095,2.672470687081394
4,3.5,2000,[64],0.001,1000,373.0121597290039,374.8542278033991,571.6165431720515,245.6178401691218,322.8267391204834,324.66880719487864,607.9531520587702,50.99955022161203
4,3.5,2000,[128],1e-05,1000,1.0093397513031959,2.8514078256984323,4.240615723778782,1.6266744715471837,0.948570853471756,2.7906389278669925,8.224891064812716,-1.7059830444554713
4,3.5,2000,[128],0.0001,1000,16.832158088684082,18.674226163079318,27.236708043267306,6.431560872246799,19.02752001285553,20.869588087250765,45.05654179876047,4.578362105538425
4,3.5,2000,[128],0.001,1000,702.3075332641602,704.1496013385554,1068.9520534259577,-78.4707828777532,785.1127456665039,786.9548137408991,1264.2488063556452,94.0471614581843
4,3.5,2000,"[128, 128]",1e-05,1000,8.66322193145752,10.505290005852755,19.39374768560129,6.584624169518528,11.598543071746827,13.440611146142063,26.10927617376047,-0.43444001848501235
4,3.5,2000,"[128, 128]",0.0001,1000,326.84723167419435,328.6892997485896,559.1911891681452,7.184059498955784,340.1600154876709,342.0020835620661,603.4162868243952,53.70438420598703
4,3.5,2000,"[128, 128]",0.001,1000,121725.2279296875,121727.06999776191,179935.0295680744,19917.910427449395,168730.65234375,168732.4944118244,232820.3108180744,109166.5061305744
4,3.5,2000,[256],1e-05,1000,3.3843732833862306,5.226441357781467,6.939003346612034,2.2274842244883155,3.024884617328644,4.86695269172388,8.440175412346896,2.6600974780817603
4,3.5,2000,[256],0.0001,1000,40.55630989074707,42.39837796514231,57.91041219060617,24.02858769719797,46.08726921081543,47.929337285210664,99.75645863836009,8.497230885674533
4,3.5,2000,[256],0.001,1000,1306.0014282226562,1307.8434962970514,1828.3121608478327,824.2514919025202,1661.394972229004,1663.2370403033992,2982.6125758868952,153.2815364581843
4,3.5,2000,"[256, 256]",1e-05,1000,34.72893733978272,36.571005414177954,48.777553914238986,28.004812596489963,25.944509315490723,27.78657738988596,54.91971623723703,18.558327077080783
4,3.5,2000,"[256, 256]",0.0001,1000,1383.7677978515626,1385.6098659259578,2342.9541286212702,617.3269313556452,1946.273486328125,1948.1155544025203,3828.8557399493952,685.9983180743952
4,3.5,2000,"[256, 256]",0.001,1000,597834.83515625,597836.6772243244,1021975.4670680744,115408.8811305744,857216.525,857218.3670680744,1330480.3420680745,526117.8420680744
4,4,300,[32],1e-05,1000,-1.4155106604099275,0.11954606825276981,3.378267783464638,-5.856724601445945,0.06693742275238038,1.6019941514150777,7.457255977930275,-2.2247313076837383
4,4,300,[32],0.0001,1000,0.14707377105951308,1.6821304997222104,3.8863381331579365,-2.2976776177270732,1.3376242399215699,2.872680968584267,7.839278358759133,-0.07221494263246875
4,4,300,[32],0.001,1000,4.987953233718872,6.523009962381569,12.40489735061094,2.8235541766302266,7.0778705954551695,8.612927324117866,15.570748943628518,1.1761572545187153
4,4,300,[64],1e-05,1000,-0.8234613537788391,0.7115953748838582,4.5734178012029805,-5.4846757466180645,0.09769889116287231,1.6327556198255695,3.352040190042702,-0.7766650730951152
4,4,300,[64],0.0001,1000,0.2619912922382355,1.7970480209009327,4.229002851785866,-0.9585045391900859,0.48960996940732004,2.024666698070017,5.232102531732766,-1.0546930844171367
4,4,300,[64],0.001,1000,11.28347463607788,12.818531364740577,20.062020916284766,7.692363399805275,19.51571593284607,21.050772661508766,34.02865948134824,4.1545735781805195
4,4,300,[128],1e-05,1000,-1.167790881358087,0.3672658473046102,4.868770736993996,-2.3312495762689434,-0.6404823303222656,0.8945743983404316,5.3877395575658955,-3.1785071904046855
4,4,300,[128],0.0001,1000,0.9977464973926544,2.5328032260553517,3.872204441370217,0.9254155343191304,2.955823743343353,4.490880472006051,7.7343651240484395,2.3338003342764058
4,4,300,[128],0.001,1000,28.587988090515136,30.123044819177835,39.21231045180723,18.17135776931211,35.327071237564084,36.86212796622678,64.89860882216855,6.5878926699773945
4,4,300,"[128, 128]",1e-05,1000,1.6808063685894012,3.2158630972520985,6.3035298770086445,0.6472625916616597,2.0499236464500425,3.58498037511274,7.23597587996885,0.4612702315466084
4,4,300,"[128, 128]",0.0001,1000,11.975394582748413,13.51045131141111,21.48823131972715,6.073665756525246,18.51805387735367,20.053110606016368,36.2902943080084,1.6421454136984028
4,4,300,"[128, 128]",0.001,1000,545.0849426269531,546.6199993556157,825.4859844630377,274.6307598536627,812.769384765625,814.3044414942876,1679.7126690333503,387.3015362208502
4,4,300,[256],1e-05,1000,0.4106876730918884,1.9457444017545857,8.714878219904152,-1.9109109455926738,1.5959046572446822,3.1309613859073795,7.958806175531594,0.7312696164266743
4,4,300,[256],0.0001,1000,4.745070850849151,6.2801275795118485,12.920906681360451,1.968446749986855,5.535348188877106,7.070404917539803,13.842836040796486,2.015637773813454
4,4,300,[256],0.001,1000,55.419377136230466,56.95443386489316,87.86426510268613,18.50549091750547,71.18409748077393,72.71915420943662,120.50814785415098,18.47012485915586
4,4,300,"[256, 256]",1e-05,1000,2.3912906110286714,3.9263473396913686,6.655447143854348,2.008142906965462,3.8754380345344543,5.410494763197152,10.64456619674131,2.291091579736916
4,4,300,"[256, 256]",0.0001,1000,39.91472148895264,41.44977821761533,68.07613338881895,22.229909557642188,49.00090379714966,50.53596052581236,92.8939205592291,14.676394123377053
4,4,300,"[256, 256]",0.001,1000,2344.3488037109373,2345.8838604396,4005.8478008692878,1178.0256573146003,2529.049072265625,2530.5841289942878,5317.493552822412,964.6350323146002
4,4,1000,[32],1e-05,1000,0.024982810020446777,1.560039538683144,3.1944818680898823,-1.6116753632409893,1.9053310737013818,3.440387802364079,5.462737459482399,1.462598982991425
4,4,1000,[32],0.0001,1000,1.6370054543018342,3.1720621829645315,6.932304043115822,-1.5159770066125713,2.650881165266037,4.185937893928735,10.192667621912209,1.8449340050832905
4,4,1000,[32],0.001,1000,49.5964241027832,51.1314808314459,93.06877102309629,26.53456463271543,58.12312645912171,59.6581831877844,124.8941646998541,5.4772969668523945
4,4,1000,[64],1e-05,1000,0.08847341500222683,1.623530143664924,3.0133401339666523,-0.7484725529535137,0.08308750241994858,1.618144231082646,4.160477299036232,-1.8262499386651836
4,4,1000,[64],0.0001,1000,4.197954368591309,5.733011097254006,11.823041576685158,2.265245098413674,4.875950372219085,6.411007100881783,14.404664654077736,2.7879237120763936
4,4,1000,[64],0.001,1000,90.00409965515136,91.53915638381406,162.4145733302252,38.639079708399024,106.95560083389282,108.49065756255551,201.20316280776427,14.951571125330178
4,4,1000,[128],1e-05,1000,0.11141936182975769,1.646476090492455,4.532119888605324,-1.3765564972741924,0.3397342935204506,1.8747910221831479,3.0079024022237935,0.5665991490499653
4,4,1000,[128],0.0001,1000,8.937253952026367,10.472310680689064,18.83546223098203,6.385469097437111,12.462153482437134,13.997210211099832,23.32979168349668,4.418493408502785
4,4,1000,[128],0.001,1000,227.03323974609376,228.56829647475647,334.52986874038146,132.38175167495177,251.4731758117676,253.0082325404303,523.0305401271002,115.66274990493223
4,4,1000,"[128, 128]",1e-05,1000,3.8799081802368165,5.414964908899513,9.511879581751076,2.379671353639809,8.103787231445313,9.63884396010801,15.849106449426857,3.831642288507668
4,4,1000,"[128, 128]",0.0001,1000,99.36780395507813,100.90286068374083,139.15549435073302,39.39880718642637,171.43120918273925,172.96626591140196,233.43210567885802,57.94369854384824
4,4,1000,"[128, 128]",0.001,1000,19383.7525390625,19385.287595791164,34821.527244228666,8835.722556728662,25383.93515625,25385.470212978664,48794.902244228666,11641.058494228662
4,4,1000,[256],1e-05,1000,2.04776417016983,3.5828208988325274,7.313320774378029,-0.9890726620538555,1.945387727022171,3.4804444556848684,5.482474703134743,1.7454450910703816
4,4,1000,[256],0.0001,1000,17.081477069854735,18.61653379851743,27.532045025171485,8.280523914636818,24.143189191818237,25.678245920480933,39.16591228896543,7.768266815485207
4,4,1000,[256],0.001,1000,423.1395568847656,424.67461361342833,518.7004620021002,295.8447491114752,459.3985122680664,460.9335689967291,910.9211651271002,185.65457882338927
4,4,1000,"[256, 256]",1e-05,1000,13.438540363311768,14.973597091974465,21.582027096094336,6.352408069910256,21.75805401802063,23.293110746683325,36.938769954981055,6.864641327203957
4,4,1000,"[256, 256]",0.0001,1000,361.37780609130857,362.9128628199713,593.8772198146002,175.26236690932677,466.78941650390624,468.32447323256895,719.1557842677252,279.9812237208502
4,4,1000,"[256, 256]",0.001,1000,90120.25703125,90121.79208797867,138063.44130672867,44192.230369228666,136555.95546875,136557.49052547867,221306.39443172867,35903.261619228666
4,4,2000,[32],1e-05,1000,1.0211647272109985,2.556221455873696,6.06928076201841,-0.28074977940157275,2.676141968369484,4.211198697032181,11.093581814111916,0.14886285716458936
4,4,2000,[32],0.0001,1000,4.515485548973084,6.050542277635781,13.06435551101133,2.2310673182623066,6.301373553276062,7.8364302819387595,15.034576076807229,4.466275114359108
4,4,2000,[32],0.001,1000,144.6982177734375,146.23327450210022,222.58777584487365,66.64425625258848,168.7520881652832,170.2871448939459,277.2379375880377,115.81350674086973
4,4,2000,[64],1e-05,1000,0.6991741538047791,2.234230882467476,3.51689137870237,-0.057122212110312987,0.6766867220401764,2.2117434507028735,6.299277920068947,-1.0799919182641826
4,4,2000,[64],0.0001,1000,9.067750370502472,10.602807099165169,16.94545616561338,3.3319380467550435,13.281356859207154,14.816413587869851,32.85782017165586,6.259438652338234
4,4,2000,[64],0.001,1000,386.3427490234375,387.8778057521002,540.6408916896002,292.3286358302252,516.2458694458007,517.7809261744634,695.4540630763189,179.62186397963927
4,4,2000,[128],1e-05,1000,1.709666621685028,3.2447233503477255,6.054025310816018,0.7277985995428242,1.6806639075279235,3.2157206361906208,10.076633114160744,-1.6550863797052227
4,4,2000,[128],0.0001,1000,18.273113393783568,19.808170122446263,26.477210659326758,3.7904092257635273,27.622417545318605,29.1574742739813,43.67535747939512,12.276767391504494
4,4,2000,[128],0.001,1000,675.494905090332,677.0299618189947,925.5010601466314,249.66025509292052,712.7755635738373,714.3106203025,1386.5363995021003,-6.915738444982322
4,4,2000,"[128, 128]",1e-05,1000,9.879959344863892,11.415016073526589,16.245934147180762,4.602147239984719,11.59927078485489,13.134327513517587,21.73361362868711,1.5064032261984028
4,4,2000,"[128, 128]",0.0001,1000,375.5483200073242,377.0833767359869,603.4817120021002,239.82315792495177,409.4969398498535,411.0319965785162,631.7739483302252,74.28298916274473
4,4,2000,"[128, 128]",0.001,1000,159937.95703125,159939.49208797867,235146.86318172867,116683.93349422867,197862.0171875,197863.55224422866,296969.62880672864,45571.011619228666
4,4,2000,[256],1e-05,1000,2.779189187288284,4.314245915950981,8.360129494013039,1.8246727173940815,3.929746961593628,5.464803690256325,10.488443035425393,2.2137460892812886
4,4,2000,[256],0.0001,1000,44.560102462768555,46.09515919143125,59.977798122705664,28.590646404566016,57.074896812438965,58.60995354110166,97.18450893813535,26.632814068140235
4,4,2000,[256],0.001,1000,1446.8454711914062,1448.380527920069,1890.1756817286628,762.9124981349127,2077.234484863281,2078.769541591944,3553.1195293849128,746.0744854396002
4,4,2000,"[256, 256]",1e-05,1000,33.265690612792966,34.80074734145566,44.81482662612363,17.849435467066016,35.05873832702637,36.593795055689064,63.32677425795957,20.005555767358985
4,4,2000,"[256, 256]",0.0001,1000,1182.6405038833618,1184.1755606120246,1718.2680889552253,22.62674107009336,1781.4351318359375,1782.9701885646002,2880.1830059474128,791.3996807521002
4,4,2000,"[256, 256]",0.001,1000,517045.153125,517046.68818172865,803837.2850567286,273982.31630672864,683239.51640625,683241.0514629786,1238893.7850567286,-72273.73838077133
4,7,300,[32],1e-05,1000,-1.0557800352573394,-0.2882516709259908,2.586519190938099,-6.02053659233369,1.4620322376489638,2.2295606019803125,7.789969274670704,-2.860867908327953
4,7,300,[32],0.0001,1000,-0.14776339679956435,0.6197649675317842,3.2661431523867686,-4.652699640124218,-0.5268557041883468,0.24067266014300182,3.5935023519106943,-1.7284924295834463
4,7,300,[32],0.001,1000,6.696253371238709,7.463781735570057,16.27145273414336,3.2272940370150645,9.593102037906647,10.360630402237994,23.497697660595996,1.9121913405963022
4,7,300,[64],1e-05,1000,1.0200337946414948,1.7875621589728434,3.304335901410206,-0.9678625372342031,-0.42582122310996057,0.34170714122138807,2.7844184133120615,-2.3459545877865713
4,7,300,[64],0.0001,1000,0.9953242629766464,1.762852627307995,5.588487455517872,-1.481456449358837,2.1035914717242123,2.871119836055561,6.94210178580962,-0.18318097862519434
4,7,300,[64],0.001,1000,12.135293674468993,12.902822038800341,20.057706663281543,8.887571165234668,17.319661056995393,18.08718942132674,30.134233305127246,0.6666736098834116
4,7,300,[128],1e-05,1000,-0.03442348688840866,0.73310487744294,2.671416470677479,-0.8340749052456777,-0.35893974304199217,0.40858862128935647,2.3417096826144297,-4.760036638110058
4,7,300,[128],0.0001,1000,1.7897578477859497,2.5572862121172983,5.774501630932911,-1.0015607384137075,1.5355222791433334,2.3030506434746822,5.996825048596485,0.34854687181196997
4,7,300,[128],0.001,1000,25.75608539581299,26.523613760144336,36.1005972119876,12.559411832959277,33.435624313354495,34.20315267768584,51.39450437751494,19.461610624463184
4,7,300,"[128, 128]",1e-05,1000,0.8591319680213928,1.6266603323527415,5.177623579175099,-1.8897120264462393,2.5067413568496706,3.274269721181019,6.907755205304249,1.6018192264147837
4,7,300,"[128, 128]",0.0001,1000,9.883169603347778,10.650697967679125,14.88467008796416,3.391771146924122,17.034362983703613,17.80189134803496,32.49502737251006,9.375451872021777
4,7,300,"[128, 128]",0.001,1000,579.3440734863282,580.1116018506596,1136.3336904737064,215.4028433057376,850.8049560546875,851.5724844190189,1370.6693838330814,331.3270986768313
4,7,300,[256],1e-05,1000,0.345688895881176,1.1132172602125245,4.231350490719898,-2.561492374270336,0.019093701243400575,0.7866220655747492,2.413402506978138,-2.7260634210995596
4,7,300,[256],0.0001,1000,4.8911253929138185,5.658653757245167,9.06810457435332,3.687953064114674,5.31977037191391,6.087298736245258,9.257673093945606,0.6573347541400034
4,7,300,[256],0.001,1000,46.90114555358887,47.668673917920216,72.79957945075714,29.231195280224902,67.67140483856201,68.43893320289337,99.66072447028839,27.224908659131152
4,7,300,"[256, 256]",1e-05,1000,3.975056493282318,4.742584857613666,10.071761915356738,1.8777700158663828,4.193491393327713,4.961019757659062,12.175172636181934,0.6221160384722788
4,7,300,"[256, 256]",0.0001,1000,37.54192218780518,38.309450552136525,49.49875242438994,18.758642027051074,54.54630718231201,55.31383554664336,74.72716123786651,22.821290800244434
4,7,300,"[256, 256]",0.001,1000,2656.3541015625,2657.1216299268312,3555.139110395581,1349.7931631299564,2585.8163330078123,2586.5838613721435,3884.421336958081,553.3461416455814
4,7,1000,[32],1e-05,1000,-0.5412434913218022,0.22628487300954647,3.4083131047793467,-4.2327276972226064,0.5719632185995579,1.3394915829309064,5.04357940879546,-0.5848335531643789
4,7,1000,[32],0.0001,1000,1.7695252783596516,2.537053642691,3.6910017224856455,0.7993142771431048,5.6834945440292355,6.451022908360584,12.161544630200488,3.247765371472462
4,7,1000,[32],0.001,1000,45.01527042388916,45.78279878822051,94.96468717780792,4.536096403271778,55.95824966430664,56.72577802863799,128.1304815503665,11.389940092236621
4,7,1000,[64],1e-05,1000,1.080173759907484,1.8477021242388327,4.58423931327544,-1.3707424906186025,-0.2882677763700485,0.4792605879613001,3.881211588055714,-2.781702926485912
4,7,1000,[64],0.0001,1000,5.480193758010865,6.247722122342213,11.49582559791289,2.0159691068240244,5.803255879878998,6.570784244210347,10.878640005261524,2.6356980296679575
4,7,1000,[64],0.001,1000,109.69889297485352,110.46642133918488,182.18314726081573,57.26393491950713,134.11858825683595,134.8861166211673,215.3608511182376,29.784236738354785
4,7,1000,[128],1e-05,1000,0.619570504873991,1.3870988692053396,4.484081575543507,-1.1181182173184316,1.1599924683570861,1.9275208326884348,5.500732252270802,-2.6258816030911367
4,7,1000,[128],0.0001,1000,6.459308648109436,7.226837012440785,10.61405355659209,2.9657426568575938,10.15812907218933,10.92565743652068,16.851178953320606,6.273912260205372
4,7,1000,[128],0.001,1000,239.6927978515625,240.46032621589384,414.6618154737063,99.59642393317901,351.40003662109376,352.1675649854251,474.2030752393313,190.94807035651885
4,7,1000,"[128, 128]",1e-05,1000,5.419084668159485,6.1866130324908335,15.143948385388477,2.9407346936770518,8.187385296821594,8.954913661152943,17.46440870490752,3.2294047566958506
4,7,1000,"[128, 128]",0.0001,1000,119.28120346069336,120.04873182502472,161.3318441602298,75.8249853345462,120.97146434783936,121.73899271217071,214.9547231885501,30.812394926220996
4,7,1000,"[128, 128]",0.001,1000,21077.9943359375,21078.761864301832,38984.35346586433,13451.856395551831,26819.301416015624,26820.068944379957,50616.66205961433,6374.098094770581
4,7,1000,[256],1e-05,1000,2.482003203034401,3.2495315673657497,5.374104330212696,-2.3495072630337637,1.3999604493379594,2.167488813669308,6.152674505383595,-0.6227618959835928
4,7,1000,[256],0.0001,1000,15.40468807220459,16.172216436535937,24.36910612312041,10.51082975593291,24.466048431396484,25.23357679572783,43.58917600837432,7.907045194775685
4,7,1000,[256],0.001,1000,507.9421813964844,508.7097097608157,705.9352529737064,302.0019033643313,520.9472900390625,521.7148184033939,994.5346182080814,151.06098539558135
4,7,1000,"[256, 256]",1e-05,1000,12.789595413208009,13.557123777539356,22.72918684211455,4.486560651929005,17.392976105213165,18.160504469544513,31.18548567023955,2.0946521255084116
4,7,1000,"[256, 256]",0.0001,1000,335.8578247070312,336.62535307136255,558.6107900830814,170.46427519050323,413.83763484954835,414.6051632138797,895.0783193799564,5.178422758252247
4,7,1000,"[256, 256]",0.001,1000,83805.63515625,83806.40268461434,129959.18159086433,53713.74018461433,125691.66606521606,125692.4335935804,228297.06440336432,-102.55814760002411
4,7,2000,[32],1e-05,1000,-0.07278205603361129,0.6947463082977373,3.8212903234072764,-2.8882383612088125,1.0100034594535827,1.7775318237849314,5.8835504743167,-1.5945905950955312
4,7,2000,[32],0.0001,1000,3.5721884250640867,4.339716789395435,10.526653120190723,0.8098865243502695,7.530562615394592,8.298090979725941,13.944246122510059,1.1643200608798105
4,7,2000,[32],0.001,1000,158.71503601074218,159.48256437507354,233.8313101026126,60.56715757575713,195.12607650756837,195.89360487189973,400.9206045362063,92.33400327888214
4,7,2000,[64],1e-05,1000,0.9915421888232231,1.7590705531545718,4.151735613019093,-0.8584861067227285,0.8291177809238434,1.596646145255192,4.293276140362843,-0.12782560858048608
4,7,2000,[64],0.0001,1000,10.929949188232422,11.697477552563772,17.459287473828418,5.939803907544239,13.14193229675293,13.909460661084278,24.861162016064746,5.037393400342091
4,7,2000,[64],0.001,1000,305.1117828369141,305.8793112012454,495.0650137158938,200.40583402839385,433.8434820175171,434.6110103818484,770.1068838330814,-10.790083101122754
4,7,2000,[128],1e-05,1000,1.8945810943841934,2.662109458715542,6.640602419049366,0.5226307305403788,1.5742886245250702,2.3418169888564186,5.12445623603545,0.9940860959597666
4,7,2000,[128],0.0001,1000,19.257821083068848,20.025349447400195,28.561303922803027,6.544067213208302,25.377424049377442,26.14495241370879,36.80658323493682,13.705720731885059
4,7,2000,[128],0.001,1000,867.8619384765625,868.6294668408939,1189.5416982862064,435.8366811963626,905.156689453125,905.9242178174563,1404.2201650830814,358.1000478955813
4,7,2000,"[128, 128]",1e-05,1000,10.052195024490356,10.819723388821703,16.80876333442412,4.422894785077198,16.43113808631897,17.198666450650318,29.49918539252959,6.2512810918398936
4,7,2000,"[128, 128]",0.0001,1000,354.1284423828125,354.89597074714385,528.8756216260501,205.54706937995635,457.48884334564207,458.2563717099734,894.3278310987064,13.794145414502246
4,7,2000,"[128, 128]",0.001,1000,136258.4203125,136259.18784086432,217286.28315336432,103853.34565336433,170181.741015625,170182.50854398933,239916.62690336432,56076.38080961433
4,7,2000,[256],1e-05,1000,4.4763924956321715,5.24392085996352,9.97212297645293,1.8479109498568613,4.563871502876282,5.33139986720763,10.091764280469043,1.3330947848864634
4,7,2000,[256],0.0001,1000,46.081072616577146,46.84860098090849,62.59582884040557,33.84164030280791,48.03363208770752,48.801160452038864,73.9713247510501,19.72953970161162
4,7,2000,[256],0.001,1000,1494.0477416992187,1494.81527006355,1957.6747549268314,1258.6382559033939,1465.425183868408,1466.1927122327395,2187.031688520581,87.11568052497589
4,7,2000,"[256, 256]",1e-05,1000,27.559286499023436,28.326814863354784,37.69779569831572,9.224469968945606,30.867681896686555,31.635210261017903,57.477142164380176,0.2894153091021616
4,7,2000,"[256, 256]",0.0001,1000,1586.5353515625,1587.3028799268313,2029.9436758252689,710.9152334424564,1672.540673828125,1673.3082021924563,2424.299266645581,1001.6654775830814
4,7,2000,"[256, 256]",0.001,1000,532860.346875,532861.1144033644,882330.7675283643,147493.68940336432,633630.121875,633630.8894033643,1058496.7675283644,172165.25190336432
4,10,300,[32],1e-05,1000,0.10765195488929749,0.6193375311101965,2.7146896980012944,-1.2313109972272822,1.775440587848425,2.287126164069324,16.53555032231465,-2.585346255520434
4,10,300,[32],0.0001,1000,0.47295340746641157,0.9846389836873106,2.769728150149732,-0.6192993261609979,1.0769676446914673,1.5886532209123665,4.473909106036573,-1.3838076927457759
4,10,300,[32],0.001,1000,4.423220443725586,4.934906019946485,10.03317471959248,1.9333686492647222,10.681222343444825,11.192907919665723,16.088086333056836,6.043896403094679
4,10,300,[64],1e-05,1000,0.39279953241348264,0.9044851086343817,3.7845885417665532,-2.079662356594653,0.19244651198387147,0.7041320882047706,4.72250625111714,-1.4677759744916865
4,10,300,[64],0.0001,1000,1.2846539288759231,1.7963395050968223,4.944518770953565,-0.8581543304716058,1.508923637866974,2.020609214087873,6.970973696490675,-0.7243161537443109
4,10,300,[64],0.001,1000,10.329748129844665,10.841433706065564,17.94635888554707,3.9103784225191167,18.758403795957566,19.270089372178465,39.11464044072285,0.2331236860956244
4,10,300,[128],1e-05,1000,0.05711385011672974,0.5687994263376288,2.6323279998506597,-1.6043532230649897,0.6904211319983006,1.2021067082191996,5.156535830279737,-0.7060547210966058
4,10,300,[128],0.0001,1000,3.1112145483493805,3.6229001245702794,6.744223322650343,0.9205343983377509,2.301864060759544,2.813549636980443,7.782571997424513,-0.9499712326322504
4,10,300,[128],0.001,1000,28.438089752197264,28.949775328418163,37.07355615117207,19.599152769824414,28.161934590339662,28.67362016656056,65.31776925542012,4.329215969821363
4,10,300,"[128, 128]",1e-05,1000,1.4315962731838225,1.9432818494047215,5.994285311480909,-0.17295393727168518,2.060751122236252,2.572436698457151,4.412009920855909,-0.012223336914629512
4,10,300,"[128, 128]",0.0001,1000,14.15105504989624,14.662740626117138,18.445956434985547,10.9720708987917,16.53943181037903,17.051117386599927,22.80488511540547,8.202285494586377
4,10,300,"[128, 128]",0.001,1000,564.2978465080262,564.809532084247,1062.4121982715335,-10.412589822033496,771.0634948730469,771.5751804492678,1182.5589267871585,337.59893533208026
4,10,300,[256],1e-05,1000,-0.9459624469280243,-0.4342768707071253,3.8216111324037603,-8.704410348156543,1.0184019058942795,1.5300874821151784,4.817863192340284,-2.3247711994443843
4,10,300,[256],0.0001,1000,4.109842443466187,4.621528019687086,6.930431093951612,1.7973975799287847,4.47583104968071,4.987516625901609,7.80958482243672,1.4741591475214055
4,10,300,[256],0.001,1000,51.35095586776733,51.86264144398823,70.22717782475605,11.104988302966504,66.35756225585938,66.86924783208028,128.27216073491232,19.392188277026563
4,10,300,"[256, 256]",1e-05,1000,3.264892280101776,3.776577856322675,6.825204100390821,1.1784424445833257,4.787620413303375,5.2993059895242745,8.905121054431348,1.5818578860963872
4,10,300,"[256, 256]",0.0001,1000,39.2876353263855,39.7993209026064,61.20190545537129,12.295242514392285,53.61468658447266,54.126372160693556,99.04053231694355,35.606179442187695
4,10,300,"[256, 256]",0.001,1000,2705.8005859375,2706.3122715137206,4970.291470732471,700.9036533496584,2321.3871948242186,2321.8988804004393,3379.6535312793458,1137.9329502246585
4,10,1000,[32],1e-05,1000,1.0674357637763023,1.5791213399972013,5.842391695758253,-1.1137326099668452,0.21404687017202378,0.7257324463929229,5.050061430713087,-1.6702230312620112
4,10,1000,[32],0.0001,1000,2.998716104030609,3.510401680251508,6.851984228869825,-2.904142174938769,4.251514983177185,4.763200559398085,13.6861822269167,-2.0041067936216304
4,10,1000,[32],0.001,1000,47.89688968658447,48.40857526280537,82.95143624760762,21.32565232731953,62.560120677948,63.0718062541689,105.19385262944355,14.546608176013379
4,10,1000,[64],1e-05,1000,0.4899187356233597,1.0016043118442588,3.6519169471468023,-0.6743384935651727,0.916680371761322,1.428365947982221,5.482281889697462,-1.541520390728564
4,10,1000,[64],0.0001,1000,3.7304059863090515,4.242091562529951,6.239045824786573,1.357042398234754,4.668756493926049,5.180442070146948,10.417217459460645,0.5659812054838232
4,10,1000,[64],0.001,1000,122.59628448486328,123.10797006108417,188.40476724125998,65.11990853764668,127.62669401168823,128.13837958790913,213.0485965869631,13.156624045154004
4,10,1000,[128],1e-05,1000,-0.5245235621929168,-0.012837985972017796,2.7192105910982183,-5.285700116375536,1.1684592362493276,1.6801448124702265,6.633731570025831,0.2876701913084082
4,10,1000,[128],0.0001,1000,9.278600239753723,9.790285815974622,16.690427031299023,2.266468014499097,12.845271682739257,13.356957258960156,24.050482954760938,6.467414583941847
4,10,1000,[128],0.001,1000,241.80938720703125,242.32107278325216,300.51980325200213,165.85600015141623,267.79911308288575,268.31079865910664,531.1684238574709,51.71161767460957
4,10,1000,"[128, 128]",1e-05,1000,6.641710638999939,7.153396215220838,10.294056143542676,4.344906773349195,9.106737279891968,9.618422856112867,15.764335837146191,3.2919768951143316
4,10,1000,"[128, 128]",0.0001,1000,103.079829788208,103.5915153644289,166.1689579150881,47.13831445195332,137.69179992675782,138.20348550297874,259.66460916020526,68.7901050708498
4,10,1000,"[128, 128]",0.001,1000,22287.31845703125,22287.830142607472,35736.874966826224,12407.35250588872,23064.772265625,23065.28395120122,53511.390591826224,5018.655728544971
4,10,1000,[256],1e-05,1000,0.629925386235118,1.1416109624560171,4.725483145495802,-0.7743924000059076,3.163380891084671,3.67506646730557,10.612754072925,-2.176633153179736
4,10,1000,[256],0.0001,1000,17.554509115219116,18.066194691440014,29.113759245654492,7.763974871417433,21.701215147972107,22.212900724193005,39.33269616582051,2.8405532500948003
4,10,1000,[256],0.001,1000,424.1719940185547,424.6836795947756,552.8828403613771,339.4569065234865,520.7295516967773,521.2412372729982,958.0332920215334,254.12971230961935
4,10,1000,"[256, 256]",1e-05,1000,14.08943305015564,14.601118626376538,23.65475961186543,6.719604220172315,22.87268810272217,23.384373678943067,31.65235825993672,12.325714316150098
4,10,1000,"[256, 256]",0.0001,1000,237.8792194366455,238.39090501286643,426.79592629887713,54.365884032031445,565.5096612930298,566.0213468692507,982.3035556934084,-25.696953568676562
4,10,1000,"[256, 256]",0.001,1000,80500.77646484374,80501.28815041996,127155.46481057622,10906.87399026372,127289.371875,127289.88356057621,182050.63668557623,73267.63668557622
4,10,2000,[32],1e-05,1000,0.25527606457471846,0.7669616407956175,6.799006190081983,-4.043904099682421,-0.14430606961250306,0.367379506608396,2.829755987903028,-3.3858304359708735
4,10,2000,[32],0.0001,1000,5.321379065513611,5.83306464173451,8.289983000537305,1.3561250827516607,5.502668875455856,6.0143544516767555,11.28894921757832,0.6277922651971869
4,10,2000,[32],0.001,1000,189.54406814575196,190.05575372197288,251.03538247563498,100.08305856206074,216.52839279174805,217.04007836796896,373.70928689458026,103.7315113208498
4,10,2000,[64],1e-05,1000,-0.13994975239038468,0.3717358238305144,2.6991369388307622,-2.052070651272387,1.536575835943222,2.048261412164121,8.888088431140332,-2.862009558895678
4,10,2000,[64],0.0001,1000,11.094594573974609,11.606280150195508,18.65709229924336,4.8528535030092295,8.935320448875427,9.447006025096325,17.152865614673047,4.199394192477613
4,10,2000,[64],0.001,1000,314.06644134521486,314.57812692143574,570.6785556934084,179.58588906743185,402.8970760345459,403.40876161076676,668.0418369434084,63.63166161992207
4,10,2000,[128],1e-05,1000,0.5246519409120083,1.0363375171329072,3.634101595660596,-2.154790196636767,2.9602792769670487,3.4719648531879477,6.6864716670717295,-0.03128728649959045
4,10,2000,[128],0.0001,1000,23.64934434890747,24.161029925128368,37.058293547412305,15.67830869176045,23.992833518981932,24.50451909520283,29.520377363940625,14.665947165271191
4,10,2000,[128],0.001,1000,648.9508178710937,649.4625034473146,898.1647007129396,297.506345000049,862.5540718078613,863.0657573840822,1178.9475986621585,123.3699390552248
4,10,2000,"[128, 128]",1e-05,1000,11.262993264198304,11.774678840419202,21.58663102605,4.496041264315992,11.824215292930603,12.335900869151502,22.907447066089063,2.6810149810518316
4,10,2000,"[128, 128]",0.0001,1000,376.53022918701174,377.0419147632326,506.74651833989276,208.4106571338381,338.87465171813966,339.38633729436054,574.6009189746584,-62.58830908320293
4,10,2000,"[128, 128]",0.001,1000,134367.54921875,134368.06090432624,198943.08981057623,96758.48043557622,192166.200390625,192166.71207620122,363834.26168557623,24313.51559182622
4,10,2000,[256],1e-05,1000,3.8247963070869444,4.336481883307844,8.048726763507275,1.9819961450304082,4.4802161931991575,4.991901769420057,12.558315481921582,1.7725162170137456
4,10,2000,[256],0.0001,1000,44.70478839874268,45.21647397496358,73.52322122075215,28.298480238696484,53.278540420532224,53.79022599675312,83.72049447514668,20.710211958667188
4,10,2000,[256],0.001,1000,1321.760922241211,1322.272607817432,2284.3957187793458,424.14043923833026,1822.8963485717773,1823.4080341479983,3157.7492344043458,247.13410684086935
4,10,2000,"[256, 256]",1e-05,1000,30.305704879760743,30.81739045598164,55.05844613530293,16.81220933415547,38.41786756515503,38.929553141375926,73.49956246831074,13.192573752185254
4,10,2000,"[256, 256]",0.0001,1000,1497.9385620117187,1498.4502475879397,2047.124722685596,1190.930386748096,1473.4347137451173,1473.9463993213383,3292.1340000293458,412.14874001958026
4,10,2000,"[256, 256]",0.001,1000,544633.440625,544633.9523105762,771033.5741855762,361604.26168557623,744842.125,744842.6366855762,1306985.0116855763,340119.44918557623
4,20,300,[32],1e-05,1000,0.6215110421180725,0.8638884203279721,2.999472238286804,-0.9849227888738407,0.47509399950504305,0.7174713777149426,6.5024205224359735,-4.060988329187562
4,20,300,[32],0.0001,1000,1.2222206205129624,1.4645979987228621,6.280975915654968,-1.5350578053151858,2.1630534648895265,2.4054308430994262,6.0654655473078,-0.6072924358999027
4,20,300,[32],0.001,1000,5.730050063133239,5.972427441343139,11.208073713048767,1.655045010312866,6.411496418714523,6.653873796924422,12.642284490331482,1.0442862884844053
4,20,300,[64],1e-05,1000,-0.040169985592365266,0.20220739261753432,3.3414891736353147,-1.1536945326482546,-0.19671745896339415,0.04565991924650542,1.6287686602915037,-3.255925081506897
4,20,300,[64],0.0001,1000,1.7743109911680222,2.016688369377922,6.750398732885192,-1.208846352831055,1.4832051992416382,1.7255825774515379,5.464428998693298,-2.628933571115662
4,20,300,[64],0.001,1000,13.075094223022461,13.317471601232361,22.62844572232611,6.949386216863464,16.471667575836182,16.71404495404608,25.203999616369078,13.152179815038513
4,20,300,[128],1e-05,1000,-0.10266643762588501,0.13971094058401456,2.546328164800476,-2.069849632517029,1.1420894593000412,1.3844668375099407,8.127277948125672,-2.926137350336243
4,20,300,[128],0.0001,1000,1.950697460770607,2.1930748389805066,5.456148244603942,0.45019436643965116,1.8714710593223571,2.1138484375322566,7.245720483526061,0.07472757266409269
4,20,300,[128],0.001,1000,28.081587982177734,28.323965360387632,40.59196005032904,16.523142911657164,28.102006721496583,28.34438409970648,48.94338522122748,8.292583562597107
4,20,300,"[128, 128]",1e-05,1000,2.1139669746160505,2.3563443528259502,4.796056844457458,0.6596017556036221,1.6779507517814636,1.920328129991363,6.555322744115661,-1.508083365694214
4,20,300,"[128, 128]",0.0001,1000,14.459006357192994,14.701383735402894,31.028195478185484,3.8508037106836546,19.15712594985962,19.399503328069517,37.068842984899355,11.087284185155701
4,20,300,"[128, 128]",0.001,1000,712.8932739257813,713.1356513039912,986.6513739602411,416.5331488625849,691.1107627868653,691.3531401650752,1153.0559760110225,120.21765051053411
4,20,300,[256],1e-05,1000,-0.36130464542657137,-0.1189272672166718,3.0970405118311155,-2.526889704004456,1.2036244571208954,1.446001835330795,6.6713496224725946,-0.5203480942403568
4,20,300,[256],0.0001,1000,6.115434527397156,6.357811905607055,16.75209722684271,2.5945967213953245,5.620797395706177,5.863174773916076,10.972492315038513,3.574207641347717
4,20,300,[256],0.001,1000,50.618770599365234,50.861147977575136,72.26107702420599,19.983967878087828,74.72650127410888,74.96887865231878,128.42415533231147,22.51235685513861
4,20,300,"[256, 256]",1e-05,1000,4.279643321037293,4.522020699247192,7.510762788518737,1.5336490647638548,5.39301523566246,5.63539261387236,9.950377561315369,0.005121745332549721
4,20,300,"[256, 256]",0.0001,1000,29.92926959991455,30.17164697812445,43.74143133328803,15.130039312108826,48.98762550354004,49.23000288174994,70.99688635037786,29.48055753873236
4,20,300,"[256, 256]",0.001,1000,2323.129998779297,2323.3723761575066,3032.1100531594598,460.62341985867863,2639.6381591796876,2639.8805365578974,4982.56610784696,1059.7713080422725
4,20,1000,[32],1e-05,1000,1.2474026173353194,1.4897799955452191,6.09886226819403,-1.0741778834020388,-0.30668851286172866,-0.06431113465182908,1.3688772694910276,-1.6063150389348757
4,20,1000,[32],0.0001,1000,1.9919436603784562,2.2343210385883556,6.3663192765558465,0.21504975126631132,2.838372914493084,3.0807502927029837,8.768371679052185,-0.8506669027959598
4,20,1000,[32],0.001,1000,51.66801433563232,51.91039171384222,76.75997839139349,24.785290815099547,59.10326309204102,59.34564047025092,93.21325597928411,33.13503561185248
4,20,1000,[64],1e-05,1000,1.2296621590852737,1.4720395372951733,5.908964254125427,-1.354952834383179,1.0250610247254373,1.267438402935337,4.59605989621527,-1.3461023790990603
4,20,1000,[64],0.0001,1000,3.285781502723694,3.5281588809335935,6.625182248815368,1.087144710286926,7.5162476062774655,7.758624984487365,13.709484197362732,4.454216577276061
4,20,1000,[64],0.001,1000,91.36490974426269,91.60728712247258,146.36344061063178,52.04416952298529,134.59288578033448,134.8352631585444,274.6812201516474,27.399228193029234
4,20,1000,[128],1e-05,1000,1.2212367355823517,1.4636141137922514,4.102308608754943,-2.362478159204651,0.48014290630817413,0.7225202845180737,4.17922434972174,-2.294594667688538
4,20,1000,[128],0.0001,1000,9.011771619319916,9.254148997529816,19.111584760412047,0.7963061110819089,12.617413091659547,12.859790469869447,22.719166852697203,6.080357171758483
4,20,1000,[128],0.001,1000,228.33217010498046,228.57454748319037,350.28626165555363,110.22793493436224,272.70186080932615,272.94423818753603,432.94055853055363,91.31762609647161
4,20,1000,"[128, 128]",1e-05,1000,6.647453737258911,6.8898311154688106,10.327175237401795,4.683078386052917,7.589217460155487,7.831594838365386,13.958812810643982,1.6281780974710691
4,20,1000,"[128, 128]",0.0001,1000,125.81493453979492,126.05731191800481,203.1757269875849,50.155749418004824,120.87588081359863,121.11825819180852,190.30815801785835,40.585505582555605
4,20,1000,"[128, 128]",0.001,1000,25234.703125,25234.94550237821,41400.75800237821,15716.46698675321,23718.14567871094,23718.38805608915,35858.91425237821,2209.0253363625848
4,20,1000,[256],1e-05,1000,0.30370067432522774,0.5460780525351273,4.183568813070129,-3.4745906813298952,2.038135603070259,2.280512981280159,4.57762203381903,0.12464810179121366
4,20,1000,[256],0.0001,1000,15.93559000492096,16.17796738313086,23.801119901403258,2.3458789365137327,25.012231063842773,25.25460844205267,35.13013754056342,9.940502263768982
4,20,1000,[256],0.001,1000,451.7472946166992,451.9896719949091,672.0745917336786,251.82805547879585,560.8093383789062,561.0517157571161,835.8136054055536,338.72034368680363
4,20,1000,"[256, 256]",1e-05,1000,14.975847148895264,15.218224527105164,20.806101896032164,9.826716520055603,22.56849980354309,22.81087718175299,32.11816892789252,7.765553094610046
4,20,1000,"[256, 256]",0.0001,1000,343.4772216796875,343.71959905789737,560.4235297219599,267.37320623563176,475.079732131958,475.3221095101679,869.3785468118036,35.575800992711855
4,20,1000,"[256, 256]",0.001,1000,71671.5328125,71671.7751898782,92121.1330023782,53690.20331487821,121257.725,121257.96737737821,193225.52362737822,59688.71112737821
4,20,2000,[32],1e-05,1000,-0.9424897700548172,-0.7001123918449176,1.6285582558954466,-4.182929895654847,-0.26671749651432036,-0.024340118304420788,4.343403913244079,-3.5269266588842165
4,20,2000,[32],0.0001,1000,4.540761697292328,4.783139075502227,7.113069154485534,1.726749397977661,7.199461603164673,7.4418389813745724,14.451274968847107,3.3649943845117796
4,20,2000,[32],0.001,1000,176.3199977874756,176.5623751656855,280.81555853055363,51.541010953649355,202.76577377319336,203.00815115140327,332.18115911649113,104.78723058865911
4,20,2000,[64],1e-05,1000,0.95429617613554,1.1966735543454394,2.858914949163269,-0.06914620830171236,2.7165605538524686,2.9589379320623683,6.451637841924499,-1.0341041309987795
4,20,2000,[64],0.0001,1000,12.15257706642151,12.39495444463141,21.887679197057555,7.7716747300470574,13.268312335014343,13.510689713224243,28.890723325475523,4.020527221425842
4,20,2000,[64],0.001,1000,301.79602813720703,302.0384055154169,560.9610053078974,129.86092291043647,530.9468872070313,531.1892645852412,853.2279120461786,256.71546087430363
4,20,2000,[128],1e-05,1000,1.6374967247247696,1.8798741029346693,3.684617854818176,0.25838733480818143,2.1135863840579985,2.355963762267898,7.1038023011530145,-1.5501215679799807
4,20,2000,[128],0.0001,1000,22.139096832275392,22.38147421048529,33.71774587796576,13.8487645165766,23.5792875289917,23.821664907201598,51.978266813024355,9.743457891210388
4,20,2000,[128],0.001,1000,632.7624801635742,633.0048575417841,865.0530463235224,238.34160528348335,780.3474365234375,780.5898139016474,1585.2346869485225,344.92468938992863
4,20,2000,"[128, 128]",1e-05,1000,14.244343185424805,14.486720563634705,27.708647824987242,5.850269891485046,10.714544677734375,10.956922055944275,21.66417226956732,6.402317620977233
4,20,2000,"[128, 128]",0.0001,1000,384.5266052246094,384.7689826028193,542.9822455422724,223.0440588967646,521.2076766967773,521.4500540749872,815.6492987649286,176.5115881936396
4,20,2000,"[128, 128]",0.001,1000,133383.453125,133383.69550237822,212306.22675237822,57103.13300237821,136571.41892089843,136571.66129827665,246103.02362737822,3694.2128363625848
4,20,2000,[256],1e-05,1000,2.89619779586792,3.1385751740778196,7.22936878369696,0.8572647349680173,3.674746898189187,3.9171242763990866,10.768867589696717,0.22658721746451727
4,20,2000,[256],0.0001,1000,40.19725050926208,40.439627887471985,61.75516042874701,6.48240719006903,48.02972297668457,48.27210035489447,99.57885656522161,25.33981046841986
4,20,2000,[256],0.001,1000,1405.1653259277343,1405.4077033059443,2093.2741156594598,598.6455145852411,1858.6533081054688,1858.8956854836788,3471.4276801125848,746.0780097024286
4,20,2000,"[256, 256]",1e-05,1000,24.59481544494629,24.837192823156187,42.342890836461855,14.465892888768982,46.76701126098633,47.00938863919623,96.90933141873724,20.835339643224547
4,20,2000,"[256, 256]",0.0001,1000,1394.4714965820312,1394.7138739602412,2125.2121039407098,858.4632636086786,1717.096453857422,1717.338831235632,2565.1308051125848,714.4227362649286
4,20,2000,"[256, 256]",0.001,1000,443405.6375,443405.87987737823,711303.6798773782,200466.27362737822,656068.065625,656068.3080023782,1280132.6173773783,452002.3361273782
4,50,300,[32],1e-05,1000,-0.2971250172704458,-0.2031419522502807,2.839287649523339,-5.569856275189796,-0.6193583309650421,-0.5253752659448769,5.308449159990868,-3.2180250774511485
4,50,300,[32],0.0001,1000,0.14878832101821898,0.2427713860383841,3.0729464401117177,-2.1278287063726573,1.2533074736595153,1.3472905386796805,6.170864473711571,-0.042990524638572045
4,50,300,[32],0.001,1000,7.834698295593261,7.928681360613426,19.01232184065493,2.1845463622918935,7.303221714496613,7.397204779516778,15.346243273150048,1.012011062037072
4,50,300,[64],1e-05,1000,1.3966654747724534,1.4906485397926186,6.0543254722467275,-2.306792844403663,-0.5374111115932465,-0.4434280465730814,2.2579578269830556,-6.502962220776954
4,50,300,[64],0.0001,1000,1.3831591576337814,1.4771422226539466,4.798092256914696,-1.3053461204656747,2.1335946768522263,2.227577741872391,8.167169939409813,-1.6485805402883675
4,50,300,[64],0.001,1000,14.674868297576904,14.768851362597069,25.351488481890282,7.214213739763817,20.560261917114257,20.654244982134422,31.937536608110985,7.1804946769586415
4,50,300,[128],1e-05,1000,0.6626698613166809,0.7566529263368461,4.4912856925836415,-4.6157184730657725,0.6191951751708984,0.7131782401910636,2.6082078327051015,-2.6260467659124522
4,50,300,[128],0.0001,1000,1.4199684098362924,1.5139514748564575,3.636196028124413,-0.32965402709332975,2.0450144588947294,2.1389975239148944,5.96527184141787,-1.7633565555700448
4,50,300,[128],0.001,1000,28.90832347869873,29.002306543718895,51.74811209334048,13.343534838091454,39.39193477630615,39.48591784132632,75.49349630964907,17.014685045610985
4,50,300,"[128, 128]",1e-05,1000,0.04390321522951126,0.1378862802496764,4.075909744631371,-3.7801071296819835,1.6721933707594872,1.7661764357796523,6.929772745501122,-1.002446044553199
4,50,300,"[128, 128]",0.0001,1000,13.947314643859864,14.041297708880029,21.201738726030907,3.758390795122704,20.48841972351074,20.582402788530906,31.866934191118798,7.926718126665673
4,50,300,"[128, 128]",0.001,1000,653.81259765625,653.9065807212702,943.8787120689265,302.64583243025453,804.9862976074219,805.0802806724421,1286.6799205650202,458.89375723494203
4,50,300,[256],1e-05,1000,0.12138333842158318,0.21536640344174832,4.323995481859765,-2.9872628341802745,2.824700590968132,2.918683655988297,9.87111605299624,-0.1189462135919717
4,50,300,[256],0.0001,1000,4.634390389919281,4.728373454939446,9.797023188006005,0.8568422902932975,6.1698831677436825,6.2638662327638475,11.745893846880517,1.8540177453866813
4,50,300,[256],0.001,1000,59.51562690734863,59.6096099723688,91.79871023787173,36.57548559797915,64.24105720520019,64.33504027022036,99.87303579939517,22.757620226275048
4,50,300,"[256, 256]",1e-05,1000,4.526993584632874,4.620976649653039,8.700863253008446,2.0099479068628163,4.3808727145195006,4.4748557795396655,9.21692503584536,1.5316573490014884
4,50,300,"[256, 256]",0.0001,1000,41.731211280822755,41.825194345842924,68.2705272544733,4.8473647941461415,48.751937294006346,48.845920359026515,80.53633535994204,27.712850939165673
4,50,300,"[256, 256]",0.001,1000,2668.786083984375,2668.880067049395,4415.04173697127,1852.9509166587702,3195.63505859375,3195.72904165877,4853.10521353377,1031.5700572837702
4,50,1000,[32],1e-05,1000,0.17208803668618203,0.2660711017063472,1.7854060043207023,-1.891543615926185,0.9159883856773376,1.0099714506975028,5.4585918296686025,-2.5457321296819835
4,50,1000,[32],0.0001,1000,2.1477511018514632,2.241734166871628,6.289452921282372,0.5797266770711753,3.175656247138977,3.269639312159142,5.882868181597313,0.7470808137765739
4,50,1000,[32],0.001,1000,42.26470413208008,42.358687197100245,71.37674368513736,14.837927233110985,50.489255332946776,50.583238397966944,118.4726756919733,4.496694933306298
4,50,1000,[64],1e-05,1000,0.1264599546790123,0.22044301969917746,2.086855183970055,-1.9102951179632333,0.28592110574245455,0.3799041707626197,3.451139818560204,-2.7808161865362315
4,50,1000,[64],0.0001,1000,4.032869005203247,4.126852070223412,7.846967588793358,2.6818279136529775,6.54352308511734,6.637506150137505,17.09036482466372,1.1769833673349235
4,50,1000,[64],0.001,1000,103.46832427978515,103.56230734480532,152.71678579939515,52.84553564680728,125.77408771514892,125.86807078016909,194.81691397322328,25.826620470415673
4,50,1000,[128],1e-05,1000,1.0945231288671493,1.1885061938873145,4.683998953234276,-1.9365388046392586,1.0656601041555405,1.1596431691757056,5.973736177813134,-1.663128007520118
4,50,1000,[128],0.0001,1000,8.941276848316193,9.035259913336358,16.03577269209536,1.5626349557748649,10.764516830444336,10.858499895464501,20.30056990278872,3.0827888358941884
4,50,1000,[128],0.001,1000,174.8564239501953,174.95040701521546,293.8425792564264,103.55949820173892,255.77908325195312,255.87306631697328,445.27986563337953,132.52412832869203
4,50,1000,"[128, 128]",1e-05,1000,4.522636497020722,4.616619562040887,8.41348208082827,1.4210629571786735,8.239481735229493,8.333464800249658,14.345137010943017,3.8837627281061025
4,50,1000,"[128, 128]",0.0001,1000,115.51496505737305,115.60894812239322,195.5989726890436,74.89777792586001,149.53766555786132,149.63164862288147,226.62965811384828,46.31197394026431
4,50,1000,"[128, 128]",0.001,1000,19315.360107421875,19315.454090486895,35887.21898306502,6744.02904165877,24532.703515625,24532.79749869002,48193.27757681502,-1132.9397083412298
4,50,1000,[256],1e-05,1000,1.8613833785057068,1.955366443525872,4.9595216621270986,-2.8876434455999522,0.8092007219791413,0.9031837869993065,3.037917982470116,-1.2449601780065682
4,50,1000,[256],0.0001,1000,19.165978717803956,19.25996178282412,26.344971071611962,9.502551447283349,29.426243019104003,29.520226084124168,52.21419180525454,12.07538450850161
4,50,1000,[256],0.001,1000,475.5721466064453,475.66612967146546,663.463550936114,297.6998485435358,435.40501136779784,435.498994432818,789.9477428306452,-12.800332654584327
4,50,1000,"[256, 256]",1e-05,1000,12.900478076934814,12.994461141954979,20.49335898054751,7.582607637774071,17.44349021911621,17.537473284136375,25.15333403242739,8.56592405928286
4,50,1000,"[256, 256]",0.0001,1000,358.0863891601563,358.1803722251764,507.0980419029108,163.92799795759828,421.25335693359375,421.3473399986139,904.3229869712702,69.17232168806704
4,50,1000,"[256, 256]",0.001,1000,99061.21640625,99061.31038931501,159111.67210806502,53637.57445181502,125060.140625,125060.23460806502,186422.54710806502,68152.92210806502
4,50,2000,[32],1e-05,1000,0.6048680312931538,0.698851096313319,3.355772148501,-2.0632544647344737,0.35337068438529967,0.4473537494054648,2.5798782218805165,-2.4193264137396007
4,50,2000,[32],0.0001,1000,3.4844766497612,3.578459714781365,6.402981172930321,0.6997836936822746,8.888897919654847,8.982880984675012,20.260092150103173,2.9015923847070546
4,50,2000,[32],0.001,1000,160.09036254882812,160.18434561384828,212.8733867515436,75.42235220564517,213.14545936584472,213.23944243086487,331.77510489119203,45.61165655745181
4,50,2000,[64],1e-05,1000,1.585594803094864,1.679577868115029,7.195218454729638,-1.2238078008779671,1.701373553276062,1.7953566182962273,3.7400859702936025,-1.4647768627294686
4,50,2000,[64],0.0001,1000,7.744559860229492,7.838542925249657,14.582962404619774,4.563832174669823,12.262685871124267,12.356668936144432,21.05548704756411,5.481115709673485
4,50,2000,[64],0.001,1000,356.3486297607422,356.44261282576235,490.69746817244203,218.36922110212953,515.5124603271485,515.6064433921687,874.1528209556452,145.88374746931703
4,50,2000,[128],1e-05,1000,1.812940663099289,1.9069237281194542,4.0525273193231435,0.2918002117982718,2.4418471693992614,2.5358302344194263,8.789074312578759,-0.9149068485387948
4,50,2000,[128],0.0001,1000,20.013767433166503,20.107750498186668,31.833389650713524,5.512176882158837,18.314025497436525,18.40800856245669,29.402807604204735,7.290014635454735
4,50,2000,[128],0.001,1000,679.7600708007812,679.8540538658015,906.7292980064265,349.6971629966608,848.1633758544922,848.2573589195124,1396.1799205650202,346.94356192244203
4,50,2000,"[128, 128]",1e-05,1000,11.518774890899659,11.612757955919824,19.145677935015282,6.529434572588524,16.17032661437988,16.264309679400046,26.34741819990786,6.203146349321923
4,50,2000,"[128, 128]",0.0001,1000,456.7104553222656,456.80443838728576,846.2643932212702,134.5530284751764,502.4889434814453,502.58292654646544,954.5224498618952,248.07613028181703
4,50,2000,"[128, 128]",0.001,1000,141722.9078125,141723.001795565,184708.09398306502,78481.89085806502,187478.1890625,187478.283045565,331681.28148306505,84135.98460806502
4,50,2000,[256],1e-05,1000,2.0475877791643144,2.1415708441844794,4.003781210314354,-1.4761209379324105,4.830569019168616,4.924552084188781,10.029753099810204,0.11382654650124042
4,50,2000,[256],0.0001,1000,39.37145366668701,39.46543673170718,70.0285610069147,16.232756029497704,44.50186824798584,44.59585131300601,75.07744253767642,13.620108019243798
4,50,2000,[256],0.001,1000,1487.3905029296875,1487.4844859947077,2027.3475231040827,678.0683482993952,1407.270700073242,1407.3646831382623,3135.14134634627,333.22920645369203
4,50,2000,"[256, 256]",1e-05,1000,37.753245162963864,37.84722822798403,59.89324606550845,12.170278917681298,31.03653202056885,31.130515085589014,66.08661306990298,12.271658312212548
4,50,2000,"[256, 256]",0.0001,1000,1682.1691284179688,1682.263111482989,2092.95872915877,908.6987193931452,1711.788818359375,1711.8828014243952,3013.43822134627,1013.4147838462702
4,50,2000,"[256, 256]",0.001,1000,581878.2140625,581878.308045565,778105.218983065,239660.10960806502,613324.8515625,613324.945545565,1260347.468983065,252266.73460806502
4,100,300,[32],1e-05,1000,-0.8438146442174912,-0.7972977736519549,2.4679963341428066,-5.247484708719131,1.0467559725046158,1.0932728430701522,4.209046815939072,-1.1692049750612947
4,100,300,[32],0.0001,1000,0.1305947180837393,0.17711158864927556,2.5979165783597256,-1.1762594231890413,0.9593828082084656,1.0058996787740018,3.8273501148892666,-2.8833415755556797
4,100,300,[32],0.001,1000,6.335603857040406,6.382120727605942,8.78215167433751,4.18083045393956,11.788414001464844,11.83493087203038,19.51117942244542,6.7371554127408295
4,100,300,[64],1e-05,1000,0.2453938603401184,0.29191073090565467,4.298712705679062,-7.434473539285538,0.6745385155081749,0.7210553860737112,4.02488038451207,-1.191678310327408
4,100,300,[64],0.0001,1000,0.5747509688138962,0.6212678393794325,3.4154515019131924,-3.567653919153092,1.7652788817882539,1.8117957523537902,6.418931459493759,-2.040603662423966
4,100,300,[64],0.001,1000,12.233705711364745,12.280222581930282,22.392538522787216,6.839565729208115,15.132481098175049,15.178997968740585,28.50788352400792,4.466218446798447
4,100,300,[128],1e-05,1000,0.8440446317195892,0.8905615022851255,4.115707372732285,-1.654040838174698,0.6656820788979531,0.7121989494634894,2.6855225315762783,-2.1875820407198643
4,100,300,[128],0.0001,1000,1.5763214528560638,1.6228383234216002,4.9911741963101655,-5.201645399026749,3.76026291847229,3.8067797890378263,8.654603456564072,1.0849740257931975
4,100,300,[128],0.001,1000,23.512149047851562,23.5586659184171,33.124893640585064,16.257908319540146,31.76454849243164,31.811065362997176,55.02320144087803,2.90349719435704
4,100,300,"[128, 128]",1e-05,1000,1.2111745476722717,1.257691418237808,3.9213342419339443,-0.6556105860995027,2.423603117465973,2.470119988031509,7.124829744405869,0.9628882756902006
4,100,300,"[128, 128]",0.0001,1000,15.913635349273681,15.960152219839218,21.87638137251866,10.057424043722275,14.351212501525879,14.397729372091415,33.37973067671788,6.960343813009384
4,100,300,"[128, 128]",0.001,1000,554.5563171386718,554.6028340092373,842.3294148197842,363.9115681400968,786.6931869506836,786.7397038212491,1311.2269367924405,193.03453872115148
4,100,300,[256],1e-05,1000,-0.5961024165153503,-0.549585545949814,2.0231092920972134,-4.248735929422256,0.4979262977838516,0.5444431683493879,5.241464113302353,-2.1493602046297764
4,100,300,[256],0.0001,1000,4.412537026405334,4.459053896970871,7.463432287283066,1.7893533459378508,9.099879741668701,9.146396612234238,16.199556802816513,4.492846941061142
4,100,300,[256],0.001,1000,53.733231735229495,53.77974860579503,82.76544234663976,37.64048049361241,83.66226501464844,83.70878188521398,130.93929335982335,42.91228530318272
4,100,300,"[256, 256]",1e-05,1000,4.570473313331604,4.6169901838971406,9.22150370985997,2.2935104122830654,6.4126814842224125,6.459198354787949,9.093972658224228,3.499442552633407
4,100,300,"[256, 256]",0.0001,1000,47.39073944091797,47.4372563114835,78.95580336958898,32.51874205977452,52.716345405578615,52.76286227614415,88.24511001021398,17.159693216390732
4,100,300,"[256, 256]",0.001,1000,2421.3777709960937,2421.424287866659,3244.4456867924405,409.39759108931554,3325.7391357421875,3325.785652612753,4904.922005151816,1735.0755696049405
4,100,1000,[32],1e-05,1000,-0.8800571247935295,-0.8335402542279932,2.3875794163419033,-6.416893506936905,0.16655392795801163,0.2130707985235479,2.684979890890243,-3.2683229693697666
4,100,1000,[32],0.0001,1000,2.9888623505830765,3.0353792211486126,5.209866499014023,0.2692122510148313,1.784395730495453,1.8309126010609893,3.653874849386337,-0.670719111852524
4,100,1000,[32],0.001,1000,51.95332679748535,51.999843668050886,73.73560378462804,34.52664611250889,48.499196243286136,48.54571311385167,69.87654921919835,16.074305032796982
4,100,1000,[64],1e-05,1000,-0.32432045936584475,-0.2778035888003085,1.1594472876263884,-3.8879304179476475,0.6938054777681828,0.7403223483337191,8.279225801534775,-1.8464887389467928
4,100,1000,[64],0.0001,1000,4.399888920783996,4.446405791349533,7.350925897665146,1.5679626217557219,5.346880102157593,5.39339697272313,12.373265718526962,1.3468222370816496
4,100,1000,[64],0.001,1000,100.74849700927734,100.79501387984288,141.96936843306554,48.594192956991314,61.31316270828247,61.359679578848,133.29485366255773,-10.29212048142421
4,100,1000,[128],1e-05,1000,0.7218846254050731,0.7684014959706095,3.057648395605209,-1.305957342080948,2.696916389465332,2.743433260030868,5.547086214132431,-0.6894889721201631
4,100,1000,[128],0.0001,1000,7.359150224924088,7.405667095489624,11.18150184065831,0.1357298246098783,12.057960796356202,12.104477666921738,20.880350565023544,7.4421019306851655
4,100,1000,[128],0.001,1000,241.5780517578125,241.62456862837803,399.90445754439367,160.42527053267492,224.60033445358278,224.64685132414832,489.29358718306554,3.77257678420079
4,100,1000,"[128, 128]",1e-05,1000,5.270595133304596,5.3171120038701325,10.823612665243271,1.2490850439740446,7.680406856536865,7.726923727102402,23.317842935629013,1.2451796284390715
4,100,1000,"[128, 128]",0.0001,1000,115.4824348449707,115.52895171553624,171.11357924849523,45.40435836226475,107.52362976074218,107.57014663130772,177.59374282271398,41.36925551802647
4,100,1000,"[128, 128]",0.001,1000,23824.163427734376,23824.209944604943,40821.56604812056,7563.646614526816,26097.94951171875,26097.996028589318,40347.19495437056,10154.928352808065
4,100,1000,[256],1e-05,1000,1.6163082361221313,1.6628251066876676,5.334961389608505,-1.6156888255404207,2.095741633325815,2.1422585038913513,5.362042879171494,-1.9197488078402254
4,100,1000,[256],0.0001,1000,20.233696269989014,20.28021314055455,34.850853418417095,11.388703798360947,25.814767360687256,25.861284231252792,40.32144973189366,11.688210939474228
4,100,1000,[256],0.001,1000,402.8091186523437,402.85563552290927,596.4652790775967,216.42864272505773,602.8285888671875,602.875105737753,1074.6324543705655,310.98767897994054
4,100,1000,"[256, 256]",1e-05,1000,16.282881927490234,16.32939879805577,25.349012826986435,9.844752763815048,19.299143886566164,19.3456607571317,29.25190207869542,8.064980959005478
4,100,1000,"[256, 256]",0.0001,1000,368.93225860595703,368.97877547652257,547.1261067143155,222.71224257857335,406.0895721435547,406.1360890141202,582.2486653080655,181.62975356490148
4,100,1000,"[256, 256]",0.001,1000,86075.18046875,86075.22698562057,126418.39807937057,41692.39026687056,120356.6046875,120356.65120437057,205642.42151687056,48157.49182937056
4,100,2000,[32],1e-05,1000,-0.02091759592294693,0.025599274642589348,3.470921968526962,-2.8136127242373203,1.897459475696087,1.9439763462616233,6.887803529806259,-2.1889622458742832
4,100,2000,[32],0.0001,1000,4.786527848243713,4.83304471880925,8.613560175008896,2.154863094396713,6.482501697540283,6.52901856810582,12.457971071310165,3.357263063497665
4,100,2000,[32],0.001,1000,148.3752670288086,148.42178389937413,235.43241164595617,60.53014418990147,231.35073699951172,231.39725387007726,391.19373366744054,160.79583022505773
4,100,2000,[64],1e-05,1000,0.9321336537599564,0.9786505243254927,2.0788330784512783,-1.3952293643282625,1.3152541808784008,1.3617710514439372,7.196715807027939,-1.1878056773470613
4,100,2000,[64],0.0001,1000,10.168227672576904,10.21474454314244,16.292913888998154,5.259967302389267,12.417857456207276,12.464374326772813,19.099405740804794,6.670548891134384
4,100,2000,[64],0.001,1000,384.34398651123047,384.390503381796,485.5818562260343,241.08687636763585,532.9125701904297,532.9590870609952,785.0601887455655,184.84191176802648
4,100,2000,[128],1e-05,1000,1.9055123627185822,1.9520292332841185,5.671116327352646,-1.450326467447159,2.909934234619141,2.956451105184677,8.975797151632431,-1.571539903573868
4,100,2000,[128],0.0001,1000,19.293845558166502,19.34036242873204,30.04497191817296,6.978154634542587,19.215442371368407,19.261959241933944,46.06732985884678,5.8741087666226655
4,100,2000,[128],0.001,1000,637.5803344726562,637.6268513432217,948.452156519003,443.15076491744054,757.5727401733399,757.6192570439053,1358.8651203861905,-226.40491440384852
4,100,2000,"[128, 128]",1e-05,1000,10.339064407348634,10.38558127791417,16.620756601400497,5.742619012899521,13.564488220214844,13.611005090780381,23.326380228109482,3.9268965473843838
4,100,2000,"[128, 128]",0.0001,1000,329.71946105957034,329.7659779301359,465.58155105025304,210.0625233402921,458.8960922241211,458.94260909468665,992.0623860111905,214.25402114302648
4,100,2000,"[128, 128]",0.001,1000,152241.13671875,152241.18323562056,211512.39026687056,105957.49182937057,185811.08984375,185811.13636062056,342660.48401687056,61305.49182937056
4,100,2000,[256],1e-05,1000,3.1217497527599334,3.1682666233254695,6.646355604238632,0.4297455898000028,4.607777601480484,4.65429447204602,8.958775972433212,0.9397559514714506
4,100,2000,[256],0.0001,1000,36.565566825866696,36.61208369643223,50.74301574141514,21.853601907796982,52.65458946228027,52.701106332845804,88.56697890669835,36.54099318892491
4,100,2000,[256],0.001,1000,1404.402099609375,1404.4486164799405,2014.781013940878,396.16004226119054,1870.792919921875,1870.8394367924404,3254.2435383549405,461.36853835494054
4,100,2000,"[256, 256]",1e-05,1000,31.56405192017555,31.610568790741087,55.65803191573155,0.5592398992253569,33.599236488342285,33.64575335890782,47.94846389204991,18.99036643416417
4,100,2000,"[256, 256]",0.0001,1000,1204.0700805664062,1204.1165974369717,2268.9364094486905,305.90857741744054,1765.761474609375,1765.8079914799405,2989.0980305424405,1195.8118977299405
4,100,2000,"[256, 256]",0.001,1000,639903.6375,639903.6840168706,911314.7965168706,440829.48401687056,752611.16875,752611.2152668706,1065376.6715168706,570837.8590168706
8,2,300,[32],1e-05,1000,-0.8658339351415634,3.739336250846528,5.98677032751336,-0.05320221620307031,-1.0726045846939087,3.5325656012941833,6.554433997099542,1.517955954497003
8,2,300,[32],0.0001,1000,0.30041820704936983,4.905588393037462,7.156935151045465,-2.346092764909125,0.699829238653183,5.304999424641275,7.081310446684503,1.004875595991754
8,2,300,[32],0.001,1000,5.942380213737488,10.54755039972558,14.407385762159967,6.820297892515802,6.197603392601013,10.802773578589104,20.733931477492,6.592520649855279
8,2,300,[64],1e-05,1000,-2.4890428245067597,2.116127361481332,5.317806716387414,-1.7369833632062441,-0.1382015198469162,4.466968666141176,7.562459881727838,-1.1799607916425234
8,2,300,[64],0.0001,1000,0.8698514111340045,5.475021597122097,7.699711974089288,3.433113034193658,-0.03564865663647652,4.569521529351615,6.037548239653253,-1.4821406050275332
8,2,300,[64],0.001,1000,13.46944065093994,18.07461083692803,23.712273533766414,8.695210392897271,14.180273532867432,18.785443718855525,25.431338246290828,11.689094479506158
8,2,300,[128],1e-05,1000,-0.07817189693450928,4.526998289053583,7.2698821381975645,0.9347845868517393,0.09469775855541229,4.699867944543504,8.587190325682306,3.1784462289263242
8,2,300,[128],0.0001,1000,2.015567946434021,6.620738132422113,8.846701558058404,4.845865424101495,2.2540014922618865,6.859171678249979,8.447094614927911,5.176266427462243
8,2,300,[128],0.001,1000,36.88009490966797,41.48526509565606,56.051066334669734,27.79871075910821,30.81294641494751,35.418116600935605,56.54922002119317,12.590801175062799
8,2,300,"[128, 128]",1e-05,1000,1.4682460725307465,6.073416258518838,10.520134861891412,1.8583332852770322,0.3705187112092972,4.975688897197389,7.53886264127984,1.4803549603868955
8,2,300,"[128, 128]",0.0001,1000,17.02794404029846,21.63311422628655,35.082568104689265,9.120685036604547,15.3731027841568,19.978272970144893,30.732470448439265,5.443680937712335
8,2,300,"[128, 128]",0.001,1000,913.2360168457031,917.8411870316912,1240.2183293656756,626.5045842484881,851.5925811767578,856.1977513627459,1068.995551045363,478.2824467973162
8,2,300,[256],1e-05,1000,0.9193509932607412,5.524521179248833,6.492318327849054,4.27406629485383,0.5833727851510048,5.188542971139096,9.001868184034967,0.5334100083757871
8,2,300,[256],0.0001,1000,2.920672523975372,7.525842709963464,10.307562764113092,5.403907473509454,4.187785708904267,8.792955894892359,12.956784184401178,5.766795213644647
8,2,300,[256],0.001,1000,66.66359367370606,71.26876385969415,100.23111623090996,48.50146001142755,67.63045234680176,72.23562253278985,97.19622700971856,54.39486211103692
8,2,300,"[256, 256]",1e-05,1000,2.943262720108032,7.548432906096124,9.460017140333795,6.556322987501764,4.173414067178965,8.778584253167057,18.823142941420222,4.549387666707181
8,2,300,"[256, 256]",0.0001,1000,44.10499095916748,48.710161145155574,70.95471852583184,35.192044194166805,56.17145824432373,60.776628430311824,86.47554677290215,29.94030469221368
8,2,300,"[256, 256]",0.001,1000,2956.90185546875,2961.5070256547383,3653.8256291703633,1990.313910420363,3322.2587158203123,3326.8638860063006,5218.100287373488,1866.638129170363
8,2,1000,[32],1e-05,1000,-0.29707966595888136,4.308090520029211,7.091192896788263,-2.2725048704694277,-0.41106693670153616,4.194103249286556,7.051851447050714,-0.7268086119245059
8,2,1000,[32],0.0001,1000,1.4091094315052033,6.014279617493295,6.705022509520196,5.029390688364648,1.4003620475530625,6.005532233541154,7.51867311758294,3.687098379557275
8,2,1000,[32],0.001,1000,52.346466636657716,56.95163682264581,96.16113942426934,21.18694775861993,46.457368564605716,51.06253875059381,115.41000264448418,18.773647244398738
8,2,1000,[64],1e-05,1000,0.32318074703216554,4.9283509330202575,6.850711758558893,2.50851219457879,0.7977465689182281,5.40291675490632,7.5565573529650205,0.4099339799334043
8,2,1000,[64],0.0001,1000,4.401551759243011,9.006721945231103,14.503130848829889,5.733353431646966,5.053340268135071,9.658510454123164,13.949284489576959,5.695305283491754
8,2,1000,[64],0.001,1000,151.40137329101563,156.00654347700373,228.47644704145685,97.95622151655449,122.47603988647461,127.0812100724627,184.7649144486834,71.92086690229668
8,2,1000,[128],1e-05,1000,0.8295911096036435,5.434761295591735,7.5068864182878965,1.268026526396417,0.4521445035934448,5.057314689581537,7.409039433424615,-1.5383659048627383
8,2,1000,[128],0.0001,1000,9.979220318794251,14.584390504782343,22.226500447218562,7.132575209562921,7.136001467704773,11.741171653692865,20.37405484480157,7.098555977766656
8,2,1000,[128],0.001,1000,254.2406494140625,258.84581960005056,316.7658757523943,208.3683080033709,285.4646270751953,290.0697972611834,425.5685796098162,207.64632314008966
8,2,1000,"[128, 128]",1e-05,1000,5.418574821949005,10.023745007937098,16.883519108717586,5.939828212683343,5.2914467573165895,9.896616943304682,12.128534253065729,7.205811198179864
8,2,1000,"[128, 128]",0.0001,1000,141.90926208496094,146.51443227094904,223.8469456986834,106.41386311811699,118.06607093811036,122.67124112409844,185.8381566361834,65.72292607588066
8,2,1000,"[128, 128]",0.001,1000,27792.580859375,27797.186029560988,38773.44501393599,16475.737982685987,29960.53994140625,29965.145111592235,46262.63642018599,14877.613959248489
8,2,1000,[256],1e-05,1000,1.3848958969116212,5.9900660828997125,7.305727894728326,3.7969577865053648,2.1009904503822328,6.706160636370324,8.440388138716363,3.649033959334039
8,2,1000,[256],0.0001,1000,19.283890056610108,23.889060242598198,31.900608952467586,13.325957234327936,19.623958015441893,24.229128201429987,35.15515416425958,16.880764897291805
8,2,1000,[256],0.001,1000,504.1027526855469,508.70792287153495,640.1174992875506,406.7536382035662,583.2870544433594,587.8922246293474,895.4164494828631,417.7319096879412
8,2,1000,"[256, 256]",1e-05,1000,14.551662373542786,19.156832559530876,28.024340565626765,7.110537703459405,15.113698720932007,19.7188689069201,35.30408948225274,10.434628899519586
8,2,1000,"[256, 256]",0.0001,1000,487.5723571777344,492.17752736372245,617.8278264359881,340.2430180863787,507.7975219726562,512.4026921586443,737.1185979203631,319.8014592484881
8,2,1000,"[256, 256]",0.001,1000,126172.4953125,126177.10048268599,215298.027045186,102935.63642018598,125141.146875,125145.75204518599,183861.120795186,63447.55829518599
8,2,2000,[32],1e-05,1000,0.8692705452442169,5.474440731232309,9.301755841200494,3.560667570059442,-0.5329938106238842,4.072176375364208,8.500650580351495,-2.26749140458808
8,2,2000,[32],0.0001,1000,2.971831977367401,7.577002163355493,11.098200257246637,5.723605211203241,4.171523833274842,8.776694019262933,12.949822361891412,6.89424103063836
8,2,2000,[32],0.001,1000,229.97749786376954,234.58266804975764,337.5401067094256,148.82031911176935,241.36654205322264,245.97171223921075,325.4334477738787,174.5779027299334
8,2,2000,[64],1e-05,1000,1.423751986026764,6.028922172014855,6.941054757063531,4.792478974287652,1.1699675440788269,5.775137730066919,7.386669333403253,2.8312750415255064
8,2,2000,[64],0.0001,1000,6.8464209794998165,11.451591165487908,17.293479855482722,7.051315482084894,10.699507713317871,15.304677899305963,24.9626969651629,9.286058361952447
8,2,2000,[64],0.001,1000,425.54065704345703,430.1458272294451,573.5079411820818,213.1395482377459,426.15794372558594,430.763113911574,716.6873235063006,174.2544621781756
8,2,2000,[128],1e-05,1000,1.1656310319900514,5.770801217978143,7.715951617186212,2.9054000930239194,0.9225754082202912,5.527745594208383,6.419821675245904,3.912610347693109
8,2,2000,[128],0.0001,1000,23.80757694244385,28.41274712843194,38.380175526564265,21.395323689406062,24.18991651535034,28.795086701338434,44.283835347120906,15.685878689711236
8,2,2000,[128],0.001,1000,858.5487213134766,863.1538914994646,1109.9441594438006,487.1884526566912,961.2667755126953,965.8719456986834,1485.494086201613,488.3044194535662
8,2,2000,"[128, 128]",1e-05,1000,10.981587553024292,15.586757739012384,26.404990132277156,8.79661649030938,11.641981887817384,16.247152073805474,24.6588525132586,10.163492138807916
8,2,2000,"[128, 128]",0.0001,1000,473.27807159423827,477.88324178022634,640.2302312211443,254.34993642133966,405.59462280273436,410.19979298872244,760.9828557328631,143.85249989790216
8,2,2000,"[128, 128]",0.001,1000,166946.865625,166951.470795186,222445.964545186,106630.54267018598,182203.6296875,182208.234857686,355788.44892018597,122190.62079518598
8,2,2000,[256],1e-05,1000,2.7137128353118896,7.318883021299982,8.83499186796441,6.159599955504083,3.375137686729431,7.980307872717523,12.62128918928399,5.34883087438836
8,2,2000,[256],0.0001,1000,48.0850152015686,52.690185387556696,67.91633885664238,20.33707803053155,43.775689697265626,48.38085988325372,77.76869099897637,24.68310254377618
8,2,2000,[256],0.001,1000,1843.08271484375,1847.687885029738,2372.1613225297383,1470.474310810988,2217.412841796875,2222.0180119828633,2974.1527776078633,1412.707465107863
8,2,2000,"[256, 256]",1e-05,1000,37.20808868408203,41.81325887007012,66.84641545576348,17.401668484633113,38.22215204238891,42.82732222837701,64.36176579756035,18.920497830336238
8,2,2000,"[256, 256]",0.0001,1000,1744.4862182617187,1749.0913884477068,2262.1398381547383,1344.527533467238,1942.28232421875,1946.8874944047382,2795.2230901078633,1024.848090107863
8,2,2000,"[256, 256]",0.001,1000,712087.33125,712091.9364201861,815780.917670186,599805.355170186,736307.08125,736311.6864201861,1443866.105170186,307906.82392018597
8,3,300,[32],1e-05,1000,-1.2027997408062219,1.099785352187824,4.415659395667386,-5.617141278771091,-0.39458504915237425,1.9080000438416715,5.952288118811917,-5.53275111534946
8,3,300,[32],0.0001,1000,-0.041110068559646606,2.2614750244343993,3.9573111214364287,0.4110973753655669,0.7269093155860901,3.029494408580136,5.78993126532681,0.34592649123318164
8,3,300,[32],0.001,1000,6.3359740495681764,8.638559142562222,13.074862925025297,5.065785376044583,8.248177933692933,10.55076302668698,14.731143442603422,4.6395427860940215
8,3,300,[64],1e-05,1000,0.18455870673060418,2.48714379972465,3.9641728081429717,-0.02902963974826367,-0.7215813130140305,1.5810037799800154,3.695281235190701,-1.072609456566501
8,3,300,[64],0.0001,1000,1.907701624557376,4.210286717551422,7.048568693610501,2.3276083261395213,1.844083134829998,4.146668227824044,7.610706774207425,1.7654442467416045
8,3,300,[64],0.001,1000,14.141846752166748,16.444431845160793,21.570065943213773,11.291476694556547,18.953299045562744,21.25588413855679,33.162009684058496,11.63834139487393
8,3,300,[128],1e-05,1000,0.6887117028236389,2.991296795817685,4.974694458457303,1.5007438339913604,-0.9272072732448577,1.3753778197491882,3.7029487766946074,-3.4526343665396455
8,3,300,[128],0.0001,1000,2.304688996076584,4.60727408907063,8.196628061744047,1.4555990376199004,1.8048693381249905,4.107454431119036,7.776881662818265,2.2297462724769828
8,3,300,[128],0.001,1000,37.076276779174805,39.37886187216885,46.341079203101465,28.830481974097562,29.083326530456542,31.38591162345059,43.186259714576074,21.515998331519437
8,3,300,"[128, 128]",1e-05,1000,1.2102516293525696,3.5128367223466155,6.685569254370999,-1.6266594252859834,1.6165323004126548,3.919117393406701,5.785345283957791,1.8321271815026519
8,3,300,"[128, 128]",0.0001,1000,16.668130230903625,18.97071532389767,39.44862696311123,5.68082687041409,15.206567764282227,17.509152857276273,23.336667505713773,8.74094149253018
8,3,300,"[128, 128]",0.001,1000,799.2883728027343,801.5909578957284,1707.1473116554941,280.3786043801034,724.8435974121094,727.1461825051034,1356.9196505226816,332.3324618019784
8,3,300,[256],1e-05,1000,0.7833104312419892,3.085895524236035,8.014822451087309,0.17927452704555957,-0.39560982286930085,1.906975270124745,3.7100476898873564,-2.0308113417898896
8,3,300,[256],0.0001,1000,5.802518546581268,8.105103639575315,11.12391325614102,2.669550982924771,4.36331740617752,6.665902499171566,10.590665308448148,3.225881902190518
8,3,300,[256],0.001,1000,70.99634819030761,73.29893328330166,91.40825220725186,53.98990580222256,65.51798057556152,67.82056566855557,95.04357477805264,40.715278116675684
8,3,300,"[256, 256]",1e-05,1000,2.8395820260047913,5.142167118998837,7.329265562506985,2.9247144140923735,4.339416885375977,6.642001978370023,10.308869806739164,4.501276222678494
8,3,300,"[256, 256]",0.0001,1000,51.75981750488281,54.062402597876854,67.01509424826749,30.730285135718656,57.924455642700195,60.22704073569424,84.53747889182218,32.647590128394434
8,3,300,"[256, 256]",0.001,1000,2877.935595703125,2880.2381807961187,3665.040622202369,2198.263766733619,3288.1971923828123,3290.4997774758062,5413.577975717994,1465.5124239601816
8,3,1000,[32],1e-05,1000,0.05514720380306244,2.357732296797108,6.426755873175931,-0.42311623909823926,0.10149112269282341,2.404076215686869,6.706864801856351,-0.6110925994192842
8,3,1000,[32],0.0001,1000,2.0516338884830474,4.354218981477093,6.542257276984524,2.021200207682919,2.5262881934642794,4.828873286458325,9.53789850852139,2.4483857431138274
8,3,1000,[32],0.001,1000,56.191048049926756,58.4936331429208,89.6984972634042,25.189124552222562,71.42157821655273,73.72416330954678,112.53314539572843,28.687415567847562
8,3,1000,[64],1e-05,1000,0.5994923800230026,2.9020774730170484,4.631140200110745,0.790798393699002,0.7245445489883423,3.027129641982388,5.060886351081204,1.015389172049832
8,3,1000,[64],0.0001,1000,5.344757318496704,7.64734241149075,14.12840601584561,3.7946593441689727,4.961566638946533,7.264151731940579,9.207174269172025,5.110090462180447
8,3,1000,[64],0.001,1000,126.09614715576171,128.39873224875575,183.3091158547128,90.61377283713468,137.12102661132812,139.42361170432216,249.8844637551034,87.88598963400968
8,3,1000,[128],1e-05,1000,1.4236508011817932,3.726235894175839,7.622467962714505,-1.252163203743625,0.7561504445970059,3.0587355375910517,8.270637003394437,-1.7981090865408662
8,3,1000,[128],0.0001,1000,12.016406345367432,14.31899143836148,22.59814592978604,10.039286104651762,11.947668075561523,14.25025316855557,18.032006708594633,9.816480127784086
8,3,1000,[128],0.001,1000,256.9460479736328,259.24863306662684,383.2179293312753,163.9188570656503,295.1417297363281,297.44431482932214,411.8064608254159,162.8883700051034
8,3,1000,"[128, 128]",1e-05,1000,6.091589403152466,8.394174496146512,13.47582575461514,4.33969065329678,5.265949535369873,7.568534628363919,13.739194361182523,4.260215250464749
8,3,1000,"[128, 128]",0.0001,1000,142.01467514038086,144.3172602333749,246.97682520529872,89.38637110373624,132.0133026123047,134.31588770529873,272.4212069191659,70.20892664572843
8,3,1000,"[128, 128]",0.001,1000,27730.1677734375,27732.470358530496,35998.93930384299,22510.269381967995,34293.5970703125,34295.89965540549,50648.46274134299,20414.792819467995
8,3,1000,[256],1e-05,1000,1.4654699862003326,3.7680550791943785,7.350732294532132,-1.0176368079458955,1.384065286628902,3.686650379622948,5.436176268073392,2.3174828697616574
8,3,1000,[256],0.0001,1000,23.66459903717041,25.96718413016446,32.910741297217676,10.375516382666898,24.01176528930664,26.314350382300688,36.63512751242764,16.50154825827725
8,3,1000,[256],0.001,1000,517.0405975341797,519.3431826271737,674.9596895851815,407.3757967629159,522.2050109863281,524.5075960793222,834.7782320656503,240.2304110207284
8,3,1000,"[256, 256]",1e-05,1000,19.43180408477783,21.734389177771877,27.664046732398344,16.339957682105375,16.709080743789674,19.01166583678372,27.738105265113187,7.434874502631497
8,3,1000,"[256, 256]",0.0001,1000,480.200830078125,482.50341517111906,602.6413302101815,405.1040682472909,553.5052368164063,555.8078219094003,888.4801973976815,255.5624422707284
8,3,1000,"[256, 256]",0.001,1000,118894.553125,118896.855710093,145055.31821009298,107318.701022593,110248.30625,110250.608835093,138149.91196009298,73316.919772593
8,3,2000,[32],1e-05,1000,0.30583289489150045,2.6084179878855465,8.590852228614164,-4.3273854575430635,-0.7089647233486176,1.5936203696454283,3.278496650668454,-0.3177757582937959
8,3,2000,[32],0.0001,1000,6.144168400764466,8.44675349375851,16.228533235999418,5.354863373252225,6.124704718589783,8.42728981158383,16.23246809622891,4.612508741828274
8,3,2000,[32],0.001,1000,210.3174575805664,212.62004267356045,303.59961268088466,172.2751803078378,179.03355712890624,181.33614222190027,260.20312830588466,105.27289148947843
8,3,2000,[64],1e-05,1000,0.5961484730243682,2.8987335660184144,5.018461195441556,1.2735078015053984,-0.28522316217422483,2.017361930819821,4.7562186398232695,0.17864796301968067
8,3,2000,[64],0.0001,1000,9.981723976135253,12.2843090691293,17.241460291358305,6.569974867316556,12.162475633621217,14.465060726615263,23.385104624244047,7.269919363471341
8,3,2000,[64],0.001,1000,480.8270263671875,483.12961146018154,673.9296602883065,322.6633944191659,455.9997863769531,458.30237146994716,660.7446016945565,311.82614466330654
8,3,2000,[128],1e-05,1000,2.369591352716088,4.672176445710134,7.205715624305081,2.280262292983603,2.738214361667633,5.040799454661679,8.624157873603178,3.566042272063565
8,3,2000,[128],0.0001,1000,22.740902423858643,25.04348751685269,36.602126566382715,18.161182848426176,27.796156692504884,30.09874178549893,45.119121042701074,19.482596842261625
8,3,2000,[128],0.001,1000,882.8429321289062,885.1455172219003,1082.6571993508066,655.9120821633065,913.1133178710937,915.4159029640878,1523.0119356789316,515.2438692726815
8,3,2000,"[128, 128]",1e-05,1000,11.672078895568848,13.974663988562895,20.247504679175687,8.7425179161752,16.636342144012453,18.9389272370065,23.727151361914945,13.9594311394418
8,3,2000,"[128, 128]",0.0001,1000,449.9419342041016,452.2445192970956,807.871921030494,324.02722498557216,451.3369903564453,453.63957544943935,570.5307345070565,200.0827059426034
8,3,2000,"[128, 128]",0.001,1000,174883.64296875,174885.945553843,240863.09946009298,120548.482272593,193925.275,193927.57758509298,271764.677585093,118295.169772593
8,3,2000,[256],1e-05,1000,4.1942589521408085,6.496844045134854,9.132389513465238,3.8014342465127227,3.958664584159851,6.261249677153897,10.382182566138578,3.359878269645047
8,3,2000,[256],0.0001,1000,54.51806907653808,56.820654169532126,72.85500666281827,44.58470865866787,45.123814010620116,47.42639910361416,79.83897730490811,30.366874186011625
8,3,2000,[256],0.001,1000,1934.6726318359374,1936.9752169289316,2830.311374155494,1390.4386934914316,1836.6953369140624,1838.9979220070566,2367.199801889869,836.3727755226815
8,3,2000,"[256, 256]",1e-05,1000,36.616845512390135,38.91943060538418,51.69527765891201,26.923608271094633,39.37544174194336,41.678026834937405,67.23593470236905,24.8055643715585
8,3,2000,"[256, 256]",0.0001,1000,1866.874755859375,1869.1773409523691,2221.566501108619,1415.8981661476816,1579.422900390625,1581.7254854836192,2139.967380014869,641.3102755226815
8,3,2000,"[256, 256]",0.001,1000,771027.875,771030.177585093,1217316.177585093,350151.740085093,732127.3125,732129.615085093,979052.115085093,352462.615085093
8,4,300,[32],1e-05,1000,0.8985378384590149,2.433594567121712,5.968024868311135,-1.2377275044305645,0.7826449334621429,2.3177016621248403,5.798254150690285,-1.8635405117853008
8,4,300,[32],0.0001,1000,-0.04310527667403221,1.491951451988665,5.032272714914528,-0.36563537663057666,0.24952289462089539,1.7845796232835927,3.9133597796575703,-2.014103274999412
8,4,300,[32],0.001,1000,5.8919697284698485,7.427026457132546,12.675099033655373,3.703198093713967,5.175495338439942,6.710552067102639,11.442707676233498,2.593087453188149
8,4,300,[64],1e-05,1000,0.582557700574398,2.1176144292370953,6.9116722529546895,-0.7980769688470684,-0.7266785502433777,0.8083781784193196,5.641849655451027,-2.8254636341913066
8,4,300,[64],0.0001,1000,0.8749752938747406,2.410032022537438,4.559221405328957,0.41749360019132276,0.6623503506183624,2.1974070792810596,5.148580927194802,-0.5921395832879863
8,4,300,[64],0.001,1000,14.557348537445069,16.092405266107768,24.84829105788633,8.638796467127053,15.326123523712159,16.861180252374858,25.26116909438535,11.96987308913633
8,4,300,[128],1e-05,1000,-0.9005139827728271,0.6345427458898701,2.4933450406210103,-1.084452968297752,0.6211203776299954,2.1561771062926924,3.271802324594704,0.5630383079664387
8,4,300,[128],0.0001,1000,1.2985423386096955,2.8335990672723925,8.696840423883645,-0.4383837992532573,1.9614872097969056,3.496543938459603,6.407247680963723,1.1860457842962422
8,4,300,[128],0.001,1000,37.66699638366699,39.202053112329686,65.29978527480527,26.825814861597266,29.906185150146484,31.44124187880918,40.078296322168555,23.278749126733985
8,4,300,"[128, 128]",1e-05,1000,1.167909375578165,2.702966104240862,3.769390959085671,1.487075503708569,1.7753661572933197,3.310422885956017,7.514893669428078,1.8112229889051594
8,4,300,"[128, 128]",0.0001,1000,17.045121669769287,18.580178398431983,24.02824367934629,11.76726021224424,15.398950147628785,16.934006876291484,26.94609798842832,5.561754364313332
8,4,300,"[128, 128]",0.001,1000,837.456591796875,838.9916485255377,1265.0633770411628,463.4890362208502,803.1551513671875,804.6902080958502,1041.3576885646003,553.8593975489752
8,4,300,[256],1e-05,1000,0.4548193871974945,1.9898761158601919,4.684463161768166,-2.67038569992617,0.16450492888689042,1.6995616575495878,5.049888510050026,-0.11889372414186816
8,4,300,[256],0.0001,1000,4.409237468242646,5.944294196905343,10.308351177515236,3.2599168007986226,4.22689436674118,5.7619510954038775,8.284022468866555,3.4080475752966084
8,4,300,[256],0.001,1000,69.19126319885254,70.72631992751523,99.48619045669004,42.78896679335996,66.78528022766113,68.32033695632383,110.58712734633848,47.12240948134824
8,4,300,"[256, 256]",1e-05,1000,4.736463308334351,6.271520036997048,10.315338749231545,3.716487306894509,4.801129847764969,6.336186576427666,11.948291439356057,2.015901881994454
8,4,300,"[256, 256]",0.0001,1000,50.28174724578857,51.81680397445127,81.42903103286191,26.927301067651953,38.155440711975096,39.69049744063779,50.746806759180274,30.167741436304297
8,4,300,"[256, 256]",0.001,1000,3506.56279296875,3508.0978496974126,4873.236716884912,2468.1581036036628,3409.331433105469,3410.8664898341317,5214.951560634912,1745.7541729396003
8,4,1000,[32],1e-05,1000,-0.3161590024828911,1.2188977261798062,5.449587721170632,-1.871048551259788,-0.33413865715265273,1.2009180715100445,3.703307051004616,-0.9525321537835918
8,4,1000,[32],0.0001,1000,2.5506869345903396,4.085743663253037,7.170576710046975,1.7033552413599171,2.1369006857275963,3.6719574143902936,9.728778499902932,0.8077351039068379
8,4,1000,[32],0.001,1000,72.11326599121094,73.64832271987363,114.08960689956113,26.941108364404883,63.49560489654541,65.03066162520811,105.60629238540098,32.008607525171485
8,4,1000,[64],1e-05,1000,0.469710099697113,2.00476682835981,5.532436985315529,-1.2319463307245098,0.7598394066095352,2.2948961352722326,5.554419655145852,-0.6562493855340801
8,4,1000,[64],0.0001,1000,5.674347639083862,7.20940436774656,13.128743786157814,5.395017284692971,5.822878384590149,7.3579351132528465,11.653459209741799,2.431906837763039
8,4,1000,[64],0.001,1000,134.1318504333496,135.6669071620123,184.4087597315924,90.45991482192441,125.24441299438476,126.77946972304746,185.97147335463927,75.25363125258848
8,4,1000,[128],1e-05,1000,1.7758102603256702,3.3108669889883675,4.912237781824318,1.4772664269225277,1.2671281963586807,2.802184925021378,4.004474300684182,1.2014478033201375
8,4,1000,[128],0.0001,1000,11.529881477355957,13.064938206018654,18.6324573939459,7.549568790735451,12.718322801589967,14.253379530252664,29.82941975051328,3.820554870905129
8,4,1000,[128],0.001,1000,296.0716979980469,297.6067547267096,424.68343319350646,206.55399288588927,216.84028015136718,218.3753368800299,402.8268047755377,99.41079677993223
8,4,1000,"[128, 128]",1e-05,1000,7.5194305896759035,9.054487318338602,13.409701961816994,4.455943245233742,5.334985971450806,6.870042700113503,9.473562378229348,2.5120135729925313
8,4,1000,"[128, 128]",0.0001,1000,140.02184143066407,141.55689815932678,176.39380611831115,97.2866207545416,118.10865669250488,119.64371342116758,204.98044552260802,65.47546734267637
8,4,1000,"[128, 128]",0.001,1000,29892.700390625,29894.23544735366,44582.972556728666,17486.703025478662,35020.60546875,35022.140525478666,50135.074119228666,20505.503806728662
8,4,1000,[256],1e-05,1000,1.8265687674283981,3.3616254960910954,7.213772434534279,-0.2994475180490337,1.563320630788803,3.0983773594515003,7.5511423533575215,-2.957746844945701
8,4,1000,[256],0.0001,1000,23.882738018035887,25.417794746698583,36.975730556787695,15.801390308679787,21.467624282836915,23.00268101149961,31.46354641372129,17.504655498804297
8,4,1000,[256],0.001,1000,606.1213195800781,607.6563763087407,743.2767559474127,424.7787090724127,585.3787353515625,586.9137920802251,838.1447979396002,472.6416241114752
8,4,1000,"[256, 256]",1e-05,1000,20.75091791152954,22.285974640192237,32.80960430556699,13.416208881677834,18.821322536468507,20.356379265131203,33.912707943262305,12.04304089003965
8,4,1000,"[256, 256]",0.0001,1000,448.7713287353516,450.3063854640143,695.1828228419439,177.17960323745177,519.8971801757813,521.4322369044439,941.7234112208502,263.2614971583502
8,4,1000,"[256, 256]",0.001,1000,111388.85234375,111390.38740047866,142913.31630672867,82242.68349422867,115689.5359375,115691.07099422866,184892.01943172867,30117.261619228662
8,4,2000,[32],1e-05,1000,0.8383096009492874,2.3733663296119847,5.574238437952248,-1.266563277898582,0.7298576910048723,2.2649144196675697,9.063333172144143,-1.5065458828790508
8,4,2000,[32],0.0001,1000,4.999638450145722,6.534695178808419,11.123033184351174,3.5072496121542134,5.840793228149414,7.375849956812111,14.357091564478127,2.318868893923012
8,4,2000,[32],0.001,1000,216.053125,217.5881817286627,273.8432537501471,165.37607540542052,216.34641876220704,217.88147549086975,332.8569561427252,153.37772335463927
8,4,2000,[64],1e-05,1000,0.5024892568588257,2.0375459855215228,5.49746097976133,-3.0648878628595195,0.48548888713121413,2.0205456157939112,3.0105613654272236,-0.4293974453790508
8,4,2000,[64],0.0001,1000,14.076515674591064,15.611572403253762,20.678514141382422,9.593090671838967,13.081818771362304,14.616875500025001,23.836923260034766,8.75808395797178
8,4,2000,[64],0.001,1000,406.6343307495117,408.16938747817443,605.5363995021002,204.97733272963927,504.76473541259764,506.29979214126035,795.6176983302252,236.86685909682677
8,4,2000,[128],1e-05,1000,2.8711223125457765,4.406179041208474,8.136867660822121,1.7287347500936665,0.0729351669549942,1.6079918956176915,3.101578492464272,-0.008110743222983885
8,4,2000,[128],0.0001,1000,21.70331573486328,23.238372463525977,33.723682064356055,19.13458790236875,25.91419048309326,27.44924721175596,45.83840908461973,17.266744274439063
8,4,2000,[128],0.001,1000,809.2988037109375,810.8338604396001,925.6844707911627,566.9812237208502,937.1563232421875,938.6913799708501,1251.4460674708503,611.3220440333502
8,4,2000,"[128, 128]",1e-05,1000,13.603823566436768,15.138880295099465,21.29940952712461,10.141583103479592,12.964576911926269,14.499633640588966,21.727193493189063,9.914582866968361
8,4,2000,"[128, 128]",0.0001,1000,459.1058288574219,460.6408855860846,634.7616192286627,346.3087383692877,602.2067077636718,603.7417644923345,980.2624737208502,379.4304424708502
8,4,2000,"[128, 128]",0.001,1000,194442.0625,194443.59755672867,235663.98818172867,134947.30068172867,182304.99375,182306.52880672866,309581.69130672864,119610.26161922867
8,4,2000,[256],1e-05,1000,3.032828116416931,4.567884845079629,7.7522555773870625,2.131632465662209,5.329124641418457,6.8641813700811545,15.114215511621682,3.2218195384161152
8,4,2000,[256],0.0001,1000,49.28532180786133,50.820378536524025,61.268169063867774,40.98419537002012,53.17137680053711,54.706433529199806,75.97817959243223,29.98520054274961
8,4,2000,[256],0.001,1000,1732.3571166992188,1733.8921734278815,2446.6288067286628,1331.6828838771003,2059.8126220703125,2061.3476787989753,2891.4740215724128,1131.9543682521003
8,4,2000,"[256, 256]",1e-05,1000,35.48837890625,37.023435634912694,54.752498287500586,26.698411602319922,32.69261131286621,34.22766804152891,53.75015224868223,20.151902813257422
8,4,2000,"[256, 256]",0.0001,1000,1898.5551879882812,1900.090244716944,2832.7850567286628,1256.9770733302253,1816.8114868164062,1818.346543545069,2646.3617168849128,819.7678448146002
8,4,2000,"[256, 256]",0.001,1000,881598.4875,881600.0225567287,1357353.5350567286,674579.1600567286,767995.946875,767997.4819317287,915590.5350567286,502820.75380672864
8,7,300,[32],1e-05,1000,-0.6248367577791214,0.14269160655222723,3.3451691361971934,-4.7096940782956045,-0.9714133083820343,-0.2038849440506857,4.86638910499297,-3.8655754831723135
8,7,300,[32],0.0001,1000,0.5705146491527557,1.3380430134841044,4.2733309957095225,-0.6229697969845693,0.45103955566883086,1.2185679200001795,3.9551988336154063,-1.821546724169628
8,7,300,[32],0.001,1000,5.974044919013977,6.741573283345326,11.239183256299121,3.3423448297091563,7.955127620697022,8.722655985028371,11.829378912121875,5.352615186841114
8,7,300,[64],1e-05,1000,1.2396919261664152,2.007220290497764,4.77279550758086,-0.7122772243908804,0.22767578363418578,0.9952041479655345,3.2052982541628916,-1.1358360556057852
8,7,300,[64],0.0001,1000,1.7736541718244552,2.541182536155804,7.2002485486575205,-1.0442061928204458,1.3145505882799626,2.0820789526113113,5.374630281598194,-1.8269843367031973
8,7,300,[64],0.001,1000,16.06246738433838,16.829995748669727,27.54987127509795,7.976081678540333,15.264747524261475,16.032275888592824,21.022165128857715,10.211397001416309
8,7,300,[128],1e-05,1000,-0.0896498680114746,0.6778784963198741,4.594235727460011,-3.6504647043637197,1.158413255214691,1.9259416195460397,7.639118501813038,-4.396903684466259
8,7,300,[128],0.0001,1000,2.6419757932424544,3.409504157573803,8.119382688672168,0.5113740953513224,3.351324427127838,4.118852791459187,9.608118841321094,2.294518062741383
8,7,300,[128],0.001,1000,32.23020629882812,32.99773466315947,46.783191511304004,22.5758112165042,34.26594772338867,35.03347608772002,50.70057661262236,8.971956083447559
8,7,300,"[128, 128]",1e-05,1000,1.2418174207210542,2.009345785052403,5.0665252896853525,-0.7185868528775137,1.8770580023527146,2.644586366684063,6.791604826123341,0.8575320633956034
8,7,300,"[128, 128]",0.0001,1000,16.296901798248292,17.06443016257964,24.2780817243167,8.231723615796191,15.616077709197999,16.383606073529347,24.25433332648955,10.076048681408984
8,7,300,"[128, 128]",0.001,1000,746.6431640625,747.4106924268314,960.0274160596439,550.6277578565189,901.4810302734375,902.2485586377688,1257.5629385205814,665.4369619580814
8,7,300,[256],1e-05,1000,0.17153931222856045,0.9390676765599091,4.6825178357668955,-3.172142436831371,-0.3908176064491272,0.3767107578822214,4.430153200299366,-1.82039182457246
8,7,300,[256],0.0001,1000,3.503659021854401,4.2711873861857494,7.112936803967579,1.729719350010975,5.470098638534546,6.237627002865895,10.29804784980498,2.501286337048634
8,7,300,[256],0.001,1000,63.52862777709961,64.29615614143096,86.96066648688995,34.90439207282744,75.72357940673828,76.49110777106964,112.01143247810089,52.607837507397754
8,7,300,"[256, 256]",1e-05,1000,5.094811749458313,5.862340113789662,9.376429388196094,3.08967954841338,5.187125706672669,5.9546540710040174,13.191315481335742,1.9105001184054453
8,7,300,"[256, 256]",0.0001,1000,49.11304817199707,49.88057653632842,64.75384885993682,33.32278806892119,55.9082389831543,56.675767347485646,78.38859922614776,37.03699094978057
8,7,300,"[256, 256]",0.001,1000,3181.493017578125,3182.2605459424562,4908.630809614331,2493.344676801831,2956.63388671875,2957.4014150830812,5426.756297895581,1876.8510244580814
8,7,1000,[32],1e-05,1000,1.4524256527423858,2.2199540170737344,5.775025198132618,-2.0049685743740957,0.18856075704097747,0.9560891213723262,2.366770336300953,-2.388084342806713
8,7,1000,[32],0.0001,1000,3.021917325258255,3.789445689589604,7.424948522717579,1.5043840500422556,4.026238358020782,4.793766722352131,11.308440992505176,0.23065585818968604
8,7,1000,[32],0.001,1000,55.21896800994873,55.98649637428008,77.77640897956573,24.325998136670215,52.67003288269043,53.437561247021776,73.54982359138214,38.541187116772754
8,7,1000,[64],1e-05,1000,1.0669777929782867,1.8345061573096353,4.656400749356373,-3.1994048860958975,1.10891495347023,1.8764433178015787,4.745444605023487,-2.9002243784359854
8,7,1000,[64],0.0001,1000,4.3245301127433775,5.092058477074726,10.995755026013477,1.274220893056019,5.0243358492851256,5.791864213616474,10.701753446728809,0.005829283864124513
8,7,1000,[64],0.001,1000,119.60358657836915,120.3711149427005,210.19511015144073,59.485645124585254,132.47144317626953,133.2389715406009,188.9238393994876,92.20845396247589
8,7,1000,[128],1e-05,1000,0.8716038882732391,1.6391322526045877,5.6976545545168955,-1.39373748573579,0.7734634411521256,1.5409918054834741,5.282931635052784,-1.511363675921337
8,7,1000,[128],0.0001,1000,13.731396865844726,14.498925230176074,19.822702238232715,8.909815618664844,12.905433940887452,13.6729623052188,20.874051878125293,7.0072763654299814
8,7,1000,[128],0.001,1000,290.74652709960935,291.5140554639407,351.69700224128445,245.36652738776885,287.3956298828125,288.1631582471438,381.5633047315188,173.79450590339385
8,7,1000,"[128, 128]",1e-05,1000,6.26746096611023,7.0349893304415785,11.69317609992705,3.334390947491749,7.539767122268676,8.307295486600026,15.140361616284473,4.690510818631275
8,7,1000,"[128, 128]",0.0001,1000,137.77239074707032,138.53991911140167,172.9255483838626,56.58575803962432,114.63970260620117,115.40723097053252,177.91633207526885,86.52626402106964
8,7,1000,"[128, 128]",0.001,1000,30351.7111328125,30352.478661176832,38574.21674711433,18007.249950239333,28506.6931640625,28507.460692426834,37502.66205961433,20341.644481489333
8,7,1000,[256],1e-05,1000,1.2249513804912566,1.9924797448226053,3.642207214505299,-1.060678174822704,1.7588946312665938,2.5264229955979425,4.712123224408253,0.19714058366499732
8,7,1000,[256],0.0001,1000,20.980972480773925,21.748500845105273,28.40812856879912,10.000779935986621,21.667170906066893,22.43469927039824,30.313247511059863,8.848573515088184
8,7,1000,[256],0.001,1000,566.6631164550781,567.4306448194095,780.4062612744876,437.9503286573001,653.8386962890625,654.6062246533938,819.6005361768314,335.0631826612063
8,7,1000,"[256, 256]",1e-05,1000,18.119763565063476,18.887291929394824,32.237626859814746,12.442532369763477,18.373648643493652,19.141177007825,26.351810285718066,12.869027921826465
8,7,1000,"[256, 256]",0.0001,1000,486.68305053710935,487.4505789014407,668.6944692823001,348.2107656690188,439.068505859375,439.83603422370635,594.6056631299564,302.3554189893313
8,7,1000,"[256, 256]",0.001,1000,116995.621875,116996.38940336433,157441.28315336432,66349.89252836433,113083.16015625,113083.92768461433,163670.06440336432,40625.31830961433
8,7,2000,[32],1e-05,1000,0.9193743139505386,1.6869026782818872,4.3537424298831064,-1.331019094317333,0.8063129730522632,1.573841337383612,6.630203077466114,-1.2626206186703604
8,7,2000,[32],0.0001,1000,6.175222778320313,6.9427511426516615,11.370216200024707,4.763103792340382,7.5833890557289125,8.350917420060261,14.40946085181914,2.176568934590443
8,7,2000,[32],0.001,1000,209.67524185180665,210.442770216138,341.4048269483157,118.08311826911651,228.47300720214844,229.2405355664798,336.0989492627688,159.9021108838626
8,7,2000,[64],1e-05,1000,1.0352822914719582,1.8028106558033068,4.9743927213259775,-1.1291579512051504,0.08836134374141694,0.8558897080727655,4.597632953793629,-1.4753550795010488
8,7,2000,[64],0.0001,1000,13.187490749359132,13.95501911369048,19.17477781501494,9.682966062695606,12.674946498870849,13.442474863202197,24.609649488598926,7.550103971631153
8,7,2000,[64],0.001,1000,425.6548645019531,426.42239286628444,491.4120596143313,338.4303701612063,409.2390502929687,410.00657865730005,634.1948965283939,237.57514555183135
8,7,2000,[128],1e-05,1000,1.9083190441131592,2.6758474084445076,4.746362516553028,0.8771905991145212,2.094643722753972,2.8621720870853204,8.157509157330615,-3.0026492384365957
8,7,2000,[128],0.0001,1000,25.640628242492674,26.408156606824022,36.59963590827666,20.335195371777637,27.099857902526857,27.867386266858205,43.90344602790557,18.971629926831348
8,7,2000,[128],0.001,1000,840.8575317382813,841.6250601026127,1091.7551992627689,589.8087881299564,791.3881591796875,792.1556875440189,980.4115713330814,641.8920400830814
8,7,2000,"[128, 128]",1e-05,1000,12.266082620620727,13.033610984952077,18.72285825935088,8.18963367667876,16.217918586730956,16.985446951062304,22.616052457959277,13.214044401318652
8,7,2000,"[128, 128]",0.0001,1000,449.8434753417969,450.6110037061282,813.5773428174564,230.7163198682376,386.9825439453125,387.7500723096438,578.4044912549564,248.34955961433135
8,7,2000,"[128, 128]",0.001,1000,206875.5125,206876.28002836433,341090.3612783643,113397.43940336433,216886.5234375,216887.29096586432,350503.4550283643,155255.81440336432
8,7,2000,[256],1e-05,1000,3.8064884543418884,4.574016818673237,7.202170202405079,1.769609281689747,4.091284966468811,4.858813330800159,9.96003801551543,0.3699999543734629
8,7,2000,[256],0.0001,1000,51.81063804626465,52.578166410596,71.33871824470245,38.86863310065947,57.011114501953124,57.77864286628447,89.33116514411651,36.95672971931182
8,7,2000,[256],0.001,1000,1616.2799072265625,1617.0474355908939,2200.456981489331,1190.9945791455814,1541.95048828125,1542.7180166455814,2369.705516645581,486.9320791455813
8,7,2000,"[256, 256]",1e-05,1000,30.614887619018553,31.3824159833499,42.462791273266895,22.84065038886748,37.04372329711914,37.81125166145049,57.378894636304004,14.841279813916309
8,7,2000,"[256, 256]",0.0001,1000,1992.292236328125,1993.0597646924564,2529.351756879956,1678.1210439893314,2091.751708984375,2092.519237348706,3078.792430708081,1634.1225088330814
8,7,2000,"[256, 256]",0.001,1000,736245.6359375,736246.4034658644,1053647.8925283644,236559.75190336432,672059.85,672060.6175283643,1057142.2675283644,348696.2675283643
8,10,300,[32],1e-05,1000,-1.1903354151174426,-0.6786498388965435,1.4946837089265874,-4.8394401409421866,0.3035837970674038,0.8152693732883028,4.326192106982618,-1.0096736290250727
8,10,300,[32],0.0001,1000,1.291838790103793,1.8035243663246923,5.730859007617384,-1.2259538509641597,1.0994074463844299,1.611093022605329,6.9759027621950205,-1.6152718403135249
8,10,300,[32],0.001,1000,7.793700098991394,8.305385675212293,14.89843579747334,3.625542607089429,7.80034077167511,8.312026347896008,13.345153059741406,4.1359862945283945
8,10,300,[64],1e-05,1000,0.12364046275615692,0.635326038977056,2.654095139285474,-3.2170496322904536,1.237572032213211,1.7492576084341103,4.805453982135206,-3.3991878368650386
8,10,300,[64],0.0001,1000,1.472790476679802,1.984476052900701,6.224716868182569,-0.6534421779905267,2.297011858224869,2.808697434445768,7.409290518542677,-0.4133251049314447
8,10,300,[64],0.001,1000,15.558534717559814,16.070220293780714,22.55953904606953,9.788254942675977,15.605029010772705,16.116714586993606,22.446212019702344,9.48975774266377
8,10,300,[128],1e-05,1000,1.6110092461109162,2.122694822331815,5.863518442889601,-0.5415494777952142,0.2583658128976822,0.7700513891185812,3.6449503562654546,-2.756395135143847
8,10,300,[128],0.0001,1000,2.8100442975759505,3.3217298737968495,5.038577761432081,0.5530383846963934,1.730510377883911,2.24219595410481,4.238759007235914,-1.552551541546435
8,10,300,[128],0.001,1000,34.21009902954101,34.72178460576191,42.354340758105664,26.536681380053906,31.372444915771485,31.884130491992384,60.69593163945332,17.29951402165547
8,10,300,"[128, 128]",1e-05,1000,0.9422956854104996,1.4539812616313985,4.6790301463808115,-0.5088589527402826,1.8697499140631408,2.38143549028404,4.66504546620503,-0.17990932247981506
8,10,300,"[128, 128]",0.0001,1000,16.520188570022583,17.03187414624348,26.422599043628125,8.397357668658643,17.941421508789062,18.45310708500996,27.69699021794453,10.083784308215527
8,10,300,"[128, 128]",0.001,1000,713.4985992431641,714.010284819385,1020.2082187793459,275.66973611333026,822.12314453125,822.6348301074709,1137.0052158496585,547.0081455371584
8,10,300,[256],1e-05,1000,0.48802962005138395,0.999715196272283,3.7338616512025884,-1.4689431526456782,0.3289813004434109,0.84066687666431,4.535456385394483,-2.5252375938688227
8,10,300,[256],0.0001,1000,5.21462619304657,5.726311769267469,7.833244528552442,3.764730419894605,5.296150732040405,5.8078363082613045,9.877749647876172,2.558007206698804
8,10,300,[256],0.001,1000,60.34510250091553,60.85678807713643,74.28455850102559,28.350753035327344,53.821857643127444,54.33354321934834,69.7434742114748,20.938208784839063
8,10,300,"[256, 256]",1e-05,1000,6.116670727729797,6.628356303950697,8.993075575610547,4.11097380139485,4.601062670350075,5.112748246570974,8.342123236438184,0.3619378767217688
8,10,300,"[256, 256]",0.0001,1000,44.094195175170896,44.605880751391794,63.211308684131055,28.242064680835156,44.902687549591064,45.41437312581196,89.63480111577168,12.303840842029004
8,10,300,"[256, 256]",0.001,1000,2971.9772705078126,2972.4889560840334,3676.5861484668458,2183.9660312793458,2892.3976928710936,2892.9093784473143,4487.698697294971,1731.6712314746585
8,10,1000,[32],1e-05,1000,-0.4712541952729225,0.04043138094797655,4.192011322757154,-5.090637955883593,0.5620053803548217,1.073690956575721,3.5766122005189946,-0.36109951517924743
8,10,1000,[32],0.0001,1000,1.916038104891777,2.427723681112676,4.417736973544508,0.790901269694715,3.773582424223423,4.285268000444322,9.25579949834004,0.6917030922378592
8,10,1000,[32],0.001,1000,66.79298286437988,67.30466844060078,85.82668801762715,45.0143596790041,58.977884483337405,59.489570059558304,87.76285287358418,21.929877486010938
8,10,1000,[64],1e-05,1000,1.0162148639559745,1.5279004401768734,4.3752042911256845,-0.40673032782420593,0.18827092163264753,0.6999564978535466,2.4419653079713872,-1.3329243995939204
8,10,1000,[64],0.0001,1000,6.889658141136169,7.401343717357069,13.205484595080762,2.859771218081861,6.074967002868652,6.586652579089551,9.688292708178906,4.084910359164625
8,10,1000,[64],0.001,1000,147.41659393310547,147.9282795093264,257.4320041797365,107.04137155034199,140.9607406616211,141.472426237842,201.45759316899435,90.7886402270998
8,10,1000,[128],1e-05,1000,0.9987845540046691,1.5104701302255683,5.958708967944532,-2.8545968868528315,1.1530947625637054,1.6647803387846043,4.081592764636427,-0.6481376030240961
8,10,1000,[128],0.0001,1000,11.515448093414307,12.027133669635205,15.698610510608106,9.043751921435742,13.147281932830811,13.65896750905171,21.35574265935078,8.63801213719502
8,10,1000,[128],0.001,1000,250.8317642211914,251.34344979741232,306.3188144824709,191.24970742680685,271.01457901000975,271.52626458623064,399.43182107426776,93.5685474536623
8,10,1000,"[128, 128]",1e-05,1000,7.7623350620269775,8.274020638247876,15.485733237048535,5.748210634967237,6.286965537071228,6.798651113292127,9.303163733264356,2.043951954623609
8,10,1000,"[128, 128]",0.0001,1000,115.65604019165039,116.16772576787129,150.92590066411154,74.32300302006855,144.9005027770996,145.41218835332052,223.95759316899435,67.35107919194355
8,10,1000,"[128, 128]",0.001,1000,26728.742578125,26729.25426370122,31581.26559182622,17451.40621682622,32718.93203125,32719.44371682622,47718.187466826224,20810.92184182622
8,10,1000,[256],1e-05,1000,1.491989055275917,2.003674631496816,4.569175925036817,-1.4625375606809565,2.3673139035701753,2.8789994797910743,5.65978595235005,-1.022531781414599
8,10,1000,[256],0.0001,1000,23.26490592956543,23.776591505786328,30.192324843188672,17.810591902514844,23.535625553131105,24.047311129352003,38.359894957324414,16.18816396214619
8,10,1000,[256],0.001,1000,608.3515014648438,608.8631870410646,867.4309970996584,379.38384744145526,572.4773849487304,572.9890705249513,744.7693760059084,255.75129434086935
8,10,1000,"[256, 256]",1e-05,1000,17.516869497299194,18.028555073520092,28.730570997973828,8.048707690020947,24.183088111877442,24.69477368809834,40.13793298222676,17.58290788151875
8,10,1000,"[256, 256]",0.0001,1000,467.26813049316405,467.77981606938494,609.7524082324709,321.91827126958026,522.4955078125,523.0071933887209,824.8548252246584,333.48174783208026
8,10,1000,"[256, 256]",0.001,1000,113514.0078125,113514.51949807622,135638.71481057623,85075.18356057622,126897.23125,126897.74293557621,173353.91793557623,81079.57418557622
8,10,2000,[32],1e-05,1000,0.22500227764248848,0.7366878538633875,6.305461134692579,-4.235163960674853,0.655695915222168,1.167381491443067,5.449891772052198,-3.267109189251513
8,10,2000,[32],0.0001,1000,7.348309969902038,7.859995546122938,15.924392905017285,3.192774739047437,5.8485736608505245,6.360259237071424,14.293822493335156,3.5036606452669194
8,10,2000,[32],0.001,1000,169.72149581909179,170.2331813953127,222.56762429692404,101.55225106694355,176.7439712524414,177.25565682866232,302.26727029301776,119.42126962163105
8,10,2000,[64],1e-05,1000,0.642498916387558,1.154184492608457,8.538939680835156,-3.2029266693387934,0.3672806158661842,0.8789661920870833,4.875983919879347,-1.6260397770200679
8,10,2000,[64],0.0001,1000,13.318276023864746,13.829961600085644,20.180520262500195,4.3922540805543955,14.470530366897583,14.982215943118481,27.262910094043164,7.246491637011915
8,10,2000,[64],0.001,1000,415.22052001953125,415.73220559575213,573.5224887988771,319.45110818364276,443.89878845214844,444.4104740283693,704.0162021777834,174.62092324711935
8,10,2000,[128],1e-05,1000,2.8066300094127654,3.3183155856336644,6.994841780444532,1.2907901070322088,3.0542995601892473,3.5659851364101463,8.192419733783154,0.39098858453884644
8,10,2000,[128],0.0001,1000,24.784043884277345,25.295729460498244,33.267007078906445,18.7085792682375,25.839348602294923,26.35103417851582,41.82090875126973,19.292151655932813
8,10,2000,[128],0.001,1000,862.1459075927735,862.6575931689944,1177.464322294971,510.76287576176776,697.2280029296875,697.7396885059084,1001.9808017871584,577.3919345996584
8,10,2000,"[128, 128]",1e-05,1000,13.998616170883178,14.510301747104076,23.642413344165234,7.7355229518617685,15.36659107208252,15.878276648303418,19.84352036931172,10.98017522313252
8,10,2000,"[128, 128]",0.0001,1000,533.0804473876954,533.5921329639162,928.0734531543459,260.42071267583026,428.52322540283205,429.03491097905294,842.4622470996584,223.10163613774435
8,10,2000,"[128, 128]",0.001,1000,195841.9375,195842.44918557623,254088.04293557623,151746.48043557623,208351.4625,208351.97418557623,332980.19918557623,110925.19918557622
8,10,2000,[256],1e-05,1000,4.295528864860534,4.807214441081434,8.655079092761426,2.259891953250318,4.379659521579742,4.891345097800642,8.078848089953809,2.0233226678575567
8,10,2000,[256],0.0001,1000,53.80970497131348,54.32139054753438,65.3074390552248,38.73664208867207,52.13601417541504,52.64769975163594,90.14090463139668,32.76024743535176
8,10,2000,[256],0.001,1000,1970.0308837890625,1970.5425693652835,2909.6515781543458,1490.5262119434085,2001.1139404296875,2001.6256260059085,2827.6115390918458,1403.0335361621585
8,10,2000,"[256, 256]",1e-05,1000,38.95973453521729,39.471420111438185,54.073701109668164,22.98054429509297,36.765381240844725,37.277066817065624,59.612405028125195,22.806830611010938
8,10,2000,"[256, 256]",0.0001,1000,1871.0642700195312,1871.5759555957522,2267.7387363574708,1233.0894443652835,1994.9418823242188,1995.4535679004398,2969.0168125293458,706.5013095996584
8,10,2000,"[256, 256]",0.001,1000,688267.11875,688267.6304355762,912165.9491855762,444495.82418557623,841173.44375,841173.9554355762,1252175.5116855763,287824.69918557623
8,20,300,[32],1e-05,1000,0.46328535079956057,0.7056627290094601,3.6458786504114378,-3.7434600813543093,0.030642794072628023,0.2730201722825276,2.696618415578674,-1.108942650095154
8,20,300,[32],0.0001,1000,0.7107418477535248,0.9531192259634244,4.039517738088439,-0.7032647354757083,1.4401849210262299,1.6825622992361295,6.167917825445007,-0.4654003603612674
8,20,300,[32],0.001,1000,7.470145177841187,7.712522556051086,12.907396413549256,2.950723983510803,10.183987903594971,10.426365281804872,22.77143774197943,2.3639470116937864
8,20,300,[64],1e-05,1000,-1.6619146108627318,-1.4195372326528322,2.1762578265512693,-5.660258672968079,-0.16723416447639466,0.07514321373350491,2.3351567761743772,-1.8536013586675417
8,20,300,[64],0.0001,1000,0.12551455795764924,0.3678919361675488,3.9651649968469846,-4.349788091913392,1.908783695101738,2.1511610733116378,4.866714097722839,0.4074260668600308
8,20,300,[64],0.001,1000,18.07187099456787,18.31424837277777,26.261567212804625,9.986044027074646,16.82312936782837,17.065506746038267,23.520024396642516,10.721202947362732
8,20,300,[128],1e-05,1000,0.7872370824217796,1.029614460631679,3.407160855993103,-2.3220063669835818,0.20671842992305756,0.44909580813295713,2.2989967839563596,-1.6082567198430788
8,20,300,[128],0.0001,1000,2.7271379470825194,2.969515325292419,5.699847795232604,-2.932180307642151,1.8954950988292694,2.137872477039169,4.952271558507751,-0.83946027590387
8,20,300,[128],0.001,1000,34.79647045135498,35.03884782956488,48.2799750344599,21.46302137540228,28.580014801025392,28.82239217923529,47.678462125524355,20.187756635412047
8,20,300,"[128, 128]",1e-05,1000,1.4651317745447159,1.7075091527546156,3.1479278580988157,-0.7186708672200931,1.6948378175497054,1.937215195759605,8.041568853124451,-0.9209269507085575
8,20,300,"[128, 128]",0.0001,1000,17.629265356063843,17.871642734273742,28.109456159337828,5.891693689092468,18.522269821166994,18.764647199376892,47.48115072415717,6.1246152894342645
8,20,300,"[128, 128]",0.001,1000,834.1415588378907,834.3839362161006,1295.65790472196,377.79126653836613,839.1240112304688,839.3663886086787,994.2811347024286,719.0838690774286
8,20,300,[256],1e-05,1000,0.5918967247009277,0.8342741029108273,5.4166332261408074,-3.4558493120824587,0.4394722990691662,0.6818496772790658,3.48429141209967,-1.8715216143285525
8,20,300,[256],0.0001,1000,6.026744675636292,6.269122053846191,10.50712404416449,1.8503504769647825,6.467785811424255,6.710163189634154,11.580177404149842,1.7395270840967405
8,20,300,[256],0.001,1000,70.61245613098144,70.85483350919134,82.13894567654974,52.550288297399355,73.70140495300294,73.94378233121283,93.48770055936224,52.97835836575873
8,20,300,"[256, 256]",1e-05,1000,5.449958229064942,5.692335607274841,8.500690557226013,2.1469863431299436,4.639561021327973,4.881938399537872,15.788605787023377,1.5688313023889768
8,20,300,"[256, 256]",0.0001,1000,47.637347030639646,47.87972440884955,68.38663397000677,32.88901052640326,49.8132022857666,50.0555796639765,82.68054113553411,25.382077314122984
8,20,300,"[256, 256]",0.001,1000,3148.3232299804686,3148.5656073586783,4353.16815862821,1417.5076361672725,3188.2089965820314,3188.451373960241,5284.87177190946,1828.4939642922725
8,20,1000,[32],1e-05,1000,0.7839283540844917,1.0263057322943911,4.592844583257507,-5.1440614683782355,0.9836845055222512,1.2260618837321506,4.242009259923766,-1.1458841784154665
8,20,1000,[32],0.0001,1000,2.5829039379954337,2.8252813162053334,8.820508100255799,0.3712023721779095,2.25199054852128,2.49436792673118,6.535054780706237,-0.6348488552724613
8,20,1000,[32],0.001,1000,47.422602844238284,47.664980222448186,77.1028281228388,27.585621930822203,57.05376644134522,57.29614381955512,102.97570715115911,27.534588910802672
8,20,1000,[64],1e-05,1000,0.27208120971918104,0.5144585879290806,4.684262372716735,-2.9700771792089236,1.0566143944859505,1.29899177269585,4.744565107091735,-0.8405673725759281
8,20,1000,[64],0.0001,1000,4.57932984828949,4.821707226499389,9.466574765905213,1.6771580951059568,6.610141253471374,6.852518631681273,15.054641820653748,2.255996324285339
8,20,1000,[64],0.001,1000,115.12554931640625,115.36792669461614,141.4920569436396,93.14184484647161,144.53113861083983,144.77351598904974,173.99626836942085,122.20452795194036
8,20,1000,[128],1e-05,1000,1.1910716086626052,1.4334489868725049,5.555068589910339,-1.9226731283818972,0.4998411849141121,0.7422185631240117,3.643839694722961,-1.68164720369928
8,20,1000,[128],0.0001,1000,10.859959173202515,11.102336551412415,15.875451184972595,5.597805597051452,12.163325691223145,12.405703069433045,19.938595868810484,6.017494775518249
8,20,1000,[128],0.001,1000,288.1744323730469,288.4168097512568,373.149878598913,250.53945074246772,265.93153076171876,266.17390813992864,426.94763860867863,134.6784583108271
8,20,1000,"[128, 128]",1e-05,1000,6.9575776100158695,7.199954988225769,10.685508825048279,2.6781438367212522,6.437705254554748,6.680082632764647,9.270755864843201,3.2402881162012327
8,20,1000,"[128, 128]",0.0001,1000,131.06991729736328,131.31229467557318,205.7551184670771,87.53857336209661,128.08846626281738,128.3308436410273,201.7448187844599,55.03463277982123
8,20,1000,"[128, 128]",0.001,1000,24558.4416015625,24558.68397894071,40481.53534612821,17504.03339300321,28329.8357421875,28330.07811956571,50717.41425237821,11045.35370550321
8,20,1000,[256],1e-05,1000,0.7279162649065256,0.9702936431164252,3.3938685433710325,-3.848087690607239,1.9554912582039834,2.197868636413883,5.570038415654968,-1.1533661110555422
8,20,1000,[256],0.0001,1000,22.09444179534912,22.336819173559018,32.44975195096381,16.396306134923766,23.344055461883546,23.586432840093444,31.487225629552672,15.598239995702576
8,20,1000,[256],0.001,1000,535.8312744140625,536.0736517922724,640.9056464211786,425.09241399930363,582.6080688476562,582.8504462258661,918.4815741555536,428.69007024930363
8,20,1000,"[256, 256]",1e-05,1000,18.021423149108887,18.263800527318786,22.589902021154234,11.630066014989685,18.12920045852661,18.37157783673651,32.45608816312201,11.40203485654242
8,20,1000,"[256, 256]",0.0001,1000,492.4209289550781,492.663306333288,617.0250311868036,345.66528997586613,469.6813339233398,469.9237113015497,796.4842597024286,227.9871741311396
8,20,1000,"[256, 256]",0.001,1000,123014.1453125,123014.3876898782,154518.27362737822,80775.8361273782,131967.078125,131967.32050237822,215114.08612737822,55694.21112737821
8,20,2000,[32],1e-05,1000,-0.3885169718414545,-0.14613959363155493,2.5281013028467405,-2.90682186915033,1.086533262953162,1.3289106411630618,4.331257440313171,-2.7418714983617556
8,20,2000,[32],0.0001,1000,5.733514022827149,5.975891401037048,13.098877050145935,2.2601007001245725,5.803299450874329,6.045676829084228,11.071582891210388,3.36481652425177
8,20,2000,[32],0.001,1000,173.9381202697754,174.1804976479853,232.0963049905146,78.31478796170599,187.4096878051758,187.6520651833857,317.38391790555363,122.76904211209661
8,20,2000,[64],1e-05,1000,2.281814707815647,2.524192086025547,5.106052972539733,-0.0890787167703403,0.1123962014913559,0.35477357970125545,4.417364694341491,-2.0707429869329226
8,20,2000,[64],0.0001,1000,12.748141288757324,12.990518666967224,21.809559919103453,7.430914499028991,13.730381727218628,13.972759105428528,18.27585325406439,8.034832574590515
8,20,2000,[64],0.001,1000,433.27147216796874,433.5138495461786,552.0424872414911,304.99475774930363,478.8282104492188,479.07058782742865,724.3190985696161,306.16419134305363
8,20,2000,[128],1e-05,1000,2.583887445926666,2.8262648241365658,10.891837217077088,-4.024536989465882,2.24337375164032,2.4857511298502195,5.7103062646234735,-0.8203251583730472
8,20,2000,[128],0.0001,1000,25.487212657928467,25.729590036138365,34.21052084134467,15.410007573827576,24.769623947143554,25.012001325353452,40.0122862832392,17.02364835904486
8,20,2000,[128],0.001,1000,930.1821350097656,930.4245123879755,1267.5049506203975,716.4967108743036,933.2594543457031,933.501831723913,1234.4046088235225,619.8743964211786
8,20,2000,"[128, 128]",1e-05,1000,15.790764236450196,16.033141614660096,23.826712705358336,11.183026410802674,13.180038809776306,13.422416187986206,24.760693647130797,3.6000102536524046
8,20,2000,"[128, 128]",0.0001,1000,556.1549377441406,556.3973151223505,680.8642645852411,440.71070013211613,478.9960510253906,479.2384284036005,660.7695990578974,328.32508001492863
8,20,2000,"[128, 128]",0.001,1000,171576.8796875,171577.12206487823,217886.52362737822,119209.4923773782,218578.0,218578.24237737822,308984.3986273782,103050.2736273782
8,20,2000,[256],1e-05,1000,3.768850380182266,4.011227758392166,7.929721452459167,-0.8299744351064456,5.832733702659607,6.075111080869506,11.965024091466736,2.2961398141229856
8,20,2000,[256],0.0001,1000,54.03657608032226,54.278953458532165,66.32894811795599,35.905749418004824,60.091421127319336,60.33379850552924,83.48931799100286,25.760874845250914
8,20,2000,[256],0.001,1000,1744.221875,1744.46425237821,2150.7291937844598,1247.3972846047725,1676.2450805664062,1676.4874579446162,2310.4330512063348,1031.9314642922725
8,20,2000,"[256, 256]",1e-05,1000,35.28090372085571,35.52328109906561,54.735808469518496,15.541664220556092,42.39963607788086,42.64201345609076,64.87107763455755,25.382666684850523
8,20,2000,"[256, 256]",0.0001,1000,1906.5423461914063,1906.7847235696163,2507.5705023782098,1404.6714545266475,1562.8898681640626,1563.1322455422726,2690.8739691750848,569.7889472024286
8,20,2000,"[256, 256]",0.001,1000,759207.68125,759207.9236273782,1089748.2423773783,584213.1173773782,770163.01875,770163.2611273782,1133922.1173773783,566731.8048773782
8,50,300,[32],1e-05,1000,0.5727072536945343,0.6666903187146995,5.048485170733056,-3.733909476865211,1.2263052985072136,1.3202883635273788,6.296839128862938,-0.3753762732633737
8,50,300,[32],0.0001,1000,0.44485188126564024,0.5388349462858054,2.8020886291375966,-1.806929219830909,-0.030885398387908936,0.0630976666322562,2.6070484031549306,-4.829879392255226
8,50,300,[32],0.001,1000,10.198416090011596,10.292399155031761,17.853872667681298,5.049004446398339,8.368384075164794,8.46236714018496,16.91785277022036,3.1388896812311025
8,50,300,[64],1e-05,1000,0.13947514444589615,0.23345820946606127,1.6173782457223747,-1.2680505405553963,-0.718433566391468,-0.6244505013713029,4.502756010424218,-3.5017706047186046
8,50,300,[64],0.0001,1000,0.44738082885742186,0.541363893877587,2.693888555895409,-2.389548886884132,1.1274063766002655,1.2213894416204307,5.821802507769188,-1.2453509460577157
8,50,300,[64],0.001,1000,19.492300605773927,19.586283670794092,31.816820513140282,12.870029817949852,18.084898662567138,18.178881727587303,24.260733019243798,9.40772093428286
8,50,300,[128],1e-05,1000,-0.15684630125761032,-0.06286323623744518,2.3493317474237294,-2.5390764366277843,-0.0100636824965477,0.08391938252361744,2.256447206865868,-1.9214650283941415
8,50,300,[128],0.0001,1000,1.9948495157063006,2.0888325807264656,5.750378023516259,-1.211957443822303,3.6942144513130186,3.7881975163331836,7.521120439898095,0.6468481530061576
8,50,300,[128],0.001,1000,32.26656990051269,32.36055296553286,48.7319415916315,23.078451525103173,35.69308490753174,35.78706797255191,53.51133001936587,19.494482408892235
8,50,300,"[128, 128]",1e-05,1000,1.4752358108758927,1.569218875896058,5.982689749132714,-3.676550258267799,1.9742665052413941,2.068249570261559,4.7535747398248525,-2.451093305219093
8,50,300,"[128, 128]",0.0001,1000,16.683565044403075,16.77754810942324,24.81887282026919,8.469962488543114,22.231986236572265,22.32596930159243,44.24392737044009,11.460554491411767
8,50,300,"[128, 128]",0.001,1000,858.9542663574218,859.048249422442,1332.6863902915827,455.95979727400453,692.0836883544922,692.1776714195124,1131.9931529868952,300.93184317244203
8,50,300,[256],1e-05,1000,2.2748677492141725,2.3688508142343374,6.590235124956688,-1.1879686008581307,1.1612224578857422,1.2552055229059074,5.1380351890436025,-1.4651868234762337
8,50,300,[256],0.0001,1000,4.713500881195069,4.807483946215234,6.51176727903994,2.8049730171075673,6.360684609413147,6.454667674433312,8.98259009016665,3.5250731815210194
8,50,300,[256],0.001,1000,60.052277374267575,60.146260439287744,99.04496420515689,34.10348547590884,68.1490924835205,68.24307554854067,101.78368033064517,49.679619203936184
8,50,300,"[256, 256]",1e-05,1000,3.542524206638336,3.636507271658501,7.168998133074364,1.05817009104403,4.702233254909515,4.79621631992968,10.07425154341372,1.9205002893319938
8,50,300,"[256, 256]",0.0001,1000,52.779870223999026,52.873853289019195,85.75931967390689,25.94800413740786,49.61773109436035,49.71171415938052,71.49609793318423,36.040901552569
8,50,300,"[256, 256]",0.001,1000,2592.2821044921875,2592.3760875572075,3309.03099478377,1563.5803111900202,2684.589453125,2684.68343619002,4176.16576040877,1561.0378307212702
8,50,1000,[32],1e-05,1000,0.852237057685852,0.9462201227060172,3.6759752143731923,-3.7013126503118663,0.5860059320926666,0.6799889971128318,3.6572631706109853,-0.7938797365316537
8,50,1000,[32],0.0001,1000,2.5188472986221315,2.6128303636422965,6.0887893546930165,-1.9309180866369393,2.6473212353885174,2.7413043004086823,6.77284659041079,-0.6141419302114632
8,50,1000,[32],0.001,1000,59.10783233642578,59.20181540144595,72.27948416365298,45.50548208845767,73.25760002136231,73.35158308638248,107.51155508650454,44.500786196123684
8,50,1000,[64],1e-05,1000,1.0592161387205123,1.1531992037406775,6.843865763079247,-3.363273490537086,0.32151323854923247,0.4154963035693976,3.0299934257379384,-1.3838732133993294
8,50,1000,[64],0.0001,1000,6.06823091506958,6.162213980089745,11.26703489912661,3.1403621543756337,7.495371961593628,7.589355026613793,12.245449434649071,3.4456027854791493
8,50,1000,[64],0.001,1000,137.59381713867188,137.68780020369203,268.3866161216608,83.67865408552798,123.91496276855469,124.00894583357486,191.09004629744203,77.87425650252017
8,50,1000,[128],1e-05,1000,1.2465584218502044,1.3405414868703696,5.170711885820946,-1.9379068504461434,0.7197260364890099,0.8137091015091751,4.170297991167626,-2.711540330518165
8,50,1000,[128],0.0001,1000,12.750460052490235,12.8444431175104,18.056818376909813,7.457170854937157,10.769870376586914,10.863853441607079,15.987806688677392,7.616144548784813
8,50,1000,[128],0.001,1000,282.4685119628906,282.56249502791076,336.4824413169733,219.30687369002015,281.91986694335935,282.0138500083795,402.14485586775453,184.95674551619203
8,50,1000,"[128, 128]",1e-05,1000,6.841384792327881,6.935367857348046,10.464132677446923,3.661556135546288,6.548130846023559,6.642113911043724,14.421827684771142,3.0182212699762196
8,50,1000,"[128, 128]",0.0001,1000,128.96059761047363,129.05458067549378,228.08629263533265,62.45072210920962,138.3857666015625,138.47974966658265,192.58528555525453,110.35261953962954
8,50,1000,"[128, 128]",0.001,1000,29334.5869140625,29334.68089712752,39919.91820181502,18433.50609244002,28831.27890625,28831.372889315022,38283.38695181502,23338.38890494002
8,50,1000,[256],1e-05,1000,2.7588261365890503,2.8528092016092153,5.950467478167138,0.6623511422983024,2.9561069667339326,3.0500900317540975,5.957077394854149,1.040790151487908
8,50,1000,[256],0.0001,1000,24.271074867248537,24.3650579322687,34.363743196856106,16.87634886397036,24.279963493347168,24.373946558367333,37.48667181624087,15.368566881548485
8,50,1000,[256],0.001,1000,518.0297210693359,518.1237041343561,711.9443248618952,317.22652090681703,622.3313110351562,622.4252941001764,868.1445201743952,397.08101309431703
8,50,1000,"[256, 256]",1e-05,1000,16.346995735168456,16.44097880018862,21.292162310015282,9.835079561602196,17.085189056396484,17.17917212141665,27.186445604693017,9.970808397661767
8,50,1000,"[256, 256]",0.0001,1000,453.3901824951172,453.48416556013734,651.5532115806452,308.26118887556703,508.03907470703126,508.1330577720514,778.6484264243952,230.78413809431703
8,50,1000,"[256, 256]",0.001,1000,109153.003125,109153.09710806502,160156.01585806502,81079.53148306502,128740.03125,128740.12523306502,176235.73460806502,75668.92210806502
8,50,2000,[32],1e-05,1000,0.23024529218673706,0.3242283572069022,3.5550135482660146,-2.543979753125587,1.1478959023952484,1.2418789674154136,4.207630525957665,-3.221901525128761
8,50,2000,[32],0.0001,1000,5.209709310531617,5.3036923755517815,7.811225305925927,3.530474077593407,6.594205474853515,6.68818853987368,14.553057085405907,2.5594357360711903
8,50,2000,[32],0.001,1000,183.66048431396484,183.754467378985,354.8640331138483,102.2503856529108,202.14440307617187,202.23838614119202,248.84578360212953,141.88716543806703
8,50,2000,[64],1e-05,1000,0.9609149396419525,1.0548980046621177,4.229028116594872,-1.9003319631704476,1.4602159529924392,1.5541990180126044,2.8043955673089833,-0.19629334317533048
8,50,2000,[64],0.0001,1000,12.612871265411377,12.706854330431542,21.42521132124575,7.8807462562433095,10.97633855342865,11.070321618448816,16.585073839556298,3.7858716358056874
8,50,2000,[64],0.001,1000,409.1546691894531,409.24865225447326,593.2122691978327,272.9698680747858,458.1977569580078,458.29174002302796,661.9951061118952,223.07075918806703
8,50,2000,[128],1e-05,1000,1.7251831255853176,1.8191661906054828,4.783576380144677,-1.8833279501089242,2.092024940252304,2.186008005272469,4.511822115313134,-2.2573946605810313
8,50,2000,[128],0.0001,1000,26.997875213623047,27.091858278643212,30.8851112235895,22.01721037520083,27.579974365234374,27.67395743025454,39.11753119124087,15.479612718950829
8,50,2000,[128],0.001,1000,862.753695678711,862.8476787437312,1104.2744029868952,485.43989981306703,1009.0953369140625,1009.1893199790827,1447.1227916587702,637.9902232993952
8,50,2000,"[128, 128]",1e-05,1000,13.414832592010498,13.508815657030663,25.649362932573876,8.057350527178368,12.360662841796875,12.45464590681704,18.96162260664614,6.7155288566461415
8,50,2000,"[128, 128]",0.0001,1000,526.1934478759765,526.2874309409967,853.9996227134577,340.0249523033014,543.496206665039,543.5901897300593,1087.8029674400202,396.17146719587953
8,50,2000,"[128, 128]",0.001,1000,160350.9265625,160351.02054556503,236155.39085806502,96803.35960806502,145383.228125,145383.322108065,209719.60960806502,82985.17210806502
8,50,2000,[256],1e-05,1000,5.284573411941528,5.378556476961693,9.243731867205224,2.5890668739190907,4.0587268561124805,4.1527099211326455,12.585001360308251,-0.6458192955145028
8,50,2000,[256],0.0001,1000,51.39574966430664,51.48973272932681,65.73028982771548,35.175423036944,56.74695987701416,56.84094294203433,98.92769278181704,17.718984972368798
8,50,2000,[256],0.001,1000,1582.7385986328125,1582.8325816978327,2350.456043611895,707.1074107993952,2068.22099609375,2068.31497915877,2500.11888540877,1593.7507213462702
8,50,2000,"[256, 256]",1e-05,1000,35.396183776855466,35.490166841875634,48.59209860457095,22.398283373247704,37.53524265289307,37.629225717913236,52.75190008772525,19.24146116865786
8,50,2000,"[256, 256]",0.0001,1000,2014.3876220703125,2014.4816051353328,2846.40843619002,1347.1603893150202,1781.1435791015624,1781.2375621665826,2544.09154165877,1055.7599986900202
8,50,2000,"[256, 256]",0.001,1000,728145.3,728145.393983065,965492.718983065,511542.71898306505,697163.825,697163.9189830649,973605.968983065,373562.46898306505
8,100,300,[32],1e-05,1000,-0.20748955234885216,-0.1609726817833159,3.7900109043790127,-6.467323804788467,1.9610316336154938,2.00754850418103,4.540559267110947,-2.287043119363663
8,100,300,[32],0.0001,1000,0.36277593597769736,0.40929280654323363,3.678396677084091,-1.7490070113466951,0.6645843282341957,0.711101198799732,2.3402380696011806,-0.6185961016939852
8,100,300,[32],0.001,1000,7.931972217559815,7.978489088125351,14.894771074361923,4.527195428915146,6.755861592292786,6.802378462858322,9.627896761007431,2.5859253159238125
8,100,300,[64],1e-05,1000,0.5492548637092114,0.5957717342747477,3.1144895306302334,-2.6842179545687412,0.14255790635943413,0.1890747769249704,2.7437100163174892,-3.88847639649379
8,100,300,[64],0.0001,1000,0.4887423191219568,0.5352591896874931,2.4322480908108974,-2.8972850093172764,0.8977125018835068,0.9442293724490431,4.090323900289658,-2.53811600296962
8,100,300,[64],0.001,1000,17.270129585266112,17.31664645583165,22.38965842635167,12.735351060934189,16.26114902496338,16.307665895528917,30.1087822666837,5.7921995869351655
8,100,300,[128],1e-05,1000,-0.518255677819252,-0.4717388072537157,2.508205389089706,-3.2586083659456944,2.072971972078085,2.119488842643621,5.4514193287564545,-0.2085101255701754
8,100,300,[128],0.0001,1000,4.040780884027481,4.087297754593018,7.353873704977158,0.8418078771306303,2.9829700350761414,3.0294869056416776,6.6618075123502045,1.1391739597989348
8,100,300,[128],0.001,1000,33.93978385925293,33.98630072981846,44.20460936934483,25.21785209090245,33.401595211029054,33.44811208159459,47.70842788130772,15.993447755880478
8,100,300,"[128, 128]",1e-05,1000,1.9945693982765078,2.041086268842044,8.100068544454697,-2.0693345317171787,1.3476675271987915,1.3941843977643278,2.6731867542935634,-0.8926806697176668
8,100,300,"[128, 128]",0.0001,1000,19.155286502838134,19.20180337340367,27.489780878133896,7.782887910909775,17.22941665649414,17.275933527059678,28.865580057211044,6.617936586446884
8,100,300,"[128, 128]",0.001,1000,859.8640686035156,859.9105854740811,1125.2694172611905,575.3451618900967,867.1536376953125,867.2001545658779,1554.0731281986905,339.11414382369054
8,100,300,[256],1e-05,1000,-0.7523152142763138,-0.7057983437107774,2.6783585301114345,-5.4409146556185455,-0.3853608533740044,-0.3388439828084681,2.418837999410751,-4.193734670572159
8,100,300,[256],0.0001,1000,4.338582235574722,4.385099106140259,9.90979716689122,0.730746542520645,5.657707405090332,5.704224275655869,6.816041444845322,4.5623717060757905
8,100,300,[256],0.001,1000,66.73423767089844,66.78075454146398,88.04132125288976,32.55230758101475,72.99458923339844,73.04110610396398,95.90084121138585,51.979881738729595
8,100,300,"[256, 256]",1e-05,1000,5.261052989959717,5.307569860525254,8.163744424886826,3.0483817806912685,6.890206813812256,6.936723684377792,13.552705263204697,3.1768154850674892
8,100,300,"[256, 256]",0.0001,1000,48.73315982818603,48.779676698751565,62.090355371542095,27.424219583578232,43.19387989044189,43.240396761007425,56.82752272994053,30.110331033773544
8,100,300,"[256, 256]",0.001,1000,2846.688671875,2846.7351887455657,3638.1810383549405,1259.4368977299405,3322.3294921875,3322.3760090580654,5232.206184839316,2125.2386555424405
8,100,1000,[32],1e-05,1000,-0.17800772786140442,-0.13149085729586815,2.3300537815762783,-2.5521455058382725,1.7635851949453354,1.8101020655108717,6.619801973409775,-3.288972879342911
8,100,1000,[32],0.0001,1000,3.3773963689804076,3.4239132395459437,9.435648416586044,-1.54066088288295,4.1879929304122925,4.234509800977829,8.87243029982579,1.7261280766202238
8,100,1000,[32],0.001,1000,51.340873908996585,51.38739077956212,86.96410415083898,30.900026773519638,62.257188415527345,62.30370528609288,85.94396254927648,43.788414453573345
8,100,1000,[64],1e-05,1000,0.16283690449781715,0.20935377506335343,4.785518144674423,-3.2825131663607334,1.7064820587635041,1.7529989293290404,4.488575910635117,-1.4347794303225252
8,100,1000,[64],0.0001,1000,5.703265523910522,5.749782394476059,10.61668536574376,2.0785026303006435,5.257432371377945,5.3039492419434815,10.97279879958165,0.784107719965103
8,100,1000,[64],0.001,1000,128.84828033447266,128.8947972050382,189.64452407271398,65.2113270512296,135.6147674560547,135.66128432662023,202.63750502974523,96.90355727583898
8,100,1000,[128],1e-05,1000,2.0743877828121184,2.1209046533776545,6.326483701772812,-0.8584596761988375,1.619496150314808,1.6660130208803443,6.849730943746689,-1.373819137506363
8,100,1000,[128],0.0001,1000,10.828108596801759,10.874625467367295,12.801103090353134,8.426230882711533,11.16896390914917,11.215480779714706,23.091127847738388,4.846536134786728
8,100,1000,[128],0.001,1000,261.73680267333987,261.7833195439054,373.2250447025968,150.43306777388585,277.4741744995117,277.52069137007726,430.14930007369054,144.87462661177648
8,100,1000,"[128, 128]",1e-05,1000,6.937637901306152,6.9841547718716885,10.286310648031357,3.8398031941128994,8.503725337982178,8.550242208547715,17.574278329916122,4.26472184569371
8,100,1000,"[128, 128]",0.0001,1000,149.5253890991211,149.57190596968664,203.95171401412023,104.80548903853429,144.5369415283203,144.58345839888585,244.87023208052648,89.28984877974523
8,100,1000,"[128, 128]",0.001,1000,27395.61083984375,27395.657356714317,37955.81214187056,10882.459602808065,28297.8076171875,28297.854134058067,42339.08557937056,11859.951790308065
8,100,1000,[256],1e-05,1000,1.9988888949155807,2.045405765481117,4.027641271658066,0.4487068107796934,3.3637805223464965,3.4102973929120326,7.777841066427353,1.6090149632169035
8,100,1000,[256],0.0001,1000,22.872121334075928,22.918638204641464,34.57585952193272,15.538842653341415,19.17560749053955,19.222124361105088,34.21072432906163,11.46569201857579
8,100,1000,[256],0.001,1000,559.5659713745117,559.6124882450772,771.1773152104092,221.90569350630773,591.425732421875,591.4722492924404,817.5599446049405,330.35608718306554
8,100,1000,"[256, 256]",1e-05,1000,18.974483966827393,19.02100083739293,26.697287057943466,13.178296541280869,18.509500408172606,18.556017278738143,27.82892844588292,10.912385438985947
8,100,1000,"[256, 256]",0.0001,1000,476.2894287109375,476.33594558150304,701.8338703861905,289.83533522994054,435.6592041015625,435.70572097212806,757.7493977299405,266.22962233931554
8,100,1000,"[256, 256]",0.001,1000,114712.615625,114712.66214187058,147718.18714187056,82914.42932937057,119083.534375,119083.58089187057,158970.17151687056,70180.83557937057
8,100,2000,[32],1e-05,1000,1.3525432825088501,1.3990601530743865,3.2944729080868984,-1.6004290828036043,0.5193168759346009,0.5658337465001372,4.446488832540634,-2.9629264125155186
8,100,2000,[32],0.0001,1000,6.8701619625091555,6.916678833074692,17.044529413290146,1.8025479069424895,6.9945589900016785,7.041075860567215,16.004193758077744,1.916766022749069
8,100,2000,[32],0.001,1000,207.140478515625,207.18699538619055,284.26477858931554,127.58112380415929,196.5248764038086,196.57139327437415,338.85901687056554,154.00975844771398
8,100,2000,[64],1e-05,1000,0.6733196575194598,0.7198365280849961,4.131066297598007,-2.152455354623673,0.5490600794553757,0.595576950020912,4.939170335836533,-2.4695890197085117
8,100,2000,[64],0.0001,1000,12.926959991455078,12.973476862020615,18.53564116866124,8.57721660048497,11.093025636672973,11.13954250723851,16.963255380697372,7.0776424160672455
8,100,2000,[64],0.001,1000,411.49618377685545,411.542700647421,563.1060261479092,215.70793960005773,498.99644775390624,499.0429646244718,780.9840168705655,287.43116042525304
8,100,2000,[128],1e-05,1000,3.075615221261978,3.122132091827514,7.958293413229111,0.18761736661923195,1.409058576822281,1.4555754473878173,3.8135847798062588,-2.8862242945955967
8,100,2000,[128],0.0001,1000,27.431304740905762,27.4778216114713,35.315479730672955,19.689588998861435,25.943322372436523,25.98983924300206,38.340713953085064,11.849626039571884
8,100,2000,[128],0.001,1000,819.8423828125,819.8888996830655,1164.122566675253,384.25891921431554,781.5761962890625,781.622713159628,1175.4154133549405,521.6446614018155
8,100,2000,"[128, 128]",1e-05,1000,14.188227558135987,14.234744428701523,22.595444177694443,8.13628528029454,19.32902193069458,19.375538801260117,33.8359379521085,10.413270448751572
8,100,2000,"[128, 128]",0.0001,1000,492.57384033203124,492.6203572025968,805.6803059330655,355.81018874556554,561.950732421875,561.9972492924405,740.0157551518155,267.58533522994054
8,100,2000,"[128, 128]",0.001,1000,185178.8109375,185178.85745437056,270109.10901687056,83202.24182937057,186883.43203125,186883.47854812056,300279.73401687056,125653.86682937057
8,100,2000,[256],1e-05,1000,3.517617666721344,3.56413453728688,6.894665216512802,-2.104238058023331,4.733328127861023,4.77984499842656,8.044011568136337,1.5279562226010588
8,100,2000,[256],0.0001,1000,48.22691822052002,48.27343509108555,62.28681228072178,25.91932151228917,50.10534534454346,50.15186221510899,85.10518691451085,22.17731711775792
8,100,2000,[256],0.001,1000,1918.7771240234374,1918.823640894003,2487.2393879643155,1020.4073567143155,2014.849853515625,2014.8963703861905,2607.6287922611905,1326.5902180424405
8,100,2000,"[256, 256]",1e-05,1000,37.49980125427246,37.546318124837995,44.706383203573345,29.406858896322372,47.72998695373535,47.77650382430088,77.87778518111242,30.825220560140732
8,100,2000,"[256, 256]",0.0001,1000,1991.006689453125,1991.0532063236906,2700.2149739018155,1471.6190266361905,1601.469970703125,1601.5164875736905,2689.5618977299405,849.0980305424405
8,100,2000,"[256, 256]",0.001,1000,674435.90625,674435.9527668706,938484.6090168706,556139.2340168706,740376.075,740376.1215168706,1076593.6715168706,519303.10901687056
