6,2,300,[32],1e-05,250,0.6539892554283142,5.259159441416406,5.259159441416406,5.259159441416406,-0.6363316178321838,3.968838568155908,3.968838568155908,3.968838568155908
6,2,300,[32],0.0001,250,1.0520224571228027,5.6571926431108945,5.6571926431108945,5.6571926431108945,-0.04957271367311478,4.555597472314977,4.555597472314977,4.555597472314977
6,2,300,[32],0.001,250,8.716707229614258,13.32187741560235,13.32187741560235,13.32187741560235,4.7927093505859375,9.39787953657403,9.39787953657403,9.39787953657403
6,2,300,[64],1e-05,250,0.11607758700847626,4.721247772996568,4.721247772996568,4.721247772996568,0.12105675041675568,4.7262269364048475,4.7262269364048475,4.7262269364048475
6,2,300,[64],0.0001,250,0.9296348094940186,5.53480499548211,5.53480499548211,5.53480499548211,0.8856344223022461,5.490804608290338,5.490804608290338,5.490804608290338
6,2,300,[64],0.001,250,17.29385757446289,21.899027760450984,21.899027760450984,21.899027760450984,15.662158966064453,20.267329152052547,20.267329152052547,20.267329152052547
6,2,300,[128],1e-05,250,-0.4668104648590088,4.138359721129083,4.138359721129083,4.138359721129083,0.7655469179153442,5.370717103903436,5.370717103903436,5.370717103903436
6,2,300,[128],0.0001,250,1.1753839254379272,5.780554111426019,5.780554111426019,5.780554111426019,1.9803545475006104,6.585524733488702,6.585524733488702,6.585524733488702
6,2,300,[128],0.001,250,39.374595642089844,43.97976582807794,43.97976582807794,43.97976582807794,40.675010681152344,45.28018086714044,45.28018086714044,45.28018086714044
6,2,300,"[128, 128]",1e-05,250,4.0876264572143555,8.692796643202447,8.692796643202447,8.692796643202447,-0.8806874752044678,3.724482710783624,3.724482710783624,3.724482710783624
6,2,300,"[128, 128]",0.0001,250,28.84265899658203,33.447829182570125,33.447829182570125,33.447829182570125,15.745453834533691,20.350624020521785,20.350624020521785,20.350624020521785
6,2,300,"[128, 128]",0.001,250,1228.09326171875,1232.698431904738,1232.698431904738,1232.698431904738,1020.8659057617188,1025.4710759477068,1025.4710759477068,1025.4710759477068
6,2,300,[256],1e-05,250,-4.964099884033203,-0.3589296980451113,-0.3589296980451113,-0.3589296980451113,2.216193914413452,6.821364100401544,6.821364100401544,6.821364100401544
6,2,300,[256],0.0001,250,0.8285057544708252,5.433675940458917,5.433675940458917,5.433675940458917,7.0439772605896,11.649147446577691,11.649147446577691,11.649147446577691
6,2,300,[256],0.001,250,69.30825805664062,73.91342824262871,73.91342824262871,73.91342824262871,81.67155456542969,86.27672475141777,86.27672475141777,86.27672475141777
6,2,300,"[256, 256]",1e-05,250,7.466117858886719,12.07128804487481,12.07128804487481,12.07128804487481,0.7661242485046387,5.3712944344927305,5.3712944344927305,5.3712944344927305
6,2,300,"[256, 256]",0.0001,250,64.45216369628906,69.05733388227715,69.05733388227715,69.05733388227715,44.28056716918945,48.88573735517755,48.88573735517755,48.88573735517755
6,2,300,"[256, 256]",0.001,250,3840.149658203125,3844.7548283891133,3844.7548283891133,3844.7548283891133,3044.327880859375,3048.9330510453633,3048.9330510453633,3048.9330510453633
6,2,1000,[32],1e-05,250,0.7968065738677979,5.40197675985589,5.40197675985589,5.40197675985589,-0.42539507150650024,4.179775114481592,4.179775114481592,4.179775114481592
6,2,1000,[32],0.0001,250,2.243398427963257,6.848568613951349,6.848568613951349,6.848568613951349,1.1039468050003052,5.709116990988397,5.709116990988397,5.709116990988397
6,2,1000,[32],0.001,250,86.05713653564453,90.66230672163262,90.66230672163262,90.66230672163262,72.15315246582031,76.7583226518084,76.7583226518084,76.7583226518084
6,2,1000,[64],1e-05,250,0.4370855689048767,5.0422557548929685,5.0422557548929685,5.0422557548929685,0.4264037013053894,5.031573887293481,5.031573887293481,5.031573887293481
6,2,1000,[64],0.0001,250,3.3498260974884033,7.954996283476495,7.954996283476495,7.954996283476495,3.226987361907959,7.832157547896051,7.832157547896051,7.832157547896051
6,2,1000,[64],0.001,250,158.44760131835938,163.05277150434748,163.05277150434748,163.05277150434748,140.4891815185547,145.0943517045428,145.0943517045428,145.0943517045428
6,2,1000,[128],1e-05,250,0.28500157594680786,4.8901717619349,4.8901717619349,4.8901717619349,1.1641695499420166,5.769339735930108,5.769339735930108,5.769339735930108
6,2,1000,[128],0.0001,250,9.584235191345215,14.189405377333307,14.189405377333307,14.189405377333307,12.236757278442383,16.841927464430476,16.841927464430476,16.841927464430476
6,2,1000,[128],0.001,250,349.0819091796875,353.6870793656756,353.6870793656756,353.6870793656756,322.12457275390625,326.7297429398943,326.7297429398943,326.7297429398943
6,2,1000,"[128, 128]",1e-05,250,12.095951080322266,16.70112126631036,16.70112126631036,16.70112126631036,1.8655965328216553,6.470766718809747,6.470766718809747,6.470766718809747
6,2,1000,"[128, 128]",0.0001,250,208.63987731933594,213.24504750532404,213.24504750532404,213.24504750532404,160.13861083984375,164.74378102583185,164.74378102583185,164.74378102583185
6,2,1000,"[128, 128]",0.001,250,40909.66015625,40914.26532643599,40914.26532643599,40914.26532643599,36063.28125,36067.88642018599,36067.88642018599,36067.88642018599
6,2,1000,[256],1e-05,250,-1.4504148960113525,3.1547552899767393,3.1547552899767393,3.1547552899767393,3.478285312652588,8.08345549864068,8.08345549864068,8.08345549864068
6,2,1000,[256],0.0001,250,14.686420440673828,19.29159062666192,19.29159062666192,19.29159062666192,28.147069931030273,32.75224011701837,32.75224011701837,32.75224011701837
6,2,1000,[256],0.001,250,671.919189453125,676.5243596391131,676.5243596391131,676.5243596391131,625.228759765625,629.8339299516131,629.8339299516131,629.8339299516131
6,2,1000,"[256, 256]",1e-05,250,24.684255599975586,29.28942578596368,29.28942578596368,29.28942578596368,11.928777694702148,16.533947880690242,16.533947880690242,16.533947880690242
6,2,1000,"[256, 256]",0.0001,250,593.0745849609375,597.6797551469256,597.6797551469256,597.6797551469256,453.9803771972656,458.5855473832537,458.5855473832537,458.5855473832537
6,2,1000,"[256, 256]",0.001,250,135630.484375,135635.089545186,135635.089545186,135635.089545186,109444.765625,109449.37079518598,109449.37079518598,109449.37079518598
6,2,2000,[32],1e-05,250,0.971371054649353,5.576541240637445,5.576541240637445,5.576541240637445,-0.16777142882347107,4.437398757164621,4.437398757164621,4.437398757164621
6,2,2000,[32],0.0001,250,5.7496337890625,10.354803975050592,10.354803975050592,10.354803975050592,2.7573630809783936,7.362533266966485,7.362533266966485,7.362533266966485
6,2,2000,[32],0.001,250,263.0609436035156,267.6661137895037,267.6661137895037,267.6661137895037,231.08290100097656,235.68807118696466,235.68807118696466,235.68807118696466
6,2,2000,[64],1e-05,250,0.7869588136672974,5.392128999655389,5.392128999655389,5.392128999655389,0.7534462213516235,5.358616407339715,5.358616407339715,5.358616407339715
6,2,2000,[64],0.0001,250,11.85672378540039,16.461893971388484,16.461893971388484,16.461893971388484,10.478726387023926,15.083896573012018,15.083896573012018,15.083896573012018
6,2,2000,[64],0.001,250,492.5948486328125,497.2000188188006,497.2000188188006,497.2000188188006,442.028564453125,446.6337346391131,446.6337346391131,446.6337346391131
6,2,2000,[128],1e-05,250,0.9472509622573853,5.552421148245477,5.552421148245477,5.552421148245477,1.623727560043335,6.228897746031427,6.228897746031427,6.228897746031427
6,2,2000,[128],0.0001,250,27.848236083984375,32.45340626997247,32.45340626997247,32.45340626997247,29.184465408325195,33.78963559431329,33.78963559431329,33.78963559431329
6,2,2000,[128],0.001,250,1103.27294921875,1107.878119404738,1107.878119404738,1107.878119404738,1014.6898803710938,1019.2950505570818,1019.2950505570818,1019.2950505570818
6,2,2000,"[128, 128]",1e-05,250,22.392253875732422,26.997424061720515,26.997424061720515,26.997424061720515,10.288761138916016,14.893931324904107,14.893931324904107,14.893931324904107
6,2,2000,"[128, 128]",0.0001,250,724.1982421875,728.8034123734881,728.8034123734881,728.8034123734881,597.2219848632812,601.8271550492693,601.8271550492693,601.8271550492693
6,2,2000,"[128, 128]",0.001,250,237092.890625,237097.495795186,237097.495795186,237097.495795186,216319.578125,216324.183295186,216324.183295186,216324.183295186
6,2,2000,[256],1e-05,250,0.3841598629951477,4.9893300489832395,4.9893300489832395,4.9893300489832395,5.62791109085083,10.233081276838922,10.233081276838922,10.233081276838922
6,2,2000,[256],0.0001,250,49.03797149658203,53.643141682570125,53.643141682570125,53.643141682570125,60.91060256958008,65.51577275556816,65.51577275556816,65.51577275556816
6,2,2000,[256],0.001,250,2153.722900390625,2158.3280705766133,2158.3280705766133,2158.3280705766133,1966.689697265625,1971.294867451613,1971.294867451613,1971.294867451613
6,2,2000,"[256, 256]",1e-05,250,48.44205856323242,53.047228749220515,53.047228749220515,53.047228749220515,31.548051834106445,36.15322202009454,36.15322202009454,36.15322202009454
6,2,2000,"[256, 256]",0.0001,250,2213.7138671875,2218.3190373734883,2218.3190373734883,2218.3190373734883,1743.873779296875,1748.478949482863,1748.478949482863,1748.478949482863
6,2,2000,"[256, 256]",0.001,250,797375.6875,797380.292670186,797380.292670186,797380.292670186,654946.4375,654951.042670186,654951.042670186,654951.042670186
6,4,300,[32],1e-05,250,0.698715090751648,2.233771819414345,2.233771819414345,2.233771819414345,-0.6332789063453674,0.9017778223173298,0.9017778223173298,0.9017778223173298
6,4,300,[32],0.0001,250,1.3095003366470337,2.844557065309731,2.844557065309731,2.844557065309731,-0.04914887249469757,1.4859078561679997,1.4859078561679997,1.4859078561679997
6,4,300,[32],0.001,250,11.267661094665527,12.802717823328225,12.802717823328225,12.802717823328225,8.11906909942627,9.654125828088967,9.654125828088967,9.654125828088967
6,4,300,[64],1e-05,250,0.1158021092414856,1.6508588379041829,1.6508588379041829,1.6508588379041829,0.12220335006713867,1.657260078729836,1.657260078729836,1.657260078729836
6,4,300,[64],0.0001,250,1.1021885871887207,2.637245315851418,2.637245315851418,2.637245315851418,1.0954267978668213,2.6304835265295186,2.6304835265295186,2.6304835265295186
6,4,300,[64],0.001,250,20.046947479248047,21.582004207910742,21.582004207910742,21.582004207910742,17.76385498046875,19.298911709131445,19.298911709131445,19.298911709131445
6,4,300,[128],1e-05,250,-0.48930537700653076,1.0457513516561665,1.0457513516561665,1.0457513516561665,0.825075626373291,2.3601323550359883,2.3601323550359883,2.3601323550359883
6,4,300,[128],0.0001,250,1.5015414953231812,3.0365982239858784,3.0365982239858784,3.0365982239858784,3.434361219406128,4.969417948068825,4.969417948068825,4.969417948068825
6,4,300,[128],0.001,250,41.27921676635742,42.81427349502012,42.81427349502012,42.81427349502012,40.141334533691406,41.6763912623541,41.6763912623541,41.6763912623541
6,4,300,"[128, 128]",1e-05,250,5.942488193511963,7.47754492217466,7.47754492217466,7.47754492217466,-0.8264399766921997,0.7086167519704976,0.7086167519704976,0.7086167519704976
6,4,300,"[128, 128]",0.0001,250,29.990198135375977,31.525254864038672,31.525254864038672,31.525254864038672,19.917707443237305,21.4527641719,21.4527641719,21.4527641719
6,4,300,"[128, 128]",0.001,250,1222.4102783203125,1223.9453350489753,1223.9453350489753,1223.9453350489753,1020.7474365234375,1022.2824932521002,1022.2824932521002,1022.2824932521002
6,4,300,[256],1e-05,250,-5.023392677307129,-3.4883359486444316,-3.4883359486444316,-3.4883359486444316,3.828524589538574,5.3635813182012715,5.3635813182012715,5.3635813182012715
6,4,300,[256],0.0001,250,1.2687325477600098,2.803789276422707,2.803789276422707,2.803789276422707,9.648260116577148,11.183316845239846,11.183316845239846,11.183316845239846
6,4,300,[256],0.001,250,75.63890075683594,77.17395748549863,77.17395748549863,77.17395748549863,83.27293395996094,84.80799068862363,84.80799068862363,84.80799068862363
6,4,300,"[256, 256]",1e-05,250,9.314964294433594,10.850021023096291,10.850021023096291,10.850021023096291,1.2774810791015625,2.8125378077642598,2.8125378077642598,2.8125378077642598
6,4,300,"[256, 256]",0.0001,250,64.86198425292969,66.39704098159238,66.39704098159238,66.39704098159238,47.96280288696289,49.497859615625586,49.497859615625586,49.497859615625586
6,4,300,"[256, 256]",0.001,250,3828.86181640625,3830.3968731349128,3830.3968731349128,3830.3968731349128,3055.55517578125,3057.0902325099128,3057.0902325099128,3057.0902325099128
6,4,1000,[32],1e-05,250,0.8878173828125,2.4228741114751973,2.4228741114751973,2.4228741114751973,-0.4228042960166931,1.1122524326460042,1.1122524326460042,1.1122524326460042
6,4,1000,[32],0.0001,250,4.210970878601074,5.7460276072637715,5.7460276072637715,5.7460276072637715,1.7656272649765015,3.3006839936391987,3.3006839936391987,3.3006839936391987
6,4,1000,[32],0.001,250,83.8277816772461,85.36283840590879,85.36283840590879,85.36283840590879,72.574462890625,74.1095196192877,74.1095196192877,74.1095196192877
6,4,1000,[64],1e-05,250,0.44351035356521606,1.9785670822279133,1.9785670822279133,1.9785670822279133,0.4442090392112732,1.9792657678739705,1.9792657678739705,1.9792657678739705
6,4,1000,[64],0.0001,250,6.641160488128662,8.17621721679136,8.17621721679136,8.17621721679136,5.6707258224487305,7.205782551111428,7.205782551111428,7.205782551111428
6,4,1000,[64],0.001,250,155.47628784179688,157.01134457045958,157.01134457045958,157.01134457045958,138.5273895263672,140.0624462550299,140.0624462550299,140.0624462550299
6,4,1000,[128],1e-05,250,0.24209919571876526,1.7771559243814625,1.7771559243814625,1.7771559243814625,1.5473209619522095,3.0823776906149067,3.0823776906149067,3.0823776906149067
6,4,1000,[128],0.0001,250,12.94941234588623,14.484469074548928,14.484469074548928,14.484469074548928,13.906505584716797,15.441562313379494,15.441562313379494,15.441562313379494
6,4,1000,[128],0.001,250,343.23675537109375,344.77181209975646,344.77181209975646,344.77181209975646,315.92291259765625,317.45796932631896,317.45796932631896,317.45796932631896
6,4,1000,"[128, 128]",1e-05,250,13.672019958496094,15.207076687158791,15.207076687158791,15.207076687158791,5.31815242767334,6.853209156336037,6.853209156336037,6.853209156336037
6,4,1000,"[128, 128]",0.0001,250,206.09046936035156,207.62552608901427,207.62552608901427,207.62552608901427,161.11180114746094,162.64685787612365,162.64685787612365,162.64685787612365
6,4,1000,"[128, 128]",0.001,250,40892.90625,40894.441306728666,40894.441306728666,40894.441306728666,35669.7890625,35671.324119228666,35671.324119228666,35671.324119228666
6,4,1000,[256],1e-05,250,-1.7206162214279175,-0.1855594927652202,-0.1855594927652202,-0.1855594927652202,5.718512535095215,7.253569263757912,7.253569263757912,7.253569263757912
6,4,1000,[256],0.0001,250,22.111539840698242,23.646596569360938,23.646596569360938,23.646596569360938,30.45899200439453,31.994048733057227,31.994048733057227,31.994048733057227
6,4,1000,[256],0.001,250,675.901611328125,677.4366680567877,677.4366680567877,677.4366680567877,624.5821533203125,626.1172100489752,626.1172100489752,626.1172100489752
6,4,1000,"[256, 256]",1e-05,250,25.96073341369629,27.495790142358985,27.495790142358985,27.495790142358985,16.476797103881836,18.01185383254453,18.01185383254453,18.01185383254453
6,4,1000,"[256, 256]",0.0001,250,588.3659057617188,589.9009624903814,589.9009624903814,589.9009624903814,455.5550537109375,457.0901104396002,457.0901104396002,457.0901104396002
6,4,1000,"[256, 256]",0.001,250,139197.84375,139199.37880672867,139199.37880672867,139199.37880672867,110973.2890625,110974.82411922867,110974.82411922867,110974.82411922867
6,4,2000,[32],1e-05,250,1.1523683071136475,2.6874250357763447,2.6874250357763447,2.6874250357763447,-0.16661959886550903,1.3684371297971882,1.3684371297971882,1.3684371297971882
6,4,2000,[32],0.0001,250,8.498392105102539,10.033448833765236,10.033448833765236,10.033448833765236,5.569212436676025,7.104269165338723,7.104269165338723,7.104269165338723
6,4,2000,[32],0.001,250,257.70355224609375,259.23860897475646,259.23860897475646,259.23860897475646,229.3372802734375,230.8723370021002,230.8723370021002,230.8723370021002
6,4,2000,[64],1e-05,250,0.8711625933647156,2.406219322027413,2.406219322027413,2.406219322027413,0.8481923341751099,2.383249062837807,2.383249062837807,2.383249062837807
6,4,2000,[64],0.0001,250,14.80599594116211,16.341052669824805,16.341052669824805,16.341052669824805,12.908404350280762,14.443461078943459,14.443461078943459,14.443461078943459
6,4,2000,[64],0.001,250,487.1875,488.7225567286627,488.7225567286627,488.7225567286627,437.6842956542969,439.2193523829596,439.2193523829596,439.2193523829596
6,4,2000,[128],1e-05,250,1.050398588180542,2.5854553168432393,2.5854553168432393,2.5854553168432393,2.6987924575805664,4.233849186243264,4.233849186243264,4.233849186243264
6,4,2000,[128],0.0001,250,29.996379852294922,31.531436580957617,31.531436580957617,31.531436580957617,30.03887367248535,31.573930401148047,31.573930401148047,31.573930401148047
6,4,2000,[128],0.001,250,1093.1483154296875,1094.6833721583503,1094.6833721583503,1094.6833721583503,1005.6824951171875,1007.2175518458502,1007.2175518458502,1007.2175518458502
6,4,2000,"[128, 128]",1e-05,250,23.819805145263672,25.354861873926367,25.354861873926367,25.354861873926367,14.741052627563477,16.276109356226172,16.276109356226172,16.276109356226172
6,4,2000,"[128, 128]",0.0001,250,718.369384765625,719.9044414942877,719.9044414942877,719.9044414942877,595.8524169921875,597.3874737208502,597.3874737208502,597.3874737208502
6,4,2000,"[128, 128]",0.001,250,236295.75,236297.28505672867,236297.28505672867,236297.28505672867,212000.296875,212001.83193172867,212001.83193172867,212001.83193172867
6,4,2000,[256],1e-05,250,0.568321704864502,2.103378433527199,2.103378433527199,2.103378433527199,8.25900650024414,9.794063228906838,9.794063228906838,9.794063228906838
6,4,2000,[256],0.0001,250,55.91461944580078,57.44967617446348,57.44967617446348,57.44967617446348,62.816139221191406,64.3511959498541,64.3511959498541,64.3511959498541
6,4,2000,[256],0.001,250,2157.336181640625,2158.8712383692878,2158.8712383692878,2158.8712383692878,1965.0081787109375,1966.5432354396003,1966.5432354396003,1966.5432354396003
6,4,2000,"[256, 256]",1e-05,250,49.43035125732422,50.965407985986914,50.965407985986914,50.965407985986914,35.21269607543945,36.74775280410215,36.74775280410215,36.74775280410215
6,4,2000,"[256, 256]",0.0001,250,2205.394287109375,2206.9293438380378,2206.9293438380378,2206.9293438380378,1763.7230224609375,1765.2580791896003,1765.2580791896003,1765.2580791896003
6,4,2000,"[256, 256]",0.001,250,818413.0625,818414.5975567286,818414.5975567286,818414.5975567286,668461.25,668462.7850567286,668462.7850567286,668462.7850567286
6,7,300,[32],1e-05,250,0.8048753142356873,1.572403678567036,1.572403678567036,1.572403678567036,-0.6341353058815002,0.1333930584498484,0.1333930584498484,0.1333930584498484
6,7,300,[32],0.0001,250,1.5741671323776245,2.341695496708973,2.341695496708973,2.341695496708973,-0.058843739330768585,0.70868462500058,0.70868462500058,0.70868462500058
6,7,300,[32],0.001,250,11.209776878356934,11.977305242688281,11.977305242688281,11.977305242688281,8.494765281677246,9.262293646008594,9.262293646008594,9.262293646008594
6,7,300,[64],1e-05,250,0.1156347393989563,0.8831631037303049,0.8831631037303049,0.8831631037303049,0.12412005662918091,0.8916484209605295,0.8916484209605295,0.8916484209605295
6,7,300,[64],0.0001,250,1.444139003753662,2.2116673680850107,2.2116673680850107,2.2116673680850107,1.3239153623580933,2.091443726689442,2.091443726689442,2.091443726689442
6,7,300,[64],0.001,250,20.299427032470703,21.06695539680205,21.06695539680205,21.06695539680205,17.525012969970703,18.29254133430205,18.29254133430205,18.29254133430205
6,7,300,[128],1e-05,250,-0.5310246348381042,0.23650372949324439,0.23650372949324439,0.23650372949324439,0.9232906103134155,1.6908189746447642,1.6908189746447642,1.6908189746447642
6,7,300,[128],0.0001,250,1.8933565616607666,2.6608849259921152,2.6608849259921152,2.6608849259921152,3.7769405841827393,4.544468948514088,4.544468948514088,4.544468948514088
6,7,300,[128],0.001,250,41.33864212036133,42.106170484692676,42.106170484692676,42.106170484692676,40.14678955078125,40.9143179151126,40.9143179151126,40.9143179151126
6,7,300,"[128, 128]",1e-05,250,6.331771373748779,7.099299738080128,7.099299738080128,7.099299738080128,-0.8558300733566284,-0.08830170902527978,-0.08830170902527978,-0.08830170902527978
6,7,300,"[128, 128]",0.0001,250,30.441190719604492,31.20871908393584,31.20871908393584,31.20871908393584,20.6070499420166,21.37457830634795,21.37457830634795,21.37457830634795
6,7,300,"[128, 128]",0.001,250,1222.4073486328125,1223.1748769971439,1223.1748769971439,1223.1748769971439,1020.22705078125,1020.9945791455814,1020.9945791455814,1020.9945791455814
6,7,300,[256],1e-05,250,-4.8232879638671875,-4.055759599535839,-4.055759599535839,-4.055759599535839,4.336815357208252,5.104343721539601,5.104343721539601,5.104343721539601
6,7,300,[256],0.0001,250,1.8052760362625122,2.572804400593861,2.572804400593861,2.572804400593861,10.197073936462402,10.96460230079375,10.96460230079375,10.96460230079375
6,7,300,[256],0.001,250,77.52029418945312,78.28782255378448,78.28782255378448,78.28782255378448,83.78720092773438,84.55472929206573,84.55472929206573,84.55472929206573
6,7,300,"[256, 256]",1e-05,250,9.744397163391113,10.511925527722461,10.511925527722461,10.511925527722461,1.7510933876037598,2.5186217519351084,2.5186217519351084,2.5186217519351084
6,7,300,"[256, 256]",0.0001,250,65.23210144042969,65.99962980476104,65.99962980476104,65.99962980476104,48.404266357421875,49.17179472175322,49.17179472175322,49.17179472175322
6,7,300,"[256, 256]",0.001,250,3797.829345703125,3798.596874067456,3798.596874067456,3798.596874067456,3058.07861328125,3058.846141645581,3058.846141645581,3058.846141645581
6,7,1000,[32],1e-05,250,1.055124044418335,1.8226524087496836,1.8226524087496836,1.8226524087496836,-0.4297276735305786,0.33780069080077,0.33780069080077,0.33780069080077
6,7,1000,[32],0.0001,250,4.376430511474609,5.143958875805958,5.143958875805958,5.143958875805958,2.228816032409668,2.9963443967410166,2.9963443967410166,2.9963443967410166
6,7,1000,[32],0.001,250,82.78106689453125,83.5485952588626,83.5485952588626,83.5485952588626,72.19512939453125,72.9626577588626,72.9626577588626,72.9626577588626
6,7,1000,[64],1e-05,250,0.47477731108665466,1.2423056754180033,1.2423056754180033,1.2423056754180033,0.48563188314437866,1.2531602474757273,1.2531602474757273,1.2531602474757273
6,7,1000,[64],0.0001,250,6.931934833526611,7.69946319785796,7.69946319785796,7.69946319785796,6.028992652893066,6.796521017224415,6.796521017224415,6.796521017224415
6,7,1000,[64],0.001,250,154.8626708984375,155.63019926276885,155.63019926276885,155.63019926276885,137.1584014892578,137.92592985358917,137.92592985358917,137.92592985358917
6,7,1000,[128],1e-05,250,0.2224111258983612,0.9899394902297098,0.9899394902297098,0.9899394902297098,1.8147845268249512,2.5823128911563,2.5823128911563,2.5823128911563
6,7,1000,[128],0.0001,250,12.997779846191406,13.765308210522754,13.765308210522754,13.765308210522754,14.095222473144531,14.862750837475879,14.862750837475879,14.862750837475879
6,7,1000,[128],0.001,250,342.1973876953125,342.9649160596438,342.9649160596438,342.9649160596438,315.253173828125,316.0207021924563,316.0207021924563,316.0207021924563
6,7,1000,"[128, 128]",1e-05,250,14.113896369934082,14.88142473426543,14.88142473426543,14.88142473426543,6.105189800262451,6.8727181645938,6.8727181645938,6.8727181645938
6,7,1000,"[128, 128]",0.0001,250,206.32623291015625,207.0937612744876,207.0937612744876,207.0937612744876,161.7889404296875,162.55646879401885,162.55646879401885,162.55646879401885
6,7,1000,"[128, 128]",0.001,250,40891.453125,40892.22065336433,40892.22065336433,40892.22065336433,36453.50390625,36454.27143461433,36454.27143461433,36454.27143461433
6,7,1000,[256],1e-05,250,-2.06620454788208,-1.2986761835507314,-1.2986761835507314,-1.2986761835507314,6.265726089477539,7.033254453808888,7.033254453808888,7.033254453808888
6,7,1000,[256],0.0001,250,23.067047119140625,23.834575483471973,23.834575483471973,23.834575483471973,30.96454429626465,31.732072660595996,31.732072660595996,31.732072660595996
6,7,1000,[256],0.001,250,679.0146484375,679.7821768018314,679.7821768018314,679.7821768018314,625.1201171875,625.8876455518314,625.8876455518314,625.8876455518314
6,7,1000,"[256, 256]",1e-05,250,26.403749465942383,27.17127783027373,27.17127783027373,27.17127783027373,17.154945373535156,17.922473737866504,17.922473737866504,17.922473737866504
6,7,1000,"[256, 256]",0.0001,250,588.4439697265625,589.2114980908939,589.2114980908939,589.2114980908939,455.60302734375,456.3705557080813,456.3705557080813,456.3705557080813
6,7,1000,"[256, 256]",0.001,250,132351.671875,132352.43940336432,132352.43940336432,132352.43940336432,109450.140625,109450.90815336433,109450.90815336433,109450.90815336433
6,7,2000,[32],1e-05,250,1.3893024921417236,2.1568308564730723,2.1568308564730723,2.1568308564730723,-0.17291870713233948,0.5946096571990092,0.5946096571990092,0.5946096571990092
6,7,2000,[32],0.0001,250,8.573280334472656,9.340808698804004,9.340808698804004,9.340808698804004,6.105612754821777,6.873141119153126,6.873141119153126,6.873141119153126
6,7,2000,[32],0.001,250,256.1378479003906,256.90537626472195,256.90537626472195,256.90537626472195,228.5394287109375,229.30695707526885,229.30695707526885,229.30695707526885
6,7,2000,[64],1e-05,250,1.0815845727920532,1.8491129371234019,1.8491129371234019,1.8491129371234019,0.9990526437759399,1.7665810081072886,1.7665810081072886,1.7665810081072886
6,7,2000,[64],0.0001,250,14.97520923614502,15.742737600476367,15.742737600476367,15.742737600476367,13.122373580932617,13.889901945263965,13.889901945263965,13.889901945263965
6,7,2000,[64],0.001,250,484.9280090332031,485.69553739753445,485.69553739753445,485.69553739753445,436.135498046875,436.9030264112063,436.9030264112063,436.9030264112063
6,7,2000,[128],1e-05,250,1.2996861934661865,2.067214557797535,2.067214557797535,2.067214557797535,3.0707294940948486,3.8382578584261973,3.8382578584261973,3.8382578584261973
6,7,2000,[128],0.0001,250,29.750755310058594,30.51828367438994,30.51828367438994,30.51828367438994,30.086729049682617,30.854257414013965,30.854257414013965,30.854257414013965
6,7,2000,[128],0.001,250,1091.5836181640625,1092.3511465283939,1092.3511465283939,1092.3511465283939,1004.72216796875,1005.4896963330814,1005.4896963330814,1005.4896963330814
6,7,2000,"[128, 128]",1e-05,250,24.270357131958008,25.037885496289356,25.037885496289356,25.037885496289356,15.410202980041504,16.17773134437285,16.17773134437285,16.17773134437285
6,7,2000,"[128, 128]",0.0001,250,718.4993896484375,719.2669180127689,719.2669180127689,719.2669180127689,596.604248046875,597.3717764112064,597.3717764112064,597.3717764112064
6,7,2000,"[128, 128]",0.001,250,236292.421875,236293.18940336432,236293.18940336432,236293.18940336432,224012.359375,224013.12690336432,224013.12690336432,224013.12690336432
6,7,2000,[256],1e-05,250,0.6647777557373047,1.4323061200686533,1.4323061200686533,1.4323061200686533,8.811822891235352,9.5793512555667,9.5793512555667,9.5793512555667
6,7,2000,[256],0.0001,250,56.79195785522461,57.55948621955596,57.55948621955596,57.55948621955596,63.313079833984375,64.08060819831573,64.08060819831573,64.08060819831573
6,7,2000,[256],0.001,250,2159.665771484375,2160.433299848706,2160.433299848706,2160.433299848706,1965.58154296875,1966.3490713330814,1966.3490713330814,1966.3490713330814
6,7,2000,"[256, 256]",1e-05,250,49.8375358581543,50.605064222485645,50.605064222485645,50.605064222485645,35.81621551513672,36.58374387946807,36.58374387946807,36.58374387946807
6,7,2000,"[256, 256]",0.0001,250,2205.3798828125,2206.147411176831,2206.147411176831,2206.147411176831,1762.59228515625,1763.3598135205814,1763.3598135205814,1763.3598135205814
6,7,2000,"[256, 256]",0.001,250,763058.75,763059.5175283643,763059.5175283643,763059.5175283643,658479.75,658480.5175283643,658480.5175283643,658480.5175283643
6,10,300,[32],1e-05,250,0.8855725526809692,1.3972581289018682,1.3972581289018682,1.3972581289018682,-0.6115682125091553,-0.09988263628825622,-0.09988263628825622,-0.09988263628825622
6,10,300,[32],0.0001,250,1.6589624881744385,2.1706480643953374,2.1706480643953374,2.1706480643953374,-0.06766528636217117,0.4440202898587279,0.4440202898587279,0.4440202898587279
6,10,300,[32],0.001,250,11.263708114624023,11.775393690844922,11.775393690844922,11.775393690844922,8.609638214111328,9.121323790332227,9.121323790332227,9.121323790332227
6,10,300,[64],1e-05,250,0.11578504741191864,0.6274706236328177,0.6274706236328177,0.6274706236328177,0.1263059824705124,0.6379915586914114,0.6379915586914114,0.6379915586914114
6,10,300,[64],0.0001,250,1.5616521835327148,2.073337759753614,2.073337759753614,2.073337759753614,1.3994712829589844,1.9111568591798833,1.9111568591798833,1.9111568591798833
6,10,300,[64],0.001,250,20.291072845458984,20.802758421679883,20.802758421679883,20.802758421679883,17.421175003051758,17.932860579272656,17.932860579272656,17.932860579272656
6,10,300,[128],1e-05,250,-0.6070780754089355,-0.0953924991880365,-0.0953924991880365,-0.0953924991880365,1.0020434856414795,1.5137290618623784,1.5137290618623784,1.5137290618623784
6,10,300,[128],0.0001,250,2.052502155303955,2.564187731524854,2.564187731524854,2.564187731524854,3.9188270568847656,4.430512633105665,4.430512633105665,4.430512633105665
6,10,300,[128],0.001,250,41.22395324707031,41.73563882329121,41.73563882329121,41.73563882329121,40.2435417175293,40.755227293750195,40.755227293750195,40.755227293750195
6,10,300,"[128, 128]",1e-05,250,6.437538146972656,6.949223723193556,6.949223723193556,6.949223723193556,-0.7989638447761536,-0.2872782685552545,-0.2872782685552545,-0.2872782685552545
6,10,300,"[128, 128]",0.0001,250,30.529279708862305,31.040965285083203,31.040965285083203,31.040965285083203,20.82609748840332,21.33778306462422,21.33778306462422,21.33778306462422
6,10,300,"[128, 128]",0.001,250,1222.4234619140625,1222.9351474902835,1222.9351474902835,1222.9351474902835,1020.4642333984375,1020.9759189746584,1020.9759189746584,1020.9759189746584
6,10,300,[256],1e-05,250,-4.7646565437316895,-4.25297096751079,-4.25297096751079,-4.25297096751079,4.481832981109619,4.9935185573305185,4.9935185573305185,4.9935185573305185
6,10,300,[256],0.0001,250,1.991358995437622,2.503044571658521,2.503044571658521,2.503044571658521,10.329202651977539,10.840888228198438,10.840888228198438,10.840888228198438
6,10,300,[256],0.001,250,77.36756896972656,77.87925454594746,77.87925454594746,77.87925454594746,83.91236877441406,84.42405435063496,84.42405435063496,84.42405435063496
6,10,300,"[256, 256]",1e-05,250,9.853960037231445,10.365645613452344,10.365645613452344,10.365645613452344,1.8699915409088135,2.3816771171297124,2.3816771171297124,2.3816771171297124
6,10,300,"[256, 256]",0.0001,250,65.28350830078125,65.79519387700215,65.79519387700215,65.79519387700215,48.4737434387207,48.9854290149416,48.9854290149416,48.9854290149416
6,10,300,"[256, 256]",0.001,250,3797.946533203125,3798.4582187793458,3798.4582187793458,3798.4582187793458,3057.165283203125,3057.6769687793458,3057.6769687793458,3057.6769687793458
6,10,1000,[32],1e-05,250,1.1461668014526367,1.6578523776735357,1.6578523776735357,1.6578523776735357,-0.4343482553958893,0.07733732082500977,0.07733732082500977,0.07733732082500977
6,10,1000,[32],0.0001,250,4.4410247802734375,4.952710356494337,4.952710356494337,4.952710356494337,2.3754405975341797,2.8871261737550786,2.8871261737550786,2.8871261737550786
6,10,1000,[32],0.001,250,82.67400360107422,83.18568917729512,83.18568917729512,83.18568917729512,72.23588562011719,72.74757119633809,72.74757119633809,72.74757119633809
6,10,1000,[64],1e-05,250,0.5239494442939758,1.0356350205148748,1.0356350205148748,1.0356350205148748,0.5197480320930481,1.031433608313947,1.031433608313947,1.031433608313947
6,10,1000,[64],0.0001,250,6.984893798828125,7.496579375049024,7.496579375049024,7.496579375049024,6.079431056976318,6.591116633197218,6.591116633197218,6.591116633197218
6,10,1000,[64],0.001,250,154.59584045410156,155.10752603032248,155.10752603032248,155.10752603032248,136.6644287109375,137.1761142871584,137.1761142871584,137.1761142871584
6,10,1000,[128],1e-05,250,0.2378665655851364,0.7495521418060355,0.7495521418060355,0.7495521418060355,1.9458034038543701,2.457488980075269,2.457488980075269,2.457488980075269
6,10,1000,[128],0.0001,250,13.090093612670898,13.601779188891797,13.601779188891797,13.601779188891797,14.202627182006836,14.714312758227734,14.714312758227734,14.714312758227734
6,10,1000,[128],0.001,250,341.6200866699219,342.13177224614276,342.13177224614276,342.13177224614276,315.3057556152344,315.81744119145526,315.81744119145526,315.81744119145526
6,10,1000,"[128, 128]",1e-05,250,14.224639892578125,14.736325468799023,14.736325468799023,14.736325468799023,6.285240173339844,6.796925749560743,6.796925749560743,6.796925749560743
6,10,1000,"[128, 128]",0.0001,250,206.34312438964844,206.85480996586935,206.85480996586935,206.85480996586935,162.1832733154297,162.6949588916506,162.6949588916506,162.6949588916506
6,10,1000,"[128, 128]",0.001,250,40891.91796875,40892.429654326224,40892.429654326224,40892.429654326224,36285.08203125,36285.593716826224,36285.593716826224,36285.593716826224
6,10,1000,[256],1e-05,250,-2.0879321098327637,-1.5762465336118647,-1.5762465336118647,-1.5762465336118647,6.405913829803467,6.917599406024366,6.917599406024366,6.917599406024366
6,10,1000,[256],0.0001,250,23.222063064575195,23.733748640796094,23.733748640796094,23.733748640796094,31.091821670532227,31.603507246753125,31.603507246753125,31.603507246753125
6,10,1000,[256],0.001,250,678.4132690429688,678.9249546191896,678.9249546191896,678.9249546191896,625.2716064453125,625.7832920215334,625.7832920215334,625.7832920215334
6,10,1000,"[256, 256]",1e-05,250,26.5015869140625,27.0132724902834,27.0132724902834,27.0132724902834,17.33333969116211,17.845025267383008,17.845025267383008,17.845025267383008
6,10,1000,"[256, 256]",0.0001,250,588.44921875,588.9609043262209,588.9609043262209,588.9609043262209,455.6025085449219,456.11419412114276,456.11419412114276,456.11419412114276
6,10,1000,"[256, 256]",0.001,250,137207.96875,137208.48043557623,137208.48043557623,137208.48043557623,109423.53125,109424.04293557622,109424.04293557622,109424.04293557622
6,10,2000,[32],1e-05,250,1.4802038669586182,1.991889443179517,1.991889443179517,1.991889443179517,-0.1801510453224182,0.33153453089848084,0.33153453089848084,0.33153453089848084
6,10,2000,[32],0.0001,250,8.639998435974121,9.15168401219502,9.15168401219502,9.15168401219502,6.236443042755127,6.748128618976026,6.748128618976026,6.748128618976026
6,10,2000,[32],0.001,250,255.9575958251953,256.4692814014162,256.4692814014162,256.4692814014162,228.54782104492188,229.0595066211428,229.0595066211428,229.0595066211428
6,10,2000,[64],1e-05,250,1.1986980438232422,1.7103836200441411,1.7103836200441411,1.7103836200441411,1.0705173015594482,1.5822028777803472,1.5822028777803472,1.5822028777803472
6,10,2000,[64],0.0001,250,15.002875328063965,15.514560904284863,15.514560904284863,15.514560904284863,13.122695922851562,13.634381499072461,13.634381499072461,13.634381499072461
6,10,2000,[64],0.001,250,484.5362854003906,485.0479709766115,485.0479709766115,485.0479709766115,435.0425720214844,435.55425759770526,435.55425759770526,435.55425759770526
6,10,2000,[128],1e-05,250,1.4579579830169678,1.9696435592378667,1.9696435592378667,1.9696435592378667,3.2237963676452637,3.7354819438661626,3.7354819438661626,3.7354819438661626
6,10,2000,[128],0.0001,250,29.794824600219727,30.306510176440625,30.306510176440625,30.306510176440625,30.18433952331543,30.696025099536328,30.696025099536328,30.696025099536328
6,10,2000,[128],0.001,250,1090.7860107421875,1091.2976963184085,1091.2976963184085,1091.2976963184085,1004.7652587890625,1005.2769443652834,1005.2769443652834,1005.2769443652834
6,10,2000,"[128, 128]",1e-05,250,24.376590728759766,24.888276304980664,24.888276304980664,24.888276304980664,15.562273025512695,16.073958601733594,16.073958601733594,16.073958601733594
6,10,2000,"[128, 128]",0.0001,250,718.4925537109375,719.0042392871584,719.0042392871584,719.0042392871584,597.0562744140625,597.5679599902834,597.5679599902834,597.5679599902834
6,10,2000,"[128, 128]",0.001,250,236294.109375,236294.62106057623,236294.62106057623,236294.62106057623,220226.875,220227.38668557623,220227.38668557623,220227.38668557623
6,10,2000,[256],1e-05,250,0.7614930868148804,1.2731786630357793,1.2731786630357793,1.2731786630357793,8.944520950317383,9.456206526538281,9.456206526538281,9.456206526538281
6,10,2000,[256],0.0001,250,56.8995361328125,57.4112217090334,57.4112217090334,57.4112217090334,63.43395233154297,63.94563790776387,63.94563790776387,63.94563790776387
6,10,2000,[256],0.001,250,2158.849853515625,2159.3615390918458,2159.3615390918458,2159.3615390918458,1965.7493896484375,1966.2610752246585,1966.2610752246585,1966.2610752246585
6,10,2000,"[256, 256]",1e-05,250,49.9149284362793,50.426614012500195,50.426614012500195,50.426614012500195,35.99894332885742,36.51062890507832,36.51062890507832,36.51062890507832
6,10,2000,"[256, 256]",0.0001,250,2205.350830078125,2205.8625156543458,2205.8625156543458,2205.8625156543458,1763.4666748046875,1763.9783603809085,1763.9783603809085,1763.9783603809085
6,10,2000,"[256, 256]",0.001,250,806895.3125,806895.8241855762,806895.8241855762,806895.8241855762,652391.9375,652392.4491855762,652392.4491855762,652392.4491855762
6,20,300,[32],1e-05,250,0.970192015171051,1.2125693933809507,1.2125693933809507,1.2125693933809507,-0.5326888561248779,-0.29031147791497836,-0.29031147791497836,-0.29031147791497836
6,20,300,[32],0.0001,250,1.7464849948883057,1.9888623730982053,1.9888623730982053,1.9888623730982053,-0.06988278776407242,0.17249459044582716,0.17249459044582716,0.17249459044582716
6,20,300,[32],0.001,250,11.416898727416992,11.659276105626892,11.659276105626892,11.659276105626892,8.700299263000488,8.942676641210388,8.942676641210388,8.942676641210388
6,20,300,[64],1e-05,250,0.11878737807273865,0.3611647562826382,0.3611647562826382,0.3611647562826382,0.13554619252681732,0.3779235707367169,0.3779235707367169,0.3779235707367169
6,20,300,[64],0.0001,250,1.623702049255371,1.8660794274652708,1.8660794274652708,1.8660794274652708,1.482179880142212,1.7245572583521116,1.7245572583521116,1.7245572583521116
6,20,300,[64],0.001,250,20.12535858154297,20.367735959752867,20.367735959752867,20.367735959752867,17.486677169799805,17.729054548009703,17.729054548009703,17.729054548009703
6,20,300,[128],1e-05,250,-0.7305271029472351,-0.48814972473733553,-0.48814972473733553,-0.48814972473733553,1.1099276542663574,1.352305032476257,1.352305032476257,1.352305032476257
6,20,300,[128],0.0001,250,2.201389789581299,2.4437671677911985,2.4437671677911985,2.4437671677911985,4.051799297332764,4.294176675542663,4.294176675542663,4.294176675542663
6,20,300,[128],0.001,250,41.75292205810547,41.99529943631537,41.99529943631537,41.99529943631537,40.41535949707031,40.657736875280214,40.657736875280214,40.657736875280214
6,20,300,"[128, 128]",1e-05,250,6.525720119476318,6.768097497686218,6.768097497686218,6.768097497686218,-0.6999635100364685,-0.45758613182656893,-0.45758613182656893,-0.45758613182656893
6,20,300,"[128, 128]",0.0001,250,30.575437545776367,30.817814923986266,30.817814923986266,30.817814923986266,20.929393768310547,21.171771146520445,21.171771146520445,21.171771146520445
6,20,300,"[128, 128]",0.001,250,1222.375,1222.61737737821,1222.61737737821,1222.61737737821,1020.7194213867188,1020.9617987649286,1020.9617987649286,1020.9617987649286
6,20,300,[256],1e-05,250,-4.7155680656433105,-4.473190687433411,-4.473190687433411,-4.473190687433411,4.594553470611572,4.8369308488214715,4.8369308488214715,4.8369308488214715
6,20,300,[256],0.0001,250,2.1308250427246094,2.373202420934509,2.373202420934509,2.373202420934509,10.427592277526855,10.669969655736756,10.669969655736756,10.669969655736756
6,20,300,[256],0.001,250,77.0677719116211,77.31014928983099,77.31014928983099,77.31014928983099,83.99076080322266,84.23313818143255,84.23313818143255,84.23313818143255
6,20,300,"[256, 256]",1e-05,250,9.93973159790039,10.18210897611029,10.18210897611029,10.18210897611029,1.9659574031829834,2.208334781392883,2.208334781392883,2.208334781392883
6,20,300,"[256, 256]",0.0001,250,65.30419921875,65.5465765969599,65.5465765969599,65.5465765969599,48.56509017944336,48.80746755765326,48.80746755765326,48.80746755765326
6,20,300,"[256, 256]",0.001,250,3795.06982421875,3795.3122015969598,3795.3122015969598,3795.3122015969598,3055.823974609375,3056.0663519875848,3056.0663519875848,3056.0663519875848
6,20,1000,[32],1e-05,250,1.2292671203613281,1.4716444985712278,1.4716444985712278,1.4716444985712278,-0.3947809636592865,-0.15240358544938692,-0.15240358544938692,-0.15240358544938692
6,20,1000,[32],0.0001,250,4.556179523468018,4.798556901677917,4.798556901677917,4.798556901677917,2.506399631500244,2.748777009710144,2.748777009710144,2.748777009710144
6,20,1000,[32],0.001,250,82.82345581054688,83.06583318875677,83.06583318875677,83.06583318875677,72.28596496582031,72.52834234403021,72.52834234403021,72.52834234403021
6,20,1000,[64],1e-05,250,0.6228183507919312,0.8651957290018307,0.8651957290018307,0.8651957290018307,0.5623275637626648,0.8047049419725644,0.8047049419725644,0.8047049419725644
6,20,1000,[64],0.0001,250,7.021218776702881,7.26359615491278,7.26359615491278,7.26359615491278,6.119167804718018,6.361545182927917,6.361545182927917,6.361545182927917
6,20,1000,[64],0.001,250,154.0394744873047,154.2818518655146,154.2818518655146,154.2818518655146,136.68797302246094,136.93035040067085,136.93035040067085,136.93035040067085
6,20,1000,[128],1e-05,250,0.2958085536956787,0.5381859319055783,0.5381859319055783,0.5381859319055783,2.081918478012085,2.3242958562219846,2.3242958562219846,2.3242958562219846
6,20,1000,[128],0.0001,250,13.228296279907227,13.470673658117127,13.470673658117127,13.470673658117127,14.323779106140137,14.566156484350037,14.566156484350037,14.566156484350037
6,20,1000,[128],0.001,250,342.7603454589844,343.00272283719426,343.00272283719426,343.00272283719426,315.57635498046875,315.81873235867863,315.81873235867863,315.81873235867863
6,20,1000,"[128, 128]",1e-05,250,14.304435729980469,14.546813108190369,14.546813108190369,14.546813108190369,6.406542778015137,6.648920156225036,6.648920156225036,6.648920156225036
6,20,1000,"[128, 128]",0.0001,250,206.3332061767578,206.57558355496772,206.57558355496772,206.57558355496772,162.2655487060547,162.5079260842646,162.5079260842646,162.5079260842646
6,20,1000,"[128, 128]",0.001,250,40891.73828125,40891.98065862821,40891.98065862821,40891.98065862821,36429.453125,36429.69550237821,36429.69550237821,36429.69550237821
6,20,1000,[256],1e-05,250,-2.078137159347534,-1.8357597811376345,-1.8357597811376345,-1.8357597811376345,6.5098724365234375,6.752249814733337,6.752249814733337,6.752249814733337
6,20,1000,[256],0.0001,250,23.284130096435547,23.526507474645445,23.526507474645445,23.526507474645445,31.18220329284668,31.424580671056578,31.424580671056578,31.424580671056578
6,20,1000,[256],0.001,250,677.6143188476562,677.8566962258661,677.8566962258661,677.8566962258661,625.3693237304688,625.6117011086786,625.6117011086786,625.6117011086786
6,20,1000,"[256, 256]",1e-05,250,26.557844161987305,26.800221540197203,26.800221540197203,26.800221540197203,17.46979522705078,17.71217260526068,17.71217260526068,17.71217260526068
6,20,1000,"[256, 256]",0.0001,250,588.6708984375,588.9132758157099,588.9132758157099,588.9132758157099,455.66741943359375,455.90979681180363,455.90979681180363,455.90979681180363
6,20,1000,"[256, 256]",0.001,250,135329.78125,135330.02362737822,135330.02362737822,135330.02362737822,106966.53125,106966.7736273782,106966.7736273782,106966.7736273782
6,20,2000,[32],1e-05,250,1.5640512704849243,1.806428648694824,1.806428648694824,1.806428648694824,-0.18205703794956207,0.0603203402603375,0.0603203402603375,0.0603203402603375
6,20,2000,[32],0.0001,250,8.769648551940918,9.012025930150818,9.012025930150818,9.012025930150818,6.323639869689941,6.566017247899841,6.566017247899841,6.566017247899841
6,20,2000,[32],0.001,250,256.11981201171875,256.36218938992863,256.36218938992863,256.36218938992863,228.59324645996094,228.83562383817085,228.83562383817085,228.83562383817085
6,20,2000,[64],1e-05,250,1.2763617038726807,1.5187390820825803,1.5187390820825803,1.5187390820825803,1.1423239707946777,1.3847013490045774,1.3847013490045774,1.3847013490045774
6,20,2000,[64],0.0001,250,15.014808654785156,15.257186032995056,15.257186032995056,15.257186032995056,13.134082794189453,13.376460172399353,13.376460172399353,13.376460172399353
6,20,2000,[64],0.001,250,483.7876892089844,484.03006658719426,484.03006658719426,484.03006658719426,435.06256103515625,435.30493841336613,435.30493841336613,435.30493841336613
6,20,2000,[128],1e-05,250,1.5899627208709717,1.8323400990808714,1.8323400990808714,1.8323400990808714,3.3600544929504395,3.602431871160339,3.602431871160339,3.602431871160339
6,20,2000,[128],0.0001,250,29.904542922973633,30.14692030118353,30.14692030118353,30.14692030118353,30.30693244934082,30.54930982755072,30.54930982755072,30.54930982755072
6,20,2000,[128],0.001,250,1092.2340087890625,1092.4763861672725,1092.4763861672725,1092.4763861672725,1005.0902709960938,1005.3326483743036,1005.3326483743036,1005.3326483743036
6,20,2000,"[128, 128]",1e-05,250,24.43712615966797,24.679503537877867,24.679503537877867,24.679503537877867,15.669299125671387,15.911676503881287,15.911676503881287,15.911676503881287
6,20,2000,"[128, 128]",0.0001,250,718.4666748046875,718.7090521828974,718.7090521828974,718.7090521828974,597.3239135742188,597.5662909524286,597.5662909524286,597.5662909524286
6,20,2000,"[128, 128]",0.001,250,237062.234375,237062.47675237822,237062.47675237822,237062.47675237822,223958.21875,223958.46112737822,223958.46112737822,223958.46112737822
6,20,2000,[256],1e-05,250,0.8905179500579834,1.132895328267883,1.132895328267883,1.132895328267883,9.042800903320312,9.285178281530213,9.285178281530213,9.285178281530213
6,20,2000,[256],0.0001,250,56.903594970703125,57.14597234891303,57.14597234891303,57.14597234891303,63.514015197753906,63.75639257596381,63.75639257596381,63.75639257596381
6,20,2000,[256],0.001,250,2157.8173828125,2158.0597601907098,2158.0597601907098,2158.0597601907098,1965.8590087890625,1966.1013861672725,1966.1013861672725,1966.1013861672725
6,20,2000,"[256, 256]",1e-05,250,49.95134735107422,50.19372472928412,50.19372472928412,50.19372472928412,36.13927459716797,36.38165197537787,36.38165197537787,36.38165197537787
6,20,2000,"[256, 256]",0.0001,250,2205.6796875,2205.9220648782098,2205.9220648782098,2205.9220648782098,1763.5528564453125,1763.7952338235225,1763.7952338235225,1763.7952338235225
6,20,2000,"[256, 256]",0.001,250,795728.0,795728.2423773782,795728.2423773782,795728.2423773782,639606.125,639606.3673773782,639606.3673773782,639606.3673773782
6,50,300,[32],1e-05,250,1.0026090145111084,1.0965920795312736,1.0965920795312736,1.0965920795312736,-0.48283401131629944,-0.3888509462961343,-0.3888509462961343,-0.3888509462961343
6,50,300,[32],0.0001,250,1.7845711708068848,1.87855423582705,1.87855423582705,1.87855423582705,-0.06642790138721466,0.027555163632950477,0.027555163632950477,0.027555163632950477
6,50,300,[32],0.001,250,11.439148902893066,11.533131967913231,11.533131967913231,11.533131967913231,8.758054733276367,8.852037798296532,8.852037798296532,8.852037798296532
6,50,300,[64],1e-05,250,0.13953647017478943,0.23351953519495455,0.23351953519495455,0.23351953519495455,0.14682506024837494,0.24080812526854006,0.24080812526854006,0.24080812526854006
6,50,300,[64],0.0001,250,1.6679916381835938,1.761974703203759,1.761974703203759,1.761974703203759,1.486948013305664,1.5809310783258292,1.5809310783258292,1.5809310783258292
6,50,300,[64],0.001,250,20.04746437072754,20.141447435747704,20.141447435747704,20.141447435747704,17.563581466674805,17.65756453169497,17.65756453169497,17.65756453169497
6,50,300,[128],1e-05,250,-0.7503873109817505,-0.6564042459615853,-0.6564042459615853,-0.6564042459615853,1.1672667264938354,1.2612497915140006,1.2612497915140006,1.2612497915140006
6,50,300,[128],0.0001,250,2.2613365650177,2.355319630037865,2.355319630037865,2.355319630037865,4.099480628967285,4.19346369398745,4.19346369398745,4.19346369398745
6,50,300,[128],0.001,250,41.81813430786133,41.9121173728815,41.9121173728815,41.9121173728815,40.46737289428711,40.56135595930728,40.56135595930728,40.56135595930728
6,50,300,"[128, 128]",1e-05,250,6.555772304534912,6.649755369555077,6.649755369555077,6.649755369555077,-0.6487849354743958,-0.5548018704542306,-0.5548018704542306,-0.5548018704542306
6,50,300,"[128, 128]",0.0001,250,30.577335357666016,30.67131842268618,30.67131842268618,30.67131842268618,20.958364486694336,21.0523475517145,21.0523475517145,21.0523475517145
6,50,300,"[128, 128]",0.001,250,1222.3931884765625,1222.4871715415827,1222.4871715415827,1222.4871715415827,1021.05859375,1021.1525768150202,1021.1525768150202,1021.1525768150202
6,50,300,[256],1e-05,250,-4.7003936767578125,-4.6064106117376475,-4.6064106117376475,-4.6064106117376475,4.631305694580078,4.725288759600243,4.725288759600243,4.725288759600243
6,50,300,[256],0.0001,250,2.1924452781677246,2.2864283431878896,2.2864283431878896,2.2864283431878896,10.45917797088623,10.553161035906395,10.553161035906395,10.553161035906395
6,50,300,[256],0.001,250,76.78946685791016,76.88344992293032,76.88344992293032,76.88344992293032,84.00820922851562,84.1021922935358,84.1021922935358,84.1021922935358
6,50,300,"[256, 256]",1e-05,250,9.962010383605957,10.055993448626122,10.055993448626122,10.055993448626122,1.9997429847717285,2.0937260497918935,2.0937260497918935,2.0937260497918935
6,50,300,"[256, 256]",0.0001,250,65.29983520507812,65.3938182700983,65.3938182700983,65.3938182700983,48.51652526855469,48.610508333574856,48.610508333574856,48.610508333574856
6,50,300,"[256, 256]",0.001,250,3797.120849609375,3797.214832674395,3797.214832674395,3797.214832674395,3055.70556640625,3055.79954947127,3055.79954947127,3055.79954947127
6,50,1000,[32],1e-05,250,1.263627529144287,1.3576105941644523,1.3576105941644523,1.3576105941644523,-0.3467825949192047,-0.2527995298990396,-0.2527995298990396,-0.2527995298990396
6,50,1000,[32],0.0001,250,4.597602844238281,4.691585909258446,4.691585909258446,4.691585909258446,2.560044765472412,2.654027830492577,2.654027830492577,2.654027830492577
6,50,1000,[32],0.001,250,82.81229400634766,82.90627707136782,82.90627707136782,82.90627707136782,72.35714721679688,72.45113028181704,72.45113028181704,72.45113028181704
6,50,1000,[64],1e-05,250,0.6476927995681763,0.7416758645883414,0.7416758645883414,0.7416758645883414,0.5879127979278564,0.6818958629480216,0.6818958629480216,0.6818958629480216
6,50,1000,[64],0.0001,250,7.074050426483154,7.168033491503319,7.168033491503319,7.168033491503319,6.084632873535156,6.178615938555321,6.178615938555321,6.178615938555321
6,50,1000,[64],0.001,250,153.8334197998047,153.92740286482484,153.92740286482484,153.92740286482484,136.82943725585938,136.92342032087953,136.92342032087953,136.92342032087953
6,50,1000,[128],1e-05,250,0.36270439624786377,0.4566874612680289,0.4566874612680289,0.4566874612680289,2.13348388671875,2.227466951738915,2.227466951738915,2.227466951738915
6,50,1000,[128],0.0001,250,13.278738975524902,13.372722040545067,13.372722040545067,13.372722040545067,14.3717679977417,14.465751062761864,14.465751062761864,14.465751062761864
6,50,1000,[128],0.001,250,342.89227294921875,342.9862560142389,342.9862560142389,342.9862560142389,315.6720886230469,315.76607168806703,315.76607168806703,315.76607168806703
6,50,1000,"[128, 128]",1e-05,250,14.319040298461914,14.413023363482079,14.413023363482079,14.413023363482079,6.441183090209961,6.535166155230126,6.535166155230126,6.535166155230126
6,50,1000,"[128, 128]",0.0001,250,206.32403564453125,206.4180187095514,206.4180187095514,206.4180187095514,162.28695678710938,162.38093985212953,162.38093985212953,162.38093985212953
6,50,1000,"[128, 128]",0.001,250,40891.7265625,40891.82054556502,40891.82054556502,40891.82054556502,36062.33984375,36062.43382681502,36062.43382681502,36062.43382681502
6,50,1000,[256],1e-05,250,-2.0691089630126953,-1.9751258979925301,-1.9751258979925301,-1.9751258979925301,6.544320583343506,6.638303648363671,6.638303648363671,6.638303648363671
6,50,1000,[256],0.0001,250,23.3178768157959,23.411859880816063,23.411859880816063,23.411859880816063,31.202905654907227,31.29688871992739,31.29688871992739,31.29688871992739
6,50,1000,[256],0.001,250,676.7726440429688,676.866627107989,676.866627107989,676.866627107989,625.390869140625,625.4848522056452,625.4848522056452,625.4848522056452
6,50,1000,"[256, 256]",1e-05,250,26.561399459838867,26.655382524859032,26.655382524859032,26.655382524859032,17.510650634765625,17.60463369978579,17.60463369978579,17.60463369978579
6,50,1000,"[256, 256]",0.0001,250,588.4191284179688,588.513111482989,588.513111482989,588.513111482989,455.5109558105469,455.60493887556703,455.60493887556703,455.60493887556703
6,50,1000,"[256, 256]",0.001,250,134104.21875,134104.31273306502,134104.31273306502,134104.31273306502,108471.421875,108471.51585806502,108471.51585806502,108471.51585806502
6,50,2000,[32],1e-05,250,1.601392388343811,1.6953754533639762,1.6953754533639762,1.6953754533639762,-0.16455112397670746,-0.07056805895654232,-0.07056805895654232,-0.07056805895654232
6,50,2000,[32],0.0001,250,8.80431842803955,8.898301493059716,8.898301493059716,8.898301493059716,6.371921539306641,6.465904604326806,6.465904604326806,6.465904604326806
6,50,2000,[32],0.001,250,256.1042785644531,256.1982616294733,256.1982616294733,256.1982616294733,228.68063354492188,228.77461660994203,228.77461660994203,228.77461660994203
6,50,2000,[64],1e-05,250,1.2971433401107788,1.391126405130944,1.391126405130944,1.391126405130944,1.1710232496261597,1.2650063146463248,1.2650063146463248,1.2650063146463248
6,50,2000,[64],0.0001,250,15.059187889099121,15.153170954119286,15.153170954119286,15.153170954119286,13.077035903930664,13.171018968950829,13.171018968950829,13.171018968950829
6,50,2000,[64],0.001,250,483.5189514160156,483.6129344810358,483.6129344810358,483.6129344810358,435.2447204589844,435.33870352400453,435.33870352400453,435.33870352400453
6,50,2000,[128],1e-05,250,1.6439732313156128,1.737956296335778,1.737956296335778,1.737956296335778,3.4059245586395264,3.4999076236596913,3.4999076236596913,3.4999076236596913
6,50,2000,[128],0.0001,250,29.94791603088379,30.041899095903954,30.041899095903954,30.041899095903954,30.35342025756836,30.447403322588524,30.447403322588524,30.447403322588524
6,50,2000,[128],0.001,250,1092.398681640625,1092.4926647056452,1092.4926647056452,1092.4926647056452,1005.207763671875,1005.3017467368952,1005.3017467368952,1005.3017467368952
6,50,2000,"[128, 128]",1e-05,250,24.444164276123047,24.538147341143212,24.538147341143212,24.538147341143212,15.694445610046387,15.788428675066552,15.788428675066552,15.788428675066552
6,50,2000,"[128, 128]",0.0001,250,718.4560546875,718.5500377525202,718.5500377525202,718.5500377525202,597.3310546875,597.4250377525202,597.4250377525202,597.4250377525202
6,50,2000,"[128, 128]",0.001,250,236293.765625,236293.85960806502,236293.85960806502,236293.85960806502,220561.390625,220561.48460806502,220561.48460806502,220561.48460806502
6,50,2000,[256],1e-05,250,0.9363610744476318,1.030344139467797,1.030344139467797,1.030344139467797,9.07519245147705,9.169175516497216,9.169175516497216,9.169175516497216
6,50,2000,[256],0.0001,250,56.944217681884766,57.038200746904934,57.038200746904934,57.038200746904934,63.532169342041016,63.626152407061184,63.626152407061184,63.626152407061184
6,50,2000,[256],0.001,250,2156.693603515625,2156.787586580645,2156.787586580645,2156.787586580645,1965.88232421875,1965.9763072837702,1965.9763072837702,1965.9763072837702
6,50,2000,"[256, 256]",1e-05,250,49.94753646850586,50.04151953352603,50.04151953352603,50.04151953352603,36.17858123779297,36.27256430281314,36.27256430281314,36.27256430281314
6,50,2000,"[256, 256]",0.0001,250,2205.30029296875,2205.39427603377,2205.39427603377,2205.39427603377,1763.33056640625,1763.4245494712702,1763.4245494712702,1763.4245494712702
6,50,2000,"[256, 256]",0.001,250,782253.875,782253.968983065,782253.968983065,782253.968983065,649635.875,649635.968983065,649635.968983065,649635.968983065
6,100,300,[32],1e-05,250,1.0118457078933716,1.058362578458908,1.058362578458908,1.058362578458908,-0.4681277871131897,-0.4216109165476534,-0.4216109165476534,-0.4216109165476534
6,100,300,[32],0.0001,250,1.7935900688171387,1.840106939382675,1.840106939382675,1.840106939382675,-0.06359662115573883,-0.01707975059020255,-0.01707975059020255,-0.01707975059020255
6,100,300,[32],0.001,250,11.436383247375488,11.482900117941025,11.482900117941025,11.482900117941025,8.777643203735352,8.824160074300888,8.824160074300888,8.824160074300888
6,100,300,[64],1e-05,250,0.1517883688211441,0.19830523938668038,0.19830523938668038,0.19830523938668038,0.14950601756572723,0.1960228881312635,0.1960228881312635,0.1960228881312635
6,100,300,[64],0.0001,250,1.6822799444198608,1.7287968149853972,1.7287968149853972,1.7287968149853972,1.480904221534729,1.5274210921002653,1.5274210921002653,1.5274210921002653
6,100,300,[64],0.001,250,20.107614517211914,20.15413138777745,20.15413138777745,20.15413138777745,17.555734634399414,17.60225150496495,17.60225150496495,17.60225150496495
6,100,300,[128],1e-05,250,-0.7508141398429871,-0.7042972692774507,-0.7042972692774507,-0.7042972692774507,1.1788725852966309,1.2253894558621672,1.2253894558621672,1.2253894558621672
6,100,300,[128],0.0001,250,2.2816805839538574,2.3281974545193935,2.3281974545193935,2.3281974545193935,4.108583450317383,4.155100320882919,4.155100320882919,4.155100320882919
6,100,300,[128],0.001,250,41.5121955871582,41.558712457723736,41.558712457723736,41.558712457723736,40.47291564941406,40.519432519979595,40.519432519979595,40.519432519979595
6,100,300,"[128, 128]",1e-05,250,6.557685852050781,6.604202722616318,6.604202722616318,6.604202722616318,-0.6332735419273376,-0.5867566713618013,-0.5867566713618013,-0.5867566713618013
6,100,300,"[128, 128]",0.0001,250,30.57329750061035,30.619814371175888,30.619814371175888,30.619814371175888,20.967369079589844,21.01388595015538,21.01388595015538,21.01388595015538
6,100,300,"[128, 128]",0.001,250,1222.3934326171875,1222.439949487753,1222.439949487753,1222.439949487753,1020.686767578125,1020.7332844486905,1020.7332844486905,1020.7332844486905
6,100,300,[256],1e-05,250,-4.698265075683594,-4.651748205118057,-4.651748205118057,-4.651748205118057,4.638535976409912,4.685052846975449,4.685052846975449,4.685052846975449
6,100,300,[256],0.0001,250,2.199634552001953,2.2461514225674892,2.2461514225674892,2.2461514225674892,10.463338851928711,10.509855722494247,10.509855722494247,10.509855722494247
6,100,300,[256],0.001,250,76.90541076660156,76.9519276371671,76.9519276371671,76.9519276371671,84.01097106933594,84.05748793990148,84.05748793990148,84.05748793990148
6,100,300,"[256, 256]",1e-05,250,9.96154499053955,10.008061861105087,10.008061861105087,10.008061861105087,2.0216755867004395,2.0681924572659756,2.0681924572659756,2.0681924572659756
6,100,300,"[256, 256]",0.0001,250,65.296142578125,65.34265944869054,65.34265944869054,65.34265944869054,48.53807067871094,48.58458754927647,48.58458754927647,48.58458754927647
6,100,300,"[256, 256]",0.001,250,3796.71484375,3796.7613606205655,3796.7613606205655,3796.7613606205655,3019.964599609375,3020.0111164799405,3020.0111164799405,3020.0111164799405
6,100,1000,[32],1e-05,250,1.2730337381362915,1.3195506087018278,1.3195506087018278,1.3195506087018278,-0.33244797587394714,-0.28593110530841087,-0.28593110530841087,-0.28593110530841087
6,100,1000,[32],0.0001,250,4.60184383392334,4.648360704488876,4.648360704488876,4.648360704488876,2.5684053897857666,2.6149222603513027,2.6149222603513027,2.6149222603513027
6,100,1000,[32],0.001,250,82.80242919921875,82.84894606978429,82.84894606978429,82.84894606978429,72.39091491699219,72.43743178755773,72.43743178755773,72.43743178755773
6,100,1000,[64],1e-05,250,0.6527122259140015,0.6992290964795378,0.6992290964795378,0.6992290964795378,0.5930954813957214,0.6396123519612578,0.6396123519612578,0.6396123519612578
6,100,1000,[64],0.0001,250,7.087765693664551,7.134282564230087,7.134282564230087,7.134282564230087,6.068660259246826,6.115177129812363,6.115177129812363,6.115177129812363
6,100,1000,[64],0.001,250,154.08973693847656,154.1362538090421,154.1362538090421,154.1362538090421,136.8090057373047,136.85552260787023,136.85552260787023,136.85552260787023
6,100,1000,[128],1e-05,250,0.37479421496391296,0.42131108552944924,0.42131108552944924,0.42131108552944924,2.14316987991333,2.189686750478866,2.189686750478866,2.189686750478866
6,100,1000,[128],0.0001,250,13.32126235961914,13.367779230184677,13.367779230184677,13.367779230184677,14.377763748168945,14.424280618734482,14.424280618734482,14.424280618734482
6,100,1000,[128],0.001,250,342.1162109375,342.16272780806554,342.16272780806554,342.16272780806554,315.682373046875,315.72888991744054,315.72888991744054,315.72888991744054
6,100,1000,"[128, 128]",1e-05,250,14.316825866699219,14.363342737264755,14.363342737264755,14.363342737264755,6.446736812591553,6.493253683157089,6.493253683157089,6.493253683157089
6,100,1000,"[128, 128]",0.0001,250,206.32020568847656,206.3667225590421,206.3667225590421,206.3667225590421,162.3014373779297,162.34795424849523,162.34795424849523,162.34795424849523
6,100,1000,"[128, 128]",0.001,250,40891.7421875,40891.78870437056,40891.78870437056,40891.78870437056,36458.8203125,36458.86682937056,36458.86682937056,36458.86682937056
6,100,1000,[256],1e-05,250,-2.0670995712280273,-2.0205827006624912,-2.0205827006624912,-2.0205827006624912,6.550392150878906,6.596909021444443,6.596909021444443,6.596909021444443
6,100,1000,[256],0.0001,250,23.340667724609375,23.38718459517491,23.38718459517491,23.38718459517491,31.20524024963379,31.251757120199326,31.251757120199326,31.251757120199326
6,100,1000,[256],0.001,250,677.03662109375,677.0831379643155,677.0831379643155,677.0831379643155,625.39453125,625.4410481205655,625.4410481205655,625.4410481205655
6,100,1000,"[256, 256]",1e-05,250,26.55716896057129,26.603685831136826,26.603685831136826,26.603685831136826,17.50779914855957,17.554316019125107,17.554316019125107,17.554316019125107
6,100,1000,"[256, 256]",0.0001,250,585.5015869140625,585.548103784628,585.548103784628,585.548103784628,455.55615234375,455.60266921431554,455.60266921431554,455.60266921431554
6,100,1000,"[256, 256]",0.001,250,133600.375,133600.42151687056,133600.42151687056,133600.42151687056,106537.1953125,106537.24182937057,106537.24182937057,106537.24182937057
6,100,2000,[32],1e-05,250,1.6108264923095703,1.6573433628751066,1.6573433628751066,1.6573433628751066,-0.1508549451828003,-0.10433807461726402,-0.10433807461726402,-0.10433807461726402
6,100,2000,[32],0.0001,250,8.804400444030762,8.850917314596298,8.850917314596298,8.850917314596298,6.377954483032227,6.424471353597763,6.424471353597763,6.424471353597763
6,100,2000,[32],0.001,250,256.0928039550781,256.13932082564367,256.13932082564367,256.13932082564367,228.7228240966797,228.76934096724523,228.76934096724523,228.76934096724523
6,100,2000,[64],1e-05,250,1.3038537502288818,1.3503706207944182,1.3503706207944182,1.3503706207944182,1.1727612018585205,1.2192780724240568,1.2192780724240568,1.2192780724240568
6,100,2000,[64],0.0001,250,15.072593688964844,15.11911055953038,15.11911055953038,15.11911055953038,13.052691459655762,13.099208330221298,13.099208330221298,13.099208330221298
6,100,2000,[64],0.001,250,485.01007080078125,485.0565876713468,485.0565876713468,485.0565876713468,435.2176513671875,435.26416823775304,435.26416823775304,435.26416823775304
6,100,2000,[128],1e-05,250,1.656794786453247,1.7033116570187834,1.7033116570187834,1.7033116570187834,3.4149351119995117,3.461451982565048,3.461451982565048,3.461451982565048
6,100,2000,[128],0.0001,250,30.01746368408203,30.063980554647568,30.063980554647568,30.063980554647568,30.3594913482666,30.406008218832138,30.406008218832138,30.406008218832138
6,100,2000,[128],0.001,250,1091.38818359375,1091.4347004643155,1091.4347004643155,1091.4347004643155,1005.22119140625,1005.2677082768155,1005.2677082768155,1005.2677082768155
6,100,2000,"[128, 128]",1e-05,250,24.43943214416504,24.485949014730576,24.485949014730576,24.485949014730576,15.69389533996582,15.740412210531357,15.740412210531357,15.740412210531357
6,100,2000,"[128, 128]",0.0001,250,718.45263671875,718.4991535893155,718.4991535893155,718.4991535893155,597.353271484375,597.3997883549405,597.3997883549405,597.3997883549405
6,100,2000,"[128, 128]",0.001,250,237065.578125,237065.62464187056,237065.62464187056,237065.62464187056,224024.1875,224024.23401687056,224024.23401687056,224024.23401687056
6,100,2000,[256],1e-05,250,0.9462272524833679,0.9927441230489042,0.9927441230489042,0.9927441230489042,9.079919815063477,9.126436685629013,9.126436685629013,9.126436685629013
6,100,2000,[256],0.0001,250,56.981170654296875,57.02768752486241,57.02768752486241,57.02768752486241,63.53462219238281,63.581139062948345,63.581139062948345,63.581139062948345
6,100,2000,[256],0.001,250,2157.025634765625,2157.0721516361905,2157.0721516361905,2157.0721516361905,1965.886962890625,1965.9334797611905,1965.9334797611905,1965.9334797611905
6,100,2000,"[256, 256]",1e-05,250,49.94280242919922,49.98931929976475,49.98931929976475,49.98931929976475,36.17198181152344,36.21849868208897,36.21849868208897,36.21849868208897
6,100,2000,"[256, 256]",0.0001,250,2172.927978515625,2172.9744953861905,2172.9744953861905,2172.9744953861905,1763.336669921875,1763.3831867924405,1763.3831867924405,1763.3831867924405
6,100,2000,"[256, 256]",0.001,250,785907.875,785907.9215168706,785907.9215168706,785907.9215168706,632934.3125,632934.3590168706,632934.3590168706,632934.3590168706
2,2,300,[32],1e-05,250,0.36173927783966064,4.9669094638277524,4.9669094638277524,4.9669094638277524,-0.7907649278640747,3.814405258124017,3.814405258124017,3.814405258124017
2,2,300,[32],0.0001,250,0.3312588930130005,4.936429079001092,4.936429079001092,4.936429079001092,-0.07611113786697388,4.529059048121118,4.529059048121118,4.529059048121118
2,2,300,[32],0.001,250,0.3418896198272705,4.947059805815362,4.947059805815362,4.947059805815362,0.18285870552062988,4.788028891508722,4.788028891508722,4.788028891508722
2,2,300,[64],1e-05,250,0.10061691701412201,4.705787103002214,4.705787103002214,4.705787103002214,0.09879976511001587,4.703969951098108,4.703969951098108,4.703969951098108
2,2,300,[64],0.0001,250,0.3251434564590454,4.930313642447137,4.930313642447137,4.930313642447137,0.21628046035766602,4.821450646345758,4.821450646345758,4.821450646345758
2,2,300,[64],0.001,250,0.33410847187042236,4.939278657858514,4.939278657858514,4.939278657858514,11.840580940246582,16.445751126234676,16.445751126234676,16.445751126234676
2,2,300,[128],1e-05,250,-0.6723587512969971,3.9328114346910947,3.9328114346910947,3.9328114346910947,0.20773053169250488,4.812900717680597,4.812900717680597,4.812900717680597
2,2,300,[128],0.0001,250,0.3103444576263428,4.915514643614435,4.915514643614435,4.915514643614435,0.02355051040649414,4.628720696394586,4.628720696394586,4.628720696394586
2,2,300,[128],0.001,250,0.3236214518547058,4.928791637842798,4.928791637842798,4.928791637842798,32.386295318603516,36.99146550459161,36.99146550459161,36.99146550459161
2,2,300,"[128, 128]",1e-05,250,2.522188425064087,7.127358611052179,7.127358611052179,7.127358611052179,-0.8111263513565063,3.7940438346315855,3.7940438346315855,3.7940438346315855
2,2,300,"[128, 128]",0.0001,250,17.71047592163086,22.315646107618953,22.315646107618953,22.315646107618953,15.59616470336914,20.201334889357234,20.201334889357234,20.201334889357234
2,2,300,"[128, 128]",0.001,250,697.5042114257812,702.1093816117693,702.1093816117693,702.1093816117693,841.397705078125,846.0028752641131,846.0028752641131,846.0028752641131
2,2,300,[256],1e-05,250,-9.106721878051758,-4.501551692063666,-4.501551692063666,-4.501551692063666,1.55743408203125,6.162604268019342,6.162604268019342,6.162604268019342
2,2,300,[256],0.0001,250,0.2990184426307678,4.90418862861886,4.90418862861886,4.90418862861886,6.955042839050293,11.560213025038385,11.560213025038385,11.560213025038385
2,2,300,[256],0.001,250,0.3230762481689453,4.928246434157037,4.928246434157037,4.928246434157037,75.60808563232422,80.2132558183123,80.2132558183123,80.2132558183123
2,2,300,"[256, 256]",1e-05,250,4.477705001831055,9.082875187819146,9.082875187819146,9.082875187819146,0.22589373588562012,4.831063921873712,4.831063921873712,4.831063921873712
2,2,300,"[256, 256]",0.0001,250,40.88890838623047,45.49407857221856,45.49407857221856,45.49407857221856,40.9280891418457,45.5332593278338,45.5332593278338,45.5332593278338
2,2,300,"[256, 256]",0.001,250,2126.42138671875,2131.0265569047383,2131.0265569047383,2131.0265569047383,2496.626708984375,2501.2318791703633,2501.2318791703633,2501.2318791703633
2,2,1000,[32],1e-05,250,0.3453723192214966,4.950542505209588,4.950542505209588,4.950542505209588,-0.5015439987182617,4.10362618726983,4.10362618726983,4.10362618726983
2,2,1000,[32],0.0001,250,0.3360898494720459,4.941260035460138,4.941260035460138,4.941260035460138,0.22932052612304688,4.834490712111139,4.834490712111139,4.834490712111139
2,2,1000,[32],0.001,250,0.3707505464553833,4.975920732443475,4.975920732443475,4.975920732443475,56.15236282348633,60.75753300947442,60.75753300947442,60.75753300947442
2,2,1000,[64],1e-05,250,0.25901681184768677,4.864186997835779,4.864186997835779,4.864186997835779,0.22224187850952148,4.827412064497613,4.827412064497613,4.827412064497613
2,2,1000,[64],0.0001,250,0.34086716175079346,4.946037347738885,4.946037347738885,4.946037347738885,0.15422272682189941,4.759392912809991,4.759392912809991,4.759392912809991
2,2,1000,[64],0.001,250,0.39362990856170654,4.998800094549798,4.998800094549798,4.998800094549798,115.85787200927734,120.46304219526543,120.46304219526543,120.46304219526543
2,2,1000,[128],1e-05,250,0.07767057418823242,4.682840760176324,4.682840760176324,4.682840760176324,0.19700407981872559,4.802174265806817,4.802174265806817,4.802174265806817
2,2,1000,[128],0.0001,250,0.34266865253448486,4.947838838522577,4.947838838522577,4.947838838522577,8.919665336608887,13.524835522596979,13.524835522596979,13.524835522596979
2,2,1000,[128],0.001,250,0.4543318748474121,5.059502060835504,5.059502060835504,5.059502060835504,270.2927551269531,274.8979253129412,274.8979253129412,274.8979253129412
2,2,1000,"[128, 128]",1e-05,250,7.712197303771973,12.317367489760064,12.317367489760064,12.317367489760064,0.1867656707763672,4.791935856764459,4.791935856764459,4.791935856764459
2,2,1000,"[128, 128]",0.0001,250,129.8766632080078,134.4818333939959,134.4818333939959,134.4818333939959,133.13722229003906,137.74239247602716,137.74239247602716,137.74239247602716
2,2,1000,"[128, 128]",0.001,250,23178.314453125,23182.919623310987,23182.919623310987,23182.919623310987,25572.546875,25577.152045185987,25577.152045185987,25577.152045185987
2,2,1000,[256],1e-05,250,-3.4320194721221924,1.1731507138658994,1.1731507138658994,1.1731507138658994,3.174461841583252,7.779632027571344,7.779632027571344,7.779632027571344
2,2,1000,[256],0.0001,250,0.3461649417877197,4.9513351277758115,4.9513351277758115,4.9513351277758115,25.84908103942871,30.454251225416805,30.454251225416805,30.454251225416805
2,2,1000,[256],0.001,250,0.46710026264190674,5.0722704486299985,5.0722704486299985,5.0722704486299985,531.20166015625,535.8068303422381,535.8068303422381,535.8068303422381
2,2,1000,"[256, 256]",1e-05,250,16.320568084716797,20.92573827070489,20.92573827070489,20.92573827070489,0.536945104598999,5.142115290587091,5.142115290587091,5.142115290587091
2,2,1000,"[256, 256]",0.0001,250,367.2292175292969,371.83438771528495,371.83438771528495,371.83438771528495,370.0356750488281,374.6408452348162,374.6408452348162,374.6408452348162
2,2,1000,"[256, 256]",0.001,250,73863.1953125,73867.80048268598,73867.80048268598,73867.80048268598,78732.109375,78736.71454518598,78736.71454518598,78736.71454518598
2,2,2000,[32],1e-05,250,0.33308959007263184,4.938259776060724,4.938259776060724,4.938259776060724,-0.19264507293701172,4.41252511305108,4.41252511305108,4.41252511305108
2,2,2000,[32],0.0001,250,0.335094690322876,4.940264876310968,4.940264876310968,4.940264876310968,0.20207571983337402,4.807245905821466,4.807245905821466,4.807245905821466
2,2,2000,[32],0.001,250,0.3253665566444397,4.9305367426325315,4.9305367426325315,4.9305367426325315,187.42298889160156,192.02815907758966,192.02815907758966,192.02815907758966
2,2,2000,[64],1e-05,250,0.3165140748023987,4.9216842607904905,4.9216842607904905,4.9216842607904905,0.23492050170898438,4.840090687697076,4.840090687697076,4.840090687697076
2,2,2000,[64],0.0001,250,0.3363238573074341,4.941494043295526,4.941494043295526,4.941494043295526,1.25791335105896,5.863083537047052,5.863083537047052,5.863083537047052
2,2,2000,[64],0.001,250,0.32326626777648926,4.928436453764581,4.928436453764581,4.928436453764581,364.8015441894531,369.4067143754412,369.4067143754412,369.4067143754412
2,2,2000,[128],1e-05,250,0.28879040479660034,4.893960590784692,4.893960590784692,4.893960590784692,0.19423198699951172,4.7994021729876035,4.7994021729876035,4.7994021729876035
2,2,2000,[128],0.0001,250,0.33433353900909424,4.939503724997186,4.939503724997186,4.939503724997186,23.794836044311523,28.400006230299617,28.400006230299617,28.400006230299617
2,2,2000,[128],0.001,250,0.26784849166870117,4.873018677656793,4.873018677656793,4.873018677656793,844.054443359375,848.6596135453631,848.6596135453631,848.6596135453631
2,2,2000,"[128, 128]",1e-05,250,14.369824409484863,18.974994595472957,18.974994595472957,18.974994595472957,0.16636204719543457,4.771532233183526,4.771532233183526,4.771532233183526
2,2,2000,"[128, 128]",0.0001,250,425.2510986328125,429.8562688188006,429.8562688188006,429.8562688188006,475.7197570800781,480.3249272660662,480.3249272660662,480.3249272660662
2,2,2000,"[128, 128]",0.001,250,124620.6875,124625.29267018598,124625.29267018598,124625.29267018598,149583.890625,149588.495795186,149588.495795186,149588.495795186
2,2,2000,[256],1e-05,250,0.19257783889770508,4.797748024885797,4.797748024885797,4.797748024885797,5.465656280517578,10.07082646650567,10.07082646650567,10.07082646650567
2,2,2000,[256],0.0001,250,0.33039575815200806,4.9355659441401,4.9355659441401,4.9355659441401,54.75310134887695,59.35827153486505,59.35827153486505,59.35827153486505
2,2,2000,[256],0.001,250,0.2707017660140991,4.875871952002191,4.875871952002191,4.875871952002191,1640.140380859375,1644.745551045363,1644.745551045363,1644.745551045363
2,2,2000,"[256, 256]",1e-05,250,31.712024688720703,36.3171948747088,36.3171948747088,36.3171948747088,23.437170028686523,28.042340214674617,28.042340214674617,28.042340214674617
2,2,2000,"[256, 256]",0.0001,250,1291.7880859375,1296.393256123488,1296.393256123488,1296.393256123488,1395.253662109375,1399.858832295363,1399.858832295363,1399.858832295363
2,2,2000,"[256, 256]",0.001,250,397989.40625,397994.01142018597,397994.01142018597,397994.01142018597,461269.21875,461273.82392018597,461273.82392018597,461273.82392018597
2,4,300,[32],1e-05,250,0.5929763913154602,2.1280331199781575,2.1280331199781575,2.1280331199781575,-0.671942949295044,0.8631137793676533,0.8631137793676533,0.8631137793676533
2,4,300,[32],0.0001,250,0.9032503366470337,2.438307065309731,2.438307065309731,2.438307065309731,-0.04823043942451477,1.4868262892381825,1.4868262892381825,1.4868262892381825
2,4,300,[32],0.001,250,6.789181232452393,8.32423796111509,8.32423796111509,8.32423796111509,7.961119651794434,9.49617638045713,9.49617638045713,9.49617638045713
2,4,300,[64],1e-05,250,0.09983064234256744,1.6348873710052647,1.6348873710052647,1.6348873710052647,0.10309422016143799,1.6381509488241353,1.6381509488241353,1.6381509488241353
2,4,300,[64],0.0001,250,0.5610296726226807,2.096086401285378,2.096086401285378,2.096086401285378,1.0126285552978516,2.547685283960549,2.547685283960549,2.547685283960549
2,4,300,[64],0.001,250,12.103184700012207,13.638241428674904,13.638241428674904,13.638241428674904,16.24381446838379,17.778871197046485,17.778871197046485,17.778871197046485
2,4,300,[128],1e-05,250,-0.8856635093688965,0.6493932192938008,0.6493932192938008,0.6493932192938008,0.639083981513977,2.1741407101766743,2.1741407101766743,2.1741407101766743
2,4,300,[128],0.0001,250,0.4012102484703064,1.9362669771330037,1.9362669771330037,1.9362669771330037,3.3722786903381348,4.907335419000832,4.907335419000832,4.907335419000832
2,4,300,[128],0.001,250,22.57694435119629,24.112001079858985,24.112001079858985,24.112001079858985,37.159664154052734,38.69472088271543,38.69472088271543,38.69472088271543
2,4,300,"[128, 128]",1e-05,250,4.685362815856934,6.220419544519631,6.220419544519631,6.220419544519631,-1.0553102493286133,0.479746479334084,0.479746479334084,0.479746479334084
2,4,300,"[128, 128]",0.0001,250,20.900177001953125,22.43523373061582,22.43523373061582,22.43523373061582,20.122995376586914,21.65805210524961,21.65805210524961,21.65805210524961
2,4,300,"[128, 128]",0.001,250,699.59814453125,701.1332012599127,701.1332012599127,701.1332012599127,849.4412841796875,850.9763409083502,850.9763409083502,850.9763409083502
2,4,300,[256],1e-05,250,-6.881799221038818,-5.346742492376121,-5.346742492376121,-5.346742492376121,4.373448371887207,5.908505100549904,5.908505100549904,5.908505100549904
2,4,300,[256],0.0001,250,0.3880295753479004,1.9230863040105977,1.9230863040105977,1.9230863040105977,9.991910934448242,11.52696766311094,11.52696766311094,11.52696766311094
2,4,300,[256],0.001,250,37.064327239990234,38.59938396865293,38.59938396865293,38.59938396865293,78.82886505126953,80.36392177993223,80.36392177993223,80.36392177993223
2,4,300,"[256, 256]",1e-05,250,7.025712966918945,8.560769695581643,8.560769695581643,8.560769695581643,1.5226209163665771,3.0576776450292744,3.0576776450292744,3.0576776450292744
2,4,300,"[256, 256]",0.0001,250,43.83776092529297,45.372817653955664,45.372817653955664,45.372817653955664,46.2750358581543,47.81009258681699,47.81009258681699,47.81009258681699
2,4,300,"[256, 256]",0.001,250,2126.302734375,2127.8377911036628,2127.8377911036628,2127.8377911036628,2513.27099609375,2514.8060528224128,2514.8060528224128,2514.8060528224128
2,4,1000,[32],1e-05,250,0.701656699180603,2.2367134278433003,2.2367134278433003,2.2367134278433003,-0.46374213695526123,1.071314591707436,1.071314591707436,1.071314591707436
2,4,1000,[32],0.0001,250,2.7966322898864746,4.331689018549172,4.331689018549172,4.331689018549172,1.8846479654312134,3.4197046940939106,3.4197046940939106,3.4197046940939106
2,4,1000,[32],0.001,250,52.904972076416016,54.44002880507871,54.44002880507871,54.44002880507871,61.92789840698242,63.46295513564512,63.46295513564512,63.46295513564512
2,4,1000,[64],1e-05,250,0.2859593629837036,1.8210160916464009,1.8210160916464009,1.8210160916464009,0.28954005241394043,1.8245967810766377,1.8245967810766377,1.8245967810766377
2,4,1000,[64],0.0001,250,4.321242332458496,5.856299061121193,5.856299061121193,5.856299061121193,5.4014892578125,6.936545986475197,6.936545986475197,6.936545986475197
2,4,1000,[64],0.001,250,99.13504028320312,100.67009701186582,100.67009701186582,100.67009701186582,116.77741241455078,118.31246914321348,118.31246914321348,118.31246914321348
2,4,1000,[128],1e-05,250,0.08170941472053528,1.6167661433832325,1.6167661433832325,1.6167661433832325,1.4583765268325806,2.993433255495278,2.993433255495278,2.993433255495278
2,4,1000,[128],0.0001,250,6.018867492675781,7.5539242213384785,7.5539242213384785,7.5539242213384785,12.712702751159668,14.247759479822365,14.247759479822365,14.247759479822365
2,4,1000,[128],0.001,250,210.59288024902344,212.12793697768615,212.12793697768615,212.12793697768615,267.7996826171875,269.3347393458502,269.3347393458502,269.3347393458502
2,4,1000,"[128, 128]",1e-05,250,10.238468170166016,11.773524898828713,11.773524898828713,11.773524898828713,6.033837795257568,7.568894523920266,7.568894523920266,7.568894523920266
2,4,1000,"[128, 128]",0.0001,250,133.07249450683594,134.60755123549865,134.60755123549865,134.60755123549865,137.33607482910156,138.87113155776427,138.87113155776427,138.87113155776427
2,4,1000,"[128, 128]",0.001,250,23254.166015625,23255.701072353662,23255.701072353662,23255.701072353662,26258.6328125,26260.167869228662,26260.167869228662,26260.167869228662
2,4,1000,[256],1e-05,250,-3.8892035484313965,-2.354146819768699,-2.354146819768699,-2.354146819768699,6.139966011047363,7.6750227397100605,7.6750227397100605,7.6750227397100605
2,4,1000,[256],0.0001,250,10.225728988647461,11.760785717310158,11.760785717310158,11.760785717310158,28.931970596313477,30.467027324976172,30.467027324976172,30.467027324976172
2,4,1000,[256],0.001,250,395.9710693359375,397.5061260646002,397.5061260646002,397.5061260646002,534.5040283203125,536.0390850489752,536.0390850489752,536.0390850489752
2,4,1000,"[256, 256]",1e-05,250,18.950267791748047,20.485324520410742,20.485324520410742,20.485324520410742,16.752275466918945,18.28733219558164,18.28733219558164,18.28733219558164
2,4,1000,"[256, 256]",0.0001,250,369.11151123046875,370.64656795913146,370.64656795913146,370.64656795913146,373.7440185546875,375.2790752833502,375.2790752833502,375.2790752833502
2,4,1000,"[256, 256]",0.001,250,75491.8828125,75493.41786922867,75493.41786922867,75493.41786922867,79839.5390625,79841.07411922867,79841.07411922867,79841.07411922867
2,4,2000,[32],1e-05,250,0.8497219085693359,2.384778637232033,2.384778637232033,2.384778637232033,-0.1737402379512787,1.3613164907114186,1.3613164907114186,1.3613164907114186
2,4,2000,[32],0.0001,250,5.505641937255859,7.040698665918557,7.040698665918557,7.040698665918557,5.4629011154174805,6.997957844080178,6.997957844080178,6.997957844080178
2,4,2000,[32],0.001,250,157.1400146484375,158.6750713771002,158.6750713771002,158.6750713771002,191.53590393066406,193.07096065932677,193.07096065932677,193.07096065932677
2,4,2000,[64],1e-05,250,0.4536210298538208,1.988677758516518,1.988677758516518,1.988677758516518,0.6374924182891846,2.172549146951882,2.172549146951882,2.172549146951882
2,4,2000,[64],0.0001,250,9.667107582092285,11.202164310754982,11.202164310754982,11.202164310754982,11.745745658874512,13.280802387537209,13.280802387537209,13.280802387537209
2,4,2000,[64],0.001,250,299.1771240234375,300.7121807521002,300.7121807521002,300.7121807521002,363.6495361328125,365.1845928614752,365.1845928614752,365.1845928614752
2,4,2000,[128],1e-05,250,0.3364902138710022,1.8715469425336995,1.8715469425336995,1.8715469425336995,2.6295628547668457,4.164619583429543,4.164619583429543,4.164619583429543
2,4,2000,[128],0.0001,250,16.37282371520996,17.907880443872656,17.907880443872656,17.907880443872656,26.949853897094727,28.484910625757422,28.484910625757422,28.484910625757422
2,4,2000,[128],0.001,250,658.8095703125,660.3446270411627,660.3446270411627,660.3446270411627,837.3900146484375,838.9250713771002,838.9250713771002,838.9250713771002
2,4,2000,"[128, 128]",1e-05,250,17.01912498474121,18.554181713403906,18.554181713403906,18.554181713403906,14.859354972839355,16.39441170150205,16.39441170150205,16.39441170150205
2,4,2000,"[128, 128]",0.0001,250,428.8485412597656,430.38359798842833,430.38359798842833,430.38359798842833,479.8787841796875,481.4138409083502,481.4138409083502,481.4138409083502
2,4,2000,"[128, 128]",0.001,250,126771.140625,126772.67568172867,126772.67568172867,126772.67568172867,155933.359375,155934.89443172867,155934.89443172867,155934.89443172867
2,4,2000,[256],1e-05,250,0.17418456077575684,1.709241289438454,1.709241289438454,1.709241289438454,8.488469123840332,10.02352585250303,10.02352585250303,10.02352585250303
2,4,2000,[256],0.0001,250,29.835081100463867,31.370137829126563,31.370137829126563,31.370137829126563,57.86088180541992,59.39593853408262,59.39593853408262,59.39593853408262
2,4,2000,[256],0.001,250,1271.7694091796875,1273.3044659083503,1273.3044659083503,1273.3044659083503,1643.4554443359375,1644.9905010646003,1644.9905010646003,1644.9905010646003
2,4,2000,"[256, 256]",1e-05,250,34.350013732910156,35.88507046157285,35.88507046157285,35.88507046157285,33.951534271240234,35.48659099990293,35.48659099990293,35.48659099990293
2,4,2000,"[256, 256]",0.0001,250,1291.972412109375,1293.5074688380378,1293.5074688380378,1293.5074688380378,1383.3031005859375,1384.8381573146003,1384.8381573146003,1384.8381573146003
2,4,2000,"[256, 256]",0.001,250,407736.3125,407737.84755672864,407737.84755672864,407737.84755672864,469618.96875,469620.50380672864,469620.50380672864,469620.50380672864
2,7,300,[32],1e-05,250,0.7692590355873108,1.5367873999186594,1.5367873999186594,1.5367873999186594,-0.5122490525245667,0.255279311806782,0.255279311806782,0.255279311806782
2,7,300,[32],0.0001,250,1.2795355319976807,2.0470638963290293,2.0470638963290293,2.0470638963290293,-0.11104544997215271,0.6564829143591959,0.6564829143591959,0.6564829143591959
2,7,300,[32],0.001,250,7.586490154266357,8.354018518597705,8.354018518597705,8.354018518597705,8.368341445922852,9.1358698102542,9.1358698102542,9.1358698102542
2,7,300,[64],1e-05,250,0.09935915470123291,0.8668875190325815,0.8668875190325815,0.8668875190325815,0.11128994822502136,0.87881831255637,0.87881831255637,0.87881831255637
2,7,300,[64],0.0001,250,1.0267987251281738,1.7943270894595225,1.7943270894595225,1.7943270894595225,1.3936474323272705,2.161175796658619,2.161175796658619,2.161175796658619
2,7,300,[64],0.001,250,13.176749229431152,13.9442775937625,13.9442775937625,13.9442775937625,16.276166915893555,17.043695280224902,17.043695280224902,17.043695280224902
2,7,300,[128],1e-05,250,-1.1224987506866455,-0.3549703863552969,-0.3549703863552969,-0.3549703863552969,1.0578211545944214,1.82534951892577,1.82534951892577,1.82534951892577
2,7,300,[128],0.0001,250,0.7278589606285095,1.4953873249598582,1.4953873249598582,1.4953873249598582,3.872612237930298,4.6401406022616465,4.6401406022616465,4.6401406022616465
2,7,300,[128],0.001,250,24.479021072387695,25.246549436719043,25.246549436719043,25.246549436719043,37.846046447753906,38.613574812085254,38.613574812085254,38.613574812085254
2,7,300,"[128, 128]",1e-05,250,4.955905437469482,5.723433801800831,5.723433801800831,5.723433801800831,-0.7378678917884827,0.029660472542865968,0.029660472542865968,0.029660472542865968
2,7,300,"[128, 128]",0.0001,250,21.212810516357422,21.98033888068877,21.98033888068877,21.98033888068877,20.560476303100586,21.328004667431934,21.328004667431934,21.328004667431934
2,7,300,"[128, 128]",0.001,250,699.6878662109375,700.4553945752689,700.4553945752689,700.4553945752689,848.751953125,849.5194814893314,849.5194814893314,849.5194814893314
2,7,300,[256],1e-05,250,-6.473825454711914,-5.706297090380565,-5.706297090380565,-5.706297090380565,4.787642002105713,5.5551703664370615,5.5551703664370615,5.5551703664370615
2,7,300,[256],0.0001,250,0.5380859971046448,1.3056143614359934,1.3056143614359934,1.3056143614359934,10.416463851928711,11.183992216260059,11.183992216260059,11.183992216260059
2,7,300,[256],0.001,250,38.69260025024414,39.46012861457549,39.46012861457549,39.46012861457549,79.2894058227539,80.05693418708526,80.05693418708526,80.05693418708526
2,7,300,"[256, 256]",1e-05,250,7.317188262939453,8.0847166272708,8.0847166272708,8.0847166272708,1.6365383863449097,2.4040667506762583,2.4040667506762583,2.4040667506762583
2,7,300,"[256, 256]",0.0001,250,44.11846160888672,44.88598997321807,44.88598997321807,44.88598997321807,46.99396514892578,47.76149351325713,47.76149351325713,47.76149351325713
2,7,300,"[256, 256]",0.001,250,2152.341552734375,2153.109081098706,2153.109081098706,2153.109081098706,2514.59716796875,2515.364696333081,2515.364696333081,2515.364696333081
2,7,1000,[32],1e-05,250,0.949593186378479,1.7171215507098276,1.7171215507098276,1.7171215507098276,-0.41298389434814453,0.3545444699832041,0.3545444699832041,0.3545444699832041
2,7,1000,[32],0.0001,250,3.2249131202697754,3.992441484601124,3.992441484601124,3.992441484601124,2.514545440673828,3.2820738050051768,3.2820738050051768,3.2820738050051768
2,7,1000,[32],0.001,250,53.75375747680664,54.52128584113799,54.52128584113799,54.52128584113799,62.33258819580078,63.10011656013213,63.10011656013213,63.10011656013213
2,7,1000,[64],1e-05,250,0.35136646032333374,1.1188948246546824,1.1188948246546824,1.1188948246546824,0.4551854133605957,1.2227137776919443,1.2227137776919443,1.2227137776919443
2,7,1000,[64],0.0001,250,4.862659454345703,5.630187818677052,5.630187818677052,5.630187818677052,5.634458541870117,6.401986906201466,6.401986906201466,6.401986906201466
2,7,1000,[64],0.001,250,99.78890228271484,100.5564306470462,100.5564306470462,100.5564306470462,116.32276153564453,117.09028989997589,117.09028989997589,117.09028989997589
2,7,1000,[128],1e-05,250,0.09626580774784088,0.8637941720791895,0.8637941720791895,0.8637941720791895,1.950828194618225,2.7183565589495737,2.7183565589495737,2.7183565589495737
2,7,1000,[128],0.0001,250,7.147429943084717,7.914958307416065,7.914958307416065,7.914958307416065,13.244741439819336,14.012269804150684,14.012269804150684,14.012269804150684
2,7,1000,[128],0.001,250,213.2659149169922,214.03344328132354,214.03344328132354,214.03344328132354,268.6981201171875,269.4656484815188,269.4656484815188,269.4656484815188
2,7,1000,"[128, 128]",1e-05,250,10.529623985290527,11.297152349621875,11.297152349621875,11.297152349621875,6.538473129272461,7.30600149360381,7.30600149360381,7.30600149360381
2,7,1000,"[128, 128]",0.0001,250,133.2198028564453,133.98733122077667,133.98733122077667,133.98733122077667,137.87506103515625,138.6425893994876,138.6425893994876,138.6425893994876
2,7,1000,"[128, 128]",0.001,250,23173.755859375,23174.523387739333,23174.523387739333,23174.523387739333,26447.001953125,26447.769481489333,26447.769481489333,26447.769481489333
2,7,1000,[256],1e-05,250,-3.5453691482543945,-2.777840783923046,-2.777840783923046,-2.777840783923046,6.559480667114258,7.3270090314456064,7.3270090314456064,7.3270090314456064
2,7,1000,[256],0.0001,250,11.548874855041504,12.316403219372852,12.316403219372852,12.316403219372852,29.371145248413086,30.138673612744434,30.138673612744434,30.138673612744434
2,7,1000,[256],0.001,250,399.9668884277344,400.7344167920657,400.7344167920657,400.7344167920657,534.990234375,535.7577627393314,535.7577627393314,535.7577627393314
2,7,1000,"[256, 256]",1e-05,250,19.25261116027832,20.020139524609668,20.020139524609668,20.020139524609668,17.220205307006836,17.987733671338184,17.987733671338184,17.987733671338184
2,7,1000,"[256, 256]",0.0001,250,369.27471923828125,370.0422476026126,370.0422476026126,370.0422476026126,377.85400390625,378.6215322705813,378.6215322705813,378.6215322705813
2,7,1000,"[256, 256]",0.001,250,76022.21875,76022.98627836433,76022.98627836433,76022.98627836433,80900.953125,80901.72065336433,80901.72065336433,80901.72065336433
2,7,2000,[32],1e-05,250,1.1697139739990234,1.937242338330372,1.937242338330372,1.937242338330372,-0.22209560871124268,0.545432755620106,0.545432755620106,0.545432755620106
2,7,2000,[32],0.0001,250,5.953038692474365,6.720567056805714,6.720567056805714,6.720567056805714,6.066190719604492,6.833719083935841,6.833719083935841,6.833719083935841
2,7,2000,[32],0.001,250,157.9698486328125,158.73737699714385,158.73737699714385,158.73737699714385,191.9405517578125,192.70808012214385,192.70808012214385,192.70808012214385
2,7,2000,[64],1e-05,250,0.768262505531311,1.5357908698626597,1.5357908698626597,1.5357908698626597,1.0195667743682861,1.7870951386996348,1.7870951386996348,1.7870951386996348
2,7,2000,[64],0.0001,250,10.117154121398926,10.884682485730274,10.884682485730274,10.884682485730274,11.912092208862305,12.679620573193652,12.679620573193652,12.679620573193652
2,7,2000,[64],0.001,250,297.61578369140625,298.3833120557376,298.3833120557376,298.3833120557376,362.926025390625,363.6935537549563,363.6935537549563,363.6935537549563
2,7,2000,[128],1e-05,250,0.480419397354126,1.2479477616854746,1.2479477616854746,1.2479477616854746,3.1261367797851562,3.893665144116505,3.893665144116505,3.893665144116505
2,7,2000,[128],0.0001,250,17.40369987487793,18.171228239209277,18.171228239209277,18.171228239209277,27.510061264038086,28.277589628369434,28.277589628369434,28.277589628369434
2,7,2000,[128],0.001,250,659.8082275390625,660.5757559033939,660.5757559033939,660.5757559033939,838.3876953125,839.1552236768314,839.1552236768314,839.1552236768314
2,7,2000,"[128, 128]",1e-05,250,17.319429397583008,18.086957761914356,18.086957761914356,18.086957761914356,15.384748458862305,16.152276823193652,16.152276823193652,16.152276823193652
2,7,2000,"[128, 128]",0.0001,250,428.8011779785156,429.56870634284695,429.56870634284695,429.56870634284695,480.60498046875,481.3725088330813,481.3725088330813,481.3725088330813
2,7,2000,"[128, 128]",0.001,250,124611.84375,124612.61127836433,124612.61127836433,124612.61127836433,158851.421875,158852.18940336432,158852.18940336432,158852.18940336432
2,7,2000,[256],1e-05,250,0.15929478406906128,0.9268231484004099,0.9268231484004099,0.9268231484004099,8.911943435668945,9.679471800000293,9.679471800000293,9.679471800000293
2,7,2000,[256],0.0001,250,31.16211700439453,31.92964536872588,31.92964536872588,31.92964536872588,58.306983947753906,59.074512312085254,59.074512312085254,59.074512312085254
2,7,2000,[256],0.001,250,1274.8494873046875,1275.6170156690189,1275.6170156690189,1275.6170156690189,1643.95361328125,1644.7211416455814,1644.7211416455814,1644.7211416455814
2,7,2000,"[256, 256]",1e-05,250,34.66204071044922,35.42956907478057,35.42956907478057,35.42956907478057,34.46845245361328,35.23598081794463,35.23598081794463,35.23598081794463
2,7,2000,"[256, 256]",0.0001,250,1293.387451171875,1294.1549795362064,1294.1549795362064,1294.1549795362064,1404.41748046875,1405.1850088330814,1405.1850088330814,1405.1850088330814
2,7,2000,"[256, 256]",0.001,250,417035.84375,417036.6112783643,417036.6112783643,417036.6112783643,474243.0,474243.7675283643,474243.7675283643,474243.7675283643
2,10,300,[32],1e-05,250,0.8153484463691711,1.32703402259007,1.32703402259007,1.32703402259007,-0.4222751259803772,0.08941045024052185,0.08941045024052185,0.08941045024052185
2,10,300,[32],0.0001,250,1.3414623737335205,1.8531479499544194,1.8531479499544194,1.8531479499544194,-0.139520525932312,0.37216505028858704,0.37216505028858704,0.37216505028858704
2,10,300,[32],0.001,250,7.717074394226074,8.228759970446973,8.228759970446973,8.228759970446973,8.482836723327637,8.994522299548535,8.994522299548535,8.994522299548535
2,10,300,[64],1e-05,250,0.09947267174720764,0.6111582479681067,0.6111582479681067,0.6111582479681067,0.12106627225875854,0.6327518484796576,0.6327518484796576,0.6327518484796576
2,10,300,[64],0.0001,250,1.110825538635254,1.6225111148561528,1.6225111148561528,1.6225111148561528,1.4677515029907227,1.9794370792116216,1.9794370792116216,1.9794370792116216
2,10,300,[64],0.001,250,13.39902400970459,13.910709585925488,13.910709585925488,13.910709585925488,16.357118606567383,16.86880418278828,16.86880418278828,16.86880418278828
2,10,300,[128],1e-05,250,-1.1180189847946167,-0.6063334085737176,-0.6063334085737176,-0.6063334085737176,1.1627674102783203,1.6744529864992193,1.6744529864992193,1.6744529864992193
2,10,300,[128],0.0001,250,0.8900981545448303,1.4017837307657293,1.4017837307657293,1.4017837307657293,3.9830689430236816,4.494754519244581,4.494754519244581,4.494754519244581
2,10,300,[128],0.001,250,25.23652458190918,25.748210158130078,25.748210158130078,25.748210158130078,38.00417709350586,38.51586266972676,38.51586266972676,38.51586266972676
2,10,300,"[128, 128]",1e-05,250,5.001476287841797,5.513161864062696,5.513161864062696,5.513161864062696,-0.6190046072006226,-0.1073190309797235,-0.1073190309797235,-0.1073190309797235
2,10,300,"[128, 128]",0.0001,250,21.266279220581055,21.777964796801953,21.777964796801953,21.777964796801953,20.652780532836914,21.164466109057813,21.164466109057813,21.164466109057813
2,10,300,"[128, 128]",0.001,250,699.7341918945312,700.2458774707521,700.2458774707521,700.2458774707521,848.2493896484375,848.7610752246584,848.7610752246584,848.7610752246584
2,10,300,[256],1e-05,250,-6.3858160972595215,-5.874130521038622,-5.874130521038622,-5.874130521038622,4.875757694244385,5.387443270465284,5.387443270465284,5.387443270465284
2,10,300,[256],0.0001,250,0.6708245873451233,1.1825101635660222,1.1825101635660222,1.1825101635660222,10.506834983825684,11.018520560046582,11.018520560046582,11.018520560046582
2,10,300,[256],0.001,250,39.80773162841797,40.31941720463887,40.31941720463887,40.31941720463887,79.38690948486328,79.89859506108418,79.89859506108418,79.89859506108418
2,10,300,"[256, 256]",1e-05,250,7.368107795715332,7.879793371936231,7.879793371936231,7.879793371936231,1.7275502681732178,2.2392358443941167,2.2392358443941167,2.2392358443941167
2,10,300,"[256, 256]",0.0001,250,44.170833587646484,44.68251916386738,44.68251916386738,44.68251916386738,47.0916862487793,47.603371825000195,47.603371825000195,47.603371825000195
2,10,300,"[256, 256]",0.001,250,2152.286376953125,2152.7980625293458,2152.7980625293458,2152.7980625293458,2515.208251953125,2515.7199375293458,2515.7199375293458,2515.7199375293458
2,10,1000,[32],1e-05,250,0.9988078474998474,1.5104934237207464,1.5104934237207464,1.5104934237207464,-0.34883368015289307,0.16285189606800599,0.16285189606800599,0.16285189606800599
2,10,1000,[32],0.0001,250,3.3060169219970703,3.8177024982179693,3.8177024982179693,3.8177024982179693,2.5953612327575684,3.1070468089784673,3.1070468089784673,3.1070468089784673
2,10,1000,[32],0.001,250,53.932979583740234,54.44466515996113,54.44466515996113,54.44466515996113,62.54035568237305,63.052041258593945,63.052041258593945,63.052041258593945
2,10,1000,[64],1e-05,250,0.4161165654659271,0.9278021416868262,0.9278021416868262,0.9278021416868262,0.5328368544578552,1.0445224306787542,1.0445224306787542,1.0445224306787542
2,10,1000,[64],0.0001,250,4.914717674255371,5.4264032504762705,5.4264032504762705,5.4264032504762705,5.698538303375244,6.2102238795961435,6.2102238795961435,6.2102238795961435
2,10,1000,[64],0.001,250,100.03601837158203,100.54770394780293,100.54770394780293,100.54770394780293,116.41434478759766,116.92603036381855,116.92603036381855,116.92603036381855
2,10,1000,[128],1e-05,250,0.09958408772945404,0.6112696639503531,0.6112696639503531,0.6112696639503531,2.052550792694092,2.5642363689149907,2.5642363689149907,2.5642363689149907
2,10,1000,[128],0.0001,250,7.35599422454834,7.867679800769239,7.867679800769239,7.867679800769239,13.372241020202637,13.883926596423535,13.883926596423535,13.883926596423535
2,10,1000,[128],0.001,250,216.0373077392578,216.54899331547873,216.54899331547873,216.54899331547873,268.9278259277344,269.43951150395526,269.43951150395526,269.43951150395526
2,10,1000,"[128, 128]",1e-05,250,10.59178638458252,11.103471960803418,11.103471960803418,11.103471960803418,6.626841068267822,7.138526644488722,7.138526644488722,7.138526644488722
2,10,1000,"[128, 128]",0.0001,250,133.25860595703125,133.77029153325216,133.77029153325216,133.77029153325216,138.0338592529297,138.5455448291506,138.5455448291506,138.5455448291506
2,10,1000,"[128, 128]",0.001,250,23247.4609375,23247.97262307622,23247.97262307622,23247.97262307622,26272.55078125,26273.06246682622,26273.06246682622,26273.06246682622
2,10,1000,[256],1e-05,250,-3.4586241245269775,-2.9469385483060786,-2.9469385483060786,-2.9469385483060786,6.648905277252197,7.160590853473097,7.160590853473097,7.160590853473097
2,10,1000,[256],0.0001,250,11.73603630065918,12.247721876880078,12.247721876880078,12.247721876880078,29.46457862854004,29.976264204760938,29.976264204760938,29.976264204760938
2,10,1000,[256],0.001,250,404.8103942871094,405.32207986333026,405.32207986333026,405.32207986333026,535.0948486328125,535.6065342090334,535.6065342090334,535.6065342090334
2,10,1000,"[256, 256]",1e-05,250,19.29393196105957,19.80561753728047,19.80561753728047,19.80561753728047,17.33329963684082,17.84498521306172,17.84498521306172,17.84498521306172
2,10,1000,"[256, 256]",0.0001,250,369.3175354003906,369.8292209766115,369.8292209766115,369.8292209766115,377.6592712402344,378.17095681645526,378.17095681645526,378.17095681645526
2,10,1000,"[256, 256]",0.001,250,76520.53125,76521.04293557622,76521.04293557622,76521.04293557622,79178.28125,79178.79293557622,79178.79293557622,79178.79293557622
2,10,2000,[32],1e-05,250,1.223022699356079,1.734708275576978,1.734708275576978,1.734708275576978,-0.22194179892539978,0.28974377729549927,0.28974377729549927,0.28974377729549927
2,10,2000,[32],0.0001,250,6.048248291015625,6.559933867236524,6.559933867236524,6.559933867236524,6.147066593170166,6.658752169391065,6.658752169391065,6.658752169391065
2,10,2000,[32],0.001,250,158.16952514648438,158.6812107227053,158.6812107227053,158.6812107227053,192.20188903808594,192.71357461430685,192.71357461430685,192.71357461430685
2,10,2000,[64],1e-05,250,0.8691972494125366,1.3808828256334356,1.3808828256334356,1.3808828256334356,1.0890023708343506,1.6006879470552495,1.6006879470552495,1.6006879470552495
2,10,2000,[64],0.0001,250,10.1624755859375,10.674161162158398,10.674161162158398,10.674161162158398,11.973429679870605,12.485115256091504,12.485115256091504,12.485115256091504
2,10,2000,[64],0.001,250,297.8804626464844,298.39214822270526,298.39214822270526,298.39214822270526,363.0262145996094,363.53790017583026,363.53790017583026,363.53790017583026
2,10,2000,[128],1e-05,250,0.610387921333313,1.122073497554212,1.122073497554212,1.122073497554212,3.2314629554748535,3.7431485316957525,3.7431485316957525,3.7431485316957525
2,10,2000,[128],0.0001,250,17.624086380004883,18.13577195622578,18.13577195622578,18.13577195622578,27.648950576782227,28.160636153003125,28.160636153003125,28.160636153003125
2,10,2000,[128],0.001,250,665.8037109375,666.3153965137209,666.3153965137209,666.3153965137209,838.6536865234375,839.1653720996584,839.1653720996584,839.1653720996584
2,10,2000,"[128, 128]",1e-05,250,17.388484954833984,17.900170531054883,17.900170531054883,17.900170531054883,15.502032279968262,16.01371785618916,16.01371785618916,16.01371785618916
2,10,2000,"[128, 128]",0.0001,250,428.8530578613281,429.364743437549,429.364743437549,429.364743437549,480.7288513183594,481.24053689458026,481.24053689458026,481.24053689458026
2,10,2000,"[128, 128]",0.001,250,126861.3046875,126861.81637307622,126861.81637307622,126861.81637307622,158423.5625,158424.07418557623,158424.07418557623,158424.07418557623
2,10,2000,[256],1e-05,250,0.15809127688407898,0.669776853104978,0.669776853104978,0.669776853104978,9.002169609069824,9.513855185290723,9.513855185290723,9.513855185290723
2,10,2000,[256],0.0001,250,31.323747634887695,31.835433211108594,31.835433211108594,31.835433211108594,58.40177536010742,58.91346093632832,58.91346093632832,58.91346093632832
2,10,2000,[256],0.001,250,1283.85009765625,1284.361783232471,1284.361783232471,1284.361783232471,1644.0609130859375,1644.5725986621585,1644.5725986621585,1644.5725986621585
2,10,2000,"[256, 256]",1e-05,250,34.684967041015625,35.19665261723652,35.19665261723652,35.19665261723652,34.5836296081543,35.095315184375195,35.095315184375195,35.095315184375195
2,10,2000,"[256, 256]",0.0001,250,1274.5384521484375,1275.0501377246585,1275.0501377246585,1275.0501377246585,1403.9681396484375,1404.4798252246585,1404.4798252246585,1404.4798252246585
2,10,2000,"[256, 256]",0.001,250,415963.8125,415964.32418557623,415964.32418557623,415964.32418557623,467261.9375,467262.44918557623,467262.44918557623,467262.44918557623
2,20,300,[32],1e-05,250,0.8341699838638306,1.0765473620737303,1.0765473620737303,1.0765473620737303,-0.31954318284988403,-0.07716580463998446,-0.07716580463998446,-0.07716580463998446
2,20,300,[32],0.0001,250,1.3701107501983643,1.612488128408264,1.612488128408264,1.612488128408264,-0.12182754278182983,0.12054983542806974,0.12054983542806974,0.12054983542806974
2,20,300,[32],0.001,250,7.764089584350586,8.006466962560486,8.006466962560486,8.006466962560486,8.574063301086426,8.816440679296326,8.816440679296326,8.816440679296326
2,20,300,[64],1e-05,250,0.10175080597400665,0.3441281841839062,0.3441281841839062,0.3441281841839062,0.14276260137557983,0.3851399795854794,0.3851399795854794,0.3851399795854794
2,20,300,[64],0.0001,250,1.1382229328155518,1.3806003110254514,1.3806003110254514,1.3806003110254514,1.4630335569381714,1.705410935148071,1.705410935148071,1.705410935148071
2,20,300,[64],0.001,250,13.431809425354004,13.674186803563904,13.674186803563904,13.674186803563904,16.4563045501709,16.698681928380797,16.698681928380797,16.698681928380797
2,20,300,[128],1e-05,250,-1.0770763158798218,-0.8346989376699222,-0.8346989376699222,-0.8346989376699222,1.2269563674926758,1.4693337457025755,1.4693337457025755,1.4693337457025755
2,20,300,[128],0.0001,250,1.0029879808425903,1.24536535905249,1.24536535905249,1.24536535905249,4.055572032928467,4.297949411138366,4.297949411138366,4.297949411138366
2,20,300,[128],0.001,250,25.291776657104492,25.53415403531439,25.53415403531439,25.53415403531439,38.10263442993164,38.34501180814154,38.34501180814154,38.34501180814154
2,20,300,"[128, 128]",1e-05,250,5.019298553466797,5.261675931676696,5.261675931676696,5.261675931676696,-0.49578574299812317,-0.2534083647882236,-0.2534083647882236,-0.2534083647882236
2,20,300,"[128, 128]",0.0001,250,21.289745330810547,21.532122709020445,21.532122709020445,21.532122709020445,20.579404830932617,20.821782209142516,20.821782209142516,20.821782209142516
2,20,300,"[128, 128]",0.001,250,700.483154296875,700.7255316750849,700.7255316750849,700.7255316750849,845.1095581054688,845.3519354836786,845.3519354836786,845.3519354836786
2,20,300,[256],1e-05,250,-6.326897144317627,-6.084519766107728,-6.084519766107728,-6.084519766107728,4.934545040130615,5.1769224183405145,5.1769224183405145,5.1769224183405145
2,20,300,[256],0.0001,250,0.7578020691871643,1.000179447397064,1.000179447397064,1.000179447397064,10.56713581085205,10.809513189061951,10.809513189061951,10.809513189061951
2,20,300,[256],0.001,250,40.22243881225586,40.46481619046576,40.46481619046576,40.46481619046576,79.44979095458984,79.69216833279974,79.69216833279974,79.69216833279974
2,20,300,"[256, 256]",1e-05,250,7.389214515686035,7.631591893895934,7.631591893895934,7.631591893895934,1.8045339584350586,2.0469113366449583,2.0469113366449583,2.0469113366449583
2,20,300,"[256, 256]",0.0001,250,44.19365692138672,44.43603429959662,44.43603429959662,44.43603429959662,47.05275344848633,47.29513082669623,47.29513082669623,47.29513082669623
2,20,300,"[256, 256]",0.001,250,2126.173095703125,2126.4154730813348,2126.4154730813348,2126.4154730813348,2518.123779296875,2518.3661566750848,2518.3661566750848,2518.3661566750848
2,20,1000,[32],1e-05,250,1.0202070474624634,1.262584425672363,1.262584425672363,1.262584425672363,-0.25812336802482605,-0.015745989814926475,-0.015745989814926475,-0.015745989814926475
2,20,1000,[32],0.0001,250,3.3469653129577637,3.5893426911676634,3.5893426911676634,3.5893426911676634,2.6397249698638916,2.8821023480737913,2.8821023480737913,2.8821023480737913
2,20,1000,[32],0.001,250,53.98140335083008,54.22378072903998,54.22378072903998,54.22378072903998,62.71843338012695,62.960810758336855,62.960810758336855,62.960810758336855
2,20,1000,[64],1e-05,250,0.46994808316230774,0.7123254613722073,0.7123254613722073,0.7123254613722073,0.5735198259353638,0.8158972041452633,0.8158972041452633,0.8158972041452633
2,20,1000,[64],0.0001,250,4.923633098602295,5.166010476812194,5.166010476812194,5.166010476812194,5.679776668548584,5.922154046758483,5.922154046758483,5.922154046758483
2,20,1000,[64],0.001,250,99.98971557617188,100.23209295438177,100.23209295438177,100.23209295438177,116.59099578857422,116.83337316678411,116.83337316678411,116.83337316678411
2,20,1000,[128],1e-05,250,0.10327878594398499,0.34565616415388456,0.34565616415388456,0.34565616415388456,2.1193220615386963,2.361699439748596,2.361699439748596,2.361699439748596
2,20,1000,[128],0.0001,250,7.570243835449219,7.812621213659118,7.812621213659118,7.812621213659118,13.45769214630127,13.70006952451117,13.70006952451117,13.70006952451117
2,20,1000,[128],0.001,250,215.12881469726562,215.37119207547553,215.37119207547553,215.37119207547553,269.06317138671875,269.30554876492863,269.30554876492863,269.30554876492863
2,20,1000,"[128, 128]",1e-05,250,10.6126070022583,10.854984380468201,10.854984380468201,10.854984380468201,6.678769588470459,6.921146966680358,6.921146966680358,6.921146966680358
2,20,1000,"[128, 128]",0.0001,250,133.31727600097656,133.55965337918647,133.55965337918647,133.55965337918647,137.86973571777344,138.11211309598335,138.11211309598335,138.11211309598335
2,20,1000,"[128, 128]",0.001,250,23493.873046875,23494.11542425321,23494.11542425321,23494.11542425321,26401.986328125,26402.22870550321,26402.22870550321,26402.22870550321
2,20,1000,[256],1e-05,250,-3.3984057903289795,-3.15602841211908,-3.15602841211908,-3.15602841211908,6.7085280418396,6.950905420049499,6.950905420049499,6.950905420049499
2,20,1000,[256],0.0001,250,11.869986534118652,12.112363912328552,12.112363912328552,12.112363912328552,29.526281356811523,29.768658735021422,29.768658735021422,29.768658735021422
2,20,1000,[256],0.001,250,405.60369873046875,405.84607610867863,405.84607610867863,405.84607610867863,535.1630249023438,535.4054022805536,535.4054022805536,535.4054022805536
2,20,1000,"[256, 256]",1e-05,250,19.327924728393555,19.570302106603453,19.570302106603453,19.570302106603453,17.437665939331055,17.680043317540953,17.680043317540953,17.680043317540953
2,20,1000,"[256, 256]",0.0001,250,369.3411865234375,369.5835639016474,369.5835639016474,369.5835639016474,377.65228271484375,377.89466009305363,377.89466009305363,377.89466009305363
2,20,1000,"[256, 256]",0.001,250,74546.765625,74547.0080023782,74547.0080023782,74547.0080023782,80430.0,80430.2423773782,80430.2423773782,80430.2423773782
2,20,2000,[32],1e-05,250,1.2484595775604248,1.4908369557703245,1.4908369557703245,1.4908369557703245,-0.1709732860326767,0.07140409217722288,0.07140409217722288,0.07140409217722288
2,20,2000,[32],0.0001,250,6.101722717285156,6.3441000954950555,6.3441000954950555,6.3441000954950555,6.190721035003662,6.433098413213561,6.433098413213561,6.433098413213561
2,20,2000,[32],0.001,250,158.21875,158.4611273782099,158.4611273782099,158.4611273782099,192.4300994873047,192.6724768655146,192.6724768655146,192.6724768655146
2,20,2000,[64],1e-05,250,0.9089466333389282,1.151324011548828,1.151324011548828,1.151324011548828,1.1092718839645386,1.3516492621744383,1.3516492621744383,1.3516492621744383
2,20,2000,[64],0.0001,250,10.165247917175293,10.407625295385193,10.407625295385193,10.407625295385193,11.941510200500488,12.183887578710388,12.183887578710388,12.183887578710388
2,20,2000,[64],0.001,250,297.78912353515625,298.03150091336613,298.03150091336613,298.03150091336613,363.24847412109375,363.49085149930363,363.49085149930363,363.49085149930363
2,20,2000,[128],1e-05,250,0.713475227355957,0.9558526055658566,0.9558526055658566,0.9558526055658566,3.3015644550323486,3.5439418332422483,3.5439418332422483,3.5439418332422483
2,20,2000,[128],0.0001,250,17.894596099853516,18.136973478063414,18.136973478063414,18.136973478063414,27.742284774780273,27.984662152990172,27.984662152990172,27.984662152990172
2,20,2000,[128],0.001,250,662.2536010742188,662.4959784524286,662.4959784524286,662.4959784524286,838.8068237304688,839.0492011086786,839.0492011086786,839.0492011086786
2,20,2000,"[128, 128]",1e-05,250,17.41455841064453,17.65693578885443,17.65693578885443,17.65693578885443,15.584172248840332,15.826549627050232,15.826549627050232,15.826549627050232
2,20,2000,"[128, 128]",0.0001,250,429.0332946777344,429.27567205594426,429.27567205594426,429.27567205594426,480.48382568359375,480.72620306180363,480.72620306180363,480.72620306180363
2,20,2000,"[128, 128]",0.001,250,127430.765625,127431.0080023782,127431.0080023782,127431.0080023782,156338.34375,156338.58612737822,156338.58612737822,156338.58612737822
2,20,2000,[256],1e-05,250,0.16312740743160248,0.40550478564150205,0.40550478564150205,0.40550478564150205,9.062264442443848,9.304641820653748,9.304641820653748,9.304641820653748
2,20,2000,[256],0.0001,250,31.47652816772461,31.718905545934508,31.718905545934508,31.718905545934508,58.46413040161133,58.70650777982123,58.70650777982123,58.70650777982123
2,20,2000,[256],0.001,250,1282.754638671875,1282.997016050085,1282.997016050085,1282.997016050085,1644.1334228515625,1644.3758002297725,1644.3758002297725,1644.3758002297725
2,20,2000,"[256, 256]",1e-05,250,34.723453521728516,34.96583089993842,34.96583089993842,34.96583089993842,34.68800735473633,34.93038473294623,34.93038473294623,34.93038473294623
2,20,2000,"[256, 256]",0.0001,250,1274.5924072265625,1274.8347846047725,1274.8347846047725,1274.8347846047725,1391.3306884765625,1391.5730658547725,1391.5730658547725,1391.5730658547725
2,20,2000,"[256, 256]",0.001,250,404619.5625,404619.8048773782,404619.8048773782,404619.8048773782,474710.84375,474711.0861273782,474711.0861273782,474711.0861273782
2,50,300,[32],1e-05,250,0.8268957734107971,0.9208788384309623,0.9208788384309623,0.9208788384309623,-0.26193225383758545,-0.16794918881742033,-0.16794918881742033,-0.16794918881742033
2,50,300,[32],0.0001,250,1.3633860349655151,1.4573690999856803,1.4573690999856803,1.4573690999856803,-0.08749078959226608,0.006492275427899055,0.006492275427899055,0.006492275427899055
2,50,300,[32],0.001,250,7.759408950805664,7.853392015825829,7.853392015825829,7.853392015825829,8.605276107788086,8.699259172808251,8.699259172808251,8.699259172808251
2,50,300,[64],1e-05,250,0.11041481047868729,0.2043978754988524,0.2043978754988524,0.2043978754988524,0.15669621527194977,0.2506792802921149,0.2506792802921149,0.2506792802921149
2,50,300,[64],0.0001,250,1.143276333808899,1.237259398829064,1.237259398829064,1.237259398829064,1.4332085847854614,1.5271916498056266,1.5271916498056266,1.5271916498056266
2,50,300,[64],0.001,250,13.422527313232422,13.516510378252587,13.516510378252587,13.516510378252587,16.59171485900879,16.685697924028954,16.685697924028954,16.685697924028954
2,50,300,[128],1e-05,250,-1.0616437196731567,-0.9676606546529916,-0.9676606546529916,-0.9676606546529916,1.2429686784744263,1.3369517434945914,1.3369517434945914,1.3369517434945914
2,50,300,[128],0.0001,250,1.0187997817993164,1.1127828468194816,1.1127828468194816,1.1127828468194816,4.07475471496582,4.168737779985985,4.168737779985985,4.168737779985985
2,50,300,[128],0.001,250,25.30495262145996,25.398935686480126,25.398935686480126,25.398935686480126,38.129581451416016,38.223564516436184,38.223564516436184,38.223564516436184
2,50,300,"[128, 128]",1e-05,250,5.012993335723877,5.106976400744042,5.106976400744042,5.106976400744042,-0.4364636540412903,-0.34248058902112516,-0.34248058902112516,-0.34248058902112516
2,50,300,"[128, 128]",0.0001,250,21.293598175048828,21.387581240068993,21.387581240068993,21.387581240068993,20.542184829711914,20.63616789473208,20.63616789473208,20.63616789473208
2,50,300,"[128, 128]",0.001,250,699.765380859375,699.8593639243952,699.8593639243952,699.8593639243952,845.5966796875,845.6906627525202,845.6906627525202,845.6906627525202
2,50,300,[256],1e-05,250,-6.311460494995117,-6.217477429974952,-6.217477429974952,-6.217477429974952,4.949956893920898,5.043939958941063,5.043939958941063,5.043939958941063
2,50,300,[256],0.0001,250,0.7735003232955933,0.8674833883157584,0.8674833883157584,0.8674833883157584,10.582799911499023,10.676782976519188,10.676782976519188,10.676782976519188
2,50,300,[256],0.001,250,40.16542053222656,40.25940359724673,40.25940359724673,40.25940359724673,79.46652221679688,79.56050528181704,79.56050528181704,79.56050528181704
2,50,300,"[256, 256]",1e-05,250,7.383270740509033,7.477253805529198,7.477253805529198,7.477253805529198,1.785314679145813,1.8792977441659782,1.8792977441659782,1.8792977441659782
2,50,300,"[256, 256]",0.0001,250,44.186283111572266,44.280266176592434,44.280266176592434,44.280266176592434,47.12698745727539,47.22097052229556,47.22097052229556,47.22097052229556
2,50,300,"[256, 256]",0.001,250,2126.189697265625,2126.283680330645,2126.283680330645,2126.283680330645,2514.59814453125,2514.69212759627,2514.69212759627,2514.69212759627
2,50,1000,[32],1e-05,250,1.0127848386764526,1.1067679036966178,1.1067679036966178,1.1067679036966178,-0.2028936743736267,-0.10891060935346157,-0.10891060935346157,-0.10891060935346157
2,50,1000,[32],0.0001,250,3.344554901123047,3.438537966143212,3.438537966143212,3.438537966143212,2.658505439758301,2.7524885047784657,2.7524885047784657,2.7524885047784657
2,50,1000,[32],0.001,250,53.96919631958008,54.06317938460025,54.06317938460025,54.06317938460025,62.754215240478516,62.848198305498684,62.848198305498684,62.848198305498684
2,50,1000,[64],1e-05,250,0.46463465690612793,0.5586177219262931,0.5586177219262931,0.5586177219262931,0.5622378587722778,0.656220923792443,0.656220923792443,0.656220923792443
2,50,1000,[64],0.0001,250,4.948850154876709,5.042833219896874,5.042833219896874,5.042833219896874,5.639516830444336,5.733499895464501,5.733499895464501,5.733499895464501
2,50,1000,[64],0.001,250,100.17056274414062,100.2645458091608,100.2645458091608,100.2645458091608,116.82199096679688,116.91597403181704,116.91597403181704,116.91597403181704
2,50,1000,[128],1e-05,250,0.11949895322322845,0.21348201824339358,0.21348201824339358,0.21348201824339358,2.1368656158447266,2.2308486808648915,2.2308486808648915,2.2308486808648915
2,50,1000,[128],0.0001,250,7.718339920043945,7.81232298506411,7.81232298506411,7.81232298506411,13.47984504699707,13.573828112017235,13.573828112017235,13.573828112017235
2,50,1000,[128],0.001,250,215.10671997070312,215.20070303572328,215.20070303572328,215.20070303572328,269.1012878417969,269.19527090681703,269.19527090681703,269.19527090681703
2,50,1000,"[128, 128]",1e-05,250,10.609084129333496,10.703067194353661,10.703067194353661,10.703067194353661,6.720216751098633,6.814199816118798,6.814199816118798,6.814199816118798
2,50,1000,"[128, 128]",0.0001,250,133.40435791015625,133.4983409751764,133.4983409751764,133.4983409751764,137.81448364257812,137.90846670759828,137.90846670759828,137.90846670759828
2,50,1000,"[128, 128]",0.001,250,23173.70703125,23173.80101431502,23173.80101431502,23173.80101431502,26451.216796875,26451.31077994002,26451.31077994002,26451.31077994002
2,50,1000,[256],1e-05,250,-3.382436752319336,-3.288453687299171,-3.288453687299171,-3.288453687299171,6.724058151245117,6.818041216265282,6.818041216265282,6.818041216265282
2,50,1000,[256],0.0001,250,11.918580055236816,12.012563120256981,12.012563120256981,12.012563120256981,29.542131423950195,29.63611448897036,29.63611448897036,29.63611448897036
2,50,1000,[256],0.001,250,406.4642028808594,406.55818594587953,406.55818594587953,406.55818594587953,535.18310546875,535.2770885337702,535.2770885337702,535.2770885337702
2,50,1000,"[256, 256]",1e-05,250,19.327253341674805,19.42123640669497,19.42123640669497,19.42123640669497,17.501466751098633,17.595449816118798,17.595449816118798,17.595449816118798
2,50,1000,"[256, 256]",0.0001,250,369.5020751953125,369.59605826033265,369.59605826033265,369.59605826033265,377.7795104980469,377.87349356306703,377.87349356306703,377.87349356306703
2,50,1000,"[256, 256]",0.001,250,73866.5,73866.59398306502,73866.59398306502,73866.59398306502,79197.609375,79197.70335806502,79197.70335806502,79197.70335806502
2,50,2000,[32],1e-05,250,1.2415966987609863,1.3355797637811515,1.3355797637811515,1.3355797637811515,-0.12545166909694672,-0.03146860407678158,-0.03146860407678158,-0.03146860407678158
2,50,2000,[32],0.0001,250,6.101016044616699,6.194999109636864,6.194999109636864,6.194999109636864,6.216707229614258,6.310690294634423,6.310690294634423,6.310690294634423
2,50,2000,[32],0.001,250,158.20335388183594,158.2973369468561,158.2973369468561,158.2973369468561,192.46798706054688,192.56197012556703,192.56197012556703,192.56197012556703
2,50,2000,[64],1e-05,250,0.9029910564422607,0.9969741214624259,0.9969741214624259,0.9969741214624259,1.0987187623977661,1.1927018274179313,1.1927018274179313,1.1927018274179313
2,50,2000,[64],0.0001,250,10.197853088378906,10.291836153399071,10.291836153399071,10.291836153399071,11.890542984008789,11.984526049028954,11.984526049028954,11.984526049028954
2,50,2000,[64],0.001,250,300.04705810546875,300.1410411704889,300.1410411704889,300.1410411704889,363.5292663574219,363.62324942244203,363.62324942244203,363.62324942244203
2,50,2000,[128],1e-05,250,0.726665735244751,0.8206488002649162,0.8206488002649162,0.8206488002649162,3.3199729919433594,3.4139560569635243,3.4139560569635243,3.4139560569635243
2,50,2000,[128],0.0001,250,18.139663696289062,18.233646761309227,18.233646761309227,18.233646761309227,27.766313552856445,27.86029661787661,27.86029661787661,27.86029661787661
2,50,2000,[128],0.001,250,662.2108154296875,662.3047984947077,662.3047984947077,662.3047984947077,838.8505859375,838.9445690025202,838.9445690025202,838.9445690025202
2,50,2000,"[128, 128]",1e-05,250,17.406259536743164,17.50024260176333,17.50024260176333,17.50024260176333,15.628183364868164,15.722166429888329,15.722166429888329,15.722166429888329
2,50,2000,"[128, 128]",0.0001,250,429.152099609375,429.24608267439515,429.24608267439515,429.24608267439515,480.5002136230469,480.59419668806703,480.59419668806703,480.59419668806703
2,50,2000,"[128, 128]",0.001,250,124611.640625,124611.73460806502,124611.73460806502,124611.73460806502,158870.390625,158870.48460806502,158870.48460806502,158870.48460806502
2,50,2000,[256],1e-05,250,0.16975441575050354,0.26373748077066866,0.26373748077066866,0.26373748077066866,9.077852249145508,9.171835314165673,9.171835314165673,9.171835314165673
2,50,2000,[256],0.0001,250,31.564855575561523,31.65883864058169,31.65883864058169,31.65883864058169,58.480228424072266,58.574211489092434,58.574211489092434,58.574211489092434
2,50,2000,[256],0.001,250,1286.231201171875,1286.3251842368952,1286.3251842368952,1286.3251842368952,1644.15478515625,1644.2487682212702,1644.2487682212702,1644.2487682212702
2,50,2000,"[256, 256]",1e-05,250,34.730934143066406,34.824917208086575,34.824917208086575,34.824917208086575,34.75894546508789,34.85292853010806,34.85292853010806,34.85292853010806
2,50,2000,"[256, 256]",0.0001,250,1277.4017333984375,1277.4957164634577,1277.4957164634577,1277.4957164634577,1404.07861328125,1404.1725963462702,1404.1725963462702,1404.1725963462702
2,50,2000,"[256, 256]",0.001,250,397892.75,397892.84398306505,397892.84398306505,397892.84398306505,467263.125,467263.21898306505,467263.21898306505,467263.21898306505
2,100,300,[32],1e-05,250,0.8212422132492065,0.8677590838147429,0.8677590838147429,0.8677590838147429,-0.24565614759922028,-0.199139277033684,-0.199139277033684,-0.199139277033684
2,100,300,[32],0.0001,250,1.358680248260498,1.4051971188260344,1.4051971188260344,1.4051971188260344,-0.07226017117500305,-0.025743300609466772,-0.025743300609466772,-0.025743300609466772
2,100,300,[32],0.001,250,7.7552642822265625,7.801781152792099,7.801781152792099,7.801781152792099,8.604405403137207,8.650922273702744,8.650922273702744,8.650922273702744
2,100,300,[64],1e-05,250,0.10902576893568039,0.15554263950121666,0.15554263950121666,0.15554263950121666,0.1537901610136032,0.20030703157913948,0.20030703157913948,0.20030703157913948
2,100,300,[64],0.0001,250,1.1526474952697754,1.1991643658353117,1.1991643658353117,1.1991643658353117,1.4388093948364258,1.485326265401962,1.485326265401962,1.485326265401962
2,100,300,[64],0.001,250,13.445294380187988,13.491811250753525,13.491811250753525,13.491811250753525,16.585939407348633,16.63245627791417,16.63245627791417,16.63245627791417
2,100,300,[128],1e-05,250,-1.0593466758728027,-1.0128298053072664,-1.0128298053072664,-1.0128298053072664,1.2451586723327637,1.2916755428983,1.2916755428983,1.2916755428983
2,100,300,[128],0.0001,250,1.007779836654663,1.0542967072201994,1.0542967072201994,1.0542967072201994,4.077288627624512,4.123805498190048,4.123805498190048,4.123805498190048
2,100,300,[128],0.001,250,25.08085060119629,25.127367471761826,25.127367471761826,25.127367471761826,38.132659912109375,38.17917678267491,38.17917678267491,38.17917678267491
2,100,300,"[128, 128]",1e-05,250,5.008071422576904,5.054588293142441,5.054588293142441,5.054588293142441,-0.4203106760978699,-0.3737938055323336,-0.3737938055323336,-0.3737938055323336
2,100,300,"[128, 128]",0.0001,250,21.288822174072266,21.335339044637802,21.335339044637802,21.335339044637802,20.659250259399414,20.70576712996495,20.70576712996495,20.70576712996495
2,100,300,"[128, 128]",0.001,250,700.1402587890625,700.186775659628,700.186775659628,700.186775659628,845.927490234375,845.9740071049405,845.9740071049405,845.9740071049405
2,100,300,[256],1e-05,250,-6.309329032897949,-6.262812162332413,-6.262812162332413,-6.262812162332413,4.952095985412598,4.998612855978134,4.998612855978134,4.998612855978134
2,100,300,[256],0.0001,250,0.773173451423645,0.8196903219891813,0.8196903219891813,0.8196903219891813,10.584973335266113,10.63149020583165,10.63149020583165,10.63149020583165
2,100,300,[256],0.001,250,40.21509552001953,40.261612390585064,40.261612390585064,40.261612390585064,79.46913146972656,79.5156483402921,79.5156483402921,79.5156483402921
2,100,300,"[256, 256]",1e-05,250,7.378375053405762,7.424891923971298,7.424891923971298,7.424891923971298,1.784163475036621,1.8306803456021574,1.8306803456021574,1.8306803456021574
2,100,300,"[256, 256]",0.0001,250,44.181785583496094,44.22830245406163,44.22830245406163,44.22830245406163,47.13575744628906,47.182274316854595,47.182274316854595,47.182274316854595
2,100,300,"[256, 256]",0.001,250,2126.193359375,2126.2398762455655,2126.2398762455655,2126.2398762455655,2518.258544921875,2518.3050617924405,2518.3050617924405,2518.3050617924405
2,100,1000,[32],1e-05,250,1.0075372457504272,1.0540541163159636,1.0540541163159636,1.0540541163159636,-0.18617981672286987,-0.1396629461573336,-0.1396629461573336,-0.1396629461573336
2,100,1000,[32],0.0001,250,3.3400473594665527,3.386564230032089,3.386564230032089,3.386564230032089,2.651683807373047,2.698200677938583,2.698200677938583,2.698200677938583
2,100,1000,[32],0.001,250,53.96524429321289,54.011761163778424,54.011761163778424,54.011761163778424,62.73045349121094,62.77697036177647,62.77697036177647,62.77697036177647
2,100,1000,[64],1e-05,250,0.4625159204006195,0.5090327909661558,0.5090327909661558,0.5090327909661558,0.5597909092903137,0.60630777985585,0.60630777985585,0.60630777985585
2,100,1000,[64],0.0001,250,4.964547634124756,5.011064504690292,5.011064504690292,5.011064504690292,5.652726173400879,5.6992430439664155,5.6992430439664155,5.6992430439664155
2,100,1000,[64],0.001,250,100.21728515625,100.26380202681554,100.26380202681554,100.26380202681554,116.80839538574219,116.85491225630773,116.85491225630773,116.85491225630773
2,100,1000,[128],1e-05,250,0.12401975691318512,0.1705366274787214,0.1705366274787214,0.1705366274787214,2.1392602920532227,2.1857771626187588,2.1857771626187588,2.1857771626187588
2,100,1000,[128],0.0001,250,7.730730056762695,7.777246927328232,7.777246927328232,7.777246927328232,13.482544898986816,13.529061769552353,13.529061769552353,13.529061769552353
2,100,1000,[128],0.001,250,214.4200439453125,214.46656081587804,214.46656081587804,214.46656081587804,269.106201171875,269.15271804244054,269.15271804244054,269.15271804244054
2,100,1000,"[128, 128]",1e-05,250,10.602458953857422,10.648975824422958,10.648975824422958,10.648975824422958,6.683651924133301,6.730168794698837,6.730168794698837,6.730168794698837
2,100,1000,"[128, 128]",0.0001,250,133.39024353027344,133.43676040083898,133.43676040083898,133.43676040083898,138.10142517089844,138.14794204146398,138.14794204146398,138.14794204146398
2,100,1000,"[128, 128]",0.001,250,23391.763671875,23391.810188745567,23391.810188745567,23391.810188745567,26469.005859375,26469.052376245567,26469.052376245567,26469.052376245567
2,100,1000,[256],1e-05,250,-3.3802013397216797,-3.3336844691561436,-3.3336844691561436,-3.3336844691561436,6.726204872131348,6.772721742696884,6.772721742696884,6.772721742696884
2,100,1000,[256],0.0001,250,11.898553848266602,11.945070718832138,11.945070718832138,11.945070718832138,29.544450759887695,29.590967630453232,29.590967630453232,29.590967630453232
2,100,1000,[256],0.001,250,406.3675231933594,406.4140400639249,406.4140400639249,406.4140400639249,535.186767578125,535.2332844486905,535.2332844486905,535.2332844486905
2,100,1000,"[256, 256]",1e-05,250,19.318906784057617,19.365423654623154,19.365423654623154,19.365423654623154,17.512460708618164,17.5589775791837,17.5589775791837,17.5589775791837
2,100,1000,"[256, 256]",0.0001,250,369.3284606933594,369.3749775639249,369.3749775639249,369.3749775639249,377.787841796875,377.83435866744054,377.83435866744054,377.83435866744054
2,100,1000,"[256, 256]",0.001,250,75740.578125,75740.62464187057,75740.62464187057,75740.62464187057,80268.7265625,80268.77307937057,80268.77307937057,80268.77307937057
2,100,2000,[32],1e-05,250,1.236778736114502,1.2832956066800383,1.2832956066800383,1.2832956066800383,-0.1084059625864029,-0.061889092020866614,-0.061889092020866614,-0.061889092020866614
2,100,2000,[32],0.0001,250,6.096771717071533,6.14328858763707,6.14328858763707,6.14328858763707,6.208355903625488,6.254872774191025,6.254872774191025,6.254872774191025
2,100,2000,[32],0.001,250,158.19979858398438,158.24631545454992,158.24631545454992,158.24631545454992,192.43113708496094,192.47765395552648,192.47765395552648,192.47765395552648
2,100,2000,[64],1e-05,250,0.9033557176589966,0.9498725882245329,0.9498725882245329,0.9498725882245329,1.0980734825134277,1.144590353078964,1.144590353078964,1.144590353078964
2,100,2000,[64],0.0001,250,10.217094421386719,10.263611291952255,10.263611291952255,10.263611291952255,11.907776832580566,11.954293703146103,11.954293703146103,11.954293703146103
2,100,2000,[64],0.001,250,300.1038818359375,300.15039870650304,300.15039870650304,300.15039870650304,363.51171875,363.55823562056554,363.55823562056554,363.55823562056554
2,100,2000,[128],1e-05,250,0.7308537364006042,0.7773706069661406,0.7773706069661406,0.7773706069661406,3.322445869445801,3.368962740011337,3.368962740011337,3.368962740011337
2,100,2000,[128],0.0001,250,18.164804458618164,18.2113213291837,18.2113213291837,18.2113213291837,27.76921272277832,27.815729593343857,27.815729593343857,27.815729593343857
2,100,2000,[128],0.001,250,661.26416015625,661.3106770268155,661.3106770268155,661.3106770268155,838.856689453125,838.9032063236905,838.9032063236905,838.9032063236905
2,100,2000,"[128, 128]",1e-05,250,17.404409408569336,17.450926279134872,17.450926279134872,17.450926279134872,15.57808780670166,15.624604677267197,15.624604677267197,15.624604677267197
2,100,2000,"[128, 128]",0.0001,250,429.1083984375,429.15491530806554,429.15491530806554,429.15491530806554,480.929931640625,480.97644851119054,480.97644851119054,480.97644851119054
2,100,2000,"[128, 128]",0.001,250,126292.921875,126292.96839187057,126292.96839187057,126292.96839187057,161374.375,161374.42151687056,161374.42151687056,161374.42151687056
2,100,2000,[256],1e-05,250,0.17001058161258698,0.21652745217812325,0.21652745217812325,0.21652745217812325,9.079995155334473,9.12651202590001,9.12651202590001,9.12651202590001
2,100,2000,[256],0.0001,250,31.527488708496094,31.57400557906163,31.57400557906163,31.57400557906163,58.48268127441406,58.529198144979595,58.529198144979595,58.529198144979595
2,100,2000,[256],0.001,250,1286.1448974609375,1286.191414331503,1286.191414331503,1286.191414331503,1644.158935546875,1644.2054524174405,1644.2054524174405,1644.2054524174405
2,100,2000,"[256, 256]",1e-05,250,34.72861099243164,34.775127862997174,34.775127862997174,34.775127862997174,34.7708740234375,34.81739089400303,34.81739089400303,34.81739089400303
2,100,2000,"[256, 256]",0.0001,250,1293.482421875,1293.5289387455655,1293.5289387455655,1293.5289387455655,1404.155029296875,1404.2015461674405,1404.2015461674405,1404.2015461674405
2,100,2000,"[256, 256]",0.001,250,408174.4375,408174.48401687056,408174.48401687056,408174.48401687056,475615.0625,475615.10901687056,475615.10901687056,475615.10901687056
10,2,300,[32],1e-05,250,0.683347761631012,5.288517947619104,5.288517947619104,5.288517947619104,-0.6273705959320068,3.977799590056085,3.977799590056085,3.977799590056085
10,2,300,[32],0.0001,250,1.1285967826843262,5.733766968672418,5.733766968672418,5.733766968672418,-0.0421365462243557,4.563033639763736,4.563033639763736,4.563033639763736
10,2,300,[32],0.001,250,3.9574859142303467,8.562656100218438,8.562656100218438,8.562656100218438,5.687054634094238,10.29222482008233,10.29222482008233,10.29222482008233
10,2,300,[64],1e-05,250,0.1177072674036026,4.722877453391694,4.722877453391694,4.722877453391694,0.12779371440410614,4.732963900392198,4.732963900392198,4.732963900392198
10,2,300,[64],0.0001,250,1.0447533130645752,5.649923499052667,5.649923499052667,5.649923499052667,1.0853008031845093,5.690470989172601,5.690470989172601,5.690470989172601
10,2,300,[64],0.001,250,8.08446979522705,12.689639981215143,12.689639981215143,12.689639981215143,17.071678161621094,21.676848347609187,21.676848347609187,21.676848347609187
10,2,300,[128],1e-05,250,-0.43922489881515503,4.165945287172937,4.165945287172937,4.165945287172937,0.8834831714630127,5.4886533574511045,5.4886533574511045,5.4886533574511045
10,2,300,[128],0.0001,250,1.4235038757324219,6.028674061720514,6.028674061720514,6.028674061720514,2.5837864875793457,7.1889566735674375,7.1889566735674375,7.1889566735674375
10,2,300,[128],0.001,250,20.154399871826172,24.759570057814265,24.759570057814265,24.759570057814265,43.89871597290039,48.503886158888484,48.503886158888484,48.503886158888484
10,2,300,"[128, 128]",1e-05,250,2.523256778717041,7.128426964705133,7.128426964705133,7.128426964705133,-0.8090957999229431,3.7960743860651487,3.7960743860651487,3.7960743860651487
10,2,300,"[128, 128]",0.0001,250,14.520087242126465,19.12525742811456,19.12525742811456,19.12525742811456,18.106889724731445,22.71205991071954,22.71205991071954,22.71205991071954
10,2,300,"[128, 128]",0.001,250,683.181640625,687.7868108109881,687.7868108109881,687.7868108109881,1108.149658203125,1112.754828389113,1112.754828389113,1112.754828389113
10,2,300,[256],1e-05,250,-3.645428419113159,0.9597417668749326,0.9597417668749326,0.9597417668749326,2.9429965019226074,7.548166687910699,7.548166687910699,7.548166687910699
10,2,300,[256],0.0001,250,1.1428776979446411,5.748047883932733,5.748047883932733,5.748047883932733,8.660752296447754,13.265922482435846,13.265922482435846,13.265922482435846
10,2,300,[256],0.001,250,39.10591506958008,43.71108525556817,43.71108525556817,43.71108525556817,88.63484954833984,93.24001973432793,93.24001973432793,93.24001973432793
10,2,300,"[256, 256]",1e-05,250,3.6033103466033936,8.208480532591485,8.208480532591485,8.208480532591485,1.0934537649154663,5.698623950903558,5.698623950903558,5.698623950903558
10,2,300,"[256, 256]",0.0001,250,33.609004974365234,38.21417516035333,38.21417516035333,38.21417516035333,48.35969924926758,52.96486943525567,52.96486943525567,52.96486943525567
10,2,300,"[256, 256]",0.001,250,2125.4951171875,2130.1002873734883,2130.1002873734883,2130.1002873734883,3303.723388671875,3308.3285588578633,3308.3285588578633,3308.3285588578633
10,2,1000,[32],1e-05,250,0.841599702835083,5.446769888823175,5.446769888823175,5.446769888823175,-0.4249414801597595,4.180228705828332,4.180228705828332,4.180228705828332
10,2,1000,[32],0.0001,250,2.021212100982666,6.626382286970758,6.626382286970758,6.626382286970758,1.5109360218048096,6.116106207792901,6.116106207792901,6.116106207792901
10,2,1000,[32],0.001,250,45.16531753540039,49.770487721388484,49.770487721388484,49.770487721388484,77.2774887084961,81.88265889448418,81.88265889448418,81.88265889448418
10,2,1000,[64],1e-05,250,0.4621849060058594,5.067355091993951,5.067355091993951,5.067355091993951,0.4721093773841858,5.077279563372278,5.077279563372278,5.077279563372278
10,2,1000,[64],0.0001,250,2.431914806365967,7.037084992354059,7.037084992354059,7.037084992354059,3.7981326580047607,8.403302843992853,8.403302843992853,8.403302843992853
10,2,1000,[64],0.001,250,84.81779479980469,89.42296498579277,89.42296498579277,89.42296498579277,149.2531280517578,153.8582982377459,153.8582982377459,153.8582982377459
10,2,1000,[128],1e-05,250,0.3390935957431793,4.944263781731271,4.944263781731271,4.944263781731271,1.4981672763824463,6.103337462370538,6.103337462370538,6.103337462370538
10,2,1000,[128],0.0001,250,4.6378326416015625,9.243002827589654,9.243002827589654,9.243002827589654,13.604668617248535,18.20983880323663,18.20983880323663,18.20983880323663
10,2,1000,[128],0.001,250,189.1434783935547,193.7486485795428,193.7486485795428,193.7486485795428,342.1222229003906,346.7273930863787,346.7273930863787,346.7273930863787
10,2,1000,"[128, 128]",1e-05,250,5.636048316955566,10.241218502943658,10.241218502943658,10.241218502943658,2.9024112224578857,7.5075814084459775,7.5075814084459775,7.5075814084459775
10,2,1000,"[128, 128]",0.0001,250,113.38188171386719,117.98705189985527,117.98705189985527,117.98705189985527,171.4611358642578,176.0663060502459,176.0663060502459,176.0663060502459
10,2,1000,"[128, 128]",0.001,250,22929.880859375,22934.486029560987,22934.486029560987,22934.486029560987,38266.1875,38270.79267018599,38270.79267018599,38270.79267018599
10,2,1000,[256],1e-05,250,-1.3307032585144043,3.2744669274736875,3.2744669274736875,3.2744669274736875,4.439118385314941,9.044288571303033,9.044288571303033,9.044288571303033
10,2,1000,[256],0.0001,250,8.270257949829102,12.875428135817193,12.875428135817193,12.875428135817193,31.561603546142578,36.16677373213067,36.16677373213067,36.16677373213067
10,2,1000,[256],0.001,250,372.138916015625,376.7440862016131,376.7440862016131,376.7440862016131,664.7802734375,669.3854436234881,669.3854436234881,669.3854436234881
10,2,1000,"[256, 256]",1e-05,250,12.220832824707031,16.826003010695125,16.826003010695125,16.826003010695125,13.960220336914062,18.565390522902156,18.565390522902156,18.565390522902156
10,2,1000,"[256, 256]",0.0001,250,324.56671142578125,329.1718816117693,329.1718816117693,329.1718816117693,484.1479797363281,488.7531499223162,488.7531499223162,488.7531499223162
10,2,1000,"[256, 256]",0.001,250,77033.2578125,77037.86298268598,77037.86298268598,77037.86298268598,117314.265625,117318.87079518598,117318.87079518598,117318.87079518598
10,2,2000,[32],1e-05,250,1.03794264793396,5.643112833922052,5.643112833922052,5.643112833922052,-0.1666310429573059,4.438539143030786,4.438539143030786,4.438539143030786
10,2,2000,[32],0.0001,250,3.0541603565216064,7.659330542509698,7.659330542509698,7.659330542509698,3.6306943893432617,8.235864575331354,8.235864575331354,8.235864575331354
10,2,2000,[32],0.001,250,145.62367248535156,150.22884267133966,150.22884267133966,150.22884267133966,250.2543487548828,254.8595189408709,254.8595189408709,254.8595189408709
10,2,2000,[64],1e-05,250,0.8681466579437256,5.473316843931817,5.473316843931817,5.473316843931817,0.8909670114517212,5.496137197439813,5.496137197439813,5.496137197439813
10,2,2000,[64],0.0001,250,5.545899868011475,10.151070053999566,10.151070053999566,10.151070053999566,11.877553939819336,16.48272412580743,16.48272412580743,16.48272412580743
10,2,2000,[64],0.001,250,274.91192626953125,279.5170964555193,279.5170964555193,279.5170964555193,477.3896789550781,481.9948491410662,481.9948491410662,481.9948491410662
10,2,2000,[128],1e-05,250,1.136889934539795,5.742060120527887,5.742060120527887,5.742060120527887,2.2052969932556152,6.810467179243707,6.810467179243707,6.810467179243707
10,2,2000,[128],0.0001,250,14.100317001342773,18.705487187330867,18.705487187330867,18.705487187330867,32.13651657104492,36.741686757033015,36.741686757033015,36.741686757033015
10,2,2000,[128],0.001,250,616.65625,621.2614201859881,621.2614201859881,621.2614201859881,1095.91162109375,1100.516791279738,1100.516791279738,1100.516791279738
10,2,2000,"[128, 128]",1e-05,250,11.166582107543945,15.771752293532037,15.771752293532037,15.771752293532037,12.437223434448242,17.042393620436336,17.042393620436336,17.042393620436336
10,2,2000,"[128, 128]",0.0001,250,408.4080810546875,413.0132512406756,413.0132512406756,413.0132512406756,650.4013671875,655.0065373734881,655.0065373734881,655.0065373734881
10,2,2000,"[128, 128]",0.001,250,136366.984375,136371.589545186,136371.589545186,136371.589545186,232875.390625,232879.995795186,232879.995795186,232879.995795186
10,2,2000,[256],1e-05,250,0.5259905457496643,5.131160731737756,5.131160731737756,5.131160731737756,7.083503723144531,11.688673909132623,11.688673909132623,11.688673909132623
10,2,2000,[256],0.0001,250,27.425342559814453,32.03051274580255,32.03051274580255,32.03051274580255,67.1718521118164,71.77702229780449,71.77702229780449,71.77702229780449
10,2,2000,[256],0.001,250,1213.743408203125,1218.348578389113,1218.348578389113,1218.348578389113,2124.518798828125,2129.1239690141133,2129.1239690141133,2129.1239690141133
10,2,2000,"[256, 256]",1e-05,250,25.498394012451172,30.103564198439265,30.103564198439265,30.103564198439265,35.139652252197266,39.74482243818536,39.74482243818536,39.74482243818536
10,2,2000,"[256, 256]",0.0001,250,1251.05712890625,1255.662299092238,1255.662299092238,1255.662299092238,1916.901611328125,1921.506781514113,1921.506781514113,1921.506781514113
10,2,2000,"[256, 256]",0.001,250,469712.0,469716.60517018597,469716.60517018597,469716.60517018597,719152.9375,719157.542670186,719157.542670186,719157.542670186
10,4,300,[32],1e-05,250,0.6699212193489075,2.2049779480116047,2.2049779480116047,2.2049779480116047,-0.6189728379249573,0.91608389073774,0.91608389073774,0.91608389073774
10,4,300,[32],0.0001,250,1.05423903465271,2.5892957633154072,2.5892957633154072,2.5892957633154072,-0.03801434487104416,1.497042383791653,1.497042383791653,1.497042383791653
10,4,300,[32],0.001,250,5.824347019195557,7.359403747858254,7.359403747858254,7.359403747858254,8.892976760864258,10.428033489526955,10.428033489526955,10.428033489526955
10,4,300,[64],1e-05,250,0.11750741302967072,1.652564141692368,1.652564141692368,1.652564141692368,0.12830568850040436,1.6633624171631016,1.6633624171631016,1.6633624171631016
10,4,300,[64],0.0001,250,0.9836770296096802,2.5187337582723774,2.5187337582723774,2.5187337582723774,1.2306370735168457,2.765693802179543,2.765693802179543,2.765693802179543
10,4,300,[64],0.001,250,10.470815658569336,12.005872387232033,12.005872387232033,12.005872387232033,18.89206886291504,20.427125591577735,20.427125591577735,20.427125591577735
10,4,300,[128],1e-05,250,-0.44228750467300415,1.0927692239896931,1.0927692239896931,1.0927692239896931,0.9321334362030029,2.4671901648657,2.4671901648657,2.4671901648657
10,4,300,[128],0.0001,250,1.2885217666625977,2.823578495325295,2.823578495325295,2.823578495325295,4.119759559631348,5.654816288294045,5.654816288294045,5.654816288294045
10,4,300,[128],0.001,250,21.980661392211914,23.51571812087461,23.51571812087461,23.51571812087461,43.00876998901367,44.54382671767637,44.54382671767637,44.54382671767637
10,4,300,"[128, 128]",1e-05,250,3.0514588356018066,4.586515564264504,4.586515564264504,4.586515564264504,-0.7180926203727722,0.816964108289925,0.816964108289925,0.816964108289925
10,4,300,"[128, 128]",0.0001,250,15.739492416381836,17.27454914504453,17.27454914504453,17.27454914504453,21.579660415649414,23.11471714431211,23.11471714431211,23.11471714431211
10,4,300,"[128, 128]",0.001,250,678.84619140625,680.3812481349127,680.3812481349127,680.3812481349127,1105.9603271484375,1107.4953838771003,1107.4953838771003,1107.4953838771003
10,4,300,[256],1e-05,250,-3.924846887588501,-2.3897901589258037,-2.3897901589258037,-2.3897901589258037,4.466522693634033,6.0015794222967305,6.0015794222967305,6.0015794222967305
10,4,300,[256],0.0001,250,1.2020453214645386,2.737102050127236,2.737102050127236,2.737102050127236,10.597189903259277,12.132246631921975,12.132246631921975,12.132246631921975
10,4,300,[256],0.001,250,42.75739288330078,44.29244961196348,44.29244961196348,44.29244961196348,88.67542266845703,90.21047939711973,90.21047939711973,90.21047939711973
10,4,300,"[256, 256]",1e-05,250,4.7779693603515625,6.31302608901426,6.31302608901426,6.31302608901426,1.6081724166870117,3.143229145349709,3.143229145349709,3.143229145349709
10,4,300,"[256, 256]",0.0001,250,34.41576385498047,35.950820583643164,35.950820583643164,35.950820583643164,50.47507858276367,52.01013531142637,52.01013531142637,52.01013531142637
10,4,300,"[256, 256]",0.001,250,2118.4384765625,2119.9735332911628,2119.9735332911628,2119.9735332911628,3301.07568359375,3302.6107403224128,3302.6107403224128,3302.6107403224128
10,4,1000,[32],1e-05,250,0.8132315874099731,2.3482883160726704,2.3482883160726704,2.3482883160726704,-0.4204195737838745,1.1146371548788228,1.1146371548788228,1.1146371548788228
10,4,1000,[32],0.0001,250,2.172715663909912,3.7077723925726094,3.7077723925726094,3.7077723925726094,2.0636861324310303,3.5987428610937275,3.5987428610937275,3.5987428610937275
10,4,1000,[32],0.001,250,45.347084045410156,46.88214077407285,46.88214077407285,46.88214077407285,76.74845123291016,78.28350796157285,78.28350796157285,78.28350796157285
10,4,1000,[64],1e-05,250,0.45718902349472046,1.9922457521574177,1.9922457521574177,1.9922457521574177,0.48093968629837036,2.0159964149610676,2.0159964149610676,2.0159964149610676
10,4,1000,[64],0.0001,250,3.3156394958496094,4.850696224512307,4.850696224512307,4.850696224512307,6.366565227508545,7.901621956171242,7.901621956171242,7.901621956171242
10,4,1000,[64],0.001,250,84.23932647705078,85.77438320571348,85.77438320571348,85.77438320571348,146.23109436035156,147.76615108901427,147.76615108901427,147.76615108901427
10,4,1000,[128],1e-05,250,0.3240993022918701,1.8591560309545674,1.8591560309545674,1.8591560309545674,1.8831110000610352,3.4181677287237324,3.4181677287237324,3.4181677287237324
10,4,1000,[128],0.0001,250,6.928391933441162,8.46344866210386,8.46344866210386,8.46344866210386,15.164558410644531,16.699615139307227,16.699615139307227,16.699615139307227
10,4,1000,[128],0.001,250,186.60000610351562,188.13506283217833,188.13506283217833,188.13506283217833,334.9461669921875,336.4812237208502,336.4812237208502,336.4812237208502
10,4,1000,"[128, 128]",1e-05,250,7.091222763061523,8.62627949172422,8.62627949172422,8.62627949172422,5.999574661254883,7.53463138991758,7.53463138991758,7.53463138991758
10,4,1000,"[128, 128]",0.0001,250,111.7691879272461,113.30424465590879,113.30424465590879,113.30424465590879,171.6743927001953,173.20944942885802,173.20944942885802,173.20944942885802
10,4,1000,"[128, 128]",0.001,250,22918.341796875,22919.876853603662,22919.876853603662,22919.876853603662,37916.2578125,37917.792869228666,37917.792869228666,37917.792869228666
10,4,1000,[256],1e-05,250,-1.2463903427124023,0.2886663859502949,0.2886663859502949,0.2886663859502949,6.46296501159668,7.998021740259377,7.998021740259377,7.998021740259377
10,4,1000,[256],0.0001,250,11.999860763549805,13.534917492212502,13.534917492212502,13.534917492212502,32.37960433959961,33.914661068262305,33.914661068262305,33.914661068262305
10,4,1000,[256],0.001,250,373.465087890625,375.0001446192877,375.0001446192877,375.0001446192877,661.5557861328125,663.0908428614752,663.0908428614752,663.0908428614752
10,4,1000,"[256, 256]",1e-05,250,13.604375839233398,15.139432567896096,15.139432567896096,15.139432567896096,17.64997673034668,19.185033459009375,19.185033459009375,19.185033459009375
10,4,1000,"[256, 256]",0.0001,250,321.24224853515625,322.77730526381896,322.77730526381896,322.77730526381896,481.9820556640625,483.5171123927252,483.5171123927252,483.5171123927252
10,4,1000,"[256, 256]",0.001,250,76027.6640625,76029.19911922867,76029.19911922867,76029.19911922867,116038.8515625,116040.38661922867,116040.38661922867,116040.38661922867
10,4,2000,[32],1e-05,250,0.9808803796768188,2.515937108339516,2.515937108339516,2.515937108339516,-0.16398033499717712,1.3710763936655201,1.3710763936655201,1.3710763936655201
10,4,2000,[32],0.0001,250,4.409833908081055,5.944890636743752,5.944890636743752,5.944890636743752,6.344442367553711,7.879499096216408,7.879499096216408,7.879499096216408
10,4,2000,[32],0.001,250,143.87750244140625,145.41255917006896,145.41255917006896,145.41255917006896,247.11427307128906,248.64932979995177,248.64932979995177,248.64932979995177
10,4,2000,[64],1e-05,250,0.8336830735206604,2.3687398021833577,2.3687398021833577,2.3687398021833577,0.9541008472442627,2.48915757590696,2.48915757590696,2.48915757590696
10,4,2000,[64],0.0001,250,7.759758949279785,9.294815677942482,9.294815677942482,9.294815677942482,14.134342193603516,15.669398922266213,15.669398922266213,15.669398922266213
10,4,2000,[64],0.001,250,272.01019287109375,273.54524959975646,273.54524959975646,273.54524959975646,471.461181640625,472.9962383692877,472.9962383692877,472.9962383692877
10,4,2000,[128],1e-05,250,1.04586923122406,2.5809259598867573,2.5809259598867573,2.5809259598867573,3.3412208557128906,4.876277584375588,4.876277584375588,4.876277584375588
10,4,2000,[128],0.0001,250,16.40252113342285,17.937577862085547,17.937577862085547,17.937577862085547,32.57282638549805,34.10788311416074,34.10788311416074,34.10788311416074
10,4,2000,[128],0.001,250,611.376708984375,612.9117657130377,612.9117657130377,612.9117657130377,1085.3856201171875,1086.9206768458503,1086.9206768458503,1086.9206768458503
10,4,2000,"[128, 128]",1e-05,250,12.685209274291992,14.22026600295469,14.22026600295469,14.22026600295469,15.994114875793457,17.529171604456153,17.529171604456153,17.529171604456153
10,4,2000,"[128, 128]",0.0001,250,403.8988037109375,405.4338604396002,405.4338604396002,405.4338604396002,647.9925537109375,649.5276104396002,649.5276104396002,649.5276104396002
10,4,2000,"[128, 128]",0.001,250,136408.84375,136410.37880672867,136410.37880672867,136410.37880672867,235833.484375,235835.01943172867,235835.01943172867,235835.01943172867
10,4,2000,[256],1e-05,250,0.6801229119300842,2.2151796405927815,2.2151796405927815,2.2151796405927815,9.17520809173584,10.710264820398537,10.710264820398537,10.710264820398537
10,4,2000,[256],0.0001,250,30.91905403137207,32.454110760034766,32.454110760034766,32.454110760034766,67.26407623291016,68.79913296157285,68.79913296157285,68.79913296157285
10,4,2000,[256],0.001,250,1214.0576171875,1215.5926739161628,1215.5926739161628,1215.5926739161628,2119.6767578125,2121.2118145411628,2121.2118145411628,2121.2118145411628
10,4,2000,"[256, 256]",1e-05,250,26.638315200805664,28.17337192946836,28.17337192946836,28.17337192946836,37.76743698120117,39.30249370986387,39.30249370986387,39.30249370986387
10,4,2000,"[256, 256]",0.0001,250,1244.59326171875,1246.1283184474128,1246.1283184474128,1246.1283184474128,1912.0252685546875,1913.5603252833503,1913.5603252833503,1913.5603252833503
10,4,2000,"[256, 256]",0.001,250,464633.0,464634.53505672864,464634.53505672864,464634.53505672864,706525.5,706527.0350567286,706527.0350567286,706527.0350567286
10,7,300,[32],1e-05,250,0.6272701025009155,1.3947984668322642,1.3947984668322642,1.3947984668322642,-0.6044037938117981,0.16312457051955054,0.16312457051955054,0.16312457051955054
10,7,300,[32],0.0001,250,0.954530656337738,1.7220590206690867,1.7220590206690867,1.7220590206690867,-0.02997046709060669,0.7375578972407419,0.7375578972407419,0.7375578972407419
10,7,300,[32],0.001,250,5.987491607666016,6.755019971997364,6.755019971997364,6.755019971997364,9.188145637512207,9.955674001843555,9.955674001843555,9.955674001843555
10,7,300,[64],1e-05,250,0.11716930568218231,0.884697670013531,0.884697670013531,0.884697670013531,0.12914671003818512,0.8966750743695338,0.8966750743695338,0.8966750743695338
10,7,300,[64],0.0001,250,0.8909561634063721,1.6584845277377207,1.6584845277377207,1.6584845277377207,1.5734814405441284,2.341009804875477,2.341009804875477,2.341009804875477
10,7,300,[64],0.001,250,10.647506713867188,11.415035078198535,11.415035078198535,11.415035078198535,18.727102279663086,19.494630643994434,19.494630643994434,19.494630643994434
10,7,300,[128],1e-05,250,-0.45444005727767944,0.3130883070536692,0.3130883070536692,0.3130883070536692,1.103891372680664,1.8714197370120127,1.8714197370120127,1.8714197370120127
10,7,300,[128],0.0001,250,1.2274011373519897,1.9949295016833384,1.9949295016833384,1.9949295016833384,4.2606940269470215,5.02822239127837,5.02822239127837,5.02822239127837
10,7,300,[128],0.001,250,21.873493194580078,22.641021558911426,22.641021558911426,22.641021558911426,42.937828063964844,43.70535642829619,43.70535642829619,43.70535642829619
10,7,300,"[128, 128]",1e-05,250,3.2957725524902344,4.063300916821583,4.063300916821583,4.063300916821583,-0.7324634790420532,0.03506488528929541,0.03506488528929541,0.03506488528929541
10,7,300,"[128, 128]",0.0001,250,16.091533660888672,16.85906202522002,16.85906202522002,16.85906202522002,22.032194137573242,22.79972250190459,22.79972250190459,22.79972250190459
10,7,300,"[128, 128]",0.001,250,679.0242309570312,679.7917593213626,679.7917593213626,679.7917593213626,1105.750244140625,1106.5177725049564,1106.5177725049564,1106.5177725049564
10,7,300,[256],1e-05,250,-3.8375728130340576,-3.070044448702709,-3.070044448702709,-3.070044448702709,4.774046897888184,5.541575262219532,5.541575262219532,5.541575262219532
10,7,300,[256],0.0001,250,1.1821496486663818,1.9496780129977305,1.9496780129977305,1.9496780129977305,10.909883499145508,11.677411863476856,11.677411863476856,11.677411863476856
10,7,300,[256],0.001,250,43.232810974121094,44.00033933845244,44.00033933845244,44.00033933845244,88.88996124267578,89.65748960700714,89.65748960700714,89.65748960700714
10,7,300,"[256, 256]",1e-05,250,5.0822038650512695,5.849732229382618,5.849732229382618,5.849732229382618,2.191409111022949,2.958937475354298,2.958937475354298,2.958937475354298
10,7,300,"[256, 256]",0.0001,250,34.783851623535156,35.551379987866504,35.551379987866504,35.551379987866504,50.745094299316406,51.512622663647754,51.512622663647754,51.512622663647754
10,7,300,"[256, 256]",0.001,250,2138.298095703125,2139.065624067456,2139.065624067456,2139.065624067456,3313.93505859375,3314.702586958081,3314.702586958081,3314.702586958081
10,7,1000,[32],1e-05,250,0.741470456123352,1.5089988204547007,1.5089988204547007,1.5089988204547007,-0.41389331221580505,0.3536350521155436,0.3536350521155436,0.3536350521155436
10,7,1000,[32],0.0001,250,2.3356001377105713,3.10312850204192,3.10312850204192,3.10312850204192,2.564718008041382,3.3322463723727305,3.3322463723727305,3.3322463723727305
10,7,1000,[32],0.001,250,44.959136962890625,45.72666532722197,45.72666532722197,45.72666532722197,76.49808502197266,77.26561338630401,77.26561338630401,77.26561338630401
10,7,1000,[64],1e-05,250,0.4428262710571289,1.2103546353884775,1.2103546353884775,1.2103546353884775,0.5102388262748718,1.2777671906062205,1.2777671906062205,1.2777671906062205
10,7,1000,[64],0.0001,250,3.624631404876709,4.392159769208058,4.392159769208058,4.392159769208058,6.544428825378418,7.311957189709767,7.311957189709767,7.311957189709767
10,7,1000,[64],0.001,250,83.69808197021484,84.4656103345462,84.4656103345462,84.4656103345462,145.1710205078125,145.93854887214385,145.93854887214385,145.93854887214385
10,7,1000,[128],1e-05,250,0.2913057208061218,1.0588340851374705,1.0588340851374705,1.0588340851374705,2.172999382019043,2.9405277463503916,2.9405277463503916,2.9405277463503916
10,7,1000,[128],0.0001,250,7.2044677734375,7.971996137768849,7.971996137768849,7.971996137768849,15.035375595092773,15.802903959424121,15.802903959424121,15.802903959424121
10,7,1000,[128],0.001,250,185.28370666503906,186.05123502937042,186.05123502937042,186.05123502937042,334.3123779296875,335.0799062940188,335.0799062940188,335.0799062940188
10,7,1000,"[128, 128]",1e-05,250,7.406938552856445,8.174466917187793,8.174466917187793,8.174466917187793,6.557796001434326,7.325324365765675,7.325324365765675,7.325324365765675
10,7,1000,"[128, 128]",0.0001,250,111.99553680419922,112.76306516853057,112.76306516853057,112.76306516853057,171.91534423828125,172.6828726026126,172.6828726026126,172.6828726026126
10,7,1000,"[128, 128]",0.001,250,22918.23046875,22918.997997114333,22918.997997114333,22918.997997114333,38700.76953125,38701.53705961433,38701.53705961433,38701.53705961433
10,7,1000,[256],1e-05,250,-1.4653247594833374,-0.6977963951519888,-0.6977963951519888,-0.6977963951519888,6.774292469024658,7.541820833356007,7.541820833356007,7.541820833356007
10,7,1000,[256],0.0001,250,12.690914154052734,13.458442518384082,13.458442518384082,13.458442518384082,32.681556701660156,33.449085065991504,33.449085065991504,33.449085065991504
10,7,1000,[256],0.001,250,373.4365539550781,374.20408231940945,374.20408231940945,374.20408231940945,661.68212890625,662.4496572705814,662.4496572705814,662.4496572705814
10,7,1000,"[256, 256]",1e-05,250,13.944816589355469,14.712344953686816,14.712344953686816,14.712344953686816,18.114606857299805,18.882135221631152,18.882135221631152,18.882135221631152
10,7,1000,"[256, 256]",0.0001,250,321.4437561035156,322.21128446784695,322.21128446784695,322.21128446784695,482.0323486328125,482.7998769971438,482.7998769971438,482.7998769971438
10,7,1000,"[256, 256]",0.001,250,76325.6015625,76326.36909086433,76326.36909086433,76326.36909086433,117315.171875,117315.93940336433,117315.93940336433,117315.93940336433
10,7,2000,[32],1e-05,250,0.8843720555305481,1.6519004198618967,1.6519004198618967,1.6519004198618967,-0.16011258959770203,0.6074157747336466,0.6074157747336466,0.6074157747336466
10,7,2000,[32],0.0001,250,4.659120082855225,5.426648447186573,5.426648447186573,5.426648447186573,6.684203147888184,7.451731512219532,7.451731512219532,7.451731512219532
10,7,2000,[32],0.001,250,143.12376403808594,143.8912924024173,143.8912924024173,143.8912924024173,246.53851318359375,247.3060415479251,247.3060415479251,247.3060415479251
10,7,2000,[64],1e-05,250,0.7578164935112,1.5253448578425486,1.5253448578425486,1.5253448578425486,1.1870195865631104,1.954547950894459,1.954547950894459,1.954547950894459
10,7,2000,[64],0.0001,250,8.070850372314453,8.8383787366458,8.8383787366458,8.8383787366458,14.155340194702148,14.922868559033496,14.922868559033496,14.922868559033496
10,7,2000,[64],0.001,250,270.4595031738281,271.22703153815945,271.22703153815945,271.22703153815945,469.9039306640625,470.6714590283938,470.6714590283938,470.6714590283938
10,7,2000,[128],1e-05,250,0.9266921877861023,1.694220552117451,1.694220552117451,1.694220552117451,3.544626235961914,4.312154600293263,4.312154600293263,4.312154600293263
10,7,2000,[128],0.0001,250,16.606525421142578,17.374053785473926,17.374053785473926,17.374053785473926,32.27471923828125,33.0422476026126,33.0422476026126,33.0422476026126
10,7,2000,[128],0.001,250,609.3945922851562,610.1621206494876,610.1621206494876,610.1621206494876,1084.4716796875,1085.2392080518314,1085.2392080518314,1085.2392080518314
10,7,2000,"[128, 128]",1e-05,250,13.021015167236328,13.788543531567676,13.788543531567676,13.788543531567676,16.430723190307617,17.198251554638965,17.198251554638965,17.198251554638965
10,7,2000,"[128, 128]",0.0001,250,403.9831237792969,404.7506521436282,404.7506521436282,404.7506521436282,647.953857421875,648.7213857862064,648.7213857862064,648.7213857862064
10,7,2000,"[128, 128]",0.001,250,136394.65625,136395.42377836432,136395.42377836432,136395.42377836432,241390.359375,241391.12690336432,241391.12690336432,241391.12690336432
10,7,2000,[256],1e-05,250,0.6630607843399048,1.4305891486712534,1.4305891486712534,1.4305891486712534,9.488012313842773,10.255540678174121,10.255540678174121,10.255540678174121
10,7,2000,[256],0.0001,250,31.6524658203125,32.41999418464385,32.41999418464385,32.41999418464385,67.56397247314453,68.33150083747589,68.33150083747589,68.33150083747589
10,7,2000,[256],0.001,250,1213.088623046875,1213.8561514112064,1213.8561514112064,1213.8561514112064,2119.76123046875,2120.528758833081,2120.528758833081,2120.528758833081
10,7,2000,"[256, 256]",1e-05,250,26.9892578125,27.756786176831348,27.756786176831348,27.756786176831348,38.150917053222656,38.918445417554004,38.918445417554004,38.918445417554004
10,7,2000,"[256, 256]",0.0001,250,1244.67041015625,1245.4379385205814,1245.4379385205814,1245.4379385205814,1911.85400390625,1912.6215322705814,1912.6215322705814,1912.6215322705814
10,7,2000,"[256, 256]",0.001,250,461835.40625,461836.1737783643,461836.1737783643,461836.1737783643,723076.0,723076.7675283643,723076.7675283643,723076.7675283643
10,10,300,[32],1e-05,250,0.5817766785621643,1.0934622547830632,1.0934622547830632,1.0934622547830632,-0.58677738904953,-0.07509181282863098,-0.07509181282863098,-0.07509181282863098
10,10,300,[32],0.0001,250,0.9224624037742615,1.4341479799951604,1.4341479799951604,1.4341479799951604,-0.025923151522874832,0.4857624246980242,0.4857624246980242,0.4857624246980242
10,10,300,[32],0.001,250,5.996176719665527,6.507862295886427,6.507862295886427,6.507862295886427,9.243590354919434,9.755275931140332,9.755275931140332,9.755275931140332
10,10,300,[64],1e-05,250,0.11676271259784698,0.628448288818746,0.628448288818746,0.628448288818746,0.1301310658454895,0.6418166420663886,0.6418166420663886,0.6418166420663886
10,10,300,[64],0.0001,250,0.8633092045783997,1.3749947807992986,1.3749947807992986,1.3749947807992986,1.6441528797149658,2.1558384559358648,2.1558384559358648,2.1558384559358648
10,10,300,[64],0.001,250,10.66502857208252,11.176714148303418,11.176714148303418,11.176714148303418,18.569429397583008,19.081114973803906,19.081114973803906,19.081114973803906
10,10,300,[128],1e-05,250,-0.47313863039016724,0.038546945830731816,0.038546945830731816,0.038546945830731816,1.2029356956481934,1.7146212718690923,1.7146212718690923,1.7146212718690923
10,10,300,[128],0.0001,250,1.2416589260101318,1.7533445022310308,1.7533445022310308,1.7533445022310308,4.290337085723877,4.802022661944776,4.802022661944776,4.802022661944776
10,10,300,[128],0.001,250,21.896427154541016,22.408112730761914,22.408112730761914,22.408112730761914,42.911434173583984,43.42311974980488,43.42311974980488,43.42311974980488
10,10,300,"[128, 128]",1e-05,250,3.3714942932128906,3.8831798694337896,3.8831798694337896,3.8831798694337896,-0.7081570029258728,-0.19647142670497375,-0.19647142670497375,-0.19647142670497375
10,10,300,"[128, 128]",0.0001,250,16.207164764404297,16.718850340625195,16.718850340625195,16.718850340625195,22.071985244750977,22.583670820971875,22.583670820971875,22.583670820971875
10,10,300,"[128, 128]",0.001,250,679.24658203125,679.7582676074709,679.7582676074709,679.7582676074709,1105.9754638671875,1106.4871494434085,1106.4871494434085,1106.4871494434085
10,10,300,[256],1e-05,250,-3.800722599029541,-3.289037022808642,-3.289037022808642,-3.289037022808642,4.8249382972717285,5.336623873492628,5.336623873492628,5.336623873492628
10,10,300,[256],0.0001,250,1.218146800994873,1.729832377215772,1.729832377215772,1.729832377215772,10.96509838104248,11.476783957263379,11.476783957263379,11.476783957263379
10,10,300,[256],0.001,250,43.371826171875,43.8835117480959,43.8835117480959,43.8835117480959,88.9473648071289,89.4590503833498,89.4590503833498,89.4590503833498
10,10,300,"[256, 256]",1e-05,250,5.170571327209473,5.682256903430372,5.682256903430372,5.682256903430372,2.2859654426574707,2.7976510188783696,2.7976510188783696,2.7976510188783696
10,10,300,"[256, 256]",0.0001,250,34.905845642089844,35.41753121831074,35.41753121831074,35.41753121831074,50.76949691772461,51.28118249394551,51.28118249394551,51.28118249394551
10,10,300,"[256, 256]",0.001,250,2138.4375,2138.9491855762208,2138.9491855762208,2138.9491855762208,3306.679931640625,3307.1916172168458,3307.1916172168458,3307.1916172168458
10,10,1000,[32],1e-05,250,0.6909984946250916,1.2026840708459905,1.2026840708459905,1.2026840708459905,-0.40980762243270874,0.10187795378819031,0.10187795378819031,0.10187795378819031
10,10,1000,[32],0.0001,250,2.3677873611450195,2.8794729373659185,2.8794729373659185,2.8794729373659185,2.657026767730713,3.168712343951612,3.168712343951612,3.168712343951612
10,10,1000,[32],0.001,250,44.82159423828125,45.33327981450215,45.33327981450215,45.33327981450215,76.45316314697266,76.96484872319355,76.96484872319355,76.96484872319355
10,10,1000,[64],1e-05,250,0.42116880416870117,0.9328543803896002,0.9328543803896002,0.9328543803896002,0.5691365003585815,1.0808220765794805,1.0808220765794805,1.0808220765794805
10,10,1000,[64],0.0001,250,3.6940317153930664,4.205717291613966,4.205717291613966,4.205717291613966,6.520870208740234,7.032555784961134,7.032555784961134,7.032555784961134
10,10,1000,[64],0.001,250,83.5383529663086,84.05003854252949,84.05003854252949,84.05003854252949,144.7325897216797,145.2442752979006,145.2442752979006,145.2442752979006
10,10,1000,[128],1e-05,250,0.2763698101043701,0.7880553863252692,0.7880553863252692,0.7880553863252692,2.2221128940582275,2.7337984702791265,2.7337984702791265,2.7337984702791265
10,10,1000,[128],0.0001,250,7.247368812561035,7.7590543887819345,7.7590543887819345,7.7590543887819345,15.043761253356934,15.555446829577832,15.555446829577832,15.555446829577832
10,10,1000,[128],0.001,250,185.11195373535156,185.62363931157248,185.62363931157248,185.62363931157248,334.2016296386719,334.71331521489276,334.71331521489276,334.71331521489276
10,10,1000,"[128, 128]",1e-05,250,7.503342628479004,8.015028204699902,8.015028204699902,8.015028204699902,6.640634536743164,7.1523201129640634,7.1523201129640634,7.1523201129640634
10,10,1000,"[128, 128]",0.0001,250,112.11931610107422,112.63100167729512,112.63100167729512,112.63100167729512,171.8463592529297,172.3580448291506,172.3580448291506,172.3580448291506
10,10,1000,"[128, 128]",0.001,250,22918.494140625,22919.00582620122,22919.00582620122,22919.00582620122,38675.22265625,38675.734341826224,38675.734341826224,38675.734341826224
10,10,1000,[256],1e-05,250,-1.5405656099319458,-1.0288800337110469,-1.0288800337110469,-1.0288800337110469,6.82702112197876,7.338706698199659,7.338706698199659,7.338706698199659
10,10,1000,[256],0.0001,250,12.844256401062012,13.35594197728291,13.35594197728291,13.35594197728291,32.741703033447266,33.253388609668164,33.253388609668164,33.253388609668164
10,10,1000,[256],0.001,250,373.5971374511719,374.10882302739276,374.10882302739276,374.10882302739276,661.7506103515625,662.2622959277834,662.2622959277834,662.2622959277834
10,10,1000,"[256, 256]",1e-05,250,14.053702354431152,14.56538793065205,14.56538793065205,14.56538793065205,18.1951847076416,18.7068702838625,18.7068702838625,18.7068702838625
10,10,1000,"[256, 256]",0.0001,250,319.9181213378906,320.4298069141115,320.4298069141115,320.4298069141115,481.9757995605469,482.48748513676776,482.48748513676776,482.48748513676776
10,10,1000,"[256, 256]",0.001,250,77298.2734375,77298.78512307622,77298.78512307622,77298.78512307622,117274.53125,117275.04293557622,117275.04293557622,117275.04293557622
10,10,2000,[32],1e-05,250,0.8448115587234497,1.3564971349443486,1.3564971349443486,1.3564971349443486,-0.1603320837020874,0.35135349251881165,0.35135349251881165,0.35135349251881165
10,10,2000,[32],0.0001,250,4.692468643188477,5.204154219409376,5.204154219409376,5.204154219409376,6.743160247802734,7.254845824023634,7.254845824023634,7.254845824023634
10,10,2000,[32],0.001,250,142.90150451660156,143.41319009282248,143.41319009282248,143.41319009282248,246.4354705810547,246.9471561572756,246.9471561572756,246.9471561572756
10,10,2000,[64],1e-05,250,0.7117322683334351,1.223417844554334,1.223417844554334,1.223417844554334,1.2890582084655762,1.8007437846864751,1.8007437846864751,1.8007437846864751
10,10,2000,[64],0.0001,250,8.140397071838379,8.652082648059277,8.652082648059277,8.652082648059277,14.096590995788574,14.608276572009473,14.608276572009473,14.608276572009473
10,10,2000,[64],0.001,250,270.1896057128906,270.7012912891115,270.7012912891115,270.7012912891115,469.3182067871094,469.82989236333026,469.82989236333026,469.82989236333026
10,10,2000,[128],1e-05,250,0.8904137015342712,1.4020992777551702,1.4020992777551702,1.4020992777551702,3.579697608947754,4.091383185168653,4.091383185168653,4.091383185168653
10,10,2000,[128],0.0001,250,16.627613067626953,17.13929864384785,17.13929864384785,17.13929864384785,32.27045822143555,32.782143797656445,32.782143797656445,32.782143797656445
10,10,2000,[128],0.001,250,609.1165771484375,609.6282627246584,609.6282627246584,609.6282627246584,1084.3233642578125,1084.8350498340335,1084.8350498340335,1084.8350498340335
10,10,2000,"[128, 128]",1e-05,250,13.128279685974121,13.63996526219502,13.63996526219502,13.63996526219502,16.49912452697754,17.010810103198438,17.010810103198438,17.010810103198438
10,10,2000,"[128, 128]",0.0001,250,404.1134338378906,404.6251194141115,404.6251194141115,404.6251194141115,647.9664306640625,648.4781162402834,648.4781162402834,648.4781162402834
10,10,2000,"[128, 128]",0.001,250,136384.671875,136385.18356057623,136385.18356057623,136385.18356057623,241321.1875,241321.69918557623,241321.69918557623,241321.69918557623
10,10,2000,[256],1e-05,250,0.619114100933075,1.130799677153974,1.130799677153974,1.130799677153974,9.541953086853027,10.053638663073926,10.053638663073926,10.053638663073926
10,10,2000,[256],0.0001,250,31.805206298828125,32.31689187504902,32.31689187504902,32.31689187504902,67.62836456298828,68.14005013920918,68.14005013920918,68.14005013920918
10,10,2000,[256],0.001,250,1213.2572021484375,1213.7688877246585,1213.7688877246585,1213.7688877246585,2119.837646484375,2120.3493320605958,2120.3493320605958,2120.3493320605958
10,10,2000,"[256, 256]",1e-05,250,27.10057830810547,27.612263884326367,27.612263884326367,27.612263884326367,38.22922897338867,38.74091454960957,38.74091454960957,38.74091454960957
10,10,2000,"[256, 256]",0.0001,250,1226.4512939453125,1226.9629795215335,1226.9629795215335,1226.9629795215335,1911.7410888671875,1912.2527744434085,1912.2527744434085,1912.2527744434085
10,10,2000,"[256, 256]",0.001,250,462320.9375,462321.44918557623,462321.44918557623,462321.44918557623,723148.6875,723149.1991855762,723149.1991855762,723149.1991855762
10,20,300,[32],1e-05,250,0.5300735235214233,0.7724509017313229,0.7724509017313229,0.7724509017313229,-0.5367462635040283,-0.29436888529412875,-0.29436888529412875,-0.29436888529412875
10,20,300,[32],0.0001,250,0.9231646060943604,1.16554198430426,1.16554198430426,1.16554198430426,-0.038002777844667435,0.20437460036523214,0.20437460036523214,0.20437460036523214
10,20,300,[32],0.001,250,6.046842098236084,6.289219476445983,6.289219476445983,6.289219476445983,9.247475624084473,9.489853002294373,9.489853002294373,9.489853002294373
10,20,300,[64],1e-05,250,0.11464515328407288,0.35702253149397245,0.35702253149397245,0.35702253149397245,0.13569127023220062,0.3780686484421002,0.3780686484421002,0.3780686484421002
10,20,300,[64],0.0001,250,0.8687689304351807,1.1111463086450803,1.1111463086450803,1.1111463086450803,1.6282269954681396,1.8706043736780393,1.8706043736780393,1.8706043736780393
10,20,300,[64],0.001,250,10.709815979003906,10.952193357213806,10.952193357213806,10.952193357213806,18.44721794128418,18.689595319494078,18.689595319494078,18.689595319494078
10,20,300,[128],1e-05,250,-0.5531408786773682,-0.3107635004674686,-0.3107635004674686,-0.3107635004674686,1.2495769262313843,1.491954304441284,1.491954304441284,1.491954304441284
10,20,300,[128],0.0001,250,1.2847918272018433,1.527169205411743,1.527169205411743,1.527169205411743,4.330140590667725,4.572517968877624,4.572517968877624,4.572517968877624
10,20,300,[128],0.001,250,22.185077667236328,22.427455045446226,22.427455045446226,22.427455045446226,42.87868118286133,43.12105856107123,43.12105856107123,43.12105856107123
10,20,300,"[128, 128]",1e-05,250,3.439505100250244,3.681882478460144,3.681882478460144,3.681882478460144,-0.6480132341384888,-0.4056358559285892,-0.4056358559285892,-0.4056358559285892
10,20,300,"[128, 128]",0.0001,250,16.30449676513672,16.546874143346617,16.546874143346617,16.546874143346617,22.094762802124023,22.337140180333922,22.337140180333922,22.337140180333922
10,20,300,"[128, 128]",0.001,250,679.4177856445312,679.6601630227411,679.6601630227411,679.6601630227411,1105.3875732421875,1105.6299506203975,1105.6299506203975,1105.6299506203975
10,20,300,[256],1e-05,250,-3.784065008163452,-3.5416876299535525,-3.5416876299535525,-3.5416876299535525,4.843808650970459,5.086186029180358,5.086186029180358,5.086186029180358
10,20,300,[256],0.0001,250,1.283366322517395,1.5257437007272947,1.5257437007272947,1.5257437007272947,10.987153053283691,11.229530431493592,11.229530431493592,11.229530431493592
10,20,300,[256],0.001,250,43.55093002319336,43.79330740140326,43.79330740140326,43.79330740140326,88.98265838623047,89.22503576444036,89.22503576444036,89.22503576444036
10,20,300,"[256, 256]",1e-05,250,5.250662326812744,5.493039705022643,5.493039705022643,5.493039705022643,2.301095724105835,2.5434731023157346,2.5434731023157346,2.5434731023157346
10,20,300,"[256, 256]",0.0001,250,35.00825119018555,35.25062856839545,35.25062856839545,35.25062856839545,50.71913528442383,50.96151266263373,50.96151266263373,50.96151266263373
10,20,300,"[256, 256]",0.001,250,2120.444091796875,2120.6864691750848,2120.6864691750848,2120.6864691750848,3307.094482421875,3307.3368598000848,3307.3368598000848,3307.3368598000848
10,20,1000,[32],1e-05,250,0.65912926197052,0.9015066401804196,0.9015066401804196,0.9015066401804196,-0.3867615759372711,-0.14438419772737154,-0.14438419772737154,-0.14438419772737154
10,20,1000,[32],0.0001,250,2.405661106109619,2.648038484319519,2.648038484319519,2.648038484319519,2.682452440261841,2.9248298184717405,2.9248298184717405,2.9248298184717405
10,20,1000,[32],0.001,250,44.82680130004883,45.06917867825873,45.06917867825873,45.06917867825873,76.40227508544922,76.64465246365911,76.64465246365911,76.64465246365911
10,20,1000,[64],1e-05,250,0.36336812376976013,0.6057455019796597,0.6057455019796597,0.6057455019796597,0.667741060256958,0.9101184384668576,0.9101184384668576,0.9101184384668576
10,20,1000,[64],0.0001,250,3.7505602836608887,3.9929376618707884,3.9929376618707884,3.9929376618707884,6.455766201019287,6.698143579229186,6.698143579229186,6.698143579229186
10,20,1000,[64],0.001,250,83.5128402709961,83.75521764920599,83.75521764920599,83.75521764920599,144.45286560058594,144.69524297879585,144.69524297879585,144.69524297879585
10,20,1000,[128],1e-05,250,0.25540292263031006,0.49778030084020963,0.49778030084020963,0.49778030084020963,2.255605697631836,2.4979830758417356,2.4979830758417356,2.4979830758417356
10,20,1000,[128],0.0001,250,7.316117763519287,7.558495141729186,7.558495141729186,7.558495141729186,15.100937843322754,15.343315221532654,15.343315221532654,15.343315221532654
10,20,1000,[128],0.001,250,185.70237731933594,185.94475469754585,185.94475469754585,185.94475469754585,334.11785888671875,334.36023626492863,334.36023626492863,334.36023626492863
10,20,1000,"[128, 128]",1e-05,250,7.590331554412842,7.832708932622741,7.832708932622741,7.832708932622741,6.676879405975342,6.919256784185241,6.919256784185241,6.919256784185241
10,20,1000,"[128, 128]",0.0001,250,112.22779083251953,112.47016821072943,112.47016821072943,112.47016821072943,171.8400115966797,172.0823889748896,172.0823889748896,172.0823889748896
10,20,1000,"[128, 128]",0.001,250,22918.705078125,22918.94745550321,22918.94745550321,22918.94745550321,38135.265625,38135.50800237821,38135.50800237821,38135.50800237821
10,20,1000,[256],1e-05,250,-1.5648635625839233,-1.3224861843740237,-1.3224861843740237,-1.3224861843740237,6.847226619720459,7.089603997930358,7.089603997930358,7.089603997930358
10,20,1000,[256],0.0001,250,12.980182647705078,13.222560025914978,13.222560025914978,13.222560025914978,32.768978118896484,33.011355497106386,33.011355497106386,33.011355497106386
10,20,1000,[256],0.001,250,373.89825439453125,374.14063177274113,374.14063177274113,374.14063177274113,661.8043823242188,662.0467597024286,662.0467597024286,662.0467597024286
10,20,1000,"[256, 256]",1e-05,250,14.146259307861328,14.388636686071228,14.388636686071228,14.388636686071228,18.226232528686523,18.468609906896422,18.468609906896422,18.468609906896422
10,20,1000,"[256, 256]",0.0001,250,321.8634033203125,322.1057806985224,322.1057806985224,322.1057806985224,481.79168701171875,482.03406438992863,482.03406438992863,482.03406438992863
10,20,1000,"[256, 256]",0.001,250,76195.5234375,76195.7658148782,76195.7658148782,76195.7658148782,116230.5625,116230.8048773782,116230.8048773782,116230.8048773782
10,20,2000,[32],1e-05,250,0.8375046849250793,1.079882063134979,1.079882063134979,1.079882063134979,-0.17056554555892944,0.07181183265097013,0.07181183265097013,0.07181183265097013
10,20,2000,[32],0.0001,250,4.7393412590026855,4.981718637212585,4.981718637212585,4.981718637212585,6.7566447257995605,6.99902210400946,6.99902210400946,6.99902210400946
10,20,2000,[32],0.001,250,142.88111877441406,143.12349615262397,143.12349615262397,143.12349615262397,246.35777282714844,246.60015020535835,246.60015020535835,246.60015020535835
10,20,2000,[64],1e-05,250,0.689831018447876,0.9322083966577756,0.9322083966577756,0.9322083966577756,1.3026249408721924,1.545002319082092,1.545002319082092,1.545002319082092
10,20,2000,[64],0.0001,250,8.201522827148438,8.443900205358338,8.443900205358338,8.443900205358338,14.006752967834473,14.249130346044373,14.249130346044373,14.249130346044373
10,20,2000,[64],0.001,250,270.122314453125,270.3646918313349,270.3646918313349,270.3646918313349,468.96002197265625,469.20239935086613,469.20239935086613,469.20239935086613
10,20,2000,[128],1e-05,250,0.9087635278701782,1.151140906080078,1.151140906080078,1.151140906080078,3.6174566745758057,3.8598340527857053,3.8598340527857053,3.8598340527857053
10,20,2000,[128],0.0001,250,16.69257354736328,16.93495092557318,16.93495092557318,16.93495092557318,32.34170150756836,32.58407888577826,32.58407888577826,32.58407888577826
10,20,2000,[128],0.001,250,609.8604125976562,610.1027899758661,610.1027899758661,610.1027899758661,1084.2176513671875,1084.4600287453975,1084.4600287453975,1084.4600287453975
10,20,2000,"[128, 128]",1e-05,250,13.220584869384766,13.462962247594666,13.462962247594666,13.462962247594666,16.532350540161133,16.77472791837103,16.77472791837103,16.77472791837103
10,20,2000,"[128, 128]",0.0001,250,404.23260498046875,404.47498235867863,404.47498235867863,404.47498235867863,647.7914428710938,648.0338202493036,648.0338202493036,648.0338202493036
10,20,2000,"[128, 128]",0.001,250,136359.34375,136359.58612737822,136359.58612737822,136359.58612737822,236395.40625,236395.64862737822,236395.64862737822,236395.64862737822
10,20,2000,[256],1e-05,250,0.5861258506774902,0.8285032288873898,0.8285032288873898,0.8285032288873898,9.563248634338379,9.805626012548279,9.805626012548279,9.805626012548279
10,20,2000,[256],0.0001,250,31.94577407836914,32.18815145657904,32.18815145657904,32.18815145657904,67.65863800048828,67.90101537869818,67.90101537869818,67.90101537869818
10,20,2000,[256],0.001,250,1213.6171875,1213.85956487821,1213.85956487821,1213.85956487821,2119.900146484375,2120.1425238625848,2120.1425238625848,2120.1425238625848
10,20,2000,"[256, 256]",1e-05,250,27.19406509399414,27.43644247220404,27.43644247220404,27.43644247220404,38.265628814697266,38.50800619290717,38.50800619290717,38.50800619290717
10,20,2000,"[256, 256]",0.0001,250,1245.2490234375,1245.49140081571,1245.49140081571,1245.49140081571,1911.4385986328125,1911.6809760110225,1911.6809760110225,1911.6809760110225
10,20,2000,"[256, 256]",0.001,250,459910.90625,459911.1486273782,459911.1486273782,459911.1486273782,702813.625,702813.8673773782,702813.8673773782,702813.8673773782
10,50,300,[32],1e-05,250,0.5295977592468262,0.6235808242669914,0.6235808242669914,0.6235808242669914,-0.5232064723968506,-0.42922340737668546,-0.42922340737668546,-0.42922340737668546
10,50,300,[32],0.0001,250,0.9408115744590759,1.034794639479241,1.034794639479241,1.034794639479241,-0.040118586272001266,0.05386447874816387,0.05386447874816387,0.05386447874816387
10,50,300,[32],0.001,250,6.098704814910889,6.192687879931054,6.192687879931054,6.192687879931054,9.231901168823242,9.325884233843407,9.325884233843407,9.325884233843407
10,50,300,[64],1e-05,250,0.10119424760341644,0.19517731262358157,0.19517731262358157,0.19517731262358157,0.17256560921669006,0.2665486742368552,0.2665486742368552,0.2665486742368552
10,50,300,[64],0.0001,250,0.8796979784965515,0.9736810435167167,0.9736810435167167,0.9736810435167167,1.5900217294692993,1.6840047944894645,1.6840047944894645,1.6840047944894645
10,50,300,[64],0.001,250,10.722712516784668,10.816695581804833,10.816695581804833,10.816695581804833,18.54477882385254,18.638761888872704,18.638761888872704,18.638761888872704
10,50,300,[128],1e-05,250,-0.5883442163467407,-0.4943611513265756,-0.4943611513265756,-0.4943611513265756,1.2455400228500366,1.3395230878702018,1.3395230878702018,1.3395230878702018
10,50,300,[128],0.0001,250,1.30980384349823,1.4037869085183952,1.4037869085183952,1.4037869085183952,4.331788063049316,4.425771128069481,4.425771128069481,4.425771128069481
10,50,300,[128],0.001,250,22.193410873413086,22.28739393843325,22.28739393843325,22.28739393843325,42.891727447509766,42.985710512529934,42.985710512529934,42.985710512529934
10,50,300,"[128, 128]",1e-05,250,3.4724249839782715,3.5664080489984364,3.5664080489984364,3.5664080489984364,-0.6406471729278564,-0.5466641079076913,-0.5466641079076913,-0.5466641079076913
10,50,300,"[128, 128]",0.0001,250,16.341402053833008,16.435385118853173,16.435385118853173,16.435385118853173,22.16252326965332,22.256506334673485,22.256506334673485,22.256506334673485
10,50,300,"[128, 128]",0.001,250,679.4495239257812,679.5435069908015,679.5435069908015,679.5435069908015,1105.164794921875,1105.2587779868952,1105.2587779868952,1105.2587779868952
10,50,300,[256],1e-05,250,-3.7909297943115234,-3.6969467292913585,-3.6969467292913585,-3.6969467292913585,4.836933135986328,4.930916201006493,4.930916201006493,4.930916201006493
10,50,300,[256],0.0001,250,1.3217471837997437,1.4157302488199088,1.4157302488199088,1.4157302488199088,10.980859756469727,11.074842821489892,11.074842821489892,11.074842821489892
10,50,300,[256],0.001,250,43.583091735839844,43.67707480086001,43.67707480086001,43.67707480086001,88.97967529296875,89.07365835798892,89.07365835798892,89.07365835798892
10,50,300,"[256, 256]",1e-05,250,5.285945415496826,5.379928480516991,5.379928480516991,5.379928480516991,2.2871198654174805,2.3811029304376454,2.3811029304376454,2.3811029304376454
10,50,300,"[256, 256]",0.0001,250,35.04480743408203,35.1387904991022,35.1387904991022,35.1387904991022,50.810489654541016,50.904472719561184,50.904472719561184,50.904472719561184
10,50,300,"[256, 256]",0.001,250,2138.22705078125,2138.32103384627,2138.32103384627,2138.32103384627,3306.65478515625,3306.74876822127,3306.74876822127,3306.74876822127
10,50,1000,[32],1e-05,250,0.6671104431152344,0.7610935081353996,0.7610935081353996,0.7610935081353996,-0.3621465563774109,-0.26816349135724576,-0.26816349135724576,-0.26816349135724576
10,50,1000,[32],0.0001,250,2.4397735595703125,2.5337566245904775,2.5337566245904775,2.5337566245904775,2.6773252487182617,2.7713083137384267,2.7713083137384267,2.7713083137384267
10,50,1000,[32],0.001,250,44.90190124511719,44.995884310137356,44.995884310137356,44.995884310137356,76.3814697265625,76.47545279158267,76.47545279158267,76.47545279158267
10,50,1000,[64],1e-05,250,0.3454097509384155,0.43939281595858065,0.43939281595858065,0.43939281595858065,0.6513225436210632,0.7453056086412284,0.7453056086412284,0.7453056086412284
10,50,1000,[64],0.0001,250,3.768798351287842,3.8627814163080068,3.8627814163080068,3.8627814163080068,6.405029296875,6.499012361895165,6.499012361895165,6.499012361895165
10,50,1000,[64],0.001,250,83.5,83.59398306502017,83.59398306502017,83.59398306502017,144.68215942382812,144.77614248884828,144.77614248884828,144.77614248884828
10,50,1000,[128],1e-05,250,0.22312253713607788,0.317105602156243,0.317105602156243,0.317105602156243,2.2545228004455566,2.3485058654657216,2.3485058654657216,2.3485058654657216
10,50,1000,[128],0.0001,250,7.364924907684326,7.458907972704491,7.458907972704491,7.458907972704491,15.111471176147461,15.205454241167626,15.205454241167626,15.205454241167626
10,50,1000,[128],0.001,250,185.6733856201172,185.76736868513734,185.76736868513734,185.76736868513734,334.1543884277344,334.24837149275453,334.24837149275453,334.24837149275453
10,50,1000,"[128, 128]",1e-05,250,7.626082897186279,7.720065962206444,7.720065962206444,7.720065962206444,6.672130584716797,6.766113649736962,6.766113649736962,6.766113649736962
10,50,1000,"[128, 128]",0.0001,250,112.26704406738281,112.36102713240298,112.36102713240298,112.36102713240298,172.10250854492188,172.19649160994203,172.19649160994203,172.19649160994203
10,50,1000,"[128, 128]",0.001,250,22918.744140625,22918.83812369002,22918.83812369002,22918.83812369002,38680.46484375,38680.55882681502,38680.55882681502,38680.55882681502
10,50,1000,[256],1e-05,250,-1.5733379125595093,-1.479354847539344,-1.479354847539344,-1.479354847539344,6.840742111206055,6.93472517622622,6.93472517622622,6.93472517622622
10,50,1000,[256],0.0001,250,13.016304969787598,13.110288034807763,13.110288034807763,13.110288034807763,32.764591217041016,32.858574282061184,32.858574282061184,32.858574282061184
10,50,1000,[256],0.001,250,373.9078063964844,374.00178946150453,374.00178946150453,374.00178946150453,661.80615234375,661.9001354087702,661.9001354087702,661.9001354087702
10,50,1000,"[256, 256]",1e-05,250,14.182343482971191,14.276326547991356,14.276326547991356,14.276326547991356,18.230165481567383,18.324148546587548,18.324148546587548,18.324148546587548
10,50,1000,"[256, 256]",0.0001,250,321.7737731933594,321.86775625837953,321.86775625837953,321.86775625837953,481.9965515136719,482.09053457869203,482.09053457869203,482.09053457869203
10,50,1000,"[256, 256]",0.001,250,76329.3125,76329.40648306502,76329.40648306502,76329.40648306502,118923.765625,118923.85960806502,118923.85960806502,118923.85960806502
10,50,2000,[32],1e-05,250,0.8522068858146667,0.9461899508348319,0.9461899508348319,0.9461899508348319,-0.157914400100708,-0.06393133508054287,-0.06393133508054287,-0.06393133508054287
10,50,2000,[32],0.0001,250,4.780253887176514,4.874236952196679,4.874236952196679,4.874236952196679,6.75799560546875,6.851978670488915,6.851978670488915,6.851978670488915
10,50,2000,[32],0.001,250,142.9674835205078,143.06146658552797,143.06146658552797,143.06146658552797,246.33724975585938,246.43123282087953,246.43123282087953,246.43123282087953
10,50,2000,[64],1e-05,250,0.7003895044326782,0.7943725694528434,0.7943725694528434,0.7943725694528434,1.2708930969238281,1.3648761619439933,1.3648761619439933,1.3648761619439933
10,50,2000,[64],0.0001,250,8.216002464294434,8.309985529314599,8.309985529314599,8.309985529314599,13.945940017700195,14.03992308272036,14.03992308272036,14.03992308272036
10,50,2000,[64],0.001,250,270.0951843261719,270.18916739119203,270.18916739119203,270.18916739119203,469.2601013183594,469.35408438337953,469.35408438337953,469.35408438337953
10,50,2000,[128],1e-05,250,0.9356839060783386,1.0296669710985038,1.0296669710985038,1.0296669710985038,3.6185808181762695,3.7125638831964345,3.7125638831964345,3.7125638831964345
10,50,2000,[128],0.0001,250,16.745981216430664,16.83996428145083,16.83996428145083,16.83996428145083,32.35917282104492,32.45315588606509,32.45315588606509,32.45315588606509
10,50,2000,[128],0.001,250,609.8130493164062,609.9070323814265,609.9070323814265,609.9070323814265,1084.26611328125,1084.3600963462702,1084.3600963462702,1084.3600963462702
10,50,2000,"[128, 128]",1e-05,250,13.255921363830566,13.349904428850731,13.349904428850731,13.349904428850731,16.521249771118164,16.61523283613833,16.61523283613833,16.61523283613833
10,50,2000,"[128, 128]",0.0001,250,404.2732849121094,404.36726797712953,404.36726797712953,404.36726797712953,648.375244140625,648.4692272056452,648.4692272056452,648.4692272056452
10,50,2000,"[128, 128]",0.001,250,136942.578125,136942.67210806502,136942.67210806502,136942.67210806502,237648.578125,237648.67210806502,237648.67210806502,237648.67210806502
10,50,2000,[256],1e-05,250,0.594393253326416,0.6883763183465812,0.6883763183465812,0.6883763183465812,9.557172775268555,9.65115584028872,9.65115584028872,9.65115584028872
10,50,2000,[256],0.0001,250,31.981157302856445,32.075140367876614,32.075140367876614,32.075140367876614,67.65571594238281,67.74969900740298,67.74969900740298,67.74969900740298
10,50,2000,[256],0.001,250,1213.6141357421875,1213.7081188072077,1213.7081188072077,1213.7081188072077,2119.90234375,2119.99632681502,2119.99632681502,2119.99632681502
10,50,2000,"[256, 256]",1e-05,250,27.230432510375977,27.32441557539614,27.32441557539614,27.32441557539614,38.2740364074707,38.36801947249087,38.36801947249087,38.36801947249087
10,50,2000,"[256, 256]",0.0001,250,1245.0469970703125,1245.1409801353327,1245.1409801353327,1245.1409801353327,1911.75244140625,1911.8464244712702,1911.8464244712702,1911.8464244712702
10,50,2000,"[256, 256]",0.001,250,456165.5,456165.59398306505,456165.59398306505,456165.59398306505,730074.125,730074.218983065,730074.218983065,730074.218983065
10,100,300,[32],1e-05,250,0.533791720867157,0.5803085914326933,0.5803085914326933,0.5803085914326933,-0.5275164246559143,-0.48099955409037803,-0.48099955409037803,-0.48099955409037803
10,100,300,[32],0.0001,250,0.9481093287467957,0.994626199312332,0.994626199312332,0.994626199312332,-0.03808838501572609,0.00842848554981019,0.00842848554981019,0.00842848554981019
10,100,300,[32],0.001,250,6.11083459854126,6.157351469106796,6.157351469106796,6.157351469106796,9.262917518615723,9.30943438918126,9.30943438918126,9.30943438918126
10,100,300,[64],1e-05,250,0.08678054809570312,0.1332974186612394,0.1332974186612394,0.1332974186612394,0.17615272104740143,0.2226695916129377,0.2226695916129377,0.2226695916129377
10,100,300,[64],0.0001,250,0.8818313479423523,0.9283482185078886,0.9283482185078886,0.9283482185078886,1.5695867538452148,1.6161036244107512,1.6161036244107512,1.6161036244107512
10,100,300,[64],0.001,250,10.702637672424316,10.749154542989853,10.749154542989853,10.749154542989853,18.53508186340332,18.581598733968857,18.581598733968857,18.581598733968857
10,100,300,[128],1e-05,250,-0.5938616394996643,-0.547344768934128,-0.547344768934128,-0.547344768934128,1.240790843963623,1.2873077145291594,1.2873077145291594,1.2873077145291594
10,100,300,[128],0.0001,250,1.3216609954833984,1.3681778660489348,1.3681778660489348,1.3681778660489348,4.327950477600098,4.374467348165634,4.374467348165634,4.374467348165634
10,100,300,[128],0.001,250,22.228958129882812,22.27547500044835,22.27547500044835,22.27547500044835,42.89337158203125,42.93988845259678,42.93988845259678,42.93988845259678
10,100,300,"[128, 128]",1e-05,250,3.481330633163452,3.5278475037289883,3.5278475037289883,3.5278475037289883,-0.6454198956489563,-0.59890302508342,-0.59890302508342,-0.59890302508342
10,100,300,"[128, 128]",0.0001,250,16.350269317626953,16.39678618819249,16.39678618819249,16.39678618819249,22.18755531311035,22.234072183675888,22.234072183675888,22.234072183675888
10,100,300,"[128, 128]",0.001,250,679.4585571289062,679.5050739994717,679.5050739994717,679.5050739994717,1105.05322265625,1105.0997395268155,1105.0997395268155,1105.0997395268155
10,100,300,[256],1e-05,250,-3.795926094055176,-3.7494092234896397,-3.7494092234896397,-3.7494092234896397,4.831913948059082,4.878430818624619,4.878430818624619,4.878430818624619
10,100,300,[256],0.0001,250,1.326932668685913,1.3734495392514494,1.3734495392514494,1.3734495392514494,10.975983619689941,11.022500490255478,11.022500490255478,11.022500490255478
10,100,300,[256],0.001,250,43.61408233642578,43.660599206991314,43.660599206991314,43.660599206991314,88.97520446777344,89.02172133833898,89.02172133833898,89.02172133833898
10,100,300,"[256, 256]",1e-05,250,5.294877529144287,5.341394399709824,5.341394399709824,5.341394399709824,2.2777223587036133,2.3242392292691494,2.3242392292691494,2.3242392292691494
10,100,300,"[256, 256]",0.0001,250,35.053565979003906,35.10008284956944,35.10008284956944,35.10008284956944,50.86146545410156,50.907982324667095,50.907982324667095,50.907982324667095
10,100,300,"[256, 256]",0.001,250,2138.63232421875,2138.6788410893155,2138.6788410893155,2138.6788410893155,3305.666748046875,3305.7132649174405,3305.7132649174405,3305.7132649174405
10,100,1000,[32],1e-05,250,0.6725422739982605,0.7190591445637968,0.7190591445637968,0.7190591445637968,-0.36433297395706177,-0.3178161033915255,-0.3178161033915255,-0.3178161033915255
10,100,1000,[32],0.0001,250,2.4497883319854736,2.4963052025510097,2.4963052025510097,2.4963052025510097,2.6740570068359375,2.7205738774014736,2.7205738774014736,2.7205738774014736
10,100,1000,[32],0.001,250,44.91832733154297,44.9648442021085,44.9648442021085,44.9648442021085,76.46907043457031,76.51558730513585,76.51558730513585,76.51558730513585
10,100,1000,[64],1e-05,250,0.34798508882522583,0.3945019593907621,0.3945019593907621,0.3945019593907621,0.6368799209594727,0.683396791525009,0.683396791525009,0.683396791525009
10,100,1000,[64],0.0001,250,3.768599271774292,3.815116142339828,3.815116142339828,3.815116142339828,6.380484580993652,6.427001451559189,6.427001451559189,6.427001451559189
10,100,1000,[64],0.001,250,83.48868560791016,83.5352024784757,83.5352024784757,83.5352024784757,144.66612243652344,144.71263930708898,144.71263930708898,144.71263930708898
10,100,1000,[128],1e-05,250,0.2249077409505844,0.2714246115161207,0.2714246115161207,0.2714246115161207,2.250239849090576,2.2967567196561123,2.2967567196561123,2.2967567196561123
10,100,1000,[128],0.0001,250,7.381720066070557,7.428236936636093,7.428236936636093,7.428236936636093,15.109097480773926,15.155614351339462,15.155614351339462,15.155614351339462
10,100,1000,[128],0.001,250,185.76353454589844,185.81005141646398,185.81005141646398,185.81005141646398,334.1636962890625,334.21021315962804,334.21021315962804,334.21021315962804
10,100,1000,"[128, 128]",1e-05,250,7.63500452041626,7.681521390981796,7.681521390981796,7.681521390981796,6.666625022888184,6.71314189345372,6.71314189345372,6.71314189345372
10,100,1000,"[128, 128]",0.0001,250,112.27710723876953,112.32362410933507,112.32362410933507,112.32362410933507,172.2017059326172,172.24822280318273,172.24822280318273,172.24822280318273
10,100,1000,"[128, 128]",0.001,250,22918.7578125,22918.804329370567,22918.804329370567,22918.804329370567,38905.3828125,38905.42932937056,38905.42932937056,38905.42932937056
10,100,1000,[256],1e-05,250,-1.5783772468566895,-1.5318603762911531,-1.5318603762911531,-1.5318603762911531,6.83579158782959,6.882308458395126,6.882308458395126,6.882308458395126
10,100,1000,[256],0.0001,250,13.03160572052002,13.078122591085556,13.078122591085556,13.078122591085556,32.760047912597656,32.80656478316319,32.80656478316319,32.80656478316319
10,100,1000,[256],0.001,250,373.9765319824219,374.0230488529874,374.0230488529874,374.0230488529874,661.802490234375,661.8490071049405,661.8490071049405,661.8490071049405
10,100,1000,"[256, 256]",1e-05,250,14.19127368927002,14.237790559835556,14.237790559835556,14.237790559835556,18.236780166625977,18.283297037191513,18.283297037191513,18.283297037191513
10,100,1000,"[256, 256]",0.0001,250,321.9638366699219,322.0103535404874,322.0103535404874,322.0103535404874,482.19873046875,482.24524733931554,482.24524733931554,482.24524733931554
10,100,1000,"[256, 256]",0.001,250,76177.9296875,76177.97620437057,76177.97620437057,76177.97620437057,118907.7265625,118907.77307937057,118907.77307937057,118907.77307937057
10,100,2000,[32],1e-05,250,0.858897864818573,0.9054147353841093,0.9054147353841093,0.9054147353841093,-0.15001192688941956,-0.10349505632388328,-0.10349505632388328,-0.10349505632388328
10,100,2000,[32],0.0001,250,4.79071569442749,4.837232564993027,4.837232564993027,4.837232564993027,6.75710391998291,6.803620790548447,6.803620790548447,6.803620790548447
10,100,2000,[32],0.001,250,142.9860382080078,143.03255507857335,143.03255507857335,143.03255507857335,246.45457458496094,246.50109145552648,246.50109145552648,246.50109145552648
10,100,2000,[64],1e-05,250,0.7068488001823425,0.7533656707478789,0.7533656707478789,0.7533656707478789,1.2570395469665527,1.303556417532089,1.303556417532089,1.303556417532089
10,100,2000,[64],0.0001,250,8.213339805603027,8.259856676168564,8.259856676168564,8.259856676168564,13.917252540588379,13.963769411153915,13.963769411153915,13.963769411153915
10,100,2000,[64],0.001,250,270.5927429199219,270.6392597904874,270.6392597904874,270.6392597904874,469.2406005859375,469.28711745650304,469.28711745650304,469.28711745650304
10,100,2000,[128],1e-05,250,0.9455484747886658,0.9920653453542021,0.9920653453542021,0.9920653453542021,3.614665985107422,3.661182855672958,3.661182855672958,3.661182855672958
10,100,2000,[128],0.0001,250,16.765090942382812,16.81160781294835,16.81160781294835,16.81160781294835,32.35784149169922,32.40435836226475,32.40435836226475,32.40435836226475
10,100,2000,[128],0.001,250,609.9323120117188,609.9788288822842,609.9788288822842,609.9788288822842,1084.2783203125,1084.3248371830655,1084.3248371830655,1084.3248371830655
10,100,2000,"[128, 128]",1e-05,250,13.266312599182129,13.312829469747665,13.312829469747665,13.312829469747665,16.514211654663086,16.560728525228622,16.560728525228622,16.560728525228622
10,100,2000,"[128, 128]",0.0001,250,404.2851867675781,404.33170363814367,404.33170363814367,404.33170363814367,648.34619140625,648.3927082768155,648.3927082768155,648.3927082768155
10,100,2000,"[128, 128]",0.001,250,136400.21875,136400.26526687056,136400.26526687056,136400.26526687056,241926.6875,241926.73401687056,241926.73401687056,241926.73401687056
10,100,2000,[256],1e-05,250,0.6022536158561707,0.648770486421707,0.648770486421707,0.648770486421707,9.552315711975098,9.598832582540634,9.598832582540634,9.598832582540634
10,100,2000,[256],0.0001,250,32.00110626220703,32.047623132772564,32.047623132772564,32.047623132772564,67.65133666992188,67.69785354048742,67.69785354048742,67.69785354048742
10,100,2000,[256],0.001,250,1213.701171875,1213.7476887455655,1213.7476887455655,1213.7476887455655,2119.900634765625,2119.9471516361905,2119.9471516361905,2119.9471516361905
10,100,2000,"[256, 256]",1e-05,250,27.23943328857422,27.285950159139755,27.285950159139755,27.285950159139755,38.28398132324219,38.33049819380772,38.33049819380772,38.33049819380772
10,100,2000,"[256, 256]",0.0001,250,1245.35205078125,1245.3985676518155,1245.3985676518155,1245.3985676518155,1912.012451171875,1912.0589680424405,1912.0589680424405,1912.0589680424405
10,100,2000,"[256, 256]",0.001,250,458842.8125,458842.85901687056,458842.85901687056,458842.85901687056,733970.8125,733970.8590168706,733970.8590168706,733970.8590168706
