4,2,300,[32],1e-05,1000,-1.8613735475577413,2.7437966384303505,5.2541775063921445,-2.9643145247052676,-0.7448710389435291,3.8602991470445627,5.639864380781793,-0.5815220518659121
4,2,300,[32],0.0001,1000,-0.11975628137588501,4.485413904612207,5.4805497483660215,1.9811691598345273,-0.04100244976580143,4.5641677362222906,5.54228585523858,2.800882275526666
4,2,300,[32],0.001,1000,1.3752400636672975,5.980410249655389,7.895873482649469,5.226744111006402,3.844218111038208,8.4493882970263,19.984085972731258,5.35782426161065
4,2,300,[64],1e-05,1000,-0.9926328480243682,3.6125373379637233,5.396223957960748,-5.735039774949408,-0.3260364651679993,4.279133720820092,5.452176506941461,1.6336654977251523
4,2,300,[64],0.0001,1000,0.4873106122016907,5.092480798189783,5.541238005583429,2.8327457265306943,0.515118870139122,5.120289056127214,5.849679406111383,4.374043639128351
4,2,300,[64],0.001,1000,3.324877381324768,7.93004756731286,13.710421498243951,5.234326775496148,9.693546867370605,14.298717053358697,21.468012745802547,6.090167458479547
4,2,300,[128],1e-05,1000,-1.2482936592772602,3.3568765267108316,5.379312451307916,-5.07371813493476,0.2681918293237686,4.87336201531186,8.410596306746148,2.182577784483575
4,2,300,[128],0.0001,1000,0.6064480669796467,5.211618252967739,5.401529963438653,4.646901670222425,0.45515855550765993,5.060328741495752,5.512497837965631,3.9596884803225034
4,2,300,[128],0.001,1000,12.241465950012207,16.8466361360003,28.262297566359187,8.01950114530816,26.6081787109375,31.213348896925595,38.23046773237481,23.07152264875665
4,2,300,"[128, 128]",1e-05,1000,0.2824343845248222,4.887604570512914,6.149821217482232,1.8247131661821836,0.12189625501632691,4.7270664410044185,6.98786633772149,0.4416541413713926
4,2,300,"[128, 128]",0.0001,1000,5.576601219177246,10.181771405165339,19.1477555589129,5.399680073683404,12.348487615585327,16.95365780157342,26.712775166456844,10.480875428145074
4,2,300,"[128, 128]",0.001,1000,559.4890014648438,564.0941716508319,821.3944157914568,281.8179997758318,730.9399475097656,735.5451176957537,920.4697331742693,457.45584767622245
4,2,300,[256],1e-05,1000,0.19188209474086762,4.797052280728959,5.8347133950640195,3.185187275831842,-0.266680583357811,4.338489602630281,5.3335019902636045,2.5060934380938047
4,2,300,[256],0.0001,1000,1.378932571411133,5.984102757399224,7.367881710951471,5.327067788069391,1.353641438484192,5.9588116244722835,9.435976918165826,4.97540467542901
4,2,300,[256],0.001,1000,39.493036079406735,44.09820626539483,57.77296727461114,29.801846440260555,62.23070030212402,66.8358704881121,87.74790852827324,51.79299443525567
4,2,300,"[256, 256]",1e-05,1000,1.0021476328372956,5.607317818825387,7.108076031630182,5.039360876505517,0.8713613271713256,5.476531513159418,7.144513066237115,5.048643525068902
4,2,300,"[256, 256]",0.0001,1000,27.523212051391603,32.1283822373797,48.39364522260919,19.983813221876765,43.58467063903809,48.18984082502618,59.60433858198419,37.875044758742
4,2,300,"[256, 256]",0.001,1000,2333.4489868164064,2338.0541570023947,3576.6732854203633,1197.755316670363,2996.02822265625,3000.633392842238,3374.1259221391133,2520.3598088578633
4,2,1000,[32],1e-05,1000,-0.9725456714630127,3.6326245145250793,5.297543342535638,-2.247933928544379,-0.3926337480545044,4.212536437933587,5.369197543089532,-1.2815323515485293
4,2,1000,[32],0.0001,1000,0.8492460608482361,5.4544162468363275,6.109721596663141,5.136566813414239,0.4219620108604431,5.027132196848535,5.787390644972467,2.600954468672418
4,2,1000,[32],0.001,1000,32.37379627227783,36.97896645826592,58.31586736006036,13.614354069655084,61.46745643615723,66.07262662214532,83.72260182661309,53.98812764448419
4,2,1000,[64],1e-05,1000,-1.578495407104492,3.0266747788835997,5.382700379316949,-5.512751643235541,-0.07196333408355712,4.533206851904534,5.358804400389337,2.52586215299859
4,2,1000,[64],0.0001,1000,1.107568383216858,5.71273856920495,6.9399356202532285,5.250918801252984,1.0012890577316285,5.60645924371972,7.639704163496637,5.285815651838922
4,2,1000,[64],0.001,1000,76.93996047973633,81.54513066572441,117.9836415604998,33.497599537794734,125.16856002807617,129.77373021406427,170.59184926313654,76.2247304276873
4,2,1000,[128],1e-05,1000,0.33257139921188356,4.9377415851999755,5.42601388258233,2.1954266385485166,-0.13979327082633972,4.465376915161752,5.393621857588434,0.6847359494616025
4,2,1000,[128],0.0001,1000,2.9254000902175905,7.530570276205682,11.040169175093316,5.369438345854425,7.316686058044434,11.921856244032526,18.810105259840633,5.219361718123102
4,2,1000,[128],0.001,1000,182.5734649658203,187.1786351518084,223.7570714311053,139.9839543656756,280.5419464111328,285.1471165971209,334.7884282426287,227.59171193403498
4,2,1000,"[128, 128]",1e-05,1000,1.6911894083023071,6.296359594290399,7.737140114729547,5.205524380629205,1.6259433031082153,6.231113489096307,11.58260100645318,5.142600949232721
4,2,1000,"[128, 128]",0.0001,1000,71.2653018951416,75.87047208112969,108.61259358686699,49.86551564497247,125.77845840454101,130.3836285905291,163.60417836469904,74.00468343061699
4,2,1000,"[128, 128]",0.001,1000,19948.101171875,19952.70634206099,25509.486029560987,14067.282904560989,30504.9775390625,30509.582709248487,38268.54657643599,24968.796576435987
4,2,1000,[256],1e-05,1000,0.332427978515625,4.937598164503717,5.676834519331598,1.2422291593004697,-0.023286515660583974,4.581883670327508,5.3486294106890195,1.5331909017015928
4,2,1000,[256],0.0001,1000,7.868239688873291,12.473409874861382,22.022576268141414,5.455478127424859,18.36029186248779,22.965462048475885,29.254414494459773,15.223177845900201
4,2,1000,[256],0.001,1000,361.93039855957034,366.5355687455584,442.31729787153495,266.19412892622245,543.2891174316406,547.8942876176287,626.2362737016131,414.9757146195818
4,2,1000,"[256, 256]",1e-05,1000,5.519429922103882,10.124600108091974,18.762842114393855,5.336688216154718,12.049741506576538,16.65491169256463,23.406033451979305,8.128332550947809
4,2,1000,"[256, 256]",0.0001,1000,314.77500915527344,319.3801793412615,396.7758244828631,226.34354298872248,473.31444091796874,477.9196111039568,590.4854802445818,360.8800114945818
4,2,1000,"[256, 256]",0.001,1000,72174.50234375,72179.10751393599,104075.85517018598,46377.00360768599,109936.55234375,109941.15751393598,133429.167670186,96328.58173268598
4,2,2000,[32],1e-05,1000,-1.6986192226409913,2.9065509633471005,5.350859101240777,-0.6395564718793398,-0.8239977955818176,3.781172390406274,5.447393830244684,0.4917802171160215
4,2,2000,[32],0.0001,1000,1.1754653930664063,5.780635579054498,7.630969460432672,5.34906714720025,0.7220673799514771,5.327237565939569,5.474149163191461,5.044345314924859
4,2,2000,[32],0.001,1000,138.1531120300293,142.7582822160174,256.8594426469256,79.44413655561699,207.716015625,212.3211858109881,314.45950978559745,116.71974080366387
4,2,2000,[64],1e-05,1000,0.1281147599220276,4.733284945910119,6.360064442579889,1.555438931410455,0.3305158674716949,4.935686053459786,5.9870900468279356,3.3736942367006773
4,2,2000,[64],0.0001,1000,3.015422797203064,7.620592983191155,12.55669825834527,5.339758332197809,5.3281549453735355,9.933325131361627,19.220394070570613,5.116769726698541
4,2,2000,[64],0.001,1000,249.89747772216796,254.50264790815606,358.0274113969256,175.57024281782404,444.1914031982422,448.79657338423027,584.7448186234881,315.44840138715995
4,2,2000,[128],1e-05,1000,0.3577589154243469,4.962929101412438,5.636363442366266,2.312436516707086,0.5065730724483728,5.111743258436465,5.471132691328668,4.374238427107477
4,2,2000,[128],0.0001,1000,10.177207469940186,14.782377655928277,27.357998784010555,5.947756226484918,17.814384841918944,22.419555027907037,37.77442448896661,10.290668900435113
4,2,2000,[128],0.001,1000,559.789028930664,564.3941991166521,714.2929143266131,390.37149709028495,833.3960876464844,838.0012578324724,1098.4932317094256,613.1268987016131
4,2,2000,"[128, 128]",1e-05,1000,3.85349018573761,8.458660371725703,16.22713559431329,5.2837559537340635,10.088322591781616,14.693492777769707,25.516695912306453,8.412333424513482
4,2,2000,"[128, 128]",0.0001,1000,273.04121856689454,277.6463887528826,468.3329533891131,137.19380849165216,473.10035095214846,477.70552113813653,708.9870061234881,329.9091252641131
4,2,2000,"[128, 128]",0.001,1000,128858.07578125,128862.68095143598,191488.136420186,84604.48017018598,178729.13125,178733.736420186,265958.73017018597,137784.355170186
4,2,2000,[256],1e-05,1000,0.7962461352348328,5.401416321222925,6.122305806105279,4.955619509642267,0.7510788917541504,5.356249077742242,5.9663638429094785,5.122075016920709
4,2,2000,[256],0.0001,1000,31.423353385925292,36.02852357191338,51.62295048994317,21.96037953657403,49.8113208770752,54.41649106306329,66.8469456986834,45.56904118818536
4,2,2000,[256],0.001,1000,1126.1257446289062,1130.7309148148943,1485.2495793656756,683.6415471391131,1723.1774536132812,1727.7826237992692,1936.841254170363,1491.972113545363
4,2,2000,"[256, 256]",1e-05,1000,19.909114837646484,24.514285023634578,31.540921147291805,18.404154713575984,33.181613731384275,37.78678391737237,41.69592564863458,32.18813603681817
4,2,2000,"[256, 256]",0.0001,1000,1145.1241333007813,1149.7293034867694,1882.5440129594256,703.3031682328631,1761.4202758789063,1766.0254460648944,2097.2914494828633,1315.234808857863
4,2,2000,"[256, 256]",0.001,1000,435621.690625,435626.29579518596,593869.167670186,357216.13642018597,669046.54375,669051.148920186,837042.042670186,531386.230170186
4,2.5,300,[32],1e-05,1000,-0.5024340003728867,2.567679456952508,4.228682078007157,-0.493723594066207,1.0968575119972228,4.166970969322618,7.979961193684037,2.6757316361698464
4,2.5,300,[32],0.0001,1000,0.10996512919664383,3.1800785865220385,4.027469433430131,0.3883266817364053,1.1952779769897461,4.2653914343151405,5.810030974033769,3.6268531452450112
4,2.5,300,[32],0.001,1000,2.0455248594284057,5.115638316753801,7.920712746265824,3.863977230671342,2.4663705348968508,5.536483992222245,9.788149632099564,3.819470919254716
4,2.5,300,[64],1e-05,1000,-0.9047119170427322,2.1654015402826623,4.703456915501054,-8.024029456492965,-0.007379886507987976,3.0627335708174064,5.662575758579667,-0.4005472291675254
4,2.5,300,[64],0.0001,1000,-0.04092206954956055,3.029191387775834,4.3344941507610635,-0.5043277372089072,0.23405082821846007,3.3041642855438544,3.9110391508373574,1.7021948467525796
4,2.5,300,[64],0.001,1000,7.810690975189209,10.880804432514603,18.28244236815303,4.691360748890336,14.292579984664917,17.36269344199031,22.464354790333207,10.137918270710404
4,2.5,300,[128],1e-05,1000,0.1570613607764244,3.227174818101819,3.953865803364213,1.6525545488628701,-0.3167706489562988,2.7533428083690956,4.943775690678056,-0.4865030873981162
4,2.5,300,[128],0.0001,1000,1.1524216651916503,4.222535122517045,5.64905957091182,3.4433763991627053,0.7399635519832373,3.810077009308632,5.867207802418168,1.0287447344097451
4,2.5,300,[128],0.001,1000,19.286096334457397,22.356209791782792,31.811251915577348,10.742523945454057,33.11220512390137,36.18231858122677,47.96693734038203,31.405637062672074
4,2.5,300,"[128, 128]",1e-05,1000,0.7499266505241394,3.820040107849534,5.092654741886552,1.5883269678387002,1.147890716791153,4.2180041741165475,6.467288292530473,2.7530191313061074
4,2.5,300,"[128, 128]",0.0001,1000,10.651413488388062,13.721526945713457,16.027783669117387,8.84064082014888,16.120273303985595,19.19038676131099,26.307553566578324,14.745887077930863
4,2.5,300,"[128, 128]",0.001,1000,560.8746337890625,563.9447472463879,806.0186608206067,302.68879631865354,787.484506225586,790.5546196829114,1288.8639366995128,434.64900139677854
4,2.5,300,[256],1e-05,1000,-0.34591582394205034,2.724197633383344,3.84253052580684,-0.011306487437789059,-0.22045982033014297,2.8496536369952516,4.296918190601762,1.0408642660412148
4,2.5,300,[256],0.0001,1000,1.7071622133255004,4.777275670650895,7.0733507047924356,3.760434783581193,2.898115134239197,5.968228591564591,9.244478500965531,3.535118378284867
4,2.5,300,[256],0.001,1000,47.35290641784668,50.42301987517207,63.043132103565625,41.71231011259883,68.26156730651856,71.33168076384395,96.19305352080195,60.625991142872266
4,2.5,300,"[256, 256]",1e-05,1000,1.441713923215866,4.511827380541261,6.507939137104447,3.035122729423936,4.242195200920105,7.3123086582455,13.217763222340043,3.748480118397172
4,2.5,300,"[256, 256]",0.0001,1000,34.890428733825686,37.96054219115108,47.613993919971875,29.04356697905391,44.98338775634765,48.053501213673044,63.601821220997266,37.5929177175793
4,2.5,300,"[256, 256]",0.001,1000,2038.3531005859375,2041.4232140432628,2620.7812950979505,1308.6763146292003,2968.1492431640627,2971.219356621388,3621.2925255667005,2468.7534630667005
4,2.5,1000,[32],1e-05,1000,-0.19380024671554566,2.876313210609849,4.157025850895341,-2.3100936044421836,0.12263770252466202,3.1927511598500566,4.7416551481518106,0.7126815687450723
4,2.5,1000,[32],0.0001,1000,1.0155472993850707,4.085660756710466,5.346682823780473,2.7873312603267983,0.6240613084286452,3.6941747657540396,6.690102614048417,1.3420088659557656
4,2.5,1000,[32],0.001,1000,35.23545684814453,38.30557030546993,46.5490715872082,29.386641777637895,55.62856254577637,58.69867600310177,83.21881798613398,35.30116585600703
4,2.5,1000,[64],1e-05,1000,-0.4874600350856781,2.5826534222397166,4.147692240360673,-0.8071655858722373,-0.44576517343521116,2.6243482838901833,5.070233620289262,-0.544401370402877
4,2.5,1000,[64],0.0001,1000,1.2801562190055846,4.35026967633098,6.322940147999223,3.752773560169633,4.151131010055542,7.221244467380936,11.92175129759639,3.584188259724076
4,2.5,1000,[64],0.001,1000,78.2769832611084,81.34709671843379,126.24480370390742,61.50905159819453,122.38550262451172,125.4556160818371,152.4308312307629,93.17295006621211
4,2.5,1000,[128],1e-05,1000,-0.10406426191329957,2.966049195412095,4.231400765064652,-0.46540518891483984,0.007450194656848907,3.0775636519822434,6.912441290501054,-0.3901118863788291
4,2.5,1000,[128],0.0001,1000,3.499556803703308,6.569670261028703,13.135030068043168,3.9657194982799844,8.026713037490845,11.09682649481624,15.65157822478145,6.771530426624711
4,2.5,1000,[128],0.001,1000,168.01822204589843,171.08833550322382,208.09315422880977,136.38862542021602,281.2462615966797,284.3163750540051,338.3843224417004,246.42929009306758
4,2.5,1000,"[128, 128]",1e-05,1000,2.9604068994522095,6.030520356777604,7.827176846149857,4.0347106825146035,6.210174942016602,9.280288399341996,13.203603066090043,3.7652750383648232
4,2.5,1000,"[128, 128]",0.0001,1000,79.97042083740234,83.04053429472773,137.01007012236445,39.88226250517695,124.26117248535157,127.33128594267696,152.24970940459102,87.5632317434582
4,2.5,1000,"[128, 128]",0.001,1000,20640.7630859375,20643.833199394823,32168.337691582325,13481.111129082325,29010.315234375,29013.385347832325,39712.710738457325,21488.183394707325
4,2.5,1000,[256],1e-05,1000,1.0900698065757752,4.160183263901169,5.355016506794389,3.0843837629589395,0.45674132779240606,3.5268547851178007,4.397897518757279,1.642955340031083
4,2.5,1000,[256],0.0001,1000,11.976064300537109,15.046177757862504,20.54145745146602,8.755724228504594,20.80000820159912,23.870121658924514,30.20048073637813,16.18114594328731
4,2.5,1000,[256],0.001,1000,381.3694152832031,384.43952874052854,469.3620751272473,259.5540917288098,529.9306213378907,533.0007347952161,598.1082604299817,419.1679833303723
4,2.5,1000,"[256, 256]",1e-05,1000,8.589542126655578,11.659655583980973,20.504502571705277,6.533669985416825,15.894539165496827,18.96465262282222,22.259860314014848,14.398843086841996
4,2.5,1000,"[256, 256]",0.0001,1000,306.53687438964846,309.6069878469739,391.55976799834104,189.47651604521602,475.2698913574219,478.3400048147473,545.1657555471692,353.65339592802854
4,2.5,1000,"[256, 256]",0.001,1000,75948.180078125,75951.25019158234,92476.64042595733,62828.816207207325,113185.79375,113188.86386345733,134276.36698845733,85103.50761345733
4,2.5,2000,[32],1e-05,1000,-0.2504616878926754,2.8196517694327192,4.422720707539018,0.8892982374462441,0.03745473027229309,3.1075681875976877,4.242649830463822,-0.2492889989581748
4,2.5,2000,[32],0.0001,1000,3.421764075756073,6.4918775330814675,9.601247109058793,3.5925914417538003,3.4659870862960815,6.536100543621476,9.789531029346879,3.7834713827404336
4,2.5,2000,[32],0.001,1000,115.6957405090332,118.76585396635859,166.28243950713008,49.45596245634883,207.41964416503907,210.48975762236446,282.79951409209104,177.4012902151379
4,2.5,2000,[64],1e-05,1000,-0.06069013476371765,3.009423322561677,4.196872986439164,-0.16081424843937597,0.6046996891498566,3.674813146475251,4.687543905857499,1.683387435558732
4,2.5,2000,[64],0.0001,1000,4.980994796752929,8.051108254078324,11.639136589649613,3.9157688986095742,10.308194637298584,13.378308094623979,17.174034393909867,6.649182594898637
4,2.5,2000,[64],0.001,1000,322.93150024414064,326.00161370146606,436.0149376760754,242.52452019560664,418.68947448730466,421.7595879446301,491.70344475615354,356.14558342802854
4,2.5,2000,[128],1e-05,1000,0.5654854953289032,3.6355989526542976,4.981480396870072,0.9183516870769814,0.43045235276222227,3.500565810087617,7.831943787220414,1.3594451319012002
4,2.5,2000,[128],0.0001,1000,15.680195808410645,18.75030926573604,26.23761872160762,11.771989143970902,26.278499031066893,29.348612488392288,38.597670830372266,22.87239006865352
4,2.5,2000,[128],0.001,1000,635.4799743652344,638.5500878225598,814.9241173635754,391.9630272756848,833.178076171875,836.2481896292004,979.5548546682629,693.6451866995129
4,2.5,2000,"[128, 128]",1e-05,1000,7.440616774559021,10.510730231884416,13.501800812366898,6.814217604282792,11.947651767730713,15.017765225056108,21.290450371387895,11.705497063282426
4,2.5,2000,"[128, 128]",0.0001,1000,270.18981170654297,273.2599251638684,364.48570183623167,184.43098381865352,459.0364166259766,462.106530083302,592.4742272268567,317.39314202177854
4,2.5,2000,"[128, 128]",0.001,1000,127558.046875,127561.11698845733,173100.83573845733,75413.86698845733,191910.70625,191913.77636345732,254520.61698845733,119222.44511345733
4,2.5,2000,[256],1e-05,1000,1.2246245861053466,4.294738043430741,5.468674934986527,3.683495677593644,2.172692608833313,5.242806066158708,8.269926823261674,3.7983384500774697
4,2.5,2000,[256],0.0001,1000,26.87653636932373,29.946649826649125,41.66498879301875,19.150626457813676,48.207028198242185,51.277141655567576,65.04181603300898,44.98406151640742
4,2.5,2000,[256],0.001,1000,1056.411767578125,1059.4818810354502,1328.3282921682628,685.4197228323254,1671.5427978515625,1674.6129113088878,1955.7593224417003,1377.7192833792003
4,2.5,2000,"[256, 256]",1e-05,1000,21.801564121246336,24.87167757857173,34.89771775114863,12.306440628651078,36.37883625030518,39.448949707630575,50.16661766875117,27.055594719532426
4,2.5,2000,"[256, 256]",0.0001,1000,1131.0711303710937,1134.141243828419,1571.4418175588878,649.3323204885754,1846.83203125,1849.9021447073253,2253.8179161917005,1571.9087365042003
4,2.5,2000,"[256, 256]",0.001,1000,474467.0171875,474470.08730095736,707500.6951134573,261720.08573845733,653717.56875,653720.6388634573,858666.3826134573,486484.13261345733
4,3,300,[32],1e-05,1000,-0.11083284616470337,2.1917522468293424,3.945168463202786,-0.37335756638400586,1.1346593022346496,3.4372443952286957,5.977978197547269,0.7222180046761748
4,3,300,[32],0.0001,1000,0.7099586606025696,3.0125437535966153,5.510558334800076,-1.9995704016958955,0.8212309002876281,3.1238159932816743,5.688693253012967,0.8754946865761992
4,3,300,[32],0.001,1000,4.36915647983551,6.671741572829556,10.00026938101895,3.3735165276253936,6.335254979133606,8.637840072127652,14.082778421851469,3.8946761765206572
4,3,300,[64],1e-05,1000,-0.9303420931100845,1.3722429998839614,3.649152008506131,-2.7457928977286103,0.26586265563964845,2.5684477486336945,5.311397997351956,-0.4537587485586885
4,3,300,[64],0.0001,1000,1.3577921986579895,3.6603772916520354,8.911490885230375,-0.8307972274100068,0.7746630400419235,3.0772481330359693,4.6989392914498564,1.9444232859338042
4,3,300,[64],0.001,1000,8.144988679885865,10.44757377287991,16.8004431404794,5.937764612647366,16.199496269226074,18.50208136222012,22.567204920264555,12.098125902625394
4,3,300,[128],1e-05,1000,0.6984036386013031,3.000988731595349,3.931566206427884,1.7339532055581328,-0.6936447501182557,1.6089403428757902,3.411073175879788,-1.0475139937674287
4,3,300,[128],0.0001,1000,0.6656854391098023,2.968270532103848,4.808865515204739,-0.9759149871145967,1.9864430658519268,4.289028158845973,7.37335821768887,0.7323012032235381
4,3,300,[128],0.001,1000,19.060833358764647,21.363418451758694,30.955274073096586,15.1780590691293,29.77994499206543,32.082530085059474,40.23103663107998,25.80968042990811
4,3,300,"[128, 128]",1e-05,1000,0.7856174977030606,3.0882025906971062,4.043540445777249,1.8888265766824004,0.9586323529481888,3.2612174459422345,8.149885145636869,-2.413375409630466
4,3,300,"[128, 128]",0.0001,1000,9.524797701835633,11.827382794829678,20.508170572730375,5.0040027775491,15.850843906402588,18.153428999396635,24.987128702613187,8.26096865317471
4,3,300,"[128, 128]",0.001,1000,582.0639068603516,584.3664919533456,857.8910250344003,340.5713228859628,874.6471862792969,876.9497713722909,1128.2861056008066,702.1415133156503
4,3,300,[256],1e-05,1000,-0.6020339764654636,1.7005511165285823,4.177159038993191,-5.34124139168613,0.08958281278610229,2.3921679057801484,4.778518167945218,-0.8790045104300264
4,3,300,[256],0.0001,1000,2.3263131260871885,4.6288982190812344,5.937557665320706,2.935402122947049,5.094214010238647,7.396799103232693,12.814725367041898,3.2258491196358916
4,3,300,[256],0.001,1000,41.90698070526123,44.20956579825528,64.33455988547452,27.456677881690336,62.52956199645996,64.83214708945401,84.0125078835214,50.01177546164639
4,3,300,"[256, 256]",1e-05,1000,2.973929762840271,5.276514855834317,8.388156858893705,3.218974558326077,3.007837700843811,5.310422793837857,8.579763857337309,3.018928972693753
4,3,300,"[256, 256]",0.0001,1000,28.650277519226073,30.95286261222012,40.769641367408106,18.48795839926846,39.811393928527835,42.11397902152188,52.97604700705654,30.628301111670805
4,3,300,"[256, 256]",0.001,1000,2104.627551269531,2106.930136362525,2566.657077280494,1143.8009981789316,3042.9830810546873,3045.2856661476812,3751.123141733619,2299.712741342994
4,3,1000,[32],1e-05,1000,-0.29682851433753965,2.005756578656506,4.907497374030423,-2.53639462807529,0.5316530764102936,2.8342381694043395,4.290478912803006,0.3765015282357451
4,3,1000,[32],0.0001,1000,1.0644583106040955,3.3670434035981414,5.763201204749417,1.084140745612454,1.146850436925888,3.449435529919934,6.850183931800198,0.12096163413174121
4,3,1000,[32],0.001,1000,37.13406066894531,39.43664576193935,62.075393167945215,19.612044779273344,62.004896545410155,64.3074816384042,81.87231012961514,49.27182337424404
4,3,1000,[64],1e-05,1000,-0.1889819588512182,2.113603134142828,3.3748969711983916,0.15389820716030567,-0.640224039554596,1.66236105343945,3.7179567494118926,-0.5885653815542939
4,3,1000,[64],0.0001,1000,3.774908757209778,6.077493850203824,9.966127363654447,3.233096567603421,4.333786654472351,6.636371747466397,12.782995668860746,3.2150854744637725
4,3,1000,[64],0.001,1000,84.34111213684082,86.64369722983487,117.79199549338468,62.818252054663965,132.89598999023437,135.1985750832284,158.5869784035409,115.6095537819589
4,3,1000,[128],1e-05,1000,0.1393177554011345,2.4419028483951806,4.2998914398873564,-1.659925254372287,0.6839431524276733,2.9865282454217192,3.974014250251126,-0.7586362681662324
4,3,1000,[128],0.0001,1000,5.319767236709595,7.622352329703641,11.866712061377836,4.775512186499905,12.113427066802979,14.416012159797024,22.360579935523344,9.063127008887601
4,3,1000,[128],0.001,1000,169.7363754272461,172.03896052024012,188.6565279640878,138.6382937111581,273.3387786865234,275.64136377951746,307.6937594094003,252.08935877463466
4,3,1000,"[128, 128]",1e-05,1000,3.542907166481018,5.845492259475064,10.02386328360684,3.1667604126656768,5.588740062713623,7.891325155707669,11.151748148413969,4.309286085578274
4,3,1000,"[128, 128]",0.0001,1000,84.3867115020752,86.68929659506925,104.7916369118417,64.71289393088468,138.04068603515626,140.3432711281503,198.43689295432216,92.3052324928964
4,3,1000,"[128, 128]",0.001,1000,18722.90087890625,18725.203463999245,23330.304538217995,11998.918796030493,27576.0822265625,27578.384811655495,36684.41977259299,22868.890475717995
4,3,1000,[256],1e-05,1000,0.870805424451828,3.173390517445874,4.08184906623013,1.4799194016183135,0.7380602061748505,3.0406452991688964,5.688538042517972,1.4425866284096953
4,3,1000,[256],0.0001,1000,13.258032941818238,15.560618034812283,23.647572962256742,10.133322683783842,19.039630603790282,21.34221569678433,25.111047235938383,15.456669298621488
4,3,1000,[256],0.001,1000,367.40944519042966,369.7120302834237,503.2367281594003,250.6256441750253,533.8682525634765,536.1708376564706,733.7245821633065,451.24560877463466
4,3,1000,"[256, 256]",1e-05,1000,10.356454372406006,12.659039465400053,15.651674715491605,8.487637011023832,17.742784690856933,20.04536978385098,26.404098001929594,13.943070856543851
4,3,1000,"[256, 256]",0.0001,1000,303.5336517333984,305.83623682639245,384.53784510275966,177.06735560080654,469.4738464355469,471.7764315285409,648.9587130226815,344.9855074562753
4,3,1000,"[256, 256]",0.001,1000,77295.545703125,77297.848288218,109335.661960093,48119.38461634299,101189.58046875,101191.883053843,121185.349460093,89370.482272593
4,3,2000,[32],1e-05,1000,-0.20615624785423278,2.096428845139813,3.462496963950467,-0.5325181803976777,0.3266004741191864,2.6291855671132325,5.762525049659085,-1.0192771277701143
4,3,2000,[32],0.0001,1000,2.6140389680862426,4.916624061080288,6.964148489447903,3.0414919533456084,3.7283438444137573,6.030928937407803,11.383812395545316,3.27462193152554
4,3,2000,[32],0.001,1000,146.7407539367676,149.04333902976163,252.92453333518154,89.0780596413339,188.8393981933594,191.14198328635342,289.8078951515878,137.30456873557216
4,3,2000,[64],1e-05,1000,-0.17731374502182007,2.125271347972226,3.267717329474759,-3.3709874472891572,1.6234965205192566,3.9260816135133023,6.655017820807767,1.8672378935540435
4,3,2000,[64],0.0001,1000,5.220434641838073,7.523019734832119,12.690719095679594,3.5731339134896514,11.39452486038208,13.697109953376128,17.70659968039639,6.40281435629971
4,3,2000,[64],0.001,1000,303.4206008911133,305.7231859841073,441.64364954611904,207.48816248557216,439.06024475097655,441.3628298439706,547.5895723976815,308.17407557150966
4,3,2000,[128],1e-05,1000,0.6975698985159398,3.0001549915099854,4.48758956572659,0.8510484375680205,1.7299867033958436,4.03257179638989,6.742553202124905,1.7585311808312651
4,3,2000,[128],0.0001,1000,14.791085910797118,17.093671003791165,23.603709665747953,12.403808084937406,23.429852962493896,25.732438055487943,32.38482424399502,17.956316439124418
4,3,2000,[128],0.001,1000,660.3774047851563,662.6799898781503,829.9819674172128,433.7529635109628,843.1579406738281,845.4605257668221,1000.0243258156503,743.4194674172128
4,3,2000,"[128, 128]",1e-05,1000,6.915844869613648,9.218429962607694,12.275475946875883,5.49931093833096,11.542971897125245,13.845556990119292,18.633422342749906,7.034385172339749
4,3,2000,"[128, 128]",0.0001,1000,308.39442749023436,310.6970125832284,386.27124354025966,182.43820521018154,455.54209594726564,457.8446810402597,621.9864840187753,326.0401949562753
4,3,2000,"[128, 128]",0.001,1000,115239.82109375,115242.123678843,142829.49008509298,84736.286960093,164890.7515625,164893.05414759298,214839.28696009298,125885.615085093
4,3,2000,[256],1e-05,1000,1.9836015462875367,4.286186639281583,5.022946325751614,3.1705083527291533,2.5757599830627442,4.878345076056791,6.572053400489163,2.9896006264413115
4,3,2000,[256],0.0001,1000,28.561949729919434,30.86453482291348,40.612204996558496,25.83979937216885,51.36114349365234,53.663728586646386,67.27505060813077,43.74203440329678
4,3,2000,[256],0.001,1000,1122.7414428710938,1125.044027964088,1477.7531466164316,804.7007174172128,1825.3655029296874,1827.6680880226816,2174.767917124244,1448.0907931008066
4,3,2000,"[256, 256]",1e-05,1000,23.41444339752197,25.717028490516018,29.990775553199125,16.105475870581937,36.91739768981934,39.21998278281338,50.0522455849374,26.716359583350492
4,3,2000,"[256, 256]",0.0001,1000,1315.8864440917969,1318.189029184791,1899.2941622414316,796.9001803078378,1841.9420288085937,1844.2446139015879,2182.423434702369,1555.0364718117441
4,3,2000,"[256, 256]",0.001,1000,432658.28125,432660.583835093,506577.771335093,335100.583835093,717824.3375,717826.640085093,1076257.427585093,582325.927585093
4,3.5,300,[32],1e-05,1000,-0.4389905506744981,1.4030775237207385,3.521232245614109,-2.241312624762478,0.26111786514520646,2.103185939540443,4.522206185509739,-0.19179094011587172
4,3.5,300,[32],0.0001,1000,-0.4387143537402153,1.4033537206550215,2.6252825242777442,-2.0029574650029565,0.8037274807691575,2.645795555164394,6.6823991519709205,0.4433623534937474
4,3.5,300,[32],0.001,1000,4.465264105796814,6.307332180192051,9.253158925225314,3.4150000793238258,7.854533576965332,9.696601651360568,14.088322041680392,5.0419853908320045
4,3.5,300,[64],1e-05,1000,0.16556607484817504,2.0076341492434118,3.3768683654566383,-2.3435760753850365,0.0746024027466774,1.916670477141914,3.015105364968357,-0.08128583605093032
4,3.5,300,[64],0.0001,1000,0.014031457901000976,1.8560995322962377,4.005689738442478,-1.4307791012029079,0.8492547631263733,2.69132283752161,5.241963742425022,0.05232572381692857
4,3.5,300,[64],0.001,1000,7.564990592002869,9.407058666398106,15.948885319878634,5.408449767281589,18.37774314880371,20.219811223198946,24.218376515557345,15.900121091057834
4,3.5,300,[128],1e-05,1000,-0.8825781106948852,0.9594899637003514,3.1904081088801,-4.57087004358572,-0.5258439719676972,1.3162241024275394,3.3852473480005836,-2.239030482123318
4,3.5,300,[128],0.0001,1000,1.5745418019592763,3.4166098763545127,4.875203488518772,1.743163464715061,2.152242422103882,3.9943104964991187,5.688944695641575,2.7227126342554664
4,3.5,300,[128],0.001,1000,18.746282482147215,20.58835055654245,29.661457417656955,11.463528989007052,30.963441848754883,32.80550992315012,44.116779683281955,23.335035679986056
4,3.5,300,"[128, 128]",1e-05,1000,0.8339519590139389,2.6760200334091757,5.1894475204249,-0.4423519390324977,1.1604738436639308,3.0025419180591673,7.911871312310276,0.325838206460056
4,3.5,300,"[128, 128]",0.0001,1000,9.541658353805541,11.383726428200777,18.898767827202853,6.567346451928196,19.26292543411255,21.104993508507786,30.718649266411838,11.163163541009006
4,3.5,300,"[128, 128]",0.001,1000,550.6256256103516,552.4676936847468,835.9668239337702,426.50555074041085,834.93662109375,836.7786891681452,1160.1172145587702,595.2901881915827
4,3.5,300,[256],1e-05,1000,-0.6251884952187539,1.2168795791764828,5.138629315545139,-1.9843088405827907,0.6412412524223328,2.4833093268175697,4.7423027736445045,-0.33701050455373793
4,3.5,300,[256],0.0001,1000,2.5157872676849364,4.357855342080173,7.483526585747776,2.179104684044895,3.3524561643600466,5.1945242387552835,8.846492169549045,2.7839003783960914
4,3.5,300,[256],0.001,1000,39.129804611206055,40.97187268560129,54.123772023369845,27.566072819878634,66.1118881225586,67.95395619695384,77.22836720769602,57.85941350286203
4,3.5,300,"[256, 256]",1e-05,1000,1.876983678340912,3.7190517527361484,7.687568066765842,2.5195764285822486,3.7826324701309204,5.624700544526157,9.95295178716379,2.349838612725315
4,3.5,300,"[256, 256]",0.0001,1000,32.12313175201416,33.965199826409396,46.68129765813547,20.212732670952853,48.232749938964844,50.07481801336008,64.31623112981516,39.87286031072336
4,3.5,300,"[256, 256]",0.001,1000,2171.5841064453125,2173.4261745197077,2865.6721461993952,1530.4966090900202,2992.3952880859374,2994.2373561603326,3639.7373317462702,2688.3955348712702
4,3.5,1000,[32],1e-05,1000,-0.806583933532238,1.0354841408629987,2.6869508010645484,-3.041253687689724,1.00108260330162,2.8431506776968565,5.429702637841282,1.4247932416697118
4,3.5,1000,[32],0.0001,1000,1.4707508593797685,3.312818933775005,5.9377373439570045,1.7084918302794072,1.438112735748291,3.280180810143528,5.078199504067478,0.7740811092157933
4,3.5,1000,[32],0.001,1000,34.338723754882814,36.18079182927805,52.60822331731516,26.255592702080783,63.1777961730957,65.01986424749094,86.63681447332102,41.42237126653391
4,3.5,1000,[64],1e-05,1000,-0.11491776704788208,1.7271503073473546,3.620405553032932,-0.4428716915349391,0.009435243159532546,1.8515033175547693,2.8749278766413306,0.05405151670175523
4,3.5,1000,[64],0.0001,1000,3.162246656417847,5.004314730813084,7.645587323357639,3.318844197442112,5.599168729782105,7.441236804177342,12.507893918206271,3.474986909081516
4,3.5,1000,[64],0.001,1000,84.37176475524902,86.21383282964426,105.89674794500071,55.3091129047175,135.44182434082032,137.28389241521555,170.54104268377023,116.50486409490306
4,3.5,1000,[128],1e-05,1000,-0.9792652666568756,0.862802807738361,3.2281995994349098,-2.9496599453191186,1.0903287947177887,2.9323968691130253,4.7261706573267555,2.099660573651371
4,3.5,1000,[128],0.0001,1000,7.996255588531494,9.838323662926731,13.43606889074045,4.9577921611567115,8.798826503753663,10.640894578148899,15.921178219964084,6.786244271447239
4,3.5,1000,[128],0.001,1000,164.26188278198242,166.10395085637765,183.03672444646554,126.67717397039134,269.4471008300781,271.28916890447334,320.30581319158273,214.8664973956843
4,3.5,1000,"[128, 128]",1e-05,1000,3.144982600212097,4.9870506746073335,7.817427037407932,2.64987551992136,4.91998324394226,6.762051318337497,9.810096142937716,4.746120570351658
4,3.5,1000,"[128, 128]",0.0001,1000,85.70982360839844,87.55189168279368,122.94990193669993,61.03766667669016,125.83746795654297,127.67953603093821,180.7977718097468,92.30136525457102
4,3.5,1000,"[128, 128]",0.001,1000,19319.53935546875,19321.381423543146,23149.156521199395,13034.644802449395,29429.7994140625,29431.641482136896,38781.369411824395,24319.172146199395
4,3.5,1000,[256],1e-05,1000,1.8681352004408835,3.71020327483612,7.215470669915256,1.810601396610317,2.638433599472046,4.480501673867282,7.511041997124729,2.669961093117771
4,3.5,1000,[256],0.0001,1000,13.66121826171875,15.503286336113986,21.768831608941134,9.007609723259982,23.643998908996583,25.48606698339182,33.650946019341525,19.932068226983127
4,3.5,1000,[256],0.001,1000,349.8800811767578,351.72214925115304,456.5800746661921,275.4964259845515,528.7622314453125,530.6042995197078,637.7319606525202,411.30593526189523
4,3.5,1000,"[256, 256]",1e-05,1000,11.299074840545654,13.14114291494089,17.831087468316134,6.578904507805881,16.817433166503907,18.659501240899143,25.572134373833713,10.733155606438693
4,3.5,1000,"[256, 256]",0.0001,1000,269.51884002685546,271.3609081012507,348.61993062322335,179.41846883123117,427.0220703125,428.8641383868952,547.2429469806452,302.88991963689523
4,3.5,1000,"[256, 256]",0.001,1000,69801.71953125,69803.5615993244,96120.2326930744,49486.502224324395,109692.49375,109694.3358180744,128120.4983180744,94961.4358180744
4,3.5,2000,[32],1e-05,1000,-0.16865864992141724,1.6734094244738194,4.064508317162571,-1.0530568378667262,1.0234135493636132,2.86548162375885,4.757986901452122,1.403171597172794
4,3.5,2000,[32],0.0001,1000,3.5060415506362914,5.348109625031528,8.230183003594455,2.676284669091282,4.984893035888672,6.826961110283909,11.055800793816623,2.8026570064325904
4,3.5,2000,[32],0.001,1000,141.45795288085938,143.3000209552546,185.68166768377023,92.85203969304759,184.684822845459,186.52689091985422,256.0039485675593,122.82107961003977
4,3.5,2000,[64],1e-05,1000,0.039162302017211915,1.8812303764124485,4.9700061065455055,-1.7915328758458522,0.12546187043190002,1.9675299448271366,4.206739304711399,0.3664511424799535
4,3.5,2000,[64],0.0001,1000,7.81816337108612,9.660231445481356,13.617208836724338,5.483907817055759,10.672796821594238,12.514864895989474,19.348575947930392,8.478276608635959
4,3.5,2000,[64],0.001,1000,278.96580963134767,280.8078777057429,370.64251363103585,172.5405696613093,383.22145385742186,385.0635219318171,509.7098048908015,240.4465297443171
4,3.5,2000,[128],1e-05,1000,1.423640251159668,3.265708325554905,5.298971293618259,1.5695666057367894,2.5366070747375487,4.3786751491327855,7.221953747918186,2.1976947767038917
4,3.5,2000,[128],0.0001,1000,14.720829105377197,16.562897179772435,20.33957516973215,12.824991582085666,22.423062896728517,24.265130971123753,31.037638066460666,19.160194752862033
4,3.5,2000,[128],0.001,1000,605.0117248535156,606.8537929279108,775.9538844806452,474.12673604314523,875.6038635253906,877.4459315997858,1021.4734767658015,679.3901637775202
4,3.5,2000,"[128, 128]",1e-05,1000,7.680161714553833,9.522229788949069,23.390766499688205,3.96243917768198,13.587640857696533,15.429708932091769,20.191990254571017,10.373658536126193
4,3.5,2000,"[128, 128]",0.0001,1000,317.9357192993164,319.77778737371165,413.3698695880671,250.14612996404367,513.7436157226563,515.5856837970515,648.9878810626765,377.27480733220773
4,3.5,2000,"[128, 128]",0.001,1000,116161.58359375,116163.4256618244,141844.9983180744,65639.0842555744,178552.1109375,178553.95300557438,213511.4358180744,131499.0451930744
4,3.5,2000,[256],1e-05,1000,2.3869142532348633,4.2289823276301,6.952496407677708,2.6329814178248023,2.7684625387191772,4.610530613114414,7.482632039238987,0.36379396741586656
4,3.5,2000,[256],0.0001,1000,31.731606101989748,33.57367417638498,43.64789235418039,22.144518254448947,46.222382354736325,48.06445042913156,57.28647649114328,37.853203175713595
4,3.5,2000,[256],0.001,1000,1030.0611206054687,1031.903188679864,1374.0049098712702,724.9017604572077,1710.686376953125,1712.5284450275203,2052.3396266681452,1440.3318141681452
4,3.5,2000,"[256, 256]",1e-05,1000,23.43928623199463,25.281354306389865,38.124531148125705,11.572845814873752,37.523857307434085,39.36592538182932,58.88727986638742,29.27756345098215
4,3.5,2000,"[256, 256]",0.0001,1000,1270.0767456054687,1271.918813679864,1597.0248073322077,830.9024318439265,1783.512646484375,1785.3547145587702,2315.0437282306452,1136.6433376056452
4,3.5,2000,"[256, 256]",0.001,1000,401088.21875,401090.0608180744,588939.7170680744,269033.3108180744,670223.175,670225.0170680744,773698.4045680744,573716.5920680744
4,4,300,[32],1e-05,1000,-0.5563012659549713,0.978755462707726,3.023948091806618,-1.7216213757379375,0.5618791699409484,2.096935898603646,7.424820560754982,-0.9775482231958232
4,4,300,[32],0.0001,1000,0.06170448362827301,1.5967612122909702,3.7346371596471943,-3.5715621525628887,0.04789431691169739,1.5829510455743947,5.974191803278176,-1.7970639283044658
4,4,300,[32],0.001,1000,5.990411758422852,7.525468487085549,11.34144462996885,4.046325821222512,8.591514778137206,10.126571506799904,17.8243404811041,3.9227804129736104
4,4,300,[64],1e-05,1000,-0.8264816224575042,0.708575106205193,4.512091297449318,-2.2155510002954326,-0.24182531535625457,1.2932314133064426,3.009827513040749,-2.075625997243675
4,4,300,[64],0.0001,1000,0.6293081343173981,2.1643648629800953,3.8040269797460713,0.12813462668820996,2.0114255607128144,3.5464822893755117,6.458245891870705,1.1190065329687275
4,4,300,[64],0.001,1000,8.636624813079834,10.171681541742531,17.237858433069434,6.201912063898293,15.38597412109375,16.92103084975645,28.46351398879453,12.095574993433205
4,4,300,[128],1e-05,1000,0.3183596611022949,1.8534163897649922,2.879648823084084,-0.6355079228265605,0.10350059866905212,1.6385573273317493,3.2723318522588887,-1.4690817410333477
4,4,300,[128],0.0001,1000,1.0649611711502076,2.600017899812905,4.137875456155983,1.662246126474587,2.4612384855747225,3.9962952142374197,9.322101253809182,1.7382690494672932
4,4,300,[128],0.001,1000,20.25750379562378,21.79256052428648,30.632968563379492,14.276048321069924,33.25831890106201,34.79337562972471,42.2663570826666,29.94784130507871
4,4,300,"[128, 128]",1e-05,1000,0.7999230951070786,2.3349798237697756,3.881240505518166,1.204285818876473,1.789305168390274,3.324361897052971,7.162152427973,1.7249447887556233
4,4,300,"[128, 128]",0.0001,1000,9.006036806106568,10.541093534769265,18.025245327295508,6.252243656458107,15.879090595245362,17.41414732390806,21.54595150405332,12.518017429651467
4,4,300,"[128, 128]",0.001,1000,516.870263671875,518.4053204005377,674.0239483302252,269.03301205092833,835.2970825195313,836.8321392481939,1135.7544170802253,656.9744488185064
4,4,300,[256],1e-05,1000,-0.4205178081989288,1.1145389204637683,3.1811758463995137,-2.6778939778192363,0.15168573558330536,1.6867424642460027,3.3563608115331807,0.3544035142080464
4,4,300,[256],0.0001,1000,3.2211355209350585,4.756192249597756,7.692696708978859,2.4635337775365986,4.190513157844544,5.725569886507241,9.055915493311135,3.274667877496926
4,4,300,[256],0.001,1000,47.90216979980469,49.437226528467384,63.815974850000586,35.11331905776426,70.33766288757325,71.87271961623594,80.80680050307676,59.40707745009824
4,4,300,"[256, 256]",1e-05,1000,2.5772259294986726,4.112282658161369,7.193297046961037,1.9883502309934773,4.661147153377533,6.19620388204023,9.79808582717344,1.9744746869222798
4,4,300,"[256, 256]",0.0001,1000,28.992433929443358,30.527490658106053,39.640247005762305,21.643108028711524,46.359688949584964,47.89474567824766,60.63003887587949,27.810176510156836
4,4,300,"[256, 256]",0.001,1000,1786.0569213867188,1787.5919781153816,2626.5282207911628,1281.2016827052253,2855.8978515625,2857.4329082911627,3463.8739239161628,2200.8871075099128
4,4,1000,[32],1e-05,1000,-1.9398640990257263,-0.40480737036302905,2.559199709238259,-4.814350467382225,-0.5683363497257232,0.966720378936974,3.431514877618996,-1.3576925808770977
4,4,1000,[32],0.0001,1000,1.7124762892723084,3.2475330179350057,5.0714382117407,1.3692865555898823,1.7674576878547668,3.302514416517464,5.024566549600808,0.11553158217832227
4,4,1000,[32],0.001,1000,42.55614604949951,44.091202778162206,55.12937893325254,28.73220219069883,68.1468391418457,69.6818958705084,91.45326198989316,44.40348019057676
4,4,1000,[64],1e-05,1000,-2.1151420563459395,-0.5800853276832423,2.449408788027016,-7.977603297887596,1.2184628546237946,2.753519583286492,7.082858700098244,-1.2028013283593975
4,4,1000,[64],0.0001,1000,2.6552480697631835,4.190304798425881,5.952126163782326,2.4704815333501973,5.147255754470825,6.682312483133522,10.554702419580666,3.194606441797463
4,4,1000,[64],0.001,1000,84.00301589965821,85.5380726283209,100.42465938979551,73.9379879420416,127.59793472290039,129.1329914515631,175.23546566420958,97.85149349624082
4,4,1000,[128],1e-05,1000,0.37764075994491575,1.9126974886076131,3.5521446650640645,-0.23704014366701465,2.182120645046234,3.7171773737089313,8.533552784265725,1.2349699323789753
4,4,1000,[128],0.0001,1000,7.205819368362427,8.740876097025124,11.515830654443947,3.7840739672796406,11.629958057403565,13.165014786066262,19.207330364526953,9.364005703272072
4,4,1000,[128],0.001,1000,185.76293182373047,187.29798855239318,230.44901241713927,124.24503292495176,256.7460678100586,258.2811245387213,287.0948711817877,235.19066585952208
4,4,1000,"[128, 128]",1e-05,1000,3.872426176071167,5.407482904733865,10.328750271143166,3.0655368750707783,7.605663561820984,9.140720290483682,13.14823116713926,5.365660566629616
4,4,1000,"[128, 128]",0.0001,1000,88.27991065979003,89.81496738845273,127.50168575698301,38.71210827285215,135.71308441162108,137.2481411402838,219.9464794581549,89.41841091567441
4,4,1000,"[128, 128]",0.001,1000,20162.93740234375,20164.47245907241,26778.185447353662,12733.293845791162,26090.1625,26091.69755672866,33101.206931728666,20199.552634853662
4,4,1000,[256],1e-05,1000,1.4302461266517639,2.9653028553144614,4.553928512872902,0.8418785517828145,2.5105507373809814,4.045607466043679,7.770061630548684,0.4197083895818867
4,4,1000,[256],0.0001,1000,13.300350666046143,14.83540739470884,18.658193249048438,8.790709156336037,22.65865364074707,24.193710369409764,30.644931454004492,19.101251262964453
4,4,1000,[256],0.001,1000,379.33257751464845,380.86763424331116,453.74321712905333,250.4408184474127,566.9907440185547,568.5258007472173,714.6355816310064,469.0707928126471
4,4,1000,"[256, 256]",1e-05,1000,11.950753307342529,13.485810036005226,17.394657749475684,7.6181637232916035,18.642646980285644,20.177703708948343,24.05657925063535,16.276387829126563
4,4,1000,"[256, 256]",0.0001,1000,259.2074676513672,260.7425243800299,364.4462810938971,148.3390575831549,480.1882629394531,481.72331966811583,633.6635967677252,335.89214291030333
4,4,1000,"[256, 256]",0.001,1000,85266.96328125,85268.49833797867,112791.38661922867,57410.363181728666,112471.67265625,112473.20771297866,127855.30068172867,91214.12880672867
4,4,2000,[32],1e-05,1000,-0.3798302963376045,1.1552264323250927,2.2754271214620747,-0.8316398674829326,1.0620787613093854,2.5971354899720827,5.199825901331154,0.5894168799535908
4,4,2000,[32],0.0001,1000,4.225676941871643,5.76073367053434,9.84797253066465,2.2438181822912373,7.257370090484619,8.792426819147316,12.521921772302834,4.043183225931374
4,4,2000,[32],0.001,1000,142.57774047851564,144.11279720717835,194.8616405909674,93.8698955958502,239.12361602783204,240.65867275649475,325.37663998061583,144.5718456690924
4,4,2000,[64],1e-05,1000,0.31185055077075957,1.846907279433457,3.1406082099096455,-0.5391107613427959,1.7085484713315964,3.2436051999942936,6.517189163507668,1.6659011130945363
4,4,2000,[64],0.0001,1000,8.450552058219909,9.985608786882606,17.196411747278418,4.74237384253904,12.378837394714356,13.913894123377053,19.748529094995703,10.488509792627541
4,4,2000,[64],0.001,1000,295.05796508789064,296.59302181655335,386.9359356349127,210.8047558253424,432.19707946777345,433.73213619643616,567.5544659083502,333.2903057521002
4,4,2000,[128],1e-05,1000,1.3356665581464768,2.870723286809174,4.525307554544655,1.762711453975884,1.6214012116193772,3.1564579402820745,5.677767891229836,1.4283671265260853
4,4,2000,[128],0.0001,1000,15.512910842895508,17.047967571558203,26.953521389307227,8.787763256372658,25.36086311340332,26.895919842066014,31.937259334863867,22.14202656203672
4,4,2000,[128],0.001,1000,508.0644775390625,509.59953426772523,968.3171001856939,317.8818584864752,900.6090087890625,902.1440655177252,1087.7832256739753,746.6172100489752
4,4,2000,"[128, 128]",1e-05,1000,8.728490829467773,10.26354755813047,14.240948337854592,5.7929660266058125,13.393903160095215,14.928959888757912,21.351218838037695,10.846246380151955
4,4,2000,"[128, 128]",0.0001,1000,284.2842727661133,285.819329494776,398.8714825099127,159.07215084487365,454.22828063964846,455.76333736831117,602.3972393458502,272.4598308985846
4,4,2000,"[128, 128]",0.001,1000,130938.00390625,130939.53896297867,172527.58193172867,106683.42568172867,173966.7703125,173968.30536922868,207481.09755672867,122429.17568172867
4,4,2000,[256],1e-05,1000,2.6637400150299073,4.198796743692604,6.262843269647805,2.568773407282082,3.7407877922058104,5.275844520868508,6.877961773218361,3.3234464114324727
4,4,2000,[256],0.0001,1000,30.008925437927246,31.54398216658994,40.80062450820371,22.844398159326758,48.32621269226074,49.861269420923435,57.21210064345762,39.49983562880918
4,4,2000,[256],0.001,1000,1085.418896484375,1086.9539532130377,1303.6989971583503,789.1289287989752,1734.6879638671876,1736.2230205958504,1870.3884502833503,1453.4323955958503
4,4,2000,"[256, 256]",1e-05,1000,24.10255718231201,25.637613910974707,37.766563076318945,17.532975811304297,41.11528282165527,42.650339550317966,53.65196194106504,32.465293545068945
4,4,2000,"[256, 256]",0.0001,1000,1130.8054077148438,1132.3404644435066,1613.1627422755378,737.7678448146002,1800.2760986328126,1801.8111553614754,2392.9576641505378,1393.7556377833503
4,4,2000,"[256, 256]",0.001,1000,464408.725,464410.2600567286,674610.7225567286,280572.94130672864,653732.4125,653733.9475567286,752715.4100567286,547873.0975567286
4,7,300,[32],1e-05,1000,-0.23083991892635822,0.5366884454049904,2.0394755097933848,-1.7154576090268057,1.6257355093955994,2.393263873726948,6.855841467053517,-0.7507833746365469
4,7,300,[32],0.0001,1000,0.6644647300243378,1.4319930943556864,2.5589603873797495,0.6024963351794321,1.6218105204403401,2.3893388847716888,5.94603187766753,-0.7503675726345937
4,7,300,[32],0.001,1000,7.1665326118469235,7.934060976178272,12.049646207959277,5.405327150494679,6.923913240432739,7.691441604764088,17.89200002876006,0.9524419995852549
4,7,300,[64],1e-05,1000,-1.4038722038269043,-0.6363438394955556,1.471974799306019,-3.8204347399166982,0.28902946710586547,1.0565578314372142,4.370535919339283,-1.200727632372753
4,7,300,[64],0.0001,1000,0.6656412099953741,1.4331695743267228,3.2195313664980967,-1.2005411890438955,0.9616283014416694,1.7291566657730182,5.510374853283985,-1.7158626821926992
4,7,300,[64],0.001,1000,10.237497997283935,11.005026361615283,17.25337583747588,7.218967744977101,16.748644256591795,17.516172620923143,25.132959196240527,11.079925367505176
4,7,300,[128],1e-05,1000,0.18979657888412477,0.9573249432154733,4.110976049573048,-3.0806452539853018,-0.17368059754371643,0.5938477667876322,4.44276268211089,-1.8999666479519766
4,7,300,[128],0.0001,1000,0.9714532434940338,1.7389816078253824,6.299088308484181,-2.90284769806184,2.859245216846466,3.626773581177815,6.730489561230763,2.1870617362567026
4,7,300,[128],0.001,1000,22.37379741668701,23.14132578101836,29.782373258740527,15.399978468091113,31.849880409240722,32.61740877357207,36.5830076428958,28.034868070752246
4,7,300,"[128, 128]",1e-05,1000,1.2400330007076263,2.007561365038975,3.4625447484561045,0.46616072383604834,1.8602562487125396,2.627784613043888,5.482627222210987,0.12135536399565527
4,7,300,"[128, 128]",0.0001,1000,12.40291657447815,13.1704449388095,19.249322721631152,5.183826753766163,18.567568016052245,19.335096380383593,25.244020292431934,14.091135809094531
4,7,300,"[128, 128]",0.001,1000,580.8090942382812,581.5766226026126,829.6284902783939,384.32651884284695,841.5487762451172,842.3163046094486,1072.4556387158939,477.66868192878445
4,7,300,[256],1e-05,1000,0.4068536341190338,1.1743819984503825,2.6407457086154063,-1.3161894586972158,-0.9462854027748108,-0.17875703844346214,1.8044324609347422,-1.4936382082394521
4,7,300,[256],0.0001,1000,2.930284631252289,3.6978129955836376,5.901650259167774,1.5874391290255625,5.471923780441284,6.239452144772633,7.720379182965382,4.574142286450489
4,7,300,[256],0.001,1000,49.03688411712646,49.80441248145781,62.007774183423145,29.376333067090137,72.28781051635742,73.05533888068878,81.76633817878448,67.36583311286651
4,7,300,"[256, 256]",1e-05,1000,1.8856691151857377,2.653197479517086,4.232293436200245,0.5283831450053293,5.183300936222077,5.950829300553425,8.617061445386035,2.655242631108387
4,7,300,"[256, 256]",0.0001,1000,29.870955562591554,30.638483926922902,46.49153120246611,16.689616033703906,49.88951721191406,50.65704557624541,68.2949331494876,39.49184019294463
4,7,300,"[256, 256]",0.001,1000,2014.6117431640625,2015.379271528394,2783.427684614331,1381.1288564893314,2912.0699462890625,2912.8374746533937,3871.857372114331,2164.346385786206
4,7,1000,[32],1e-05,1000,-0.516683155298233,0.2508452090331156,2.223716208607777,-3.7972742823056143,-0.230078387260437,0.5374499770709116,4.514836856991871,-1.20887260708131
4,7,1000,[32],0.0001,1000,1.3964519143104552,2.163980278641804,6.228797742993458,0.15833325114928076,3.4543779492378235,4.221906313569172,7.780772039563282,2.1605326625414927
4,7,1000,[32],0.001,1000,37.74978523254394,38.51731359687529,81.0123403760501,22.64360220161162,64.3531982421875,65.12072660651886,77.34421903815948,45.61607343879424
4,7,1000,[64],1e-05,1000,-0.8630304843187332,-0.09550211998738456,1.840747902066334,-3.5191680696896475,0.7322203636169433,1.499748727948292,3.4362014028140146,-3.3527743128231924
4,7,1000,[64],0.0001,1000,4.263209319114685,5.030737683446033,10.483421156079395,2.5263434144564707,6.555752182006836,7.323280546338185,10.666127988965137,5.229487726361378
4,7,1000,[64],0.001,1000,84.80145263671875,85.5689810010501,116.39620573249542,46.788387128979785,141.26496429443358,142.03249265876494,171.18162138190948,110.57570249763214
4,7,1000,[128],1e-05,1000,0.6434348106384278,1.4109631749697764,3.1563084813662607,-2.3651289251736562,0.49756581452675164,1.2650941788581003,4.126542875439747,-0.3728410509518545
4,7,1000,[128],0.0001,1000,8.49491901397705,9.262447378308398,13.5789793225833,5.918220350415333,11.137227439880371,11.904755804211721,17.480062315137012,6.755778143078907
4,7,1000,[128],0.001,1000,177.8481643676758,178.61569273200715,213.6365316602298,99.20148832526885,269.60785522460935,270.3753835889407,299.6914785596438,223.5100210401126
4,7,1000,"[128, 128]",1e-05,1000,4.045530617237091,4.81305898156844,8.119317838818652,2.1631272527285654,7.359496688842773,8.127025053174123,11.030260870129688,5.0603464337893564
4,7,1000,"[128, 128]",0.0001,1000,94.21015586853028,94.97768423286163,124.45827085700714,42.19377119270049,140.54076766967773,141.3082960340091,173.65891630378448,107.70833189216339
4,7,1000,"[128, 128]",0.001,1000,18142.41396484375,18143.18149320808,25670.074168989333,11011.446239301831,25944.1685546875,25944.936083051834,36647.78315336433,16774.394481489333
4,7,1000,[256],1e-05,1000,1.2321224838495255,1.9996508481808741,4.877274343640431,-1.3069562223843496,3.2813855528831484,4.048913917214497,7.271688291699513,-0.22767310413636377
4,7,1000,[256],0.0001,1000,12.909300756454467,13.676829120785815,18.873372862012012,7.329246828229054,24.267762184143066,25.035290548474414,27.230010816723926,22.259950468213184
4,7,1000,[256],0.001,1000,342.9287933349609,343.69632169929224,455.4895742627688,219.82978422370635,542.9667327880859,543.7342611524173,608.5536611768314,435.11863310065945
4,7,1000,"[256, 256]",1e-05,1000,11.814424085617066,12.581952449948414,25.155893156201465,6.662305185467823,20.5324725151062,21.300000879437547,25.05843717780791,14.872935125500781
4,7,1000,"[256, 256]",0.0001,1000,298.461572265625,299.22910062995635,451.57383329597195,172.95652372565948,441.45497131347656,442.2224996778079,511.58738310065945,347.59739286628445
4,7,1000,"[256, 256]",0.001,1000,67612.6515625,67613.41909086434,88166.16596586433,47287.44721586433,107321.6484375,107322.41596586433,124913.25190336433,96543.97065336433
4,7,2000,[32],1e-05,1000,0.5028228551149369,1.2703512194462854,1.986822554738148,0.3736254664965708,1.2944435715675353,2.061971935898884,3.637611696393116,-1.104829957812206
4,7,2000,[32],0.0001,1000,3.5842037200927734,4.351732084424122,6.783699342877491,1.8525844308444102,6.279788208007813,7.047316572339161,12.29028589454375,3.67169220176421
4,7,2000,[32],0.001,1000,162.76910781860352,163.53663618293487,275.9101980420657,67.46203977790557,186.78691711425782,187.55444547858917,249.7342642041751,132.2025259229251
4,7,2000,[64],1e-05,1000,0.3989647805690765,1.1664931449004252,3.2708469125338633,-1.314210822909252,0.1373154938220978,0.9048438581534464,2.241348931462391,-1.2502252367428701
4,7,2000,[64],0.0001,1000,9.195699071884155,9.963227436215504,14.458184072644336,5.165391275555714,12.649843120574952,13.417371484906301,18.217660734326465,9.408389875561816
4,7,2000,[64],0.001,1000,286.80920867919923,287.57673704353056,380.4550893994876,159.7895620557376,448.3866485595703,449.1541769239016,537.2148550244876,329.2253530713626
4,7,2000,[128],1e-05,1000,1.5431985020637513,2.3107268663951,6.153981992871388,1.0025165769167979,1.4384986937046051,2.2060270580359536,5.843517133862599,-0.7460070160321157
4,7,2000,[128],0.0001,1000,17.056767082214357,17.824295446545705,25.57249624458037,12.047149488598926,27.751764488220214,28.519292852551562,34.327239820630176,22.42959768501006
4,7,2000,[128],0.001,1000,543.7178436279297,544.4853719922611,756.9011953565189,319.8190115186282,930.3704772949219,931.1380056592533,1250.3401602002689,796.9147451612064
4,7,2000,"[128, 128]",1e-05,1000,9.14494972229004,9.912478086621388,16.82029707160674,6.431605169446095,15.639221096038819,16.40674946037017,20.27792532172881,10.29436189857207
4,7,2000,"[128, 128]",0.0001,1000,300.53399658203125,301.3015249463626,557.2577627393314,162.07120878425323,542.8312377929688,543.5987661573001,801.0231435987064,395.18259794440945
4,7,2000,"[128, 128]",0.001,1000,113786.12109375,113786.88862211433,177002.78315336432,68647.40815336433,169281.7796875,169282.54721586432,200797.15815336432,118521.00190336433
4,7,2000,[256],1e-05,1000,2.3752015590667725,3.142729923398121,5.219076463849171,-0.04861920151032617,3.5650167584419252,4.332545122773274,8.092830488354785,0.9652366134234507
4,7,2000,[256],0.0001,1000,35.58971481323242,36.35724317756377,41.67691786018096,27.660810300976856,50.398855972290036,51.166384336621384,62.97609312263213,42.72334654060088
4,7,2000,[256],0.001,1000,1148.597967529297,1149.3654958936283,1700.0797842237064,728.0625723096439,1707.8034912109374,1708.5710195752688,1943.8548086377689,1474.7200430127689
4,7,2000,"[256, 256]",1e-05,1000,23.840259265899657,24.607787630231005,37.238006422192676,15.273154089123828,34.88301448822021,35.65054285255156,45.29447157111846,29.50787908759795
4,7,2000,"[256, 256]",0.0001,1000,1244.6166381835938,1245.3841665479251,1784.8803213330814,746.8478506299564,1801.4591552734375,1802.226683637769,2092.671825239331,1598.1748769971439
4,7,2000,"[256, 256]",0.001,1000,436277.028125,436277.79565336433,569522.0800283643,304463.9862783643,652600.98125,652601.7487783643,804467.1425283643,501009.9550283643
4,10,300,[32],1e-05,1000,-0.11351504921913147,0.3981705270017676,3.7374357841219,-6.104717049816698,-0.03519425690174103,0.476491319319158,4.198191132327467,-3.1109052040372798
4,10,300,[32],0.0001,1000,0.733963169530034,1.245648745750933,3.431147303363233,-0.5552190878187128,0.48986752033233644,1.0015530965532355,6.029393400927931,-1.1458189823423335
4,10,300,[32],0.001,1000,4.253876942396164,4.765562518617063,7.805896963855177,1.051283027907758,9.078487062454224,9.590172638675122,19.283627714892773,5.38415643193379
4,10,300,[64],1e-05,1000,-0.8360056936740875,-0.32432011745318845,2.56798097111836,-2.3131444790159175,1.6481235861778258,2.159809162398725,5.444849695941358,-3.4597928859983393
4,10,300,[64],0.0001,1000,1.0588709652423858,1.5705565414632847,2.9627549312318853,-1.6762726642881343,0.7532210409641266,1.2649066171850256,3.6881303451265386,-0.9639929868970819
4,10,300,[64],0.001,1000,10.929514312744141,11.44119988896504,18.260287489673047,6.622471060534864,16.0103440284729,16.5220296046938,19.429772581836133,13.060715880175977
4,10,300,[128],1e-05,1000,-0.12971355766057968,0.38197201856031937,2.6193713805879644,-7.0662091114316885,1.139689815044403,1.6513753912653022,4.223140206118971,-0.3708329536710687
4,10,300,[128],0.0001,1000,2.208841782808304,2.720527359029203,6.544017519732862,0.9824837706293158,2.669422608613968,3.181108184834867,5.755261626025587,1.4924255869592717
4,10,300,[128],0.001,1000,21.009906578063966,21.521592154284864,34.295319762011914,11.565083708545117,33.74505138397217,34.25673696019307,43.53606912114277,25.646870817920117
4,10,300,"[128, 128]",1e-05,1000,0.9877107381820679,1.499396314402967,3.9236127994264653,-2.4566872455869624,1.5500264823436738,2.0617120585645727,5.1007759235109384,-2.017353329876513
4,10,300,"[128, 128]",0.0001,1000,11.596924972534179,12.108610548755077,16.58766099431172,7.505895819445997,20.453197860717772,20.96488343693867,29.069754805346875,13.950211729785352
4,10,300,"[128, 128]",0.001,1000,444.0182403564453,444.5299259326662,693.0274326465334,290.22662087895526,732.3894470214843,732.9011325977052,874.3094761035646,623.0638706348146
4,10,300,[256],1e-05,1000,0.42667659372091293,0.938362169941812,3.2327990195955327,-0.5113745071683832,1.6061093494296075,2.1177949256505064,6.755035605212599,-0.4780719616208978
4,10,300,[256],0.0001,1000,4.025568604469299,4.537254180690199,7.3706452510561045,2.9013421199525884,5.637006115913391,6.148691692134291,8.620968069812207,2.8401682040895513
4,10,300,[256],0.001,1000,44.54148292541504,45.05316850163594,70.76871224858418,26.103749480029492,65.61671524047851,66.12840081669941,79.34653207280293,51.94894906499043
4,10,300,"[256, 256]",1e-05,1000,3.927802336215973,4.4394879124368725,6.6053325793947275,1.3133973739351323,4.38331241607666,4.89499799229756,8.445381369372754,1.680410113116651
4,10,300,"[256, 256]",0.0001,1000,30.361398696899414,30.873084273120313,43.238660063525586,18.205075468799023,56.234517669677736,56.746203245898634,62.02297708012715,50.7552158496584
4,10,300,"[256, 256]",0.001,1000,1917.8663818359375,1918.3780674121585,2841.1867344043458,1251.672085966846,2995.840869140625,2996.3525547168456,3865.3202793262208,2295.0859043262208
4,10,1000,[32],1e-05,1000,-0.21115516424179076,0.3005304119791083,3.479473080417066,-2.4183686115537593,0.13417961513623594,0.6458651913571349,3.6888291499818853,-1.5275948383603999
4,10,1000,[32],0.0001,1000,2.730864918231964,3.242550494452863,6.183869566699415,-1.0508073904310176,3.3815023243427276,3.8931879005636265,8.427078928729443,-0.392010483959765
4,10,1000,[32],0.001,1000,38.424322319030765,38.93600789525166,56.805424895068555,18.244439329883008,59.72836151123047,60.240047087451366,73.77585336186543,46.74762841679707
4,10,1000,[64],1e-05,1000,-0.18182275369763373,0.3298628225232653,3.085324253817945,-5.823319230297655,1.1584198296070098,1.670105405827909,6.2516948840822275,-2.1418869831357905
4,10,1000,[64],0.0001,1000,4.43276025056839,4.9444458267892895,10.447102751513867,1.36337515332356,6.152966690063477,6.664652266284376,9.816064085742383,3.232438053866773
4,10,1000,[64],0.001,1000,80.4496006011963,80.9612861774172,112.61416360356465,44.2697422168459,127.10082168579102,127.61250726201192,162.53202554204123,88.71609994389668
4,10,1000,[128],1e-05,1000,-0.42111084461212156,0.09057473160877749,2.7204839847291997,-2.232039246777148,0.7863079011440277,1.2979934773649267,4.163305010577589,-1.4514766075406977
4,10,1000,[128],0.0001,1000,6.494109749794006,7.005795326014906,10.27392693974629,3.9711026809419683,12.283719062805176,12.795404639026074,15.471892561694531,10.515523161670117
4,10,1000,[128],0.001,1000,167.81291580200195,168.32460137822287,216.45544167973654,116.6446201465334,245.3594482421875,245.87113381840842,285.95156594731463,191.33579751469748
4,10,1000,"[128, 128]",1e-05,1000,5.349102520942688,5.860788097163588,9.153506483813672,2.982508625766187,7.7250409603118895,8.236726536532789,13.833600249072461,4.6026374957765634
4,10,1000,"[128, 128]",0.0001,1000,76.84055671691894,77.35224229313984,108.92592355229512,48.055512633105664,127.77203140258788,128.2837169788088,155.79984780766623,103.17166635014668
4,10,1000,"[128, 128]",0.001,1000,19024.9984375,19025.51012307622,25566.91988870122,14608.91305276372,28127.7423828125,28128.25406838872,37478.007779326224,17969.61715432622
4,10,1000,[256],1e-05,1000,0.8661447197198868,1.377830295940786,2.4910497329439214,-0.33333692334041076,2.733707945048809,3.245393521269708,7.4469487331117685,0.452974211355596
4,10,1000,[256],0.0001,1000,15.605689144134521,16.11737472035542,22.37728806950703,8.881411757251172,23.051120567321778,23.562806143542677,27.939017500659375,19.353343214770703
4,10,1000,[256],0.001,1000,353.8153137207031,354.326999296924,511.2930881641115,227.91735574223654,569.9842407226563,570.4959262988772,675.6461460254396,473.74502297856463
4,10,1000,"[256, 256]",1e-05,1000,13.387362194061279,13.899047770282177,20.078772749682813,7.760977949878126,19.395207786560057,19.906893362780956,27.158986296435742,16.399604048510938
4,10,1000,"[256, 256]",0.0001,1000,350.4672088623047,350.9788944385256,464.13006326176776,255.48440286137716,476.9973388671875,477.5090244434084,608.8531162402834,367.6090976855959
4,10,1000,"[256, 256]",0.001,1000,65168.44765625,65168.95934182622,102393.16012307622,45440.484341826224,117058.4265625,117058.93824807621,138840.83981057623,71611.33981057622
4,10,2000,[32],1e-05,1000,0.3034163826145232,0.8151019588354222,2.8361618182863286,-1.5190749504362056,0.9551492869853974,1.4668348632062964,3.72846886136189,-0.4428776838575311
4,10,2000,[32],0.0001,1000,4.382118678092956,4.893804254313856,11.84655305363789,2.5969526431764653,7.6838322401046755,8.195517816325575,14.100924696704297,2.3768930099214605
4,10,2000,[32],0.001,1000,109.10246505737305,109.61415063359395,163.0817234180178,75.43171426274434,211.91702575683593,212.42871133305684,292.63128396489276,125.37731667973652
4,10,2000,[64],1e-05,1000,1.1891527518630027,1.700838328083902,5.573179449817091,0.17215117432728333,1.90088552236557,2.412571098586469,6.940340246936231,-1.2512616255079219
4,10,2000,[64],0.0001,1000,7.162936329841614,7.674621906062513,12.261684622546582,4.049071993609815,12.100714588165284,12.612400164386182,19.90512582280293,8.354971136828809
4,10,2000,[64],0.001,1000,293.88860473632815,294.40029031254903,373.40444680668963,229.5239841602053,449.82647399902345,450.33815957524433,595.2240268848146,398.58099099614276
4,10,2000,[128],1e-05,1000,1.2374431192874908,1.7491286955083898,4.156814303180128,0.029360499164014286,2.946313500404358,3.457999076625257,8.173135485431104,-0.26160082600459533
4,10,2000,[128],0.0001,1000,14.310306453704834,14.821992029925733,21.208527769824414,8.457732405444531,23.81532211303711,24.327007689258007,31.336690153857617,19.798320021411328
4,10,2000,[128],0.001,1000,598.3665771484375,598.8782627246584,788.4680454395021,394.01284524418963,856.7287780761719,857.2404636523928,1115.202115263721,638.6161167285646
4,10,2000,"[128, 128]",1e-05,1000,9.823515796661377,10.335201372882276,24.220456328174023,5.9491693637575205,16.299100399017334,16.810785975238232,23.94656869389668,11.044670309802441
4,10,2000,"[128, 128]",0.0001,1000,264.99644927978517,265.50813485600605,423.81631204106463,165.7999393604006,487.11265258789064,487.6243381641115,643.4884311816896,359.40813943364276
4,10,2000,"[128, 128]",0.001,1000,122892.96328125,122893.47496682622,179160.74606057623,66009.98043557622,172183.8296875,172184.34137307623,203606.32418557623,147729.58981057623
4,10,2000,[256],1e-05,1000,3.456935924291611,3.96862150051251,7.037332739612013,1.0191511175836614,3.25661341547966,3.768298991700559,7.075290407916456,0.9705674312318854
4,10,2000,[256],0.0001,1000,31.331149673461915,31.842835249682814,42.15911599614277,22.97728272893086,51.886265182495116,52.397950758716014,64.07495614506855,42.8488323352541
4,10,2000,[256],0.001,1000,1149.711114501953,1150.222800078174,1438.444058623096,776.6158725879396,1668.383056640625,1668.894742216846,2144.4833652637208,1209.223599638721
4,10,2000,"[256, 256]",1e-05,1000,24.368295097351073,24.87998067357197,32.481158461352734,17.58995362736836,40.5336181640625,41.0453037402834,62.279362883349805,33.09901925542012
4,10,2000,"[256, 256]",0.0001,1000,1348.9528381347657,1349.4645237109867,1634.988492216846,857.1367466113771,1729.648681640625,1730.160367216846,2504.4530918262208,1242.850552763721
4,10,2000,"[256, 256]",0.001,1000,414731.684375,414732.19606057624,723156.4491855762,251879.52731057623,682406.5875,682407.0991855762,830427.9491855762,442248.69918557623
4,20,300,[32],1e-05,1000,0.21672492921352388,0.45910230742342345,3.3330865876520384,-4.108652971521546,0.5616709262132644,0.804048304423164,3.2437952534998167,-1.4452036841069948
4,20,300,[32],0.0001,1000,-1.0032040536403657,-0.7608266754304661,1.7213238255823362,-3.301288269296814,0.6426066964864731,0.8849840746963726,3.278222657903503,-0.7612682802831424
4,20,300,[32],0.001,1000,5.031982803344727,5.274360181554626,9.653535939916443,1.7321249024713743,8.354893922805786,8.597271301015686,16.81983862088568,4.254039384588073
4,20,300,[64],1e-05,1000,-1.3489581227302552,-1.1065807445203557,0.767698623403381,-2.625389002100159,0.6137652516365051,0.8561426298464047,4.284175492986511,-2.309252641931702
4,20,300,[64],0.0001,1000,0.24791780412197112,0.4902951823318707,2.8470595853174436,-1.2655853254949343,0.7103298828005791,0.9527072610104786,2.5036800877893675,-2.5165254099523318
4,20,300,[64],0.001,1000,9.920330810546876,10.162708188756776,15.404748059972595,5.297331907018493,16.906803607940674,17.149180986150572,24.19592962430365,11.823558904393982
4,20,300,[128],1e-05,1000,-0.04504861831665039,0.1973287598932492,2.3700910584772337,-4.044669054285218,0.49715082347393036,0.7395282016838299,2.867253877385925,-2.2144729120885622
4,20,300,[128],0.0001,1000,1.4451015517115593,1.687478929921459,4.9980026261652215,-1.4868859274541628,4.070050442218781,4.31242782042868,7.697316743596862,0.0391576068247067
4,20,300,[128],0.001,1000,23.52720069885254,23.769578077062437,31.237097837194273,19.919343091710875,29.68197841644287,29.92435579465277,41.22855291531928,20.70914755032904
4,20,300,"[128, 128]",1e-05,1000,0.6011568784713746,0.8435342566812741,5.192257978185485,-0.8733819945012821,2.371687741577625,2.614065119787525,6.833625890477966,-0.06909849478356966
4,20,300,"[128, 128]",0.0001,1000,13.49951343536377,13.74189081357367,28.485165693029234,7.2623330132807,18.676763820648194,18.919141198858092,27.3710394875849,10.717275716527771
4,20,300,"[128, 128]",0.001,1000,617.4291870117188,617.6715643899287,903.1602850930536,344.4896002786005,803.6122924804688,803.8546698586787,1114.3440619485225,614.6581488625849
4,20,300,[256],1e-05,1000,-0.22798685133457183,0.014390526875327742,3.1340490357721555,-3.166258953348328,0.6333135664463043,0.8756909446562039,5.295436479314636,-1.4915808661138308
4,20,300,[256],0.0001,1000,4.03326313495636,4.275640513166259,7.62302169965155,1.5636964814508665,5.133888030052185,5.376265408262085,8.301187612279724,3.162823058828186
4,20,300,[256],0.001,1000,39.53002700805664,39.772404386266544,48.27305135892279,33.107478238805605,66.6131492614746,66.8555266396845,85.09046087430364,59.14971075223334
4,20,300,"[256, 256]",1e-05,1000,2.9102532774209977,3.1526306556308974,4.96534118817694,0.5486412124479519,5.409666943922639,5.6520443221325385,8.443004705175232,0.2291506344223725
4,20,300,"[256, 256]",0.0001,1000,35.55874900817871,35.80112638638861,51.91898260281928,23.40458212064154,48.58558654785156,48.827963926061464,54.63902959988959,39.9780951516474
4,20,300,"[256, 256]",0.001,1000,2063.751989746094,2063.9943671243036,3078.6862250344598,1281.210394956335,2856.36796875,2856.6103461282096,3495.3205023782098,2325.1945258157098
4,20,1000,[32],1e-05,1000,0.06907458901405335,0.3114519672239529,2.8184500710809934,-4.1371926291143195,0.788772077858448,1.0311494560683476,4.977213479741882,-0.4819338543569339
4,20,1000,[32],0.0001,1000,2.3570126593112946,2.5993900375211942,3.880338289007019,0.8705162184084164,3.917050611972809,4.159427990182708,9.623190023168396,-0.5787675602590335
4,20,1000,[32],0.001,1000,37.262451362609866,37.50482874081977,42.932795621618105,30.540694333776305,63.586355209350586,63.82873258756049,75.44304571317083,43.91395101712592
4,20,1000,[64],1e-05,1000,0.2609437763690948,0.5033211545789944,2.4813502805078733,-2.4423343165075075,0.6253519028425216,0.8677292810524212,3.1478239075983274,-1.12806632353418
4,20,1000,[64],0.0001,1000,4.2451906442642215,4.487568022474121,8.383813001378845,1.2507573144281614,7.389409780502319,7.631787158712219,11.772822477086853,3.474143125280212
4,20,1000,[64],0.001,1000,85.57814178466796,85.82051916287786,122.36626348660833,51.092776395543886,109.66658630371094,109.90896368192084,135.0156165139521,85.31578741238958
4,20,1000,[128],1e-05,1000,-0.11475755032151938,0.1276198278883802,2.510167218908142,-5.350885294214417,1.199659636616707,1.4420370148266066,3.778057672246765,-1.857405088678528
4,20,1000,[128],0.0001,1000,7.015262079238892,7.257639457448791,11.934636213048767,4.534420587285827,12.819090747833252,13.061468126043152,16.625817395910094,7.397309400304626
4,20,1000,[128],0.001,1000,167.77902526855468,168.02140264676459,223.62619695828803,121.33634100125677,271.56253509521486,271.80491247342474,336.07462225125676,173.65201482938178
4,20,1000,"[128, 128]",1e-05,1000,4.9208194494247435,5.163196827634643,8.522524930700135,2.801842786535095,7.717838954925537,7.9602163331354365,11.140434362157654,4.415620424016784
4,20,1000,"[128, 128]",0.0001,1000,76.50471229553223,76.74708967374212,107.5260687844599,49.14152059720404,131.60613861083985,131.84851598904976,182.95972356961616,99.10149297879583
4,20,1000,"[128, 128]",0.001,1000,19628.9451171875,19629.18749456571,32332.23456487821,14647.51776800321,26580.4576171875,26580.69999456571,30385.03143987821,15496.99433050321
4,20,1000,[256],1e-05,1000,0.9257022053003311,1.1680795835102307,3.559979535802673,-1.3242923243200075,2.477296471595764,2.719673849805664,5.8577509896600946,0.48812947438604704
4,20,1000,[256],0.0001,1000,12.881110572814942,13.123487951024842,17.972876645788023,8.407971479162049,23.239442825317383,23.48182020352728,29.343182660802672,14.809100248082947
4,20,1000,[256],0.001,1000,368.346240234375,368.58861761258487,451.496558286413,233.87232122586616,519.7225494384766,519.9649268166864,599.3798285500849,448.8258734719599
4,20,1000,"[256, 256]",1e-05,1000,12.114988899230957,12.357366277440857,15.593477346166443,9.873009778722595,19.601761627197266,19.844139005407165,26.613190747960875,13.898974515661072
4,20,1000,"[256, 256]",0.0001,1000,303.3819305419922,303.62430792020206,421.72119817899113,203.2132483498896,422.9850799560547,423.22745733426456,588.8812933938349,297.15833196805363
4,20,1000,"[256, 256]",0.001,1000,78435.2828125,78435.5251898782,101759.7970648782,56697.35956487821,106134.6578125,106134.9001898782,123395.5001898782,78664.4689398782
4,20,2000,[32],1e-05,1000,0.304962819814682,0.5473401980245816,6.0269237534845574,-1.6573852522527468,1.1981745094060898,1.4405518876159893,5.343296624883483,-2.929811857477356
4,20,2000,[32],0.0001,1000,5.105890619754791,5.34826799796469,9.200774289830994,1.7330930011118162,6.715395522117615,6.957772900327514,10.83094988034613,2.7557228581751096
4,20,2000,[32],0.001,1000,147.93421630859376,148.17659368680367,228.09432134793647,75.48952398465521,204.9806365966797,205.2230139748896,256.86698064969426,147.1615668313349
4,20,2000,[64],1e-05,1000,1.07630997300148,1.3186873512113797,4.523673631414245,-3.7522162420903933,0.6975646257400513,0.9399420039499509,2.2013721244180906,-1.1472853644048464
4,20,2000,[64],0.0001,1000,8.590704965591431,8.833082343801332,12.631262876256775,5.6428695695245965,13.474056720733643,13.716434098943543,17.59533033536322,9.688467122777771
4,20,2000,[64],0.001,1000,275.05704193115236,275.29941930936224,360.8052741067255,202.13457403348335,464.0719512939453,464.31432867215517,576.7343207375849,310.24307928250676
4,20,2000,[128],1e-05,1000,1.5504068657755852,1.7927842439854849,3.991873361333679,-0.6036600692426456,2.7920833736658097,3.0344607518757094,5.974058248266052,0.1825989560926663
4,20,2000,[128],0.0001,1000,15.862342166900635,16.104719545110534,22.699666120275328,10.101318456395935,29.467741203308105,29.710118581518003,37.47394857571967,25.700160123571226
4,20,2000,[128],0.001,1000,557.7093139648438,557.9516913430537,682.7802191750849,384.32010564969426,848.1716796875,848.4140570657099,996.6247015969599,697.6632758157099
4,20,2000,"[128, 128]",1e-05,1000,9.502492332458496,9.744869710668397,17.186379529699156,5.65032015012152,12.08587007522583,12.328247453435731,18.325713254674742,7.101310827001403
4,20,2000,"[128, 128]",0.0001,1000,265.78324432373046,266.02562170194034,337.4517584817255,181.6841498391474,473.1975433349609,473.4399207131708,599.7577582375849,396.62930975125676
4,20,2000,"[128, 128]",0.001,1000,115041.35390625,115041.59628362821,221008.91425237822,66853.2892523782,179576.8015625,179577.04393987823,211012.82050237822,131456.21112737822
4,20,2000,[256],1e-05,1000,2.470012331008911,2.7123897092188107,6.071419812902282,0.7927109377229916,4.628431081771851,4.87080845998175,8.13371095822699,2.62636003659613
4,20,2000,[256],0.0001,1000,35.454436492919925,35.69681387112983,49.00856313870795,27.944800473913023,56.94985160827637,57.19222898648627,69.2879096047724,45.87833700345404
4,20,2000,[256],0.001,1000,1163.5242309570312,1163.7666083352412,1665.33759222196,723.8418646828974,1901.3346313476563,1901.5770087258663,2170.8585883157098,1659.04755315946
4,20,2000,"[256, 256]",1e-05,1000,22.403005599975586,22.645382978185484,33.542388059362246,14.676617719396424,39.79992866516113,40.042306043371035,47.26770696805365,30.45023641751654
4,20,2000,"[256, 256]",0.0001,1000,1219.6857177734375,1219.9280951516475,1451.695258237585,940.1262885110224,1689.1781005859375,1689.4204779641475,2156.3869086282098,1302.204047300085
4,20,2000,"[256, 256]",0.001,1000,434177.303125,434177.5455023782,595788.9298773782,290201.8048773782,700103.0875,700103.3298773782,807077.7423773782,573778.9923773782
4,50,300,[32],1e-05,1000,-0.9381369918584823,-0.8441539268383171,4.439452062975487,-4.79177914964048,0.2989662602543831,0.39294932527454823,4.762531172167382,-2.6148315559515147
4,50,300,[32],0.0001,1000,0.3990714315325022,0.4930544965526673,3.9292358268609853,-1.3834323774465707,1.96467544734478,2.058658512364945,9.183585535418114,-1.8409109007009652
4,50,300,[32],0.001,1000,5.524356758594513,5.6183398236146775,12.046422373186669,1.413455973993859,8.813039922714234,8.907022987734399,13.305419336687645,5.007121454607567
4,50,300,[64],1e-05,1000,0.5405678674578667,0.6345509324780318,2.7359057773462148,-3.5906420837530284,0.4365822643041611,0.5305653293243262,2.7155915607324452,-1.2959680448660043
4,50,300,[64],0.0001,1000,0.4556149274110794,0.5495979924312445,1.2774595130792472,-1.1227124820837167,0.8604405656456947,0.9544236306658599,2.7870251048913808,-1.1473100076803353
4,50,300,[64],0.001,1000,10.154616355895996,10.248599420916161,16.16432036055239,5.598136316668114,17.766621589660645,17.86060465468081,21.19835699690493,13.1924899925104
4,50,300,[128],1e-05,1000,-1.2753331661224365,-1.1813501011022713,1.324410210978112,-4.9674287925848155,0.17652353644371033,0.27050660146387545,3.3436600078454823,-3.3000019680151134
4,50,300,[128],0.0001,1000,2.855892372131348,2.949875437151513,4.9414495338312,1.7076853622308585,3.3824782848358153,3.47646134985598,12.767829309832177,-0.40675984727231534
4,50,300,[128],0.001,1000,20.218579959869384,20.31256302488955,30.532127748858056,12.24246443403872,32.15791282653809,32.251895891558256,39.240288149248684,24.56043089522036
4,50,300,"[128, 128]",1e-05,1000,1.9913182720541953,2.0853013370743603,4.984023462664208,0.06819635225447147,2.863240733742714,2.957223798762879,7.150775801073632,-0.3585522960313943
4,50,300,"[128, 128]",0.0001,1000,10.501870107650756,10.595853172670921,18.222664247881493,6.749126802813134,17.88975410461426,17.983737169634423,21.952124010454735,12.743185411821923
4,50,300,"[128, 128]",0.001,1000,495.3474822998047,495.44146536482486,659.5436900962702,270.12935293806703,785.2610778808594,785.3550609458796,1105.7171520103327,566.2156261314265
4,50,300,[256],1e-05,1000,-0.5035306543111802,-0.40954758929101504,3.1479259837976308,-2.52699791299192,0.8037241131067276,0.8977071781268928,3.539931427370629,-3.5144210945257335
4,50,300,[256],0.0001,1000,3.244682765007019,3.338665830027184,4.152650247942528,2.214203964602074,5.384495592117309,5.478478657137474,8.28795946730288,2.340755354296288
4,50,300,[256],0.001,1000,42.91362838745117,43.00761145247134,69.69621695173892,29.137136827837548,66.65248908996583,66.746472154986,82.73450125349673,55.33158911360415
4,50,300,"[256, 256]",1e-05,1000,3.5552600264549254,3.6492430914750904,6.791800390612206,1.9704668630472038,6.057892084121704,6.151875149141869,9.210031877886376,3.692658316027245
4,50,300,"[256, 256]",0.0001,1000,33.25667037963867,33.35065344465884,50.03177679670962,23.21503866804751,49.95924396514893,50.0532270301691,68.29120291365298,29.130056749712548
4,50,300,"[256, 256]",0.001,1000,2258.6597534179687,2258.7537364829886,3441.33910025252,1748.4627574790827,2987.383642578125,2987.477625643145,3504.58714712752,2538.17552603377
4,50,1000,[32],1e-05,1000,0.4875733286142349,0.5815563936344,3.8127154220453114,-1.8332440744527962,0.13914670199155807,0.23312976701172322,4.3133024085870595,-2.1216977726110606
4,50,1000,[32],0.0001,1000,2.289881259202957,2.383864324223122,3.903365265261254,0.5284063328615043,3.603245711326599,3.697228776346764,6.668336283098778,1.0218004096856925
4,50,1000,[32],0.001,1000,40.547443580627444,40.64142664564761,61.439819704424465,24.4438327659479,67.8781608581543,67.97214392317447,85.45856131209048,53.727531801592434
4,50,1000,[64],1e-05,1000,1.1172149032354355,1.2111979682556007,4.117205511461815,-3.859817851651588,0.10037890672683716,0.19436197174700232,2.1197930683008046,-2.6271973739751964
4,50,1000,[64],0.0001,1000,3.3539516165852548,3.4479346816054197,5.482992540728173,0.32617649031790225,6.629089617729187,6.723072682749352,12.814246546160302,3.9147731174341054
4,50,1000,[64],0.001,1000,85.12584838867187,85.21983145369204,123.14976919783267,58.05173529280337,128.50960311889648,128.60358618391663,158.82623709334047,101.98286093367251
4,50,1000,[128],1e-05,1000,0.14798050113022326,0.2419635661503884,3.034281145464501,-1.101753700841346,-0.178924161195755,-0.08494109617558986,3.804505478273949,-2.2648478637823253
4,50,1000,[128],0.0001,1000,6.182634329795837,6.276617394816002,10.974979769121727,2.9116703380456777,13.3431387424469,13.437121807467065,19.202225099932274,7.215385328661522
4,50,1000,[128],0.001,1000,188.61713409423828,188.71111715925844,226.06410635603578,128.48811758650453,271.7460571289063,271.8400401939264,319.20235098494203,228.94221914900453
4,50,1000,"[128, 128]",1e-05,1000,3.9942625403404235,4.088245605360589,8.052455316912255,1.8751273263803336,7.248562645912171,7.3425457109323355,9.521007906328759,3.231328617464623
4,50,1000,"[128, 128]",0.0001,1000,96.43535919189453,96.5293422569147,129.55467642439515,71.83637655867251,119.46691284179687,119.56089590681704,167.28160513533265,78.55500448836001
4,50,1000,"[128, 128]",0.001,1000,19092.21064453125,19092.30462759627,22161.56468619002,9094.91136587752,27844.134375,27844.228358065022,38102.95335806502,22951.33031119002
4,50,1000,[256],1e-05,1000,1.750577050447464,1.8445601154676292,4.7610939849725575,0.5343698967805717,2.7738770246505737,2.8678600896707387,7.274684320818505,-0.5456175099500802
4,50,1000,[256],0.0001,1000,16.255146980285645,16.34913004530581,20.867645632158837,8.865819345842919,23.918790435791017,24.012773500811182,26.441498171221337,21.189239870440087
4,50,1000,[256],0.001,1000,430.1597564697266,430.2537395347467,583.8754772056452,348.67378653181703,567.8118377685547,567.9058208335749,624.104175936114,499.64729727400453
4,50,1000,"[256, 256]",1e-05,1000,12.075587463378906,12.16957052839907,15.216457735430321,6.078101526629052,18.713378810882567,18.807361875902732,25.4478610862604,13.45729769362124
4,50,1000,"[256, 256]",0.0001,1000,322.98644256591797,323.0804256309381,452.03306997908265,221.53841055525453,457.268212890625,457.3621959556452,546.3682140220515,358.04524649275453
4,50,1000,"[256, 256]",0.001,1000,63458.483203125,63458.577186190014,86486.16429556502,40480.59007681502,115722.92421875,115723.01820181502,143519.42210806502,78329.85179556502
4,50,2000,[32],1e-05,1000,-0.4606505990028381,-0.366667533982673,1.4946951974740836,-3.558186400998512,1.1134638607501983,1.2074469257703635,3.056512009035668,-1.2968791614660409
4,50,2000,[32],0.0001,1000,3.1738291501998903,3.2678122152200553,7.607490431200585,1.2892636169305656,6.948396873474121,7.042379938494286,11.54000795973452,4.839988123308739
4,50,2000,[32],0.001,1000,145.07685394287108,145.17083700789124,172.96735037459047,110.40010489119204,207.12845458984376,207.2224376548639,277.28609121931703,150.00581778181703
4,50,2000,[64],1e-05,1000,0.7165183424949646,0.8105014075151298,4.344694029223046,-2.8327854763158946,0.7258855774998665,0.8198686425200317,2.5474139560571523,-0.8015889416822579
4,50,2000,[64],0.0001,1000,7.448988056182861,7.542971121203026,10.763038050066552,4.160507570635399,13.346887397766114,13.440870462786279,18.765249620806298,10.458876978289208
4,50,2000,[64],0.001,1000,266.3734100341797,266.46739309919985,316.36763418806703,171.80513418806703,408.7545654296875,408.84854849470764,489.59724844587953,340.5663036216608
4,50,2000,[128],1e-05,1000,1.1835233628749848,1.27750642789515,6.325680624376854,-2.8142093311437755,2.2976051449775694,2.3915882099977344,5.9000357498041005,-0.3232401798853067
4,50,2000,[128],0.0001,1000,18.11595516204834,18.209938227068506,25.620201479326806,14.03321207655581,25.318730926513673,25.41271399153384,31.349197756182274,19.800964723955712
4,50,2000,[128],0.001,1000,615.0903381347656,615.1843211997858,854.2744640220515,410.4515575279108,857.9137756347657,858.0077586997859,986.7774547447077,707.045826326739
4,50,2000,"[128, 128]",1e-05,1000,8.193657755851746,8.28764082087191,15.233277689348778,2.5711566318384023,14.20844578742981,14.302428852449975,20.32647551191958,7.858713995348534
4,50,2000,"[128, 128]",0.0001,1000,319.7168762207031,319.81085928572327,506.70015371931703,220.77370108259828,498.71958618164064,498.8135692466608,636.2957652915827,345.0580028404108
4,50,2000,"[128, 128]",0.001,1000,108585.90234375,108585.99632681502,155901.29710806502,88092.34398306502,166187.528125,166187.62210806503,215788.90648306502,103897.71898306502
4,50,2000,[256],1e-05,1000,2.2510123670101168,2.3449954320302817,4.483688722979149,0.8338258971086356,3.456916791200638,3.550899856220803,5.827319990526757,0.6903879155031059
4,50,2000,[256],0.0001,1000,34.83466567993164,34.92864874495181,52.606594454180325,21.132934938799462,51.928598403930664,52.02258146895083,65.52640188826236,43.57416571272525
4,50,2000,[256],0.001,1000,1247.8244506835938,1247.918433748614,1707.7912486900202,819.0192760337702,1904.0815307617188,1904.175513826739,2210.12376822127,1805.4781383384577
4,50,2000,"[256, 256]",1e-05,1000,21.768757343292236,21.8627404083124,32.52040136946353,15.986159693132958,35.82625865936279,35.92024172438296,44.65744818342837,24.729971300493798
4,50,2000,"[256, 256]",0.0001,1000,1174.9202941894532,1175.0142772544734,1589.6699107993952,908.2425426353327,1794.6265380859375,1794.7205211509577,2232.37279165877,1298.3802379478327
4,50,2000,"[256, 256]",0.001,1000,459724.5375,459724.631483065,575570.906483065,271923.21898306505,676736.3625,676736.456483065,925175.281483065,543182.531483065
4,100,300,[32],1e-05,1000,0.5394129946827888,0.5859298652483251,2.538978790350082,-1.341356659822342,0.9914293378591538,1.03794620842469,3.9589020958615566,-1.5878900536822054
4,100,300,[32],0.0001,1000,-0.03593837395310402,0.010578496612432257,2.4774677506161953,-2.653617883615372,-0.09865918159484863,-0.05214231102931235,2.276567434377792,-1.6478697308825228
4,100,300,[32],0.001,1000,4.789496493339539,4.836013363905075,7.152747606344345,3.597929452962997,8.258257102966308,8.304773973531844,10.11834094435704,5.46574256331456
4,100,300,[64],1e-05,1000,-0.23567855656147002,-0.18916168599593375,1.7308689108563688,-3.3846912631319737,1.643116945028305,1.6896338155938413,5.497159456319931,-0.9537402638720247
4,100,300,[64],0.0001,1000,1.5997054368257522,1.6462223073912885,3.3626589527798916,0.14807799965870644,1.8919103100895882,1.9384271806551245,6.5571651211453705,-0.3480062732027743
4,100,300,[64],0.001,1000,10.952536678314209,10.999053548879745,13.589220499105576,8.895959352560165,15.76591444015503,15.812431310720566,20.096220468587997,11.124533151693466
4,100,300,[128],1e-05,1000,0.7513945758342743,0.7979114463998106,3.9951236000729824,-2.3442862281130528,0.9436652667820453,0.9901821373475816,4.640758489675644,-2.2313921698855137
4,100,300,[128],0.0001,1000,1.5879519611597062,1.6344688317252425,4.892926668233994,-1.5231064805315706,3.3522643446922302,3.3987812152577663,7.155519937582138,-1.0639161118792269
4,100,300,[128],0.001,1000,21.417659568786622,21.46417643935216,33.54513976485264,11.463757013387802,34.28875999450683,34.335276865072366,45.785084222860455,25.65068671614659
4,100,300,"[128, 128]",1e-05,1000,1.2510789565742015,1.2975958271397379,4.585653757162216,-1.3980351933764192,1.6433928847312926,1.689909755296829,3.5705260983182217,-1.033178234987137
4,100,300,"[128, 128]",0.0001,1000,11.04597897529602,11.092495845861556,20.51004073531163,4.694937681264999,18.522571754455566,18.569088625021102,29.43582770735753,9.0438408604337
4,100,300,"[128, 128]",0.001,1000,524.5897399902344,524.6362568607999,802.9010700932217,346.18289992720617,788.1753356933593,788.2218525639248,1022.7623982182217,572.8009724369717
4,100,300,[256],1e-05,1000,-0.4861477702856064,-0.43963089972007013,3.360005115575912,-3.763999963693497,1.3391289710998535,1.3856458416653898,4.280830358572128,-2.222274805002091
4,100,300,[256],0.0001,1000,3.0066994398832323,3.0532163104487684,5.714809869833115,0.5232471874429014,4.156505703926086,4.203022574491623,7.70591590315831,2.3052947273923183
4,100,300,[256],0.001,1000,45.82137908935547,45.867895959921,62.43203399092686,29.052431558675888,69.5994213104248,69.64593818099034,74.9392552128507,61.96906707198155
4,100,300,"[256, 256]",1e-05,1000,3.397164762020111,3.443681632585647,5.860967134542587,1.2013181200696257,5.466355729103088,5.512872599668625,8.62659690291417,3.1850719204617763
4,100,300,"[256, 256]",0.0001,1000,34.27540397644043,34.32192084700596,46.93100020796788,22.69722793013585,50.81154518127441,50.858062051839944,63.544117425985455,44.423050378866314
4,100,300,"[256, 256]",0.001,1000,1842.4945556640625,1842.541072534628,3319.1444172611905,1202.4112629643155,2949.9122802734373,2949.958797144003,3764.0667805424405,2000.4749836674405
4,100,1000,[32],1e-05,1000,-1.1419012635946273,-1.095384393029091,2.9126186123563076,-5.513522649698135,-0.2496497742831707,-0.20313290371763443,2.421851848669174,-3.2479131469057774
4,100,1000,[32],0.0001,1000,2.350902161002159,2.3974190315676953,3.7687682858182217,0.45670027048123146,3.952318161725998,3.998835032291534,8.164636110372665,-0.7294858941363069
4,100,1000,[32],0.001,1000,47.11688022613525,47.163397096700784,79.3417210331632,29.473089670248154,59.71200580596924,59.758522676534774,79.77928206831945,30.554510568685654
4,100,1000,[64],1e-05,1000,-0.5645947724580764,-0.5180779018925401,2.3498222580624843,-3.7854802855776524,0.845665542036295,0.8921824126018313,6.911233877248886,-4.222635293893692
4,100,1000,[64],0.0001,1000,3.147079348564148,3.193596219129684,6.112420057363632,0.9477909556103972,6.546697735786438,6.5932146063519745,10.756178354330185,3.0191805115414883
4,100,1000,[64],0.001,1000,81.09070625305176,81.1372231236173,111.32186171919835,63.09363219649327,130.64992141723633,130.69643828780187,179.84078261763585,99.96514174849523
4,100,1000,[128],1e-05,1000,0.36125745326280595,0.4077743238283422,3.911521410055282,-1.5736882933901521,1.2078642949461937,1.25438116551173,4.2119407406522065,-1.5834045657442781
4,100,1000,[128],0.0001,1000,8.011343073844909,8.057859944410446,11.897963022298935,3.967060779638412,11.437686395645141,11.484203266210677,14.363790964193466,7.687574361868027
4,100,1000,[128],0.001,1000,173.26208038330077,173.3085972538663,240.32210585982335,114.01046798140538,255.63577575683593,255.68229262740147,316.7346882572843,213.85640761763585
4,100,1000,"[128, 128]",1e-05,1000,3.9515621066093445,3.9980789771748806,8.931457971639755,0.9341746321393278,7.234139537811279,7.2806564083768155,10.505438303060654,4.257926916189316
4,100,1000,"[128, 128]",0.0001,1000,84.93942031860351,84.98593718916905,114.84736678511632,50.93499038130772,142.15242385864258,142.19894072920812,171.99907729537023,108.20881698042882
4,100,1000,"[128, 128]",0.001,1000,17922.5443359375,17922.590852808065,21647.491829370567,13083.757454370565,27174.60234375,27174.648860620568,35111.91370437056,22127.550423120567
4,100,1000,[256],1e-05,1000,1.1675463557243346,1.214063226289871,3.589926933355453,-1.2647816190050813,1.365521577745676,1.4120384483112123,5.301181768484238,-1.1574876555727693
4,100,1000,[256],0.0001,1000,14.922414684295655,14.968931554861191,20.505140756673935,9.225048517294052,23.445536613464355,23.492053484029892,34.85780761153233,19.183538888998154
4,100,1000,[256],0.001,1000,384.80057525634766,384.8470921269132,502.3117451420499,255.60289809615148,524.2688842773438,524.3154011479093,596.1054157963467,430.4591755619718
4,100,1000,"[256, 256]",1e-05,1000,11.207359838485718,11.253876709051255,19.134546732015732,7.515398000784042,20.23270034790039,20.279217218465927,26.310629343099716,13.155279611654404
4,100,1000,"[256, 256]",0.0001,1000,314.1778732299805,314.22439010054603,403.98169753462804,201.67522475630773,451.5288482666016,451.5753651371671,558.877205347128,364.9658894291593
4,100,1000,"[256, 256]",0.001,1000,68536.2296875,68536.27620437057,86456.19495437057,47530.44495437056,111094.62265625,111094.66917312056,142849.20276687056,85537.49182937057
4,100,2000,[32],1e-05,1000,0.5310536921024323,0.5775705626679686,2.6798376789761806,-2.772676492624161,0.34463114514946935,0.3911480157150056,2.5071999779416347,-1.4293583878802034
4,100,2000,[32],0.0001,1000,4.669561553001404,4.71607842356694,8.444957231588486,2.270557855672958,7.591547870635987,7.638064741201523,10.000894998617294,3.1777362576199795
4,100,2000,[32],0.001,1000,131.7005214691162,131.74703833968175,181.39827773482335,57.79671904952061,218.6306945800781,218.67721145064365,289.31241652876867,164.68486831099523
4,100,2000,[64],1e-05,1000,0.6382863163948059,0.6848031869603423,4.6005234471036225,-2.1621868857668614,0.9400045409798622,0.9865214115453985,4.471237157888535,-1.8719684132860872
4,100,2000,[64],0.0001,1000,7.091704964637756,7.138221835203293,11.374609445638779,2.793192838735702,11.841165256500243,11.88768212706578,17.31120917708409,7.761731599874619
4,100,2000,[64],0.001,1000,304.3581481933594,304.40466506392494,406.6681904545499,225.56493422896398,447.13828430175784,447.1848011723234,542.3594441166592,353.92203566939367
4,100,2000,[128],1e-05,1000,2.1018978893756866,2.1484147599412227,4.371199583120468,0.36354154855740334,3.5880218148231506,3.6345386853886867,5.702726339407089,0.858703826971176
4,100,2000,[128],0.0001,1000,14.76387267112732,14.810389541692857,21.322998498983505,7.700815176077011,25.346384811401368,25.392901681966904,29.50483939558995,20.958986734457138
4,100,2000,[128],0.001,1000,592.9793975830078,593.0259144535733,861.2501301518155,411.9558796635343,842.59521484375,842.6417317143155,1028.3277668705655,688.510750269003
4,100,2000,"[128, 128]",1e-05,1000,9.340968656539918,9.387485527105454,15.821423982687119,4.305481409139755,11.714210081100465,11.760726951666001,18.89209983260167,7.676694845266464
4,100,2000,"[128, 128]",0.0001,1000,288.59639434814454,288.6429112187101,387.4914326420499,200.93456313521398,503.3477081298828,503.39422500044833,620.208260034628,432.67716262251867
4,100,2000,"[128, 128]",0.001,1000,121262.678125,121262.72464187058,172538.42151687056,76562.26526687057,158142.403125,158142.44964187057,210703.14026687056,111755.09339187057
4,100,2000,[256],1e-05,1000,2.2437853388488294,2.2903022094143655,6.946293329305771,0.15659555555117394,4.265767052769661,4.3122839233351975,8.243597482748154,0.33630729228985573
4,100,2000,[256],0.0001,1000,31.700782585144044,31.74729945570958,43.811912988729595,19.441103433675888,50.84856910705567,50.8950859776212,61.962513422079205,43.061817621297955
4,100,2000,[256],0.001,1000,1199.0791748046875,1199.125691675253,1500.701912378378,769.8366169682217,1853.6571044921875,1853.703621362753,2445.7569660893155,1524.1449055424405
4,100,2000,"[256, 256]",1e-05,1000,23.760827159881593,23.80734403044713,32.97858474165928,14.932955240316513,36.894851493835446,36.94136836440098,48.16227767378819,31.635958170004013
4,100,2000,"[256, 256]",0.0001,1000,1193.1308288574219,1193.1773457279874,1415.859627222128,721.7199177494717,1705.6980834960937,1705.7446003666591,2051.0628742924405,1041.071541284628
4,100,2000,"[256, 256]",0.001,1000,425715.8,425715.84651687054,556000.7965168706,323273.76526687056,692653.05,692653.0965168707,876064.1715168706,622121.1715168706
8,2,300,[32],1e-05,1000,-0.8692871004343032,3.7358830855537883,6.152871306364679,0.9138352231432432,-1.477808904647827,3.1273612813402645,6.486466343825006,-6.094891612107611
8,2,300,[32],0.0001,1000,-1.5187636688351631,3.0864065171529287,5.76288288397088,-0.3924785299848086,-0.13896516859531402,4.466205017392777,7.509348328535699,1.81792062086358
8,2,300,[32],0.001,1000,3.450059723854065,8.055229909842158,11.913036759321832,5.610651429121637,4.3580793857574465,8.96324957174554,14.410288746779107,6.520120556776666
8,2,300,[64],1e-05,1000,-1.3631572533398866,3.2420129326482052,6.224782641356134,0.9294263677050107,-0.8389648556709289,3.7662053303171628,6.724651272719049,0.7310280160356992
8,2,300,[64],0.0001,1000,0.7982115089893341,5.403381694977426,6.7977775887896055,3.786609108870172,0.684897855296731,5.290068041284822,7.608455117170953,0.5213870362688535
8,2,300,[64],0.001,1000,14.433284473419189,19.03845465940728,27.281075413649226,7.7913760499407285,12.68484091758728,17.290011103575374,24.13020604414239,10.105544503157281
8,2,300,[128],1e-05,1000,-0.6176887199282646,3.987481466059827,6.271320517485284,1.0053550557543272,-0.45821220278739927,4.146957983200693,6.30719178480401,0.8336142854143613
8,2,300,[128],0.0001,1000,1.9839825481176376,6.589152734105729,7.905647690718316,4.4576001421858304,1.5041367383673787,6.1093069243554705,8.23461049360528,4.61258318771913
8,2,300,[128],0.001,1000,28.14725971221924,32.75242989820733,42.297446186964656,27.11034291548028,34.97703838348389,39.58220856947198,53.10857289594903,31.378914769117976
8,2,300,"[128, 128]",1e-05,1000,0.3862688899040222,4.991439075892114,6.9591287927080625,1.902482207243585,1.0768172770738602,5.681987463061952,6.551981862013482,4.804219927017831
8,2,300,"[128, 128]",0.0001,1000,14.694073104858399,19.29924329084649,31.561184819166805,12.752438481276178,16.87535514831543,21.480525334303522,26.929627354567195,10.34933274549737
8,2,300,"[128, 128]",0.001,1000,798.2982971191407,802.9034673051287,1065.5493840531756,641.0148991898943,789.3031799316407,793.9083501176287,934.2016667680193,625.9379338578631
8,2,300,[256],1e-05,1000,-0.2896017409861088,4.315568445001983,5.6873955087114805,1.5758261041094297,0.7426143020391465,5.347784488027238,6.994741852705621,3.410143669073724
8,2,300,[256],0.0001,1000,3.3959333896636963,8.001103575651788,9.955397065107965,6.06584804815545,3.5017567336559297,8.106926919644021,10.457242424910211,4.942052717631006
8,2,300,[256],0.001,1000,62.37959976196289,66.98476994795098,84.45862477583184,40.86034291548028,69.39442291259766,73.99959309858575,91.7500218705584,63.51708882612481
8,2,300,"[256, 256]",1e-05,1000,2.7918217420578,7.3969919280458925,8.649355824415826,5.365024741118097,2.3558282613754273,6.960998447363519,9.419210846846246,5.184858973448419
8,2,300,"[256, 256]",0.0001,1000,42.55246467590332,47.15763486189142,63.033347065870906,37.92507832807794,50.08194198608398,54.68711217207208,65.16247075361504,46.21822636884942
8,2,300,"[256, 256]",0.001,1000,2968.9060791015627,2973.511249287551,3673.0082463578633,2497.9760197953633,3140.5216796875,3145.1268498734885,3740.3764104203633,2526.8422307328633
8,2,1000,[32],1e-05,1000,0.34409536719322203,4.949265553181314,7.0583414391924375,3.1847173528124326,-0.185687418282032,4.41948276770606,6.3392674283434385,2.1931309060503477
8,2,1000,[32],0.0001,1000,2.041508603096008,6.6466787890841,7.494689877455377,5.429975684111261,1.8683462023735047,6.473516388361596,9.86116259855523,2.4278218106676572
8,2,1000,[32],0.001,1000,62.11454734802246,66.71971753401056,91.81605428022637,48.69567006391778,67.44239730834961,72.0475674943377,94.84348958296074,49.60885518354669
8,2,1000,[64],1e-05,1000,-0.0932775616645813,4.511892624323511,7.144096787398004,0.17608302397026954,0.3705883905291557,4.975758576517247,6.506200011198663,2.5220038251329893
8,2,1000,[64],0.0001,1000,4.491322994232178,9.09649318022027,13.569347317640924,6.349325116102838,3.781642484664917,8.386812670653008,13.787964756910943,5.675131495421075
8,2,1000,[64],0.001,1000,128.57444076538087,133.17961095136897,197.7425450639178,81.81480305952324,147.6853805541992,152.2905507401873,182.74460500044123,120.50660603803887
8,2,1000,[128],1e-05,1000,0.3380738854408264,4.943244071428918,6.767006094877862,2.1407300786425107,-0.8036965012550354,3.8014736847330566,6.4059743241716856,-1.365555827195502
8,2,1000,[128],0.0001,1000,6.57131724357605,11.17648742956414,16.212761815016414,7.2394561128069395,6.300869560241699,10.90603974622979,17.21562856001153,6.915936882918023
8,2,1000,[128],0.001,1000,281.6125259399414,286.2176961259295,366.6005315141131,232.34427541059748,290.081477355957,294.6866475419451,376.18204396528495,223.0356664018084
8,2,1000,"[128, 128]",1e-05,1000,3.7119131445884705,8.317083330576562,10.965707714979791,5.656539256994867,6.383249568939209,10.9884197549273,14.952960904066705,6.4972147302080625
8,2,1000,"[128, 128]",0.0001,1000,119.02922592163085,123.63439610761894,180.79788869184748,78.55103963178887,144.46490020751952,149.07007039350762,188.77246754926935,117.75248616499199
8,2,1000,"[128, 128]",0.001,1000,28993.9966796875,28998.60184987349,39336.69892018599,23629.476263935987,31104.4845703125,31109.089740498486,39278.69892018599,24778.698920185987
8,2,1000,[256],1e-05,1000,1.636922574043274,6.242092760031365,8.642674382155084,2.846670325224542,1.2035147607326508,5.808684946720742,7.303373272841119,3.9909382419039243
8,2,1000,[256],0.0001,1000,16.62580223083496,21.23097241682305,25.278273518507625,15.004464085524225,18.11506290435791,22.720233090346,29.35617726606622,15.154169972365045
8,2,1000,[256],0.001,1000,548.69658203125,553.3017522172381,635.5477971391131,439.9438542680193,595.007846069336,599.613016255324,737.7089909867693,511.67825978559745
8,2,1000,"[256, 256]",1e-05,1000,12.788116216659546,17.39328640264764,27.348151143019344,10.024348671858453,15.94467887878418,20.54984906477227,24.876954014723445,13.080428059523248
8,2,1000,"[256, 256]",0.0001,1000,470.40919799804686,475.01436818403494,538.2190007523943,392.1604680375506,436.68866577148435,441.2938359574724,542.8940495805193,381.86771291059745
8,2,1000,"[256, 256]",0.001,1000,120289.84453125,120294.44970143598,145039.683295186,96203.24579518598,122759.165625,122763.77079518598,161307.011420186,102552.26142018598
8,2,2000,[32],1e-05,1000,0.34318523555994035,4.948355421548032,7.176030571882867,1.467832024519586,0.6545454926788807,5.259715678666972,7.295653756086969,1.3689731912065977
8,2,2000,[32],0.0001,1000,3.546066474914551,8.151236660902644,11.496789868300104,5.838311369841241,5.107304191589355,9.712474377577447,15.183751042311334,5.842928584044122
8,2,2000,[32],0.001,1000,238.01104736328125,242.61621754926935,317.6301335648943,179.7595128373553,195.19490737915038,199.80007756513848,258.9507359818865,126.37187093061699
8,2,2000,[64],1e-05,1000,1.0959534406661988,5.70112362665429,7.090066845839166,3.544370348875665,0.7257806122303009,5.330950798218392,6.628851349775934,3.800109799330377
8,2,2000,[64],0.0001,1000,7.56866602897644,12.173836214964531,18.873626645033504,7.215129311506891,9.977113437652587,14.582283623640679,20.852951939528133,8.863865788405084
8,2,2000,[64],0.001,1000,431.5066162109375,436.1117863969256,584.0519475297381,293.9705571488787,417.2118804931641,421.81705067915215,488.69705861372245,337.04129689497245
8,2,2000,[128],1e-05,1000,0.11440743207931518,4.719577618067407,6.671000893538141,2.3122927503038877,0.6858743041753769,5.291044490163468,6.691533024733209,3.197669680540704
8,2,2000,[128],0.0001,1000,21.3234806060791,25.928650792067195,33.80728047651544,13.48903935713067,25.463825607299803,30.068995793287897,35.498352940504695,21.403414662306453
8,2,2000,[128],0.001,1000,830.7556884765625,835.3608586625505,1122.2913274125506,519.3385075883318,918.9054870605469,923.510657246535,1159.516547139113,728.7773503617693
8,2,2000,"[128, 128]",1e-05,1000,11.26240119934082,15.867571385328912,23.95717709821954,7.491117413466119,10.39207739830017,14.997247584288262,25.217245991652156,6.7998904542376035
8,2,2000,"[128, 128]",0.0001,1000,477.3464630126953,481.9516331986834,648.3364323930193,320.49112599653495,475.8112487792969,480.41641896528495,627.4481877641131,386.10782521528495
8,2,2000,"[128, 128]",0.001,1000,162716.7984375,162721.403607686,213134.995795186,124669.99579518598,200936.2046875,200940.809857686,274755.04267018597,164270.886420186
8,2,2000,[256],1e-05,1000,2.636402440071106,7.241572626059198,8.515342171614313,5.907081778471612,2.092676019668579,6.6978462056566705,8.676426823561334,5.6804940061022275
8,2,2000,[256],0.0001,1000,46.64878692626953,51.25395711225762,66.71501439375176,36.674643452589656,48.564374160766604,53.1695443467547,60.17150014204278,40.663588459913875
8,2,2000,[256],0.001,1000,1756.1906494140626,1760.7958196000507,1988.4185246781756,1511.536322529738,1870.1412963867188,1874.7464665727068,2146.1513127641133,1651.601019795363
8,2,2000,"[256, 256]",1e-05,1000,33.53425979614258,38.13942998213067,45.513129170363094,28.642889912550594,35.42977409362793,40.03494427961602,50.774054463331844,25.087031300490047
8,2,2000,"[256, 256]",0.0001,1000,1747.3361328125,1751.941302998488,2435.5705022172383,1455.300970967238,1905.7309448242188,1910.3361150102069,2626.9740666703633,1418.247504170363
8,2,2000,"[256, 256]",0.001,1000,670645.78125,670650.386420186,820819.667670186,480606.35517018597,770971.33125,770975.9364201861,974386.667670186,602521.542670186
8,3,300,[32],1e-05,1000,0.016008299589157105,2.318593392583203,4.597525564643216,-2.1307602248465303,0.17499929070472717,2.477584383698773,4.353399483176541,0.9832968392098662
8,3,300,[32],0.0001,1000,0.2732862949371338,2.57587138793118,6.149103371115994,-1.7505607924734834,1.0127702236175538,3.3153553166115994,6.190955130072903,0.22661849639065235
8,3,300,[32],0.001,1000,5.257053828239441,7.5596389212334865,11.796072451087309,4.730437246772122,7.8632296323776245,10.165814725371671,17.03385397574551,3.8927566685403105
8,3,300,[64],1e-05,1000,-0.3390227985568345,1.9635622944372115,5.734120575400662,-2.2225904784476045,-0.1105156660079956,2.19206942698605,4.4804241337502715,-0.12143996575229199
8,3,300,[64],0.0001,1000,1.426258447766304,3.7288435407603497,5.61947580954678,1.719909755202603,-0.054023750871419904,2.248561342122626,5.1280843891824,-3.0868201575552705
8,3,300,[64],0.001,1000,13.247903823852539,15.550488916846586,18.564614740821195,12.238933054419828,16.739436531066893,19.04202162406094,23.247796503516508,14.154992548438383
8,3,300,[128],1e-05,1000,-0.14720321595668792,2.155381877037358,7.803962675544095,-2.351721318749118,-0.0636191263794899,2.238965966614556,5.555814711066556,-0.4339261374747041
8,3,300,[128],0.0001,1000,2.861419802904129,5.1640048958981755,10.725790468665434,1.7024808802331206,1.9142105519771575,4.216795644971203,7.874405352088284,1.419042555304837
8,3,300,[128],0.001,1000,30.919414138793947,33.22199923178799,48.78049418112881,24.732594934912992,35.22147693634033,37.524062029334374,43.76782557150967,27.170484034034086
8,3,300,"[128, 128]",1e-05,1000,0.7768366396427154,3.0794217326367614,4.937416283103299,-0.08558491089694531,0.5695027232170105,2.8720878162110566,4.966351715537381,-0.3348193488394502
8,3,300,"[128, 128]",0.0001,1000,15.417733860015868,17.720318953009915,23.253320185157133,11.1107401528085,14.268551349639893,16.57113644263394,23.581378427954984,11.846381632300687
8,3,300,"[128, 128]",0.001,1000,838.0811828613281,840.3837679543221,1264.3257784523691,594.298190561744,864.20478515625,866.507370249244,1316.2353243508066,521.7245211281503
8,3,300,[256],1e-05,1000,1.0808914810419084,3.3834765740359543,5.421837774726224,0.37493368765957324,0.5933549970388412,2.8959400900328873,5.2588617481911895,0.790318337889981
8,3,300,[256],0.0001,1000,4.407900607585907,6.7104857005799525,8.953756300422025,3.523588267775845,4.609648394584656,6.9122334875787015,9.207210985633207,3.021702019187283
8,3,300,[256],0.001,1000,59.59682846069336,61.8994135536874,82.08847376486905,45.40229365012295,72.90966911315918,75.21225420615323,88.29577204367764,58.10372873923428
8,3,300,"[256, 256]",1e-05,1000,3.809269380569458,6.111854473563504,9.906043497535062,3.3100280441964385,4.174099910259247,6.4766850032532925,10.224466768714262,3.460409013243985
8,3,300,"[256, 256]",0.0001,1000,43.80075550079346,46.1033405937875,53.42629572531826,31.45572420737393,52.77383899688721,55.07642408988125,80.73128840109952,33.72083803794033
8,3,300,"[256, 256]",0.001,1000,2865.019970703125,2867.322555796119,3301.068454233619,2463.486911264869,3120.990966796875,3123.293551889869,3893.846774546119,2402.017672983619
8,3,1000,[32],1e-05,1000,0.6020375058054924,2.904622598799538,6.087000338050198,-0.7050814948355439,0.4222045809030533,2.7247896738970994,5.952558723899197,-1.084562810448337
8,3,1000,[32],0.0001,1000,1.7530918687582016,4.055676961752248,6.353373972388577,1.0226022877419707,1.8581615388393402,4.160746631833386,6.9229454674447295,0.9938350596154448
8,3,1000,[32],0.001,1000,63.171011734008786,65.47359682700284,100.3067965187753,39.36978480002529,61.21345520019531,63.516040293189356,84.7560381569589,45.5781244911874
8,3,1000,[64],1e-05,1000,0.9886075019836426,3.2911925949776886,6.046903578254056,-1.1731851420675996,0.6740596175193787,2.9766447105134244,4.7538709320748564,1.008378354522061
8,3,1000,[64],0.0001,1000,5.634997105598449,7.937582198592495,11.661005465003324,4.348720518561673,5.0140368938446045,7.31662198683865,12.408693758460355,3.7175316490853545
8,3,1000,[64],0.001,1000,119.40082931518555,121.7034144081796,167.67651697775966,91.81267115256436,135.9789276123047,138.28151270529872,181.4555086769784,101.49560114524014
8,3,1000,[128],1e-05,1000,0.5768418595194816,2.8794269525135276,4.216115919562649,0.9496521630013701,0.7945068836212158,3.097091976615262,4.087513891669583,0.10034724852688282
8,3,1000,[128],0.0001,1000,9.79170994758606,12.094295040580107,16.14790293357022,8.805379358741117,8.778350400924683,11.08093549391873,17.905236689063383,5.476703134986233
8,3,1000,[128],0.001,1000,251.26147003173827,253.5640551247323,301.0055269875253,214.05586573264247,287.0575256347656,289.36011072775966,363.3227877297128,212.41260096213466
8,3,1000,"[128, 128]",1e-05,1000,5.927542018890381,8.230127111884427,10.936712709876371,4.721154657813382,6.480289912223816,8.78287500521786,14.447307077857328,4.9218303837502715
8,3,1000,"[128, 128]",0.0001,1000,133.79363708496095,136.09622217795498,192.9894442238534,78.08256098410733,120.46194076538086,122.76452585837491,161.66875025412685,91.17794367453702
8,3,1000,"[128, 128]",0.001,1000,27636.8185546875,27639.121139780495,43795.19711634299,20311.613131967995,33463.422265625,33465.72485071799,41538.56821009299,28304.456881967995
8,3,1000,[256],1e-05,1000,1.5330838397145272,3.835668932708573,5.733042685004544,2.3709860273326155,2.603844720125198,4.906429813119244,8.762766329261137,2.0001002826417205
8,3,1000,[256],0.0001,1000,19.496723175048828,21.799308268042875,26.347791162940336,18.124761072608305,25.058811569213866,27.361396662207913,38.30981012961514,19.519374338599516
8,3,1000,[256],0.001,1000,512.9913757324218,515.2939608254159,595.3043551125253,426.9953951515878,534.7385925292969,537.0411776222909,677.9299044289315,455.52075525900966
8,3,1000,"[256, 256]",1e-05,1000,16.619143390655516,18.921728483649563,23.487391916724516,13.023316828223539,19.842224884033204,22.14480997702725,27.852727381202055,19.74250742575772
8,3,1000,"[256, 256]",0.0001,1000,428.84483032226564,431.1474154152597,498.9485201515878,328.7295260109628,469.0677551269531,471.37034021994714,583.3825411476815,392.3775973000253
8,3,1000,"[256, 256]",0.001,1000,109695.146875,109697.449460093,138896.38071009298,85233.826022593,114586.1171875,114588.419772593,132310.09946009298,88115.099460093
8,3,2000,[32],1e-05,1000,0.5469574213027955,2.849542514296841,5.1089384236062285,-1.3947921119009736,0.08790151439607144,2.3904866073901174,5.178787437888455,0.5509671845162627
8,3,2000,[32],0.0001,1000,5.4809212446212765,7.783506337615322,12.17756029746182,5.821663109275174,5.399933505058288,7.702518598052334,12.064988581153226,4.933156219931912
8,3,2000,[32],0.001,1000,201.3904182434082,203.69300333640223,300.20505091330654,93.29059931418546,190.85421295166014,193.15679804465418,253.4271578469003,145.8822664894784
8,3,2000,[64],1e-05,1000,1.2781202733516692,3.580705366345715,6.79685207984097,1.0929312386239287,0.17337820045650004,2.4759632934505458,4.292545763465237,0.21569534918911426
8,3,2000,[64],0.0001,1000,10.706451392173767,13.009036485167812,18.615180460425687,4.881126610251736,11.907072353363038,14.209657446357085,19.39213892600186,6.767628160926175
8,3,2000,[64],0.001,1000,421.20342712402345,423.5060122170175,537.0359224953378,296.09616419455654,436.16417236328124,438.4667574562753,620.0644259133065,344.65478846213466
8,3,2000,[128],1e-05,1000,1.1978960752487182,3.5004811682427643,6.1364464440072295,0.5408911385262725,1.972883552312851,4.275468645306897,7.216510263892483,0.9929406323159453
8,3,2000,[128],0.0001,1000,23.522663497924803,25.82524859091885,37.16623255393154,18.23339983603604,22.492271614074706,24.794856707068753,30.496884790870023,19.089326349707914
8,3,2000,[128],0.001,1000,893.0716735839844,895.3742586769785,1196.3138155617441,726.6345553078378,940.1296020507813,942.4321871437753,1285.7782931008066,777.6425509133065
8,3,2000,"[128, 128]",1e-05,1000,11.674592781066895,13.977177874060942,20.015149561377836,7.571349588843655,11.102708625793458,13.405293718787505,16.13840529105313,10.470736948462797
8,3,2000,"[128, 128]",0.0001,1000,462.95623474121095,465.258819834205,587.6379122414315,285.58203455588466,474.9722412109375,477.27482630393155,636.7216524758065,367.88244959494716
8,3,2000,"[128, 128]",0.001,1000,190407.921875,190410.22446009298,311150.271335093,133823.20883509298,198341.06875,198343.371335093,281978.802585093,157997.53696009298
8,3,2000,[256],1e-05,1000,2.430189323425293,4.732774416419339,6.276140657874417,3.391203848334622,3.6932119369506835,5.995797029944729,11.642889467688871,3.391780821296048
8,3,2000,[256],0.0001,1000,48.68321304321289,50.98579813620693,64.54964014670499,45.15594431540615,49.95740852355957,52.259993616553615,61.58940836569912,45.59044977805264
8,3,2000,[256],0.001,1000,1744.5315307617188,1746.834115854713,2364.349948374244,1551.5147432961191,1846.2497924804688,1848.552377573463,2202.789157358619,1527.7972139992441
8,3,2000,"[256, 256]",1e-05,1000,34.445757675170896,36.74834276816494,41.716235605689356,29.307610956641508,37.337819290161136,39.64040438315518,49.632434336158106,32.151334253760645
8,3,2000,"[256, 256]",0.0001,1000,1750.5986083984376,1752.9011934914317,2188.274264780494,1107.1040987648691,2056.282421875,2058.585006967994,2882.860446421119,1754.7040743508066
8,3,2000,"[256, 256]",0.001,1000,739403.7625,739406.0650850929,1000073.552585093,605779.552585093,744901.3625,744903.665085093,918055.552585093,626278.177585093
8,4,300,[32],1e-05,1000,-0.1770428240299225,1.3580139046327748,3.77724089080259,-1.2962249333246074,0.02525036334991455,1.5603070920126119,3.7173527663366475,-0.067178946195396
8,4,300,[32],0.0001,1000,0.9087239664047957,2.4437806950674927,4.519442457498757,0.1399276440756001,1.3778800010681151,2.9129367297308124,5.303772348703591,-0.36420224255159717
8,4,300,[32],0.001,1000,5.892730450630188,7.427787179292885,16.550849575342383,2.462727207483498,6.497672748565674,8.032729477228372,11.3290544932501,5.792640823663918
8,4,300,[64],1e-05,1000,0.13372417092323302,1.6687808995859303,3.88259281569883,-2.505382400213035,0.364625509083271,1.8996822377459683,3.6506606524603047,-0.18560157364443164
8,4,300,[64],0.0001,1000,2.7609908590093255,4.296047587672023,6.838946956934182,1.5209690609739699,0.0052702903747558595,1.5403270190374532,5.271493810953347,-3.274835925756248
8,4,300,[64],0.001,1000,14.634616088867187,16.169672817529886,23.467403072656836,11.263044971765725,16.386138820648192,17.921195549310887,21.171817440332617,15.310293812097756
8,4,300,[128],1e-05,1000,0.15227599442005157,1.6873327230827488,3.7758783286230244,-1.959335904775413,0.3058424534276128,1.84089918209031,5.017912763895241,-3.2783044392450176
8,4,300,[128],0.0001,1000,1.9838678002357484,3.5189245288984456,5.889406818689553,0.9458844845907368,1.6663016945123672,3.2013584231750647,7.036843914331643,-3.325366359411033
8,4,300,[128],0.001,1000,31.266889381408692,32.80194611007139,43.15114178115293,24.678706783594336,32.290749168396,33.82580589705869,43.57337154799863,26.71662487441465
8,4,300,"[128, 128]",1e-05,1000,0.7158779025077819,2.2509346311704794,5.968380588831154,-0.3169418389184795,1.4984761834144593,3.0335329120771566,7.006698269190041,-4.47830281799868
8,4,300,"[128, 128]",0.0001,1000,15.617015933990478,17.152072662653175,24.59357227736875,12.259111065210549,18.186657524108888,19.721714252771584,28.40844501906797,11.83748783523008
8,4,300,"[128, 128]",0.001,1000,804.9247253417968,806.4597820704595,1144.5206524317878,457.80403866225646,785.593115234375,787.1281719630376,1163.6697002833503,494.0398174708502
8,4,300,[256],1e-05,1000,-1.2511714935302733,0.2838852351324239,1.9671850388662495,-3.7349523121698223,0.545692652463913,2.0807493811266102,3.4625922625677266,-0.3666568810327373
8,4,300,[256],0.0001,1000,4.098769688606263,5.63382641726896,8.561568874658791,2.8120747988836445,4.678020918369294,6.213077647031991,8.574001449884621,3.166862506212441
8,4,300,[256],0.001,1000,65.1353603363037,66.6704170649664,77.78427853042051,55.03207745009824,69.33058967590333,70.86564640456602,85.74772610122129,58.93826641494199
8,4,300,"[256, 256]",1e-05,1000,4.089460193738342,5.624516922401039,7.691149849237648,1.5636733917312302,4.903374123573303,6.438430852236,10.237678188623635,3.5182961409704365
8,4,300,"[256, 256]",0.0001,1000,51.49532127380371,53.030378002466406,65.9878155177252,35.57367290908262,48.34169502258301,49.876751751245706,56.12033810073301,40.799113888086524
8,4,300,"[256, 256]",0.001,1000,3113.9745361328123,3115.509592861475,3597.9759746974128,2462.2296368067878,3475.8013916015625,3477.3364483302253,4322.012107509912,2314.4984356349128
8,4,1000,[32],1e-05,1000,-0.2595826618373394,1.275474066825358,4.960593599619118,-3.0126460606439434,-0.49805485010147094,1.0370018785612263,2.8197777455465474,-2.829520564733299
8,4,1000,[32],0.0001,1000,2.0241766944527626,3.55923342311546,6.7969004099981465,0.479465979875771,1.7296582072973252,3.2647149359600225,7.37167276793882,-0.663923125921043
8,4,1000,[32],0.001,1000,67.73084182739258,69.26589855605528,95.50419582778379,47.975825924219336,68.98693389892578,70.52199062758848,85.84504665786191,46.3573109095709
8,4,1000,[64],1e-05,1000,0.06011430025100708,1.5951710289137044,5.4711345618383564,-2.558091026006492,0.48134679794311525,2.0164035266058127,5.974957126917092,-0.7514251286371074
8,4,1000,[64],0.0001,1000,5.152323365211487,6.687380093874184,9.287241119684426,3.1968633120672383,6.225343823432922,7.76040055209562,10.253307956995217,5.2354778235571064
8,4,1000,[64],0.001,1000,127.82165756225587,129.35671429091857,185.25339474135802,97.33638729506895,136.00452880859376,137.53958553725647,191.6023632472174,100.56722988540098
8,4,1000,[128],1e-05,1000,0.9104262948036194,2.4454830234663167,5.002765554727761,-3.8634742314203105,0.5275327652692795,2.0625894939319767,6.3518625682012715,-2.6022947842462383
8,4,1000,[128],0.0001,1000,10.515105819702148,12.050162548364845,15.445900577844826,8.359055179895607,12.115175867080689,13.650232595743386,20.027385372461524,9.076447624506203
8,4,1000,[128],0.001,1000,251.30230865478515,252.83736538344786,307.80635799819396,211.06377376967833,288.54266662597655,290.07772335463926,343.3868633692877,234.8717724269049
8,4,1000,"[128, 128]",1e-05,1000,5.873161435127258,7.408218163789956,10.876403469385354,3.5335260813848652,5.46669192314148,7.001748651804177,11.373605388941018,3.6507851069585957
8,4,1000,"[128, 128]",0.0001,1000,129.37958068847655,130.91463741713926,178.0264355128424,98.00816311294004,144.52213592529296,146.05719265395567,197.91410030776427,109.65497555190488
8,4,1000,"[128, 128]",0.001,1000,29773.4703125,29775.005369228664,42500.167869228666,23941.843650478662,31949.8873046875,31951.422361416164,36848.331931728666,22690.870994228662
8,4,1000,[256],1e-05,1000,1.5643501689657568,3.0994068976284543,6.762715000452248,-0.7369974667413555,2.945961131155491,4.481017859818188,8.250046390833107,1.611858222426621
8,4,1000,[256],0.0001,1000,20.320804023742674,21.85586075240537,26.978477138818945,16.486222881616797,23.09126377105713,24.626320499719824,28.975703853906836,20.406659740747656
8,4,1000,[256],0.001,1000,553.8139129638672,555.3489696925299,647.0028912013189,479.90984310561583,573.8412414550781,575.3762981837408,663.6997295802252,527.8572613185064
8,4,1000,"[256, 256]",1e-05,1000,16.586813831329344,18.12187055999204,22.539788860620703,11.574313778223244,18.721146488189696,20.25620321685239,27.875381130518164,13.861199993433205
8,4,1000,"[256, 256]",0.0001,1000,458.6633697509766,460.1984264796393,592.2863384669439,368.17220272475646,483.98240051269534,485.51745724135804,666.3154522364752,405.88896908217833
8,4,1000,"[256, 256]",0.001,1000,106202.7609375,106204.29599422867,130423.08974422867,80682.69911922867,125464.2515625,125465.78661922866,151731.08193172867,93337.58193172867
8,4,2000,[32],1e-05,1000,0.5796242892742157,2.114681017936913,4.681197780908791,0.5971965973989644,1.857402229309082,3.392458957971779,7.37738098555967,-0.5959902817590557
8,4,2000,[32],0.0001,1000,4.405063533782959,5.940120262445657,9.475374836267678,4.0069552844183125,5.876417982578277,7.411474711240975,12.793678898157326,3.066269892992226
8,4,2000,[32],0.001,1000,193.94789657592773,195.48295330459044,258.57906307631896,113.39295925551816,183.6905776977539,185.2256344264166,262.41313900405333,115.83399166518613
8,4,2000,[64],1e-05,1000,0.3166415557265282,1.8516982843892253,4.706245321573464,-3.1666844899041973,1.4895126208662988,3.024569349528996,8.090985912622658,-0.08605585640505176
8,4,2000,[64],0.0001,1000,10.567364263534547,12.102420992197244,17.512010235132422,8.371141094507424,13.603214836120605,15.138271564783302,22.817262310327735,9.225016254724709
8,4,2000,[64],0.001,1000,399.6741180419922,401.2091747706549,492.1769939845221,333.3339764063971,484.2882843017578,485.8233410304205,584.5593487208502,380.0251690333502
8,4,2000,[128],1e-05,1000,1.7539663910865784,3.2890231197492756,5.341411728204934,0.6958781664983906,2.2355615347623825,3.7706182634250798,9.21501411849424,1.3469601755754628
8,4,2000,[128],0.0001,1000,24.603759765625,26.138816494287695,33.752368587793555,20.03697933608457,28.525266456604005,30.060323185266704,38.11422695571348,20.927478451074805
8,4,2000,[128],0.001,1000,935.8386108398438,937.3736675685064,1147.4419170802253,745.1574932521002,886.0921875,887.6272442286627,1135.9814678614753,744.1040264552252
8,4,2000,"[128, 128]",1e-05,1000,11.188288068771362,12.72334479743406,17.903194088281836,9.083789009393898,11.523267269134521,13.058323997797219,18.28216518813535,9.813329357446877
8,4,2000,"[128, 128]",0.0001,1000,511.13515319824216,512.6702099269048,700.2242657130377,380.42021908217833,549.0089721679688,550.5440288966314,755.7444073146002,311.97771419936583
8,4,2000,"[128, 128]",0.001,1000,164233.5546875,164235.08974422867,202885.64443172867,131935.55068172867,176626.2640625,176627.79911922867,214492.17568172867,111059.81630672867
8,4,2000,[256],1e-05,1000,3.957356369495392,5.492413098158089,8.688269275964943,2.6661484425680317,3.3262181997299196,4.861274928392617,10.129830021204201,2.21928669864103
8,4,2000,[256],0.0001,1000,48.16829490661621,49.703351635278906,63.35181011611387,40.71011318618223,56.10550537109375,57.640562099756444,67.01123775893613,47.58125652724668
8,4,2000,[256],0.001,1000,1691.0686401367188,1692.6036968653816,2201.2213360255378,1307.8288799708503,1810.3576293945312,1811.892686123194,2242.2662579005378,1533.9477764552253
8,4,2000,"[256, 256]",1e-05,1000,34.32909164428711,35.864148372949806,45.11759914809629,26.134109157861914,35.58111572265625,37.116172451318945,51.62045635634824,28.577762264551367
8,4,2000,"[256, 256]",0.0001,1000,1843.686376953125,1845.2214336817879,2339.2987286036628,1463.2054668849128,1871.47958984375,1873.0146465724129,2241.5279766505378,1371.8083721583503
8,4,2000,"[256, 256]",0.001,1000,656260.89375,656262.4288067287,801570.8475567286,516922.59755672864,768783.6625,768785.1975567286,939306.2225567286,656054.2225567286
8,7,300,[32],1e-05,1000,0.7952458888292313,1.56277425316058,3.355706283719166,-0.6517515686444204,1.7282366931438446,2.495765057475193,5.814151594311817,-1.5954248217038076
8,7,300,[32],0.0001,1000,1.2635829031467438,2.0311112674780922,5.7345550748416025,-1.4606682566098135,-0.5116477742791176,0.25588059005223107,3.344104597241505,-2.211451223223583
8,7,300,[32],0.001,1000,6.599955272674561,7.367483637005909,12.009566137463672,3.0186823102542,7.693995141983033,8.461523506314382,9.869245359570606,5.942631075055226
8,7,300,[64],1e-05,1000,-0.8732627749443054,-0.10573441061295674,2.1149960252352793,-1.7255489138058584,0.215708164870739,0.9832365292020876,3.431328365475758,-1.7245632913998525
8,7,300,[64],0.0001,1000,-0.024054712057113646,0.743473652274235,2.868413517148121,-1.372288158266918,0.8681077778339386,1.6356361421652872,6.752098867566212,-1.2253965643338125
8,7,300,[64],0.001,1000,15.659036922454835,16.426565286786182,19.41324789252959,11.058116743237598,14.878361749649049,15.645890113980396,19.244489500195606,8.551059076459033
8,7,300,[128],1e-05,1000,-0.08427184373140335,0.6832565205999452,4.097123691708668,-2.2871474531582754,0.5627058506011963,1.330234214932545,5.080495664746388,-1.0836608913830679
8,7,300,[128],0.0001,1000,2.7383308529853823,3.505859217316731,7.955883333356007,-0.28794734749116113,2.338435339927673,3.105963704259022,7.510890314252003,-0.052913835375682616
8,7,300,[128],0.001,1000,33.66714782714844,34.43467619147979,42.35724241462432,22.446286985547168,32.07119579315186,32.838724157483206,38.055938551098926,28.486078092724902
8,7,300,"[128, 128]",1e-05,1000,0.8598256587982178,1.6273540231295665,6.262274095685108,-5.1897002962521475,1.16115260720253,1.9286809715338786,4.385494539410694,-1.9588882234982412
8,7,300,"[128, 128]",0.0001,1000,15.368692207336426,16.136220571667774,22.054534742505176,12.277863332898242,22.60434684753418,23.37187521186553,27.617805311352832,16.859033414990527
8,7,300,"[128, 128]",0.001,1000,749.8219116210937,750.5894399854251,924.8977773877689,527.6027334424564,820.5664916992188,821.3340200635502,1257.1525381299564,601.7721670362064
8,7,300,[256],1e-05,1000,-0.4137437105178833,0.35378465381346536,2.6072437259265024,-2.6331955698422354,0.5689939841628074,1.3365223484941562,4.487414667279347,-2.4863948133877676
8,7,300,[256],0.0001,1000,4.702551460266113,5.470079824597462,7.742637941510304,3.368228265912159,5.8060757398605345,6.573604104191883,9.93031103339873,2.87050754752837
8,7,300,[256],0.001,1000,68.95998497009278,69.72751333442413,83.90920622077667,60.42600996223174,65.4123519897461,66.17988035407745,79.79399473396026,57.38498670783721
8,7,300,"[256, 256]",1e-05,1000,4.604839932918549,5.372368297249897,8.528974840314014,1.5974456759997446,4.032441961765289,4.799970326096638,6.33651621070586,2.4367184135027964
8,7,300,"[256, 256]",0.0001,1000,45.869425201416014,46.63695356574736,64.32221204963409,33.58038313117705,54.72821197509766,55.495740339429005,82.63415128913604,48.04795820441924
8,7,300,"[256, 256]",0.001,1000,3067.1153076171877,3067.882835981519,3693.868358442456,2311.203319379956,3678.613134765625,3679.3806631299562,4493.989696333081,3041.500682661206
8,7,1000,[32],1e-05,1000,0.5379758343100548,1.3055041986414033,4.812032529980763,-1.7093283441952627,-0.33027836084365847,0.43725000348769016,5.073228189618214,-4.201575448840038
8,7,1000,[32],0.0001,1000,3.8788872018456457,4.646415566176994,10.248660871655566,0.8727003577061732,2.0602995589375497,2.8278279232688983,5.850340673596485,-0.40304141315735986
8,7,1000,[32],0.001,1000,62.709280776977536,63.476809141308884,81.72052366462432,42.100032636792285,60.68113250732422,61.44866087165557,83.9672964307376,46.306445905835254
8,7,1000,[64],1e-05,1000,-0.2752779066562653,0.49225045767508335,3.9461477490969736,-2.5110809114865225,0.5287676334381104,1.296295997769459,4.869786569745167,-1.6983479765347402
8,7,1000,[64],0.0001,1000,4.451604849100113,5.219133213431461,9.679800817639453,0.30321908918104956,6.908705949783325,7.676234314114674,11.037499258191211,5.145235845715626
8,7,1000,[64],0.001,1000,126.68900451660156,127.45653288093291,183.56478483405792,103.6803091260501,134.74800033569335,135.5155287000247,189.46079618659698,95.12156278815948
8,7,1000,[128],1e-05,1000,1.1648302376270294,1.932358601958378,4.481127330929859,-0.432073405115978,-0.22874373774975537,0.5387846265815932,2.753424951703175,-4.294381311266796
8,7,1000,[128],0.0001,1000,11.945783138275146,12.713311502606494,19.124067136914356,7.58383352485381,12.703237867355346,13.470766231686696,18.31943113532744,8.628881761700733
8,7,1000,[128],0.001,1000,255.07271270751954,255.8402410718509,299.0936392041751,195.55256254401885,275.7521087646484,276.51963712897975,347.83030302253445,211.85630399909698
8,7,1000,"[128, 128]",1e-05,1000,4.717099952697754,5.484628317029102,8.538518259198291,3.174350092084034,7.896233367919922,8.66376173225127,11.730660268933399,5.831925222546681
8,7,1000,"[128, 128]",0.0001,1000,114.07310409545899,114.84063245979034,141.64352018562042,90.44903928962432,131.8641098022461,132.63163816657746,207.15128690925323,69.91157896247589
8,7,1000,"[128, 128]",0.001,1000,28776.31513671875,28777.082665083082,42708.02924711433,13966.086864301831,29742.718359375,29743.485887739334,45099.86127836433,21019.792918989333
8,7,1000,[256],1e-05,1000,2.123625284433365,2.8911536487647136,7.468434164197071,0.067964801461323,1.7547407865524292,2.522269150883778,6.719345876843556,-0.9575670269421499
8,7,1000,[256],0.0001,1000,21.770903205871583,22.53843157020293,26.64187795844756,18.621827909619434,23.39639549255371,24.16392385688506,27.682435819775684,21.619996854931934
8,7,1000,[256],0.001,1000,568.1343536376953,568.9018820020267,737.8144643994876,428.0579336377688,547.1481781005859,547.9157064649173,654.6808584424564,426.7049062940188
8,7,1000,"[256, 256]",1e-05,1000,16.468934535980225,17.236462900311572,21.714860746533496,12.84199602332793,19.077358055114747,19.844886419446095,25.105188200146777,14.027849981457813
8,7,1000,"[256, 256]",0.0001,1000,493.20631103515626,493.9738393994876,633.6972158643314,315.8798330518313,523.8140838623046,524.581612226636,706.0678213330814,374.64524442878445
8,7,1000,"[256, 256]",0.001,1000,119378.13828125,119378.90580961433,179349.34565336432,78615.93159086433,119268.0671875,119268.83471586433,143984.12690336432,103789.52534086433
8,7,2000,[32],1e-05,1000,-0.3260448142886162,0.44148355004273243,5.093673536450489,-2.5479933527401846,-0.4653087377548218,0.30221962657652685,2.859673330456837,-4.860469510882274
8,7,2000,[32],0.0001,1000,6.956009340286255,7.723537704617604,14.744025060803516,2.594645092160328,4.822946488857269,5.590474853188618,8.54734499183379,2.031507203251942
8,7,2000,[32],0.001,1000,232.04169616699218,232.80922453132354,322.2545278760501,175.91624052253448,236.0399932861328,236.80752165046417,342.55991728034695,168.55073148933135
8,7,2000,[64],1e-05,1000,1.232421526312828,1.9999498906441766,6.209213087231739,-1.4644476679257314,0.6164177432656288,1.3839461075969774,5.727874586255177,-1.6445290354184072
8,7,2000,[64],0.0001,1000,11.780735969543457,12.548264333874805,17.431447813183887,9.936710188061816,13.454287719726562,14.22181608405791,20.777765104443652,7.597625562817677
8,7,2000,[64],0.001,1000,443.4925537109375,444.2600820752688,578.5853384229251,300.6107595655032,450.2667572021484,451.03428556647975,573.2820547315189,381.4517324658938
8,7,2000,[128],1e-05,1000,0.8940053552389144,1.661533719570263,4.053974935681446,0.030130574376209474,1.9830161452293396,2.7505445095606884,5.044420072705372,1.0799068900652964
8,7,2000,[128],0.0001,1000,23.798971366882324,24.56649973121367,31.366851637036426,18.758472273022754,24.422187042236327,25.189715406567675,29.679685423047168,19.875268766553027
8,7,2000,[128],0.001,1000,876.4689453125,877.2364736768313,1046.5918691846439,737.3382681104251,885.3816650390625,886.1491934033938,1081.1416738721439,663.2472646924564
8,7,2000,"[128, 128]",1e-05,1000,15.407053565979004,16.174581930310353,25.604846784741504,8.807635137707813,12.861522006988526,13.629050371319874,26.935941526562793,8.76251203742705
8,7,2000,"[128, 128]",0.0001,1000,417.9043792724609,418.67190763679224,521.2404287549564,309.8755300733157,490.8103790283203,491.57790739265164,634.5468252393314,359.94797880378445
8,7,2000,"[128, 128]",0.001,1000,174117.54375,174118.31127836433,224067.37690336432,107733.23627836433,180475.875,180476.64252836432,255495.81440336432,125721.43940336433
8,7,2000,[256],1e-05,1000,4.090836834907532,4.8583651992388805,9.529381582409961,2.271752187878712,4.639544439315796,5.407072803647145,12.053484747082813,3.0222724172183115
8,7,2000,[256],0.0001,1000,50.286114883422854,51.0536432477542,63.948482343823535,36.3289793225833,51.32581901550293,52.09334737983428,60.35214979377471,45.68111021247588
8,7,2000,[256],0.001,1000,1863.7347534179687,1864.5022817823,2450.219676801831,1601.8028066846439,1947.7817626953124,1948.5492910596438,2166.739940473706,1629.1022451612064
8,7,2000,"[256, 256]",1e-05,1000,34.115797233581546,34.883325597912894,39.98311216560088,27.43779165473662,36.104444885253905,36.87197324958525,44.255481550366504,29.69486410346709
8,7,2000,"[256, 256]",0.0001,1000,1761.5604614257813,1762.3279897901127,2290.426463911206,1347.8897207471439,1926.9163818359375,1927.6839102002689,2377.491893598706,1546.5114248487064
8,7,2000,"[256, 256]",0.001,1000,603499.90625,603500.6737783643,717423.5800283643,515239.5175283643,803297.18125,803297.9487783643,1020555.3300283643,588578.3925283643
8,10,300,[32],1e-05,1000,0.4334488153457642,0.9451343915666632,4.942662443896681,-4.626374516705126,-1.4972016274929048,-0.9855160512720057,2.1424026153291753,-6.922694001415819
8,10,300,[32],0.0001,1000,1.18031105697155,1.6919966331924492,5.142030443927198,-2.7638044693265864,0.3726742804050446,0.8843598566259436,4.451055254718214,-2.245450768688769
8,10,300,[32],0.001,1000,7.189808177947998,7.701493754168897,11.729991163989453,3.5366785190309575,7.459048891067505,7.970734467288405,11.23197957493916,5.04869386174336
8,10,300,[64],1e-05,1000,-0.5566257983446121,-0.04494022212371307,2.9816224239076665,-2.0008161403928706,-1.2138520821928978,-0.7021665059719987,2.1639147660936406,-3.6982648708616206
8,10,300,[64],0.0001,1000,1.0371685087680818,1.5488540849889807,4.978596892138868,-1.4002530910764643,1.4114023704081773,1.9230879466290762,3.866025652667432,-0.04935780547007995
8,10,300,[64],0.001,1000,14.231533241271972,14.74321881749287,19.679028715869336,10.950268950244336,16.646338653564452,17.15802422978535,21.995434965869336,11.949358191272168
8,10,300,[128],1e-05,1000,0.1690499246120453,0.6807355008329443,4.43516322590962,-2.4450865127836177,-0.694123377231881,-0.18243780101098195,3.525162901660352,-2.7086103298459956
8,10,300,[128],0.0001,1000,2.4321140706539155,2.9437996468748144,5.975229944964796,-0.7889682390485712,3.2317381739616393,3.7434237501825383,5.791771139880567,-2.623875413158984
8,10,300,[128],0.001,1000,29.50978946685791,30.02147504307881,47.455239500781445,24.10884019353047,34.796992492675784,35.30867806889668,44.21620675542012,25.01974984624043
8,10,300,"[128, 128]",1e-05,1000,1.575872540473938,2.087558116694837,4.100674118777662,-0.9748897888456293,1.9940588653087616,2.505744441529661,4.996219839831739,0.562897529384046
8,10,300,"[128, 128]",0.0001,1000,15.760108757019044,16.271794333239942,23.837363447925,7.565585341235548,17.162838649749755,17.674524225970654,31.756938185473828,13.290616240283398
8,10,300,"[128, 128]",0.001,1000,809.7252685546875,810.2369541309084,1072.201382841846,596.6897861621584,922.8645629882812,923.3762485645021,1283.559048857471,566.7108432910646
8,10,300,[256],1e-05,1000,-0.2829532563686371,0.22873231985226194,4.028471436282545,-3.4019487240110347,0.5178136840462685,1.0294992602671675,4.035318579455763,-2.2950685360227534
8,10,300,[256],0.0001,1000,6.267446970939636,6.779132547160535,8.92638989903584,4.105667557498365,5.048747515678405,5.560433091899305,8.554436888476758,1.5922579429353765
8,10,300,[256],0.001,1000,66.44236640930175,66.95405198552265,86.19102212407246,53.94733544804707,66.92616500854493,67.43785058476583,85.2682544849123,56.18362924077168
8,10,300,"[256, 256]",1e-05,1000,3.833887147903442,4.345572724124342,6.805740561267286,1.8650576732362798,5.277147054672241,5.788832630893141,9.235228743335156,2.0489515922273687
8,10,300,"[256, 256]",0.0001,1000,48.96051597595215,49.47220155217305,68.55040475346699,37.811902251025586,50.878265380859375,51.38995095708027,70.90820046879902,39.23738595463887
8,10,300,"[256, 256]",0.001,1000,3122.4134521484375,3122.9251377246583,3827.6855137012208,2526.0798008105958,3091.37490234375,3091.8865879199707,3732.3476230762208,2421.8954746387208
8,10,1000,[32],1e-05,1000,-1.0371629565954208,-0.5254773803745217,2.1963960788454107,-2.639685902813525,0.7174959182739258,1.2291814944948247,3.4098167083467534,-1.6058128216062495
8,10,1000,[32],0.0001,1000,1.632004085648805,2.143689661869704,4.398865427752882,-0.03199109814509826,2.6183578699827192,3.130043446203618,5.875069823047071,0.7779944501127295
8,10,1000,[32],0.001,1000,70.08938484191894,70.60107041813984,84.35317727543965,52.477517332812695,68.3027847290039,68.8144703052248,85.23569222905293,42.833073820849805
8,10,1000,[64],1e-05,1000,0.6927514225244522,1.2044369987453512,3.1434664390291265,-1.598701272228808,0.19701146334409714,0.7086970395649962,4.018653597613722,-1.4015264847074458
8,10,1000,[64],0.0001,1000,6.050466251373291,6.562151827594191,10.934360708972363,2.0620176456178716,5.571595287322998,6.083280863543897,9.238017287036328,1.914844240924268
8,10,1000,[64],0.001,1000,124.45542221069336,124.96710778691426,169.7129490039553,95.50644418217793,145.1691551208496,145.68084069707052,167.05325051762716,118.20507546879902
8,10,1000,[128],1e-05,1000,1.1523775182664395,1.6640630944873385,5.913230147143751,-1.1504781582151362,1.2609766244888305,1.7726622007097297,5.113538470050245,-3.541164193371386
8,10,1000,[128],0.0001,1000,10.304953670501709,10.816639246722607,14.929792608996777,7.60345574834004,12.099610519409179,12.611296095630077,16.95079347111836,9.2832281253542
8,10,1000,[128],0.001,1000,262.1980972290039,262.7097828052248,326.00356790043963,212.75202676274435,281.80527954101564,282.3169651172365,313.57668801762713,212.8493015430178
8,10,1000,"[128, 128]",1e-05,1000,6.094746422767639,6.606431998988539,11.542205061694531,3.5627054832185796,7.8036082744598385,8.315293850680737,14.452313627978711,2.755253042956739
8,10,1000,"[128, 128]",0.0001,1000,131.09336547851564,131.60505105473655,156.10664102055685,101.45483132817402,130.4915008544922,131.0031864307131,185.55459329106466,94.95450326420918
8,10,1000,"[128, 128]",0.001,1000,29211.145703125,29211.65738870122,39851.855435576224,21917.59957620122,31709.5328125,31710.044498076222,39793.374966826224,25913.87496682622
8,10,1000,[256],1e-05,1000,2.0632575035095213,2.5749430797304202,5.465692724963575,-1.673938784817309,1.0186987683176993,1.5303843445385983,4.058607306262403,-0.7878802158628412
8,10,1000,[256],0.0001,1000,21.648044967651366,22.159730543872264,28.920815672656445,17.62584229924336,24.422790336608887,24.934475912829786,28.36447640874043,19.499301161548047
8,10,1000,[256],0.001,1000,555.0849151611328,555.5966007373537,682.4358188770021,464.78799172856463,600.5542175292969,601.0659031055178,688.7174350879396,531.2210971973146
8,10,1000,"[256, 256]",1e-05,1000,16.60509614944458,17.11678172566548,23.14765855290547,9.087768759509473,19.725117492675782,20.23680306889668,21.99938508488789,18.14036294438496
8,10,1000,"[256, 256]",0.0001,1000,484.12782592773436,484.63951150395525,671.6022617480959,334.76919290043963,486.38439025878904,486.8960758350099,615.9872104785646,385.05898782231463
8,10,1000,"[256, 256]",0.001,1000,127373.9140625,127374.42574807622,208574.33981057623,104212.52731057622,122274.6125,122275.12418557622,149729.52731057623,87864.24606057622
8,10,2000,[32],1e-05,1000,0.942327743768692,1.454013319989591,5.194261278888136,-1.4627349712644526,1.14742821007967,1.6591137863005692,4.278763499041944,-0.8126967289243646
8,10,2000,[32],0.0001,1000,5.266801285743713,5.778486861964613,9.78770753361836,1.8488614223207525,6.103251647949219,6.614937224170118,10.238455977221875,3.1021287105287603
8,10,2000,[32],0.001,1000,204.10248870849608,204.614174284717,278.357663359424,175.92863198735373,230.88596954345704,231.39765511967795,319.63796731450213,184.5170261523928
8,10,2000,[64],1e-05,1000,1.653700691461563,2.1653862676824622,4.401522841235548,-1.6242833473478266,-0.5028223390690982,0.008863237151800818,2.58808013417378,-1.9415524341855952
8,10,2000,[64],0.0001,1000,12.348781824111938,12.860467400332837,20.684527601977734,6.973699774524122,11.972227859497071,12.48391343571797,17.321688856860547,8.029765333911328
8,10,2000,[64],0.001,1000,449.11919860839845,449.63088418461933,602.9348423145021,345.2829258105959,433.0361663818359,433.5478519580568,528.0096714160646,268.27456399418963
8,10,2000,[128],1e-05,1000,1.6511602640151977,2.1628458402360966,8.00901290394917,-1.2621065714155146,2.151852215826511,2.66353779204741,7.064822401782423,-1.7121758796964595
8,10,2000,[128],0.0001,1000,27.435065078735352,27.94675065495625,35.580212797900586,21.583543028613477,26.24659671783447,26.75828229405537,34.645878996631055,22.03005715825215
8,10,2000,[128],0.001,1000,839.6471008300781,840.158786406299,993.8625766895021,713.2840244434084,927.60908203125,928.1207676074708,1098.501431669971,816.9364292285646
8,10,2000,"[128, 128]",1e-05,1000,12.678421211242675,13.190106787463574,16.46654340245381,9.490925993701367,13.907365417480468,14.419050993701367,19.116091933032422,11.012772764941602
8,10,2000,"[128, 128]",0.0001,1000,525.8738555908203,526.3855411670412,716.1778232715334,383.1114170215334,498.0449981689453,498.5566837451662,681.1695835254396,373.99612161137713
8,10,2000,"[128, 128]",0.001,1000,185237.5171875,185238.02887307623,220442.23043557623,116613.48043557622,199763.259375,199763.77106057623,276437.98043557623,148513.27731057623
8,10,2000,[256],1e-05,1000,3.256832408905029,3.768517985125928,6.855948653003126,1.2546292207445195,4.071319365501404,4.5830049417223035,6.3516327998842295,2.8106577060426763
8,10,2000,[256],0.0001,1000,45.46991119384766,45.981596770068556,61.060681547900586,37.73218652226582,53.352726745605466,53.864412321826364,68.1552402637209,43.63364144780293
8,10,2000,[256],0.001,1000,1708.5659790039062,1709.0776645801272,2257.4242832324708,1390.614468779346,1796.096826171875,1796.608511748096,2182.0185215137208,1490.244107451221
8,10,2000,"[256, 256]",1e-05,1000,38.911028671264646,39.422714247485544,62.27015801884785,27.72910043217793,40.76873378753662,41.28041936375752,46.08928414799824,31.703898634692578
8,10,2000,"[256, 256]",0.0001,1000,1711.1318237304688,1711.6435093066898,2187.0058262012208,1199.968228544971,1854.120703125,1854.632388701221,2566.2773105762208,1578.016080107471
8,10,2000,"[256, 256]",0.001,1000,715353.55625,715354.0679355762,820707.6991855762,549860.3866855762,736921.84375,736922.3554355762,1090658.6366855763,574059.7616855762
8,20,300,[32],1e-05,1000,-0.3226780418306589,-0.08030066362075933,2.3347836510980833,-4.0316885931646125,-0.12581532821059227,0.1165620499993073,2.9776445405328977,-3.0072549803411257
8,20,300,[32],0.0001,1000,0.387596395611763,0.6299737738216626,2.3695691602075803,-0.6384959442769779,0.48689491152763364,0.7292722897375332,4.998020269140075,-1.6327008230840456
8,20,300,[32],0.001,1000,6.436747026443482,6.679124404653381,14.099842168554138,1.3142839448297727,9.120335006713868,9.362712384923768,17.522433377965758,5.591427900060485
8,20,300,[64],1e-05,1000,0.9471596360206604,1.18953701423056,4.0067916886652215,-1.5231216175710451,0.1524322122335434,0.394809590443443,2.491807557805847,-2.23952450586908
8,20,300,[64],0.0001,1000,1.6438381582498551,1.8862155364597548,5.5093785302484735,-2.0911890490209353,1.448325526714325,1.6907029049242244,4.397154905065368,-3.629858396783997
8,20,300,[64],0.001,1000,16.6898494720459,16.932226850255798,22.86406240628607,11.476172544225525,18.22458438873291,18.46696176694281,28.087454892858336,11.80350790189154
8,20,300,[128],1e-05,1000,-0.5598091125488281,-0.3174317343389286,2.0077030436838377,-2.4471651537572634,0.8630350314080715,1.105412409617971,4.3541403786981805,-0.8402922375356449
8,20,300,[128],0.0001,1000,3.4352988958358766,3.6776762740457762,7.703416921361755,1.6718855874384153,3.7300319254398344,3.972409303649734,6.8682700173700555,0.36784056590444913
8,20,300,[128],0.001,1000,34.11746520996094,34.35984258817084,42.31386861966498,26.383128263219664,32.82262496948242,33.06500234769232,41.75205526517279,27.46116171048529
8,20,300,"[128, 128]",1e-05,1000,2.198350402712822,2.4407277809227215,8.09672079251654,-1.5917120201741946,1.4745553493499757,1.7169327275598754,4.631574727758239,-1.1983089668905031
8,20,300,"[128, 128]",0.0001,1000,18.439731788635253,18.68210916684515,36.95258627103217,10.528376676305603,20.252375030517577,20.494752408727475,27.076869107946226,13.557972051366638
8,20,300,"[128, 128]",0.001,1000,775.4169189453125,775.6592963235224,1118.4978705422725,439.4371100442255,827.04365234375,827.2860297219598,1042.90497503446,555.1835394875849
8,20,300,[256],1e-05,1000,0.3848192811012268,0.6271966593111264,3.7268811242426145,-4.456713579431702,-0.3031308323144913,-0.06075345410459171,3.793821193441223,-2.2840796930944216
8,20,300,[256],0.0001,1000,5.9241962194442745,6.166573597654174,10.651029683812927,1.6064876096094358,6.8353736877441404,7.07775106595404,9.670014478429627,4.652335740789245
8,20,300,[256],0.001,1000,62.1474967956543,62.3898741738642,81.74971685574896,51.78614339993842,67.59886627197265,67.84124365018255,79.40933904813177,56.40619955228217
8,20,300,"[256, 256]",1e-05,1000,4.839421105384827,5.081798483594726,9.404018499120545,2.86138520406134,5.921644592285157,6.164021970495056,8.83487997220404,2.234659053548645
8,20,300,"[256, 256]",0.0001,1000,48.35047492980957,48.592852308019474,65.16442022488958,38.4966498391474,51.17752914428711,51.41990652249701,67.44138250516302,38.09500799344428
8,20,300,"[256, 256]",0.001,1000,2998.4806884765626,2998.7230658547724,4503.12567815946,2387.6371527688348,3167.7261474609377,3167.9685248391474,3608.1237250344598,2285.2091742532098
8,20,1000,[32],1e-05,1000,-0.181609445810318,0.06076793239958159,4.4297300355280145,-3.5377580149328005,-0.23470510840415953,0.00767226980574004,3.295584537252258,-3.2319835646306765
8,20,1000,[32],0.0001,1000,2.0170891731977463,2.259466551407646,4.367620565160583,-0.5032731516515506,2.036233812570572,2.2786111907804716,5.904074765905212,-2.1739558203374636
8,20,1000,[32],0.001,1000,64.48935737609864,64.73173475430853,91.57171545194036,50.06034765408881,61.11765747070312,61.360034848913024,82.4248724953974,44.27757940457709
8,20,1000,[64],1e-05,1000,0.9653989497572184,1.2077763279671179,2.6479578988397825,0.2221899294996964,0.9363041564822197,1.1786815346921191,5.552590944036315,-1.958363912836243
8,20,1000,[64],0.0001,1000,5.324166417121887,5.5665437953317864,9.825731374486756,1.40009746716864,5.5510045170783995,5.793381895288299,11.752016164525818,-0.5465409977590335
8,20,1000,[64],0.001,1000,117.89118957519531,118.13356695340521,145.20220098660835,86.65593633817083,138.22792129516603,138.47029867337594,172.53916082547553,101.13626775906927
8,20,1000,[128],1e-05,1000,0.476382777094841,0.7187601553047406,4.094988919957946,-2.2322861178075564,0.2643223561346531,0.5066997343445527,2.6585966126764524,-2.978904627100159
8,20,1000,[128],0.0001,1000,10.791636276245118,11.034013654455018,15.575035192235779,6.736960508092712,13.507440090179443,13.749817468389343,17.77312002347357,9.336787320836853
8,20,1000,[128],0.001,1000,266.47818756103516,266.72056493924504,336.03116522000676,227.7737494485224,260.9149642944336,261.1573416726435,283.31558904813176,239.09659490750678
8,20,1000,"[128, 128]",1e-05,1000,5.384565114974976,5.626942493184875,7.595100499852966,4.12191496060736,5.996815383434296,6.239192761644195,10.015235044225525,2.03904793427832
8,20,1000,"[128, 128]",0.0001,1000,125.09675369262695,125.33913107083684,165.30757818387397,99.47581396268255,137.4167053222656,137.65908270047552,227.00113592313178,95.95700750516302
8,20,1000,"[128, 128]",0.001,1000,28294.67265625,28294.91503362821,37376.09393987821,22316.54901800321,31313.64453125,31313.88690862821,43529.20331487821,22507.25214300321
8,20,1000,[256],1e-05,1000,2.6352661274373532,2.877643505647253,7.255000211461852,0.2676748933041798,2.0465246602892875,2.288902038499187,5.086000539525817,-0.7682191355382694
8,20,1000,[256],0.0001,1000,21.34094352722168,21.583320905431577,23.682162381872008,18.097077466710875,22.019504356384278,22.261881734594176,30.3084059731806,15.176966764196228
8,20,1000,[256],0.001,1000,547.1440307617188,547.3864081399287,613.0445014016474,478.02835760281926,554.8092468261718,555.0516242043817,638.8104926125849,477.14493475125676
8,20,1000,"[256, 256]",1e-05,1000,18.261254501342773,18.50363187955267,25.23967275784857,15.244205571874451,19.32298345565796,19.565360833867857,28.38587865994818,14.431147672399353
8,20,1000,"[256, 256]",0.0001,1000,462.4149475097656,462.6573248879755,571.6275702493036,357.65540228055363,510.2556396484375,510.4980170266474,745.1976996438349,372.38944158719426
8,20,1000,"[256, 256]",0.001,1000,107094.346875,107094.58925237821,132831.57050237822,82044.2658148782,124657.9046875,124658.14706487821,139798.91425237822,99699.6564398782
8,20,2000,[32],1e-05,1000,0.8209012940526008,1.0632786722625003,4.087471105321716,-1.363005183473755,0.689140897989273,0.9315182761991726,2.826083518728088,-2.0357526762639773
8,20,2000,[32],0.0001,1000,6.968748569488525,7.211125947698425,12.699988462194275,3.995230771764587,7.18473219871521,7.427109576925109,13.067167379125427,3.861962415441345
8,20,2000,[32],0.001,1000,215.1164108276367,215.35878820584662,264.92151556180363,135.91245184110053,218.7487319946289,218.99110937283882,289.98807439969426,142.93015203641303
8,20,2000,[64],1e-05,1000,1.1853215359151363,1.427698914125036,4.08589897321112,-1.712458275095154,2.509857305884361,2.752234684094261,7.549826719030212,-0.005980543628860802
8,20,2000,[64],0.0001,1000,11.997642326354981,12.240019704564881,17.979687787755797,8.526700116857361,13.469855117797852,13.712232496007752,21.983931638463805,9.354552366002869
8,20,2000,[64],0.001,1000,446.53566589355466,446.77804327176455,603.2417059914911,319.0447455422724,428.2565399169922,428.4989172952021,534.5219183938349,273.74893865750676
8,20,2000,[128],1e-05,1000,2.8040941834449766,3.0464715616548763,8.184011079534363,-3.538275383249451,1.7124049872159959,1.9547823654258956,5.942909337743591,-2.5214241964971316
8,20,2000,[128],0.0001,1000,20.676485443115233,20.91886282132513,24.65376196072943,14.632069684728455,24.901811027526854,25.144188405736752,32.03696737454779,18.072459317907164
8,20,2000,[128],0.001,1000,869.3746826171875,869.6170599953974,1038.26483831571,670.2691107766474,916.3061279296875,916.5485053078974,1024.50800237821,845.0363226907099
8,20,2000,"[128, 128]",1e-05,1000,15.238072395324707,15.480449773534607,25.06410131619818,8.339660741552185,14.821284103393555,15.063661481603456,27.404627897008726,11.120223142370056
8,20,2000,"[128, 128]",0.0001,1000,477.62598876953126,477.86836614774114,630.2822333352411,340.39871893094426,432.0055206298828,432.2478980080927,537.5011664407099,335.50186834500676
8,20,2000,"[128, 128]",0.001,1000,186329.546875,186329.78925237822,269207.0548773782,130020.1173773782,190507.7078125,190507.95018987823,227361.91425237822,155330.91425237822
8,20,2000,[256],1e-05,1000,3.3305902972817423,3.572967675491642,5.757016278966735,0.3473955319965588,5.13691508769989,5.379292465909789,8.113494016393494,2.9790035264337766
8,20,2000,[256],0.0001,1000,46.172163772583005,46.41454115079291,55.877375699743105,38.54499349759467,52.519243240356445,52.76162061856635,58.98181829617865,44.55892477200873
8,20,2000,[256],0.001,1000,1744.8237426757812,1745.0661200539912,2362.2868109719598,1416.85370550321,1856.715625,1856.95800237821,2512.9904242532098,1534.21210394071
8,20,2000,"[256, 256]",1e-05,1000,35.24139232635498,35.483769704564885,45.36682806180365,26.368472196325133,40.95577430725098,41.19815168546088,45.75876913236029,37.263056852086855
8,20,2000,"[256, 256]",0.0001,1000,1852.2920288085938,1852.5344061868038,2353.5053168313348,1216.47626409696,2044.9431640625,2045.18554144071,2768.6251898782098,1402.02020940946
8,20,2000,"[256, 256]",0.001,1000,742954.85625,742955.0986273781,933041.9298773782,593738.8048773782,742748.8625,742749.1048773782,929401.9923773782,540263.5548773782
8,50,300,[32],1e-05,1000,-1.1684002205729485,-1.0744171555527833,2.8837999214044423,-3.573225129712501,0.3564376175403595,0.45042068256052464,3.8810745586267323,-1.8411303650030282
8,50,300,[32],0.0001,1000,1.1459821127355099,1.239965177755675,5.785291086565575,-0.6114896427282479,1.024268888682127,1.1182519537022921,3.29012216223391,-0.5898351560720589
8,50,300,[32],0.001,1000,8.970400547981262,9.064383613001427,13.950510393511376,2.4570771564355702,8.607919573783875,8.70190263880404,12.580550562273583,1.934960018526635
8,50,300,[64],1e-05,1000,-0.1103460431098938,-0.016362978089728655,2.659842621218285,-4.411485780347267,-0.7998538896441459,-0.7058708246239808,1.8735067952981803,-2.52882634507505
8,50,300,[64],0.0001,1000,1.344723629206419,1.4387066942265843,3.7605158199182362,-1.0374979864248421,1.0208547502756118,1.114837815295777,3.6068600524774403,-3.0774494300970225
8,50,300,[64],0.001,1000,14.716319608688355,14.81030267370852,20.085182558428368,7.167611967455468,18.675471019744872,18.769454084765037,24.662504564653954,12.58394564283999
8,50,300,[128],1e-05,1000,0.40439916905015705,0.49838223407032217,3.4444972385278554,-4.030990708936134,-1.0606566607952117,-0.9666735957750465,1.1230477203241203,-3.938318837750831
8,50,300,[128],0.0001,1000,3.2974175959825516,3.3914006610027165,6.436989675890526,-0.17419489132253202,2.8064719796180726,2.9004550446382376,5.392368208300194,1.22750545633944
8,50,300,[128],0.001,1000,31.17660427093506,31.270587335955224,35.96708334578189,24.8751071800104,36.06538143157959,36.15936449659976,47.95712317122134,23.884491335283837
8,50,300,"[128, 128]",1e-05,1000,0.6589261710643768,0.752909236084542,2.300182949434838,-0.858955610860267,2.3505890309810638,2.4445720960012287,6.20739306105288,-0.7495554577001717
8,50,300,"[128, 128]",0.0001,1000,19.279201412200926,19.37318447722109,28.090000521074852,13.074708353411278,19.578551864624025,19.67253492964419,38.883049379717434,13.097655664812645
8,50,300,"[128, 128]",0.001,1000,874.700048828125,874.7940318931452,1273.7698863853327,661.6516002525202,906.1034301757812,906.1974132408014,1341.0242809165827,704.3621715415827
8,50,300,[256],1e-05,1000,0.1750750169157982,0.2690580819359633,1.9298693050256583,-1.7924116741308358,-0.5528859451413155,-0.4589028801211504,2.566667686831078,-5.819178212750831
8,50,300,[256],0.0001,1000,5.810665512084961,5.904648577105126,8.935450922381005,4.100265871416649,5.9090091466903685,6.002992211710533,7.665713678728661,3.4138389934411855
8,50,300,[256],0.001,1000,64.24911270141601,64.34309576643618,73.61207235945376,51.96353949202212,67.99490737915039,68.08889044417056,80.43149984968814,60.68344915999087
8,50,300,"[256, 256]",1e-05,1000,5.550933313369751,5.644916378389916,6.6915019859186025,4.29746235502871,5.666300106048584,5.760283171068749,7.24581850660952,3.5596057285180898
8,50,300,"[256, 256]",0.0001,1000,49.475341796875,49.56932486189517,65.6956981529108,33.12417639387759,49.14030113220215,49.234284197222316,66.24384726179751,40.71488226545962
8,50,300,"[256, 256]",0.001,1000,3149.6428955078127,3149.7368785728327,4068.62083853377,2593.622547518145,3111.357958984375,3111.451942049395,4161.84740103377,2460.37767447127
8,50,1000,[32],1e-05,1000,0.10363498015794903,0.19761804517811415,1.1180813421121452,-1.3924640308508065,0.5842999324202538,0.678282997440419,3.42244113577517,-1.3038924823888924
8,50,1000,[32],0.0001,1000,2.991143208742142,3.085126273762307,5.468620191942772,0.654474269281945,3.106054963171482,3.200038028191647,8.68230761183413,-3.259460080731788
8,50,1000,[32],0.001,1000,53.25611953735351,53.35010260237368,68.69474447859439,41.242180239092434,67.15926742553711,67.25325049055728,87.84980429304751,38.03280676497134
8,50,1000,[64],1e-05,1000,0.4028575479984283,0.49684061301859345,4.635905634295067,-2.3389710079321056,1.0917803063988685,1.1857633714190337,5.612869154345116,-1.6309432874807503
8,50,1000,[64],0.0001,1000,6.223767542839051,6.317750607859216,10.950133692156395,3.1676770557275624,5.629205325245858,5.7231883902660226,10.92580355299624,0.06563488734873264
8,50,1000,[64],0.001,1000,110.65508346557617,110.74906653059634,139.2819560874811,75.53030050886782,142.69028244018554,142.7842655052057,190.32257498396547,113.9915737022272
8,50,1000,[128],1e-05,1000,1.3733097046613694,1.4672927696815345,2.7962592948785634,-0.007904727328696556,0.47191994190216063,0.5659030069223258,3.5974019874444814,-2.2706895958074718
8,50,1000,[128],0.0001,1000,10.915353584289551,11.009336649309716,15.625781427752099,5.6780132163873525,12.212594890594483,12.306577955614648,18.06659544600161,9.441478144060692
8,50,1000,[128],0.001,1000,251.24616546630858,251.34014853132874,301.93635977400453,191.01916922224672,278.5532028198242,278.64718588484436,342.50557364119203,210.86275137556703
8,50,1000,"[128, 128]",1e-05,1000,7.379928159713745,7.47391122473391,10.242661844622216,4.723675142656884,7.7756730079650875,7.8696560729852525,9.923965822588524,5.786275278460106
8,50,1000,"[128, 128]",0.0001,1000,143.83774070739747,143.93172377241763,211.64949453962953,46.75564612044009,121.54631958007812,121.64030264509829,156.27522696150453,86.57401693953189
8,50,1000,"[128, 128]",0.001,1000,30433.88984375,30433.98382681502,42560.24242056502,23041.60374869002,32628.4181640625,32628.51214712752,43275.28148306502,21165.44554556502
8,50,1000,[256],1e-05,1000,2.3285807847976683,2.4225638498178332,5.040763269793114,0.3948178399911734,1.8073016285896302,1.9012846936097954,4.824260126482567,-0.36306862937299283
8,50,1000,[256],0.0001,1000,19.365949058532713,19.45993212355288,23.280582796465477,15.109257112871727,24.815415382385254,24.90939844740542,30.867422472368798,21.01764525068911
8,50,1000,[256],0.001,1000,528.2646850585937,528.3586681236139,578.4415172447077,427.26692618025453,569.9062957763672,570.0002788413874,687.7847179283015,477.02278555525453
8,50,1000,"[256, 256]",1e-05,1000,17.26847095489502,17.362454019915184,23.021072756182274,12.435538660418114,19.87147912979126,19.965462194811426,23.178572069536767,15.303458582293114
8,50,1000,"[256, 256]",0.0001,1000,488.1256439208984,488.2196269859186,667.4448131431452,376.39400137556703,472.4236541748047,472.51763723982486,620.1001476158015,354.7326854575983
8,50,1000,"[256, 256]",0.001,1000,114860.87578125,114860.96976431501,144737.67210806502,86134.87523306502,116854.6046875,116854.69867056502,157226.75023306502,80699.54710806502
8,50,2000,[32],1e-05,1000,0.480319519340992,0.5743025843611571,4.234491239916405,-1.803137887586036,0.28978595286607745,0.38376901788624257,5.165935884844384,-3.4938810955175548
8,50,2000,[32],0.0001,1000,6.504955136775971,6.598938201796136,11.2040227760187,1.6489729989877555,7.676259779930115,7.77024284495028,11.640303980242333,3.272746216188988
8,50,2000,[32],0.001,1000,191.5431381225586,191.63712118757874,262.73155630720765,124.84587515486392,234.43461151123046,234.5285945762506,312.58858145369203,156.98268545759828
8,50,2000,[64],1e-05,1000,-0.06450762152671814,0.029475443493446996,4.050795208345971,-4.422407735455909,1.0799591898918153,1.1739422549119805,2.5592385639062734,-1.854614962209144
8,50,2000,[64],0.0001,1000,12.198417949676514,12.29240101469668,16.269754778277,7.5153383125177236,13.381852340698241,13.475835405718406,22.997803102861962,9.702183138262352
8,50,2000,[64],0.001,1000,408.9149871826172,409.00897024763736,517.222828279864,339.53743399275453,447.9473907470703,448.04137381209046,558.7269176353327,318.8781932700983
8,50,2000,[128],1e-05,1000,2.0809149205684663,2.1748979855886312,4.938099275957665,0.6574518193116996,2.0677071172744035,2.1616901822945684,6.461539636980614,-0.6363049040922311
8,50,2000,[128],0.0001,1000,23.956112670898438,24.050095735918603,35.01956213606509,15.436930071245751,24.75010166168213,24.844084726702295,32.37191046370181,18.55804289473208
8,50,2000,[128],0.001,1000,871.2193176269532,871.3133006919734,1089.8675426353327,708.781422029864,911.0472839355468,911.141267000567,1078.9483531822077,737.5093273033015
8,50,2000,"[128, 128]",1e-05,1000,13.818453311920166,13.912436376940331,19.130249391924462,9.585992227922997,14.66822338104248,14.762206446062645,20.401640306841454,8.974025141131005
8,50,2000,"[128, 128]",0.0001,1000,449.69715270996096,449.7911357749811,589.3002818931452,308.3663829673639,532.3660675048828,532.460050569903,684.0635265220515,364.29500235212953
8,50,2000,"[128, 128]",0.001,1000,176494.975,176495.06898306502,221636.92210806502,106892.53148306502,180426.9609375,180427.05492056502,228694.43773306502,142951.92210806502
8,50,2000,[256],1e-05,1000,4.859618979692459,4.953602044712624,8.159403215777001,0.8628642071596,3.9810951590538024,4.075078224073968,9.706332575213036,0.41197539461763827
8,50,2000,[256],0.0001,1000,50.549530792236325,50.643513857256494,60.988518129717434,41.230835329424465,49.98837585449219,50.08235891951236,56.044800173174465,45.985893617998684
8,50,2000,[256],0.001,1000,1785.315869140625,1785.4098522056452,2114.09398306502,1580.0826305259577,1799.9449340820313,1800.0389171470515,1958.2252086509577,1633.3240856040827
8,50,2000,"[256, 256]",1e-05,1000,33.82536716461182,33.91935022963199,41.84544027937564,24.490106951128563,39.09489345550537,39.18887652052554,49.720703493486965,30.64972532881411
8,50,2000,"[256, 256]",0.0001,1000,1915.3357299804688,1915.429713045489,2599.119617830645,1376.4866832603327,1921.657568359375,1921.7515514243953,2267.55540884627,1609.9139293540827
8,50,2000,"[256, 256]",0.001,1000,714909.6375,714909.7314830649,849171.031483065,556165.968983065,778085.2375,778085.331483065,880141.531483065,670241.281483065
8,100,300,[32],1e-05,1000,0.2112471878528595,0.2577640584183958,5.66983077437413,-3.752097869806168,1.1316436618566512,1.1781605324221875,3.6899571171475674,-2.946879888467667
8,100,300,[32],0.0001,1000,-0.04650954008102417,7.330484512110824e-06,2.941862081594589,-1.8823247203158113,0.13082956671714782,0.1773464372826841,2.722100233144882,-1.9233315238283846
8,100,300,[32],0.001,1000,9.015152883529662,9.061669754095199,13.219836687154892,3.7421307316495205,9.904008674621583,9.95052554518712,16.428926920004013,3.7629527798367763
8,100,300,[64],1e-05,1000,-0.6151407122611999,-0.5686238416956636,4.441795324392441,-2.6736667403506016,1.089151707291603,1.1356685778571394,3.7006854763699795,-1.577466393403885
8,100,300,[64],0.0001,1000,1.6167586669325829,1.6632755374981192,3.6029958477689052,0.16925736279022957,1.0583821155130864,1.1048989860786227,3.780830358572128,-1.5644314536379549
8,100,300,[64],0.001,1000,15.212764930725097,15.259281801290633,20.96886870772374,10.88556907088292,17.507530403137206,17.554047273702743,25.259161447591904,12.423295473165634
8,100,300,[128],1e-05,1000,-0.040648342669010164,0.005868527896526116,1.8746180287076262,-1.8132697591112825,1.951064932346344,1.9975818029118804,6.277893041677597,-3.323107505731461
8,100,300,[128],0.0001,1000,2.3893749728798865,2.4358918434454226,4.907633756704453,0.21096794814598824,3.126315724849701,3.172832595415237,5.809583639211777,0.9775941124631193
8,100,300,[128],0.001,1000,31.77623805999756,31.822754930563097,39.11652800948155,18.942064737386826,34.43666801452637,34.4831848850919,38.762573694296,26.81845710188878
8,100,300,"[128, 128]",1e-05,1000,2.194200647622347,2.240717518187883,6.022768949575546,-1.6897398480700228,3.1111550331115723,3.1576719036771084,5.3270272961331635,-0.727966094903824
8,100,300,"[128, 128]",0.0001,1000,15.116064453125,15.162581323690537,17.579136346883896,8.161962007589462,21.319951629638673,21.36646850020421,29.408346628255966,11.417204355306747
8,100,300,"[128, 128]",0.001,1000,832.5317138671875,832.578230737753,1042.329109644003,625.6060261479092,871.7642028808593,871.8107197514248,1042.9149250736905,649.8804402104092
8,100,300,[256],1e-05,1000,0.08826054334640503,0.1347774139119413,2.3243589153958584,-3.5039634951876377,1.0949456334114074,1.1414625039769437,2.821487402029159,-1.6629619845675203
8,100,300,[256],0.0001,1000,4.483792459964752,4.530309330530288,8.04557654768956,1.1388922682477263,6.6417535781860355,6.688270448751572,11.540586923666122,3.7786693325711513
8,100,300,[256],0.001,1000,64.78045883178712,64.82697570235266,76.12381789595617,54.12607238204014,69.6542755126953,69.70079238326085,81.19905898482335,61.09511229903233
8,100,300,"[256, 256]",1e-05,1000,3.7797922015190126,3.8263090720845487,6.844161962576035,1.6061454764081267,5.061394739151001,5.107911609716537,8.448542093343857,2.06389758498204
8,100,300,"[256, 256]",0.0001,1000,46.108101272583006,46.15461814314854,53.611996149129986,34.857220148153424,53.99025001525879,54.03676688582432,68.04945418746007,42.27823302657139
8,100,300,"[256, 256]",0.001,1000,2855.575048828125,2855.6215656986906,3296.9647297611905,2162.8187336674405,3255.4091796875,3255.4556965580655,3853.3743977299405,2758.5062336674405
8,100,1000,[32],1e-05,1000,0.4884298197925091,0.5349466903580454,5.063173746175888,-1.948589588098404,-0.41335790753364565,-0.3668410369681094,2.2765755406094814,-2.413723493509171
8,100,1000,[32],0.0001,1000,3.6745827436447143,3.7210996142102504,8.55406043440831,1.5159394493771818,2.8255049735307693,2.8720218440963055,6.444295858450058,-1.2561697015093538
8,100,1000,[32],0.001,1000,59.55157623291016,59.59809310347569,85.13931319624913,36.98239180953038,67.91958732604981,67.96610419661535,93.6894993534757,49.99784896285069
8,100,1000,[64],1e-05,1000,0.67235187292099,0.7188687434865263,3.8074078312588955,-2.649303222589371,0.7880287304520607,0.834545601017597,4.497074102468613,-3.1497197398470616
8,100,1000,[64],0.0001,1000,5.347494196891785,5.394011067457321,9.708639597005966,2.219650005407455,5.4754961967468265,5.522013067312363,8.319593881673935,2.376996015615585
8,100,1000,[64],0.001,1000,118.46766662597656,118.5141834965421,144.88146254927648,100.70432326704992,135.3822380065918,135.42875487715733,188.95586440474523,98.16826674849523
8,100,1000,[128],1e-05,1000,1.0869809538125992,1.1334978243781355,4.813767408437851,-2.1113419780062412,1.041564579308033,1.0880814498735694,4.436353658743027,-2.5364544638918614
8,100,1000,[128],0.0001,1000,9.913271284103393,9.95978815466893,12.765205835409287,7.288750623769882,12.15084629058838,12.197363161153916,14.751699899740341,9.832579111166122
8,100,1000,[128],0.001,1000,275.68090972900393,275.72742659956947,339.75260207564367,227.36119887740148,268.833984375,268.88050124556554,297.28507277876867,239.51046035201085
8,100,1000,"[128, 128]",1e-05,1000,7.872910070419311,7.919426940984848,10.718931650228622,5.919272874899033,7.289217913150788,7.335734783716324,12.110231851644638,1.856190775938156
8,100,1000,"[128, 128]",0.0001,1000,118.02225952148437,118.06877639204991,161.77100417525304,85.19991347701085,131.25042572021485,131.2969425907804,152.72856948287023,110.34337661177648
8,100,1000,"[128, 128]",0.001,1000,26031.56328125,26031.609798120568,32370.316048120567,16777.734016870567,28884.604296875,28884.650813745568,34528.81214187056,20234.355110620567
8,100,1000,[256],1e-05,1000,2.2196065872907638,2.2661234578563,6.118537878103378,0.44834548742306496,2.8108775138854982,2.8573943844510343,6.170309518880966,-2.086056734018204
8,100,1000,[256],0.0001,1000,23.621968460083007,23.668485330648544,31.269377206869247,19.292576288290146,25.592609214782716,25.639126085348252,32.12266585738194,19.859030222005966
8,100,1000,[256],0.001,1000,518.7671630859375,518.8136799565029,594.6693806400967,435.6240010014249,574.1361267089844,574.1826435795499,673.8231892338467,489.1704792729093
8,100,1000,"[256, 256]",1e-05,1000,16.748706436157228,16.795223306722765,28.751993631429794,10.926685785360458,17.16076946258545,17.207286333150986,20.61241767317784,13.866113161153915
8,100,1000,"[256, 256]",0.0001,1000,455.596240234375,455.64275710494053,539.5139851322842,321.16739699751867,483.42201538085936,483.4685322514249,645.8820271244717,379.8069538822843
8,100,1000,"[256, 256]",0.001,1000,116519.32890625,116519.37542312057,144433.54651687056,90477.89026687057,127889.890625,127889.93714187057,148698.84339187056,105882.39807937057
8,100,2000,[32],1e-05,1000,0.21315713077783585,0.25967400134337215,2.5889446488095547,-1.6608386287020418,0.17830438613891603,0.2248212567044523,3.2703835716916347,-3.0290031680392002
8,100,2000,[32],0.0001,1000,5.314972198009491,5.361489068575027,10.650382494039658,0.8307751169873503,7.455264568328857,7.501781438894394,10.455572580404404,4.262859319753769
8,100,2000,[32],0.001,1000,205.9613037109375,206.00782058150304,297.8206562748624,170.1927723637296,206.80393981933594,206.85045668990148,276.70462844283117,153.4620594731046
8,100,2000,[64],1e-05,1000,0.7500273115932942,0.7965441821588305,4.97465369612706,-3.364118839197037,0.8254753760993481,0.8719922466648844,5.3908347836209565,-2.745947624139664
8,100,2000,[64],0.0001,1000,11.806368923187256,11.852885793752792,19.46298262984288,5.664980386800888,14.580994129180908,14.627510999746445,19.513773416586044,12.586615060873154
8,100,2000,[64],0.001,1000,400.8416412353516,400.8881581059171,514.1644367924405,289.37088820845617,415.6374969482422,415.6840138188077,533.4680866947842,287.85501906783117
8,100,2000,[128],1e-05,1000,0.9138280004262924,0.9603448709918287,3.0805701962186123,-2.4398875483797764,2.4941564351320267,2.540673305697563,5.232933496542099,0.2880970886422422
8,100,2000,[128],0.0001,1000,24.641635513305665,24.688152383871202,34.682457422323345,20.22459266097081,24.115019226074217,24.161536096639754,31.042562936849716,16.810614084310654
8,100,2000,[128],0.001,1000,814.5315307617187,814.5780476322842,983.5883259525967,629.5214314213467,988.2548095703125,988.301326440878,1124.1580891361905,858.5067829838467
8,100,2000,"[128, 128]",1e-05,1000,13.972434711456298,14.018951582021835,25.81501243025792,9.442728494711044,14.350281476974487,14.396798347540024,17.90256354720128,7.119581197805527
8,100,2000,"[128, 128]",0.0001,1000,520.7303436279296,520.7768604984951,790.1030964604092,375.2372822514249,525.3399261474609,525.3864430180264,791.3142781010342,404.83829543501867
8,100,2000,"[128, 128]",0.001,1000,166193.8296875,166193.87620437055,204713.54651687056,135731.37464187056,194754.22578125,194754.27229812054,275878.64026687056,124823.52307937057
8,100,2000,[256],1e-05,1000,2.9714345574378966,3.0179514280034327,6.126609777517441,0.29110441119206215,4.5670094907283785,4.613526361293915,8.556677316732529,-0.24052890627848839
8,100,2000,[256],0.0001,1000,50.14694366455078,50.193460535116316,56.36378905684483,43.66087386519444,50.95105895996094,50.99757583052647,53.84808776289952,46.548328851766705
8,100,2000,[256],0.001,1000,1678.4984619140625,1678.544978784628,2352.2125324955655,1359.0372395268155,1787.532861328125,1787.5793781986904,2016.9740071049405,1612.8070149174405
8,100,2000,"[256, 256]",1e-05,1000,38.495578384399415,38.54209525496495,51.61831328780186,25.6372246494962,38.03850345611572,38.08502032668125,46.43295333296788,27.900911783285263
8,100,2000,"[256, 256]",0.0001,1000,1766.004638671875,1766.0511555424405,2154.9759602299405,1193.554695581503,1783.9526733398438,1783.9991902104093,2363.7884602299405,1499.7933430424405
8,100,2000,"[256, 256]",0.001,1000,676865.7875,676865.8340168706,772814.9215168706,555100.2965168706,694400.225,694400.2715168706,812044.6715168706,547428.1715168706
