epoch,step,test_loss,test_renyi_lb,train_loss_epoch,train_loss_step,train_renyi_lb_epoch,train_renyi_lb_step
0,7,,,0.11965607851743698,,-0.11965607851743698,
1,15,,,0.10058331489562988,,-0.10058331489562988,
2,23,,,0.08372480422258377,,-0.08372480422258377,
3,31,,,0.06842464953660965,,-0.06842464953660965,
4,39,,,0.053754035383462906,,-0.053754035383462906,
5,47,,,0.03954809904098511,,-0.03954809904098511,
6,49,,,,0.02920246124267578,,-0.02920246124267578
6,55,,,0.025666654109954834,,-0.025666654109954834,
7,63,,,0.011973857879638672,,-0.011973857879638672,
8,71,,,-0.0014510750770568848,,0.0014510750770568848,
9,79,,,-0.014729678630828857,,0.014729678630828857,
10,87,,,-0.02775716781616211,,0.02775716781616211,
11,95,,,-0.04057520627975464,,0.04057520627975464,
12,99,,,,-0.053122520446777344,,0.053122520446777344
12,103,,,-0.052935417741537094,,0.052935417741537094,
13,111,,,-0.0648125410079956,,0.0648125410079956,
14,119,,,-0.07659053802490234,,0.07659053802490234,
15,127,,,-0.08823078870773315,,0.08823078870773315,
16,135,,,-0.09997319430112839,,0.09997319430112839,
17,143,,,-0.11149926483631134,,0.11149926483631134,
18,149,,,,-0.12620306015014648,,0.12620306015014648
18,151,,,-0.12279687821865082,,0.12279687821865082,
19,159,,,-0.13413958251476288,,0.13413958251476288,
20,167,,,-0.14531643688678741,,0.14531643688678741,
21,175,,,-0.15604323148727417,,0.15604323148727417,
22,183,,,-0.16651618480682373,,0.16651618480682373,
23,191,,,-0.17687639594078064,,0.17687639594078064,
24,199,,,,-0.1947803497314453,,0.1947803497314453
24,199,,,-0.1864822655916214,,0.1864822655916214,
25,207,,,-0.19531746208667755,,0.19531746208667755,
26,215,,,-0.20362116396427155,,0.20362116396427155,
27,223,,,-0.21168193221092224,,0.21168193221092224,
28,231,,,-0.2196211963891983,,0.2196211963891983,
29,239,,,-0.22740034759044647,,0.22740034759044647,
30,247,,,-0.23504045605659485,,0.23504045605659485,
31,249,,,,-0.2442464828491211,,0.2442464828491211
31,255,,,-0.2424149364233017,,0.2424149364233017,
32,263,,,-0.24963554739952087,,0.24963554739952087,
33,271,,,-0.2567405700683594,,0.2567405700683594,
34,279,,,-0.2636665105819702,,0.2636665105819702,
35,287,,,-0.2704174816608429,,0.2704174816608429,
36,295,,,-0.27705761790275574,,0.27705761790275574,
37,299,,,,-0.28470683097839355,,0.28470683097839355
37,303,,,-0.28351283073425293,,0.28351283073425293,
38,311,,,-0.2897112965583801,,0.2897112965583801,
39,319,,,-0.29581594467163086,,0.29581594467163086,
40,327,,,-0.30196839570999146,,0.30196839570999146,
41,335,,,-0.30760592222213745,,0.30760592222213745,
42,343,,,-0.31338346004486084,,0.31338346004486084,
43,349,,,,-0.32966041564941406,,0.32966041564941406
43,351,,,-0.3188426196575165,,0.3188426196575165,
44,359,,,-0.32411423325538635,,0.32411423325538635,
45,367,,,-0.32938140630722046,,0.32938140630722046,
46,375,,,-0.3344890773296356,,0.3344890773296356,
47,383,,,-0.33918309211730957,,0.33918309211730957,
48,391,,,-0.3438989818096161,,0.3438989818096161,
49,399,,,,-0.3413717746734619,,0.3413717746734619
49,399,,,-0.34840941429138184,,0.34840941429138184,
50,407,,,-0.3528149724006653,,0.3528149724006653,
51,415,,,-0.3570268154144287,,0.3570268154144287,
52,423,,,-0.3610803186893463,,0.3610803186893463,
53,431,,,-0.36500710248947144,,0.36500710248947144,
54,439,,,-0.3687457740306854,,0.3687457740306854,
55,447,,,-0.372515469789505,,0.372515469789505,
56,449,,,,-0.39067506790161133,,0.39067506790161133
56,455,,,-0.37586134672164917,,0.37586134672164917,
57,463,,,-0.3793041706085205,,0.3793041706085205,
58,471,,,-0.38247454166412354,,0.38247454166412354,
59,479,,,-0.3855683207511902,,0.3855683207511902,
60,487,,,-0.38883620500564575,,0.38883620500564575,
61,495,,,-0.3916775584220886,,0.3916775584220886,
62,499,,,,-0.39080166816711426,,0.39080166816711426
62,503,,,-0.39426925778388977,,0.39426925778388977,
63,511,,,-0.39694440364837646,,0.39694440364837646,
64,519,,,-0.3995760381221771,,0.3995760381221771,
65,527,,,-0.40162423253059387,,0.40162423253059387,
66,535,,,-0.4038922190666199,,0.4038922190666199,
67,543,,,-0.4060909152030945,,0.4060909152030945,
68,549,,,,-0.4289090633392334,,0.4289090633392334
68,551,,,-0.4082680344581604,,0.4082680344581604,
69,559,,,-0.41042426228523254,,0.41042426228523254,
70,567,,,-0.4119301736354828,,0.4119301736354828,
71,575,,,-0.41364872455596924,,0.41364872455596924,
72,583,,,-0.41558021306991577,,0.41558021306991577,
73,591,,,-0.417316198348999,,0.417316198348999,
74,599,,,,-0.4237987995147705,,0.4237987995147705
74,599,,,-0.4187636375427246,,0.4187636375427246,
75,607,,,-0.4200074076652527,,0.4200074076652527,
76,615,,,-0.42164668440818787,,0.42164668440818787,
77,623,,,-0.42250463366508484,,0.42250463366508484,
78,631,,,-0.42370450496673584,,0.42370450496673584,
79,639,,,-0.42531612515449524,,0.42531612515449524,
80,647,,,-0.4263056516647339,,0.4263056516647339,
81,649,,,,-0.41875743865966797,,0.41875743865966797
81,655,,,-0.42703408002853394,,0.42703408002853394,
82,663,,,-0.4278620481491089,,0.4278620481491089,
83,671,,,-0.42892247438430786,,0.42892247438430786,
84,679,,,-0.42969971895217896,,0.42969971895217896,
85,687,,,-0.43050888180732727,,0.43050888180732727,
86,695,,,-0.43126070499420166,,0.43126070499420166,
87,699,,,,-0.4077770709991455,,0.4077770709991455
87,703,,,-0.43225741386413574,,0.43225741386413574,
88,711,,,-0.43259453773498535,,0.43259453773498535,
89,719,,,-0.43348193168640137,,0.43348193168640137,
90,727,,,-0.43365731835365295,,0.43365731835365295,
91,735,,,-0.43435096740722656,,0.43435096740722656,
92,743,,,-0.43507120013237,,0.43507120013237,
93,749,,,,-0.4136674404144287,,0.4136674404144287
93,751,,,-0.4351833462715149,,0.4351833462715149,
94,759,,,-0.43590566515922546,,0.43590566515922546,
95,767,,,-0.43581098318099976,,0.43581098318099976,
96,775,,,-0.4367351531982422,,0.4367351531982422,
97,783,,,-0.437196284532547,,0.437196284532547,
98,791,,,-0.4372643530368805,,0.4372643530368805,
99,799,,,,-0.43215131759643555,,0.43215131759643555
99,799,,,-0.4374728500843048,,0.4374728500843048,
100,807,,,-0.43817138671875,,0.43817138671875,
101,815,,,-0.4379481375217438,,0.4379481375217438,
102,823,,,-0.4384221136569977,,0.4384221136569977,
103,831,,,-0.4385683536529541,,0.4385683536529541,
104,839,,,-0.43905723094940186,,0.43905723094940186,
105,847,,,-0.43951407074928284,,0.43951407074928284,
106,849,,,,-0.41893482208251953,,0.41893482208251953
106,855,,,-0.43925806879997253,,0.43925806879997253,
107,863,,,-0.4398181736469269,,0.4398181736469269,
108,871,,,-0.43927016854286194,,0.43927016854286194,
109,879,,,-0.44021084904670715,,0.44021084904670715,
110,887,,,-0.4403616786003113,,0.4403616786003113,
111,895,,,-0.440090149641037,,0.440090149641037,
112,899,,,,-0.44609689712524414,,0.44609689712524414
112,903,,,-0.44064879417419434,,0.44064879417419434,
113,911,,,-0.44037842750549316,,0.44037842750549316,
114,919,,,-0.4404158592224121,,0.4404158592224121,
115,927,,,-0.4412837326526642,,0.4412837326526642,
116,935,,,-0.44073250889778137,,0.44073250889778137,
117,943,,,-0.4403976500034332,,0.4403976500034332,
118,949,,,,-0.4356389045715332,,0.4356389045715332
118,951,,,-0.44063758850097656,,0.44063758850097656,
119,959,,,-0.44131869077682495,,0.44131869077682495,
120,967,,,-0.4412141740322113,,0.4412141740322113,
121,975,,,-0.4412611424922943,,0.4412611424922943,
122,983,,,-0.44209975004196167,,0.44209975004196167,
123,991,,,-0.4417509138584137,,0.4417509138584137,
124,999,,,,-0.491473913192749,,0.491473913192749
124,999,,,-0.44111406803131104,,0.44111406803131104,
125,1007,,,-0.44120967388153076,,0.44120967388153076,
126,1015,,,-0.4413520395755768,,0.4413520395755768,
127,1023,,,-0.4421197772026062,,0.4421197772026062,
128,1031,,,-0.4413054287433624,,0.4413054287433624,
129,1039,,,-0.4420549273490906,,0.4420549273490906,
130,1047,,,-0.441638708114624,,0.441638708114624,
131,1049,,,,-0.4665820598602295,,0.4665820598602295
131,1055,,,-0.4422370493412018,,0.4422370493412018,
132,1063,,,-0.44148018956184387,,0.44148018956184387,
133,1071,,,-0.44165682792663574,,0.44165682792663574,
134,1079,,,-0.4419817328453064,,0.4419817328453064,
135,1087,,,-0.44159409403800964,,0.44159409403800964,
136,1095,,,-0.44157201051712036,,0.44157201051712036,
137,1099,,,,-0.47669291496276855,,0.47669291496276855
137,1103,,,-0.4424310028553009,,0.4424310028553009,
138,1111,,,-0.4426771402359009,,0.4426771402359009,
139,1119,,,-0.441864937543869,,0.441864937543869,
140,1127,,,-0.44313108921051025,,0.44313108921051025,
141,1135,,,-0.4419473707675934,,0.4419473707675934,
142,1143,,,-0.44203564524650574,,0.44203564524650574,
143,1149,,,,-0.38764333724975586,,0.38764333724975586
143,1151,,,-0.4429692029953003,,0.4429692029953003,
144,1159,,,-0.44257500767707825,,0.44257500767707825,
145,1167,,,-0.4424493610858917,,0.4424493610858917,
146,1175,,,-0.44237586855888367,,0.44237586855888367,
147,1183,,,-0.44235268235206604,,0.44235268235206604,
148,1191,,,-0.4423353374004364,,0.4423353374004364,
149,1199,,,,-0.4206869602203369,,0.4206869602203369
149,1199,,,-0.4426072835922241,,0.4426072835922241,
150,1207,,,-0.4424319267272949,,0.4424319267272949,
151,1215,,,-0.4428515136241913,,0.4428515136241913,
152,1223,,,-0.4424450695514679,,0.4424450695514679,
153,1231,,,-0.44221723079681396,,0.44221723079681396,
154,1239,,,-0.4428022801876068,,0.4428022801876068,
155,1247,,,-0.4423518180847168,,0.4423518180847168,
156,1249,,,,-0.3893857002258301,,0.3893857002258301
156,1255,,,-0.44325128197669983,,0.44325128197669983,
157,1263,,,-0.44283172488212585,,0.44283172488212585,
158,1271,,,-0.4424975514411926,,0.4424975514411926,
159,1279,,,-0.44243037700653076,,0.44243037700653076,
160,1287,,,-0.44269081950187683,,0.44269081950187683,
161,1295,,,-0.44251495599746704,,0.44251495599746704,
162,1299,,,,-0.446185827255249,,0.446185827255249
162,1303,,,-0.4427543878555298,,0.4427543878555298,
163,1311,,,-0.44400882720947266,,0.44400882720947266,
164,1319,,,-0.44239166378974915,,0.44239166378974915,
165,1327,,,-0.44384244084358215,,0.44384244084358215,
166,1335,,,-0.4429786503314972,,0.4429786503314972,
167,1343,,,-0.4435712993144989,,0.4435712993144989,
168,1349,,,,-0.45279741287231445,,0.45279741287231445
168,1351,,,-0.44351157546043396,,0.44351157546043396,
169,1359,,,-0.44292616844177246,,0.44292616844177246,
170,1367,,,-0.44381964206695557,,0.44381964206695557,
171,1375,,,-0.44315409660339355,,0.44315409660339355,
172,1383,,,-0.4427962005138397,,0.4427962005138397,
173,1391,,,-0.44328853487968445,,0.44328853487968445,
174,1399,,,,-0.41779375076293945,,0.41779375076293945
174,1399,,,-0.4446355104446411,,0.4446355104446411,
175,1407,,,-0.44359463453292847,,0.44359463453292847,
176,1415,,,-0.44349682331085205,,0.44349682331085205,
177,1423,,,-0.4436025023460388,,0.4436025023460388,
178,1431,,,-0.44288018345832825,,0.44288018345832825,
179,1439,,,-0.4433608949184418,,0.4433608949184418,
180,1447,,,-0.4439353942871094,,0.4439353942871094,
181,1449,,,,-0.5285468101501465,,0.5285468101501465
181,1455,,,-0.4448620080947876,,0.4448620080947876,
182,1463,,,-0.443370521068573,,0.443370521068573,
183,1471,,,-0.44371747970581055,,0.44371747970581055,
184,1479,,,-0.4442797005176544,,0.4442797005176544,
185,1487,,,-0.4439905881881714,,0.4439905881881714,
186,1495,,,-0.44366806745529175,,0.44366806745529175,
187,1499,,,,-0.3951296806335449,,0.3951296806335449
187,1503,,,-0.444355845451355,,0.444355845451355,
188,1511,,,-0.44539570808410645,,0.44539570808410645,
189,1519,,,-0.44414734840393066,,0.44414734840393066,
190,1527,,,-0.4435805082321167,,0.4435805082321167,
191,1535,,,-0.44399306178092957,,0.44399306178092957,
192,1543,,,-0.4444533586502075,,0.4444533586502075,
193,1549,,,,-0.38538241386413574,,0.38538241386413574
193,1551,,,-0.4435325264930725,,0.4435325264930725,
194,1559,,,-0.4444885849952698,,0.4444885849952698,
195,1567,,,-0.44408929347991943,,0.44408929347991943,
196,1575,,,-0.444608598947525,,0.444608598947525,
197,1583,,,-0.4438726603984833,,0.4438726603984833,
198,1591,,,-0.44419893622398376,,0.44419893622398376,
199,1599,,,,-0.3986015319824219,,0.3986015319824219
199,1599,,,-0.4439516067504883,,0.4439516067504883,
200,1607,,,-0.4440010190010071,,0.4440010190010071,
201,1615,,,-0.4436326026916504,,0.4436326026916504,
202,1623,,,-0.4441821277141571,,0.4441821277141571,
203,1631,,,-0.44353345036506653,,0.44353345036506653,
204,1639,,,-0.4442521631717682,,0.4442521631717682,
205,1647,,,-0.44459131360054016,,0.44459131360054016,
206,1649,,,,-0.5380814075469971,,0.5380814075469971
206,1655,,,-0.4454025328159332,,0.4454025328159332,
207,1663,,,-0.4445822238922119,,0.4445822238922119,
208,1671,,,-0.44433021545410156,,0.44433021545410156,
209,1679,,,-0.44401225447654724,,0.44401225447654724,
210,1687,,,-0.4440189599990845,,0.4440189599990845,
211,1695,,,-0.44433432817459106,,0.44433432817459106,
212,1699,,,,-0.39327311515808105,,0.39327311515808105
212,1703,,,-0.44443055987358093,,0.44443055987358093,
213,1711,,,-0.44475269317626953,,0.44475269317626953,
214,1719,,,-0.445919930934906,,0.445919930934906,
215,1727,,,-0.44398051500320435,,0.44398051500320435,
216,1735,,,-0.4444310665130615,,0.4444310665130615,
217,1743,,,-0.445081502199173,,0.445081502199173,
218,1749,,,,-0.4687812328338623,,0.4687812328338623
218,1751,,,-0.4443458914756775,,0.4443458914756775,
219,1759,,,-0.4443723261356354,,0.4443723261356354,
220,1767,,,-0.4441867172718048,,0.4441867172718048,
221,1775,,,-0.44418030977249146,,0.44418030977249146,
222,1783,,,-0.4453503489494324,,0.4453503489494324,
223,1791,,,-0.44410252571105957,,0.44410252571105957,
224,1799,,,,-0.42082834243774414,,0.42082834243774414
224,1799,,,-0.44451045989990234,,0.44451045989990234,
225,1807,,,-0.4453504979610443,,0.4453504979610443,
226,1815,,,-0.44490721821784973,,0.44490721821784973,
227,1823,,,-0.44476625323295593,,0.44476625323295593,
228,1831,,,-0.44503554701805115,,0.44503554701805115,
229,1839,,,-0.44454801082611084,,0.44454801082611084,
230,1847,,,-0.44536933302879333,,0.44536933302879333,
231,1849,,,,-0.45355796813964844,,0.45355796813964844
231,1855,,,-0.4441990256309509,,0.4441990256309509,
232,1863,,,-0.4444699287414551,,0.4444699287414551,
233,1871,,,-0.4454566538333893,,0.4454566538333893,
234,1879,,,-0.44476401805877686,,0.44476401805877686,
235,1887,,,-0.44466978311538696,,0.44466978311538696,
236,1895,,,-0.44541820883750916,,0.44541820883750916,
237,1899,,,,-0.3971991539001465,,0.3971991539001465
237,1903,,,-0.4444284737110138,,0.4444284737110138,
238,1911,,,-0.44432729482650757,,0.44432729482650757,
239,1919,,,-0.44470351934432983,,0.44470351934432983,
240,1927,,,-0.4448614716529846,,0.4448614716529846,
241,1935,,,-0.44573846459388733,,0.44573846459388733,
242,1943,,,-0.4455510377883911,,0.4455510377883911,
243,1949,,,,-0.46806764602661133,,0.46806764602661133
243,1951,,,-0.44543126225471497,,0.44543126225471497,
244,1959,,,-0.44576773047447205,,0.44576773047447205,
245,1967,,,-0.44559991359710693,,0.44559991359710693,
246,1975,,,-0.44461968541145325,,0.44461968541145325,
247,1983,,,-0.4447579085826874,,0.4447579085826874,
248,1991,,,-0.44507303833961487,,0.44507303833961487,
249,1999,,,,-0.4685659408569336,,0.4685659408569336
249,1999,,,-0.44548001885414124,,0.44548001885414124,
250,2007,,,-0.44562602043151855,,0.44562602043151855,
251,2015,,,-0.44575831294059753,,0.44575831294059753,
252,2023,,,-0.4455147087574005,,0.4455147087574005,
253,2031,,,-0.44474726915359497,,0.44474726915359497,
254,2039,,,-0.44465625286102295,,0.44465625286102295,
255,2047,,,-0.44604918360710144,,0.44604918360710144,
256,2049,,,,-0.4934215545654297,,0.4934215545654297
256,2055,,,-0.44562071561813354,,0.44562071561813354,
257,2063,,,-0.44489043951034546,,0.44489043951034546,
258,2071,,,-0.4448873996734619,,0.4448873996734619,
259,2079,,,-0.4461787939071655,,0.4461787939071655,
260,2087,,,-0.44506099820137024,,0.44506099820137024,
261,2095,,,-0.4446086287498474,,0.4446086287498474,
262,2099,,,,-0.3958771228790283,,0.3958771228790283
262,2103,,,-0.44606947898864746,,0.44606947898864746,
263,2111,,,-0.44601303339004517,,0.44601303339004517,
264,2119,,,-0.4454381763935089,,0.4454381763935089,
265,2127,,,-0.4465884864330292,,0.4465884864330292,
266,2135,,,-0.44503387808799744,,0.44503387808799744,
267,2143,,,-0.4459208548069,,0.4459208548069,
268,2149,,,,-0.4627108573913574,,0.4627108573913574
268,2151,,,-0.4456441402435303,,0.4456441402435303,
269,2159,,,-0.44646182656288147,,0.44646182656288147,
270,2167,,,-0.44563028216362,,0.44563028216362,
271,2175,,,-0.44532471895217896,,0.44532471895217896,
272,2183,,,-0.44476234912872314,,0.44476234912872314,
273,2191,,,-0.44586190581321716,,0.44586190581321716,
274,2199,,,,-0.3678781986236572,,0.3678781986236572
274,2199,,,-0.44701796770095825,,0.44701796770095825,
275,2207,,,-0.445020854473114,,0.445020854473114,
276,2215,,,-0.4450094699859619,,0.4450094699859619,
277,2223,,,-0.44563189148902893,,0.44563189148902893,
278,2231,,,-0.4453715682029724,,0.4453715682029724,
279,2239,,,-0.4453340470790863,,0.4453340470790863,
280,2247,,,-0.44498178362846375,,0.44498178362846375,
281,2249,,,,-0.5096657276153564,,0.5096657276153564
281,2255,,,-0.445735901594162,,0.445735901594162,
282,2263,,,-0.4450221061706543,,0.4450221061706543,
283,2271,,,-0.4449720084667206,,0.4449720084667206,
284,2279,,,-0.4459284543991089,,0.4459284543991089,
285,2287,,,-0.4457990825176239,,0.4457990825176239,
286,2295,,,-0.44539159536361694,,0.44539159536361694,
287,2299,,,,-0.5220091342926025,,0.5220091342926025
287,2303,,,-0.44597315788269043,,0.44597315788269043,
288,2311,,,-0.44713345170021057,,0.44713345170021057,
289,2319,,,-0.44551780819892883,,0.44551780819892883,
290,2327,,,-0.44619041681289673,,0.44619041681289673,
291,2335,,,-0.445830762386322,,0.445830762386322,
292,2343,,,-0.44577866792678833,,0.44577866792678833,
293,2349,,,,-0.39942407608032227,,0.39942407608032227
293,2351,,,-0.445827454328537,,0.445827454328537,
294,2359,,,-0.44701460003852844,,0.44701460003852844,
295,2367,,,-0.4468253552913666,,0.4468253552913666,
296,2375,,,-0.44588497281074524,,0.44588497281074524,
297,2383,,,-0.44517046213150024,,0.44517046213150024,
298,2391,,,-0.44690781831741333,,0.44690781831741333,
299,2399,,,,-0.5097551345825195,,0.5097551345825195
299,2399,,,-0.4480939507484436,,0.4480939507484436,
300,2407,,,-0.4461832642555237,,0.4461832642555237,
301,2415,,,-0.4456537961959839,,0.4456537961959839,
302,2423,,,-0.44677579402923584,,0.44677579402923584,
303,2431,,,-0.4466760754585266,,0.4466760754585266,
304,2439,,,-0.44591259956359863,,0.44591259956359863,
305,2447,,,-0.445831298828125,,0.445831298828125,
306,2449,,,,-0.4535341262817383,,0.4535341262817383
306,2455,,,-0.445800244808197,,0.445800244808197,
307,2463,,,-0.4455417990684509,,0.4455417990684509,
308,2471,,,-0.44737958908081055,,0.44737958908081055,
309,2479,,,-0.44719448685646057,,0.44719448685646057,
310,2487,,,-0.44531387090682983,,0.44531387090682983,
311,2495,,,-0.4473581612110138,,0.4473581612110138,
312,2499,,,,-0.5015068054199219,,0.5015068054199219
312,2503,,,-0.4457521140575409,,0.4457521140575409,
313,2511,,,-0.44607704877853394,,0.44607704877853394,
314,2519,,,-0.44596073031425476,,0.44596073031425476,
315,2527,,,-0.44572538137435913,,0.44572538137435913,
316,2535,,,-0.44605553150177,,0.44605553150177,
317,2543,,,-0.4477933645248413,,0.4477933645248413,
318,2549,,,,-0.46242403984069824,,0.46242403984069824
318,2551,,,-0.44646376371383667,,0.44646376371383667,
319,2559,,,-0.4455563426017761,,0.4455563426017761,
320,2567,,,-0.447769433259964,,0.447769433259964,
321,2575,,,-0.4463574290275574,,0.4463574290275574,
322,2583,,,-0.44649073481559753,,0.44649073481559753,
323,2591,,,-0.44722774624824524,,0.44722774624824524,
324,2599,,,,-0.3917825222015381,,0.3917825222015381
324,2599,,,-0.4458879828453064,,0.4458879828453064,
325,2607,,,-0.44646137952804565,,0.44646137952804565,
326,2615,,,-0.4470248520374298,,0.4470248520374298,
327,2623,,,-0.445787250995636,,0.445787250995636,
328,2631,,,-0.446441113948822,,0.446441113948822,
329,2639,,,-0.44697222113609314,,0.44697222113609314,
330,2647,,,-0.4468856453895569,,0.4468856453895569,
331,2649,,,,-0.5120391845703125,,0.5120391845703125
331,2655,,,-0.44605106115341187,,0.44605106115341187,
332,2663,,,-0.4463173747062683,,0.4463173747062683,
333,2671,,,-0.4456733763217926,,0.4456733763217926,
334,2679,,,-0.4465889632701874,,0.4465889632701874,
335,2687,,,-0.44699716567993164,,0.44699716567993164,
336,2695,,,-0.44705599546432495,,0.44705599546432495,
337,2699,,,,-0.49811315536499023,,0.49811315536499023
337,2703,,,-0.44560927152633667,,0.44560927152633667,
338,2711,,,-0.44590240716934204,,0.44590240716934204,
339,2719,,,-0.44674643874168396,,0.44674643874168396,
340,2727,,,-0.44730034470558167,,0.44730034470558167,
341,2735,,,-0.44622787833213806,,0.44622787833213806,
342,2743,,,-0.44565537571907043,,0.44565537571907043,
343,2749,,,,-0.35593199729919434,,0.35593199729919434
343,2751,,,-0.44811728596687317,,0.44811728596687317,
344,2759,,,-0.44687792658805847,,0.44687792658805847,
345,2767,,,-0.447467565536499,,0.447467565536499,
346,2775,,,-0.4471921920776367,,0.4471921920776367,
347,2783,,,-0.4472014307975769,,0.4472014307975769,
348,2791,,,-0.4459717273712158,,0.4459717273712158,
349,2799,,,,-0.4528839588165283,,0.4528839588165283
349,2799,,,-0.4461156129837036,,0.4461156129837036,
350,2807,,,-0.4473128318786621,,0.4473128318786621,
351,2815,,,-0.44742679595947266,,0.44742679595947266,
352,2823,,,-0.4461531639099121,,0.4461531639099121,
353,2831,,,-0.4467267692089081,,0.4467267692089081,
354,2839,,,-0.44744500517845154,,0.44744500517845154,
355,2847,,,-0.44640907645225525,,0.44640907645225525,
356,2849,,,,-0.4390099048614502,,0.4390099048614502
356,2855,,,-0.44627320766448975,,0.44627320766448975,
357,2863,,,-0.4465995132923126,,0.4465995132923126,
358,2871,,,-0.44610482454299927,,0.44610482454299927,
359,2879,,,-0.44671112298965454,,0.44671112298965454,
360,2887,,,-0.44701993465423584,,0.44701993465423584,
361,2895,,,-0.445892870426178,,0.445892870426178,
362,2899,,,,-0.4563412666320801,,0.4563412666320801
362,2903,,,-0.4480856955051422,,0.4480856955051422,
363,2911,,,-0.4473724067211151,,0.4473724067211151,
364,2919,,,-0.44765445590019226,,0.44765445590019226,
365,2927,,,-0.447490930557251,,0.447490930557251,
366,2935,,,-0.4483419358730316,,0.4483419358730316,
367,2943,,,-0.44785863161087036,,0.44785863161087036,
368,2949,,,,-0.45067501068115234,,0.45067501068115234
368,2951,,,-0.44674184918403625,,0.44674184918403625,
369,2959,,,-0.4463307559490204,,0.4463307559490204,
370,2967,,,-0.44777294993400574,,0.44777294993400574,
371,2975,,,-0.4460071325302124,,0.4460071325302124,
372,2983,,,-0.44719335436820984,,0.44719335436820984,
373,2991,,,-0.4474673867225647,,0.4474673867225647,
374,2999,,,,-0.45973825454711914,,0.45973825454711914
374,2999,,,-0.4478529393672943,,0.4478529393672943,
375,3007,,,-0.44668951630592346,,0.44668951630592346,
376,3015,,,-0.44789156317710876,,0.44789156317710876,
377,3023,,,-0.4469044506549835,,0.4469044506549835,
378,3031,,,-0.44711366295814514,,0.44711366295814514,
379,3039,,,-0.44672533869743347,,0.44672533869743347,
380,3047,,,-0.4466106593608856,,0.4466106593608856,
381,3049,,,,-0.5096821784973145,,0.5096821784973145
381,3055,,,-0.4478943943977356,,0.4478943943977356,
382,3063,,,-0.4481689929962158,,0.4481689929962158,
383,3071,,,-0.44727784395217896,,0.44727784395217896,
384,3079,,,-0.44665366411209106,,0.44665366411209106,
385,3087,,,-0.4464769661426544,,0.4464769661426544,
386,3095,,,-0.44650688767433167,,0.44650688767433167,
387,3099,,,,-0.38688135147094727,,0.38688135147094727
387,3103,,,-0.44740718603134155,,0.44740718603134155,
388,3111,,,-0.44696348905563354,,0.44696348905563354,
389,3119,,,-0.44651517271995544,,0.44651517271995544,
390,3127,,,-0.4484601616859436,,0.4484601616859436,
391,3135,,,-0.44621220231056213,,0.44621220231056213,
392,3143,,,-0.44671928882598877,,0.44671928882598877,
393,3149,,,,-0.3951554298400879,,0.3951554298400879
393,3151,,,-0.44776973128318787,,0.44776973128318787,
394,3159,,,-0.4471476972103119,,0.4471476972103119,
395,3167,,,-0.44746890664100647,,0.44746890664100647,
396,3175,,,-0.4470011591911316,,0.4470011591911316,
397,3183,,,-0.44801318645477295,,0.44801318645477295,
398,3191,,,-0.4467576742172241,,0.4467576742172241,
399,3199,,,,-0.5121879577636719,,0.5121879577636719
399,3199,,,-0.44977128505706787,,0.44977128505706787,
400,3207,,,-0.4473315477371216,,0.4473315477371216,
401,3215,,,-0.4464702010154724,,0.4464702010154724,
402,3223,,,-0.44672977924346924,,0.44672977924346924,
403,3231,,,-0.44742071628570557,,0.44742071628570557,
404,3239,,,-0.4473493993282318,,0.4473493993282318,
405,3247,,,-0.44797080755233765,,0.44797080755233765,
406,3249,,,,-0.48174619674682617,,0.48174619674682617
406,3255,,,-0.44846102595329285,,0.44846102595329285,
407,3263,,,-0.44854721426963806,,0.44854721426963806,
408,3271,,,-0.4481971561908722,,0.4481971561908722,
409,3279,,,-0.44824913144111633,,0.44824913144111633,
410,3287,,,-0.4468310475349426,,0.4468310475349426,
411,3295,,,-0.4471935033798218,,0.4471935033798218,
412,3299,,,,-0.4508984088897705,,0.4508984088897705
412,3303,,,-0.4475564956665039,,0.4475564956665039,
413,3311,,,-0.4465327560901642,,0.4465327560901642,
414,3319,,,-0.4476824700832367,,0.4476824700832367,
415,3327,,,-0.4469166100025177,,0.4469166100025177,
416,3335,,,-0.44708016514778137,,0.44708016514778137,
417,3343,,,-0.4490688443183899,,0.4490688443183899,
418,3349,,,,-0.47882556915283203,,0.47882556915283203
418,3351,,,-0.44763901829719543,,0.44763901829719543,
419,3359,,,-0.44705116748809814,,0.44705116748809814,
420,3367,,,-0.44798535108566284,,0.44798535108566284,
421,3375,,,-0.44692543148994446,,0.44692543148994446,
422,3383,,,-0.4475899338722229,,0.4475899338722229,
423,3391,,,-0.44764262437820435,,0.44764262437820435,
424,3399,,,,-0.41610145568847656,,0.41610145568847656
424,3399,,,-0.4474289119243622,,0.4474289119243622,
425,3407,,,-0.4472910761833191,,0.4472910761833191,
426,3415,,,-0.44705191254615784,,0.44705191254615784,
427,3423,,,-0.44772130250930786,,0.44772130250930786,
428,3431,,,-0.4473094642162323,,0.4473094642162323,
429,3439,,,-0.4471578001976013,,0.4471578001976013,
430,3447,,,-0.44795775413513184,,0.44795775413513184,
431,3449,,,,-0.4481973648071289,,0.4481973648071289
431,3455,,,-0.4473256766796112,,0.4473256766796112,
432,3463,,,-0.44713565707206726,,0.44713565707206726,
433,3471,,,-0.4482322633266449,,0.4482322633266449,
434,3479,,,-0.4486701190471649,,0.4486701190471649,
435,3487,,,-0.4484584331512451,,0.4484584331512451,
436,3495,,,-0.44903358817100525,,0.44903358817100525,
437,3499,,,,-0.5048732757568359,,0.5048732757568359
437,3503,,,-0.44778648018836975,,0.44778648018836975,
438,3511,,,-0.4475513696670532,,0.4475513696670532,
439,3519,,,-0.4467936158180237,,0.4467936158180237,
440,3527,,,-0.44758886098861694,,0.44758886098861694,
441,3535,,,-0.4494684040546417,,0.4494684040546417,
442,3543,,,-0.44711175560951233,,0.44711175560951233,
443,3549,,,,-0.4493575096130371,,0.4493575096130371
443,3551,,,-0.4484331011772156,,0.4484331011772156,
444,3559,,,-0.44827789068222046,,0.44827789068222046,
445,3567,,,-0.44755318760871887,,0.44755318760871887,
446,3575,,,-0.4489472210407257,,0.4489472210407257,
447,3583,,,-0.44753292202949524,,0.44753292202949524,
448,3591,,,-0.4482945203781128,,0.4482945203781128,
449,3599,,,,-0.4074826240539551,,0.4074826240539551
449,3599,,,-0.4470471739768982,,0.4470471739768982,
450,3607,,,-0.4477902352809906,,0.4477902352809906,
451,3615,,,-0.4483405649662018,,0.4483405649662018,
452,3623,,,-0.4496748149394989,,0.4496748149394989,
453,3631,,,-0.4494169354438782,,0.4494169354438782,
454,3639,,,-0.44739028811454773,,0.44739028811454773,
455,3647,,,-0.4486100673675537,,0.4486100673675537,
456,3649,,,,-0.44700145721435547,,0.44700145721435547
456,3655,,,-0.44770658016204834,,0.44770658016204834,
457,3663,,,-0.4479788541793823,,0.4479788541793823,
458,3671,,,-0.4491758644580841,,0.4491758644580841,
459,3679,,,-0.44795292615890503,,0.44795292615890503,
460,3687,,,-0.4486694931983948,,0.4486694931983948,
461,3695,,,-0.4474549889564514,,0.4474549889564514,
462,3699,,,,-0.35031628608703613,,0.35031628608703613
462,3703,,,-0.44901683926582336,,0.44901683926582336,
463,3711,,,-0.4472440481185913,,0.4472440481185913,
464,3719,,,-0.4481186866760254,,0.4481186866760254,
465,3727,,,-0.4482400417327881,,0.4482400417327881,
466,3735,,,-0.4479545056819916,,0.4479545056819916,
467,3743,,,-0.446902871131897,,0.446902871131897,
468,3749,,,,-0.4287221431732178,,0.4287221431732178
468,3751,,,-0.44821035861968994,,0.44821035861968994,
469,3759,,,-0.448808491230011,,0.448808491230011,
470,3767,,,-0.4475880265235901,,0.4475880265235901,
471,3775,,,-0.4480852484703064,,0.4480852484703064,
472,3783,,,-0.44859009981155396,,0.44859009981155396,
473,3791,,,-0.44818612933158875,,0.44818612933158875,
474,3799,,,,-0.4680302143096924,,0.4680302143096924
474,3799,,,-0.44720888137817383,,0.44720888137817383,
475,3807,,,-0.44824516773223877,,0.44824516773223877,
476,3815,,,-0.44756338000297546,,0.44756338000297546,
477,3823,,,-0.4488476514816284,,0.4488476514816284,
478,3831,,,-0.44819027185440063,,0.44819027185440063,
479,3839,,,-0.44820863008499146,,0.44820863008499146,
480,3847,,,-0.4492257833480835,,0.4492257833480835,
481,3849,,,,-0.47212839126586914,,0.47212839126586914
481,3855,,,-0.44759219884872437,,0.44759219884872437,
482,3863,,,-0.4496183693408966,,0.4496183693408966,
483,3871,,,-0.44921064376831055,,0.44921064376831055,
484,3879,,,-0.44829580187797546,,0.44829580187797546,
485,3887,,,-0.44844624400138855,,0.44844624400138855,
486,3895,,,-0.44769707322120667,,0.44769707322120667,
487,3899,,,,-0.4092521667480469,,0.4092521667480469
487,3903,,,-0.44775518774986267,,0.44775518774986267,
488,3911,,,-0.4484979510307312,,0.4484979510307312,
489,3919,,,-0.4487657845020294,,0.4487657845020294,
490,3927,,,-0.44808509945869446,,0.44808509945869446,
491,3935,,,-0.44980308413505554,,0.44980308413505554,
492,3943,,,-0.4478251039981842,,0.4478251039981842,
493,3949,,,,-0.3893580436706543,,0.3893580436706543
493,3951,,,-0.44789671897888184,,0.44789671897888184,
494,3959,,,-0.44886890053749084,,0.44886890053749084,
495,3967,,,-0.4481409192085266,,0.4481409192085266,
496,3975,,,-0.4488403797149658,,0.4488403797149658,
497,3983,,,-0.44807949662208557,,0.44807949662208557,
498,3991,,,-0.44759467244148254,,0.44759467244148254,
499,3999,,,,-0.4301605224609375,,0.4301605224609375
499,3999,,,-0.4481964707374573,,0.4481964707374573,
500,4007,,,-0.4489843249320984,,0.4489843249320984,
501,4015,,,-0.4484855532646179,,0.4484855532646179,
502,4023,,,-0.44786587357521057,,0.44786587357521057,
503,4031,,,-0.44836899638175964,,0.44836899638175964,
504,4039,,,-0.44880610704421997,,0.44880610704421997,
505,4047,,,-0.4480525851249695,,0.4480525851249695,
506,4049,,,,-0.45493364334106445,,0.45493364334106445
506,4055,,,-0.4483748972415924,,0.4483748972415924,
507,4063,,,-0.4475407302379608,,0.4475407302379608,
508,4071,,,-0.447704941034317,,0.447704941034317,
509,4079,,,-0.4487847685813904,,0.4487847685813904,
510,4087,,,-0.4488444924354553,,0.4488444924354553,
511,4095,,,-0.4481309950351715,,0.4481309950351715,
512,4099,,,,-0.3689107894897461,,0.3689107894897461
512,4103,,,-0.4484044313430786,,0.4484044313430786,
513,4111,,,-0.4480542540550232,,0.4480542540550232,
514,4119,,,-0.4481636583805084,,0.4481636583805084,
515,4127,,,-0.4484114348888397,,0.4484114348888397,
516,4135,,,-0.44840943813323975,,0.44840943813323975,
517,4143,,,-0.44842636585235596,,0.44842636585235596,
518,4149,,,,-0.38117194175720215,,0.38117194175720215
518,4151,,,-0.44857633113861084,,0.44857633113861084,
519,4159,,,-0.44732099771499634,,0.44732099771499634,
520,4167,,,-0.44803979992866516,,0.44803979992866516,
521,4175,,,-0.4475155770778656,,0.4475155770778656,
522,4183,,,-0.44787895679473877,,0.44787895679473877,
523,4191,,,-0.44830483198165894,,0.44830483198165894,
524,4199,,,,-0.4445476531982422,,0.4445476531982422
524,4199,,,-0.4486496150493622,,0.4486496150493622,
525,4207,,,-0.45032474398612976,,0.45032474398612976,
526,4215,,,-0.44815072417259216,,0.44815072417259216,
527,4223,,,-0.44818583130836487,,0.44818583130836487,
528,4231,,,-0.4488028883934021,,0.4488028883934021,
529,4239,,,-0.44760262966156006,,0.44760262966156006,
530,4247,,,-0.4484778344631195,,0.4484778344631195,
531,4249,,,,-0.4459269046783447,,0.4459269046783447
531,4255,,,-0.44777587056159973,,0.44777587056159973,
532,4263,,,-0.4483301341533661,,0.4483301341533661,
533,4271,,,-0.44924095273017883,,0.44924095273017883,
534,4279,,,-0.44737547636032104,,0.44737547636032104,
535,4287,,,-0.4488278925418854,,0.4488278925418854,
536,4295,,,-0.4482542872428894,,0.4482542872428894,
537,4299,,,,-0.4594733715057373,,0.4594733715057373
537,4303,,,-0.4475899934768677,,0.4475899934768677,
538,4311,,,-0.4497233033180237,,0.4497233033180237,
539,4319,,,-0.4486923813819885,,0.4486923813819885,
540,4327,,,-0.4489697217941284,,0.4489697217941284,
541,4335,,,-0.447827011346817,,0.447827011346817,
542,4343,,,-0.44801977276802063,,0.44801977276802063,
543,4349,,,,-0.45201683044433594,,0.45201683044433594
543,4351,,,-0.4483366310596466,,0.4483366310596466,
544,4359,,,-0.44825053215026855,,0.44825053215026855,
545,4367,,,-0.4477953016757965,,0.4477953016757965,
546,4375,,,-0.4481468200683594,,0.4481468200683594,
547,4383,,,-0.44904083013534546,,0.44904083013534546,
548,4391,,,-0.4481753408908844,,0.4481753408908844,
549,4399,,,,-0.45495033264160156,,0.45495033264160156
549,4399,,,-0.44847142696380615,,0.44847142696380615,
550,4407,,,-0.44905948638916016,,0.44905948638916016,
551,4415,,,-0.4479713439941406,,0.4479713439941406,
552,4423,,,-0.44836196303367615,,0.44836196303367615,
553,4431,,,-0.4480332136154175,,0.4480332136154175,
554,4439,,,-0.4494422376155853,,0.4494422376155853,
555,4447,,,-0.4486485421657562,,0.4486485421657562,
556,4449,,,,-0.5041494369506836,,0.5041494369506836
556,4455,,,-0.4488322138786316,,0.4488322138786316,
557,4463,,,-0.4512554109096527,,0.4512554109096527,
558,4471,,,-0.4481668472290039,,0.4481668472290039,
559,4479,,,-0.4488829970359802,,0.4488829970359802,
560,4487,,,-0.4478095769882202,,0.4478095769882202,
561,4495,,,-0.44847869873046875,,0.44847869873046875,
562,4499,,,,-0.4290637969970703,,0.4290637969970703
562,4503,,,-0.4491230547428131,,0.4491230547428131,
563,4511,,,-0.4481329023838043,,0.4481329023838043,
564,4519,,,-0.44935235381126404,,0.44935235381126404,
565,4527,,,-0.4495594799518585,,0.4495594799518585,
566,4535,,,-0.4479939937591553,,0.4479939937591553,
567,4543,,,-0.4513500928878784,,0.4513500928878784,
568,4549,,,,-0.4054546356201172,,0.4054546356201172
568,4551,,,-0.44947728514671326,,0.44947728514671326,
569,4559,,,-0.4486400783061981,,0.4486400783061981,
570,4567,,,-0.44951748847961426,,0.44951748847961426,
571,4575,,,-0.44866782426834106,,0.44866782426834106,
572,4583,,,-0.4508311450481415,,0.4508311450481415,
573,4591,,,-0.4493905305862427,,0.4493905305862427,
574,4599,,,,-0.4127931594848633,,0.4127931594848633
574,4599,,,-0.4480745196342468,,0.4480745196342468,
575,4607,,,-0.4498600661754608,,0.4498600661754608,
576,4615,,,-0.44860371947288513,,0.44860371947288513,
577,4623,,,-0.4489228427410126,,0.4489228427410126,
578,4631,,,-0.4496765732765198,,0.4496765732765198,
579,4639,,,-0.4490891993045807,,0.4490891993045807,
580,4647,,,-0.44826826453208923,,0.44826826453208923,
581,4649,,,,-0.4239964485168457,,0.4239964485168457
581,4655,,,-0.4490121603012085,,0.4490121603012085,
582,4663,,,-0.4484328627586365,,0.4484328627586365,
583,4671,,,-0.44845181703567505,,0.44845181703567505,
584,4679,,,-0.44856762886047363,,0.44856762886047363,
585,4687,,,-0.4481160640716553,,0.4481160640716553,
586,4695,,,-0.4479854106903076,,0.4479854106903076,
587,4699,,,,-0.41302967071533203,,0.41302967071533203
587,4703,,,-0.449032187461853,,0.449032187461853,
588,4711,,,-0.44843578338623047,,0.44843578338623047,
589,4719,,,-0.45011088252067566,,0.45011088252067566,
590,4727,,,-0.4476417899131775,,0.4476417899131775,
591,4735,,,-0.4480237364768982,,0.4480237364768982,
592,4743,,,-0.44889917969703674,,0.44889917969703674,
593,4749,,,,-0.46175384521484375,,0.46175384521484375
593,4751,,,-0.44896361231803894,,0.44896361231803894,
594,4759,,,-0.4489647448062897,,0.4489647448062897,
595,4767,,,-0.4495479464530945,,0.4495479464530945,
596,4775,,,-0.44825899600982666,,0.44825899600982666,
597,4783,,,-0.4481412172317505,,0.4481412172317505,
598,4791,,,-0.4500117599964142,,0.4500117599964142,
599,4799,,,,-0.48276376724243164,,0.48276376724243164
599,4799,,,-0.44862860441207886,,0.44862860441207886,
600,4807,,,-0.4490562081336975,,0.4490562081336975,
601,4815,,,-0.4492335915565491,,0.4492335915565491,
602,4823,,,-0.44952392578125,,0.44952392578125,
603,4831,,,-0.44909003376960754,,0.44909003376960754,
604,4839,,,-0.4493786096572876,,0.4493786096572876,
605,4847,,,-0.4503062963485718,,0.4503062963485718,
606,4849,,,,-0.47606372833251953,,0.47606372833251953
606,4855,,,-0.44846323132514954,,0.44846323132514954,
607,4863,,,-0.44888466596603394,,0.44888466596603394,
608,4871,,,-0.4479505717754364,,0.4479505717754364,
609,4879,,,-0.44940781593322754,,0.44940781593322754,
610,4887,,,-0.44913768768310547,,0.44913768768310547,
611,4895,,,-0.4479210078716278,,0.4479210078716278,
612,4899,,,,-0.478287935256958,,0.478287935256958
612,4903,,,-0.4489135146141052,,0.4489135146141052,
613,4911,,,-0.44840726256370544,,0.44840726256370544,
614,4919,,,-0.4491444230079651,,0.4491444230079651,
615,4927,,,-0.45009809732437134,,0.45009809732437134,
616,4935,,,-0.45095884799957275,,0.45095884799957275,
617,4943,,,-0.4491461515426636,,0.4491461515426636,
618,4949,,,,-0.42229247093200684,,0.42229247093200684
618,4951,,,-0.4489389657974243,,0.4489389657974243,
619,4959,,,-0.4502022862434387,,0.4502022862434387,
620,4967,,,-0.44843101501464844,,0.44843101501464844,
621,4975,,,-0.4483735263347626,,0.4483735263347626,
622,4983,,,-0.4501129388809204,,0.4501129388809204,
623,4991,,,-0.44922518730163574,,0.44922518730163574,
624,4999,,,,-0.46566343307495117,,0.46566343307495117
624,4999,,,-0.4501663148403168,,0.4501663148403168,
625,5007,,,-0.44776830077171326,,0.44776830077171326,
626,5015,,,-0.4511639177799225,,0.4511639177799225,
627,5023,,,-0.4484991729259491,,0.4484991729259491,
628,5031,,,-0.4496060609817505,,0.4496060609817505,
629,5039,,,-0.44887563586235046,,0.44887563586235046,
630,5047,,,-0.44831421971321106,,0.44831421971321106,
631,5049,,,,-0.4158308506011963,,0.4158308506011963
631,5055,,,-0.4495179057121277,,0.4495179057121277,
632,5063,,,-0.4485188126564026,,0.4485188126564026,
633,5071,,,-0.44861581921577454,,0.44861581921577454,
634,5079,,,-0.4491145610809326,,0.4491145610809326,
635,5087,,,-0.44889047741889954,,0.44889047741889954,
636,5095,,,-0.4509335458278656,,0.4509335458278656,
637,5099,,,,-0.4302043914794922,,0.4302043914794922
637,5103,,,-0.4488564431667328,,0.4488564431667328,
638,5111,,,-0.4498448669910431,,0.4498448669910431,
639,5119,,,-0.44834649562835693,,0.44834649562835693,
640,5127,,,-0.4498072862625122,,0.4498072862625122,
641,5135,,,-0.44999751448631287,,0.44999751448631287,
642,5143,,,-0.4494759738445282,,0.4494759738445282,
643,5149,,,,-0.4066495895385742,,0.4066495895385742
643,5151,,,-0.44936683773994446,,0.44936683773994446,
644,5159,,,-0.44964414834976196,,0.44964414834976196,
645,5167,,,-0.4493776857852936,,0.4493776857852936,
646,5175,,,-0.4481881260871887,,0.4481881260871887,
647,5183,,,-0.4493695795536041,,0.4493695795536041,
648,5191,,,-0.45135679841041565,,0.45135679841041565,
649,5199,,,,-0.47574853897094727,,0.47574853897094727
649,5199,,,-0.4481104612350464,,0.4481104612350464,
650,5207,,,-0.45044395327568054,,0.45044395327568054,
651,5215,,,-0.4485146403312683,,0.4485146403312683,
652,5223,,,-0.4493837058544159,,0.4493837058544159,
653,5231,,,-0.44994086027145386,,0.44994086027145386,
654,5239,,,-0.4479183554649353,,0.4479183554649353,
655,5247,,,-0.44882234930992126,,0.44882234930992126,
656,5249,,,,-0.45918846130371094,,0.45918846130371094
656,5255,,,-0.447986364364624,,0.447986364364624,
657,5263,,,-0.4497019052505493,,0.4497019052505493,
658,5271,,,-0.4484710395336151,,0.4484710395336151,
659,5279,,,-0.44978275895118713,,0.44978275895118713,
660,5287,,,-0.45097437500953674,,0.45097437500953674,
661,5295,,,-0.4493754804134369,,0.4493754804134369,
662,5299,,,,-0.4746723175048828,,0.4746723175048828
662,5303,,,-0.4487505853176117,,0.4487505853176117,
663,5311,,,-0.4490928649902344,,0.4490928649902344,
664,5319,,,-0.44882532954216003,,0.44882532954216003,
665,5327,,,-0.4482204020023346,,0.4482204020023346,
666,5335,,,-0.45207086205482483,,0.45207086205482483,
667,5343,,,-0.4490240216255188,,0.4490240216255188,
668,5349,,,,-0.46185922622680664,,0.46185922622680664
668,5351,,,-0.44823554158210754,,0.44823554158210754,
669,5359,,,-0.4485005736351013,,0.4485005736351013,
670,5367,,,-0.4492371082305908,,0.4492371082305908,
671,5375,,,-0.4491133689880371,,0.4491133689880371,
672,5383,,,-0.4489145576953888,,0.4489145576953888,
673,5391,,,-0.450496643781662,,0.450496643781662,
674,5399,,,,-0.4712860584259033,,0.4712860584259033
674,5399,,,-0.4489187002182007,,0.4489187002182007,
675,5407,,,-0.4487937390804291,,0.4487937390804291,
676,5415,,,-0.4501173794269562,,0.4501173794269562,
677,5423,,,-0.4492186903953552,,0.4492186903953552,
678,5431,,,-0.448241651058197,,0.448241651058197,
679,5439,,,-0.4493430554866791,,0.4493430554866791,
680,5447,,,-0.45060938596725464,,0.45060938596725464,
681,5449,,,,-0.49710988998413086,,0.49710988998413086
681,5455,,,-0.4508560597896576,,0.4508560597896576,
682,5463,,,-0.449494868516922,,0.449494868516922,
683,5471,,,-0.44866934418678284,,0.44866934418678284,
684,5479,,,-0.44921058416366577,,0.44921058416366577,
685,5487,,,-0.4509679675102234,,0.4509679675102234,
686,5495,,,-0.44889459013938904,,0.44889459013938904,
687,5499,,,,-0.35869836807250977,,0.35869836807250977
687,5503,,,-0.4497848153114319,,0.4497848153114319,
688,5511,,,-0.44890400767326355,,0.44890400767326355,
689,5519,,,-0.4493611752986908,,0.4493611752986908,
690,5527,,,-0.450607031583786,,0.450607031583786,
691,5535,,,-0.450774610042572,,0.450774610042572,
692,5543,,,-0.44901835918426514,,0.44901835918426514,
693,5549,,,,-0.43348097801208496,,0.43348097801208496
693,5551,,,-0.44933319091796875,,0.44933319091796875,
694,5559,,,-0.44832149147987366,,0.44832149147987366,
695,5567,,,-0.4491957426071167,,0.4491957426071167,
696,5575,,,-0.4482465386390686,,0.4482465386390686,
697,5583,,,-0.4511145055294037,,0.4511145055294037,
698,5591,,,-0.45030108094215393,,0.45030108094215393,
699,5599,,,,-0.31716036796569824,,0.31716036796569824
699,5599,,,-0.4497756361961365,,0.4497756361961365,
700,5607,,,-0.4501279294490814,,0.4501279294490814,
701,5615,,,-0.44994091987609863,,0.44994091987609863,
702,5623,,,-0.4514189064502716,,0.4514189064502716,
703,5631,,,-0.44970616698265076,,0.44970616698265076,
704,5639,,,-0.44839560985565186,,0.44839560985565186,
705,5647,,,-0.4485515058040619,,0.4485515058040619,
706,5649,,,,-0.4654052257537842,,0.4654052257537842
706,5655,,,-0.45095542073249817,,0.45095542073249817,
707,5663,,,-0.45085662603378296,,0.45085662603378296,
708,5671,,,-0.44923633337020874,,0.44923633337020874,
709,5679,,,-0.44895243644714355,,0.44895243644714355,
710,5687,,,-0.449855774641037,,0.449855774641037,
711,5695,,,-0.4503103494644165,,0.4503103494644165,
712,5699,,,,-0.4064960479736328,,0.4064960479736328
712,5703,,,-0.44952425360679626,,0.44952425360679626,
713,5711,,,-0.4505162239074707,,0.4505162239074707,
714,5719,,,-0.44995254278182983,,0.44995254278182983,
715,5727,,,-0.44928207993507385,,0.44928207993507385,
716,5735,,,-0.4516388773918152,,0.4516388773918152,
717,5743,,,-0.4508136808872223,,0.4508136808872223,
718,5749,,,,-0.395660400390625,,0.395660400390625
718,5751,,,-0.44840577244758606,,0.44840577244758606,
719,5759,,,-0.4506080150604248,,0.4506080150604248,
720,5767,,,-0.4500357508659363,,0.4500357508659363,
721,5775,,,-0.4495224058628082,,0.4495224058628082,
722,5783,,,-0.45070838928222656,,0.45070838928222656,
723,5791,,,-0.4485691785812378,,0.4485691785812378,
724,5799,,,,-0.4554455280303955,,0.4554455280303955
724,5799,,,-0.44981837272644043,,0.44981837272644043,
725,5807,,,-0.44953295588493347,,0.44953295588493347,
726,5815,,,-0.449204683303833,,0.449204683303833,
727,5823,,,-0.4486997127532959,,0.4486997127532959,
728,5831,,,-0.4493940472602844,,0.4493940472602844,
729,5839,,,-0.44879794120788574,,0.44879794120788574,
730,5847,,,-0.4511409103870392,,0.4511409103870392,
731,5849,,,,-0.5271511077880859,,0.5271511077880859
731,5855,,,-0.45051631331443787,,0.45051631331443787,
732,5863,,,-0.44834643602371216,,0.44834643602371216,
733,5871,,,-0.4498978555202484,,0.4498978555202484,
734,5879,,,-0.44889554381370544,,0.44889554381370544,
735,5887,,,-0.45044946670532227,,0.45044946670532227,
736,5895,,,-0.44897332787513733,,0.44897332787513733,
737,5899,,,,-0.4312467575073242,,0.4312467575073242
737,5903,,,-0.44945189356803894,,0.44945189356803894,
738,5911,,,-0.4484551250934601,,0.4484551250934601,
739,5919,,,-0.44882357120513916,,0.44882357120513916,
740,5927,,,-0.4522225558757782,,0.4522225558757782,
741,5935,,,-0.448299765586853,,0.448299765586853,
742,5943,,,-0.4503691494464874,,0.4503691494464874,
743,5949,,,,-0.4866964817047119,,0.4866964817047119
743,5951,,,-0.45069989562034607,,0.45069989562034607,
744,5959,,,-0.44851401448249817,,0.44851401448249817,
745,5967,,,-0.4498675763607025,,0.4498675763607025,
746,5975,,,-0.45139575004577637,,0.45139575004577637,
747,5983,,,-0.44949766993522644,,0.44949766993522644,
748,5991,,,-0.45000430941581726,,0.45000430941581726,
749,5999,,,,-0.5008440017700195,,0.5008440017700195
749,5999,,,-0.45008623600006104,,0.45008623600006104,
750,6007,,,-0.45083358883857727,,0.45083358883857727,
751,6015,,,-0.44899725914001465,,0.44899725914001465,
752,6023,,,-0.44935259222984314,,0.44935259222984314,
753,6031,,,-0.44893038272857666,,0.44893038272857666,
754,6039,,,-0.4501621127128601,,0.4501621127128601,
755,6047,,,-0.4494980573654175,,0.4494980573654175,
756,6049,,,,-0.44922924041748047,,0.44922924041748047
756,6055,,,-0.45047762989997864,,0.45047762989997864,
757,6063,,,-0.45214155316352844,,0.45214155316352844,
758,6071,,,-0.44959932565689087,,0.44959932565689087,
759,6079,,,-0.4504169821739197,,0.4504169821739197,
760,6087,,,-0.44842031598091125,,0.44842031598091125,
761,6095,,,-0.44957900047302246,,0.44957900047302246,
762,6099,,,,-0.3857691287994385,,0.3857691287994385
762,6103,,,-0.4508702754974365,,0.4508702754974365,
763,6111,,,-0.4527842402458191,,0.4527842402458191,
764,6119,,,-0.4518202245235443,,0.4518202245235443,
765,6127,,,-0.4493699073791504,,0.4493699073791504,
766,6135,,,-0.4504406750202179,,0.4504406750202179,
767,6143,,,-0.4486422836780548,,0.4486422836780548,
768,6149,,,,-0.4795546531677246,,0.4795546531677246
768,6151,,,-0.4501085877418518,,0.4501085877418518,
769,6159,,,-0.44978663325309753,,0.44978663325309753,
770,6167,,,-0.44996798038482666,,0.44996798038482666,
771,6175,,,-0.4500812888145447,,0.4500812888145447,
772,6183,,,-0.44973623752593994,,0.44973623752593994,
773,6191,,,-0.4496784210205078,,0.4496784210205078,
774,6199,,,,-0.48172855377197266,,0.48172855377197266
774,6199,,,-0.4508022964000702,,0.4508022964000702,
775,6207,,,-0.44924721121788025,,0.44924721121788025,
776,6215,,,-0.45064595341682434,,0.45064595341682434,
777,6223,,,-0.4491094648838043,,0.4491094648838043,
778,6231,,,-0.44922181963920593,,0.44922181963920593,
779,6239,,,-0.4489941895008087,,0.4489941895008087,
780,6247,,,-0.45015591382980347,,0.45015591382980347,
781,6249,,,,-0.42597174644470215,,0.42597174644470215
781,6255,,,-0.4484214782714844,,0.4484214782714844,
782,6263,,,-0.4512234330177307,,0.4512234330177307,
783,6271,,,-0.44928881525993347,,0.44928881525993347,
784,6279,,,-0.44982001185417175,,0.44982001185417175,
785,6287,,,-0.44834476709365845,,0.44834476709365845,
786,6295,,,-0.45008358359336853,,0.45008358359336853,
787,6299,,,,-0.4495410919189453,,0.4495410919189453
787,6303,,,-0.45188722014427185,,0.45188722014427185,
788,6311,,,-0.44847744703292847,,0.44847744703292847,
789,6319,,,-0.4500831067562103,,0.4500831067562103,
790,6327,,,-0.4497987926006317,,0.4497987926006317,
791,6335,,,-0.44987183809280396,,0.44987183809280396,
792,6343,,,-0.4496641159057617,,0.4496641159057617,
793,6349,,,,-0.40523862838745117,,0.40523862838745117
793,6351,,,-0.45079275965690613,,0.45079275965690613,
794,6359,,,-0.449734628200531,,0.449734628200531,
795,6367,,,-0.45030277967453003,,0.45030277967453003,
796,6375,,,-0.44999316334724426,,0.44999316334724426,
797,6383,,,-0.449556440114975,,0.449556440114975,
798,6391,,,-0.4492546319961548,,0.4492546319961548,
799,6399,,,,-0.36646461486816406,,0.36646461486816406
799,6399,,,-0.4501742720603943,,0.4501742720603943,
800,6407,,,-0.45058920979499817,,0.45058920979499817,
801,6415,,,-0.4505998492240906,,0.4505998492240906,
802,6423,,,-0.4509560167789459,,0.4509560167789459,
803,6431,,,-0.44926854968070984,,0.44926854968070984,
804,6439,,,-0.44907864928245544,,0.44907864928245544,
805,6447,,,-0.44890522956848145,,0.44890522956848145,
806,6449,,,,-0.5012671947479248,,0.5012671947479248
806,6455,,,-0.45102256536483765,,0.45102256536483765,
807,6463,,,-0.4489104449748993,,0.4489104449748993,
808,6471,,,-0.4507508873939514,,0.4507508873939514,
809,6479,,,-0.4491238296031952,,0.4491238296031952,
810,6487,,,-0.4512255787849426,,0.4512255787849426,
811,6495,,,-0.448429673910141,,0.448429673910141,
812,6499,,,,-0.5323584079742432,,0.5323584079742432
812,6503,,,-0.45199188590049744,,0.45199188590049744,
813,6511,,,-0.452054888010025,,0.452054888010025,
814,6519,,,-0.45075443387031555,,0.45075443387031555,
815,6527,,,-0.4502106010913849,,0.4502106010913849,
816,6535,,,-0.45136895775794983,,0.45136895775794983,
817,6543,,,-0.4487264156341553,,0.4487264156341553,
818,6549,,,,-0.4775679111480713,,0.4775679111480713
818,6551,,,-0.44923457503318787,,0.44923457503318787,
819,6559,,,-0.45080772042274475,,0.45080772042274475,
820,6567,,,-0.4487502872943878,,0.4487502872943878,
821,6575,,,-0.4504859447479248,,0.4504859447479248,
822,6583,,,-0.4504399001598358,,0.4504399001598358,
823,6591,,,-0.45001888275146484,,0.45001888275146484,
824,6599,,,,-0.4762692451477051,,0.4762692451477051
824,6599,,,-0.45082777738571167,,0.45082777738571167,
825,6607,,,-0.45115894079208374,,0.45115894079208374,
826,6615,,,-0.4506327211856842,,0.4506327211856842,
827,6623,,,-0.44901126623153687,,0.44901126623153687,
828,6631,,,-0.45182889699935913,,0.45182889699935913,
829,6639,,,-0.44926220178604126,,0.44926220178604126,
830,6647,,,-0.45142871141433716,,0.45142871141433716,
831,6649,,,,-0.4160611629486084,,0.4160611629486084
831,6655,,,-0.4499128758907318,,0.4499128758907318,
832,6663,,,-0.45038968324661255,,0.45038968324661255,
833,6671,,,-0.45088091492652893,,0.45088091492652893,
834,6679,,,-0.44980430603027344,,0.44980430603027344,
835,6687,,,-0.4498538076877594,,0.4498538076877594,
836,6695,,,-0.4506465792655945,,0.4506465792655945,
837,6699,,,,-0.4113607406616211,,0.4113607406616211
837,6703,,,-0.4499669373035431,,0.4499669373035431,
838,6711,,,-0.4500287175178528,,0.4500287175178528,
839,6719,,,-0.45149433612823486,,0.45149433612823486,
840,6727,,,-0.45055845379829407,,0.45055845379829407,
841,6735,,,-0.45105087757110596,,0.45105087757110596,
842,6743,,,-0.45008695125579834,,0.45008695125579834,
843,6749,,,,-0.5477786064147949,,0.5477786064147949
843,6751,,,-0.45111674070358276,,0.45111674070358276,
844,6759,,,-0.45000019669532776,,0.45000019669532776,
845,6767,,,-0.4515594244003296,,0.4515594244003296,
846,6775,,,-0.44979360699653625,,0.44979360699653625,
847,6783,,,-0.44877001643180847,,0.44877001643180847,
848,6791,,,-0.44955694675445557,,0.44955694675445557,
849,6799,,,,-0.46601295471191406,,0.46601295471191406
849,6799,,,-0.45025312900543213,,0.45025312900543213,
850,6807,,,-0.4490831196308136,,0.4490831196308136,
851,6815,,,-0.4504554569721222,,0.4504554569721222,
852,6823,,,-0.45006826519966125,,0.45006826519966125,
853,6831,,,-0.4504614770412445,,0.4504614770412445,
854,6839,,,-0.4511716663837433,,0.4511716663837433,
855,6847,,,-0.4498140513896942,,0.4498140513896942,
856,6849,,,,-0.4643898010253906,,0.4643898010253906
856,6855,,,-0.44932979345321655,,0.44932979345321655,
857,6863,,,-0.450241357088089,,0.450241357088089,
858,6871,,,-0.450578510761261,,0.450578510761261,
859,6879,,,-0.4501228928565979,,0.4501228928565979,
860,6887,,,-0.44964882731437683,,0.44964882731437683,
861,6895,,,-0.44982582330703735,,0.44982582330703735,
862,6899,,,,-0.42493271827697754,,0.42493271827697754
862,6903,,,-0.45126280188560486,,0.45126280188560486,
863,6911,,,-0.44974198937416077,,0.44974198937416077,
864,6919,,,-0.44968393445014954,,0.44968393445014954,
865,6927,,,-0.4517160654067993,,0.4517160654067993,
866,6935,,,-0.4511767029762268,,0.4511767029762268,
867,6943,,,-0.45139336585998535,,0.45139336585998535,
868,6949,,,,-0.463533878326416,,0.463533878326416
868,6951,,,-0.4512960910797119,,0.4512960910797119,
869,6959,,,-0.4503059685230255,,0.4503059685230255,
870,6967,,,-0.44944363832473755,,0.44944363832473755,
871,6975,,,-0.45059478282928467,,0.45059478282928467,
872,6983,,,-0.4511559009552002,,0.4511559009552002,
873,6991,,,-0.4502735435962677,,0.4502735435962677,
874,6999,,,,-0.3630332946777344,,0.3630332946777344
874,6999,,,-0.45113202929496765,,0.45113202929496765,
875,7007,,,-0.4496597647666931,,0.4496597647666931,
876,7015,,,-0.4493231475353241,,0.4493231475353241,
877,7023,,,-0.4496462047100067,,0.4496462047100067,
878,7031,,,-0.4521336555480957,,0.4521336555480957,
879,7039,,,-0.4498906135559082,,0.4498906135559082,
880,7047,,,-0.4511633813381195,,0.4511633813381195,
881,7049,,,,-0.4644038677215576,,0.4644038677215576
881,7055,,,-0.450531542301178,,0.450531542301178,
882,7063,,,-0.45068275928497314,,0.45068275928497314,
883,7071,,,-0.4506911635398865,,0.4506911635398865,
884,7079,,,-0.44972124695777893,,0.44972124695777893,
885,7087,,,-0.4493354856967926,,0.4493354856967926,
886,7095,,,-0.45129767060279846,,0.45129767060279846,
887,7099,,,,-0.4609494209289551,,0.4609494209289551
887,7103,,,-0.4511919915676117,,0.4511919915676117,
888,7111,,,-0.45077309012413025,,0.45077309012413025,
889,7119,,,-0.44965240359306335,,0.44965240359306335,
890,7127,,,-0.45024237036705017,,0.45024237036705017,
891,7135,,,-0.45020365715026855,,0.45020365715026855,
892,7143,,,-0.45095452666282654,,0.45095452666282654,
893,7149,,,,-0.46199846267700195,,0.46199846267700195
893,7151,,,-0.45146051049232483,,0.45146051049232483,
894,7159,,,-0.4508242607116699,,0.4508242607116699,
895,7167,,,-0.44901949167251587,,0.44901949167251587,
896,7175,,,-0.45033296942710876,,0.45033296942710876,
897,7183,,,-0.45112383365631104,,0.45112383365631104,
898,7191,,,-0.45232686400413513,,0.45232686400413513,
899,7199,,,,-0.37183713912963867,,0.37183713912963867
899,7199,,,-0.4506015181541443,,0.4506015181541443,
900,7207,,,-0.44982320070266724,,0.44982320070266724,
901,7215,,,-0.44917920231819153,,0.44917920231819153,
902,7223,,,-0.45276007056236267,,0.45276007056236267,
903,7231,,,-0.45059463381767273,,0.45059463381767273,
904,7239,,,-0.450090229511261,,0.450090229511261,
905,7247,,,-0.4496079683303833,,0.4496079683303833,
906,7249,,,,-0.46653270721435547,,0.46653270721435547
906,7255,,,-0.45035654306411743,,0.45035654306411743,
907,7263,,,-0.4496113359928131,,0.4496113359928131,
908,7271,,,-0.45086708664894104,,0.45086708664894104,
909,7279,,,-0.4498927593231201,,0.4498927593231201,
910,7287,,,-0.4499804675579071,,0.4499804675579071,
911,7295,,,-0.4498770534992218,,0.4498770534992218,
912,7299,,,,-0.5073797702789307,,0.5073797702789307
912,7303,,,-0.44955840706825256,,0.44955840706825256,
913,7311,,,-0.4506627023220062,,0.4506627023220062,
914,7319,,,-0.4501895010471344,,0.4501895010471344,
915,7327,,,-0.45039793848991394,,0.45039793848991394,
916,7335,,,-0.4500249922275543,,0.4500249922275543,
917,7343,,,-0.45187875628471375,,0.45187875628471375,
918,7349,,,,-0.4573993682861328,,0.4573993682861328
918,7351,,,-0.45225343108177185,,0.45225343108177185,
919,7359,,,-0.450160950422287,,0.450160950422287,
920,7367,,,-0.44965118169784546,,0.44965118169784546,
921,7375,,,-0.4492610692977905,,0.4492610692977905,
922,7383,,,-0.4509992301464081,,0.4509992301464081,
923,7391,,,-0.4504123628139496,,0.4504123628139496,
924,7399,,,,-0.4252314567565918,,0.4252314567565918
924,7399,,,-0.4501229524612427,,0.4501229524612427,
925,7407,,,-0.45119261741638184,,0.45119261741638184,
926,7415,,,-0.45188042521476746,,0.45188042521476746,
927,7423,,,-0.4505334496498108,,0.4505334496498108,
928,7431,,,-0.4513610303401947,,0.4513610303401947,
929,7439,,,-0.4496677815914154,,0.4496677815914154,
930,7447,,,-0.44990721344947815,,0.44990721344947815,
931,7449,,,,-0.4770083427429199,,0.4770083427429199
931,7455,,,-0.45095235109329224,,0.45095235109329224,
932,7463,,,-0.44960567355155945,,0.44960567355155945,
933,7471,,,-0.45167768001556396,,0.45167768001556396,
934,7479,,,-0.45245790481567383,,0.45245790481567383,
935,7487,,,-0.451780766248703,,0.451780766248703,
936,7495,,,-0.45222386717796326,,0.45222386717796326,
937,7499,,,,-0.4730067253112793,,0.4730067253112793
937,7503,,,-0.44979989528656006,,0.44979989528656006,
938,7511,,,-0.45039379596710205,,0.45039379596710205,
939,7519,,,-0.45064038038253784,,0.45064038038253784,
940,7527,,,-0.4488978087902069,,0.4488978087902069,
941,7535,,,-0.45154595375061035,,0.45154595375061035,
942,7543,,,-0.4494362771511078,,0.4494362771511078,
943,7549,,,,-0.4193754196166992,,0.4193754196166992
943,7551,,,-0.4494256377220154,,0.4494256377220154,
944,7559,,,-0.4523079991340637,,0.4523079991340637,
945,7567,,,-0.4500209391117096,,0.4500209391117096,
946,7575,,,-0.4502159655094147,,0.4502159655094147,
947,7583,,,-0.45097142457962036,,0.45097142457962036,
948,7591,,,-0.44989871978759766,,0.44989871978759766,
949,7599,,,,-0.5002012252807617,,0.5002012252807617
949,7599,,,-0.45194312930107117,,0.45194312930107117,
950,7607,,,-0.4507122039794922,,0.4507122039794922,
951,7615,,,-0.4498750865459442,,0.4498750865459442,
952,7623,,,-0.450290322303772,,0.450290322303772,
953,7631,,,-0.45091864466667175,,0.45091864466667175,
954,7639,,,-0.4506656229496002,,0.4506656229496002,
955,7647,,,-0.4502398371696472,,0.4502398371696472,
956,7649,,,,-0.4651150703430176,,0.4651150703430176
956,7655,,,-0.44910958409309387,,0.44910958409309387,
957,7663,,,-0.44970008730888367,,0.44970008730888367,
958,7671,,,-0.4498196840286255,,0.4498196840286255,
959,7679,,,-0.44921883940696716,,0.44921883940696716,
960,7687,,,-0.4516383409500122,,0.4516383409500122,
961,7695,,,-0.45100292563438416,,0.45100292563438416,
962,7699,,,,-0.32695603370666504,,0.32695603370666504
962,7703,,,-0.45225903391838074,,0.45225903391838074,
963,7711,,,-0.4495927691459656,,0.4495927691459656,
964,7719,,,-0.4517160654067993,,0.4517160654067993,
965,7727,,,-0.4497779309749603,,0.4497779309749603,
966,7735,,,-0.44987979531288147,,0.44987979531288147,
967,7743,,,-0.45023447275161743,,0.45023447275161743,
968,7749,,,,-0.43677282333374023,,0.43677282333374023
968,7751,,,-0.44968241453170776,,0.44968241453170776,
969,7759,,,-0.4497078061103821,,0.4497078061103821,
970,7767,,,-0.4508659541606903,,0.4508659541606903,
971,7775,,,-0.45144784450531006,,0.45144784450531006,
972,7783,,,-0.44934800267219543,,0.44934800267219543,
973,7791,,,-0.45166757702827454,,0.45166757702827454,
974,7799,,,,-0.424436092376709,,0.424436092376709
974,7799,,,-0.45057031512260437,,0.45057031512260437,
975,7807,,,-0.4504412114620209,,0.4504412114620209,
976,7815,,,-0.45016610622406006,,0.45016610622406006,
977,7823,,,-0.44993168115615845,,0.44993168115615845,
978,7831,,,-0.45204561948776245,,0.45204561948776245,
979,7839,,,-0.45099425315856934,,0.45099425315856934,
980,7847,,,-0.45008203387260437,,0.45008203387260437,
981,7849,,,,-0.4967966079711914,,0.4967966079711914
981,7855,,,-0.450731486082077,,0.450731486082077,
982,7863,,,-0.4500490725040436,,0.4500490725040436,
983,7871,,,-0.4510189890861511,,0.4510189890861511,
984,7879,,,-0.45152127742767334,,0.45152127742767334,
985,7887,,,-0.4533100724220276,,0.4533100724220276,
986,7895,,,-0.4505073130130768,,0.4505073130130768,
987,7899,,,,-0.3752007484436035,,0.3752007484436035
987,7903,,,-0.4512709081172943,,0.4512709081172943,
988,7911,,,-0.45040127635002136,,0.45040127635002136,
989,7919,,,-0.45065757632255554,,0.45065757632255554,
990,7927,,,-0.452076256275177,,0.452076256275177,
991,7935,,,-0.45174121856689453,,0.45174121856689453,
992,7943,,,-0.45133060216903687,,0.45133060216903687,
993,7949,,,,-0.47193455696105957,,0.47193455696105957
993,7951,,,-0.4519081115722656,,0.4519081115722656,
994,7959,,,-0.45050302147865295,,0.45050302147865295,
995,7967,,,-0.45025697350502014,,0.45025697350502014,
996,7975,,,-0.45012617111206055,,0.45012617111206055,
997,7983,,,-0.451985239982605,,0.451985239982605,
998,7991,,,-0.45007866621017456,,0.45007866621017456,
999,7999,,,,-0.48084354400634766,,0.48084354400634766
999,7999,,,-0.4507001042366028,,0.4507001042366028,
1000,8007,,,-0.45152807235717773,,0.45152807235717773,
1001,8015,,,-0.45052850246429443,,0.45052850246429443,
1002,8023,,,-0.44978848099708557,,0.44978848099708557,
1003,8031,,,-0.44998934864997864,,0.44998934864997864,
1004,8039,,,-0.4521341323852539,,0.4521341323852539,
1005,8047,,,-0.4507448673248291,,0.4507448673248291,
1006,8049,,,,-0.47397780418395996,,0.47397780418395996
1006,8055,,,-0.4508917033672333,,0.4508917033672333,
1007,8063,,,-0.44883236289024353,,0.44883236289024353,
1008,8071,,,-0.4503016471862793,,0.4503016471862793,
1009,8079,,,-0.453281044960022,,0.453281044960022,
1010,8087,,,-0.45034271478652954,,0.45034271478652954,
1011,8095,,,-0.451492577791214,,0.451492577791214,
1012,8099,,,,-0.4639933109283447,,0.4639933109283447
1012,8103,,,-0.45150312781333923,,0.45150312781333923,
1013,8111,,,-0.45085635781288147,,0.45085635781288147,
1014,8119,,,-0.45012366771698,,0.45012366771698,
1015,8127,,,-0.45387300848960876,,0.45387300848960876,
1016,8135,,,-0.4497067332267761,,0.4497067332267761,
1017,8143,,,-0.4514314532279968,,0.4514314532279968,
1018,8149,,,,-0.40841031074523926,,0.40841031074523926
1018,8151,,,-0.4518931210041046,,0.4518931210041046,
1019,8159,,,-0.45047470927238464,,0.45047470927238464,
1020,8167,,,-0.4504811465740204,,0.4504811465740204,
1021,8175,,,-0.4503909647464752,,0.4503909647464752,
1022,8183,,,-0.4509366750717163,,0.4509366750717163,
1023,8191,,,-0.4516587257385254,,0.4516587257385254,
1024,8199,,,,-0.4128849506378174,,0.4128849506378174
1024,8199,,,-0.44979268312454224,,0.44979268312454224,
1025,8207,,,-0.44947943091392517,,0.44947943091392517,
1026,8215,,,-0.44948214292526245,,0.44948214292526245,
1027,8223,,,-0.4501604437828064,,0.4501604437828064,
1028,8231,,,-0.4511509835720062,,0.4511509835720062,
1029,8239,,,-0.451629638671875,,0.451629638671875,
1030,8247,,,-0.45287567377090454,,0.45287567377090454,
1031,8249,,,,-0.5482387542724609,,0.5482387542724609
1031,8255,,,-0.45264023542404175,,0.45264023542404175,
1032,8263,,,-0.4516989290714264,,0.4516989290714264,
1033,8271,,,-0.45045503973960876,,0.45045503973960876,
1034,8279,,,-0.45305708050727844,,0.45305708050727844,
1035,8287,,,-0.4518320858478546,,0.4518320858478546,
1036,8295,,,-0.44917210936546326,,0.44917210936546326,
1037,8299,,,,-0.5610580444335938,,0.5610580444335938
1037,8303,,,-0.4524327218532562,,0.4524327218532562,
1038,8311,,,-0.45160040259361267,,0.45160040259361267,
1039,8319,,,-0.45185399055480957,,0.45185399055480957,
1040,8327,,,-0.45019981265068054,,0.45019981265068054,
1041,8335,,,-0.4521714746952057,,0.4521714746952057,
1042,8343,,,-0.45182567834854126,,0.45182567834854126,
1043,8349,,,,-0.3562440872192383,,0.3562440872192383
1043,8351,,,-0.45146307349205017,,0.45146307349205017,
1044,8359,,,-0.4519443213939667,,0.4519443213939667,
1045,8367,,,-0.45355287194252014,,0.45355287194252014,
1046,8375,,,-0.4515331983566284,,0.4515331983566284,
1047,8383,,,-0.44992950558662415,,0.44992950558662415,
1048,8391,,,-0.4517413079738617,,0.4517413079738617,
1049,8399,,,,-0.5097560882568359,,0.5097560882568359
1049,8399,,,-0.4511091411113739,,0.4511091411113739,
1050,8407,,,-0.4500536024570465,,0.4500536024570465,
1051,8415,,,-0.45008349418640137,,0.45008349418640137,
1052,8423,,,-0.4507656693458557,,0.4507656693458557,
1053,8431,,,-0.4507938027381897,,0.4507938027381897,
1054,8439,,,-0.45099449157714844,,0.45099449157714844,
1055,8447,,,-0.4509190022945404,,0.4509190022945404,
1056,8449,,,,-0.43509531021118164,,0.43509531021118164
1056,8455,,,-0.4498167932033539,,0.4498167932033539,
1057,8463,,,-0.4519214928150177,,0.4519214928150177,
1058,8471,,,-0.45135635137557983,,0.45135635137557983,
1059,8479,,,-0.45128798484802246,,0.45128798484802246,
1060,8487,,,-0.4515605866909027,,0.4515605866909027,
1061,8495,,,-0.452038437128067,,0.452038437128067,
1062,8499,,,,-0.5445780754089355,,0.5445780754089355
1062,8503,,,-0.44995826482772827,,0.44995826482772827,
1063,8511,,,-0.45060625672340393,,0.45060625672340393,
1064,8519,,,-0.45159912109375,,0.45159912109375,
1065,8527,,,-0.4525291919708252,,0.4525291919708252,
1066,8535,,,-0.4495406150817871,,0.4495406150817871,
1067,8543,,,-0.4513978660106659,,0.4513978660106659,
1068,8549,,,,-0.35349369049072266,,0.35349369049072266
1068,8551,,,-0.4515354633331299,,0.4515354633331299,
1069,8559,,,-0.4507840871810913,,0.4507840871810913,
1070,8567,,,-0.45107176899909973,,0.45107176899909973,
1071,8575,,,-0.4532342255115509,,0.4532342255115509,
1072,8583,,,-0.45096489787101746,,0.45096489787101746,
1073,8591,,,-0.4497516453266144,,0.4497516453266144,
1074,8599,,,,-0.44800615310668945,,0.44800615310668945
1074,8599,,,-0.4505327045917511,,0.4505327045917511,
1075,8607,,,-0.4507181644439697,,0.4507181644439697,
1076,8615,,,-0.44953516125679016,,0.44953516125679016,
1077,8623,,,-0.4518410265445709,,0.4518410265445709,
1078,8631,,,-0.45071524381637573,,0.45071524381637573,
1079,8639,,,-0.4524387717247009,,0.4524387717247009,
1080,8647,,,-0.4516533315181732,,0.4516533315181732,
1081,8649,,,,-0.5141310691833496,,0.5141310691833496
1081,8655,,,-0.45051270723342896,,0.45051270723342896,
1082,8663,,,-0.4520912170410156,,0.4520912170410156,
1083,8671,,,-0.4496220350265503,,0.4496220350265503,
1084,8679,,,-0.45136964321136475,,0.45136964321136475,
1085,8687,,,-0.45019540190696716,,0.45019540190696716,
1086,8695,,,-0.45128974318504333,,0.45128974318504333,
1087,8699,,,,-0.3861377239227295,,0.3861377239227295
1087,8703,,,-0.4507303237915039,,0.4507303237915039,
1088,8711,,,-0.4522669017314911,,0.4522669017314911,
1089,8719,,,-0.4523423910140991,,0.4523423910140991,
1090,8727,,,-0.45044341683387756,,0.45044341683387756,
1091,8735,,,-0.45142343640327454,,0.45142343640327454,
1092,8743,,,-0.4526039958000183,,0.4526039958000183,
1093,8749,,,,-0.5267932415008545,,0.5267932415008545
1093,8751,,,-0.4525940418243408,,0.4525940418243408,
1094,8759,,,-0.4518509805202484,,0.4518509805202484,
1095,8767,,,-0.449369341135025,,0.449369341135025,
1096,8775,,,-0.4505867063999176,,0.4505867063999176,
1097,8783,,,-0.44987428188323975,,0.44987428188323975,
1098,8791,,,-0.4521534740924835,,0.4521534740924835,
1099,8799,,,,-0.4725062847137451,,0.4725062847137451
1099,8799,,,-0.4510992765426636,,0.4510992765426636,
1100,8807,,,-0.4522748589515686,,0.4522748589515686,
1101,8815,,,-0.4541242718696594,,0.4541242718696594,
1102,8823,,,-0.45300522446632385,,0.45300522446632385,
1103,8831,,,-0.4507690370082855,,0.4507690370082855,
1104,8839,,,-0.4498676359653473,,0.4498676359653473,
1105,8847,,,-0.4505072236061096,,0.4505072236061096,
1106,8849,,,,-0.349855899810791,,0.349855899810791
1106,8855,,,-0.4511581063270569,,0.4511581063270569,
1107,8863,,,-0.4495527446269989,,0.4495527446269989,
1108,8871,,,-0.4507234990596771,,0.4507234990596771,
1109,8879,,,-0.4498739242553711,,0.4498739242553711,
1110,8887,,,-0.45010435581207275,,0.45010435581207275,
1111,8895,,,-0.451796293258667,,0.451796293258667,
1112,8899,,,,-0.43820810317993164,,0.43820810317993164
1112,8903,,,-0.45099037885665894,,0.45099037885665894,
1113,8911,,,-0.4503593146800995,,0.4503593146800995,
1114,8919,,,-0.4502461552619934,,0.4502461552619934,
1115,8927,,,-0.4505878984928131,,0.4505878984928131,
1116,8935,,,-0.4502356946468353,,0.4502356946468353,
1117,8943,,,-0.45035356283187866,,0.45035356283187866,
1118,8949,,,,-0.4736809730529785,,0.4736809730529785
1118,8951,,,-0.451307088136673,,0.451307088136673,
1119,8959,,,-0.45034849643707275,,0.45034849643707275,
1120,8967,,,-0.450961172580719,,0.450961172580719,
1121,8975,,,-0.4507863223552704,,0.4507863223552704,
1122,8983,,,-0.4516185522079468,,0.4516185522079468,
1123,8991,,,-0.4522028863430023,,0.4522028863430023,
1124,8999,,,,-0.4407181739807129,,0.4407181739807129
1124,8999,,,-0.450636625289917,,0.450636625289917,
1125,9007,,,-0.4507959485054016,,0.4507959485054016,
1126,9015,,,-0.44970405101776123,,0.44970405101776123,
1127,9023,,,-0.4509710967540741,,0.4509710967540741,
1128,9031,,,-0.45165449380874634,,0.45165449380874634,
1129,9039,,,-0.4520096182823181,,0.4520096182823181,
1130,9047,,,-0.4549790024757385,,0.4549790024757385,
1131,9049,,,,-0.3642570972442627,,0.3642570972442627
1131,9055,,,-0.45105409622192383,,0.45105409622192383,
1132,9063,,,-0.4508266746997833,,0.4508266746997833,
1133,9071,,,-0.4516662061214447,,0.4516662061214447,
1134,9079,,,-0.4504780173301697,,0.4504780173301697,
1135,9087,,,-0.45110708475112915,,0.45110708475112915,
1136,9095,,,-0.4494746923446655,,0.4494746923446655,
1137,9099,,,,-0.4381413459777832,,0.4381413459777832
1137,9103,,,-0.45249688625335693,,0.45249688625335693,
1138,9111,,,-0.4511025846004486,,0.4511025846004486,
1139,9119,,,-0.4510994255542755,,0.4510994255542755,
1140,9127,,,-0.4508270025253296,,0.4508270025253296,
1141,9135,,,-0.4518224596977234,,0.4518224596977234,
1142,9143,,,-0.4515559673309326,,0.4515559673309326,
1143,9149,,,,-0.46650075912475586,,0.46650075912475586
1143,9151,,,-0.4511476159095764,,0.4511476159095764,
1144,9159,,,-0.45014727115631104,,0.45014727115631104,
1145,9167,,,-0.4513702094554901,,0.4513702094554901,
1146,9175,,,-0.450686514377594,,0.450686514377594,
1147,9183,,,-0.451999306678772,,0.451999306678772,
1148,9191,,,-0.45154818892478943,,0.45154818892478943,
1149,9199,,,,-0.487546443939209,,0.487546443939209
1149,9199,,,-0.45126214623451233,,0.45126214623451233,
1150,9207,,,-0.4504135847091675,,0.4504135847091675,
1151,9215,,,-0.44979384541511536,,0.44979384541511536,
1152,9223,,,-0.4513130486011505,,0.4513130486011505,
1153,9231,,,-0.4513702988624573,,0.4513702988624573,
1154,9239,,,-0.45251962542533875,,0.45251962542533875,
1155,9247,,,-0.45098593831062317,,0.45098593831062317,
1156,9249,,,,-0.4647054672241211,,0.4647054672241211
1156,9255,,,-0.45013681054115295,,0.45013681054115295,
1157,9263,,,-0.45151054859161377,,0.45151054859161377,
1158,9271,,,-0.44968172907829285,,0.44968172907829285,
1159,9279,,,-0.45051929354667664,,0.45051929354667664,
1160,9287,,,-0.450610488653183,,0.450610488653183,
1161,9295,,,-0.45169681310653687,,0.45169681310653687,
1162,9299,,,,-0.43724727630615234,,0.43724727630615234
1162,9303,,,-0.45149049162864685,,0.45149049162864685,
1163,9311,,,-0.45189160108566284,,0.45189160108566284,
1164,9319,,,-0.4510018527507782,,0.4510018527507782,
1165,9327,,,-0.45184028148651123,,0.45184028148651123,
1166,9335,,,-0.450365275144577,,0.450365275144577,
1167,9343,,,-0.4508854150772095,,0.4508854150772095,
1168,9349,,,,-0.4886131286621094,,0.4886131286621094
1168,9351,,,-0.45272186398506165,,0.45272186398506165,
1169,9359,,,-0.45008033514022827,,0.45008033514022827,
1170,9367,,,-0.4513510763645172,,0.4513510763645172,
1171,9375,,,-0.45260369777679443,,0.45260369777679443,
1172,9383,,,-0.45045220851898193,,0.45045220851898193,
1173,9391,,,-0.4521770477294922,,0.4521770477294922,
1174,9399,,,,-0.47101497650146484,,0.47101497650146484
1174,9399,,,-0.4504585862159729,,0.4504585862159729,
1175,9407,,,-0.4511871039867401,,0.4511871039867401,
1176,9415,,,-0.45090025663375854,,0.45090025663375854,
1177,9423,,,-0.4515937864780426,,0.4515937864780426,
1178,9431,,,-0.4516710340976715,,0.4516710340976715,
1179,9439,,,-0.4510872960090637,,0.4510872960090637,
1180,9447,,,-0.4550947844982147,,0.4550947844982147,
1181,9449,,,,-0.4742131233215332,,0.4742131233215332
1181,9455,,,-0.45055779814720154,,0.45055779814720154,
1182,9463,,,-0.449680358171463,,0.449680358171463,
1183,9471,,,-0.4520006775856018,,0.4520006775856018,
1184,9479,,,-0.44981563091278076,,0.44981563091278076,
1185,9487,,,-0.4522692859172821,,0.4522692859172821,
1186,9495,,,-0.45079195499420166,,0.45079195499420166,
1187,9499,,,,-0.4804666042327881,,0.4804666042327881
1187,9503,,,-0.4503300189971924,,0.4503300189971924,
1188,9511,,,-0.45201435685157776,,0.45201435685157776,
1189,9519,,,-0.45082828402519226,,0.45082828402519226,
1190,9527,,,-0.45303452014923096,,0.45303452014923096,
1191,9535,,,-0.4518963396549225,,0.4518963396549225,
1192,9543,,,-0.45067012310028076,,0.45067012310028076,
1193,9549,,,,-0.3818244934082031,,0.3818244934082031
1193,9551,,,-0.4512553811073303,,0.4512553811073303,
1194,9559,,,-0.45098385214805603,,0.45098385214805603,
1195,9567,,,-0.4505748450756073,,0.4505748450756073,
1196,9575,,,-0.45162174105644226,,0.45162174105644226,
1197,9583,,,-0.4533028304576874,,0.4533028304576874,
1198,9591,,,-0.4500353932380676,,0.4500353932380676,
1199,9599,,,,-0.4087071418762207,,0.4087071418762207
1199,9599,,,-0.45137837529182434,,0.45137837529182434,
1200,9607,,,-0.45105186104774475,,0.45105186104774475,
1201,9615,,,-0.45174407958984375,,0.45174407958984375,
1202,9623,,,-0.45138227939605713,,0.45138227939605713,
1203,9631,,,-0.450962096452713,,0.450962096452713,
1204,9639,,,-0.45021381974220276,,0.45021381974220276,
1205,9647,,,-0.4520357549190521,,0.4520357549190521,
1206,9649,,,,-0.45635223388671875,,0.45635223388671875
1206,9655,,,-0.45075711607933044,,0.45075711607933044,
1207,9663,,,-0.45068565011024475,,0.45068565011024475,
1208,9671,,,-0.45162880420684814,,0.45162880420684814,
1209,9679,,,-0.45188891887664795,,0.45188891887664795,
1210,9687,,,-0.4521321654319763,,0.4521321654319763,
1211,9695,,,-0.4517250955104828,,0.4517250955104828,
1212,9699,,,,-0.48570966720581055,,0.48570966720581055
1212,9703,,,-0.4502236247062683,,0.4502236247062683,
1213,9711,,,-0.4512028396129608,,0.4512028396129608,
1214,9719,,,-0.44934433698654175,,0.44934433698654175,
1215,9727,,,-0.4504217207431793,,0.4504217207431793,
1216,9735,,,-0.45076337456703186,,0.45076337456703186,
1217,9743,,,-0.4499026834964752,,0.4499026834964752,
1218,9749,,,,-0.5140304565429688,,0.5140304565429688
1218,9751,,,-0.4506302773952484,,0.4506302773952484,
1219,9759,,,-0.45275571942329407,,0.45275571942329407,
1220,9767,,,-0.45093968510627747,,0.45093968510627747,
1221,9775,,,-0.4530788064002991,,0.4530788064002991,
1222,9783,,,-0.4501306116580963,,0.4501306116580963,
1223,9791,,,-0.45014917850494385,,0.45014917850494385,
1224,9799,,,,-0.5421352386474609,,0.5421352386474609
1224,9799,,,-0.45328330993652344,,0.45328330993652344,
1225,9807,,,-0.4512617290019989,,0.4512617290019989,
1226,9815,,,-0.45101016759872437,,0.45101016759872437,
1227,9823,,,-0.450591117143631,,0.450591117143631,
1228,9831,,,-0.45076411962509155,,0.45076411962509155,
1229,9839,,,-0.4511726498603821,,0.4511726498603821,
1230,9847,,,-0.4513093829154968,,0.4513093829154968,
1231,9849,,,,-0.48942041397094727,,0.48942041397094727
1231,9855,,,-0.45088905096054077,,0.45088905096054077,
1232,9863,,,-0.4522835314273834,,0.4522835314273834,
1233,9871,,,-0.4520151913166046,,0.4520151913166046,
1234,9879,,,-0.4532005488872528,,0.4532005488872528,
1235,9887,,,-0.45207247138023376,,0.45207247138023376,
1236,9895,,,-0.4519328474998474,,0.4519328474998474,
1237,9899,,,,-0.4656848907470703,,0.4656848907470703
1237,9903,,,-0.4518449604511261,,0.4518449604511261,
1238,9911,,,-0.4512800872325897,,0.4512800872325897,
1239,9919,,,-0.45013558864593506,,0.45013558864593506,
1240,9927,,,-0.45271173119544983,,0.45271173119544983,
1241,9935,,,-0.4508119523525238,,0.4508119523525238,
1242,9943,,,-0.4510643482208252,,0.4510643482208252,
1243,9949,,,,-0.3885793685913086,,0.3885793685913086
1243,9951,,,-0.4514642655849457,,0.4514642655849457,
1244,9959,,,-0.450407475233078,,0.450407475233078,
1245,9967,,,-0.451858252286911,,0.451858252286911,
1246,9975,,,-0.45054906606674194,,0.45054906606674194,
1247,9983,,,-0.45154356956481934,,0.45154356956481934,
1248,9991,,,-0.4509515166282654,,0.4509515166282654,
1249,9999,,,,-0.49573755264282227,,0.49573755264282227
1249,9999,,,-0.4519982933998108,,0.4519982933998108,
1250,10007,,,-0.4514191448688507,,0.4514191448688507,
1251,10015,,,-0.4525619149208069,,0.4525619149208069,
1252,10023,,,-0.450396865606308,,0.450396865606308,
1253,10031,,,-0.4549284279346466,,0.4549284279346466,
1254,10039,,,-0.45082584023475647,,0.45082584023475647,
1255,10047,,,-0.4513492286205292,,0.4513492286205292,
1256,10049,,,,-0.44681215286254883,,0.44681215286254883
1256,10055,,,-0.4511576294898987,,0.4511576294898987,
1257,10063,,,-0.45122987031936646,,0.45122987031936646,
1258,10071,,,-0.4509061574935913,,0.4509061574935913,
1259,10079,,,-0.4546397030353546,,0.4546397030353546,
1260,10087,,,-0.45132577419281006,,0.45132577419281006,
1261,10095,,,-0.45122984051704407,,0.45122984051704407,
1262,10099,,,,-0.43352532386779785,,0.43352532386779785
1262,10103,,,-0.45068350434303284,,0.45068350434303284,
1263,10111,,,-0.4513905346393585,,0.4513905346393585,
1264,10119,,,-0.4505188465118408,,0.4505188465118408,
1265,10127,,,-0.4534352123737335,,0.4534352123737335,
1266,10135,,,-0.4513418972492218,,0.4513418972492218,
1267,10143,,,-0.4528052806854248,,0.4528052806854248,
1268,10149,,,,-0.3752460479736328,,0.3752460479736328
1268,10151,,,-0.45103368163108826,,0.45103368163108826,
1269,10159,,,-0.4504612684249878,,0.4504612684249878,
1270,10167,,,-0.4506826102733612,,0.4506826102733612,
1271,10175,,,-0.4515983760356903,,0.4515983760356903,
1272,10183,,,-0.45196768641471863,,0.45196768641471863,
1273,10191,,,-0.4505096673965454,,0.4505096673965454,
1274,10199,,,,-0.4623537063598633,,0.4623537063598633
1274,10199,,,-0.4507293999195099,,0.4507293999195099,
1275,10207,,,-0.4516424834728241,,0.4516424834728241,
1276,10215,,,-0.45029422640800476,,0.45029422640800476,
1277,10223,,,-0.45195409655570984,,0.45195409655570984,
1278,10231,,,-0.4508945345878601,,0.4508945345878601,
1279,10239,,,-0.45158350467681885,,0.45158350467681885,
1280,10247,,,-0.4504883885383606,,0.4504883885383606,
1281,10249,,,,-0.4697401523590088,,0.4697401523590088
1281,10255,,,-0.44967469573020935,,0.44967469573020935,
1282,10263,,,-0.45041292905807495,,0.45041292905807495,
1283,10271,,,-0.4551490247249603,,0.4551490247249603,
1284,10279,,,-0.45274999737739563,,0.45274999737739563,
1285,10287,,,-0.4504525363445282,,0.4504525363445282,
1286,10295,,,-0.4505986273288727,,0.4505986273288727,
1287,10299,,,,-0.312666654586792,,0.312666654586792
1287,10303,,,-0.45279839634895325,,0.45279839634895325,
1288,10311,,,-0.45194995403289795,,0.45194995403289795,
1289,10319,,,-0.44998422265052795,,0.44998422265052795,
1290,10327,,,-0.4508437514305115,,0.4508437514305115,
1291,10335,,,-0.45331010222435,,0.45331010222435,
1292,10343,,,-0.4510066509246826,,0.4510066509246826,
1293,10349,,,,-0.5286343097686768,,0.5286343097686768
1293,10351,,,-0.4502096176147461,,0.4502096176147461,
1294,10359,,,-0.45146840810775757,,0.45146840810775757,
1295,10367,,,-0.45124661922454834,,0.45124661922454834,
1296,10375,,,-0.45278671383857727,,0.45278671383857727,
1297,10383,,,-0.45062509179115295,,0.45062509179115295,
1298,10391,,,-0.45389628410339355,,0.45389628410339355,
1299,10399,,,,-0.4872164726257324,,0.4872164726257324
1299,10399,,,-0.4514985978603363,,0.4514985978603363,
1300,10407,,,-0.45134037733078003,,0.45134037733078003,
1301,10415,,,-0.4511374533176422,,0.4511374533176422,
1302,10423,,,-0.4503311514854431,,0.4503311514854431,
1303,10431,,,-0.4531475603580475,,0.4531475603580475,
1304,10439,,,-0.4517505466938019,,0.4517505466938019,
1305,10447,,,-0.45309939980506897,,0.45309939980506897,
1306,10449,,,,-0.46735405921936035,,0.46735405921936035
1306,10455,,,-0.451252281665802,,0.451252281665802,
1307,10463,,,-0.45178189873695374,,0.45178189873695374,
1308,10471,,,-0.45220234990119934,,0.45220234990119934,
1309,10479,,,-0.45165565609931946,,0.45165565609931946,
1310,10487,,,-0.4523937404155731,,0.4523937404155731,
1311,10495,,,-0.4508921802043915,,0.4508921802043915,
1312,10499,,,,-0.3830420970916748,,0.3830420970916748
1312,10503,,,-0.45047539472579956,,0.45047539472579956,
1313,10511,,,-0.45119595527648926,,0.45119595527648926,
1314,10519,,,-0.4503058195114136,,0.4503058195114136,
1315,10527,,,-0.45234712958335876,,0.45234712958335876,
1316,10535,,,-0.4496767520904541,,0.4496767520904541,
1317,10543,,,-0.45262518525123596,,0.45262518525123596,
1318,10549,,,,-0.5375804901123047,,0.5375804901123047
1318,10551,,,-0.4518240690231323,,0.4518240690231323,
1319,10559,,,-0.45362213253974915,,0.45362213253974915,
1320,10567,,,-0.45149409770965576,,0.45149409770965576,
1321,10575,,,-0.45010697841644287,,0.45010697841644287,
1322,10583,,,-0.4506956934928894,,0.4506956934928894,
1323,10591,,,-0.45082157850265503,,0.45082157850265503,
1324,10599,,,,-0.46981048583984375,,0.46981048583984375
1324,10599,,,-0.45119866728782654,,0.45119866728782654,
1325,10607,,,-0.4519706964492798,,0.4519706964492798,
1326,10615,,,-0.4505099654197693,,0.4505099654197693,
1327,10623,,,-0.4505506753921509,,0.4505506753921509,
1328,10631,,,-0.4530089795589447,,0.4530089795589447,
1329,10639,,,-0.4535275399684906,,0.4535275399684906,
1330,10647,,,-0.45103949308395386,,0.45103949308395386,
1331,10649,,,,-0.42297840118408203,,0.42297840118408203
1331,10655,,,-0.4513820707798004,,0.4513820707798004,
1332,10663,,,-0.4509759247303009,,0.4509759247303009,
1333,10671,,,-0.45088261365890503,,0.45088261365890503,
1334,10679,,,-0.4536488354206085,,0.4536488354206085,
1335,10687,,,-0.45059478282928467,,0.45059478282928467,
1336,10695,,,-0.4515444338321686,,0.4515444338321686,
1337,10699,,,,-0.5247273445129395,,0.5247273445129395
1337,10703,,,-0.45175057649612427,,0.45175057649612427,
1338,10711,,,-0.450046181678772,,0.450046181678772,
1339,10719,,,-0.45307275652885437,,0.45307275652885437,
1340,10727,,,-0.45317503809928894,,0.45317503809928894,
1341,10735,,,-0.4509112238883972,,0.4509112238883972,
1342,10743,,,-0.45237162709236145,,0.45237162709236145,
1343,10749,,,,-0.4775402545928955,,0.4775402545928955
1343,10751,,,-0.45056426525115967,,0.45056426525115967,
1344,10759,,,-0.45195096731185913,,0.45195096731185913,
1345,10767,,,-0.4510261118412018,,0.4510261118412018,
1346,10775,,,-0.450717955827713,,0.450717955827713,
1347,10783,,,-0.45233482122421265,,0.45233482122421265,
1348,10791,,,-0.4532025456428528,,0.4532025456428528,
1349,10799,,,,-0.46229076385498047,,0.46229076385498047
1349,10799,,,-0.44998282194137573,,0.44998282194137573,
1350,10807,,,-0.44969871640205383,,0.44969871640205383,
1351,10815,,,-0.4509790539741516,,0.4509790539741516,
1352,10823,,,-0.45334452390670776,,0.45334452390670776,
1353,10831,,,-0.45142459869384766,,0.45142459869384766,
1354,10839,,,-0.45021146535873413,,0.45021146535873413,
1355,10847,,,-0.45095786452293396,,0.45095786452293396,
1356,10849,,,,-0.45218491554260254,,0.45218491554260254
1356,10855,,,-0.4511631429195404,,0.4511631429195404,
1357,10863,,,-0.45211532711982727,,0.45211532711982727,
1358,10871,,,-0.4516448676586151,,0.4516448676586151,
1359,10879,,,-0.45053160190582275,,0.45053160190582275,
1360,10887,,,-0.45099639892578125,,0.45099639892578125,
1361,10895,,,-0.4512617290019989,,0.4512617290019989,
1362,10899,,,,-0.442354679107666,,0.442354679107666
1362,10903,,,-0.4510905146598816,,0.4510905146598816,
1363,10911,,,-0.4517148435115814,,0.4517148435115814,
1364,10919,,,-0.4521371126174927,,0.4521371126174927,
1365,10927,,,-0.4515853524208069,,0.4515853524208069,
1366,10935,,,-0.45063120126724243,,0.45063120126724243,
1367,10943,,,-0.4516834020614624,,0.4516834020614624,
1368,10949,,,,-0.5096592903137207,,0.5096592903137207
1368,10951,,,-0.4521277844905853,,0.4521277844905853,
1369,10959,,,-0.45071229338645935,,0.45071229338645935,
1370,10967,,,-0.450086385011673,,0.450086385011673,
1371,10975,,,-0.4536437392234802,,0.4536437392234802,
1372,10983,,,-0.4515344798564911,,0.4515344798564911,
1373,10991,,,-0.45308417081832886,,0.45308417081832886,
1374,10999,,,,-0.439328670501709,,0.439328670501709
1374,10999,,,-0.45110610127449036,,0.45110610127449036,
1375,11007,,,-0.4517451226711273,,0.4517451226711273,
1376,11015,,,-0.4519706964492798,,0.4519706964492798,
1377,11023,,,-0.45146632194519043,,0.45146632194519043,
1378,11031,,,-0.4544072151184082,,0.4544072151184082,
1379,11039,,,-0.4530705213546753,,0.4530705213546753,
1380,11047,,,-0.4530247151851654,,0.4530247151851654,
1381,11049,,,,-0.4067234992980957,,0.4067234992980957
1381,11055,,,-0.4519199728965759,,0.4519199728965759,
1382,11063,,,-0.4513285160064697,,0.4513285160064697,
1383,11071,,,-0.45463231205940247,,0.45463231205940247,
1384,11079,,,-0.4511032700538635,,0.4511032700538635,
1385,11087,,,-0.4538789689540863,,0.4538789689540863,
1386,11095,,,-0.4521382749080658,,0.4521382749080658,
1387,11099,,,,-0.39733219146728516,,0.39733219146728516
1387,11103,,,-0.45093750953674316,,0.45093750953674316,
1388,11111,,,-0.4513149559497833,,0.4513149559497833,
1389,11119,,,-0.4528859257698059,,0.4528859257698059,
1390,11127,,,-0.4504393935203552,,0.4504393935203552,
1391,11135,,,-0.45144498348236084,,0.45144498348236084,
1392,11143,,,-0.4521571397781372,,0.4521571397781372,
1393,11149,,,,-0.4647793769836426,,0.4647793769836426
1393,11151,,,-0.44970405101776123,,0.44970405101776123,
1394,11159,,,-0.4504499137401581,,0.4504499137401581,
1395,11167,,,-0.45198890566825867,,0.45198890566825867,
1396,11175,,,-0.4514077603816986,,0.4514077603816986,
1397,11183,,,-0.4532933235168457,,0.4532933235168457,
1398,11191,,,-0.4514649510383606,,0.4514649510383606,
1399,11199,,,,-0.4952356815338135,,0.4952356815338135
1399,11199,,,-0.4524528682231903,,0.4524528682231903,
1400,11207,,,-0.4513029158115387,,0.4513029158115387,
1401,11215,,,-0.45095697045326233,,0.45095697045326233,
1402,11223,,,-0.45260629057884216,,0.45260629057884216,
1403,11231,,,-0.45214393734931946,,0.45214393734931946,
1404,11239,,,-0.45089957118034363,,0.45089957118034363,
1405,11247,,,-0.4503132402896881,,0.4503132402896881,
1406,11249,,,,-0.4092984199523926,,0.4092984199523926
1406,11255,,,-0.45145419239997864,,0.45145419239997864,
1407,11263,,,-0.4519712030887604,,0.4519712030887604,
1408,11271,,,-0.45266708731651306,,0.45266708731651306,
1409,11279,,,-0.45171988010406494,,0.45171988010406494,
1410,11287,,,-0.45167872309684753,,0.45167872309684753,
1411,11295,,,-0.4531567394733429,,0.4531567394733429,
1412,11299,,,,-0.4976205825805664,,0.4976205825805664
1412,11303,,,-0.4513407349586487,,0.4513407349586487,
1413,11311,,,-0.45096948742866516,,0.45096948742866516,
1414,11319,,,-0.4518803656101227,,0.4518803656101227,
1415,11327,,,-0.45167598128318787,,0.45167598128318787,
1416,11335,,,-0.45122960209846497,,0.45122960209846497,
1417,11343,,,-0.45138221979141235,,0.45138221979141235,
1418,11349,,,,-0.3951303958892822,,0.3951303958892822
1418,11351,,,-0.45083731412887573,,0.45083731412887573,
1419,11359,,,-0.4498876929283142,,0.4498876929283142,
1420,11367,,,-0.45089972019195557,,0.45089972019195557,
1421,11375,,,-0.45305776596069336,,0.45305776596069336,
1422,11383,,,-0.4517453610897064,,0.4517453610897064,
1423,11391,,,-0.4514135718345642,,0.4514135718345642,
1424,11399,,,,-0.5027101039886475,,0.5027101039886475
1424,11399,,,-0.4524945318698883,,0.4524945318698883,
1425,11407,,,-0.45287808775901794,,0.45287808775901794,
1426,11415,,,-0.45092523097991943,,0.45092523097991943,
1427,11423,,,-0.45111289620399475,,0.45111289620399475,
1428,11431,,,-0.4528014659881592,,0.4528014659881592,
1429,11439,,,-0.4509353041648865,,0.4509353041648865,
1430,11447,,,-0.4524279832839966,,0.4524279832839966,
1431,11449,,,,-0.4589395523071289,,0.4589395523071289
1431,11455,,,-0.4514293968677521,,0.4514293968677521,
1432,11463,,,-0.45196083188056946,,0.45196083188056946,
1433,11471,,,-0.45144566893577576,,0.45144566893577576,
1434,11479,,,-0.4504794478416443,,0.4504794478416443,
1435,11487,,,-0.4501682221889496,,0.4501682221889496,
1436,11495,,,-0.45089268684387207,,0.45089268684387207,
1437,11499,,,,-0.40163421630859375,,0.40163421630859375
1437,11503,,,-0.4537844657897949,,0.4537844657897949,
1438,11511,,,-0.4524000883102417,,0.4524000883102417,
1439,11519,,,-0.4530206024646759,,0.4530206024646759,
1440,11527,,,-0.4513818323612213,,0.4513818323612213,
1441,11535,,,-0.45221054553985596,,0.45221054553985596,
1442,11543,,,-0.45075151324272156,,0.45075151324272156,
1443,11549,,,,-0.46692776679992676,,0.46692776679992676
1443,11551,,,-0.4514639675617218,,0.4514639675617218,
1444,11559,,,-0.4500325620174408,,0.4500325620174408,
1445,11567,,,-0.45260176062583923,,0.45260176062583923,
1446,11575,,,-0.45102792978286743,,0.45102792978286743,
1447,11583,,,-0.4503936469554901,,0.4503936469554901,
1448,11591,,,-0.451481431722641,,0.451481431722641,
1449,11599,,,,-0.4897606372833252,,0.4897606372833252
1449,11599,,,-0.45161741971969604,,0.45161741971969604,
1450,11607,,,-0.4519207179546356,,0.4519207179546356,
1451,11615,,,-0.4537813067436218,,0.4537813067436218,
1452,11623,,,-0.4513547718524933,,0.4513547718524933,
1453,11631,,,-0.45034781098365784,,0.45034781098365784,
1454,11639,,,-0.45391523838043213,,0.45391523838043213,
1455,11647,,,-0.45208290219306946,,0.45208290219306946,
1456,11649,,,,-0.48777103424072266,,0.48777103424072266
1456,11655,,,-0.4519215226173401,,0.4519215226173401,
1457,11663,,,-0.451664537191391,,0.451664537191391,
1458,11671,,,-0.4522518515586853,,0.4522518515586853,
1459,11679,,,-0.45193612575531006,,0.45193612575531006,
1460,11687,,,-0.45129066705703735,,0.45129066705703735,
1461,11695,,,-0.4526004493236542,,0.4526004493236542,
1462,11699,,,,-0.4813704490661621,,0.4813704490661621
1462,11703,,,-0.4527735412120819,,0.4527735412120819,
1463,11711,,,-0.4530823230743408,,0.4530823230743408,
1464,11719,,,-0.45165175199508667,,0.45165175199508667,
1465,11727,,,-0.4533092677593231,,0.4533092677593231,
1466,11735,,,-0.45445284247398376,,0.45445284247398376,
1467,11743,,,-0.4514794945716858,,0.4514794945716858,
1468,11749,,,,-0.42115211486816406,,0.42115211486816406
1468,11751,,,-0.45048847794532776,,0.45048847794532776,
1469,11759,,,-0.45129629969596863,,0.45129629969596863,
1470,11767,,,-0.451984167098999,,0.451984167098999,
1471,11775,,,-0.452043741941452,,0.452043741941452,
1472,11783,,,-0.45140936970710754,,0.45140936970710754,
1473,11791,,,-0.45159003138542175,,0.45159003138542175,
1474,11799,,,,-0.43749308586120605,,0.43749308586120605
1474,11799,,,-0.45121732354164124,,0.45121732354164124,
1475,11807,,,-0.45116958022117615,,0.45116958022117615,
1476,11815,,,-0.45208144187927246,,0.45208144187927246,
1477,11823,,,-0.45495522022247314,,0.45495522022247314,
1478,11831,,,-0.4512842893600464,,0.4512842893600464,
1479,11839,,,-0.45257019996643066,,0.45257019996643066,
1480,11847,,,-0.45274463295936584,,0.45274463295936584,
1481,11849,,,,-0.4369771480560303,,0.4369771480560303
1481,11855,,,-0.45268741250038147,,0.45268741250038147,
1482,11863,,,-0.4532547891139984,,0.4532547891139984,
1483,11871,,,-0.45128804445266724,,0.45128804445266724,
1484,11879,,,-0.4519701302051544,,0.4519701302051544,
1485,11887,,,-0.45121240615844727,,0.45121240615844727,
1486,11895,,,-0.4529891610145569,,0.4529891610145569,
1487,11899,,,,-0.44376516342163086,,0.44376516342163086
1487,11903,,,-0.45041704177856445,,0.45041704177856445,
1488,11911,,,-0.45190489292144775,,0.45190489292144775,
1489,11919,,,-0.45068368315696716,,0.45068368315696716,
1490,11927,,,-0.4504605829715729,,0.4504605829715729,
1491,11935,,,-0.45096269249916077,,0.45096269249916077,
1492,11943,,,-0.45030438899993896,,0.45030438899993896,
1493,11949,,,,-0.48426342010498047,,0.48426342010498047
1493,11951,,,-0.45203736424446106,,0.45203736424446106,
1494,11959,,,-0.4518801271915436,,0.4518801271915436,
1495,11967,,,-0.45249661803245544,,0.45249661803245544,
1496,11975,,,-0.45157793164253235,,0.45157793164253235,
1497,11983,,,-0.45301318168640137,,0.45301318168640137,
1498,11991,,,-0.45235225558280945,,0.45235225558280945,
1499,11999,,,,-0.47612857818603516,,0.47612857818603516
1499,11999,,,-0.4509230852127075,,0.4509230852127075,
1500,12007,,,-0.4515344798564911,,0.4515344798564911,
1501,12015,,,-0.451465904712677,,0.451465904712677,
1502,12023,,,-0.45355653762817383,,0.45355653762817383,
1503,12031,,,-0.4523257911205292,,0.4523257911205292,
1504,12039,,,-0.45129063725471497,,0.45129063725471497,
1505,12047,,,-0.45200711488723755,,0.45200711488723755,
1506,12049,,,,-0.4369816780090332,,0.4369816780090332
1506,12055,,,-0.4526987671852112,,0.4526987671852112,
1507,12063,,,-0.452269583940506,,0.452269583940506,
1508,12071,,,-0.45167338848114014,,0.45167338848114014,
1509,12079,,,-0.4516909718513489,,0.4516909718513489,
1510,12087,,,-0.4510332942008972,,0.4510332942008972,
1511,12095,,,-0.45292773842811584,,0.45292773842811584,
1512,12099,,,,-0.5552146434783936,,0.5552146434783936
1512,12103,,,-0.45180726051330566,,0.45180726051330566,
1513,12111,,,-0.4514112174510956,,0.4514112174510956,
1514,12119,,,-0.45138758420944214,,0.45138758420944214,
1515,12127,,,-0.4529927670955658,,0.4529927670955658,
1516,12135,,,-0.45116016268730164,,0.45116016268730164,
1517,12143,,,-0.45154786109924316,,0.45154786109924316,
1518,12149,,,,-0.4614245891571045,,0.4614245891571045
1518,12151,,,-0.45396268367767334,,0.45396268367767334,
1519,12159,,,-0.45343470573425293,,0.45343470573425293,
1520,12167,,,-0.45146670937538147,,0.45146670937538147,
1521,12175,,,-0.4527474641799927,,0.4527474641799927,
1522,12183,,,-0.4526045024394989,,0.4526045024394989,
1523,12191,,,-0.45087480545043945,,0.45087480545043945,
1524,12199,,,,-0.4660215377807617,,0.4660215377807617
1524,12199,,,-0.45157480239868164,,0.45157480239868164,
1525,12207,,,-0.4527733325958252,,0.4527733325958252,
1526,12215,,,-0.4524054229259491,,0.4524054229259491,
1527,12223,,,-0.4512680172920227,,0.4512680172920227,
1528,12231,,,-0.45092928409576416,,0.45092928409576416,
1529,12239,,,-0.45353204011917114,,0.45353204011917114,
1530,12247,,,-0.45106106996536255,,0.45106106996536255,
1531,12249,,,,-0.41687798500061035,,0.41687798500061035
1531,12255,,,-0.45192593336105347,,0.45192593336105347,
1532,12263,,,-0.4510403871536255,,0.4510403871536255,
1533,12271,,,-0.45181918144226074,,0.45181918144226074,
1534,12279,,,-0.4526216685771942,,0.4526216685771942,
1535,12287,,,-0.45160946249961853,,0.45160946249961853,
1536,12295,,,-0.4536365866661072,,0.4536365866661072,
1537,12299,,,,-0.32647085189819336,,0.32647085189819336
1537,12303,,,-0.4515998065471649,,0.4515998065471649,
1538,12311,,,-0.45282816886901855,,0.45282816886901855,
1539,12319,,,-0.4519374966621399,,0.4519374966621399,
1540,12327,,,-0.45141854882240295,,0.45141854882240295,
1541,12335,,,-0.45301663875579834,,0.45301663875579834,
1542,12343,,,-0.45422086119651794,,0.45422086119651794,
1543,12349,,,,-0.41098976135253906,,0.41098976135253906
1543,12351,,,-0.45077890157699585,,0.45077890157699585,
1544,12359,,,-0.4516879916191101,,0.4516879916191101,
1545,12367,,,-0.4526667594909668,,0.4526667594909668,
1546,12375,,,-0.4533001482486725,,0.4533001482486725,
1547,12383,,,-0.4526720345020294,,0.4526720345020294,
1548,12391,,,-0.45227259397506714,,0.45227259397506714,
1549,12399,,,,-0.47820234298706055,,0.47820234298706055
1549,12399,,,-0.45134979486465454,,0.45134979486465454,
1550,12407,,,-0.45123398303985596,,0.45123398303985596,
1551,12415,,,-0.45340675115585327,,0.45340675115585327,
1552,12423,,,-0.45271581411361694,,0.45271581411361694,
1553,12431,,,-0.45094457268714905,,0.45094457268714905,
1554,12439,,,-0.45191240310668945,,0.45191240310668945,
1555,12447,,,-0.45169275999069214,,0.45169275999069214,
1556,12449,,,,-0.30829310417175293,,0.30829310417175293
1556,12455,,,-0.45354634523391724,,0.45354634523391724,
1557,12463,,,-0.45141732692718506,,0.45141732692718506,
1558,12471,,,-0.4535885751247406,,0.4535885751247406,
1559,12479,,,-0.45212969183921814,,0.45212969183921814,
1560,12487,,,-0.45072612166404724,,0.45072612166404724,
1561,12495,,,-0.4508582055568695,,0.4508582055568695,
1562,12499,,,,-0.4556753635406494,,0.4556753635406494
1562,12503,,,-0.45153647661209106,,0.45153647661209106,
1563,12511,,,-0.4527982771396637,,0.4527982771396637,
1564,12519,,,-0.4523143172264099,,0.4523143172264099,
1565,12527,,,-0.455311119556427,,0.455311119556427,
1566,12535,,,-0.4514824151992798,,0.4514824151992798,
1567,12543,,,-0.45168256759643555,,0.45168256759643555,
1568,12549,,,,-0.4938840866088867,,0.4938840866088867
1568,12551,,,-0.45350706577301025,,0.45350706577301025,
1569,12559,,,-0.4507911503314972,,0.4507911503314972,
1570,12567,,,-0.4531629979610443,,0.4531629979610443,
1571,12575,,,-0.45253995060920715,,0.45253995060920715,
1572,12583,,,-0.4523581564426422,,0.4523581564426422,
1573,12591,,,-0.45230722427368164,,0.45230722427368164,
1574,12599,,,,-0.4239473342895508,,0.4239473342895508
1574,12599,,,-0.4511943459510803,,0.4511943459510803,
1575,12607,,,-0.4522581100463867,,0.4522581100463867,
1576,12615,,,-0.45155370235443115,,0.45155370235443115,
1577,12623,,,-0.4507942795753479,,0.4507942795753479,
1578,12631,,,-0.45184561610221863,,0.45184561610221863,
1579,12639,,,-0.4521755874156952,,0.4521755874156952,
1580,12647,,,-0.452144593000412,,0.452144593000412,
1581,12649,,,,-0.3877444267272949,,0.3877444267272949
1581,12655,,,-0.4508609473705292,,0.4508609473705292,
1582,12663,,,-0.45088040828704834,,0.45088040828704834,
1583,12671,,,-0.4525879919528961,,0.4525879919528961,
1584,12679,,,-0.4516056776046753,,0.4516056776046753,
1585,12687,,,-0.4534927308559418,,0.4534927308559418,
1586,12695,,,-0.45163223147392273,,0.45163223147392273,
1587,12699,,,,-0.42468690872192383,,0.42468690872192383
1587,12703,,,-0.4550383388996124,,0.4550383388996124,
1588,12711,,,-0.4507521390914917,,0.4507521390914917,
1589,12719,,,-0.45243746042251587,,0.45243746042251587,
1590,12727,,,-0.4545130431652069,,0.4545130431652069,
1591,12735,,,-0.4517003893852234,,0.4517003893852234,
1592,12743,,,-0.45133817195892334,,0.45133817195892334,
1593,12749,,,,-0.5329456329345703,,0.5329456329345703
1593,12751,,,-0.45465219020843506,,0.45465219020843506,
1594,12759,,,-0.4526466727256775,,0.4526466727256775,
1595,12767,,,-0.45197176933288574,,0.45197176933288574,
1596,12775,,,-0.45395809412002563,,0.45395809412002563,
1597,12783,,,-0.45427900552749634,,0.45427900552749634,
1598,12791,,,-0.4514934718608856,,0.4514934718608856,
1599,12799,,,,-0.3832540512084961,,0.3832540512084961
1599,12799,,,-0.45405468344688416,,0.45405468344688416,
1600,12807,,,-0.4529229998588562,,0.4529229998588562,
1601,12815,,,-0.450944721698761,,0.450944721698761,
1602,12823,,,-0.45186689496040344,,0.45186689496040344,
1603,12831,,,-0.45536723732948303,,0.45536723732948303,
1604,12839,,,-0.4517481327056885,,0.4517481327056885,
1605,12847,,,-0.4536225199699402,,0.4536225199699402,
1606,12849,,,,-0.41938352584838867,,0.41938352584838867
1606,12855,,,-0.45184555649757385,,0.45184555649757385,
1607,12863,,,-0.45107656717300415,,0.45107656717300415,
1608,12871,,,-0.45068857073783875,,0.45068857073783875,
1609,12879,,,-0.4534117579460144,,0.4534117579460144,
1610,12887,,,-0.4536369740962982,,0.4536369740962982,
1611,12895,,,-0.45329549908638,,0.45329549908638,
1612,12899,,,,-0.4221639633178711,,0.4221639633178711
1612,12903,,,-0.45500919222831726,,0.45500919222831726,
1613,12911,,,-0.45326268672943115,,0.45326268672943115,
1614,12919,,,-0.45095786452293396,,0.45095786452293396,
1615,12927,,,-0.4518074691295624,,0.4518074691295624,
1616,12935,,,-0.4518889784812927,,0.4518889784812927,
1617,12943,,,-0.45178744196891785,,0.45178744196891785,
1618,12949,,,,-0.31220293045043945,,0.31220293045043945
1618,12951,,,-0.4522364139556885,,0.4522364139556885,
1619,12959,,,-0.45241761207580566,,0.45241761207580566,
1620,12967,,,-0.4505608379840851,,0.4505608379840851,
1621,12975,,,-0.4536600112915039,,0.4536600112915039,
1622,12983,,,-0.45469027757644653,,0.45469027757644653,
1623,12991,,,-0.4518500566482544,,0.4518500566482544,
1624,12999,,,,-0.5334153175354004,,0.5334153175354004
1624,12999,,,-0.45506811141967773,,0.45506811141967773,
1625,13007,,,-0.4529789686203003,,0.4529789686203003,
1626,13015,,,-0.4522410035133362,,0.4522410035133362,
1627,13023,,,-0.45352041721343994,,0.45352041721343994,
1628,13031,,,-0.4513033330440521,,0.4513033330440521,
1629,13039,,,-0.4512970745563507,,0.4512970745563507,
1630,13047,,,-0.45098304748535156,,0.45098304748535156,
1631,13049,,,,-0.4841148853302002,,0.4841148853302002
1631,13055,,,-0.45312753319740295,,0.45312753319740295,
1632,13063,,,-0.45221537351608276,,0.45221537351608276,
1633,13071,,,-0.45245087146759033,,0.45245087146759033,
1634,13079,,,-0.4543358385562897,,0.4543358385562897,
1635,13087,,,-0.4519878029823303,,0.4519878029823303,
1636,13095,,,-0.45131948590278625,,0.45131948590278625,
1637,13099,,,,-0.34697723388671875,,0.34697723388671875
1637,13103,,,-0.45326513051986694,,0.45326513051986694,
1638,13111,,,-0.45300742983818054,,0.45300742983818054,
1639,13119,,,-0.4535469114780426,,0.4535469114780426,
1640,13127,,,-0.4521995484828949,,0.4521995484828949,
1641,13135,,,-0.45282524824142456,,0.45282524824142456,
1642,13143,,,-0.45170238614082336,,0.45170238614082336,
1643,13149,,,,-0.42453789710998535,,0.42453789710998535
1643,13151,,,-0.4536847174167633,,0.4536847174167633,
1644,13159,,,-0.4520187973976135,,0.4520187973976135,
1645,13167,,,-0.451736718416214,,0.451736718416214,
1646,13175,,,-0.452786386013031,,0.452786386013031,
1647,13183,,,-0.4526126980781555,,0.4526126980781555,
1648,13191,,,-0.4516785144805908,,0.4516785144805908,
1649,13199,,,,-0.4705924987792969,,0.4705924987792969
1649,13199,,,-0.45104432106018066,,0.45104432106018066,
1650,13207,,,-0.45073413848876953,,0.45073413848876953,
1651,13215,,,-0.45216426253318787,,0.45216426253318787,
1652,13223,,,-0.45349952578544617,,0.45349952578544617,
1653,13231,,,-0.4564094841480255,,0.4564094841480255,
1654,13239,,,-0.45272159576416016,,0.45272159576416016,
1655,13247,,,-0.45133236050605774,,0.45133236050605774,
1656,13249,,,,-0.36643052101135254,,0.36643052101135254
1656,13255,,,-0.4521096646785736,,0.4521096646785736,
1657,13263,,,-0.45200252532958984,,0.45200252532958984,
1658,13271,,,-0.45259708166122437,,0.45259708166122437,
1659,13279,,,-0.4546297788619995,,0.4546297788619995,
1660,13287,,,-0.45447811484336853,,0.45447811484336853,
1661,13295,,,-0.4515024423599243,,0.4515024423599243,
1662,13299,,,,-0.3410632610321045,,0.3410632610321045
1662,13303,,,-0.4520500898361206,,0.4520500898361206,
1663,13311,,,-0.45343896746635437,,0.45343896746635437,
1664,13319,,,-0.4528597593307495,,0.4528597593307495,
1665,13327,,,-0.45446503162384033,,0.45446503162384033,
1666,13335,,,-0.4525781273841858,,0.4525781273841858,
1667,13343,,,-0.4515581429004669,,0.4515581429004669,
1668,13349,,,,-0.4619007110595703,,0.4619007110595703
1668,13351,,,-0.452701598405838,,0.452701598405838,
1669,13359,,,-0.4515586495399475,,0.4515586495399475,
1670,13367,,,-0.4530176818370819,,0.4530176818370819,
1671,13375,,,-0.45111992955207825,,0.45111992955207825,
1672,13383,,,-0.4515739679336548,,0.4515739679336548,
1673,13391,,,-0.4522627890110016,,0.4522627890110016,
1674,13399,,,,-0.500913143157959,,0.500913143157959
1674,13399,,,-0.451005756855011,,0.451005756855011,
1675,13407,,,-0.452865332365036,,0.452865332365036,
1676,13415,,,-0.4515421986579895,,0.4515421986579895,
1677,13423,,,-0.453151673078537,,0.453151673078537,
1678,13431,,,-0.4521979093551636,,0.4521979093551636,
1679,13439,,,-0.45281967520713806,,0.45281967520713806,
1680,13447,,,-0.4520605504512787,,0.4520605504512787,
1681,13449,,,,-0.4737846851348877,,0.4737846851348877
1681,13455,,,-0.4511246085166931,,0.4511246085166931,
1682,13463,,,-0.4532544016838074,,0.4532544016838074,
1683,13471,,,-0.4529162645339966,,0.4529162645339966,
1684,13479,,,-0.4512690007686615,,0.4512690007686615,
1685,13487,,,-0.45281729102134705,,0.45281729102134705,
1686,13495,,,-0.4533013105392456,,0.4533013105392456,
1687,13499,,,,-0.48239898681640625,,0.48239898681640625
1687,13503,,,-0.45321986079216003,,0.45321986079216003,
1688,13511,,,-0.45552074909210205,,0.45552074909210205,
1689,13519,,,-0.45251592993736267,,0.45251592993736267,
1690,13527,,,-0.45155879855155945,,0.45155879855155945,
1691,13535,,,-0.45377275347709656,,0.45377275347709656,
1692,13543,,,-0.45258668065071106,,0.45258668065071106,
1693,13549,,,,-0.40273094177246094,,0.40273094177246094
1693,13551,,,-0.45168614387512207,,0.45168614387512207,
1694,13559,,,-0.4530848562717438,,0.4530848562717438,
1695,13567,,,-0.451930969953537,,0.451930969953537,
1696,13575,,,-0.45591309666633606,,0.45591309666633606,
1697,13583,,,-0.4514051377773285,,0.4514051377773285,
1698,13591,,,-0.4507969319820404,,0.4507969319820404,
1699,13599,,,,-0.43106746673583984,,0.43106746673583984
1699,13599,,,-0.4519994258880615,,0.4519994258880615,
1700,13607,,,-0.45249810814857483,,0.45249810814857483,
1701,13615,,,-0.45398861169815063,,0.45398861169815063,
1702,13623,,,-0.4542606472969055,,0.4542606472969055,
1703,13631,,,-0.45206475257873535,,0.45206475257873535,
1704,13639,,,-0.4511474668979645,,0.4511474668979645,
1705,13647,,,-0.4510817527770996,,0.4510817527770996,
1706,13649,,,,-0.4417543411254883,,0.4417543411254883
1706,13655,,,-0.4518854022026062,,0.4518854022026062,
1707,13663,,,-0.45202144980430603,,0.45202144980430603,
1708,13671,,,-0.45161259174346924,,0.45161259174346924,
1709,13679,,,-0.4513329565525055,,0.4513329565525055,
1710,13687,,,-0.4518965184688568,,0.4518965184688568,
1711,13695,,,-0.4531281292438507,,0.4531281292438507,
1712,13699,,,,-0.4557168483734131,,0.4557168483734131
1712,13703,,,-0.45232143998146057,,0.45232143998146057,
1713,13711,,,-0.4527381360530853,,0.4527381360530853,
1714,13719,,,-0.4531056582927704,,0.4531056582927704,
1715,13727,,,-0.45150694251060486,,0.45150694251060486,
1716,13735,,,-0.45297372341156006,,0.45297372341156006,
1717,13743,,,-0.45220619440078735,,0.45220619440078735,
1718,13749,,,,-0.4581727981567383,,0.4581727981567383
1718,13751,,,-0.45213067531585693,,0.45213067531585693,
1719,13759,,,-0.452412486076355,,0.452412486076355,
1720,13767,,,-0.4514327645301819,,0.4514327645301819,
1721,13775,,,-0.45224326848983765,,0.45224326848983765,
1722,13783,,,-0.45283451676368713,,0.45283451676368713,
1723,13791,,,-0.4519036114215851,,0.4519036114215851,
1724,13799,,,,-0.43016886711120605,,0.43016886711120605
1724,13799,,,-0.4527897834777832,,0.4527897834777832,
1725,13807,,,-0.45344966650009155,,0.45344966650009155,
1726,13815,,,-0.4522538185119629,,0.4522538185119629,
1727,13823,,,-0.4530072808265686,,0.4530072808265686,
1728,13831,,,-0.45138511061668396,,0.45138511061668396,
1729,13839,,,-0.4516364336013794,,0.4516364336013794,
1730,13847,,,-0.452593058347702,,0.452593058347702,
1731,13849,,,,-0.35137057304382324,,0.35137057304382324
1731,13855,,,-0.4524529278278351,,0.4524529278278351,
1732,13863,,,-0.4531437158584595,,0.4531437158584595,
1733,13871,,,-0.45195186138153076,,0.45195186138153076,
1734,13879,,,-0.4533495604991913,,0.4533495604991913,
1735,13887,,,-0.45269012451171875,,0.45269012451171875,
1736,13895,,,-0.45185020565986633,,0.45185020565986633,
1737,13899,,,,-0.49227142333984375,,0.49227142333984375
1737,13903,,,-0.45313358306884766,,0.45313358306884766,
1738,13911,,,-0.4541046917438507,,0.4541046917438507,
1739,13919,,,-0.45336684584617615,,0.45336684584617615,
1740,13927,,,-0.4549691379070282,,0.4549691379070282,
1741,13935,,,-0.4527219831943512,,0.4527219831943512,
1742,13943,,,-0.4520222544670105,,0.4520222544670105,
1743,13949,,,,-0.5184710025787354,,0.5184710025787354
1743,13951,,,-0.4533573389053345,,0.4533573389053345,
1744,13959,,,-0.4534916877746582,,0.4534916877746582,
1745,13967,,,-0.45105883479118347,,0.45105883479118347,
1746,13975,,,-0.4521750509738922,,0.4521750509738922,
1747,13983,,,-0.45249760150909424,,0.45249760150909424,
1748,13991,,,-0.45440757274627686,,0.45440757274627686,
1749,13999,,,,-0.4587984085083008,,0.4587984085083008
1749,13999,,,-0.45320752263069153,,0.45320752263069153,
1750,14007,,,-0.45271578431129456,,0.45271578431129456,
1751,14015,,,-0.4527357816696167,,0.4527357816696167,
1752,14023,,,-0.4518439471721649,,0.4518439471721649,
1753,14031,,,-0.4519110321998596,,0.4519110321998596,
1754,14039,,,-0.45124390721321106,,0.45124390721321106,
1755,14047,,,-0.45372894406318665,,0.45372894406318665,
1756,14049,,,,-0.5249288082122803,,0.5249288082122803
1756,14055,,,-0.4544614851474762,,0.4544614851474762,
1757,14063,,,-0.4516657292842865,,0.4516657292842865,
1758,14071,,,-0.45424219965934753,,0.45424219965934753,
1759,14079,,,-0.45245909690856934,,0.45245909690856934,
1760,14087,,,-0.4525655210018158,,0.4525655210018158,
1761,14095,,,-0.4518580436706543,,0.4518580436706543,
1762,14099,,,,-0.4699721336364746,,0.4699721336364746
1762,14103,,,-0.4512748122215271,,0.4512748122215271,
1763,14111,,,-0.45136791467666626,,0.45136791467666626,
1764,14119,,,-0.45142534375190735,,0.45142534375190735,
1765,14127,,,-0.45327720046043396,,0.45327720046043396,
1766,14135,,,-0.45373764634132385,,0.45373764634132385,
1767,14143,,,-0.45237138867378235,,0.45237138867378235,
1768,14149,,,,-0.34978628158569336,,0.34978628158569336
1768,14151,,,-0.4538642466068268,,0.4538642466068268,
1769,14159,,,-0.4528554081916809,,0.4528554081916809,
1770,14167,,,-0.45121312141418457,,0.45121312141418457,
1771,14175,,,-0.45199647545814514,,0.45199647545814514,
1772,14183,,,-0.45494115352630615,,0.45494115352630615,
1773,14191,,,-0.45312660932540894,,0.45312660932540894,
1774,14199,,,,-0.415297269821167,,0.415297269821167
1774,14199,,,-0.4508585035800934,,0.4508585035800934,
1775,14207,,,-0.45185035467147827,,0.45185035467147827,
1776,14215,,,-0.45177513360977173,,0.45177513360977173,
1777,14223,,,-0.45173534750938416,,0.45173534750938416,
1778,14231,,,-0.4514429569244385,,0.4514429569244385,
1779,14239,,,-0.45192304253578186,,0.45192304253578186,
1780,14247,,,-0.45158740878105164,,0.45158740878105164,
1781,14249,,,,-0.38063955307006836,,0.38063955307006836
1781,14255,,,-0.4527844786643982,,0.4527844786643982,
1782,14263,,,-0.4525294899940491,,0.4525294899940491,
1783,14271,,,-0.4522985816001892,,0.4522985816001892,
1784,14279,,,-0.4532488286495209,,0.4532488286495209,
1785,14287,,,-0.4537510871887207,,0.4537510871887207,
1786,14295,,,-0.4518483877182007,,0.4518483877182007,
1787,14299,,,,-0.4239964485168457,,0.4239964485168457
1787,14303,,,-0.4517769515514374,,0.4517769515514374,
1788,14311,,,-0.45291757583618164,,0.45291757583618164,
1789,14319,,,-0.4535999596118927,,0.4535999596118927,
1790,14327,,,-0.45254531502723694,,0.45254531502723694,
1791,14335,,,-0.4530872106552124,,0.4530872106552124,
1792,14343,,,-0.453201562166214,,0.453201562166214,
1793,14349,,,,-0.4079444408416748,,0.4079444408416748
1793,14351,,,-0.4524233341217041,,0.4524233341217041,
1794,14359,,,-0.4514397084712982,,0.4514397084712982,
1795,14367,,,-0.45480409264564514,,0.45480409264564514,
1796,14375,,,-0.4523921012878418,,0.4523921012878418,
1797,14383,,,-0.45222821831703186,,0.45222821831703186,
1798,14391,,,-0.45198699831962585,,0.45198699831962585,
1799,14399,,,,-0.3860330581665039,,0.3860330581665039
1799,14399,,,-0.4513750374317169,,0.4513750374317169,
1800,14407,,,-0.45143353939056396,,0.45143353939056396,
1801,14415,,,-0.4518720805644989,,0.4518720805644989,
1802,14423,,,-0.451915979385376,,0.451915979385376,
1803,14431,,,-0.45248857140541077,,0.45248857140541077,
1804,14439,,,-0.4564405381679535,,0.4564405381679535,
1805,14447,,,-0.4511745572090149,,0.4511745572090149,
1806,14449,,,,-0.4787888526916504,,0.4787888526916504
1806,14455,,,-0.45370665192604065,,0.45370665192604065,
1807,14463,,,-0.4534984827041626,,0.4534984827041626,
1808,14471,,,-0.4527755379676819,,0.4527755379676819,
1809,14479,,,-0.45369985699653625,,0.45369985699653625,
1810,14487,,,-0.45316821336746216,,0.45316821336746216,
1811,14495,,,-0.4527537524700165,,0.4527537524700165,
1812,14499,,,,-0.31315159797668457,,0.31315159797668457
1812,14503,,,-0.4537738859653473,,0.4537738859653473,
1813,14511,,,-0.45156216621398926,,0.45156216621398926,
1814,14519,,,-0.45320042967796326,,0.45320042967796326,
1815,14527,,,-0.45204296708106995,,0.45204296708106995,
1816,14535,,,-0.45194393396377563,,0.45194393396377563,
1817,14543,,,-0.453831285238266,,0.453831285238266,
1818,14549,,,,-0.295565128326416,,0.295565128326416
1818,14551,,,-0.45423784852027893,,0.45423784852027893,
1819,14559,,,-0.4548114240169525,,0.4548114240169525,
1820,14567,,,-0.452266126871109,,0.452266126871109,
1821,14575,,,-0.4523088037967682,,0.4523088037967682,
1822,14583,,,-0.4523774981498718,,0.4523774981498718,
1823,14591,,,-0.45122241973876953,,0.45122241973876953,
1824,14599,,,,-0.476656436920166,,0.476656436920166
1824,14599,,,-0.4536193013191223,,0.4536193013191223,
1825,14607,,,-0.45248594880104065,,0.45248594880104065,
1826,14615,,,-0.45326656103134155,,0.45326656103134155,
1827,14623,,,-0.4513339400291443,,0.4513339400291443,
1828,14631,,,-0.4520529806613922,,0.4520529806613922,
1829,14639,,,-0.4535994231700897,,0.4535994231700897,
1830,14647,,,-0.45079389214515686,,0.45079389214515686,
1831,14649,,,,-0.5007162094116211,,0.5007162094116211
1831,14655,,,-0.4527324140071869,,0.4527324140071869,
1832,14663,,,-0.4511328637599945,,0.4511328637599945,
1833,14671,,,-0.45345088839530945,,0.45345088839530945,
1834,14679,,,-0.45125094056129456,,0.45125094056129456,
1835,14687,,,-0.4529357850551605,,0.4529357850551605,
1836,14695,,,-0.4571215808391571,,0.4571215808391571,
1837,14699,,,,-0.47798871994018555,,0.47798871994018555
1837,14703,,,-0.4521244764328003,,0.4521244764328003,
1838,14711,,,-0.4538034200668335,,0.4538034200668335,
1839,14719,,,-0.4536028206348419,,0.4536028206348419,
1840,14727,,,-0.45314037799835205,,0.45314037799835205,
1841,14735,,,-0.45190343260765076,,0.45190343260765076,
1842,14743,,,-0.45176488161087036,,0.45176488161087036,
1843,14749,,,,-0.3910670280456543,,0.3910670280456543
1843,14751,,,-0.45197832584381104,,0.45197832584381104,
1844,14759,,,-0.454848051071167,,0.454848051071167,
1845,14767,,,-0.45296868681907654,,0.45296868681907654,
1846,14775,,,-0.4525200128555298,,0.4525200128555298,
1847,14783,,,-0.4531995952129364,,0.4531995952129364,
1848,14791,,,-0.4544825255870819,,0.4544825255870819,
1849,14799,,,,-0.508803129196167,,0.508803129196167
1849,14799,,,-0.4544225037097931,,0.4544225037097931,
1850,14807,,,-0.45211103558540344,,0.45211103558540344,
1851,14815,,,-0.45326322317123413,,0.45326322317123413,
1852,14823,,,-0.45289188623428345,,0.45289188623428345,
1853,14831,,,-0.4533674716949463,,0.4533674716949463,
1854,14839,,,-0.45439037680625916,,0.45439037680625916,
1855,14847,,,-0.45187538862228394,,0.45187538862228394,
1856,14849,,,,-0.48813605308532715,,0.48813605308532715
1856,14855,,,-0.4527740776538849,,0.4527740776538849,
1857,14863,,,-0.45271551609039307,,0.45271551609039307,
1858,14871,,,-0.45205140113830566,,0.45205140113830566,
1859,14879,,,-0.4538160562515259,,0.4538160562515259,
1860,14887,,,-0.45329877734184265,,0.45329877734184265,
1861,14895,,,-0.4513213038444519,,0.4513213038444519,
1862,14899,,,,-0.47838258743286133,,0.47838258743286133
1862,14903,,,-0.45184940099716187,,0.45184940099716187,
1863,14911,,,-0.4518040120601654,,0.4518040120601654,
1864,14919,,,-0.4520750939846039,,0.4520750939846039,
1865,14927,,,-0.45237401127815247,,0.45237401127815247,
1866,14935,,,-0.4536629319190979,,0.4536629319190979,
1867,14943,,,-0.45231303572654724,,0.45231303572654724,
1868,14949,,,,-0.4757261276245117,,0.4757261276245117
1868,14951,,,-0.45276743173599243,,0.45276743173599243,
1869,14959,,,-0.4535544812679291,,0.4535544812679291,
1870,14967,,,-0.45490121841430664,,0.45490121841430664,
1871,14975,,,-0.453534334897995,,0.453534334897995,
1872,14983,,,-0.45280155539512634,,0.45280155539512634,
1873,14991,,,-0.4542882442474365,,0.4542882442474365,
1874,14999,,,,-0.5100927352905273,,0.5100927352905273
1874,14999,,,-0.4529916048049927,,0.4529916048049927,
1875,15007,,,-0.4528322219848633,,0.4528322219848633,
1876,15015,,,-0.4529670774936676,,0.4529670774936676,
1877,15023,,,-0.4553277790546417,,0.4553277790546417,
1878,15031,,,-0.452602356672287,,0.452602356672287,
1879,15039,,,-0.4522190988063812,,0.4522190988063812,
1880,15047,,,-0.45286664366722107,,0.45286664366722107,
1881,15049,,,,-0.5309615135192871,,0.5309615135192871
1881,15055,,,-0.4543710947036743,,0.4543710947036743,
1882,15063,,,-0.45222485065460205,,0.45222485065460205,
1883,15071,,,-0.4536838233470917,,0.4536838233470917,
1884,15079,,,-0.45295488834381104,,0.45295488834381104,
1885,15087,,,-0.4523819386959076,,0.4523819386959076,
1886,15095,,,-0.4532609283924103,,0.4532609283924103,
1887,15099,,,,-0.47732019424438477,,0.47732019424438477
1887,15103,,,-0.45201024413108826,,0.45201024413108826,
1888,15111,,,-0.45290863513946533,,0.45290863513946533,
1889,15119,,,-0.45485565066337585,,0.45485565066337585,
1890,15127,,,-0.4518464207649231,,0.4518464207649231,
1891,15135,,,-0.4523041844367981,,0.4523041844367981,
1892,15143,,,-0.4514908194541931,,0.4514908194541931,
1893,15149,,,,-0.39430665969848633,,0.39430665969848633
1893,15151,,,-0.4530922770500183,,0.4530922770500183,
1894,15159,,,-0.45269492268562317,,0.45269492268562317,
1895,15167,,,-0.45346683263778687,,0.45346683263778687,
1896,15175,,,-0.4517294466495514,,0.4517294466495514,
1897,15183,,,-0.4515621066093445,,0.4515621066093445,
1898,15191,,,-0.4538557529449463,,0.4538557529449463,
1899,15199,,,,-0.47782087326049805,,0.47782087326049805
1899,15199,,,-0.45209214091300964,,0.45209214091300964,
1900,15207,,,-0.4529149830341339,,0.4529149830341339,
1901,15215,,,-0.45202237367630005,,0.45202237367630005,
1902,15223,,,-0.452362984418869,,0.452362984418869,
1903,15231,,,-0.45254307985305786,,0.45254307985305786,
1904,15239,,,-0.45194292068481445,,0.45194292068481445,
1905,15247,,,-0.45263075828552246,,0.45263075828552246,
1906,15249,,,,-0.44772768020629883,,0.44772768020629883
1906,15255,,,-0.45351719856262207,,0.45351719856262207,
1907,15263,,,-0.4511027932167053,,0.4511027932167053,
1908,15271,,,-0.452681303024292,,0.452681303024292,
1909,15279,,,-0.4525967240333557,,0.4525967240333557,
1910,15287,,,-0.45568692684173584,,0.45568692684173584,
1911,15295,,,-0.45570284128189087,,0.45570284128189087,
1912,15299,,,,-0.5198283195495605,,0.5198283195495605
1912,15303,,,-0.45327699184417725,,0.45327699184417725,
1913,15311,,,-0.4544856548309326,,0.4544856548309326,
1914,15319,,,-0.45178085565567017,,0.45178085565567017,
1915,15327,,,-0.45237109065055847,,0.45237109065055847,
1916,15335,,,-0.4530414044857025,,0.4530414044857025,
1917,15343,,,-0.4532434046268463,,0.4532434046268463,
1918,15349,,,,-0.5145840644836426,,0.5145840644836426
1918,15351,,,-0.45243778824806213,,0.45243778824806213,
1919,15359,,,-0.4524872601032257,,0.4524872601032257,
1920,15367,,,-0.4521946310997009,,0.4521946310997009,
1921,15375,,,-0.45269775390625,,0.45269775390625,
1922,15383,,,-0.4520193934440613,,0.4520193934440613,
1923,15391,,,-0.4531991183757782,,0.4531991183757782,
1924,15399,,,,-0.4264180660247803,,0.4264180660247803
1924,15399,,,-0.4529130756855011,,0.4529130756855011,
1925,15407,,,-0.452635258436203,,0.452635258436203,
1926,15415,,,-0.45322373509407043,,0.45322373509407043,
1927,15423,,,-0.45484447479248047,,0.45484447479248047,
1928,15431,,,-0.453173965215683,,0.453173965215683,
1929,15439,,,-0.45245733857154846,,0.45245733857154846,
1930,15447,,,-0.45251303911209106,,0.45251303911209106,
1931,15449,,,,-0.4706299304962158,,0.4706299304962158
1931,15455,,,-0.45263203978538513,,0.45263203978538513,
1932,15463,,,-0.4548739194869995,,0.4548739194869995,
1933,15471,,,-0.4552679657936096,,0.4552679657936096,
1934,15479,,,-0.45448896288871765,,0.45448896288871765,
1935,15487,,,-0.45174774527549744,,0.45174774527549744,
1936,15495,,,-0.45233583450317383,,0.45233583450317383,
1937,15499,,,,-0.44315338134765625,,0.44315338134765625
1937,15503,,,-0.452374130487442,,0.452374130487442,
1938,15511,,,-0.4530102610588074,,0.4530102610588074,
1939,15519,,,-0.45461463928222656,,0.45461463928222656,
1940,15527,,,-0.45229649543762207,,0.45229649543762207,
1941,15535,,,-0.4565148949623108,,0.4565148949623108,
1942,15543,,,-0.4519306719303131,,0.4519306719303131,
1943,15549,,,,-0.48926210403442383,,0.48926210403442383
1943,15551,,,-0.4529203474521637,,0.4529203474521637,
1944,15559,,,-0.4529738426208496,,0.4529738426208496,
1945,15567,,,-0.4519664943218231,,0.4519664943218231,
1946,15575,,,-0.4535265564918518,,0.4535265564918518,
1947,15583,,,-0.45250463485717773,,0.45250463485717773,
1948,15591,,,-0.45257362723350525,,0.45257362723350525,
1949,15599,,,,-0.4777498245239258,,0.4777498245239258
1949,15599,,,-0.45281240344047546,,0.45281240344047546,
1950,15607,,,-0.4544939398765564,,0.4544939398765564,
1951,15615,,,-0.45315247774124146,,0.45315247774124146,
1952,15623,,,-0.4520278871059418,,0.4520278871059418,
1953,15631,,,-0.4536791443824768,,0.4536791443824768,
1954,15639,,,-0.4522632360458374,,0.4522632360458374,
1955,15647,,,-0.4527895450592041,,0.4527895450592041,
1956,15649,,,,-0.49802303314208984,,0.49802303314208984
1956,15655,,,-0.4525642693042755,,0.4525642693042755,
1957,15663,,,-0.4525676369667053,,0.4525676369667053,
1958,15671,,,-0.45375674962997437,,0.45375674962997437,
1959,15679,,,-0.4517350494861603,,0.4517350494861603,
1960,15687,,,-0.45267418026924133,,0.45267418026924133,
1961,15695,,,-0.45237216353416443,,0.45237216353416443,
1962,15699,,,,-0.4974935054779053,,0.4974935054779053
1962,15703,,,-0.4543064534664154,,0.4543064534664154,
1963,15711,,,-0.45300018787384033,,0.45300018787384033,
1964,15719,,,-0.45458531379699707,,0.45458531379699707,
1965,15727,,,-0.452090322971344,,0.452090322971344,
1966,15735,,,-0.45404061675071716,,0.45404061675071716,
1967,15743,,,-0.4522766172885895,,0.4522766172885895,
1968,15749,,,,-0.4000883102416992,,0.4000883102416992
1968,15751,,,-0.4527464807033539,,0.4527464807033539,
1969,15759,,,-0.45259764790534973,,0.45259764790534973,
1970,15767,,,-0.4540034532546997,,0.4540034532546997,
1971,15775,,,-0.4550803601741791,,0.4550803601741791,
1972,15783,,,-0.4526273012161255,,0.4526273012161255,
1973,15791,,,-0.4545004367828369,,0.4545004367828369,
1974,15799,,,,-0.48941612243652344,,0.48941612243652344
1974,15799,,,-0.4521391689777374,,0.4521391689777374,
1975,15807,,,-0.453982412815094,,0.453982412815094,
1976,15815,,,-0.4542045295238495,,0.4542045295238495,
1977,15823,,,-0.4512697160243988,,0.4512697160243988,
1978,15831,,,-0.4538843333721161,,0.4538843333721161,
1979,15839,,,-0.4521028697490692,,0.4521028697490692,
1980,15847,,,-0.45554500818252563,,0.45554500818252563,
1981,15849,,,,-0.47826647758483887,,0.47826647758483887
1981,15855,,,-0.4536148011684418,,0.4536148011684418,
1982,15863,,,-0.45442110300064087,,0.45442110300064087,
1983,15871,,,-0.45169952511787415,,0.45169952511787415,
1984,15879,,,-0.4547434151172638,,0.4547434151172638,
1985,15887,,,-0.4523043930530548,,0.4523043930530548,
1986,15895,,,-0.4528293311595917,,0.4528293311595917,
1987,15899,,,,-0.47768473625183105,,0.47768473625183105
1987,15903,,,-0.4529915452003479,,0.4529915452003479,
1988,15911,,,-0.4531239867210388,,0.4531239867210388,
1989,15919,,,-0.4518662989139557,,0.4518662989139557,
1990,15927,,,-0.45307284593582153,,0.45307284593582153,
1991,15935,,,-0.45200517773628235,,0.45200517773628235,
1992,15943,,,-0.4531175196170807,,0.4531175196170807,
1993,15949,,,,-0.5079963207244873,,0.5079963207244873
1993,15951,,,-0.45332103967666626,,0.45332103967666626,
1994,15959,,,-0.4530753493309021,,0.4530753493309021,
1995,15967,,,-0.45151185989379883,,0.45151185989379883,
1996,15975,,,-0.4535644054412842,,0.4535644054412842,
1997,15983,,,-0.4528614282608032,,0.4528614282608032,
1998,15991,,,-0.45358067750930786,,0.45358067750930786,
1999,15999,,,,-0.4333963394165039,,0.4333963394165039
1999,15999,,,-0.4525080621242523,,0.4525080621242523,
2000,16000,-0.4179821312427521,0.4179821312427521,,,,
