epoch,step,test_loss,test_renyi_lb,train_loss_epoch,train_loss_step,train_renyi_lb_epoch,train_renyi_lb_step
0,7,,,-0.1202126070857048,,0.1202126070857048,
1,15,,,-0.13439422845840454,,0.13439422845840454,
2,23,,,-0.14878396689891815,,0.14878396689891815,
3,31,,,-0.1639738380908966,,0.1639738380908966,
4,39,,,-0.18039868772029877,,0.18039868772029877,
5,47,,,-0.19763822853565216,,0.19763822853565216,
6,49,,,,-0.20510870218276978,,0.20510870218276978
6,55,,,-0.21519485116004944,,0.21519485116004944,
7,63,,,-0.23241981863975525,,0.23241981863975525,
8,71,,,-0.2492731511592865,,0.2492731511592865,
9,79,,,-0.2656807005405426,,0.2656807005405426,
10,87,,,-0.2817852795124054,,0.2817852795124054,
11,95,,,-0.2976313531398773,,0.2976313531398773,
12,99,,,,-0.3176591992378235,,0.3176591992378235
12,103,,,-0.31347042322158813,,0.31347042322158813,
13,111,,,-0.32948049902915955,,0.32948049902915955,
14,119,,,-0.3457321524620056,,0.3457321524620056,
15,127,,,-0.36254429817199707,,0.36254429817199707,
16,135,,,-0.3794407248497009,,0.3794407248497009,
17,143,,,-0.39555931091308594,,0.39555931091308594,
18,149,,,,-0.4045722484588623,,0.4045722484588623
18,151,,,-0.41131651401519775,,0.41131651401519775,
19,159,,,-0.42682260274887085,,0.42682260274887085,
20,167,,,-0.44231274724006653,,0.44231274724006653,
21,175,,,-0.4583338499069214,,0.4583338499069214,
22,183,,,-0.4750242233276367,,0.4750242233276367,
23,191,,,-0.4918580949306488,,0.4918580949306488,
24,199,,,,-0.5192948579788208,,0.5192948579788208
24,199,,,-0.5068686008453369,,0.5068686008453369,
25,207,,,-0.5214024186134338,,0.5214024186134338,
26,215,,,-0.5362080335617065,,0.5362080335617065,
27,223,,,-0.5507879257202148,,0.5507879257202148,
28,231,,,-0.5659306645393372,,0.5659306645393372,
29,239,,,-0.58078533411026,,0.58078533411026,
30,247,,,-0.5955235958099365,,0.5955235958099365,
31,249,,,,-0.6525174379348755,,0.6525174379348755
31,255,,,-0.6102057695388794,,0.6102057695388794,
32,263,,,-0.6262775659561157,,0.6262775659561157,
33,271,,,-0.6415753960609436,,0.6415753960609436,
34,279,,,-0.6571894288063049,,0.6571894288063049,
35,287,,,-0.672650158405304,,0.672650158405304,
36,295,,,-0.6914279460906982,,0.6914279460906982,
37,299,,,,-0.6543450355529785,,0.6543450355529785
37,303,,,-0.706355631351471,,0.706355631351471,
38,311,,,-0.7215399146080017,,0.7215399146080017,
39,319,,,-0.739138662815094,,0.739138662815094,
40,327,,,-0.7563790082931519,,0.7563790082931519,
41,335,,,-0.7721530795097351,,0.7721530795097351,
42,343,,,-0.7928938269615173,,0.7928938269615173,
43,349,,,,-0.7626492977142334,,0.7626492977142334
43,351,,,-0.8098224997520447,,0.8098224997520447,
44,359,,,-0.8218943476676941,,0.8218943476676941,
45,367,,,-0.8404704928398132,,0.8404704928398132,
46,375,,,-0.8585939407348633,,0.8585939407348633,
47,383,,,-0.8754746317863464,,0.8754746317863464,
48,391,,,-0.8934351801872253,,0.8934351801872253,
49,399,,,,-0.8703126907348633,,0.8703126907348633
49,399,,,-0.9088898301124573,,0.9088898301124573,
50,407,,,-0.9248661994934082,,0.9248661994934082,
51,415,,,-0.9407703280448914,,0.9407703280448914,
52,423,,,-0.9593418836593628,,0.9593418836593628,
53,431,,,-0.9719682335853577,,0.9719682335853577,
54,439,,,-0.9920644760131836,,0.9920644760131836,
55,447,,,-1.0117013454437256,,1.0117013454437256,
56,449,,,,-1.0596072673797607,,1.0596072673797607
56,455,,,-1.0194518566131592,,1.0194518566131592,
57,463,,,-1.0353851318359375,,1.0353851318359375,
58,471,,,-1.0453637838363647,,1.0453637838363647,
59,479,,,-1.0602697134017944,,1.0602697134017944,
60,487,,,-1.0796453952789307,,1.0796453952789307,
61,495,,,-1.0953376293182373,,1.0953376293182373,
62,499,,,,-1.0992615222930908,,1.0992615222930908
62,503,,,-1.1018496751785278,,1.1018496751785278,
63,511,,,-1.111608624458313,,1.111608624458313,
64,519,,,-1.1372435092926025,,1.1372435092926025,
65,527,,,-1.1521611213684082,,1.1521611213684082,
66,535,,,-1.1798673868179321,,1.1798673868179321,
67,543,,,-1.188832402229309,,1.188832402229309,
68,549,,,,-1.1181678771972656,,1.1181678771972656
68,551,,,-1.203446626663208,,1.203446626663208,
69,559,,,-1.2034176588058472,,1.2034176588058472,
70,567,,,-1.229622483253479,,1.229622483253479,
71,575,,,-1.2414222955703735,,1.2414222955703735,
72,583,,,-1.2635085582733154,,1.2635085582733154,
73,591,,,-1.287597417831421,,1.287597417831421,
74,599,,,,-1.2359647750854492,,1.2359647750854492
74,599,,,-1.305192470550537,,1.305192470550537,
75,607,,,-1.2968804836273193,,1.2968804836273193,
76,615,,,-1.3028898239135742,,1.3028898239135742,
77,623,,,-1.2991448640823364,,1.2991448640823364,
78,631,,,-1.3226397037506104,,1.3226397037506104,
79,639,,,-1.3577251434326172,,1.3577251434326172,
80,647,,,-1.3614728450775146,,1.3614728450775146,
81,649,,,,-1.3898930549621582,,1.3898930549621582
81,655,,,-1.3777155876159668,,1.3777155876159668,
82,663,,,-1.4146933555603027,,1.4146933555603027,
83,671,,,-1.3932892084121704,,1.3932892084121704,
84,679,,,-1.422276258468628,,1.422276258468628,
85,687,,,-1.4373478889465332,,1.4373478889465332,
86,695,,,-1.4470434188842773,,1.4470434188842773,
87,699,,,,-1.3413662910461426,,1.3413662910461426
87,703,,,-1.4577596187591553,,1.4577596187591553,
88,711,,,-1.452399730682373,,1.452399730682373,
89,719,,,-1.4746501445770264,,1.4746501445770264,
90,727,,,-1.4571633338928223,,1.4571633338928223,
91,735,,,-1.4994076490402222,,1.4994076490402222,
92,743,,,-1.5023304224014282,,1.5023304224014282,
93,749,,,,-1.7346720695495605,,1.7346720695495605
93,751,,,-1.5417685508728027,,1.5417685508728027,
94,759,,,-1.5426181554794312,,1.5426181554794312,
95,767,,,-1.5278615951538086,,1.5278615951538086,
96,775,,,-1.5368916988372803,,1.5368916988372803,
97,783,,,-1.5674164295196533,,1.5674164295196533,
98,791,,,-1.5785807371139526,,1.5785807371139526,
99,799,,,,-2.05568790435791,,2.05568790435791
99,799,,,-1.5914992094039917,,1.5914992094039917,
100,807,,,-1.609194278717041,,1.609194278717041,
101,815,,,-1.6375558376312256,,1.6375558376312256,
102,823,,,-1.614537000656128,,1.614537000656128,
103,831,,,-1.6200312376022339,,1.6200312376022339,
104,839,,,-1.659606695175171,,1.659606695175171,
105,847,,,-1.6884061098098755,,1.6884061098098755,
106,849,,,,-2.0744986534118652,,2.0744986534118652
106,855,,,-1.7053722143173218,,1.7053722143173218,
107,863,,,-1.7037142515182495,,1.7037142515182495,
108,871,,,-1.6776273250579834,,1.6776273250579834,
109,879,,,-1.684894323348999,,1.684894323348999,
110,887,,,-1.7331126928329468,,1.7331126928329468,
111,895,,,-1.6974647045135498,,1.6974647045135498,
112,899,,,,-1.8687629699707031,,1.8687629699707031
112,903,,,-1.7169991731643677,,1.7169991731643677,
113,911,,,-1.7002770900726318,,1.7002770900726318,
114,919,,,-1.7435076236724854,,1.7435076236724854,
115,927,,,-1.7771555185317993,,1.7771555185317993,
116,935,,,-1.7456657886505127,,1.7456657886505127,
117,943,,,-1.7703930139541626,,1.7703930139541626,
118,949,,,,-1.6007561683654785,,1.6007561683654785
118,951,,,-1.8176288604736328,,1.8176288604736328,
119,959,,,-1.82770836353302,,1.82770836353302,
120,967,,,-1.8444937467575073,,1.8444937467575073,
121,975,,,-1.7961857318878174,,1.7961857318878174,
122,983,,,-1.8163866996765137,,1.8163866996765137,
123,991,,,-1.8007296323776245,,1.8007296323776245,
124,999,,,,-2.003361701965332,,2.003361701965332
124,999,,,-1.8367277383804321,,1.8367277383804321,
125,1007,,,-1.8544379472732544,,1.8544379472732544,
126,1015,,,-1.891016960144043,,1.891016960144043,
127,1023,,,-1.8976523876190186,,1.8976523876190186,
128,1031,,,-1.8755977153778076,,1.8755977153778076,
129,1039,,,-1.9047812223434448,,1.9047812223434448,
130,1047,,,-1.8893543481826782,,1.8893543481826782,
131,1049,,,,-1.7429451942443848,,1.7429451942443848
131,1055,,,-1.9042242765426636,,1.9042242765426636,
132,1063,,,-1.912766456604004,,1.912766456604004,
133,1071,,,-2.0190794467926025,,2.0190794467926025,
134,1079,,,-1.8990049362182617,,1.8990049362182617,
135,1087,,,-1.9184179306030273,,1.9184179306030273,
136,1095,,,-1.9444392919540405,,1.9444392919540405,
137,1099,,,,-1.9734368324279785,,1.9734368324279785
137,1103,,,-1.903612732887268,,1.903612732887268,
138,1111,,,-1.9492607116699219,,1.9492607116699219,
139,1119,,,-1.9245916604995728,,1.9245916604995728,
140,1127,,,-2.000981092453003,,2.000981092453003,
141,1135,,,-1.9846237897872925,,1.9846237897872925,
142,1143,,,-2.0274152755737305,,2.0274152755737305,
143,1149,,,,-2.41477108001709,,2.41477108001709
143,1151,,,-1.9784862995147705,,1.9784862995147705,
144,1159,,,-2.0280604362487793,,2.0280604362487793,
145,1167,,,-2.0192055702209473,,2.0192055702209473,
146,1175,,,-1.9959787130355835,,1.9959787130355835,
147,1183,,,-2.0556318759918213,,2.0556318759918213,
148,1191,,,-1.9936624765396118,,1.9936624765396118,
149,1199,,,,-1.8948054313659668,,1.8948054313659668
149,1199,,,-2.048732042312622,,2.048732042312622,
150,1207,,,-2.0730197429656982,,2.0730197429656982,
151,1215,,,-1.9982316493988037,,1.9982316493988037,
152,1223,,,-2.0518343448638916,,2.0518343448638916,
153,1231,,,-2.0972390174865723,,2.0972390174865723,
154,1239,,,-2.110724449157715,,2.110724449157715,
155,1247,,,-2.066420316696167,,2.066420316696167,
156,1249,,,,-1.7656793594360352,,1.7656793594360352
156,1255,,,-2.021615743637085,,2.021615743637085,
157,1263,,,-2.0873100757598877,,2.0873100757598877,
158,1271,,,-2.1203458309173584,,2.1203458309173584,
159,1279,,,-2.06002140045166,,2.06002140045166,
160,1287,,,-2.1010830402374268,,2.1010830402374268,
161,1295,,,-2.1098151206970215,,2.1098151206970215,
162,1299,,,,-1.9826831817626953,,1.9826831817626953
162,1303,,,-2.09159255027771,,2.09159255027771,
163,1311,,,-2.1690280437469482,,2.1690280437469482,
164,1319,,,-2.118969202041626,,2.118969202041626,
165,1327,,,-2.1413919925689697,,2.1413919925689697,
166,1335,,,-2.140784978866577,,2.140784978866577,
167,1343,,,-2.0695321559906006,,2.0695321559906006,
168,1349,,,,-1.736806869506836,,1.736806869506836
168,1351,,,-2.1162526607513428,,2.1162526607513428,
169,1359,,,-2.1225829124450684,,2.1225829124450684,
170,1367,,,-2.154794692993164,,2.154794692993164,
171,1375,,,-2.2115440368652344,,2.2115440368652344,
172,1383,,,-2.2231202125549316,,2.2231202125549316,
173,1391,,,-2.1417160034179688,,2.1417160034179688,
174,1399,,,,-2.0619544982910156,,2.0619544982910156
174,1399,,,-2.180286407470703,,2.180286407470703,
175,1407,,,-2.1784985065460205,,2.1784985065460205,
176,1415,,,-2.2483067512512207,,2.2483067512512207,
177,1423,,,-2.161322832107544,,2.161322832107544,
178,1431,,,-2.2357003688812256,,2.2357003688812256,
179,1439,,,-2.1866958141326904,,2.1866958141326904,
180,1447,,,-2.2489256858825684,,2.2489256858825684,
181,1449,,,,-1.802039623260498,,1.802039623260498
181,1455,,,-2.1864583492279053,,2.1864583492279053,
182,1463,,,-2.247404098510742,,2.247404098510742,
183,1471,,,-2.1649162769317627,,2.1649162769317627,
184,1479,,,-2.2419111728668213,,2.2419111728668213,
185,1487,,,-2.261714220046997,,2.261714220046997,
186,1495,,,-2.2659027576446533,,2.2659027576446533,
187,1499,,,,-1.994511604309082,,1.994511604309082
187,1503,,,-2.318298816680908,,2.318298816680908,
188,1511,,,-2.282101631164551,,2.282101631164551,
189,1519,,,-2.327242612838745,,2.327242612838745,
190,1527,,,-2.2359108924865723,,2.2359108924865723,
191,1535,,,-2.318948745727539,,2.318948745727539,
192,1543,,,-2.326965093612671,,2.326965093612671,
193,1549,,,,-2.087540626525879,,2.087540626525879
193,1551,,,-2.2649741172790527,,2.2649741172790527,
194,1559,,,-2.302999496459961,,2.302999496459961,
195,1567,,,-2.300900936126709,,2.300900936126709,
196,1575,,,-2.348862409591675,,2.348862409591675,
197,1583,,,-2.3483948707580566,,2.3483948707580566,
198,1591,,,-2.2566916942596436,,2.2566916942596436,
199,1599,,,,-2.207080841064453,,2.207080841064453
199,1599,,,-2.2549796104431152,,2.2549796104431152,
200,1607,,,-2.4318723678588867,,2.4318723678588867,
201,1615,,,-2.381174325942993,,2.381174325942993,
202,1623,,,-2.400799512863159,,2.400799512863159,
203,1631,,,-2.4635491371154785,,2.4635491371154785,
204,1639,,,-2.314572334289551,,2.314572334289551,
205,1647,,,-2.340398073196411,,2.340398073196411,
206,1649,,,,-2.355825424194336,,2.355825424194336
206,1655,,,-2.369961977005005,,2.369961977005005,
207,1663,,,-2.367616891860962,,2.367616891860962,
208,1671,,,-2.32181715965271,,2.32181715965271,
209,1679,,,-2.437199354171753,,2.437199354171753,
210,1687,,,-2.4203732013702393,,2.4203732013702393,
211,1695,,,-2.4108850955963135,,2.4108850955963135,
212,1699,,,,-2.3724117279052734,,2.3724117279052734
212,1703,,,-2.3516266345977783,,2.3516266345977783,
213,1711,,,-2.360727548599243,,2.360727548599243,
214,1719,,,-2.4894442558288574,,2.4894442558288574,
215,1727,,,-2.4777238368988037,,2.4777238368988037,
216,1735,,,-2.4203243255615234,,2.4203243255615234,
217,1743,,,-2.4083571434020996,,2.4083571434020996,
218,1749,,,,-2.343764305114746,,2.343764305114746
218,1751,,,-2.507979154586792,,2.507979154586792,
219,1759,,,-2.47248911857605,,2.47248911857605,
220,1767,,,-2.404209852218628,,2.404209852218628,
221,1775,,,-2.440683603286743,,2.440683603286743,
222,1783,,,-2.4957120418548584,,2.4957120418548584,
223,1791,,,-2.4218783378601074,,2.4218783378601074,
224,1799,,,,-2.5482616424560547,,2.5482616424560547
224,1799,,,-2.5083489418029785,,2.5083489418029785,
225,1807,,,-2.4023003578186035,,2.4023003578186035,
226,1815,,,-2.4326329231262207,,2.4326329231262207,
227,1823,,,-2.466073751449585,,2.466073751449585,
228,1831,,,-2.6136116981506348,,2.6136116981506348,
229,1839,,,-2.478567600250244,,2.478567600250244,
230,1847,,,-2.42182993888855,,2.42182993888855,
231,1849,,,,-2.5635862350463867,,2.5635862350463867
231,1855,,,-2.664038896560669,,2.664038896560669,
232,1863,,,-2.466444253921509,,2.466444253921509,
233,1871,,,-2.543421745300293,,2.543421745300293,
234,1879,,,-2.631556510925293,,2.631556510925293,
235,1887,,,-2.4951276779174805,,2.4951276779174805,
236,1895,,,-2.529001235961914,,2.529001235961914,
237,1899,,,,-2.6812191009521484,,2.6812191009521484
237,1903,,,-2.5703368186950684,,2.5703368186950684,
238,1911,,,-2.475701093673706,,2.475701093673706,
239,1919,,,-2.5034854412078857,,2.5034854412078857,
240,1927,,,-2.5555074214935303,,2.5555074214935303,
241,1935,,,-2.4615700244903564,,2.4615700244903564,
242,1943,,,-2.5963993072509766,,2.5963993072509766,
243,1949,,,,-2.9108734130859375,,2.9108734130859375
243,1951,,,-2.539823532104492,,2.539823532104492,
244,1959,,,-2.5338964462280273,,2.5338964462280273,
245,1967,,,-2.537022352218628,,2.537022352218628,
246,1975,,,-2.58886456489563,,2.58886456489563,
247,1983,,,-2.6176187992095947,,2.6176187992095947,
248,1991,,,-2.593414783477783,,2.593414783477783,
249,1999,,,,-2.8655834197998047,,2.8655834197998047
249,1999,,,-2.624652624130249,,2.624652624130249,
250,2007,,,-2.600029468536377,,2.600029468536377,
251,2015,,,-2.6446452140808105,,2.6446452140808105,
252,2023,,,-2.5619924068450928,,2.5619924068450928,
253,2031,,,-2.6343038082122803,,2.6343038082122803,
254,2039,,,-2.578183650970459,,2.578183650970459,
255,2047,,,-2.6796371936798096,,2.6796371936798096,
256,2049,,,,-2.294123649597168,,2.294123649597168
256,2055,,,-2.493304967880249,,2.493304967880249,
257,2063,,,-2.583875894546509,,2.583875894546509,
258,2071,,,-2.6746506690979004,,2.6746506690979004,
259,2079,,,-2.699087619781494,,2.699087619781494,
260,2087,,,-2.6930365562438965,,2.6930365562438965,
261,2095,,,-2.722125768661499,,2.722125768661499,
262,2099,,,,-2.267995834350586,,2.267995834350586
262,2103,,,-2.666269063949585,,2.666269063949585,
263,2111,,,-2.610391616821289,,2.610391616821289,
264,2119,,,-2.650761842727661,,2.650761842727661,
265,2127,,,-2.6713931560516357,,2.6713931560516357,
266,2135,,,-2.6690263748168945,,2.6690263748168945,
267,2143,,,-2.6667070388793945,,2.6667070388793945,
268,2149,,,,-2.5674800872802734,,2.5674800872802734
268,2151,,,-2.7038028240203857,,2.7038028240203857,
269,2159,,,-2.6146907806396484,,2.6146907806396484,
270,2167,,,-2.734544038772583,,2.734544038772583,
271,2175,,,-2.7176311016082764,,2.7176311016082764,
272,2183,,,-2.5385117530822754,,2.5385117530822754,
273,2191,,,-2.749626398086548,,2.749626398086548,
274,2199,,,,-2.4046630859375,,2.4046630859375
274,2199,,,-2.7244021892547607,,2.7244021892547607,
275,2207,,,-2.695072889328003,,2.695072889328003,
276,2215,,,-2.795443058013916,,2.795443058013916,
277,2223,,,-2.7436635494232178,,2.7436635494232178,
278,2231,,,-2.716449737548828,,2.716449737548828,
279,2239,,,-2.7361252307891846,,2.7361252307891846,
280,2247,,,-2.682896852493286,,2.682896852493286,
281,2249,,,,-3.047779083251953,,3.047779083251953
281,2255,,,-2.7826180458068848,,2.7826180458068848,
282,2263,,,-2.7045629024505615,,2.7045629024505615,
283,2271,,,-2.7384934425354004,,2.7384934425354004,
284,2279,,,-2.765995740890503,,2.765995740890503,
285,2287,,,-2.7857069969177246,,2.7857069969177246,
286,2295,,,-2.8443400859832764,,2.8443400859832764,
287,2299,,,,-2.304973602294922,,2.304973602294922
287,2303,,,-2.7437820434570312,,2.7437820434570312,
288,2311,,,-2.7698214054107666,,2.7698214054107666,
289,2319,,,-2.7583954334259033,,2.7583954334259033,
290,2327,,,-2.665318012237549,,2.665318012237549,
291,2335,,,-2.825725555419922,,2.825725555419922,
292,2343,,,-2.758516311645508,,2.758516311645508,
293,2349,,,,-2.762251853942871,,2.762251853942871
293,2351,,,-2.8151895999908447,,2.8151895999908447,
294,2359,,,-2.6952998638153076,,2.6952998638153076,
295,2367,,,-2.8779711723327637,,2.8779711723327637,
296,2375,,,-2.787482500076294,,2.787482500076294,
297,2383,,,-2.79941987991333,,2.79941987991333,
298,2391,,,-2.772318124771118,,2.772318124771118,
299,2399,,,,-3.203610420227051,,3.203610420227051
299,2399,,,-2.849374532699585,,2.849374532699585,
300,2407,,,-2.748377799987793,,2.748377799987793,
301,2415,,,-2.819591522216797,,2.819591522216797,
302,2423,,,-2.814710855484009,,2.814710855484009,
303,2431,,,-2.772465705871582,,2.772465705871582,
304,2439,,,-2.843196153640747,,2.843196153640747,
305,2447,,,-2.7981555461883545,,2.7981555461883545,
306,2449,,,,-3.168839454650879,,3.168839454650879
306,2455,,,-2.782343864440918,,2.782343864440918,
307,2463,,,-2.9000229835510254,,2.9000229835510254,
308,2471,,,-2.8439550399780273,,2.8439550399780273,
309,2479,,,-2.7969653606414795,,2.7969653606414795,
310,2487,,,-2.8401153087615967,,2.8401153087615967,
311,2495,,,-2.796638250350952,,2.796638250350952,
312,2499,,,,-3.2602128982543945,,3.2602128982543945
312,2503,,,-2.8521456718444824,,2.8521456718444824,
313,2511,,,-2.8235394954681396,,2.8235394954681396,
314,2519,,,-2.927748918533325,,2.927748918533325,
315,2527,,,-2.8394336700439453,,2.8394336700439453,
316,2535,,,-2.869163990020752,,2.869163990020752,
317,2543,,,-2.9463157653808594,,2.9463157653808594,
318,2549,,,,-2.7913055419921875,,2.7913055419921875
318,2551,,,-2.804044008255005,,2.804044008255005,
319,2559,,,-2.935249090194702,,2.935249090194702,
320,2567,,,-2.952235698699951,,2.952235698699951,
321,2575,,,-2.9276249408721924,,2.9276249408721924,
322,2583,,,-2.8157637119293213,,2.8157637119293213,
323,2591,,,-3.026865243911743,,3.026865243911743,
324,2599,,,,-3.5340938568115234,,3.5340938568115234
324,2599,,,-2.830564498901367,,2.830564498901367,
325,2607,,,-3.063819169998169,,3.063819169998169,
326,2615,,,-2.8459999561309814,,2.8459999561309814,
327,2623,,,-2.787503242492676,,2.787503242492676,
328,2631,,,-3.005377769470215,,3.005377769470215,
329,2639,,,-2.9380042552948,,2.9380042552948,
330,2647,,,-2.861717700958252,,2.861717700958252,
331,2649,,,,-2.523930549621582,,2.523930549621582
331,2655,,,-2.8952746391296387,,2.8952746391296387,
332,2663,,,-2.9753682613372803,,2.9753682613372803,
333,2671,,,-2.9178810119628906,,2.9178810119628906,
334,2679,,,-3.0035526752471924,,3.0035526752471924,
335,2687,,,-2.8948514461517334,,2.8948514461517334,
336,2695,,,-3.118947744369507,,3.118947744369507,
337,2699,,,,-2.4191532135009766,,2.4191532135009766
337,2703,,,-2.9287109375,,2.9287109375,
338,2711,,,-2.8950870037078857,,2.8950870037078857,
339,2719,,,-2.952951669692993,,2.952951669692993,
340,2727,,,-3.0597105026245117,,3.0597105026245117,
341,2735,,,-3.049678087234497,,3.049678087234497,
342,2743,,,-2.9727494716644287,,2.9727494716644287,
343,2749,,,,-2.095046043395996,,2.095046043395996
343,2751,,,-2.9968159198760986,,2.9968159198760986,
344,2759,,,-2.9096527099609375,,2.9096527099609375,
345,2767,,,-2.9507665634155273,,2.9507665634155273,
346,2775,,,-2.970243453979492,,2.970243453979492,
347,2783,,,-2.9244987964630127,,2.9244987964630127,
348,2791,,,-3.023440361022949,,3.023440361022949,
349,2799,,,,-3.096895217895508,,3.096895217895508
349,2799,,,-2.964240550994873,,2.964240550994873,
350,2807,,,-3.003054141998291,,3.003054141998291,
351,2815,,,-2.9691402912139893,,2.9691402912139893,
352,2823,,,-3.1749942302703857,,3.1749942302703857,
353,2831,,,-2.9051733016967773,,2.9051733016967773,
354,2839,,,-3.084979295730591,,3.084979295730591,
355,2847,,,-3.0855000019073486,,3.0855000019073486,
356,2849,,,,-4.096347808837891,,4.096347808837891
356,2855,,,-2.9805355072021484,,2.9805355072021484,
357,2863,,,-3.0583999156951904,,3.0583999156951904,
358,2871,,,-2.985476493835449,,2.985476493835449,
359,2879,,,-2.990427017211914,,2.990427017211914,
360,2887,,,-3.0479085445404053,,3.0479085445404053,
361,2895,,,-3.1340348720550537,,3.1340348720550537,
362,2899,,,,-3.1194238662719727,,3.1194238662719727
362,2903,,,-2.9825685024261475,,2.9825685024261475,
363,2911,,,-3.003674030303955,,3.003674030303955,
364,2919,,,-3.0587499141693115,,3.0587499141693115,
365,2927,,,-3.100877046585083,,3.100877046585083,
366,2935,,,-2.8991036415100098,,2.8991036415100098,
367,2943,,,-3.0120365619659424,,3.0120365619659424,
368,2949,,,,-3.172308921813965,,3.172308921813965
368,2951,,,-3.0877037048339844,,3.0877037048339844,
369,2959,,,-2.975064277648926,,2.975064277648926,
370,2967,,,-3.097357749938965,,3.097357749938965,
371,2975,,,-3.208864450454712,,3.208864450454712,
372,2983,,,-3.0697410106658936,,3.0697410106658936,
373,2991,,,-2.9987754821777344,,2.9987754821777344,
374,2999,,,,-3.8813629150390625,,3.8813629150390625
374,2999,,,-3.036195993423462,,3.036195993423462,
375,3007,,,-2.9565839767456055,,2.9565839767456055,
376,3015,,,-2.965092420578003,,2.965092420578003,
377,3023,,,-3.019768476486206,,3.019768476486206,
378,3031,,,-3.1422629356384277,,3.1422629356384277,
379,3039,,,-3.2259323596954346,,3.2259323596954346,
380,3047,,,-3.0693607330322266,,3.0693607330322266,
381,3049,,,,-3.9734373092651367,,3.9734373092651367
381,3055,,,-3.0468499660491943,,3.0468499660491943,
382,3063,,,-3.1764419078826904,,3.1764419078826904,
383,3071,,,-3.0419094562530518,,3.0419094562530518,
384,3079,,,-3.151791572570801,,3.151791572570801,
385,3087,,,-3.0356812477111816,,3.0356812477111816,
386,3095,,,-3.0644633769989014,,3.0644633769989014,
387,3099,,,,-4.313200950622559,,4.313200950622559
387,3103,,,-3.104649305343628,,3.104649305343628,
388,3111,,,-3.0144567489624023,,3.0144567489624023,
389,3119,,,-3.101158380508423,,3.101158380508423,
390,3127,,,-3.1114704608917236,,3.1114704608917236,
391,3135,,,-3.178194761276245,,3.178194761276245,
392,3143,,,-3.1024062633514404,,3.1024062633514404,
393,3149,,,,-2.4403419494628906,,2.4403419494628906
393,3151,,,-3.0454323291778564,,3.0454323291778564,
394,3159,,,-3.0832722187042236,,3.0832722187042236,
395,3167,,,-3.1270031929016113,,3.1270031929016113,
396,3175,,,-3.1939263343811035,,3.1939263343811035,
397,3183,,,-3.118936538696289,,3.118936538696289,
398,3191,,,-3.050018310546875,,3.050018310546875,
399,3199,,,,-2.759113311767578,,2.759113311767578
399,3199,,,-3.2134222984313965,,3.2134222984313965,
400,3207,,,-3.1211071014404297,,3.1211071014404297,
401,3215,,,-3.1194238662719727,,3.1194238662719727,
402,3223,,,-3.1938836574554443,,3.1938836574554443,
403,3231,,,-3.1256163120269775,,3.1256163120269775,
404,3239,,,-3.142777681350708,,3.142777681350708,
405,3247,,,-3.2005531787872314,,3.2005531787872314,
406,3249,,,,-3.1912546157836914,,3.1912546157836914
406,3255,,,-3.322251558303833,,3.322251558303833,
407,3263,,,-3.3596792221069336,,3.3596792221069336,
408,3271,,,-3.1665961742401123,,3.1665961742401123,
409,3279,,,-3.187896490097046,,3.187896490097046,
410,3287,,,-3.1410000324249268,,3.1410000324249268,
411,3295,,,-3.283522605895996,,3.283522605895996,
412,3299,,,,-3.440840721130371,,3.440840721130371
412,3303,,,-3.1736202239990234,,3.1736202239990234,
413,3311,,,-3.164837121963501,,3.164837121963501,
414,3319,,,-3.1579132080078125,,3.1579132080078125,
415,3327,,,-3.214043617248535,,3.214043617248535,
416,3335,,,-3.222562789916992,,3.222562789916992,
417,3343,,,-3.215099573135376,,3.215099573135376,
418,3349,,,,-4.626300811767578,,4.626300811767578
418,3351,,,-3.1934986114501953,,3.1934986114501953,
419,3359,,,-3.187185525894165,,3.187185525894165,
420,3367,,,-3.350879669189453,,3.350879669189453,
421,3375,,,-3.323887825012207,,3.323887825012207,
422,3383,,,-3.1083500385284424,,3.1083500385284424,
423,3391,,,-3.0972323417663574,,3.0972323417663574,
424,3399,,,,-3.1419668197631836,,3.1419668197631836
424,3399,,,-3.2829811573028564,,3.2829811573028564,
425,3407,,,-3.344517230987549,,3.344517230987549,
426,3415,,,-3.306671142578125,,3.306671142578125,
427,3423,,,-3.34483003616333,,3.34483003616333,
428,3431,,,-3.2226970195770264,,3.2226970195770264,
429,3439,,,-3.2316455841064453,,3.2316455841064453,
430,3447,,,-3.313450336456299,,3.313450336456299,
431,3449,,,,-4.341466903686523,,4.341466903686523
431,3455,,,-3.3674168586730957,,3.3674168586730957,
432,3463,,,-3.208949327468872,,3.208949327468872,
433,3471,,,-3.332426071166992,,3.332426071166992,
434,3479,,,-3.301497220993042,,3.301497220993042,
435,3487,,,-3.157123327255249,,3.157123327255249,
436,3495,,,-3.3744008541107178,,3.3744008541107178,
437,3499,,,,-3.8470659255981445,,3.8470659255981445
437,3503,,,-3.354923725128174,,3.354923725128174,
438,3511,,,-3.3837711811065674,,3.3837711811065674,
439,3519,,,-3.3477671146392822,,3.3477671146392822,
440,3527,,,-3.2499334812164307,,3.2499334812164307,
441,3535,,,-3.347686290740967,,3.347686290740967,
442,3543,,,-3.2408254146575928,,3.2408254146575928,
443,3549,,,,-2.748292922973633,,2.748292922973633
443,3551,,,-3.223433256149292,,3.223433256149292,
444,3559,,,-3.189023494720459,,3.189023494720459,
445,3567,,,-3.390380859375,,3.390380859375,
446,3575,,,-3.3061647415161133,,3.3061647415161133,
447,3583,,,-3.1781487464904785,,3.1781487464904785,
448,3591,,,-3.3916096687316895,,3.3916096687316895,
449,3599,,,,-3.3589353561401367,,3.3589353561401367
449,3599,,,-3.3094499111175537,,3.3094499111175537,
450,3607,,,-3.2976856231689453,,3.2976856231689453,
451,3615,,,-3.2358803749084473,,3.2358803749084473,
452,3623,,,-3.3420026302337646,,3.3420026302337646,
453,3631,,,-3.347883939743042,,3.347883939743042,
454,3639,,,-3.3161561489105225,,3.3161561489105225,
455,3647,,,-3.413435935974121,,3.413435935974121,
456,3649,,,,-3.692943572998047,,3.692943572998047
456,3655,,,-3.4038140773773193,,3.4038140773773193,
457,3663,,,-3.2217984199523926,,3.2217984199523926,
458,3671,,,-3.318488359451294,,3.318488359451294,
459,3679,,,-3.3418514728546143,,3.3418514728546143,
460,3687,,,-3.3589956760406494,,3.3589956760406494,
461,3695,,,-3.5176730155944824,,3.5176730155944824,
462,3699,,,,-2.6752824783325195,,2.6752824783325195
462,3703,,,-3.209893226623535,,3.209893226623535,
463,3711,,,-3.345107316970825,,3.345107316970825,
464,3719,,,-3.2824745178222656,,3.2824745178222656,
465,3727,,,-3.2819082736968994,,3.2819082736968994,
466,3735,,,-3.37668514251709,,3.37668514251709,
467,3743,,,-3.386610269546509,,3.386610269546509,
468,3749,,,,-4.174619674682617,,4.174619674682617
468,3751,,,-3.2825703620910645,,3.2825703620910645,
469,3759,,,-3.491941452026367,,3.491941452026367,
470,3767,,,-3.3201866149902344,,3.3201866149902344,
471,3775,,,-3.3891992568969727,,3.3891992568969727,
472,3783,,,-3.349799156188965,,3.349799156188965,
473,3791,,,-3.3305506706237793,,3.3305506706237793,
474,3799,,,,-3.388845443725586,,3.388845443725586
474,3799,,,-3.664994478225708,,3.664994478225708,
475,3807,,,-3.205423355102539,,3.205423355102539,
476,3815,,,-3.4247758388519287,,3.4247758388519287,
477,3823,,,-3.5260324478149414,,3.5260324478149414,
478,3831,,,-3.435931921005249,,3.435931921005249,
479,3839,,,-3.406965970993042,,3.406965970993042,
480,3847,,,-3.4602370262145996,,3.4602370262145996,
481,3849,,,,-3.3938159942626953,,3.3938159942626953
481,3855,,,-3.5812277793884277,,3.5812277793884277,
482,3863,,,-3.5445878505706787,,3.5445878505706787,
483,3871,,,-3.3219895362854004,,3.3219895362854004,
484,3879,,,-3.327787399291992,,3.327787399291992,
485,3887,,,-3.406296968460083,,3.406296968460083,
486,3895,,,-3.3139679431915283,,3.3139679431915283,
487,3899,,,,-3.6262035369873047,,3.6262035369873047
487,3903,,,-3.3766942024230957,,3.3766942024230957,
488,3911,,,-3.432229995727539,,3.432229995727539,
489,3919,,,-3.311516523361206,,3.311516523361206,
490,3927,,,-3.516958475112915,,3.516958475112915,
491,3935,,,-3.4378573894500732,,3.4378573894500732,
492,3943,,,-3.482956647872925,,3.482956647872925,
493,3949,,,,-2.626352310180664,,2.626352310180664
493,3951,,,-3.404561758041382,,3.404561758041382,
494,3959,,,-3.448779582977295,,3.448779582977295,
495,3967,,,-3.4304628372192383,,3.4304628372192383,
496,3975,,,-3.3623862266540527,,3.3623862266540527,
497,3983,,,-3.3367199897766113,,3.3367199897766113,
498,3991,,,-3.43774151802063,,3.43774151802063,
499,3999,,,,-5.21912956237793,,5.21912956237793
499,3999,,,-3.6763031482696533,,3.6763031482696533,
500,4007,,,-3.4101016521453857,,3.4101016521453857,
501,4015,,,-3.4093210697174072,,3.4093210697174072,
502,4023,,,-3.4791789054870605,,3.4791789054870605,
503,4031,,,-3.572223424911499,,3.572223424911499,
504,4039,,,-3.392810106277466,,3.392810106277466,
505,4047,,,-3.588574171066284,,3.588574171066284,
506,4049,,,,-3.6067142486572266,,3.6067142486572266
506,4055,,,-3.4385571479797363,,3.4385571479797363,
507,4063,,,-3.560103416442871,,3.560103416442871,
508,4071,,,-3.4197041988372803,,3.4197041988372803,
509,4079,,,-3.6375393867492676,,3.6375393867492676,
510,4087,,,-3.4721338748931885,,3.4721338748931885,
511,4095,,,-3.5324723720550537,,3.5324723720550537,
512,4099,,,,-3.251188278198242,,3.251188278198242
512,4103,,,-3.648155450820923,,3.648155450820923,
513,4111,,,-3.578098773956299,,3.578098773956299,
514,4119,,,-3.3773117065429688,,3.3773117065429688,
515,4127,,,-3.589808225631714,,3.589808225631714,
516,4135,,,-3.545769453048706,,3.545769453048706,
517,4143,,,-3.4915003776550293,,3.4915003776550293,
518,4149,,,,-3.2461509704589844,,3.2461509704589844
518,4151,,,-3.550628185272217,,3.550628185272217,
519,4159,,,-3.4156761169433594,,3.4156761169433594,
520,4167,,,-3.3404085636138916,,3.3404085636138916,
521,4175,,,-3.571134328842163,,3.571134328842163,
522,4183,,,-3.521915912628174,,3.521915912628174,
523,4191,,,-3.46687650680542,,3.46687650680542,
524,4199,,,,-4.460697174072266,,4.460697174072266
524,4199,,,-3.597254753112793,,3.597254753112793,
525,4207,,,-3.6474366188049316,,3.6474366188049316,
526,4215,,,-3.5130858421325684,,3.5130858421325684,
527,4223,,,-3.5667972564697266,,3.5667972564697266,
528,4231,,,-3.6635639667510986,,3.6635639667510986,
529,4239,,,-3.4320945739746094,,3.4320945739746094,
530,4247,,,-3.608870029449463,,3.608870029449463,
531,4249,,,,-4.019535064697266,,4.019535064697266
531,4255,,,-3.810724973678589,,3.810724973678589,
532,4263,,,-3.5917131900787354,,3.5917131900787354,
533,4271,,,-3.4729866981506348,,3.4729866981506348,
534,4279,,,-3.4652719497680664,,3.4652719497680664,
535,4287,,,-3.62652850151062,,3.62652850151062,
536,4295,,,-3.565298318862915,,3.565298318862915,
537,4299,,,,-4.095001220703125,,4.095001220703125
537,4303,,,-3.445187568664551,,3.445187568664551,
538,4311,,,-3.4492855072021484,,3.4492855072021484,
539,4319,,,-3.509028434753418,,3.509028434753418,
540,4327,,,-3.720193862915039,,3.720193862915039,
541,4335,,,-3.6151301860809326,,3.6151301860809326,
542,4343,,,-3.468937397003174,,3.468937397003174,
543,4349,,,,-4.102601051330566,,4.102601051330566
543,4351,,,-3.614525079727173,,3.614525079727173,
544,4359,,,-3.577080488204956,,3.577080488204956,
545,4367,,,-3.634016752243042,,3.634016752243042,
546,4375,,,-3.4637186527252197,,3.4637186527252197,
547,4383,,,-3.5336296558380127,,3.5336296558380127,
548,4391,,,-3.6234757900238037,,3.6234757900238037,
549,4399,,,,-3.286593437194824,,3.286593437194824
549,4399,,,-3.640648126602173,,3.640648126602173,
550,4407,,,-3.4657204151153564,,3.4657204151153564,
551,4415,,,-3.5712075233459473,,3.5712075233459473,
552,4423,,,-3.5915238857269287,,3.5915238857269287,
553,4431,,,-3.611790180206299,,3.611790180206299,
554,4439,,,-3.562898874282837,,3.562898874282837,
555,4447,,,-3.597447633743286,,3.597447633743286,
556,4449,,,,-4.086517333984375,,4.086517333984375
556,4455,,,-3.610386371612549,,3.610386371612549,
557,4463,,,-3.636880874633789,,3.636880874633789,
558,4471,,,-3.5536584854125977,,3.5536584854125977,
559,4479,,,-3.722214937210083,,3.722214937210083,
560,4487,,,-3.6647839546203613,,3.6647839546203613,
561,4495,,,-3.7377562522888184,,3.7377562522888184,
562,4499,,,,-3.282242774963379,,3.282242774963379
562,4503,,,-3.726377248764038,,3.726377248764038,
563,4511,,,-3.6126277446746826,,3.6126277446746826,
564,4519,,,-3.651256561279297,,3.651256561279297,
565,4527,,,-3.5572562217712402,,3.5572562217712402,
566,4535,,,-3.5901296138763428,,3.5901296138763428,
567,4543,,,-3.7347817420959473,,3.7347817420959473,
568,4549,,,,-3.876084327697754,,3.876084327697754
568,4551,,,-3.6061930656433105,,3.6061930656433105,
569,4559,,,-3.71282958984375,,3.71282958984375,
570,4567,,,-3.551353931427002,,3.551353931427002,
571,4575,,,-3.6289234161376953,,3.6289234161376953,
572,4583,,,-3.5109171867370605,,3.5109171867370605,
573,4591,,,-3.588923454284668,,3.588923454284668,
574,4599,,,,-3.4638404846191406,,3.4638404846191406
574,4599,,,-3.7620110511779785,,3.7620110511779785,
575,4607,,,-3.6313586235046387,,3.6313586235046387,
576,4615,,,-3.7475180625915527,,3.7475180625915527,
577,4623,,,-3.7672245502471924,,3.7672245502471924,
578,4631,,,-3.6158981323242188,,3.6158981323242188,
579,4639,,,-3.6362242698669434,,3.6362242698669434,
580,4647,,,-3.497007369995117,,3.497007369995117,
581,4649,,,,-5.175487518310547,,5.175487518310547
581,4655,,,-3.7064402103424072,,3.7064402103424072,
582,4663,,,-3.555842161178589,,3.555842161178589,
583,4671,,,-3.6135950088500977,,3.6135950088500977,
584,4679,,,-3.632608652114868,,3.632608652114868,
585,4687,,,-3.4715046882629395,,3.4715046882629395,
586,4695,,,-3.6768276691436768,,3.6768276691436768,
587,4699,,,,-4.267647743225098,,4.267647743225098
587,4703,,,-3.622041702270508,,3.622041702270508,
588,4711,,,-3.5398671627044678,,3.5398671627044678,
589,4719,,,-3.7867324352264404,,3.7867324352264404,
590,4727,,,-3.7418370246887207,,3.7418370246887207,
591,4735,,,-3.4701976776123047,,3.4701976776123047,
592,4743,,,-3.66745662689209,,3.66745662689209,
593,4749,,,,-3.945828437805176,,3.945828437805176
593,4751,,,-3.7553553581237793,,3.7553553581237793,
594,4759,,,-3.6335573196411133,,3.6335573196411133,
595,4767,,,-3.8054676055908203,,3.8054676055908203,
596,4775,,,-3.724504232406616,,3.724504232406616,
597,4783,,,-3.7115163803100586,,3.7115163803100586,
598,4791,,,-3.706251859664917,,3.706251859664917,
599,4799,,,,-3.118074417114258,,3.118074417114258
599,4799,,,-3.78851056098938,,3.78851056098938,
600,4807,,,-3.7884106636047363,,3.7884106636047363,
601,4815,,,-3.6265296936035156,,3.6265296936035156,
602,4823,,,-3.869403123855591,,3.869403123855591,
603,4831,,,-3.666016101837158,,3.666016101837158,
604,4839,,,-3.694140911102295,,3.694140911102295,
605,4847,,,-3.6579675674438477,,3.6579675674438477,
606,4849,,,,-4.359315872192383,,4.359315872192383
606,4855,,,-3.807267189025879,,3.807267189025879,
607,4863,,,-3.662564516067505,,3.662564516067505,
608,4871,,,-3.5225870609283447,,3.5225870609283447,
609,4879,,,-3.589038610458374,,3.589038610458374,
610,4887,,,-3.6997640132904053,,3.6997640132904053,
611,4895,,,-3.72097110748291,,3.72097110748291,
612,4899,,,,-3.3797006607055664,,3.3797006607055664
612,4903,,,-3.6341428756713867,,3.6341428756713867,
613,4911,,,-3.6743226051330566,,3.6743226051330566,
614,4919,,,-3.8068461418151855,,3.8068461418151855,
615,4927,,,-3.8196582794189453,,3.8196582794189453,
616,4935,,,-3.9140706062316895,,3.9140706062316895,
617,4943,,,-3.642214059829712,,3.642214059829712,
618,4949,,,,-4.323118209838867,,4.323118209838867
618,4951,,,-3.660778522491455,,3.660778522491455,
619,4959,,,-3.51806640625,,3.51806640625,
620,4967,,,-3.65861439704895,,3.65861439704895,
621,4975,,,-3.7675297260284424,,3.7675297260284424,
622,4983,,,-3.8153116703033447,,3.8153116703033447,
623,4991,,,-3.7001757621765137,,3.7001757621765137,
624,4999,,,,-4.775153160095215,,4.775153160095215
624,4999,,,-3.6535093784332275,,3.6535093784332275,
625,5007,,,-3.7134511470794678,,3.7134511470794678,
626,5015,,,-3.78494930267334,,3.78494930267334,
627,5023,,,-3.644482135772705,,3.644482135772705,
628,5031,,,-3.6798160076141357,,3.6798160076141357,
629,5039,,,-3.9050183296203613,,3.9050183296203613,
630,5047,,,-3.659153938293457,,3.659153938293457,
631,5049,,,,-3.8058948516845703,,3.8058948516845703
631,5055,,,-3.7204976081848145,,3.7204976081848145,
632,5063,,,-3.7579023838043213,,3.7579023838043213,
633,5071,,,-3.758498430252075,,3.758498430252075,
634,5079,,,-3.7164547443389893,,3.7164547443389893,
635,5087,,,-3.732821464538574,,3.732821464538574,
636,5095,,,-3.901196002960205,,3.901196002960205,
637,5099,,,,-3.656047821044922,,3.656047821044922
637,5103,,,-3.8057079315185547,,3.8057079315185547,
638,5111,,,-3.66951322555542,,3.66951322555542,
639,5119,,,-3.6955535411834717,,3.6955535411834717,
640,5127,,,-3.5974984169006348,,3.5974984169006348,
641,5135,,,-3.742539882659912,,3.742539882659912,
642,5143,,,-3.8127784729003906,,3.8127784729003906,
643,5149,,,,-3.9614200592041016,,3.9614200592041016
643,5151,,,-3.792990207672119,,3.792990207672119,
644,5159,,,-3.7225453853607178,,3.7225453853607178,
645,5167,,,-3.797586441040039,,3.797586441040039,
646,5175,,,-4.062976837158203,,4.062976837158203,
647,5183,,,-3.8008663654327393,,3.8008663654327393,
648,5191,,,-3.772252321243286,,3.772252321243286,
649,5199,,,,-3.090646743774414,,3.090646743774414
649,5199,,,-3.826221466064453,,3.826221466064453,
650,5207,,,-3.773087978363037,,3.773087978363037,
651,5215,,,-3.8725061416625977,,3.8725061416625977,
652,5223,,,-3.7301816940307617,,3.7301816940307617,
653,5231,,,-3.7449519634246826,,3.7449519634246826,
654,5239,,,-3.81695818901062,,3.81695818901062,
655,5247,,,-3.6642210483551025,,3.6642210483551025,
656,5249,,,,-5.46389102935791,,5.46389102935791
656,5255,,,-3.696152687072754,,3.696152687072754,
657,5263,,,-3.7839629650115967,,3.7839629650115967,
658,5271,,,-3.729618787765503,,3.729618787765503,
659,5279,,,-3.766090154647827,,3.766090154647827,
660,5287,,,-4.067709922790527,,4.067709922790527,
661,5295,,,-3.9029409885406494,,3.9029409885406494,
662,5299,,,,-4.154973983764648,,4.154973983764648
662,5303,,,-3.8620336055755615,,3.8620336055755615,
663,5311,,,-3.7831614017486572,,3.7831614017486572,
664,5319,,,-3.7942402362823486,,3.7942402362823486,
665,5327,,,-3.8557803630828857,,3.8557803630828857,
666,5335,,,-3.9500839710235596,,3.9500839710235596,
667,5343,,,-3.8809070587158203,,3.8809070587158203,
668,5349,,,,-2.9869728088378906,,2.9869728088378906
668,5351,,,-3.7793850898742676,,3.7793850898742676,
669,5359,,,-3.7691030502319336,,3.7691030502319336,
670,5367,,,-3.739898920059204,,3.739898920059204,
671,5375,,,-3.8804492950439453,,3.8804492950439453,
672,5383,,,-3.938823938369751,,3.938823938369751,
673,5391,,,-3.7948625087738037,,3.7948625087738037,
674,5399,,,,-4.464321136474609,,4.464321136474609
674,5399,,,-3.9120211601257324,,3.9120211601257324,
675,5407,,,-3.969982147216797,,3.969982147216797,
676,5415,,,-4.056487560272217,,4.056487560272217,
677,5423,,,-3.9972305297851562,,3.9972305297851562,
678,5431,,,-3.819973945617676,,3.819973945617676,
679,5439,,,-3.9693973064422607,,3.9693973064422607,
680,5447,,,-4.027800559997559,,4.027800559997559,
681,5449,,,,-3.939145088195801,,3.939145088195801
681,5455,,,-3.840963363647461,,3.840963363647461,
682,5463,,,-3.793304681777954,,3.793304681777954,
683,5471,,,-3.734753131866455,,3.734753131866455,
684,5479,,,-3.9362659454345703,,3.9362659454345703,
685,5487,,,-4.007055282592773,,4.007055282592773,
686,5495,,,-3.8574793338775635,,3.8574793338775635,
687,5499,,,,-4.880640983581543,,4.880640983581543
687,5503,,,-3.7653656005859375,,3.7653656005859375,
688,5511,,,-3.823033094406128,,3.823033094406128,
689,5519,,,-3.9261538982391357,,3.9261538982391357,
690,5527,,,-3.9031214714050293,,3.9031214714050293,
691,5535,,,-3.8216006755828857,,3.8216006755828857,
692,5543,,,-3.9386026859283447,,3.9386026859283447,
693,5549,,,,-3.317551612854004,,3.317551612854004
693,5551,,,-3.9620585441589355,,3.9620585441589355,
694,5559,,,-3.809908151626587,,3.809908151626587,
695,5567,,,-3.868670701980591,,3.868670701980591,
696,5575,,,-3.924071788787842,,3.924071788787842,
697,5583,,,-4.00124979019165,,4.00124979019165,
698,5591,,,-3.8684241771698,,3.8684241771698,
699,5599,,,,-2.8857622146606445,,2.8857622146606445
699,5599,,,-3.8700008392333984,,3.8700008392333984,
700,5607,,,-4.089759349822998,,4.089759349822998,
701,5615,,,-4.02568244934082,,4.02568244934082,
702,5623,,,-3.808873414993286,,3.808873414993286,
703,5631,,,-3.900639533996582,,3.900639533996582,
704,5639,,,-3.8793725967407227,,3.8793725967407227,
705,5647,,,-3.8370492458343506,,3.8370492458343506,
706,5649,,,,-4.5181427001953125,,4.5181427001953125
706,5655,,,-3.872847318649292,,3.872847318649292,
707,5663,,,-3.953566789627075,,3.953566789627075,
708,5671,,,-4.083960056304932,,4.083960056304932,
709,5679,,,-3.9391305446624756,,3.9391305446624756,
710,5687,,,-3.9649176597595215,,3.9649176597595215,
711,5695,,,-3.831843376159668,,3.831843376159668,
712,5699,,,,-4.020546913146973,,4.020546913146973
712,5703,,,-4.049947738647461,,4.049947738647461,
713,5711,,,-3.959160089492798,,3.959160089492798,
714,5719,,,-3.877689838409424,,3.877689838409424,
715,5727,,,-3.7891342639923096,,3.7891342639923096,
716,5735,,,-3.8813300132751465,,3.8813300132751465,
717,5743,,,-3.9882235527038574,,3.9882235527038574,
718,5749,,,,-3.6961679458618164,,3.6961679458618164
718,5751,,,-3.9278743267059326,,3.9278743267059326,
719,5759,,,-3.969139814376831,,3.969139814376831,
720,5767,,,-3.9149258136749268,,3.9149258136749268,
721,5775,,,-3.981326103210449,,3.981326103210449,
722,5783,,,-4.172666549682617,,4.172666549682617,
723,5791,,,-3.8904640674591064,,3.8904640674591064,
724,5799,,,,-4.1423540115356445,,4.1423540115356445
724,5799,,,-3.999016523361206,,3.999016523361206,
725,5807,,,-4.072517395019531,,4.072517395019531,
726,5815,,,-3.9683241844177246,,3.9683241844177246,
727,5823,,,-3.8252499103546143,,3.8252499103546143,
728,5831,,,-3.9237351417541504,,3.9237351417541504,
729,5839,,,-3.9819746017456055,,3.9819746017456055,
730,5847,,,-3.989647626876831,,3.989647626876831,
731,5849,,,,-5.137094497680664,,5.137094497680664
731,5855,,,-4.011699676513672,,4.011699676513672,
732,5863,,,-4.016311168670654,,4.016311168670654,
733,5871,,,-4.099198341369629,,4.099198341369629,
734,5879,,,-4.166707992553711,,4.166707992553711,
735,5887,,,-4.07066535949707,,4.07066535949707,
736,5895,,,-3.917241096496582,,3.917241096496582,
737,5899,,,,-3.684849739074707,,3.684849739074707
737,5903,,,-4.063743591308594,,4.063743591308594,
738,5911,,,-3.9860899448394775,,3.9860899448394775,
739,5919,,,-3.926743745803833,,3.926743745803833,
740,5927,,,-3.931976079940796,,3.931976079940796,
741,5935,,,-3.9596922397613525,,3.9596922397613525,
742,5943,,,-4.094366550445557,,4.094366550445557,
743,5949,,,,-3.3287181854248047,,3.3287181854248047
743,5951,,,-4.241636753082275,,4.241636753082275,
744,5959,,,-3.9988527297973633,,3.9988527297973633,
745,5967,,,-3.9921233654022217,,3.9921233654022217,
746,5975,,,-4.038622856140137,,4.038622856140137,
747,5983,,,-3.9441113471984863,,3.9441113471984863,
748,5991,,,-4.090836524963379,,4.090836524963379,
749,5999,,,,-4.276714324951172,,4.276714324951172
749,5999,,,-4.040436267852783,,4.040436267852783,
750,6007,,,-3.960183620452881,,3.960183620452881,
751,6015,,,-4.028738498687744,,4.028738498687744,
752,6023,,,-3.9260075092315674,,3.9260075092315674,
753,6031,,,-3.98846173286438,,3.98846173286438,
754,6039,,,-3.941901922225952,,3.941901922225952,
755,6047,,,-4.047904968261719,,4.047904968261719,
756,6049,,,,-4.339691162109375,,4.339691162109375
756,6055,,,-4.007196426391602,,4.007196426391602,
757,6063,,,-4.233817100524902,,4.233817100524902,
758,6071,,,-4.1561150550842285,,4.1561150550842285,
759,6079,,,-4.127869606018066,,4.127869606018066,
760,6087,,,-4.014026641845703,,4.014026641845703,
761,6095,,,-4.070159435272217,,4.070159435272217,
762,6099,,,,-3.8250579833984375,,3.8250579833984375
762,6103,,,-4.034706115722656,,4.034706115722656,
763,6111,,,-3.818568468093872,,3.818568468093872,
764,6119,,,-4.159331798553467,,4.159331798553467,
765,6127,,,-4.134636878967285,,4.134636878967285,
766,6135,,,-4.227367401123047,,4.227367401123047,
767,6143,,,-3.999420404434204,,3.999420404434204,
768,6149,,,,-4.976997375488281,,4.976997375488281
768,6151,,,-4.205253601074219,,4.205253601074219,
769,6159,,,-3.994746208190918,,3.994746208190918,
770,6167,,,-4.045506954193115,,4.045506954193115,
771,6175,,,-4.141875743865967,,4.141875743865967,
772,6183,,,-3.9877140522003174,,3.9877140522003174,
773,6191,,,-4.113393306732178,,4.113393306732178,
774,6199,,,,-2.8101377487182617,,2.8101377487182617
774,6199,,,-4.256646156311035,,4.256646156311035,
775,6207,,,-4.06119441986084,,4.06119441986084,
776,6215,,,-4.066384315490723,,4.066384315490723,
777,6223,,,-4.1492533683776855,,4.1492533683776855,
778,6231,,,-4.187063217163086,,4.187063217163086,
779,6239,,,-4.118409156799316,,4.118409156799316,
780,6247,,,-4.207025527954102,,4.207025527954102,
781,6249,,,,-3.524937629699707,,3.524937629699707
781,6255,,,-4.102302074432373,,4.102302074432373,
782,6263,,,-3.9893710613250732,,3.9893710613250732,
783,6271,,,-4.074582576751709,,4.074582576751709,
784,6279,,,-4.312137603759766,,4.312137603759766,
785,6287,,,-4.108641624450684,,4.108641624450684,
786,6295,,,-4.011560916900635,,4.011560916900635,
787,6299,,,,-3.9128599166870117,,3.9128599166870117
787,6303,,,-4.1141438484191895,,4.1141438484191895,
788,6311,,,-4.070653915405273,,4.070653915405273,
789,6319,,,-4.0485992431640625,,4.0485992431640625,
790,6327,,,-4.1553850173950195,,4.1553850173950195,
791,6335,,,-4.099414348602295,,4.099414348602295,
792,6343,,,-4.141230583190918,,4.141230583190918,
793,6349,,,,-3.1512889862060547,,3.1512889862060547
793,6351,,,-4.277348041534424,,4.277348041534424,
794,6359,,,-4.333839416503906,,4.333839416503906,
795,6367,,,-4.085431098937988,,4.085431098937988,
796,6375,,,-4.248660087585449,,4.248660087585449,
797,6383,,,-4.120743274688721,,4.120743274688721,
798,6391,,,-4.274206161499023,,4.274206161499023,
799,6399,,,,-3.8483171463012695,,3.8483171463012695
799,6399,,,-4.295806884765625,,4.295806884765625,
800,6407,,,-4.095417499542236,,4.095417499542236,
801,6415,,,-4.309744358062744,,4.309744358062744,
802,6423,,,-4.180601596832275,,4.180601596832275,
803,6431,,,-4.198848247528076,,4.198848247528076,
804,6439,,,-4.258721351623535,,4.258721351623535,
805,6447,,,-3.9338366985321045,,3.9338366985321045,
806,6449,,,,-3.875864028930664,,3.875864028930664
806,6455,,,-4.0411295890808105,,4.0411295890808105,
807,6463,,,-4.069876670837402,,4.069876670837402,
808,6471,,,-4.328193664550781,,4.328193664550781,
809,6479,,,-4.158295154571533,,4.158295154571533,
810,6487,,,-4.121072769165039,,4.121072769165039,
811,6495,,,-4.371434211730957,,4.371434211730957,
812,6499,,,,-3.7214479446411133,,3.7214479446411133
812,6503,,,-4.022752285003662,,4.022752285003662,
813,6511,,,-4.258044719696045,,4.258044719696045,
814,6519,,,-4.149674415588379,,4.149674415588379,
815,6527,,,-4.253047466278076,,4.253047466278076,
816,6535,,,-4.008749008178711,,4.008749008178711,
817,6543,,,-3.941474676132202,,3.941474676132202,
818,6549,,,,-3.7186203002929688,,3.7186203002929688
818,6551,,,-4.194097995758057,,4.194097995758057,
819,6559,,,-4.216423034667969,,4.216423034667969,
820,6567,,,-4.2875261306762695,,4.2875261306762695,
821,6575,,,-4.166387557983398,,4.166387557983398,
822,6583,,,-4.13930082321167,,4.13930082321167,
823,6591,,,-4.305227279663086,,4.305227279663086,
824,6599,,,,-3.854641914367676,,3.854641914367676
824,6599,,,-4.180900573730469,,4.180900573730469,
825,6607,,,-4.154481410980225,,4.154481410980225,
826,6615,,,-4.150410175323486,,4.150410175323486,
827,6623,,,-4.164969444274902,,4.164969444274902,
828,6631,,,-4.272161483764648,,4.272161483764648,
829,6639,,,-4.097289085388184,,4.097289085388184,
830,6647,,,-4.209201335906982,,4.209201335906982,
831,6649,,,,-3.5945825576782227,,3.5945825576782227
831,6655,,,-4.063268184661865,,4.063268184661865,
832,6663,,,-4.0380940437316895,,4.0380940437316895,
833,6671,,,-4.157620906829834,,4.157620906829834,
834,6679,,,-4.363609313964844,,4.363609313964844,
835,6687,,,-4.298336982727051,,4.298336982727051,
836,6695,,,-4.052454948425293,,4.052454948425293,
837,6699,,,,-4.681369781494141,,4.681369781494141
837,6703,,,-4.229977130889893,,4.229977130889893,
838,6711,,,-4.2518792152404785,,4.2518792152404785,
839,6719,,,-4.167215824127197,,4.167215824127197,
840,6727,,,-4.109027862548828,,4.109027862548828,
841,6735,,,-4.27310848236084,,4.27310848236084,
842,6743,,,-4.216612815856934,,4.216612815856934,
843,6749,,,,-3.8342905044555664,,3.8342905044555664
843,6751,,,-4.1786603927612305,,4.1786603927612305,
844,6759,,,-4.062088489532471,,4.062088489532471,
845,6767,,,-4.3665008544921875,,4.3665008544921875,
846,6775,,,-4.223271369934082,,4.223271369934082,
847,6783,,,-4.018680095672607,,4.018680095672607,
848,6791,,,-4.282293796539307,,4.282293796539307,
849,6799,,,,-3.613265037536621,,3.613265037536621
849,6799,,,-4.225665092468262,,4.225665092468262,
850,6807,,,-4.280337333679199,,4.280337333679199,
851,6815,,,-4.351738929748535,,4.351738929748535,
852,6823,,,-4.336342811584473,,4.336342811584473,
853,6831,,,-4.1118927001953125,,4.1118927001953125,
854,6839,,,-4.362303256988525,,4.362303256988525,
855,6847,,,-4.269038200378418,,4.269038200378418,
856,6849,,,,-5.149214744567871,,5.149214744567871
856,6855,,,-4.220188140869141,,4.220188140869141,
857,6863,,,-4.248763561248779,,4.248763561248779,
858,6871,,,-4.293756484985352,,4.293756484985352,
859,6879,,,-4.438681602478027,,4.438681602478027,
860,6887,,,-4.253750801086426,,4.253750801086426,
861,6895,,,-4.3349809646606445,,4.3349809646606445,
862,6899,,,,-4.03415584564209,,4.03415584564209
862,6903,,,-4.054143905639648,,4.054143905639648,
863,6911,,,-4.227704048156738,,4.227704048156738,
864,6919,,,-4.365429878234863,,4.365429878234863,
865,6927,,,-4.185861587524414,,4.185861587524414,
866,6935,,,-4.316963195800781,,4.316963195800781,
867,6943,,,-4.425105571746826,,4.425105571746826,
868,6949,,,,-3.9576072692871094,,3.9576072692871094
868,6951,,,-4.366095542907715,,4.366095542907715,
869,6959,,,-4.217658042907715,,4.217658042907715,
870,6967,,,-4.232798099517822,,4.232798099517822,
871,6975,,,-4.125760555267334,,4.125760555267334,
872,6983,,,-4.359274864196777,,4.359274864196777,
873,6991,,,-4.257822513580322,,4.257822513580322,
874,6999,,,,-4.328387260437012,,4.328387260437012
874,6999,,,-4.390646457672119,,4.390646457672119,
875,7007,,,-4.088503360748291,,4.088503360748291,
876,7015,,,-4.269934177398682,,4.269934177398682,
877,7023,,,-4.350911617279053,,4.350911617279053,
878,7031,,,-4.17373514175415,,4.17373514175415,
879,7039,,,-4.3008904457092285,,4.3008904457092285,
880,7047,,,-4.320742130279541,,4.320742130279541,
881,7049,,,,-4.274970054626465,,4.274970054626465
881,7055,,,-4.324048042297363,,4.324048042297363,
882,7063,,,-4.31177282333374,,4.31177282333374,
883,7071,,,-4.294254302978516,,4.294254302978516,
884,7079,,,-4.314815998077393,,4.314815998077393,
885,7087,,,-4.29688835144043,,4.29688835144043,
886,7095,,,-4.38760232925415,,4.38760232925415,
887,7099,,,,-5.375087738037109,,5.375087738037109
887,7103,,,-4.422436237335205,,4.422436237335205,
888,7111,,,-4.539238452911377,,4.539238452911377,
889,7119,,,-4.497497081756592,,4.497497081756592,
890,7127,,,-4.397434234619141,,4.397434234619141,
891,7135,,,-4.120967388153076,,4.120967388153076,
892,7143,,,-4.352438449859619,,4.352438449859619,
893,7149,,,,-5.364762306213379,,5.364762306213379
893,7151,,,-4.304568767547607,,4.304568767547607,
894,7159,,,-4.520829677581787,,4.520829677581787,
895,7167,,,-4.328942775726318,,4.328942775726318,
896,7175,,,-4.371284484863281,,4.371284484863281,
897,7183,,,-4.423282623291016,,4.423282623291016,
898,7191,,,-4.3191728591918945,,4.3191728591918945,
899,7199,,,,-3.672846794128418,,3.672846794128418
899,7199,,,-4.17334508895874,,4.17334508895874,
900,7207,,,-4.311463832855225,,4.311463832855225,
901,7215,,,-4.537158489227295,,4.537158489227295,
902,7223,,,-4.250454425811768,,4.250454425811768,
903,7231,,,-4.42262601852417,,4.42262601852417,
904,7239,,,-4.243143558502197,,4.243143558502197,
905,7247,,,-4.187546730041504,,4.187546730041504,
906,7249,,,,-4.199638366699219,,4.199638366699219
906,7255,,,-4.379450798034668,,4.379450798034668,
907,7263,,,-4.282165050506592,,4.282165050506592,
908,7271,,,-4.257560729980469,,4.257560729980469,
909,7279,,,-4.446225643157959,,4.446225643157959,
910,7287,,,-4.240079402923584,,4.240079402923584,
911,7295,,,-4.4438700675964355,,4.4438700675964355,
912,7299,,,,-4.51799201965332,,4.51799201965332
912,7303,,,-4.448932647705078,,4.448932647705078,
913,7311,,,-4.34013032913208,,4.34013032913208,
914,7319,,,-4.506870269775391,,4.506870269775391,
915,7327,,,-4.185038089752197,,4.185038089752197,
916,7335,,,-4.432304382324219,,4.432304382324219,
917,7343,,,-4.229720115661621,,4.229720115661621,
918,7349,,,,-4.900056838989258,,4.900056838989258
918,7351,,,-4.4970245361328125,,4.4970245361328125,
919,7359,,,-4.297031402587891,,4.297031402587891,
920,7367,,,-4.250409126281738,,4.250409126281738,
921,7375,,,-4.52882194519043,,4.52882194519043,
922,7383,,,-4.198385715484619,,4.198385715484619,
923,7391,,,-4.371038913726807,,4.371038913726807,
924,7399,,,,-4.268606185913086,,4.268606185913086
924,7399,,,-4.453437328338623,,4.453437328338623,
925,7407,,,-4.556280136108398,,4.556280136108398,
926,7415,,,-4.566258430480957,,4.566258430480957,
927,7423,,,-4.614864826202393,,4.614864826202393,
928,7431,,,-4.41749382019043,,4.41749382019043,
929,7439,,,-4.313693523406982,,4.313693523406982,
930,7447,,,-4.462111949920654,,4.462111949920654,
931,7449,,,,-4.446161270141602,,4.446161270141602
931,7455,,,-4.244724750518799,,4.244724750518799,
932,7463,,,-4.5493059158325195,,4.5493059158325195,
933,7471,,,-4.379791736602783,,4.379791736602783,
934,7479,,,-4.481078147888184,,4.481078147888184,
935,7487,,,-4.549991130828857,,4.549991130828857,
936,7495,,,-4.320642471313477,,4.320642471313477,
937,7499,,,,-4.104669570922852,,4.104669570922852
937,7503,,,-4.374688625335693,,4.374688625335693,
938,7511,,,-4.676655292510986,,4.676655292510986,
939,7519,,,-4.502065181732178,,4.502065181732178,
940,7527,,,-4.38259220123291,,4.38259220123291,
941,7535,,,-4.4658355712890625,,4.4658355712890625,
942,7543,,,-4.423776626586914,,4.423776626586914,
943,7549,,,,-4.566462516784668,,4.566462516784668
943,7551,,,-4.377686023712158,,4.377686023712158,
944,7559,,,-4.2802414894104,,4.2802414894104,
945,7567,,,-4.493377208709717,,4.493377208709717,
946,7575,,,-4.263040065765381,,4.263040065765381,
947,7583,,,-4.44984769821167,,4.44984769821167,
948,7591,,,-4.396772861480713,,4.396772861480713,
949,7599,,,,-4.4945783615112305,,4.4945783615112305
949,7599,,,-4.363916397094727,,4.363916397094727,
950,7607,,,-4.437054634094238,,4.437054634094238,
951,7615,,,-4.431559085845947,,4.431559085845947,
952,7623,,,-4.4265875816345215,,4.4265875816345215,
953,7631,,,-4.454212665557861,,4.454212665557861,
954,7639,,,-4.949706554412842,,4.949706554412842,
955,7647,,,-4.491888046264648,,4.491888046264648,
956,7649,,,,-4.684774398803711,,4.684774398803711
956,7655,,,-4.377429485321045,,4.377429485321045,
957,7663,,,-4.452662944793701,,4.452662944793701,
958,7671,,,-4.354495525360107,,4.354495525360107,
959,7679,,,-4.4408769607543945,,4.4408769607543945,
960,7687,,,-4.405246734619141,,4.405246734619141,
961,7695,,,-4.493287563323975,,4.493287563323975,
962,7699,,,,-4.26090145111084,,4.26090145111084
962,7703,,,-4.47114896774292,,4.47114896774292,
963,7711,,,-4.709625720977783,,4.709625720977783,
964,7719,,,-4.388545513153076,,4.388545513153076,
965,7727,,,-4.319056987762451,,4.319056987762451,
966,7735,,,-4.329607963562012,,4.329607963562012,
967,7743,,,-4.4776763916015625,,4.4776763916015625,
968,7749,,,,-4.927182197570801,,4.927182197570801
968,7751,,,-4.4875664710998535,,4.4875664710998535,
969,7759,,,-4.690876007080078,,4.690876007080078,
970,7767,,,-4.492238521575928,,4.492238521575928,
971,7775,,,-4.498129367828369,,4.498129367828369,
972,7783,,,-4.611444473266602,,4.611444473266602,
973,7791,,,-4.362560272216797,,4.362560272216797,
974,7799,,,,-4.726310729980469,,4.726310729980469
974,7799,,,-4.704517364501953,,4.704517364501953,
975,7807,,,-4.5102009773254395,,4.5102009773254395,
976,7815,,,-4.561084270477295,,4.561084270477295,
977,7823,,,-4.571540832519531,,4.571540832519531,
978,7831,,,-4.549792766571045,,4.549792766571045,
979,7839,,,-4.496420860290527,,4.496420860290527,
980,7847,,,-4.485645294189453,,4.485645294189453,
981,7849,,,,-4.477082252502441,,4.477082252502441
981,7855,,,-4.676318168640137,,4.676318168640137,
982,7863,,,-4.628898620605469,,4.628898620605469,
983,7871,,,-4.61190128326416,,4.61190128326416,
984,7879,,,-4.530227184295654,,4.530227184295654,
985,7887,,,-4.656541347503662,,4.656541347503662,
986,7895,,,-4.542598724365234,,4.542598724365234,
987,7899,,,,-4.47730827331543,,4.47730827331543
987,7903,,,-4.518773555755615,,4.518773555755615,
988,7911,,,-4.405939102172852,,4.405939102172852,
989,7919,,,-4.537937641143799,,4.537937641143799,
990,7927,,,-4.540727138519287,,4.540727138519287,
991,7935,,,-4.442498207092285,,4.442498207092285,
992,7943,,,-4.393287658691406,,4.393287658691406,
993,7949,,,,-3.6951494216918945,,3.6951494216918945
993,7951,,,-4.749517440795898,,4.749517440795898,
994,7959,,,-4.641928672790527,,4.641928672790527,
995,7967,,,-4.641329288482666,,4.641329288482666,
996,7975,,,-4.531322002410889,,4.531322002410889,
997,7983,,,-4.59226655960083,,4.59226655960083,
998,7991,,,-4.500246524810791,,4.500246524810791,
999,7999,,,,-4.427807807922363,,4.427807807922363
999,7999,,,-4.504921913146973,,4.504921913146973,
1000,8007,,,-4.734696865081787,,4.734696865081787,
1001,8015,,,-4.5110321044921875,,4.5110321044921875,
1002,8023,,,-4.3930463790893555,,4.3930463790893555,
1003,8031,,,-4.582382678985596,,4.582382678985596,
1004,8039,,,-4.552463054656982,,4.552463054656982,
1005,8047,,,-4.389863967895508,,4.389863967895508,
1006,8049,,,,-4.290616035461426,,4.290616035461426
1006,8055,,,-4.60928201675415,,4.60928201675415,
1007,8063,,,-4.642319202423096,,4.642319202423096,
1008,8071,,,-4.672444820404053,,4.672444820404053,
1009,8079,,,-4.517953395843506,,4.517953395843506,
1010,8087,,,-4.459943771362305,,4.459943771362305,
1011,8095,,,-4.546775817871094,,4.546775817871094,
1012,8099,,,,-5.891530990600586,,5.891530990600586
1012,8103,,,-4.599268913269043,,4.599268913269043,
1013,8111,,,-4.810809135437012,,4.810809135437012,
1014,8119,,,-4.386375427246094,,4.386375427246094,
1015,8127,,,-4.411304473876953,,4.411304473876953,
1016,8135,,,-4.5396342277526855,,4.5396342277526855,
1017,8143,,,-4.824966907501221,,4.824966907501221,
1018,8149,,,,-5.842785835266113,,5.842785835266113
1018,8151,,,-4.84397029876709,,4.84397029876709,
1019,8159,,,-4.725280284881592,,4.725280284881592,
1020,8167,,,-4.442009925842285,,4.442009925842285,
1021,8175,,,-4.573831081390381,,4.573831081390381,
1022,8183,,,-4.504847049713135,,4.504847049713135,
1023,8191,,,-4.587276935577393,,4.587276935577393,
1024,8199,,,,-4.589017868041992,,4.589017868041992
1024,8199,,,-4.692076683044434,,4.692076683044434,
1025,8207,,,-4.665987491607666,,4.665987491607666,
1026,8215,,,-4.594168186187744,,4.594168186187744,
1027,8223,,,-4.624105453491211,,4.624105453491211,
1028,8231,,,-4.58694314956665,,4.58694314956665,
1029,8239,,,-4.870950698852539,,4.870950698852539,
1030,8247,,,-4.6834516525268555,,4.6834516525268555,
1031,8249,,,,-4.194659233093262,,4.194659233093262
1031,8255,,,-4.6515045166015625,,4.6515045166015625,
1032,8263,,,-4.6285786628723145,,4.6285786628723145,
1033,8271,,,-4.63360071182251,,4.63360071182251,
1034,8279,,,-4.626176357269287,,4.626176357269287,
1035,8287,,,-4.48975133895874,,4.48975133895874,
1036,8295,,,-4.729399681091309,,4.729399681091309,
1037,8299,,,,-5.5421037673950195,,5.5421037673950195
1037,8303,,,-4.549984931945801,,4.549984931945801,
1038,8311,,,-4.657735347747803,,4.657735347747803,
1039,8319,,,-4.70266056060791,,4.70266056060791,
1040,8327,,,-4.489723205566406,,4.489723205566406,
1041,8335,,,-4.630796432495117,,4.630796432495117,
1042,8343,,,-4.573284149169922,,4.573284149169922,
1043,8349,,,,-4.274442672729492,,4.274442672729492
1043,8351,,,-4.929623603820801,,4.929623603820801,
1044,8359,,,-4.613609790802002,,4.613609790802002,
1045,8367,,,-4.638822555541992,,4.638822555541992,
1046,8375,,,-4.57711124420166,,4.57711124420166,
1047,8383,,,-4.643653869628906,,4.643653869628906,
1048,8391,,,-4.5148515701293945,,4.5148515701293945,
1049,8399,,,,-4.3227128982543945,,4.3227128982543945
1049,8399,,,-4.726118564605713,,4.726118564605713,
1050,8407,,,-4.574256896972656,,4.574256896972656,
1051,8415,,,-4.719334602355957,,4.719334602355957,
1052,8423,,,-4.628040790557861,,4.628040790557861,
1053,8431,,,-4.6051225662231445,,4.6051225662231445,
1054,8439,,,-4.673004627227783,,4.673004627227783,
1055,8447,,,-4.481709957122803,,4.481709957122803,
1056,8449,,,,-5.185070037841797,,5.185070037841797
1056,8455,,,-4.472022533416748,,4.472022533416748,
1057,8463,,,-4.729687690734863,,4.729687690734863,
1058,8471,,,-4.748064041137695,,4.748064041137695,
1059,8479,,,-4.752839088439941,,4.752839088439941,
1060,8487,,,-4.785824775695801,,4.785824775695801,
1061,8495,,,-4.757254123687744,,4.757254123687744,
1062,8499,,,,-4.94466495513916,,4.94466495513916
1062,8503,,,-4.612557888031006,,4.612557888031006,
1063,8511,,,-4.67501163482666,,4.67501163482666,
1064,8519,,,-4.894171714782715,,4.894171714782715,
1065,8527,,,-4.823826313018799,,4.823826313018799,
1066,8535,,,-4.500382900238037,,4.500382900238037,
1067,8543,,,-4.669404029846191,,4.669404029846191,
1068,8549,,,,-4.5287675857543945,,4.5287675857543945
1068,8551,,,-4.493549823760986,,4.493549823760986,
1069,8559,,,-4.831127643585205,,4.831127643585205,
1070,8567,,,-4.879368782043457,,4.879368782043457,
1071,8575,,,-4.639100074768066,,4.639100074768066,
1072,8583,,,-5.138689994812012,,5.138689994812012,
1073,8591,,,-4.670861721038818,,4.670861721038818,
1074,8599,,,,-5.394156455993652,,5.394156455993652
1074,8599,,,-4.787769317626953,,4.787769317626953,
1075,8607,,,-4.706474781036377,,4.706474781036377,
1076,8615,,,-4.8994622230529785,,4.8994622230529785,
1077,8623,,,-4.581759452819824,,4.581759452819824,
1078,8631,,,-4.700775623321533,,4.700775623321533,
1079,8639,,,-4.9613142013549805,,4.9613142013549805,
1080,8647,,,-4.667759418487549,,4.667759418487549,
1081,8649,,,,-4.794005393981934,,4.794005393981934
1081,8655,,,-4.631421089172363,,4.631421089172363,
1082,8663,,,-4.913912773132324,,4.913912773132324,
1083,8671,,,-4.757843017578125,,4.757843017578125,
1084,8679,,,-4.933289051055908,,4.933289051055908,
1085,8687,,,-4.667545318603516,,4.667545318603516,
1086,8695,,,-4.866352558135986,,4.866352558135986,
1087,8699,,,,-5.25533390045166,,5.25533390045166
1087,8703,,,-4.76150369644165,,4.76150369644165,
1088,8711,,,-4.6890153884887695,,4.6890153884887695,
1089,8719,,,-4.762825965881348,,4.762825965881348,
1090,8727,,,-4.804291248321533,,4.804291248321533,
1091,8735,,,-4.821451663970947,,4.821451663970947,
1092,8743,,,-4.708427906036377,,4.708427906036377,
1093,8749,,,,-4.76894474029541,,4.76894474029541
1093,8751,,,-4.691226005554199,,4.691226005554199,
1094,8759,,,-4.868651390075684,,4.868651390075684,
1095,8767,,,-4.8595805168151855,,4.8595805168151855,
1096,8775,,,-4.817155361175537,,4.817155361175537,
1097,8783,,,-4.788125038146973,,4.788125038146973,
1098,8791,,,-4.7090277671813965,,4.7090277671813965,
1099,8799,,,,-3.61435604095459,,3.61435604095459
1099,8799,,,-4.617270469665527,,4.617270469665527,
1100,8807,,,-4.757238864898682,,4.757238864898682,
1101,8815,,,-4.672757625579834,,4.672757625579834,
1102,8823,,,-4.802343368530273,,4.802343368530273,
1103,8831,,,-4.688752174377441,,4.688752174377441,
1104,8839,,,-4.649569034576416,,4.649569034576416,
1105,8847,,,-4.555278301239014,,4.555278301239014,
1106,8849,,,,-3.722078323364258,,3.722078323364258
1106,8855,,,-4.746396541595459,,4.746396541595459,
1107,8863,,,-4.755320072174072,,4.755320072174072,
1108,8871,,,-4.886681079864502,,4.886681079864502,
1109,8879,,,-4.985809803009033,,4.985809803009033,
1110,8887,,,-4.679599761962891,,4.679599761962891,
1111,8895,,,-4.782261848449707,,4.782261848449707,
1112,8899,,,,-4.896918296813965,,4.896918296813965
1112,8903,,,-4.92510461807251,,4.92510461807251,
1113,8911,,,-4.812994003295898,,4.812994003295898,
1114,8919,,,-4.842225074768066,,4.842225074768066,
1115,8927,,,-4.741664886474609,,4.741664886474609,
1116,8935,,,-4.77949857711792,,4.77949857711792,
1117,8943,,,-4.781548023223877,,4.781548023223877,
1118,8949,,,,-4.203411102294922,,4.203411102294922
1118,8951,,,-4.812519550323486,,4.812519550323486,
1119,8959,,,-4.941821098327637,,4.941821098327637,
1120,8967,,,-4.757020950317383,,4.757020950317383,
1121,8975,,,-4.808488845825195,,4.808488845825195,
1122,8983,,,-4.670104026794434,,4.670104026794434,
1123,8991,,,-4.919092178344727,,4.919092178344727,
1124,8999,,,,-6.573087692260742,,6.573087692260742
1124,8999,,,-5.003488063812256,,5.003488063812256,
1125,9007,,,-4.863809108734131,,4.863809108734131,
1126,9015,,,-4.814507007598877,,4.814507007598877,
1127,9023,,,-4.612869739532471,,4.612869739532471,
1128,9031,,,-4.727483749389648,,4.727483749389648,
1129,9039,,,-4.935353755950928,,4.935353755950928,
1130,9047,,,-4.680972099304199,,4.680972099304199,
1131,9049,,,,-4.742558479309082,,4.742558479309082
1131,9055,,,-4.8844475746154785,,4.8844475746154785,
1132,9063,,,-4.977044582366943,,4.977044582366943,
1133,9071,,,-4.797584533691406,,4.797584533691406,
1134,9079,,,-4.762558460235596,,4.762558460235596,
1135,9087,,,-5.102088451385498,,5.102088451385498,
1136,9095,,,-4.936947822570801,,4.936947822570801,
1137,9099,,,,-4.826044082641602,,4.826044082641602
1137,9103,,,-5.0408782958984375,,5.0408782958984375,
1138,9111,,,-5.064359664916992,,5.064359664916992,
1139,9119,,,-4.910719871520996,,4.910719871520996,
1140,9127,,,-4.838077545166016,,4.838077545166016,
1141,9135,,,-4.868216037750244,,4.868216037750244,
1142,9143,,,-4.67855978012085,,4.67855978012085,
1143,9149,,,,-4.325222969055176,,4.325222969055176
1143,9151,,,-4.918405532836914,,4.918405532836914,
1144,9159,,,-4.95553731918335,,4.95553731918335,
1145,9167,,,-4.993535995483398,,4.993535995483398,
1146,9175,,,-4.97321081161499,,4.97321081161499,
1147,9183,,,-4.959366798400879,,4.959366798400879,
1148,9191,,,-5.157620906829834,,5.157620906829834,
1149,9199,,,,-5.5153703689575195,,5.5153703689575195
1149,9199,,,-4.970902919769287,,4.970902919769287,
1150,9207,,,-4.815512657165527,,4.815512657165527,
1151,9215,,,-4.917074203491211,,4.917074203491211,
1152,9223,,,-4.979160308837891,,4.979160308837891,
1153,9231,,,-5.259668827056885,,5.259668827056885,
1154,9239,,,-4.719197750091553,,4.719197750091553,
1155,9247,,,-4.870939254760742,,4.870939254760742,
1156,9249,,,,-3.7182178497314453,,3.7182178497314453
1156,9255,,,-5.034900665283203,,5.034900665283203,
1157,9263,,,-5.055785179138184,,5.055785179138184,
1158,9271,,,-4.959968566894531,,4.959968566894531,
1159,9279,,,-4.835009574890137,,4.835009574890137,
1160,9287,,,-4.962859153747559,,4.962859153747559,
1161,9295,,,-4.865836143493652,,4.865836143493652,
1162,9299,,,,-3.6838464736938477,,3.6838464736938477
1162,9303,,,-4.782126426696777,,4.782126426696777,
1163,9311,,,-4.919834136962891,,4.919834136962891,
1164,9319,,,-4.982968330383301,,4.982968330383301,
1165,9327,,,-4.97888708114624,,4.97888708114624,
1166,9335,,,-5.055172443389893,,5.055172443389893,
1167,9343,,,-4.929295539855957,,4.929295539855957,
1168,9349,,,,-4.593932151794434,,4.593932151794434
1168,9351,,,-4.815506458282471,,4.815506458282471,
1169,9359,,,-4.958455562591553,,4.958455562591553,
1170,9367,,,-5.00979471206665,,5.00979471206665,
1171,9375,,,-4.720927715301514,,4.720927715301514,
1172,9383,,,-4.9991888999938965,,4.9991888999938965,
1173,9391,,,-4.83280611038208,,4.83280611038208,
1174,9399,,,,-4.1742658615112305,,4.1742658615112305
1174,9399,,,-5.204931259155273,,5.204931259155273,
1175,9407,,,-4.851107597351074,,4.851107597351074,
1176,9415,,,-5.073111534118652,,5.073111534118652,
1177,9423,,,-4.848302364349365,,4.848302364349365,
1178,9431,,,-4.952088356018066,,4.952088356018066,
1179,9439,,,-5.079829216003418,,5.079829216003418,
1180,9447,,,-4.966550350189209,,4.966550350189209,
1181,9449,,,,-4.600399971008301,,4.600399971008301
1181,9455,,,-4.896273612976074,,4.896273612976074,
1182,9463,,,-4.919173717498779,,4.919173717498779,
1183,9471,,,-4.926036357879639,,4.926036357879639,
1184,9479,,,-5.091312408447266,,5.091312408447266,
1185,9487,,,-4.938414096832275,,4.938414096832275,
1186,9495,,,-4.928457260131836,,4.928457260131836,
1187,9499,,,,-4.920489311218262,,4.920489311218262
1187,9503,,,-4.860044479370117,,4.860044479370117,
1188,9511,,,-4.958797931671143,,4.958797931671143,
1189,9519,,,-4.824824333190918,,4.824824333190918,
1190,9527,,,-4.647819519042969,,4.647819519042969,
1191,9535,,,-4.9335618019104,,4.9335618019104,
1192,9543,,,-4.9462409019470215,,4.9462409019470215,
1193,9549,,,,-3.5760087966918945,,3.5760087966918945
1193,9551,,,-4.8838701248168945,,4.8838701248168945,
1194,9559,,,-5.229384422302246,,5.229384422302246,
1195,9567,,,-4.976066589355469,,4.976066589355469,
1196,9575,,,-4.972743988037109,,4.972743988037109,
1197,9583,,,-4.836382865905762,,4.836382865905762,
1198,9591,,,-4.9865217208862305,,4.9865217208862305,
1199,9599,,,,-4.723879814147949,,4.723879814147949
1199,9599,,,-4.6511149406433105,,4.6511149406433105,
1200,9607,,,-4.793479919433594,,4.793479919433594,
1201,9615,,,-5.088917255401611,,5.088917255401611,
1202,9623,,,-5.223098278045654,,5.223098278045654,
1203,9631,,,-5.058034896850586,,5.058034896850586,
1204,9639,,,-4.991028785705566,,4.991028785705566,
1205,9647,,,-5.00888729095459,,5.00888729095459,
1206,9649,,,,-5.160060882568359,,5.160060882568359
1206,9655,,,-4.896425724029541,,4.896425724029541,
1207,9663,,,-5.035306453704834,,5.035306453704834,
1208,9671,,,-4.987170219421387,,4.987170219421387,
1209,9679,,,-5.090141296386719,,5.090141296386719,
1210,9687,,,-5.102481842041016,,5.102481842041016,
1211,9695,,,-4.930965423583984,,4.930965423583984,
1212,9699,,,,-4.324207305908203,,4.324207305908203
1212,9703,,,-5.028115272521973,,5.028115272521973,
1213,9711,,,-5.22967529296875,,5.22967529296875,
1214,9719,,,-4.886667251586914,,4.886667251586914,
1215,9727,,,-4.826837062835693,,4.826837062835693,
1216,9735,,,-4.976016044616699,,4.976016044616699,
1217,9743,,,-5.0224456787109375,,5.0224456787109375,
1218,9749,,,,-6.094600677490234,,6.094600677490234
1218,9751,,,-5.282566070556641,,5.282566070556641,
1219,9759,,,-5.143402576446533,,5.143402576446533,
1220,9767,,,-4.977570533752441,,4.977570533752441,
1221,9775,,,-5.129646301269531,,5.129646301269531,
1222,9783,,,-4.969820022583008,,4.969820022583008,
1223,9791,,,-4.873452186584473,,4.873452186584473,
1224,9799,,,,-4.366216659545898,,4.366216659545898
1224,9799,,,-4.949057579040527,,4.949057579040527,
1225,9807,,,-4.845170497894287,,4.845170497894287,
1226,9815,,,-5.25486421585083,,5.25486421585083,
1227,9823,,,-4.975318431854248,,4.975318431854248,
1228,9831,,,-4.996179580688477,,4.996179580688477,
1229,9839,,,-5.133976459503174,,5.133976459503174,
1230,9847,,,-5.0622968673706055,,5.0622968673706055,
1231,9849,,,,-5.248299598693848,,5.248299598693848
1231,9855,,,-4.974787712097168,,4.974787712097168,
1232,9863,,,-5.191324234008789,,5.191324234008789,
1233,9871,,,-5.253532886505127,,5.253532886505127,
1234,9879,,,-5.036454200744629,,5.036454200744629,
1235,9887,,,-5.125905513763428,,5.125905513763428,
1236,9895,,,-5.442234516143799,,5.442234516143799,
1237,9899,,,,-5.407961845397949,,5.407961845397949
1237,9903,,,-4.7193779945373535,,4.7193779945373535,
1238,9911,,,-5.221460342407227,,5.221460342407227,
1239,9919,,,-5.110019207000732,,5.110019207000732,
1240,9927,,,-5.326225757598877,,5.326225757598877,
1241,9935,,,-5.040855884552002,,5.040855884552002,
1242,9943,,,-4.979047775268555,,4.979047775268555,
1243,9949,,,,-4.391407012939453,,4.391407012939453
1243,9951,,,-4.802025318145752,,4.802025318145752,
1244,9959,,,-4.97145938873291,,4.97145938873291,
1245,9967,,,-4.973787307739258,,4.973787307739258,
1246,9975,,,-4.96132755279541,,4.96132755279541,
1247,9983,,,-5.2615251541137695,,5.2615251541137695,
1248,9991,,,-5.133613109588623,,5.133613109588623,
1249,9999,,,,-4.603541374206543,,4.603541374206543
1249,9999,,,-5.0315704345703125,,5.0315704345703125,
1250,10007,,,-5.125566482543945,,5.125566482543945,
1251,10015,,,-5.2658257484436035,,5.2658257484436035,
1252,10023,,,-5.085066795349121,,5.085066795349121,
1253,10031,,,-5.110282897949219,,5.110282897949219,
1254,10039,,,-5.077633380889893,,5.077633380889893,
1255,10047,,,-5.081606388092041,,5.081606388092041,
1256,10049,,,,-5.576539039611816,,5.576539039611816
1256,10055,,,-4.9261345863342285,,4.9261345863342285,
1257,10063,,,-5.292555809020996,,5.292555809020996,
1258,10071,,,-5.283655643463135,,5.283655643463135,
1259,10079,,,-5.116929531097412,,5.116929531097412,
1260,10087,,,-5.239311695098877,,5.239311695098877,
1261,10095,,,-5.219310760498047,,5.219310760498047,
1262,10099,,,,-4.995915412902832,,4.995915412902832
1262,10103,,,-5.071585655212402,,5.071585655212402,
1263,10111,,,-5.052595138549805,,5.052595138549805,
1264,10119,,,-5.128471374511719,,5.128471374511719,
1265,10127,,,-5.027313232421875,,5.027313232421875,
1266,10135,,,-5.01304292678833,,5.01304292678833,
1267,10143,,,-5.054375171661377,,5.054375171661377,
1268,10149,,,,-4.387294769287109,,4.387294769287109
1268,10151,,,-5.245805740356445,,5.245805740356445,
1269,10159,,,-5.322818279266357,,5.322818279266357,
1270,10167,,,-5.240878105163574,,5.240878105163574,
1271,10175,,,-5.135915756225586,,5.135915756225586,
1272,10183,,,-5.164620876312256,,5.164620876312256,
1273,10191,,,-5.260741233825684,,5.260741233825684,
1274,10199,,,,-5.19354248046875,,5.19354248046875
1274,10199,,,-5.247110366821289,,5.247110366821289,
1275,10207,,,-5.251290798187256,,5.251290798187256,
1276,10215,,,-5.253383636474609,,5.253383636474609,
1277,10223,,,-5.172077178955078,,5.172077178955078,
1278,10231,,,-5.141165256500244,,5.141165256500244,
1279,10239,,,-4.990007400512695,,4.990007400512695,
1280,10247,,,-4.889889240264893,,4.889889240264893,
1281,10249,,,,-4.578325271606445,,4.578325271606445
1281,10255,,,-5.303768634796143,,5.303768634796143,
1282,10263,,,-5.325681209564209,,5.325681209564209,
1283,10271,,,-5.301912307739258,,5.301912307739258,
1284,10279,,,-5.275362491607666,,5.275362491607666,
1285,10287,,,-5.295853137969971,,5.295853137969971,
1286,10295,,,-5.151734828948975,,5.151734828948975,
1287,10299,,,,-4.890850067138672,,4.890850067138672
1287,10303,,,-5.069014072418213,,5.069014072418213,
1288,10311,,,-4.993529796600342,,4.993529796600342,
1289,10319,,,-5.034361362457275,,5.034361362457275,
1290,10327,,,-5.300446510314941,,5.300446510314941,
1291,10335,,,-5.202740669250488,,5.202740669250488,
1292,10343,,,-5.453370094299316,,5.453370094299316,
1293,10349,,,,-7.360507011413574,,7.360507011413574
1293,10351,,,-5.262419700622559,,5.262419700622559,
1294,10359,,,-5.114511966705322,,5.114511966705322,
1295,10367,,,-5.303945541381836,,5.303945541381836,
1296,10375,,,-5.281653881072998,,5.281653881072998,
1297,10383,,,-5.377420902252197,,5.377420902252197,
1298,10391,,,-5.254399299621582,,5.254399299621582,
1299,10399,,,,-3.4198760986328125,,3.4198760986328125
1299,10399,,,-5.274440288543701,,5.274440288543701,
1300,10407,,,-5.206282138824463,,5.206282138824463,
1301,10415,,,-5.29481840133667,,5.29481840133667,
1302,10423,,,-5.286060810089111,,5.286060810089111,
1303,10431,,,-5.216838836669922,,5.216838836669922,
1304,10439,,,-5.089804649353027,,5.089804649353027,
1305,10447,,,-5.429286956787109,,5.429286956787109,
1306,10449,,,,-5.779327392578125,,5.779327392578125
1306,10455,,,-5.136419296264648,,5.136419296264648,
1307,10463,,,-5.166538238525391,,5.166538238525391,
1308,10471,,,-5.283536911010742,,5.283536911010742,
1309,10479,,,-5.306864261627197,,5.306864261627197,
1310,10487,,,-5.237374782562256,,5.237374782562256,
1311,10495,,,-5.406219482421875,,5.406219482421875,
1312,10499,,,,-5.007801055908203,,5.007801055908203
1312,10503,,,-5.302854537963867,,5.302854537963867,
1313,10511,,,-5.168278217315674,,5.168278217315674,
1314,10519,,,-5.3423004150390625,,5.3423004150390625,
1315,10527,,,-5.446845531463623,,5.446845531463623,
1316,10535,,,-5.146111488342285,,5.146111488342285,
1317,10543,,,-5.1847243309021,,5.1847243309021,
1318,10549,,,,-5.929811477661133,,5.929811477661133
1318,10551,,,-5.146137714385986,,5.146137714385986,
1319,10559,,,-5.379443168640137,,5.379443168640137,
1320,10567,,,-5.307315349578857,,5.307315349578857,
1321,10575,,,-5.169803142547607,,5.169803142547607,
1322,10583,,,-5.173336505889893,,5.173336505889893,
1323,10591,,,-5.423908710479736,,5.423908710479736,
1324,10599,,,,-4.259194374084473,,4.259194374084473
1324,10599,,,-5.26483154296875,,5.26483154296875,
1325,10607,,,-5.202175140380859,,5.202175140380859,
1326,10615,,,-5.270902156829834,,5.270902156829834,
1327,10623,,,-5.270740032196045,,5.270740032196045,
1328,10631,,,-5.282137393951416,,5.282137393951416,
1329,10639,,,-5.2862548828125,,5.2862548828125,
1330,10647,,,-5.27507209777832,,5.27507209777832,
1331,10649,,,,-4.573882102966309,,4.573882102966309
1331,10655,,,-5.395789623260498,,5.395789623260498,
1332,10663,,,-5.303864002227783,,5.303864002227783,
1333,10671,,,-5.375880241394043,,5.375880241394043,
1334,10679,,,-5.401098251342773,,5.401098251342773,
1335,10687,,,-5.179814338684082,,5.179814338684082,
1336,10695,,,-5.066985130310059,,5.066985130310059,
1337,10699,,,,-5.038468360900879,,5.038468360900879
1337,10703,,,-5.370787143707275,,5.370787143707275,
1338,10711,,,-5.124224662780762,,5.124224662780762,
1339,10719,,,-5.19301176071167,,5.19301176071167,
1340,10727,,,-5.309759140014648,,5.309759140014648,
1341,10735,,,-5.019786834716797,,5.019786834716797,
1342,10743,,,-5.379125118255615,,5.379125118255615,
1343,10749,,,,-5.102313041687012,,5.102313041687012
1343,10751,,,-5.314147472381592,,5.314147472381592,
1344,10759,,,-5.287397861480713,,5.287397861480713,
1345,10767,,,-5.430797100067139,,5.430797100067139,
1346,10775,,,-5.463279724121094,,5.463279724121094,
1347,10783,,,-5.279932975769043,,5.279932975769043,
1348,10791,,,-5.4179911613464355,,5.4179911613464355,
1349,10799,,,,-4.4769086837768555,,4.4769086837768555
1349,10799,,,-5.430872440338135,,5.430872440338135,
1350,10807,,,-5.1548662185668945,,5.1548662185668945,
1351,10815,,,-5.359825611114502,,5.359825611114502,
1352,10823,,,-5.540123462677002,,5.540123462677002,
1353,10831,,,-5.167751312255859,,5.167751312255859,
1354,10839,,,-5.31859016418457,,5.31859016418457,
1355,10847,,,-5.465919017791748,,5.465919017791748,
1356,10849,,,,-5.287644386291504,,5.287644386291504
1356,10855,,,-5.458917140960693,,5.458917140960693,
1357,10863,,,-5.3337931632995605,,5.3337931632995605,
1358,10871,,,-5.334897041320801,,5.334897041320801,
1359,10879,,,-5.615866661071777,,5.615866661071777,
1360,10887,,,-5.231899738311768,,5.231899738311768,
1361,10895,,,-5.432065486907959,,5.432065486907959,
1362,10899,,,,-5.468622207641602,,5.468622207641602
1362,10903,,,-5.372076988220215,,5.372076988220215,
1363,10911,,,-5.284427165985107,,5.284427165985107,
1364,10919,,,-5.266764163970947,,5.266764163970947,
1365,10927,,,-5.183487892150879,,5.183487892150879,
1366,10935,,,-5.415059566497803,,5.415059566497803,
1367,10943,,,-5.3020830154418945,,5.3020830154418945,
1368,10949,,,,-5.635753631591797,,5.635753631591797
1368,10951,,,-5.777059555053711,,5.777059555053711,
1369,10959,,,-5.242112636566162,,5.242112636566162,
1370,10967,,,-5.349333763122559,,5.349333763122559,
1371,10975,,,-5.463673114776611,,5.463673114776611,
1372,10983,,,-5.477488040924072,,5.477488040924072,
1373,10991,,,-5.498049259185791,,5.498049259185791,
1374,10999,,,,-5.456884384155273,,5.456884384155273
1374,10999,,,-5.11049747467041,,5.11049747467041,
1375,11007,,,-5.401828289031982,,5.401828289031982,
1376,11015,,,-5.293948650360107,,5.293948650360107,
1377,11023,,,-5.419976711273193,,5.419976711273193,
1378,11031,,,-5.392554759979248,,5.392554759979248,
1379,11039,,,-5.446378707885742,,5.446378707885742,
1380,11047,,,-5.507473945617676,,5.507473945617676,
1381,11049,,,,-5.16812801361084,,5.16812801361084
1381,11055,,,-5.493264198303223,,5.493264198303223,
1382,11063,,,-5.543154716491699,,5.543154716491699,
1383,11071,,,-5.1031036376953125,,5.1031036376953125,
1384,11079,,,-5.429882049560547,,5.429882049560547,
1385,11087,,,-5.443782806396484,,5.443782806396484,
1386,11095,,,-5.357695579528809,,5.357695579528809,
1387,11099,,,,-5.950041770935059,,5.950041770935059
1387,11103,,,-5.429627418518066,,5.429627418518066,
1388,11111,,,-5.289525508880615,,5.289525508880615,
1389,11119,,,-5.351781845092773,,5.351781845092773,
1390,11127,,,-5.464075565338135,,5.464075565338135,
1391,11135,,,-5.287714004516602,,5.287714004516602,
1392,11143,,,-5.408863544464111,,5.408863544464111,
1393,11149,,,,-5.124791145324707,,5.124791145324707
1393,11151,,,-5.343872547149658,,5.343872547149658,
1394,11159,,,-5.418013095855713,,5.418013095855713,
1395,11167,,,-5.590520858764648,,5.590520858764648,
1396,11175,,,-5.629909992218018,,5.629909992218018,
1397,11183,,,-5.296827793121338,,5.296827793121338,
1398,11191,,,-5.314033508300781,,5.314033508300781,
1399,11199,,,,-4.505742073059082,,4.505742073059082
1399,11199,,,-5.4187140464782715,,5.4187140464782715,
1400,11207,,,-5.663534641265869,,5.663534641265869,
1401,11215,,,-5.173130512237549,,5.173130512237549,
1402,11223,,,-5.521759510040283,,5.521759510040283,
1403,11231,,,-5.277552604675293,,5.277552604675293,
1404,11239,,,-5.4331560134887695,,5.4331560134887695,
1405,11247,,,-5.455634593963623,,5.455634593963623,
1406,11249,,,,-5.628603935241699,,5.628603935241699
1406,11255,,,-5.393855571746826,,5.393855571746826,
1407,11263,,,-5.558872699737549,,5.558872699737549,
1408,11271,,,-5.368890762329102,,5.368890762329102,
1409,11279,,,-5.318550109863281,,5.318550109863281,
1410,11287,,,-5.412840843200684,,5.412840843200684,
1411,11295,,,-5.377779483795166,,5.377779483795166,
1412,11299,,,,-4.476620674133301,,4.476620674133301
1412,11303,,,-5.2312541007995605,,5.2312541007995605,
1413,11311,,,-5.782723426818848,,5.782723426818848,
1414,11319,,,-5.449539661407471,,5.449539661407471,
1415,11327,,,-5.345067501068115,,5.345067501068115,
1416,11335,,,-5.395568370819092,,5.395568370819092,
1417,11343,,,-5.543374538421631,,5.543374538421631,
1418,11349,,,,-5.775407791137695,,5.775407791137695
1418,11351,,,-5.363612174987793,,5.363612174987793,
1419,11359,,,-5.411961555480957,,5.411961555480957,
1420,11367,,,-5.443801403045654,,5.443801403045654,
1421,11375,,,-5.605960845947266,,5.605960845947266,
1422,11383,,,-5.502262592315674,,5.502262592315674,
1423,11391,,,-5.461894512176514,,5.461894512176514,
1424,11399,,,,-6.671236038208008,,6.671236038208008
1424,11399,,,-5.531373500823975,,5.531373500823975,
1425,11407,,,-5.414001941680908,,5.414001941680908,
1426,11415,,,-5.332615852355957,,5.332615852355957,
1427,11423,,,-5.34987211227417,,5.34987211227417,
1428,11431,,,-5.486199378967285,,5.486199378967285,
1429,11439,,,-5.358299255371094,,5.358299255371094,
1430,11447,,,-5.678008079528809,,5.678008079528809,
1431,11449,,,,-5.269142150878906,,5.269142150878906
1431,11455,,,-5.500796794891357,,5.500796794891357,
1432,11463,,,-5.558051586151123,,5.558051586151123,
1433,11471,,,-5.474592685699463,,5.474592685699463,
1434,11479,,,-5.407113075256348,,5.407113075256348,
1435,11487,,,-5.5592780113220215,,5.5592780113220215,
1436,11495,,,-5.5034379959106445,,5.5034379959106445,
1437,11499,,,,-4.349454879760742,,4.349454879760742
1437,11503,,,-5.3292059898376465,,5.3292059898376465,
1438,11511,,,-5.625840187072754,,5.625840187072754,
1439,11519,,,-5.522561550140381,,5.522561550140381,
1440,11527,,,-5.441098690032959,,5.441098690032959,
1441,11535,,,-5.465397357940674,,5.465397357940674,
1442,11543,,,-5.546167373657227,,5.546167373657227,
1443,11549,,,,-5.596554756164551,,5.596554756164551
1443,11551,,,-5.551969051361084,,5.551969051361084,
1444,11559,,,-5.472512245178223,,5.472512245178223,
1445,11567,,,-5.617908000946045,,5.617908000946045,
1446,11575,,,-5.614109516143799,,5.614109516143799,
1447,11583,,,-5.999687194824219,,5.999687194824219,
1448,11591,,,-5.6090521812438965,,5.6090521812438965,
1449,11599,,,,-3.942204475402832,,3.942204475402832
1449,11599,,,-5.502687931060791,,5.502687931060791,
1450,11607,,,-5.491565227508545,,5.491565227508545,
1451,11615,,,-5.898444652557373,,5.898444652557373,
1452,11623,,,-5.585104465484619,,5.585104465484619,
1453,11631,,,-5.523673057556152,,5.523673057556152,
1454,11639,,,-5.450752258300781,,5.450752258300781,
1455,11647,,,-5.527276039123535,,5.527276039123535,
1456,11649,,,,-4.560817718505859,,4.560817718505859
1456,11655,,,-5.374213695526123,,5.374213695526123,
1457,11663,,,-5.635782718658447,,5.635782718658447,
1458,11671,,,-5.374776363372803,,5.374776363372803,
1459,11679,,,-5.4427876472473145,,5.4427876472473145,
1460,11687,,,-5.467243194580078,,5.467243194580078,
1461,11695,,,-5.588840007781982,,5.588840007781982,
1462,11699,,,,-7.177309036254883,,7.177309036254883
1462,11703,,,-5.608311176300049,,5.608311176300049,
1463,11711,,,-5.696402549743652,,5.696402549743652,
1464,11719,,,-5.46891975402832,,5.46891975402832,
1465,11727,,,-5.2604217529296875,,5.2604217529296875,
1466,11735,,,-5.764402866363525,,5.764402866363525,
1467,11743,,,-5.4866766929626465,,5.4866766929626465,
1468,11749,,,,-6.046545028686523,,6.046545028686523
1468,11751,,,-5.686550140380859,,5.686550140380859,
1469,11759,,,-5.821298599243164,,5.821298599243164,
1470,11767,,,-5.766319751739502,,5.766319751739502,
1471,11775,,,-5.6627373695373535,,5.6627373695373535,
1472,11783,,,-5.745426654815674,,5.745426654815674,
1473,11791,,,-5.705617904663086,,5.705617904663086,
1474,11799,,,,-4.6383514404296875,,4.6383514404296875
1474,11799,,,-5.8190741539001465,,5.8190741539001465,
1475,11807,,,-5.687807559967041,,5.687807559967041,
1476,11815,,,-5.702168941497803,,5.702168941497803,
1477,11823,,,-5.46797513961792,,5.46797513961792,
1478,11831,,,-5.3816680908203125,,5.3816680908203125,
1479,11839,,,-5.660045146942139,,5.660045146942139,
1480,11847,,,-5.406765460968018,,5.406765460968018,
1481,11849,,,,-5.566319465637207,,5.566319465637207
1481,11855,,,-5.748967170715332,,5.748967170715332,
1482,11863,,,-5.370107173919678,,5.370107173919678,
1483,11871,,,-5.690149307250977,,5.690149307250977,
1484,11879,,,-5.539785385131836,,5.539785385131836,
1485,11887,,,-5.523111820220947,,5.523111820220947,
1486,11895,,,-5.662966251373291,,5.662966251373291,
1487,11899,,,,-4.522806167602539,,4.522806167602539
1487,11903,,,-5.449070453643799,,5.449070453643799,
1488,11911,,,-5.73215389251709,,5.73215389251709,
1489,11919,,,-5.700023651123047,,5.700023651123047,
1490,11927,,,-5.837559223175049,,5.837559223175049,
1491,11935,,,-5.735421657562256,,5.735421657562256,
1492,11943,,,-5.712893009185791,,5.712893009185791,
1493,11949,,,,-4.761712074279785,,4.761712074279785
1493,11951,,,-5.827138900756836,,5.827138900756836,
1494,11959,,,-5.623956680297852,,5.623956680297852,
1495,11967,,,-5.517301559448242,,5.517301559448242,
1496,11975,,,-5.591723442077637,,5.591723442077637,
1497,11983,,,-5.589787006378174,,5.589787006378174,
1498,11991,,,-5.754860877990723,,5.754860877990723,
1499,11999,,,,-5.406464576721191,,5.406464576721191
1499,11999,,,-5.775376796722412,,5.775376796722412,
1500,12007,,,-5.502414703369141,,5.502414703369141,
1501,12015,,,-5.847158432006836,,5.847158432006836,
1502,12023,,,-5.437371253967285,,5.437371253967285,
1503,12031,,,-5.598567485809326,,5.598567485809326,
1504,12039,,,-5.759623050689697,,5.759623050689697,
1505,12047,,,-5.548689365386963,,5.548689365386963,
1506,12049,,,,-3.536635398864746,,3.536635398864746
1506,12055,,,-5.537814140319824,,5.537814140319824,
1507,12063,,,-5.729206562042236,,5.729206562042236,
1508,12071,,,-5.517731189727783,,5.517731189727783,
1509,12079,,,-5.823128700256348,,5.823128700256348,
1510,12087,,,-5.781476974487305,,5.781476974487305,
1511,12095,,,-5.564819812774658,,5.564819812774658,
1512,12099,,,,-6.020055770874023,,6.020055770874023
1512,12103,,,-5.7547101974487305,,5.7547101974487305,
1513,12111,,,-5.789544105529785,,5.789544105529785,
1514,12119,,,-5.851411819458008,,5.851411819458008,
1515,12127,,,-5.921327114105225,,5.921327114105225,
1516,12135,,,-5.736833095550537,,5.736833095550537,
1517,12143,,,-5.737281322479248,,5.737281322479248,
1518,12149,,,,-5.109726905822754,,5.109726905822754
1518,12151,,,-5.658275604248047,,5.658275604248047,
1519,12159,,,-5.962613105773926,,5.962613105773926,
1520,12167,,,-5.698713302612305,,5.698713302612305,
1521,12175,,,-5.702274322509766,,5.702274322509766,
1522,12183,,,-5.845748424530029,,5.845748424530029,
1523,12191,,,-5.528408050537109,,5.528408050537109,
1524,12199,,,,-5.772774696350098,,5.772774696350098
1524,12199,,,-5.640398979187012,,5.640398979187012,
1525,12207,,,-5.715332984924316,,5.715332984924316,
1526,12215,,,-5.743319988250732,,5.743319988250732,
1527,12223,,,-5.686103343963623,,5.686103343963623,
1528,12231,,,-5.933478355407715,,5.933478355407715,
1529,12239,,,-5.5788068771362305,,5.5788068771362305,
1530,12247,,,-5.610591888427734,,5.610591888427734,
1531,12249,,,,-7.702431678771973,,7.702431678771973
1531,12255,,,-5.673518180847168,,5.673518180847168,
1532,12263,,,-5.621635913848877,,5.621635913848877,
1533,12271,,,-5.527711391448975,,5.527711391448975,
1534,12279,,,-5.47157096862793,,5.47157096862793,
1535,12287,,,-5.474717140197754,,5.474717140197754,
1536,12295,,,-5.540162086486816,,5.540162086486816,
1537,12299,,,,-4.2210283279418945,,4.2210283279418945
1537,12303,,,-5.379555702209473,,5.379555702209473,
1538,12311,,,-5.419454574584961,,5.419454574584961,
1539,12319,,,-5.31179666519165,,5.31179666519165,
1540,12327,,,-5.380471229553223,,5.380471229553223,
1541,12335,,,-5.604618072509766,,5.604618072509766,
1542,12343,,,-5.220898151397705,,5.220898151397705,
1543,12349,,,,-5.244503974914551,,5.244503974914551
1543,12351,,,-5.429595470428467,,5.429595470428467,
1544,12359,,,-5.2730512619018555,,5.2730512619018555,
1545,12367,,,-5.185741424560547,,5.185741424560547,
1546,12375,,,-5.4389777183532715,,5.4389777183532715,
1547,12383,,,-5.311482906341553,,5.311482906341553,
1548,12391,,,-5.225641250610352,,5.225641250610352,
1549,12399,,,,-4.802552223205566,,4.802552223205566
1549,12399,,,-5.29457426071167,,5.29457426071167,
1550,12407,,,-5.361958980560303,,5.361958980560303,
1551,12415,,,-5.096909999847412,,5.096909999847412,
1552,12423,,,-5.290563106536865,,5.290563106536865,
1553,12431,,,-5.197596549987793,,5.197596549987793,
1554,12439,,,-4.961171627044678,,4.961171627044678,
1555,12447,,,-4.986040115356445,,4.986040115356445,
1556,12449,,,,-4.437984466552734,,4.437984466552734
1556,12455,,,-5.178808689117432,,5.178808689117432,
1557,12463,,,-5.050262451171875,,5.050262451171875,
1558,12471,,,-4.9104814529418945,,4.9104814529418945,
1559,12479,,,-5.10428524017334,,5.10428524017334,
1560,12487,,,-5.211304187774658,,5.211304187774658,
1561,12495,,,-5.072544574737549,,5.072544574737549,
1562,12499,,,,-3.7376813888549805,,3.7376813888549805
1562,12503,,,-5.068283557891846,,5.068283557891846,
1563,12511,,,-5.146307945251465,,5.146307945251465,
1564,12519,,,-4.882140159606934,,4.882140159606934,
1565,12527,,,-4.9964470863342285,,4.9964470863342285,
1566,12535,,,-4.956452369689941,,4.956452369689941,
1567,12543,,,-4.9704084396362305,,4.9704084396362305,
1568,12549,,,,-4.335949897766113,,4.335949897766113
1568,12551,,,-4.924975872039795,,4.924975872039795,
1569,12559,,,-4.843254089355469,,4.843254089355469,
1570,12567,,,-4.842484951019287,,4.842484951019287,
1571,12575,,,-4.890719413757324,,4.890719413757324,
1572,12583,,,-4.884032249450684,,4.884032249450684,
1573,12591,,,-4.88322639465332,,4.88322639465332,
1574,12599,,,,-6.329767227172852,,6.329767227172852
1574,12599,,,-4.851382255554199,,4.851382255554199,
1575,12607,,,-4.762363433837891,,4.762363433837891,
1576,12615,,,-4.8717522621154785,,4.8717522621154785,
1577,12623,,,-4.890120983123779,,4.890120983123779,
1578,12631,,,-4.860661506652832,,4.860661506652832,
1579,12639,,,-4.626068592071533,,4.626068592071533,
1580,12647,,,-4.723027229309082,,4.723027229309082,
1581,12649,,,,-4.43043327331543,,4.43043327331543
1581,12655,,,-4.9649810791015625,,4.9649810791015625,
1582,12663,,,-4.86039924621582,,4.86039924621582,
1583,12671,,,-4.916085720062256,,4.916085720062256,
1584,12679,,,-4.468927383422852,,4.468927383422852,
1585,12687,,,-4.645133018493652,,4.645133018493652,
1586,12695,,,-4.6960344314575195,,4.6960344314575195,
1587,12699,,,,-5.666294097900391,,5.666294097900391
1587,12703,,,-4.671630859375,,4.671630859375,
1588,12711,,,-4.638461589813232,,4.638461589813232,
1589,12719,,,-4.588089942932129,,4.588089942932129,
1590,12727,,,-4.644357204437256,,4.644357204437256,
1591,12735,,,-4.341702461242676,,4.341702461242676,
1592,12743,,,-4.555675983428955,,4.555675983428955,
1593,12749,,,,-4.67411994934082,,4.67411994934082
1593,12751,,,-4.491362571716309,,4.491362571716309,
1594,12759,,,-4.570536136627197,,4.570536136627197,
1595,12767,,,-4.476523399353027,,4.476523399353027,
1596,12775,,,-4.469028472900391,,4.469028472900391,
1597,12783,,,-4.52688455581665,,4.52688455581665,
1598,12791,,,-4.472896575927734,,4.472896575927734,
1599,12799,,,,-4.036184310913086,,4.036184310913086
1599,12799,,,-4.503606796264648,,4.503606796264648,
1600,12807,,,-4.557647705078125,,4.557647705078125,
1601,12815,,,-4.314272880554199,,4.314272880554199,
1602,12823,,,-4.42665958404541,,4.42665958404541,
1603,12831,,,-4.291042804718018,,4.291042804718018,
1604,12839,,,-4.509624481201172,,4.509624481201172,
1605,12847,,,-4.274139881134033,,4.274139881134033,
1606,12849,,,,-4.102964401245117,,4.102964401245117
1606,12855,,,-4.456043243408203,,4.456043243408203,
1607,12863,,,-4.196227550506592,,4.196227550506592,
1608,12871,,,-4.4094085693359375,,4.4094085693359375,
1609,12879,,,-4.290470123291016,,4.290470123291016,
1610,12887,,,-4.251926422119141,,4.251926422119141,
1611,12895,,,-4.258984565734863,,4.258984565734863,
1612,12899,,,,-3.207263946533203,,3.207263946533203
1612,12903,,,-4.169367790222168,,4.169367790222168,
1613,12911,,,-4.171861171722412,,4.171861171722412,
1614,12919,,,-4.424025058746338,,4.424025058746338,
1615,12927,,,-4.178246021270752,,4.178246021270752,
1616,12935,,,-4.28869104385376,,4.28869104385376,
1617,12943,,,-4.2443928718566895,,4.2443928718566895,
1618,12949,,,,-3.7810869216918945,,3.7810869216918945
1618,12951,,,-4.293062210083008,,4.293062210083008,
1619,12959,,,-4.191389560699463,,4.191389560699463,
1620,12967,,,-4.244832992553711,,4.244832992553711,
1621,12975,,,-3.9784202575683594,,3.9784202575683594,
1622,12983,,,-4.148719310760498,,4.148719310760498,
1623,12991,,,-3.9367902278900146,,3.9367902278900146,
1624,12999,,,,-3.8720269203186035,,3.8720269203186035
1624,12999,,,-4.020726680755615,,4.020726680755615,
1625,13007,,,-3.8570032119750977,,3.8570032119750977,
1626,13015,,,-4.054664611816406,,4.054664611816406,
1627,13023,,,-3.8452093601226807,,3.8452093601226807,
1628,13031,,,-3.8459348678588867,,3.8459348678588867,
1629,13039,,,-3.830397605895996,,3.830397605895996,
1630,13047,,,-4.053538799285889,,4.053538799285889,
1631,13049,,,,-3.440894603729248,,3.440894603729248
1631,13055,,,-3.824232816696167,,3.824232816696167,
1632,13063,,,-4.005279064178467,,4.005279064178467,
1633,13071,,,-3.998743772506714,,3.998743772506714,
1634,13079,,,-4.032311916351318,,4.032311916351318,
1635,13087,,,-3.8526008129119873,,3.8526008129119873,
1636,13095,,,-3.846648931503296,,3.846648931503296,
1637,13099,,,,-3.5361709594726562,,3.5361709594726562
1637,13103,,,-3.906386613845825,,3.906386613845825,
1638,13111,,,-3.9711265563964844,,3.9711265563964844,
1639,13119,,,-3.8092215061187744,,3.8092215061187744,
1640,13127,,,-3.6455976963043213,,3.6455976963043213,
1641,13135,,,-3.643094539642334,,3.643094539642334,
1642,13143,,,-3.9054319858551025,,3.9054319858551025,
1643,13149,,,,-3.9273290634155273,,3.9273290634155273
1643,13151,,,-3.810506582260132,,3.810506582260132,
1644,13159,,,-3.7043516635894775,,3.7043516635894775,
1645,13167,,,-3.7627382278442383,,3.7627382278442383,
1646,13175,,,-3.787564516067505,,3.787564516067505,
1647,13183,,,-3.663560628890991,,3.663560628890991,
1648,13191,,,-3.4737515449523926,,3.4737515449523926,
1649,13199,,,,-5.1776556968688965,,5.1776556968688965
1649,13199,,,-3.5934672355651855,,3.5934672355651855,
1650,13207,,,-3.5425312519073486,,3.5425312519073486,
1651,13215,,,-3.4260194301605225,,3.4260194301605225,
1652,13223,,,-3.5823299884796143,,3.5823299884796143,
1653,13231,,,-3.601097583770752,,3.601097583770752,
1654,13239,,,-3.593021869659424,,3.593021869659424,
1655,13247,,,-3.422625780105591,,3.422625780105591,
1656,13249,,,,-3.8796324729919434,,3.8796324729919434
1656,13255,,,-3.5583784580230713,,3.5583784580230713,
1657,13263,,,-3.5763020515441895,,3.5763020515441895,
1658,13271,,,-3.4892148971557617,,3.4892148971557617,
1659,13279,,,-3.396960496902466,,3.396960496902466,
1660,13287,,,-3.358738660812378,,3.358738660812378,
1661,13295,,,-3.2698464393615723,,3.2698464393615723,
1662,13299,,,,-2.9563984870910645,,2.9563984870910645
1662,13303,,,-3.3258235454559326,,3.3258235454559326,
1663,13311,,,-3.35217547416687,,3.35217547416687,
1664,13319,,,-3.3466875553131104,,3.3466875553131104,
1665,13327,,,-3.294463634490967,,3.294463634490967,
1666,13335,,,-3.2810871601104736,,3.2810871601104736,
1667,13343,,,-3.2764477729797363,,3.2764477729797363,
1668,13349,,,,-3.667729377746582,,3.667729377746582
1668,13351,,,-3.3401026725769043,,3.3401026725769043,
1669,13359,,,-3.344400405883789,,3.344400405883789,
1670,13367,,,-3.2366440296173096,,3.2366440296173096,
1671,13375,,,-3.223813772201538,,3.223813772201538,
1672,13383,,,-3.1825778484344482,,3.1825778484344482,
1673,13391,,,-3.114030122756958,,3.114030122756958,
1674,13399,,,,-3.2010157108306885,,3.2010157108306885
1674,13399,,,-3.2278592586517334,,3.2278592586517334,
1675,13407,,,-3.2764155864715576,,3.2764155864715576,
1676,13415,,,-3.170408248901367,,3.170408248901367,
1677,13423,,,-3.23305344581604,,3.23305344581604,
1678,13431,,,-3.0930209159851074,,3.0930209159851074,
1679,13439,,,-3.189739465713501,,3.189739465713501,
1680,13447,,,-3.0396015644073486,,3.0396015644073486,
1681,13449,,,,-2.577685594558716,,2.577685594558716
1681,13455,,,-3.0362179279327393,,3.0362179279327393,
1682,13463,,,-2.905360460281372,,2.905360460281372,
1683,13471,,,-2.9770445823669434,,2.9770445823669434,
1684,13479,,,-3.0704598426818848,,3.0704598426818848,
1685,13487,,,-2.9787418842315674,,2.9787418842315674,
1686,13495,,,-3.0205137729644775,,3.0205137729644775,
1687,13499,,,,-4.178493976593018,,4.178493976593018
1687,13503,,,-2.902184247970581,,2.902184247970581,
1688,13511,,,-2.97383975982666,,2.97383975982666,
1689,13519,,,-2.860706329345703,,2.860706329345703,
1690,13527,,,-2.8611202239990234,,2.8611202239990234,
1691,13535,,,-2.8994555473327637,,2.8994555473327637,
1692,13543,,,-2.8804407119750977,,2.8804407119750977,
1693,13549,,,,-2.697786808013916,,2.697786808013916
1693,13551,,,-2.879197835922241,,2.879197835922241,
1694,13559,,,-2.82082200050354,,2.82082200050354,
1695,13567,,,-2.881598711013794,,2.881598711013794,
1696,13575,,,-2.6940276622772217,,2.6940276622772217,
1697,13583,,,-2.659071445465088,,2.659071445465088,
1698,13591,,,-2.5986409187316895,,2.5986409187316895,
1699,13599,,,,-2.24086332321167,,2.24086332321167
1699,13599,,,-2.6407511234283447,,2.6407511234283447,
1700,13607,,,-2.7112553119659424,,2.7112553119659424,
1701,13615,,,-2.6998374462127686,,2.6998374462127686,
1702,13623,,,-2.5586259365081787,,2.5586259365081787,
1703,13631,,,-2.7552711963653564,,2.7552711963653564,
1704,13639,,,-2.630904197692871,,2.630904197692871,
1705,13647,,,-2.5071802139282227,,2.5071802139282227,
1706,13649,,,,-2.083087682723999,,2.083087682723999
1706,13655,,,-2.53570818901062,,2.53570818901062,
1707,13663,,,-2.5587868690490723,,2.5587868690490723,
1708,13671,,,-2.4945273399353027,,2.4945273399353027,
1709,13679,,,-2.5150887966156006,,2.5150887966156006,
1710,13687,,,-2.489610433578491,,2.489610433578491,
1711,13695,,,-2.406196117401123,,2.406196117401123,
1712,13699,,,,-2.2100915908813477,,2.2100915908813477
1712,13703,,,-2.5310773849487305,,2.5310773849487305,
1713,13711,,,-2.4113173484802246,,2.4113173484802246,
1714,13719,,,-2.5520434379577637,,2.5520434379577637,
1715,13727,,,-2.4012017250061035,,2.4012017250061035,
1716,13735,,,-2.365201473236084,,2.365201473236084,
1717,13743,,,-2.3496532440185547,,2.3496532440185547,
1718,13749,,,,-1.9585235118865967,,1.9585235118865967
1718,13751,,,-2.341334342956543,,2.341334342956543,
1719,13759,,,-2.330451250076294,,2.330451250076294,
1720,13767,,,-2.353909492492676,,2.353909492492676,
1721,13775,,,-2.2618188858032227,,2.2618188858032227,
1722,13783,,,-2.245403289794922,,2.245403289794922,
1723,13791,,,-2.1966493129730225,,2.1966493129730225,
1724,13799,,,,-2.4867420196533203,,2.4867420196533203
1724,13799,,,-2.2439818382263184,,2.2439818382263184,
1725,13807,,,-2.233597755432129,,2.233597755432129,
1726,13815,,,-2.1253786087036133,,2.1253786087036133,
1727,13823,,,-2.157149314880371,,2.157149314880371,
1728,13831,,,-2.1225147247314453,,2.1225147247314453,
1729,13839,,,-2.113591194152832,,2.113591194152832,
1730,13847,,,-2.07806396484375,,2.07806396484375,
1731,13849,,,,-1.81991708278656,,1.81991708278656
1731,13855,,,-2.0916285514831543,,2.0916285514831543,
1732,13863,,,-2.014409065246582,,2.014409065246582,
1733,13871,,,-2.0826518535614014,,2.0826518535614014,
1734,13879,,,-2.0848782062530518,,2.0848782062530518,
1735,13887,,,-2.0079290866851807,,2.0079290866851807,
1736,13895,,,-1.9815515279769897,,1.9815515279769897,
1737,13899,,,,-1.963759422302246,,1.963759422302246
1737,13903,,,-1.9167550802230835,,1.9167550802230835,
1738,13911,,,-2.0156702995300293,,2.0156702995300293,
1739,13919,,,-1.9087097644805908,,1.9087097644805908,
1740,13927,,,-1.8740628957748413,,1.8740628957748413,
1741,13935,,,-1.8210084438323975,,1.8210084438323975,
1742,13943,,,-1.8140645027160645,,1.8140645027160645,
1743,13949,,,,-1.8411003351211548,,1.8411003351211548
1743,13951,,,-1.8148621320724487,,1.8148621320724487,
1744,13959,,,-1.8049074411392212,,1.8049074411392212,
1745,13967,,,-1.8110390901565552,,1.8110390901565552,
1746,13975,,,-1.7836289405822754,,1.7836289405822754,
1747,13983,,,-1.7688071727752686,,1.7688071727752686,
1748,13991,,,-1.691124439239502,,1.691124439239502,
1749,13999,,,,-1.700587272644043,,1.700587272644043
1749,13999,,,-1.7003899812698364,,1.7003899812698364,
1750,14007,,,-1.7037956714630127,,1.7037956714630127,
1751,14015,,,-1.6967666149139404,,1.6967666149139404,
1752,14023,,,-1.6936488151550293,,1.6936488151550293,
1753,14031,,,-1.6199759244918823,,1.6199759244918823,
1754,14039,,,-1.5942113399505615,,1.5942113399505615,
1755,14047,,,-1.5938383340835571,,1.5938383340835571,
1756,14049,,,,-1.716855525970459,,1.716855525970459
1756,14055,,,-1.5733293294906616,,1.5733293294906616,
1757,14063,,,-1.5322760343551636,,1.5322760343551636,
1758,14071,,,-1.5395156145095825,,1.5395156145095825,
1759,14079,,,-1.5197211503982544,,1.5197211503982544,
1760,14087,,,-1.5036661624908447,,1.5036661624908447,
1761,14095,,,-1.4942840337753296,,1.4942840337753296,
1762,14099,,,,-1.5867040157318115,,1.5867040157318115
1762,14103,,,-1.4392136335372925,,1.4392136335372925,
1763,14111,,,-1.4372642040252686,,1.4372642040252686,
1764,14119,,,-1.3945116996765137,,1.3945116996765137,
1765,14127,,,-1.3818453550338745,,1.3818453550338745,
1766,14135,,,-1.3682557344436646,,1.3682557344436646,
1767,14143,,,-1.3570728302001953,,1.3570728302001953,
1768,14149,,,,-1.4012398719787598,,1.4012398719787598
1768,14151,,,-1.3447144031524658,,1.3447144031524658,
1769,14159,,,-1.3159314393997192,,1.3159314393997192,
1770,14167,,,-1.308075189590454,,1.308075189590454,
1771,14175,,,-1.2659764289855957,,1.2659764289855957,
1772,14183,,,-1.2618845701217651,,1.2618845701217651,
1773,14191,,,-1.218833565711975,,1.218833565711975,
1774,14199,,,,-1.0013437271118164,,1.0013437271118164
1774,14199,,,-1.2033127546310425,,1.2033127546310425,
1775,14207,,,-1.1980559825897217,,1.1980559825897217,
1776,14215,,,-1.1866761445999146,,1.1866761445999146,
1777,14223,,,-1.161438226699829,,1.161438226699829,
1778,14231,,,-1.1371809244155884,,1.1371809244155884,
1779,14239,,,-1.1112205982208252,,1.1112205982208252,
1780,14247,,,-1.1024225950241089,,1.1024225950241089,
1781,14249,,,,-1.093289852142334,,1.093289852142334
1781,14255,,,-1.0880100727081299,,1.0880100727081299,
1782,14263,,,-1.0627012252807617,,1.0627012252807617,
1783,14271,,,-1.0526541471481323,,1.0526541471481323,
1784,14279,,,-1.0201375484466553,,1.0201375484466553,
1785,14287,,,-1.019937515258789,,1.019937515258789,
1786,14295,,,-0.9909982681274414,,0.9909982681274414,
1787,14299,,,,-0.9501876831054688,,0.9501876831054688
1787,14303,,,-0.9689199924468994,,0.9689199924468994,
1788,14311,,,-0.9505214095115662,,0.9505214095115662,
1789,14319,,,-0.9313784241676331,,0.9313784241676331,
1790,14327,,,-0.9155665040016174,,0.9155665040016174,
1791,14335,,,-0.8928429484367371,,0.8928429484367371,
1792,14343,,,-0.8741401433944702,,0.8741401433944702,
1793,14349,,,,-0.8670344352722168,,0.8670344352722168
1793,14351,,,-0.8535271286964417,,0.8535271286964417,
1794,14359,,,-0.8363932371139526,,0.8363932371139526,
1795,14367,,,-0.8200104236602783,,0.8200104236602783,
1796,14375,,,-0.798088550567627,,0.798088550567627,
1797,14383,,,-0.7812979221343994,,0.7812979221343994,
1798,14391,,,-0.7610110640525818,,0.7610110640525818,
1799,14399,,,,-0.7466106414794922,,0.7466106414794922
1799,14399,,,-0.7455593943595886,,0.7455593943595886,
1800,14407,,,-0.7248856425285339,,0.7248856425285339,
1801,14415,,,-0.7051681876182556,,0.7051681876182556,
1802,14423,,,-0.6855065822601318,,0.6855065822601318,
1803,14431,,,-0.6662871241569519,,0.6662871241569519,
1804,14439,,,-0.6474376916885376,,0.6474376916885376,
1805,14447,,,-0.627588152885437,,0.627588152885437,
1806,14449,,,,-0.6216831207275391,,0.6216831207275391
1806,14455,,,-0.6070449352264404,,0.6070449352264404,
1807,14463,,,-0.5861802101135254,,0.5861802101135254,
1808,14471,,,-0.5666873455047607,,0.5666873455047607,
1809,14479,,,-0.5460516214370728,,0.5460516214370728,
1810,14487,,,-0.5238744020462036,,0.5238744020462036,
1811,14495,,,-0.502367377281189,,0.502367377281189,
1812,14499,,,,-0.4639768600463867,,0.4639768600463867
1812,14503,,,-0.48024335503578186,,0.48024335503578186,
1813,14511,,,-0.457657128572464,,0.457657128572464,
1814,14519,,,-0.4351120591163635,,0.4351120591163635,
1815,14527,,,-0.41179394721984863,,0.41179394721984863,
1816,14535,,,-0.3880065977573395,,0.3880065977573395,
1817,14543,,,-0.36425745487213135,,0.36425745487213135,
1818,14549,,,,-0.33875560760498047,,0.33875560760498047
1818,14551,,,-0.3402756452560425,,0.3402756452560425,
1819,14559,,,-0.31593751907348633,,0.31593751907348633,
1820,14567,,,-0.2914152443408966,,0.2914152443408966,
1821,14575,,,-0.2672436237335205,,0.2672436237335205,
1822,14583,,,-0.2428053766489029,,0.2428053766489029,
1823,14591,,,-0.2184354066848755,,0.2184354066848755,
1824,14599,,,,-0.1902151107788086,,0.1902151107788086
1824,14599,,,-0.19429661333560944,,0.19429661333560944,
1825,14607,,,-0.17020763456821442,,0.17020763456821442,
1826,14615,,,-0.14646147191524506,,0.14646147191524506,
1827,14623,,,-0.12299180030822754,,0.12299180030822754,
1828,14631,,,-0.09983158856630325,,0.09983158856630325,
1829,14639,,,-0.07697581499814987,,0.07697581499814987,
1830,14647,,,-0.05464160814881325,,0.05464160814881325,
1831,14649,,,,-0.029188156127929688,,0.029188156127929688
1831,14655,,,-0.03269088268280029,,0.03269088268280029,
1832,14663,,,-0.010894895531237125,,0.010894895531237125,
1833,14671,,,0.010242818854749203,,-0.010242818854749203,
1834,14679,,,0.031149985268712044,,-0.031149985268712044,
1835,14687,,,0.05162155628204346,,-0.05162155628204346,
1836,14695,,,0.07150017470121384,,-0.07150017470121384,
1837,14699,,,,0.0729522705078125,,-0.0729522705078125
1837,14703,,,0.09086550027132034,,-0.09086550027132034,
1838,14711,,,0.11014830321073532,,-0.11014830321073532,
1839,14719,,,0.12883985042572021,,-0.12883985042572021,
1840,14727,,,0.14723573625087738,,-0.14723573625087738,
1841,14735,,,0.16515742242336273,,-0.16515742242336273,
1842,14743,,,0.18270599842071533,,-0.18270599842071533,
1843,14749,,,,0.1980581283569336,,-0.1980581283569336
1843,14751,,,0.19994771480560303,,-0.19994771480560303,
1844,14759,,,0.21671737730503082,,-0.21671737730503082,
1845,14767,,,0.2332618236541748,,-0.2332618236541748,
1846,14775,,,0.24927519261837006,,-0.24927519261837006,
1847,14783,,,0.26506924629211426,,-0.26506924629211426,
1848,14791,,,0.28044140338897705,,-0.28044140338897705,
1849,14799,,,,0.28737354278564453,,-0.28737354278564453
1849,14799,,,0.29546070098876953,,-0.29546070098876953,
1850,14807,,,0.3104473054409027,,-0.3104473054409027,
1851,14815,,,0.3250105381011963,,-0.3250105381011963,
1852,14823,,,0.3390556573867798,,-0.3390556573867798,
1853,14831,,,0.35339105129241943,,-0.35339105129241943,
1854,14839,,,0.3667036294937134,,-0.3667036294937134,
1855,14847,,,0.38038790225982666,,-0.38038790225982666,
1856,14849,,,,0.38756275177001953,,-0.38756275177001953
1856,14855,,,0.39377832412719727,,-0.39377832412719727,
1857,14863,,,0.4068063497543335,,-0.4068063497543335,
1858,14871,,,0.41929391026496887,,-0.41929391026496887,
1859,14879,,,0.4317779242992401,,-0.4317779242992401,
1860,14887,,,0.44389766454696655,,-0.44389766454696655,
1861,14895,,,0.4560607373714447,,-0.4560607373714447,
1862,14899,,,,0.47261905670166016,,-0.47261905670166016
1862,14903,,,0.46804603934288025,,-0.46804603934288025,
1863,14911,,,0.48011866211891174,,-0.48011866211891174,
1864,14919,,,0.4915308952331543,,-0.4915308952331543,
1865,14927,,,0.5027022361755371,,-0.5027022361755371,
1866,14935,,,0.5139901638031006,,-0.5139901638031006,
1867,14943,,,0.5249735116958618,,-0.5249735116958618,
1868,14949,,,,0.5438661575317383,,-0.5438661575317383
1868,14951,,,0.535757839679718,,-0.535757839679718,
1869,14959,,,0.5466532707214355,,-0.5466532707214355,
1870,14967,,,0.557060956954956,,-0.557060956954956,
1871,14975,,,0.5672107934951782,,-0.5672107934951782,
1872,14983,,,0.5774988532066345,,-0.5774988532066345,
1873,14991,,,0.5876268744468689,,-0.5876268744468689,
1874,14999,,,,0.6059455871582031,,-0.6059455871582031
1874,14999,,,0.5975192785263062,,-0.5975192785263062,
1875,15007,,,0.6074039340019226,,-0.6074039340019226,
1876,15015,,,0.6172142028808594,,-0.6172142028808594,
1877,15023,,,0.6266624927520752,,-0.6266624927520752,
1878,15031,,,0.6353850364685059,,-0.6353850364685059,
1879,15039,,,0.6452882289886475,,-0.6452882289886475,
1880,15047,,,0.6543285846710205,,-0.6543285846710205,
1881,15049,,,,0.6517839431762695,,-0.6517839431762695
1881,15055,,,0.6636144518852234,,-0.6636144518852234,
1882,15063,,,0.6724063754081726,,-0.6724063754081726,
1883,15071,,,0.6810957789421082,,-0.6810957789421082,
1884,15079,,,0.6902094483375549,,-0.6902094483375549,
1885,15087,,,0.6987821459770203,,-0.6987821459770203,
1886,15095,,,0.7080495953559875,,-0.7080495953559875,
1887,15099,,,,0.7114458084106445,,-0.7114458084106445
1887,15103,,,0.7165461778640747,,-0.7165461778640747,
1888,15111,,,0.7253572940826416,,-0.7253572940826416,
1889,15119,,,0.733569860458374,,-0.733569860458374,
1890,15127,,,0.741385817527771,,-0.741385817527771,
1891,15135,,,0.7502686977386475,,-0.7502686977386475,
1892,15143,,,0.7572044730186462,,-0.7572044730186462,
1893,15149,,,,0.7990970611572266,,-0.7990970611572266
1893,15151,,,0.7654752135276794,,-0.7654752135276794,
1894,15159,,,0.7749759554862976,,-0.7749759554862976,
1895,15167,,,0.7825570106506348,,-0.7825570106506348,
1896,15175,,,0.7911069393157959,,-0.7911069393157959,
1897,15183,,,0.7988482713699341,,-0.7988482713699341,
1898,15191,,,0.806155800819397,,-0.806155800819397,
1899,15199,,,,0.8363542556762695,,-0.8363542556762695
1899,15199,,,0.8146325945854187,,-0.8146325945854187,
1900,15207,,,0.822184681892395,,-0.822184681892395,
1901,15215,,,0.8289110064506531,,-0.8289110064506531,
1902,15223,,,0.8370722532272339,,-0.8370722532272339,
1903,15231,,,0.8448640704154968,,-0.8448640704154968,
1904,15239,,,0.8489940166473389,,-0.8489940166473389,
1905,15247,,,0.860358476638794,,-0.860358476638794,
1906,15249,,,,0.8790826797485352,,-0.8790826797485352
1906,15255,,,0.868050217628479,,-0.868050217628479,
1907,15263,,,0.8761817216873169,,-0.8761817216873169,
1908,15271,,,0.8825342655181885,,-0.8825342655181885,
1909,15279,,,0.8904933333396912,,-0.8904933333396912,
1910,15287,,,0.8986189365386963,,-0.8986189365386963,
1911,15295,,,0.9039190411567688,,-0.9039190411567688,
1912,15299,,,,0.8908634185791016,,-0.8908634185791016
1912,15303,,,0.9113394618034363,,-0.9113394618034363,
1913,15311,,,0.9193935394287109,,-0.9193935394287109,
1914,15319,,,0.9263098835945129,,-0.9263098835945129,
1915,15327,,,0.9340314269065857,,-0.9340314269065857,
1916,15335,,,0.9404935836791992,,-0.9404935836791992,
1917,15343,,,0.9487872123718262,,-0.9487872123718262,
1918,15349,,,,0.9587116241455078,,-0.9587116241455078
1918,15351,,,0.9535505771636963,,-0.9535505771636963,
1919,15359,,,0.9619174003601074,,-0.9619174003601074,
1920,15367,,,0.970090925693512,,-0.970090925693512,
1921,15375,,,0.9767566323280334,,-0.9767566323280334,
1922,15383,,,0.9814252853393555,,-0.9814252853393555,
1923,15391,,,0.9899330139160156,,-0.9899330139160156,
1924,15399,,,,0.855987548828125,,-0.855987548828125
1924,15399,,,0.9986495971679688,,-0.9986495971679688,
1925,15407,,,1.0019463300704956,,-1.0019463300704956,
1926,15415,,,1.0089781284332275,,-1.0089781284332275,
1927,15423,,,1.0169103145599365,,-1.0169103145599365,
1928,15431,,,1.023775339126587,,-1.023775339126587,
1929,15439,,,1.0299806594848633,,-1.0299806594848633,
1930,15447,,,1.0387051105499268,,-1.0387051105499268,
1931,15449,,,,1.061014175415039,,-1.061014175415039
1931,15455,,,1.0474069118499756,,-1.0474069118499756,
1932,15463,,,1.0504772663116455,,-1.0504772663116455,
1933,15471,,,1.0553617477416992,,-1.0553617477416992,
1934,15479,,,1.065868616104126,,-1.065868616104126,
1935,15487,,,1.0732084512710571,,-1.0732084512710571,
1936,15495,,,1.0799940824508667,,-1.0799940824508667,
1937,15499,,,,1.066925048828125,,-1.066925048828125
1937,15503,,,1.0855834484100342,,-1.0855834484100342,
1938,15511,,,1.0960655212402344,,-1.0960655212402344,
1939,15519,,,1.1011650562286377,,-1.1011650562286377,
1940,15527,,,1.1099148988723755,,-1.1099148988723755,
1941,15535,,,1.1171666383743286,,-1.1171666383743286,
1942,15543,,,1.1185262203216553,,-1.1185262203216553,
1943,15549,,,,1.1761722564697266,,-1.1761722564697266
1943,15551,,,1.1188932657241821,,-1.1188932657241821,
1944,15559,,,1.1282988786697388,,-1.1282988786697388,
1945,15567,,,1.1443510055541992,,-1.1443510055541992,
1946,15575,,,1.1497505903244019,,-1.1497505903244019,
1947,15583,,,1.1538105010986328,,-1.1538105010986328,
1948,15591,,,1.1642767190933228,,-1.1642767190933228,
1949,15599,,,,1.3386688232421875,,-1.3386688232421875
1949,15599,,,1.1740410327911377,,-1.1740410327911377,
1950,15607,,,1.1790395975112915,,-1.1790395975112915,
1951,15615,,,1.192744493484497,,-1.192744493484497,
1952,15623,,,1.1992390155792236,,-1.1992390155792236,
1953,15631,,,1.2107254266738892,,-1.2107254266738892,
1954,15639,,,1.2050025463104248,,-1.2050025463104248,
1955,15647,,,1.2095797061920166,,-1.2095797061920166,
1956,15649,,,,1.1738262176513672,,-1.1738262176513672
1956,15655,,,1.216640830039978,,-1.216640830039978,
1957,15663,,,1.2244938611984253,,-1.2244938611984253,
1958,15671,,,1.2342456579208374,,-1.2342456579208374,
1959,15679,,,1.241672396659851,,-1.241672396659851,
1960,15687,,,1.2465049028396606,,-1.2465049028396606,
1961,15695,,,1.2407841682434082,,-1.2407841682434082,
1962,15699,,,,1.3399028778076172,,-1.3399028778076172
1962,15703,,,1.2408709526062012,,-1.2408709526062012,
1963,15711,,,1.2467714548110962,,-1.2467714548110962,
1964,15719,,,1.2370457649230957,,-1.2370457649230957,
1965,15727,,,1.2461154460906982,,-1.2461154460906982,
1966,15735,,,1.243053913116455,,-1.243053913116455,
1967,15743,,,1.2473849058151245,,-1.2473849058151245,
1968,15749,,,,1.2944507598876953,,-1.2944507598876953
1968,15751,,,1.2379807233810425,,-1.2379807233810425,
1969,15759,,,1.242226004600525,,-1.242226004600525,
1970,15767,,,1.2425215244293213,,-1.2425215244293213,
1971,15775,,,1.242673635482788,,-1.242673635482788,
1972,15783,,,1.2362585067749023,,-1.2362585067749023,
1973,15791,,,1.2485792636871338,,-1.2485792636871338,
1974,15799,,,,1.1759090423583984,,-1.1759090423583984
1974,15799,,,1.2404146194458008,,-1.2404146194458008,
1975,15807,,,1.2410324811935425,,-1.2410324811935425,
1976,15815,,,1.2411227226257324,,-1.2411227226257324,
1977,15823,,,1.2519593238830566,,-1.2519593238830566,
1978,15831,,,1.2409751415252686,,-1.2409751415252686,
1979,15839,,,1.2406867742538452,,-1.2406867742538452,
1980,15847,,,1.246678352355957,,-1.246678352355957,
1981,15849,,,,1.2217025756835938,,-1.2217025756835938
1981,15855,,,1.239060878753662,,-1.239060878753662,
1982,15863,,,1.2630066871643066,,-1.2630066871643066,
1983,15871,,,1.2506170272827148,,-1.2506170272827148,
1984,15879,,,1.2363409996032715,,-1.2363409996032715,
1985,15887,,,1.246561050415039,,-1.246561050415039,
1986,15895,,,1.242295265197754,,-1.242295265197754,
1987,15899,,,,1.2360000610351562,,-1.2360000610351562
1987,15903,,,1.2340638637542725,,-1.2340638637542725,
1988,15911,,,1.2447363138198853,,-1.2447363138198853,
1989,15919,,,1.248660922050476,,-1.248660922050476,
1990,15927,,,1.2359851598739624,,-1.2359851598739624,
1991,15935,,,1.249579668045044,,-1.249579668045044,
1992,15943,,,1.2394435405731201,,-1.2394435405731201,
1993,15949,,,,1.0272960662841797,,-1.0272960662841797
1993,15951,,,1.247429609298706,,-1.247429609298706,
1994,15959,,,1.249237298965454,,-1.249237298965454,
1995,15967,,,1.2392470836639404,,-1.2392470836639404,
1996,15975,,,1.2419160604476929,,-1.2419160604476929,
1997,15983,,,1.2445766925811768,,-1.2445766925811768,
1998,15991,,,1.2419023513793945,,-1.2419023513793945,
1999,15999,,,,1.0066871643066406,,-1.0066871643066406
1999,15999,,,1.2375757694244385,,-1.2375757694244385,
2000,16000,1.2732945680618286,-1.2732945680618286,,,,
