epoch,step,test_loss,test_renyi_lb,train_loss_epoch,train_loss_step,train_renyi_lb_epoch,train_renyi_lb_step
0,7,,,-0.0541328601539135,,0.0541328601539135,
1,15,,,-0.05492816120386124,,0.05492816120386124,
2,23,,,-0.05500027537345886,,0.05500027537345886,
3,31,,,-0.05535566434264183,,0.05535566434264183,
4,39,,,-0.05526256561279297,,0.05526256561279297,
5,47,,,-0.05558852478861809,,0.05558852478861809,
6,49,,,,-0.04959756135940552,,0.04959756135940552
6,55,,,-0.0556737445294857,,0.0556737445294857,
7,63,,,-0.05552962049841881,,0.05552962049841881,
8,71,,,-0.055922068655490875,,0.055922068655490875,
9,79,,,-0.055712733417749405,,0.055712733417749405,
10,87,,,-0.055900707840919495,,0.055900707840919495,
11,95,,,-0.05572792515158653,,0.05572792515158653,
12,99,,,,-0.03395581245422363,,0.03395581245422363
12,103,,,-0.05595684051513672,,0.05595684051513672,
13,111,,,-0.055769532918930054,,0.055769532918930054,
14,119,,,-0.055933378636837006,,0.055933378636837006,
15,127,,,-0.056146930903196335,,0.056146930903196335,
16,135,,,-0.0560440719127655,,0.0560440719127655,
17,143,,,-0.055948786437511444,,0.055948786437511444,
18,149,,,,-0.04908806085586548,,0.04908806085586548
18,151,,,-0.05611651763319969,,0.05611651763319969,
19,159,,,-0.05632307007908821,,0.05632307007908821,
20,167,,,-0.05642567202448845,,0.05642567202448845,
21,175,,,-0.056197669357061386,,0.056197669357061386,
22,183,,,-0.05636666342616081,,0.05636666342616081,
23,191,,,-0.05656823143362999,,0.05656823143362999,
24,199,,,,-0.073993980884552,,0.073993980884552
24,199,,,-0.05659107118844986,,0.05659107118844986,
25,207,,,-0.056434016674757004,,0.056434016674757004,
26,215,,,-0.05650899186730385,,0.05650899186730385,
27,223,,,-0.0567307248711586,,0.0567307248711586,
28,231,,,-0.05659550800919533,,0.05659550800919533,
29,239,,,-0.05660112202167511,,0.05660112202167511,
30,247,,,-0.05669282376766205,,0.05669282376766205,
31,249,,,,-0.06433385610580444,,0.06433385610580444
31,255,,,-0.056867267936468124,,0.056867267936468124,
32,263,,,-0.05699777975678444,,0.05699777975678444,
33,271,,,-0.0570405013859272,,0.0570405013859272,
34,279,,,-0.057172246277332306,,0.057172246277332306,
35,287,,,-0.0570383183658123,,0.0570383183658123,
36,295,,,-0.05713196471333504,,0.05713196471333504,
37,299,,,,-0.04346507787704468,,0.04346507787704468
37,303,,,-0.05748552829027176,,0.05748552829027176,
38,311,,,-0.057389140129089355,,0.057389140129089355,
39,319,,,-0.057292889803647995,,0.057292889803647995,
40,327,,,-0.05775604397058487,,0.05775604397058487,
41,335,,,-0.05740911886096001,,0.05740911886096001,
42,343,,,-0.05752138793468475,,0.05752138793468475,
43,349,,,,-0.053197264671325684,,0.053197264671325684
43,351,,,-0.057399164885282516,,0.057399164885282516,
44,359,,,-0.05748690664768219,,0.05748690664768219,
45,367,,,-0.05747200921177864,,0.05747200921177864,
46,375,,,-0.05755595117807388,,0.05755595117807388,
47,383,,,-0.05753394961357117,,0.05753394961357117,
48,391,,,-0.05758235603570938,,0.05758235603570938,
49,399,,,,-0.07282000780105591,,0.07282000780105591
49,399,,,-0.057812903076410294,,0.057812903076410294,
50,407,,,-0.05783390626311302,,0.05783390626311302,
51,415,,,-0.057886894792318344,,0.057886894792318344,
52,423,,,-0.05786915868520737,,0.05786915868520737,
53,431,,,-0.05809823051095009,,0.05809823051095009,
54,439,,,-0.05803855508565903,,0.05803855508565903,
55,447,,,-0.05834046006202698,,0.05834046006202698,
56,449,,,,-0.051246702671051025,,0.051246702671051025
56,455,,,-0.0582054927945137,,0.0582054927945137,
57,463,,,-0.05801268294453621,,0.05801268294453621,
58,471,,,-0.058073706924915314,,0.058073706924915314,
59,479,,,-0.05814066901803017,,0.05814066901803017,
60,487,,,-0.058275047689676285,,0.058275047689676285,
61,495,,,-0.05850894749164581,,0.05850894749164581,
62,499,,,,-0.05751156806945801,,0.05751156806945801
62,503,,,-0.05828157812356949,,0.05828157812356949,
63,511,,,-0.058277677744627,,0.058277677744627,
64,519,,,-0.058177702128887177,,0.058177702128887177,
65,527,,,-0.05844034254550934,,0.05844034254550934,
66,535,,,-0.05841618776321411,,0.05841618776321411,
67,543,,,-0.05865350365638733,,0.05865350365638733,
68,549,,,,-0.057519733905792236,,0.057519733905792236
68,551,,,-0.05841439962387085,,0.05841439962387085,
69,559,,,-0.058368995785713196,,0.058368995785713196,
70,567,,,-0.05862148478627205,,0.05862148478627205,
71,575,,,-0.0585104264318943,,0.0585104264318943,
72,583,,,-0.05860608443617821,,0.05860608443617821,
73,591,,,-0.058505475521087646,,0.058505475521087646,
74,599,,,,-0.05433696508407593,,0.05433696508407593
74,599,,,-0.05869534984230995,,0.05869534984230995,
75,607,,,-0.05855848267674446,,0.05855848267674446,
76,615,,,-0.0585937574505806,,0.0585937574505806,
77,623,,,-0.058701042085886,,0.058701042085886,
78,631,,,-0.05873400345444679,,0.05873400345444679,
79,639,,,-0.058740973472595215,,0.058740973472595215,
80,647,,,-0.05872657522559166,,0.05872657522559166,
81,649,,,,-0.07646656036376953,,0.07646656036376953
81,655,,,-0.05877639725804329,,0.05877639725804329,
82,663,,,-0.058785393834114075,,0.058785393834114075,
83,671,,,-0.05872480571269989,,0.05872480571269989,
84,679,,,-0.05882495269179344,,0.05882495269179344,
85,687,,,-0.05874663591384888,,0.05874663591384888,
86,695,,,-0.058805547654628754,,0.058805547654628754,
87,699,,,,-0.057699382305145264,,0.057699382305145264
87,703,,,-0.05886685103178024,,0.05886685103178024,
88,711,,,-0.05885569378733635,,0.05885569378733635,
89,719,,,-0.05906221270561218,,0.05906221270561218,
90,727,,,-0.05901884287595749,,0.05901884287595749,
91,735,,,-0.05921391770243645,,0.05921391770243645,
92,743,,,-0.05897995084524155,,0.05897995084524155,
93,749,,,,-0.07474642992019653,,0.07474642992019653
93,751,,,-0.0588272288441658,,0.0588272288441658,
94,759,,,-0.058850206434726715,,0.058850206434726715,
95,767,,,-0.05896444618701935,,0.05896444618701935,
96,775,,,-0.05913136154413223,,0.05913136154413223,
97,783,,,-0.05906219407916069,,0.05906219407916069,
98,791,,,-0.05920099467039108,,0.05920099467039108,
99,799,,,,-0.057756006717681885,,0.057756006717681885
99,799,,,-0.05901138484477997,,0.05901138484477997,
100,807,,,-0.05914028361439705,,0.05914028361439705,
101,815,,,-0.05910446122288704,,0.05910446122288704,
102,823,,,-0.0593223012983799,,0.0593223012983799,
103,831,,,-0.05916466563940048,,0.05916466563940048,
104,839,,,-0.05919982120394707,,0.05919982120394707,
105,847,,,-0.05930345505475998,,0.05930345505475998,
106,849,,,,-0.06951940059661865,,0.06951940059661865
106,855,,,-0.05956154689192772,,0.05956154689192772,
107,863,,,-0.05921011418104172,,0.05921011418104172,
108,871,,,-0.059245653450489044,,0.059245653450489044,
109,879,,,-0.05947296693921089,,0.05947296693921089,
110,887,,,-0.05939099192619324,,0.05939099192619324,
111,895,,,-0.059400029480457306,,0.059400029480457306,
112,899,,,,-0.06355446577072144,,0.06355446577072144
112,903,,,-0.05940798297524452,,0.05940798297524452,
113,911,,,-0.05942618474364281,,0.05942618474364281,
114,919,,,-0.059402160346508026,,0.059402160346508026,
115,927,,,-0.0593876950442791,,0.0593876950442791,
116,935,,,-0.05940090864896774,,0.05940090864896774,
117,943,,,-0.05961661413311958,,0.05961661413311958,
118,949,,,,-0.07571351528167725,,0.07571351528167725
118,951,,,-0.05983678624033928,,0.05983678624033928,
119,959,,,-0.0595809742808342,,0.0595809742808342,
120,967,,,-0.05953533947467804,,0.05953533947467804,
121,975,,,-0.05940188467502594,,0.05940188467502594,
122,983,,,-0.059471964836120605,,0.059471964836120605,
123,991,,,-0.059611912816762924,,0.059611912816762924,
124,999,,,,-0.047589659690856934,,0.047589659690856934
124,999,,,-0.0595124214887619,,0.0595124214887619,
125,1007,,,-0.05951288342475891,,0.05951288342475891,
126,1015,,,-0.0598883181810379,,0.0598883181810379,
127,1023,,,-0.0595792718231678,,0.0595792718231678,
128,1031,,,-0.0595238022506237,,0.0595238022506237,
129,1039,,,-0.05960003659129143,,0.05960003659129143,
130,1047,,,-0.05962564796209335,,0.05962564796209335,
131,1049,,,,-0.05145519971847534,,0.05145519971847534
131,1055,,,-0.05962573364377022,,0.05962573364377022,
132,1063,,,-0.059618640691041946,,0.059618640691041946,
133,1071,,,-0.05977548658847809,,0.05977548658847809,
134,1079,,,-0.05982514098286629,,0.05982514098286629,
135,1087,,,-0.05965595692396164,,0.05965595692396164,
136,1095,,,-0.05979309603571892,,0.05979309603571892,
137,1099,,,,-0.05213898420333862,,0.05213898420333862
137,1103,,,-0.059727028012275696,,0.059727028012275696,
138,1111,,,-0.05978017672896385,,0.05978017672896385,
139,1119,,,-0.05982556939125061,,0.05982556939125061,
140,1127,,,-0.05988190323114395,,0.05988190323114395,
141,1135,,,-0.059967365115880966,,0.059967365115880966,
142,1143,,,-0.05970771610736847,,0.05970771610736847,
143,1149,,,,-0.05317741632461548,,0.05317741632461548
143,1151,,,-0.05985286831855774,,0.05985286831855774,
144,1159,,,-0.059892792254686356,,0.059892792254686356,
145,1167,,,-0.059874027967453,,0.059874027967453,
146,1175,,,-0.059828247874975204,,0.059828247874975204,
147,1183,,,-0.05987079441547394,,0.05987079441547394,
148,1191,,,-0.060075413435697556,,0.060075413435697556,
149,1199,,,,-0.05154770612716675,,0.05154770612716675
149,1199,,,-0.05986648425459862,,0.05986648425459862,
150,1207,,,-0.060139335691928864,,0.060139335691928864,
151,1215,,,-0.05991395190358162,,0.05991395190358162,
152,1223,,,-0.0601051039993763,,0.0601051039993763,
153,1231,,,-0.059887755662202835,,0.059887755662202835,
154,1239,,,-0.06039002537727356,,0.06039002537727356,
155,1247,,,-0.06001211702823639,,0.06001211702823639,
156,1249,,,,-0.06414702534675598,,0.06414702534675598
156,1255,,,-0.060010332614183426,,0.060010332614183426,
157,1263,,,-0.060015492141246796,,0.060015492141246796,
158,1271,,,-0.060028593987226486,,0.060028593987226486,
159,1279,,,-0.060017578303813934,,0.060017578303813934,
160,1287,,,-0.06002003327012062,,0.06002003327012062,
161,1295,,,-0.06016115844249725,,0.06016115844249725,
162,1299,,,,-0.05313423275947571,,0.05313423275947571
162,1303,,,-0.06012463942170143,,0.06012463942170143,
163,1311,,,-0.060142774134874344,,0.060142774134874344,
164,1319,,,-0.06007939949631691,,0.06007939949631691,
165,1327,,,-0.060142457485198975,,0.060142457485198975,
166,1335,,,-0.06005777046084404,,0.06005777046084404,
167,1343,,,-0.06007632985711098,,0.06007632985711098,
168,1349,,,,-0.04462966322898865,,0.04462966322898865
168,1351,,,-0.06012270972132683,,0.06012270972132683,
169,1359,,,-0.06025821715593338,,0.06025821715593338,
170,1367,,,-0.06045084074139595,,0.06045084074139595,
171,1375,,,-0.06018783524632454,,0.06018783524632454,
172,1383,,,-0.06024189293384552,,0.06024189293384552,
173,1391,,,-0.060189709067344666,,0.060189709067344666,
174,1399,,,,-0.04794922471046448,,0.04794922471046448
174,1399,,,-0.0601343996822834,,0.0601343996822834,
175,1407,,,-0.06023090332746506,,0.06023090332746506,
176,1415,,,-0.06018815189599991,,0.06018815189599991,
177,1423,,,-0.06035120412707329,,0.06035120412707329,
178,1431,,,-0.06033041328191757,,0.06033041328191757,
179,1439,,,-0.06036033853888512,,0.06036033853888512,
180,1447,,,-0.06048588827252388,,0.06048588827252388,
181,1449,,,,-0.037755995988845825,,0.037755995988845825
181,1455,,,-0.060553595423698425,,0.060553595423698425,
182,1463,,,-0.06041213870048523,,0.06041213870048523,
183,1471,,,-0.0604248121380806,,0.0604248121380806,
184,1479,,,-0.06036534905433655,,0.06036534905433655,
185,1487,,,-0.060270629823207855,,0.060270629823207855,
186,1495,,,-0.060516033321619034,,0.060516033321619034,
187,1499,,,,-0.06677216291427612,,0.06677216291427612
187,1503,,,-0.06061556562781334,,0.06061556562781334,
188,1511,,,-0.060506537556648254,,0.060506537556648254,
189,1519,,,-0.060555554926395416,,0.060555554926395416,
190,1527,,,-0.060323894023895264,,0.060323894023895264,
191,1535,,,-0.060489293187856674,,0.060489293187856674,
192,1543,,,-0.06043483316898346,,0.06043483316898346,
193,1549,,,,-0.06686210632324219,,0.06686210632324219
193,1551,,,-0.06060429662466049,,0.06060429662466049,
194,1559,,,-0.06057495251297951,,0.06057495251297951,
195,1567,,,-0.060557398945093155,,0.060557398945093155,
196,1575,,,-0.06057813763618469,,0.06057813763618469,
197,1583,,,-0.060521092265844345,,0.060521092265844345,
198,1591,,,-0.06054021045565605,,0.06054021045565605,
199,1599,,,,-0.07014468312263489,,0.07014468312263489
199,1599,,,-0.0606999509036541,,0.0606999509036541,
200,1607,,,-0.06062006950378418,,0.06062006950378418,
201,1615,,,-0.060768693685531616,,0.060768693685531616,
202,1623,,,-0.0607660636305809,,0.0607660636305809,
203,1631,,,-0.06068090721964836,,0.06068090721964836,
204,1639,,,-0.060673534870147705,,0.060673534870147705,
205,1647,,,-0.0606929250061512,,0.0606929250061512,
206,1649,,,,-0.06450805068016052,,0.06450805068016052
206,1655,,,-0.06063396483659744,,0.06063396483659744,
207,1663,,,-0.06088493764400482,,0.06088493764400482,
208,1671,,,-0.06075324863195419,,0.06075324863195419,
209,1679,,,-0.060721684247255325,,0.060721684247255325,
210,1687,,,-0.06090365722775459,,0.06090365722775459,
211,1695,,,-0.060809843242168427,,0.060809843242168427,
212,1699,,,,-0.08128070831298828,,0.08128070831298828
212,1703,,,-0.060937922447919846,,0.060937922447919846,
213,1711,,,-0.06078273802995682,,0.06078273802995682,
214,1719,,,-0.060736656188964844,,0.060736656188964844,
215,1727,,,-0.060760125517845154,,0.060760125517845154,
216,1735,,,-0.060804810374975204,,0.060804810374975204,
217,1743,,,-0.06078587472438812,,0.06078587472438812,
218,1749,,,,-0.07232093811035156,,0.07232093811035156
218,1751,,,-0.060704272240400314,,0.060704272240400314,
219,1759,,,-0.06064681336283684,,0.06064681336283684,
220,1767,,,-0.06080332770943642,,0.06080332770943642,
221,1775,,,-0.06080925837159157,,0.06080925837159157,
222,1783,,,-0.06088683009147644,,0.06088683009147644,
223,1791,,,-0.06084990128874779,,0.06084990128874779,
224,1799,,,,-0.03547334671020508,,0.03547334671020508
224,1799,,,-0.06067952141165733,,0.06067952141165733,
225,1807,,,-0.06104772165417671,,0.06104772165417671,
226,1815,,,-0.06092435121536255,,0.06092435121536255,
227,1823,,,-0.060878999531269073,,0.060878999531269073,
228,1831,,,-0.06100459769368172,,0.06100459769368172,
229,1839,,,-0.06093892827630043,,0.06093892827630043,
230,1847,,,-0.06091693788766861,,0.06091693788766861,
231,1849,,,,-0.06612110137939453,,0.06612110137939453
231,1855,,,-0.06095416843891144,,0.06095416843891144,
232,1863,,,-0.06105194613337517,,0.06105194613337517,
233,1871,,,-0.06087490916252136,,0.06087490916252136,
234,1879,,,-0.06101026013493538,,0.06101026013493538,
235,1887,,,-0.06097628176212311,,0.06097628176212311,
236,1895,,,-0.061061494052410126,,0.061061494052410126,
237,1899,,,,-0.06464862823486328,,0.06464862823486328
237,1903,,,-0.06107788160443306,,0.06107788160443306,
238,1911,,,-0.06097283959388733,,0.06097283959388733,
239,1919,,,-0.06097312644124031,,0.06097312644124031,
240,1927,,,-0.06103725731372833,,0.06103725731372833,
241,1935,,,-0.06098421663045883,,0.06098421663045883,
242,1943,,,-0.06112407147884369,,0.06112407147884369,
243,1949,,,,-0.051165103912353516,,0.051165103912353516
243,1951,,,-0.061004601418972015,,0.061004601418972015,
244,1959,,,-0.06118963658809662,,0.06118963658809662,
245,1967,,,-0.06095624342560768,,0.06095624342560768,
246,1975,,,-0.061117663979530334,,0.061117663979530334,
247,1983,,,-0.06109108775854111,,0.06109108775854111,
248,1991,,,-0.06109701469540596,,0.06109701469540596,
249,1999,,,,-0.06638306379318237,,0.06638306379318237
249,1999,,,-0.06111320108175278,,0.06111320108175278,
250,2007,,,-0.06107545644044876,,0.06107545644044876,
251,2015,,,-0.06107202172279358,,0.06107202172279358,
252,2023,,,-0.06102478504180908,,0.06102478504180908,
253,2031,,,-0.061199016869068146,,0.061199016869068146,
254,2039,,,-0.06114058196544647,,0.06114058196544647,
255,2047,,,-0.0611393004655838,,0.0611393004655838,
256,2049,,,,-0.06683996319770813,,0.06683996319770813
256,2055,,,-0.06122690439224243,,0.06122690439224243,
257,2063,,,-0.06121750548481941,,0.06121750548481941,
258,2071,,,-0.0612984262406826,,0.0612984262406826,
259,2079,,,-0.061140235513448715,,0.061140235513448715,
260,2087,,,-0.06103505194187164,,0.06103505194187164,
261,2095,,,-0.06120922788977623,,0.06120922788977623,
262,2099,,,,-0.057393819093704224,,0.057393819093704224
262,2103,,,-0.061168815940618515,,0.061168815940618515,
263,2111,,,-0.061070121824741364,,0.061070121824741364,
264,2119,,,-0.06126179173588753,,0.06126179173588753,
265,2127,,,-0.06124904006719589,,0.06124904006719589,
266,2135,,,-0.061218272894620895,,0.061218272894620895,
267,2143,,,-0.06117388233542442,,0.06117388233542442,
268,2149,,,,-0.0586564838886261,,0.0586564838886261
268,2151,,,-0.061196569353342056,,0.061196569353342056,
269,2159,,,-0.06119948625564575,,0.06119948625564575,
270,2167,,,-0.06113283708691597,,0.06113283708691597,
271,2175,,,-0.061360083520412445,,0.061360083520412445,
272,2183,,,-0.06127183139324188,,0.06127183139324188,
273,2191,,,-0.06126411259174347,,0.06126411259174347,
274,2199,,,,-0.047708213329315186,,0.047708213329315186
274,2199,,,-0.06135307624936104,,0.06135307624936104,
275,2207,,,-0.06124705821275711,,0.06124705821275711,
276,2215,,,-0.061439819633960724,,0.061439819633960724,
277,2223,,,-0.06129689887166023,,0.06129689887166023,
278,2231,,,-0.061275407671928406,,0.061275407671928406,
279,2239,,,-0.06130986288189888,,0.06130986288189888,
280,2247,,,-0.061384961009025574,,0.061384961009025574,
281,2249,,,,-0.061777740716934204,,0.061777740716934204
281,2255,,,-0.0613967701792717,,0.0613967701792717,
282,2263,,,-0.06127273663878441,,0.06127273663878441,
283,2271,,,-0.061319731175899506,,0.061319731175899506,
284,2279,,,-0.061416637152433395,,0.061416637152433395,
285,2287,,,-0.06143508478999138,,0.06143508478999138,
286,2295,,,-0.06144099682569504,,0.06144099682569504,
287,2299,,,,-0.0467219352722168,,0.0467219352722168
287,2303,,,-0.06148814037442207,,0.06148814037442207,
288,2311,,,-0.06138969585299492,,0.06138969585299492,
289,2319,,,-0.06141455098986626,,0.06141455098986626,
290,2327,,,-0.06136828660964966,,0.06136828660964966,
291,2335,,,-0.0613577626645565,,0.0613577626645565,
292,2343,,,-0.06152646616101265,,0.06152646616101265,
293,2349,,,,-0.057373046875,,0.057373046875
293,2351,,,-0.06159135699272156,,0.06159135699272156,
294,2359,,,-0.06141146272420883,,0.06141146272420883,
295,2367,,,-0.06155607849359512,,0.06155607849359512,
296,2375,,,-0.0614633783698082,,0.0614633783698082,
297,2383,,,-0.06145155057311058,,0.06145155057311058,
298,2391,,,-0.06152696534991264,,0.06152696534991264,
299,2399,,,,-0.05942067503929138,,0.05942067503929138
299,2399,,,-0.06149529293179512,,0.06149529293179512,
300,2407,,,-0.061592407524585724,,0.061592407524585724,
301,2415,,,-0.06149407476186752,,0.06149407476186752,
302,2423,,,-0.061478301882743835,,0.061478301882743835,
303,2431,,,-0.061565712094306946,,0.061565712094306946,
304,2439,,,-0.06149939447641373,,0.06149939447641373,
305,2447,,,-0.061546117067337036,,0.061546117067337036,
306,2449,,,,-0.04011616110801697,,0.04011616110801697
306,2455,,,-0.06140732392668724,,0.06140732392668724,
307,2463,,,-0.06168176978826523,,0.06168176978826523,
308,2471,,,-0.06162288039922714,,0.06162288039922714,
309,2479,,,-0.06141218915581703,,0.06141218915581703,
310,2487,,,-0.061483729630708694,,0.061483729630708694,
311,2495,,,-0.06160271167755127,,0.06160271167755127,
312,2499,,,,-0.06133118271827698,,0.06133118271827698
312,2503,,,-0.0616130493581295,,0.0616130493581295,
313,2511,,,-0.06146330013871193,,0.06146330013871193,
314,2519,,,-0.06142863631248474,,0.06142863631248474,
315,2527,,,-0.06152452528476715,,0.06152452528476715,
316,2535,,,-0.06168297678232193,,0.06168297678232193,
317,2543,,,-0.061583012342453,,0.061583012342453,
318,2549,,,,-0.07620850205421448,,0.07620850205421448
318,2551,,,-0.06166120618581772,,0.06166120618581772,
319,2559,,,-0.06147877871990204,,0.06147877871990204,
320,2567,,,-0.06165844574570656,,0.06165844574570656,
321,2575,,,-0.06157059222459793,,0.06157059222459793,
322,2583,,,-0.06164705380797386,,0.06164705380797386,
323,2591,,,-0.06168680265545845,,0.06168680265545845,
324,2599,,,,-0.06857585906982422,,0.06857585906982422
324,2599,,,-0.06140824407339096,,0.06140824407339096,
325,2607,,,-0.06160552799701691,,0.06160552799701691,
326,2615,,,-0.06147291138768196,,0.06147291138768196,
327,2623,,,-0.061495061963796616,,0.061495061963796616,
328,2631,,,-0.06166306138038635,,0.06166306138038635,
329,2639,,,-0.0616360642015934,,0.0616360642015934,
330,2647,,,-0.061652153730392456,,0.061652153730392456,
331,2649,,,,-0.07353177666664124,,0.07353177666664124
331,2655,,,-0.06172722950577736,,0.06172722950577736,
332,2663,,,-0.061745744198560715,,0.061745744198560715,
333,2671,,,-0.06159821152687073,,0.06159821152687073,
334,2679,,,-0.06166667491197586,,0.06166667491197586,
335,2687,,,-0.061786308884620667,,0.061786308884620667,
336,2695,,,-0.061573613435029984,,0.061573613435029984,
337,2699,,,,-0.064107745885849,,0.064107745885849
337,2703,,,-0.06170494854450226,,0.06170494854450226,
338,2711,,,-0.0615902841091156,,0.0615902841091156,
339,2719,,,-0.061830513179302216,,0.061830513179302216,
340,2727,,,-0.06168277561664581,,0.06168277561664581,
341,2735,,,-0.06162230670452118,,0.06162230670452118,
342,2743,,,-0.06151245906949043,,0.06151245906949043,
343,2749,,,,-0.07274430990219116,,0.07274430990219116
343,2751,,,-0.06184606999158859,,0.06184606999158859,
344,2759,,,-0.061609137803316116,,0.061609137803316116,
345,2767,,,-0.06179330497980118,,0.06179330497980118,
346,2775,,,-0.06176576018333435,,0.06176576018333435,
347,2783,,,-0.061890557408332825,,0.061890557408332825,
348,2791,,,-0.0617956779897213,,0.0617956779897213,
349,2799,,,,-0.05347278714179993,,0.05347278714179993
349,2799,,,-0.06184064969420433,,0.06184064969420433,
350,2807,,,-0.06168085336685181,,0.06168085336685181,
351,2815,,,-0.061797790229320526,,0.061797790229320526,
352,2823,,,-0.06178852543234825,,0.06178852543234825,
353,2831,,,-0.06175750866532326,,0.06175750866532326,
354,2839,,,-0.06186481937766075,,0.06186481937766075,
355,2847,,,-0.06202377378940582,,0.06202377378940582,
356,2849,,,,-0.06312969326972961,,0.06312969326972961
356,2855,,,-0.06181588023900986,,0.06181588023900986,
357,2863,,,-0.061716631054878235,,0.061716631054878235,
358,2871,,,-0.061768077313899994,,0.061768077313899994,
359,2879,,,-0.06185450404882431,,0.06185450404882431,
360,2887,,,-0.06178443506360054,,0.06178443506360054,
361,2895,,,-0.06179920211434364,,0.06179920211434364,
362,2899,,,,-0.05491623282432556,,0.05491623282432556
362,2903,,,-0.06188317388296127,,0.06188317388296127,
363,2911,,,-0.06182873621582985,,0.06182873621582985,
364,2919,,,-0.06184474378824234,,0.06184474378824234,
365,2927,,,-0.06177147105336189,,0.06177147105336189,
366,2935,,,-0.061923615634441376,,0.061923615634441376,
367,2943,,,-0.0619204118847847,,0.0619204118847847,
368,2949,,,,-0.057239800691604614,,0.057239800691604614
368,2951,,,-0.06193713843822479,,0.06193713843822479,
369,2959,,,-0.0620049387216568,,0.0620049387216568,
370,2967,,,-0.0618329718708992,,0.0618329718708992,
371,2975,,,-0.061833031475543976,,0.061833031475543976,
372,2983,,,-0.061797503381967545,,0.061797503381967545,
373,2991,,,-0.06188957020640373,,0.06188957020640373,
374,2999,,,,-0.06813716888427734,,0.06813716888427734
374,2999,,,-0.0618770457804203,,0.0618770457804203,
375,3007,,,-0.06189490854740143,,0.06189490854740143,
376,3015,,,-0.06191455200314522,,0.06191455200314522,
377,3023,,,-0.061838049441576004,,0.061838049441576004,
378,3031,,,-0.06188378855586052,,0.06188378855586052,
379,3039,,,-0.06162862479686737,,0.06162862479686737,
380,3047,,,-0.061759959906339645,,0.061759959906339645,
381,3049,,,,-0.044700801372528076,,0.044700801372528076
381,3055,,,-0.06198064610362053,,0.06198064610362053,
382,3063,,,-0.06200067698955536,,0.06200067698955536,
383,3071,,,-0.0618928037583828,,0.0618928037583828,
384,3079,,,-0.06195051968097687,,0.06195051968097687,
385,3087,,,-0.06191176921129227,,0.06191176921129227,
386,3095,,,-0.06209781393408775,,0.06209781393408775,
387,3099,,,,-0.0652097761631012,,0.0652097761631012
387,3103,,,-0.06195889785885811,,0.06195889785885811,
388,3111,,,-0.061835870146751404,,0.061835870146751404,
389,3119,,,-0.061835676431655884,,0.061835676431655884,
390,3127,,,-0.06189785152673721,,0.06189785152673721,
391,3135,,,-0.06188244745135307,,0.06188244745135307,
392,3143,,,-0.06193353235721588,,0.06193353235721588,
393,3149,,,,-0.07335396111011505,,0.07335396111011505
393,3151,,,-0.062068089842796326,,0.062068089842796326,
394,3159,,,-0.06187490373849869,,0.06187490373849869,
395,3167,,,-0.06186487898230553,,0.06186487898230553,
396,3175,,,-0.06196782365441322,,0.06196782365441322,
397,3183,,,-0.061963971704244614,,0.061963971704244614,
398,3191,,,-0.06176356226205826,,0.06176356226205826,
399,3199,,,,-0.05224159359931946,,0.05224159359931946
399,3199,,,-0.062039729207754135,,0.062039729207754135,
400,3207,,,-0.06193399801850319,,0.06193399801850319,
401,3215,,,-0.06201731413602829,,0.06201731413602829,
402,3223,,,-0.06192722171545029,,0.06192722171545029,
403,3231,,,-0.06195688992738724,,0.06195688992738724,
404,3239,,,-0.061990886926651,,0.061990886926651,
405,3247,,,-0.06203852966427803,,0.06203852966427803,
406,3249,,,,-0.07137025892734528,,0.07137025892734528
406,3255,,,-0.061937831342220306,,0.061937831342220306,
407,3263,,,-0.061952684074640274,,0.061952684074640274,
408,3271,,,-0.06199575215578079,,0.06199575215578079,
409,3279,,,-0.06184104084968567,,0.06184104084968567,
410,3287,,,-0.06206834688782692,,0.06206834688782692,
411,3295,,,-0.061956580728292465,,0.061956580728292465,
412,3299,,,,-0.07792863249778748,,0.07792863249778748
412,3303,,,-0.06200576201081276,,0.06200576201081276,
413,3311,,,-0.062112584710121155,,0.062112584710121155,
414,3319,,,-0.06191987171769142,,0.06191987171769142,
415,3327,,,-0.06194654479622841,,0.06194654479622841,
416,3335,,,-0.06185201555490494,,0.06185201555490494,
417,3343,,,-0.061863988637924194,,0.061863988637924194,
418,3349,,,,-0.06614331901073456,,0.06614331901073456
418,3351,,,-0.06197665259242058,,0.06197665259242058,
419,3359,,,-0.06204284727573395,,0.06204284727573395,
420,3367,,,-0.06202013045549393,,0.06202013045549393,
421,3375,,,-0.061975665390491486,,0.061975665390491486,
422,3383,,,-0.06190211698412895,,0.06190211698412895,
423,3391,,,-0.062010105699300766,,0.062010105699300766,
424,3399,,,,-0.059136584401130676,,0.059136584401130676
424,3399,,,-0.06192617863416672,,0.06192617863416672,
425,3407,,,-0.06206144392490387,,0.06206144392490387,
426,3415,,,-0.0619959831237793,,0.0619959831237793,
427,3423,,,-0.06200752407312393,,0.06200752407312393,
428,3431,,,-0.06204193830490112,,0.06204193830490112,
429,3439,,,-0.061991192400455475,,0.061991192400455475,
430,3447,,,-0.061869196593761444,,0.061869196593761444,
431,3449,,,,-0.06161011755466461,,0.06161011755466461
431,3455,,,-0.06194055825471878,,0.06194055825471878,
432,3463,,,-0.06199203059077263,,0.06199203059077263,
433,3471,,,-0.06199580058455467,,0.06199580058455467,
434,3479,,,-0.062042638659477234,,0.062042638659477234,
435,3487,,,-0.06196246296167374,,0.06196246296167374,
436,3495,,,-0.06202385947108269,,0.06202385947108269,
437,3499,,,,-0.06634725630283356,,0.06634725630283356
437,3503,,,-0.062053851783275604,,0.062053851783275604,
438,3511,,,-0.061913684010505676,,0.061913684010505676,
439,3519,,,-0.061977311968803406,,0.061977311968803406,
440,3527,,,-0.061992280185222626,,0.061992280185222626,
441,3535,,,-0.062006596475839615,,0.062006596475839615,
442,3543,,,-0.06208028644323349,,0.06208028644323349,
443,3549,,,,-0.07465410232543945,,0.07465410232543945
443,3551,,,-0.06198878958821297,,0.06198878958821297,
444,3559,,,-0.06212075799703598,,0.06212075799703598,
445,3567,,,-0.062038641422986984,,0.062038641422986984,
446,3575,,,-0.06236054003238678,,0.06236054003238678,
447,3583,,,-0.062104687094688416,,0.062104687094688416,
448,3591,,,-0.06200333684682846,,0.06200333684682846,
449,3599,,,,-0.06724929809570312,,0.06724929809570312
449,3599,,,-0.06191863864660263,,0.06191863864660263,
450,3607,,,-0.061993904411792755,,0.061993904411792755,
451,3615,,,-0.06211274862289429,,0.06211274862289429,
452,3623,,,-0.06197264418005943,,0.06197264418005943,
453,3631,,,-0.062066931277513504,,0.062066931277513504,
454,3639,,,-0.06209360435605049,,0.06209360435605049,
455,3647,,,-0.0620528869330883,,0.0620528869330883,
456,3649,,,,-0.04721660912036896,,0.04721660912036896
456,3655,,,-0.06213674321770668,,0.06213674321770668,
457,3663,,,-0.06210911273956299,,0.06210911273956299,
458,3671,,,-0.06220720335841179,,0.06220720335841179,
459,3679,,,-0.06219439581036568,,0.06219439581036568,
460,3687,,,-0.062157902866601944,,0.062157902866601944,
461,3695,,,-0.062036894261837006,,0.062036894261837006,
462,3699,,,,-0.07550354301929474,,0.07550354301929474
462,3703,,,-0.06211692467331886,,0.06211692467331886,
463,3711,,,-0.0621442012488842,,0.0621442012488842,
464,3719,,,-0.06217130273580551,,0.06217130273580551,
465,3727,,,-0.06205933168530464,,0.06205933168530464,
466,3735,,,-0.06211891025304794,,0.06211891025304794,
467,3743,,,-0.062139563262462616,,0.062139563262462616,
468,3749,,,,-0.06216725707054138,,0.06216725707054138
468,3751,,,-0.06209088861942291,,0.06209088861942291,
469,3759,,,-0.06215738505125046,,0.06215738505125046,
470,3767,,,-0.0620565302670002,,0.0620565302670002,
471,3775,,,-0.06199882924556732,,0.06199882924556732,
472,3783,,,-0.06210882589221001,,0.06210882589221001,
473,3791,,,-0.062051545828580856,,0.062051545828580856,
474,3799,,,,-0.07464675605297089,,0.07464675605297089
474,3799,,,-0.06216001510620117,,0.06216001510620117,
475,3807,,,-0.062108367681503296,,0.062108367681503296,
476,3815,,,-0.062096916139125824,,0.062096916139125824,
477,3823,,,-0.062072575092315674,,0.062072575092315674,
478,3831,,,-0.06208518519997597,,0.06208518519997597,
479,3839,,,-0.06209436058998108,,0.06209436058998108,
480,3847,,,-0.06216058507561684,,0.06216058507561684,
481,3849,,,,-0.03943432867527008,,0.03943432867527008
481,3855,,,-0.06211479380726814,,0.06211479380726814,
482,3863,,,-0.06212998181581497,,0.06212998181581497,
483,3871,,,-0.062235936522483826,,0.062235936522483826,
484,3879,,,-0.06211631000041962,,0.06211631000041962,
485,3887,,,-0.06227094680070877,,0.06227094680070877,
486,3895,,,-0.06208336353302002,,0.06208336353302002,
487,3899,,,,-0.05592116713523865,,0.05592116713523865
487,3903,,,-0.06207872927188873,,0.06207872927188873,
488,3911,,,-0.06214433163404465,,0.06214433163404465,
489,3919,,,-0.062081340700387955,,0.062081340700387955,
490,3927,,,-0.062076423317193985,,0.062076423317193985,
491,3935,,,-0.06215010955929756,,0.06215010955929756,
492,3943,,,-0.062120936810970306,,0.062120936810970306,
493,3949,,,,-0.05285610258579254,,0.05285610258579254
493,3951,,,-0.06224985793232918,,0.06224985793232918,
494,3959,,,-0.062131304293870926,,0.062131304293870926,
495,3967,,,-0.06209278479218483,,0.06209278479218483,
496,3975,,,-0.06214116886258125,,0.06214116886258125,
497,3983,,,-0.06207835674285889,,0.06207835674285889,
498,3991,,,-0.06207644194364548,,0.06207644194364548,
499,3999,,,,-0.06539449095726013,,0.06539449095726013
499,3999,,,-0.062161389738321304,,0.062161389738321304,
500,4007,,,-0.06211482360959053,,0.06211482360959053,
501,4015,,,-0.062184203416109085,,0.062184203416109085,
502,4023,,,-0.062106769531965256,,0.062106769531965256,
503,4031,,,-0.06215012073516846,,0.06215012073516846,
504,4039,,,-0.06213781610131264,,0.06213781610131264,
505,4047,,,-0.06205042824149132,,0.06205042824149132,
506,4049,,,,-0.05827559530735016,,0.05827559530735016
506,4055,,,-0.0621572770178318,,0.0621572770178318,
507,4063,,,-0.062135882675647736,,0.062135882675647736,
508,4071,,,-0.062158018350601196,,0.062158018350601196,
509,4079,,,-0.06212681904435158,,0.06212681904435158,
510,4087,,,-0.0620429627597332,,0.0620429627597332,
511,4095,,,-0.062280017882585526,,0.062280017882585526,
512,4099,,,,-0.05365443229675293,,0.05365443229675293
512,4103,,,-0.0621735155582428,,0.0621735155582428,
513,4111,,,-0.062398504465818405,,0.062398504465818405,
514,4119,,,-0.062170423567295074,,0.062170423567295074,
515,4127,,,-0.06220639497041702,,0.06220639497041702,
516,4135,,,-0.06210191547870636,,0.06210191547870636,
517,4143,,,-0.06210203841328621,,0.06210203841328621,
518,4149,,,,-0.057868003845214844,,0.057868003845214844
518,4151,,,-0.062125422060489655,,0.062125422060489655,
519,4159,,,-0.06219892576336861,,0.06219892576336861,
520,4167,,,-0.06213518604636192,,0.06213518604636192,
521,4175,,,-0.062150415033102036,,0.062150415033102036,
522,4183,,,-0.06211649253964424,,0.06211649253964424,
523,4191,,,-0.06222301721572876,,0.06222301721572876,
524,4199,,,,-0.06290097534656525,,0.06290097534656525
524,4199,,,-0.06204249709844589,,0.06204249709844589,
525,4207,,,-0.06210402771830559,,0.06210402771830559,
526,4215,,,-0.0621483288705349,,0.0621483288705349,
527,4223,,,-0.0623064823448658,,0.0623064823448658,
528,4231,,,-0.06220462545752525,,0.06220462545752525,
529,4239,,,-0.0621723011136055,,0.0621723011136055,
530,4247,,,-0.06223149597644806,,0.06223149597644806,
531,4249,,,,-0.077460378408432,,0.077460378408432
531,4255,,,-0.06231309846043587,,0.06231309846043587,
532,4263,,,-0.062257129698991776,,0.062257129698991776,
533,4271,,,-0.06232232600450516,,0.06232232600450516,
534,4279,,,-0.06229308620095253,,0.06229308620095253,
535,4287,,,-0.062203846871852875,,0.062203846871852875,
536,4295,,,-0.062173992395401,,0.062173992395401,
537,4299,,,,-0.07331705093383789,,0.07331705093383789
537,4303,,,-0.062066126614809036,,0.062066126614809036,
538,4311,,,-0.06220894306898117,,0.06220894306898117,
539,4319,,,-0.06210571154952049,,0.06210571154952049,
540,4327,,,-0.06226950138807297,,0.06226950138807297,
541,4335,,,-0.062139563262462616,,0.062139563262462616,
542,4343,,,-0.06221209838986397,,0.06221209838986397,
543,4349,,,,-0.06257323920726776,,0.06257323920726776
543,4351,,,-0.06226150691509247,,0.06226150691509247,
544,4359,,,-0.0622156597673893,,0.0622156597673893,
545,4367,,,-0.06238852068781853,,0.06238852068781853,
546,4375,,,-0.062321703881025314,,0.062321703881025314,
547,4383,,,-0.062173597514629364,,0.062173597514629364,
548,4391,,,-0.06219743192195892,,0.06219743192195892,
549,4399,,,,-0.0565975159406662,,0.0565975159406662
549,4399,,,-0.06222276762127876,,0.06222276762127876,
550,4407,,,-0.06209336593747139,,0.06209336593747139,
551,4415,,,-0.062179144471883774,,0.062179144471883774,
552,4423,,,-0.06219175457954407,,0.06219175457954407,
553,4431,,,-0.0621480830013752,,0.0621480830013752,
554,4439,,,-0.062213536351919174,,0.062213536351919174,
555,4447,,,-0.062208306044340134,,0.062208306044340134,
556,4449,,,,-0.06467808783054352,,0.06467808783054352
556,4455,,,-0.06219014152884483,,0.06219014152884483,
557,4463,,,-0.062271442264318466,,0.062271442264318466,
558,4471,,,-0.062111206352710724,,0.062111206352710724,
559,4479,,,-0.06226431205868721,,0.06226431205868721,
560,4487,,,-0.0623072013258934,,0.0623072013258934,
561,4495,,,-0.06238540634512901,,0.06238540634512901,
562,4499,,,,-0.04384745657444,,0.04384745657444
562,4503,,,-0.06221079081296921,,0.06221079081296921,
563,4511,,,-0.06225890666246414,,0.06225890666246414,
564,4519,,,-0.06219228357076645,,0.06219228357076645,
565,4527,,,-0.06211884692311287,,0.06211884692311287,
566,4535,,,-0.06228402256965637,,0.06228402256965637,
567,4543,,,-0.0624522939324379,,0.0624522939324379,
568,4549,,,,-0.06005248427391052,,0.06005248427391052
568,4551,,,-0.062211595475673676,,0.062211595475673676,
569,4559,,,-0.062122441828250885,,0.062122441828250885,
570,4567,,,-0.062229596078395844,,0.062229596078395844,
571,4575,,,-0.062217921018600464,,0.062217921018600464,
572,4583,,,-0.062193840742111206,,0.062193840742111206,
573,4591,,,-0.06238948926329613,,0.06238948926329613,
574,4599,,,,-0.05930337309837341,,0.05930337309837341
574,4599,,,-0.062145378440618515,,0.062145378440618515,
575,4607,,,-0.06233685463666916,,0.06233685463666916,
576,4615,,,-0.062274400144815445,,0.062274400144815445,
577,4623,,,-0.062357958406209946,,0.062357958406209946,
578,4631,,,-0.062213677912950516,,0.062213677912950516,
579,4639,,,-0.06230152025818825,,0.06230152025818825,
580,4647,,,-0.062209583818912506,,0.062209583818912506,
581,4649,,,,-0.07009048759937286,,0.07009048759937286
581,4655,,,-0.062329430133104324,,0.062329430133104324,
582,4663,,,-0.06236296892166138,,0.06236296892166138,
583,4671,,,-0.06241726502776146,,0.06241726502776146,
584,4679,,,-0.06241163983941078,,0.06241163983941078,
585,4687,,,-0.0621994249522686,,0.0621994249522686,
586,4695,,,-0.06222681328654289,,0.06222681328654289,
587,4699,,,,-0.059775352478027344,,0.059775352478027344
587,4703,,,-0.06216655299067497,,0.06216655299067497,
588,4711,,,-0.06242574006319046,,0.06242574006319046,
589,4719,,,-0.06238638237118721,,0.06238638237118721,
590,4727,,,-0.062131285667419434,,0.062131285667419434,
591,4735,,,-0.062193043529987335,,0.062193043529987335,
592,4743,,,-0.062314774841070175,,0.062314774841070175,
593,4749,,,,-0.05464144051074982,,0.05464144051074982
593,4751,,,-0.06252065300941467,,0.06252065300941467,
594,4759,,,-0.062347352504730225,,0.062347352504730225,
595,4767,,,-0.062420912086963654,,0.062420912086963654,
596,4775,,,-0.062254272401332855,,0.062254272401332855,
597,4783,,,-0.062321655452251434,,0.062321655452251434,
598,4791,,,-0.06250566244125366,,0.06250566244125366,
599,4799,,,,-0.05956697463989258,,0.05956697463989258
599,4799,,,-0.062270838767290115,,0.062270838767290115,
600,4807,,,-0.06241099163889885,,0.06241099163889885,
601,4815,,,-0.062257397919893265,,0.062257397919893265,
602,4823,,,-0.06221833452582359,,0.06221833452582359,
603,4831,,,-0.06226949021220207,,0.06226949021220207,
604,4839,,,-0.062255870550870895,,0.062255870550870895,
605,4847,,,-0.062400415539741516,,0.062400415539741516,
606,4849,,,,-0.07116951048374176,,0.07116951048374176
606,4855,,,-0.06220809370279312,,0.06220809370279312,
607,4863,,,-0.06228398531675339,,0.06228398531675339,
608,4871,,,-0.06237683817744255,,0.06237683817744255,
609,4879,,,-0.06226537004113197,,0.06226537004113197,
610,4887,,,-0.06231461092829704,,0.06231461092829704,
611,4895,,,-0.062293488532304764,,0.062293488532304764,
612,4899,,,,-0.06988367438316345,,0.06988367438316345
612,4903,,,-0.062265295535326004,,0.062265295535326004,
613,4911,,,-0.062275275588035583,,0.062275275588035583,
614,4919,,,-0.0622340589761734,,0.0622340589761734,
615,4927,,,-0.062291719019412994,,0.062291719019412994,
616,4935,,,-0.06243090331554413,,0.06243090331554413,
617,4943,,,-0.062224049121141434,,0.062224049121141434,
618,4949,,,,-0.04388651251792908,,0.04388651251792908
618,4951,,,-0.062291987240314484,,0.062291987240314484,
619,4959,,,-0.06260429322719574,,0.06260429322719574,
620,4967,,,-0.062271226197481155,,0.062271226197481155,
621,4975,,,-0.062246039509773254,,0.062246039509773254,
622,4983,,,-0.0622088760137558,,0.0622088760137558,
623,4991,,,-0.06232912465929985,,0.06232912465929985,
624,4999,,,,-0.055244818329811096,,0.055244818329811096
624,4999,,,-0.062172673642635345,,0.062172673642635345,
625,5007,,,-0.06218203902244568,,0.06218203902244568,
626,5015,,,-0.0622146837413311,,0.0622146837413311,
627,5023,,,-0.062324151396751404,,0.062324151396751404,
628,5031,,,-0.06237830966711044,,0.06237830966711044,
629,5039,,,-0.06228308752179146,,0.06228308752179146,
630,5047,,,-0.06230528652667999,,0.06230528652667999,
631,5049,,,,-0.0643758773803711,,0.0643758773803711
631,5055,,,-0.06219865754246712,,0.06219865754246712,
632,5063,,,-0.06231909245252609,,0.06231909245252609,
633,5071,,,-0.06239493936300278,,0.06239493936300278,
634,5079,,,-0.06233981251716614,,0.06233981251716614,
635,5087,,,-0.062291380017995834,,0.062291380017995834,
636,5095,,,-0.062309592962265015,,0.062309592962265015,
637,5099,,,,-0.06857819110155106,,0.06857819110155106
637,5103,,,-0.0624997541308403,,0.0624997541308403,
638,5111,,,-0.06221381947398186,,0.06221381947398186,
639,5119,,,-0.06250133365392685,,0.06250133365392685,
640,5127,,,-0.062357787042856216,,0.062357787042856216,
641,5135,,,-0.062306616455316544,,0.062306616455316544,
642,5143,,,-0.06228778138756752,,0.06228778138756752,
643,5149,,,,-0.07501902431249619,,0.07501902431249619
643,5151,,,-0.06231483817100525,,0.06231483817100525,
644,5159,,,-0.06235991045832634,,0.06235991045832634,
645,5167,,,-0.06232989579439163,,0.06232989579439163,
646,5175,,,-0.062383219599723816,,0.062383219599723816,
647,5183,,,-0.06231776252388954,,0.06231776252388954,
648,5191,,,-0.062255553901195526,,0.062255553901195526,
649,5199,,,,-0.06792469322681427,,0.06792469322681427
649,5199,,,-0.06232709437608719,,0.06232709437608719,
650,5207,,,-0.062347039580345154,,0.062347039580345154,
651,5215,,,-0.062430791556835175,,0.062430791556835175,
652,5223,,,-0.06237491965293884,,0.06237491965293884,
653,5231,,,-0.06224456802010536,,0.06224456802010536,
654,5239,,,-0.06239558756351471,,0.06239558756351471,
655,5247,,,-0.06245839223265648,,0.06245839223265648,
656,5249,,,,-0.06915855407714844,,0.06915855407714844
656,5255,,,-0.06234947592020035,,0.06234947592020035,
657,5263,,,-0.06231854110956192,,0.06231854110956192,
658,5271,,,-0.06228615716099739,,0.06228615716099739,
659,5279,,,-0.0624862015247345,,0.0624862015247345,
660,5287,,,-0.0622139535844326,,0.0622139535844326,
661,5295,,,-0.0622733049094677,,0.0622733049094677,
662,5299,,,,-0.054613783955574036,,0.054613783955574036
662,5303,,,-0.062406230717897415,,0.062406230717897415,
663,5311,,,-0.062306031584739685,,0.062306031584739685,
664,5319,,,-0.06228490546345711,,0.06228490546345711,
665,5327,,,-0.062221165746450424,,0.062221165746450424,
666,5335,,,-0.06242251768708229,,0.06242251768708229,
667,5343,,,-0.06229734048247337,,0.06229734048247337,
668,5349,,,,-0.0610380619764328,,0.0610380619764328
668,5351,,,-0.06228500232100487,,0.06228500232100487,
669,5359,,,-0.06234730780124664,,0.06234730780124664,
670,5367,,,-0.062265269458293915,,0.062265269458293915,
671,5375,,,-0.06238781288266182,,0.06238781288266182,
672,5383,,,-0.06241430714726448,,0.06241430714726448,
673,5391,,,-0.06222013384103775,,0.06222013384103775,
674,5399,,,,-0.06750292330980301,,0.06750292330980301
674,5399,,,-0.06238078698515892,,0.06238078698515892,
675,5407,,,-0.062310487031936646,,0.062310487031936646,
676,5415,,,-0.06239985302090645,,0.06239985302090645,
677,5423,,,-0.06242172792553902,,0.06242172792553902,
678,5431,,,-0.06239322945475578,,0.06239322945475578,
679,5439,,,-0.062344085425138474,,0.062344085425138474,
680,5447,,,-0.062349095940589905,,0.062349095940589905,
681,5449,,,,-0.06728796660900116,,0.06728796660900116
681,5455,,,-0.06229708716273308,,0.06229708716273308,
682,5463,,,-0.06231723725795746,,0.06231723725795746,
683,5471,,,-0.06251132488250732,,0.06251132488250732,
684,5479,,,-0.06229172274470329,,0.06229172274470329,
685,5487,,,-0.06227467581629753,,0.06227467581629753,
686,5495,,,-0.062374114990234375,,0.062374114990234375,
687,5499,,,,-0.08594946563243866,,0.08594946563243866
687,5503,,,-0.06271406263113022,,0.06271406263113022,
688,5511,,,-0.06228990480303764,,0.06228990480303764,
689,5519,,,-0.062351856380701065,,0.062351856380701065,
690,5527,,,-0.06227165460586548,,0.06227165460586548,
691,5535,,,-0.062307994812726974,,0.062307994812726974,
692,5543,,,-0.06246066838502884,,0.06246066838502884,
693,5549,,,,-0.06469111144542694,,0.06469111144542694
693,5551,,,-0.06228790432214737,,0.06228790432214737,
694,5559,,,-0.06248415634036064,,0.06248415634036064,
695,5567,,,-0.062374841421842575,,0.062374841421842575,
696,5575,,,-0.06237024441361427,,0.06237024441361427,
697,5583,,,-0.06228422746062279,,0.06228422746062279,
698,5591,,,-0.06245796009898186,,0.06245796009898186,
699,5599,,,,-0.0487150102853775,,0.0487150102853775
699,5599,,,-0.062269359827041626,,0.062269359827041626,
700,5607,,,-0.062467530369758606,,0.062467530369758606,
701,5615,,,-0.06237861514091492,,0.06237861514091492,
702,5623,,,-0.06229116767644882,,0.06229116767644882,
703,5631,,,-0.0623382031917572,,0.0623382031917572,
704,5639,,,-0.062380071729421616,,0.062380071729421616,
705,5647,,,-0.06246187910437584,,0.06246187910437584,
706,5649,,,,-0.07780260592699051,,0.07780260592699051
706,5655,,,-0.062431156635284424,,0.062431156635284424,
707,5663,,,-0.06233624368906021,,0.06233624368906021,
708,5671,,,-0.062314197421073914,,0.062314197421073914,
709,5679,,,-0.06249578297138214,,0.06249578297138214,
710,5687,,,-0.062547966837883,,0.062547966837883,
711,5695,,,-0.062273405492305756,,0.062273405492305756,
712,5699,,,,-0.05000796169042587,,0.05000796169042587
712,5703,,,-0.062361083924770355,,0.062361083924770355,
713,5711,,,-0.062434010207653046,,0.062434010207653046,
714,5719,,,-0.06240038946270943,,0.06240038946270943,
715,5727,,,-0.06234780326485634,,0.06234780326485634,
716,5735,,,-0.06240110471844673,,0.06240110471844673,
717,5743,,,-0.062303345650434494,,0.062303345650434494,
718,5749,,,,-0.04397082328796387,,0.04397082328796387
718,5751,,,-0.06235344707965851,,0.06235344707965851,
719,5759,,,-0.06242015212774277,,0.06242015212774277,
720,5767,,,-0.06242799758911133,,0.06242799758911133,
721,5775,,,-0.062307871878147125,,0.062307871878147125,
722,5783,,,-0.06234113126993179,,0.06234113126993179,
723,5791,,,-0.062350623309612274,,0.062350623309612274,
724,5799,,,,-0.061125755310058594,,0.061125755310058594
724,5799,,,-0.0623893067240715,,0.0623893067240715,
725,5807,,,-0.06266451627016068,,0.06266451627016068,
726,5815,,,-0.0623515248298645,,0.0623515248298645,
727,5823,,,-0.06238758563995361,,0.06238758563995361,
728,5831,,,-0.062372107058763504,,0.062372107058763504,
729,5839,,,-0.06237705051898956,,0.06237705051898956,
730,5847,,,-0.0624360591173172,,0.0624360591173172,
731,5849,,,,-0.04782886058092117,,0.04782886058092117
731,5855,,,-0.06237945705652237,,0.06237945705652237,
732,5863,,,-0.062410179525613785,,0.062410179525613785,
733,5871,,,-0.062380023300647736,,0.062380023300647736,
734,5879,,,-0.06239306181669235,,0.06239306181669235,
735,5887,,,-0.06230618804693222,,0.06230618804693222,
736,5895,,,-0.06243514269590378,,0.06243514269590378,
737,5899,,,,-0.0463065579533577,,0.0463065579533577
737,5903,,,-0.062365416437387466,,0.062365416437387466,
738,5911,,,-0.062365636229515076,,0.062365636229515076,
739,5919,,,-0.06265322864055634,,0.06265322864055634,
740,5927,,,-0.06234944984316826,,0.06234944984316826,
741,5935,,,-0.06252355128526688,,0.06252355128526688,
742,5943,,,-0.06237226724624634,,0.06237226724624634,
743,5949,,,,-0.06999063491821289,,0.06999063491821289
743,5951,,,-0.06237266957759857,,0.06237266957759857,
744,5959,,,-0.062317878007888794,,0.062317878007888794,
745,5967,,,-0.06240283325314522,,0.06240283325314522,
746,5975,,,-0.06236625835299492,,0.06236625835299492,
747,5983,,,-0.06219906732439995,,0.06219906732439995,
748,5991,,,-0.06239251047372818,,0.06239251047372818,
749,5999,,,,-0.06814355403184891,,0.06814355403184891
749,5999,,,-0.06238151714205742,,0.06238151714205742,
750,6007,,,-0.06233949586749077,,0.06233949586749077,
751,6015,,,-0.06238744035363197,,0.06238744035363197,
752,6023,,,-0.06230565160512924,,0.06230565160512924,
753,6031,,,-0.06242121756076813,,0.06242121756076813,
754,6039,,,-0.06248458847403526,,0.06248458847403526,
755,6047,,,-0.0624532476067543,,0.0624532476067543,
756,6049,,,,-0.05620980262756348,,0.05620980262756348
756,6055,,,-0.062391247600317,,0.062391247600317,
757,6063,,,-0.06239251792430878,,0.06239251792430878,
758,6071,,,-0.062445636838674545,,0.062445636838674545,
759,6079,,,-0.062305908650159836,,0.062305908650159836,
760,6087,,,-0.06235666573047638,,0.06235666573047638,
761,6095,,,-0.06250040233135223,,0.06250040233135223,
762,6099,,,,-0.04846534878015518,,0.04846534878015518
762,6103,,,-0.062387824058532715,,0.062387824058532715,
763,6111,,,-0.06240551173686981,,0.06240551173686981,
764,6119,,,-0.06249716132879257,,0.06249716132879257,
765,6127,,,-0.06241088733077049,,0.06241088733077049,
766,6135,,,-0.062375061213970184,,0.062375061213970184,
767,6143,,,-0.06257615238428116,,0.06257615238428116,
768,6149,,,,-0.04501356929540634,,0.04501356929540634
768,6151,,,-0.06238668039441109,,0.06238668039441109,
769,6159,,,-0.06228472292423248,,0.06228472292423248,
770,6167,,,-0.0623328872025013,,0.0623328872025013,
771,6175,,,-0.062413524836301804,,0.062413524836301804,
772,6183,,,-0.06244046613574028,,0.06244046613574028,
773,6191,,,-0.06240043789148331,,0.06240043789148331,
774,6199,,,,-0.06451473385095596,,0.06451473385095596
774,6199,,,-0.062446270138025284,,0.062446270138025284,
775,6207,,,-0.062347594648599625,,0.062347594648599625,
776,6215,,,-0.06243264302611351,,0.06243264302611351,
777,6223,,,-0.06247400492429733,,0.06247400492429733,
778,6231,,,-0.06237388774752617,,0.06237388774752617,
779,6239,,,-0.06244479864835739,,0.06244479864835739,
780,6247,,,-0.06247267499566078,,0.06247267499566078,
781,6249,,,,-0.044551946222782135,,0.044551946222782135
781,6255,,,-0.06252703070640564,,0.06252703070640564,
782,6263,,,-0.062427666038274765,,0.062427666038274765,
783,6271,,,-0.06234069913625717,,0.06234069913625717,
784,6279,,,-0.062446173280477524,,0.062446173280477524,
785,6287,,,-0.06245775893330574,,0.06245775893330574,
786,6295,,,-0.062374040484428406,,0.062374040484428406,
787,6299,,,,-0.06959528475999832,,0.06959528475999832
787,6303,,,-0.062360040843486786,,0.062360040843486786,
788,6311,,,-0.06251917779445648,,0.06251917779445648,
789,6319,,,-0.06232409551739693,,0.06232409551739693,
790,6327,,,-0.062468189746141434,,0.062468189746141434,
791,6335,,,-0.0623709112405777,,0.0623709112405777,
792,6343,,,-0.062406573444604874,,0.062406573444604874,
793,6349,,,,-0.05390749126672745,,0.05390749126672745
793,6351,,,-0.062438469380140305,,0.062438469380140305,
794,6359,,,-0.06250721216201782,,0.06250721216201782,
795,6367,,,-0.062323857098817825,,0.062323857098817825,
796,6375,,,-0.062408704310655594,,0.062408704310655594,
797,6383,,,-0.06232422590255737,,0.06232422590255737,
798,6391,,,-0.0624135360121727,,0.0624135360121727,
799,6399,,,,-0.06312327086925507,,0.06312327086925507
799,6399,,,-0.062430255115032196,,0.062430255115032196,
800,6407,,,-0.06251480430364609,,0.06251480430364609,
801,6415,,,-0.06236014515161514,,0.06236014515161514,
802,6423,,,-0.062275420874357224,,0.062275420874357224,
803,6431,,,-0.06248461827635765,,0.06248461827635765,
804,6439,,,-0.06242860108613968,,0.06242860108613968,
805,6447,,,-0.062428973615169525,,0.062428973615169525,
806,6449,,,,-0.06688422709703445,,0.06688422709703445
806,6455,,,-0.062423933297395706,,0.062423933297395706,
807,6463,,,-0.062332190573215485,,0.062332190573215485,
808,6471,,,-0.062412891536951065,,0.062412891536951065,
809,6479,,,-0.062399860471487045,,0.062399860471487045,
810,6487,,,-0.06237092241644859,,0.06237092241644859,
811,6495,,,-0.06236986070871353,,0.06236986070871353,
812,6499,,,,-0.0629974827170372,,0.0629974827170372
812,6503,,,-0.062408339232206345,,0.062408339232206345,
813,6511,,,-0.06242437660694122,,0.06242437660694122,
814,6519,,,-0.06224135309457779,,0.06224135309457779,
815,6527,,,-0.062474772334098816,,0.062474772334098816,
816,6535,,,-0.062420591711997986,,0.062420591711997986,
817,6543,,,-0.06252344697713852,,0.06252344697713852,
818,6549,,,,-0.06119885295629501,,0.06119885295629501
818,6551,,,-0.062478478997945786,,0.062478478997945786,
819,6559,,,-0.06253211945295334,,0.06253211945295334,
820,6567,,,-0.0625913068652153,,0.0625913068652153,
821,6575,,,-0.062460076063871384,,0.062460076063871384,
822,6583,,,-0.06250442564487457,,0.06250442564487457,
823,6591,,,-0.0624198317527771,,0.0624198317527771,
824,6599,,,,-0.04423827677965164,,0.04423827677965164
824,6599,,,-0.06259659677743912,,0.06259659677743912,
825,6607,,,-0.06242165341973305,,0.06242165341973305,
826,6615,,,-0.062463659793138504,,0.062463659793138504,
827,6623,,,-0.062409911304712296,,0.062409911304712296,
828,6631,,,-0.062359657138586044,,0.062359657138586044,
829,6639,,,-0.06244194880127907,,0.06244194880127907,
830,6647,,,-0.06248898431658745,,0.06248898431658745,
831,6649,,,,-0.06917290389537811,,0.06917290389537811
831,6655,,,-0.06264326721429825,,0.06264326721429825,
832,6663,,,-0.062452491372823715,,0.062452491372823715,
833,6671,,,-0.06242449954152107,,0.06242449954152107,
834,6679,,,-0.0624101497232914,,0.0624101497232914,
835,6687,,,-0.0624547116458416,,0.0624547116458416,
836,6695,,,-0.0624387152493,,0.0624387152493,
837,6699,,,,-0.055641792714595795,,0.055641792714595795
837,6703,,,-0.06260866671800613,,0.06260866671800613,
838,6711,,,-0.062262725085020065,,0.062262725085020065,
839,6719,,,-0.0623844712972641,,0.0623844712972641,
840,6727,,,-0.06230096518993378,,0.06230096518993378,
841,6735,,,-0.062309931963682175,,0.062309931963682175,
842,6743,,,-0.06250585615634918,,0.06250585615634918,
843,6749,,,,-0.05683765560388565,,0.05683765560388565
843,6751,,,-0.06239397078752518,,0.06239397078752518,
844,6759,,,-0.062485694885253906,,0.062485694885253906,
845,6767,,,-0.06250444799661636,,0.06250444799661636,
846,6775,,,-0.062425434589385986,,0.062425434589385986,
847,6783,,,-0.06257864832878113,,0.06257864832878113,
848,6791,,,-0.06232432276010513,,0.06232432276010513,
849,6799,,,,-0.04678988456726074,,0.04678988456726074
849,6799,,,-0.06240219622850418,,0.06240219622850418,
850,6807,,,-0.0625825896859169,,0.0625825896859169,
851,6815,,,-0.06243276223540306,,0.06243276223540306,
852,6823,,,-0.06254757940769196,,0.06254757940769196,
853,6831,,,-0.0624142624437809,,0.0624142624437809,
854,6839,,,-0.06250002980232239,,0.06250002980232239,
855,6847,,,-0.06243196502327919,,0.06243196502327919,
856,6849,,,,-0.06483573466539383,,0.06483573466539383
856,6855,,,-0.062421150505542755,,0.062421150505542755,
857,6863,,,-0.06238189712166786,,0.06238189712166786,
858,6871,,,-0.06262306123971939,,0.06262306123971939,
859,6879,,,-0.062447819858789444,,0.062447819858789444,
860,6887,,,-0.06245330721139908,,0.06245330721139908,
861,6895,,,-0.06244296953082085,,0.06244296953082085,
862,6899,,,,-0.07055096328258514,,0.07055096328258514
862,6903,,,-0.062482092529535294,,0.062482092529535294,
863,6911,,,-0.06244036927819252,,0.06244036927819252,
864,6919,,,-0.06241082027554512,,0.06241082027554512,
865,6927,,,-0.06238245964050293,,0.06238245964050293,
866,6935,,,-0.062393248081207275,,0.062393248081207275,
867,6943,,,-0.06248815357685089,,0.06248815357685089,
868,6949,,,,-0.0629032626748085,,0.0629032626748085
868,6951,,,-0.06231354549527168,,0.06231354549527168,
869,6959,,,-0.062363456934690475,,0.062363456934690475,
870,6967,,,-0.062437910586595535,,0.062437910586595535,
871,6975,,,-0.062367651611566544,,0.062367651611566544,
872,6983,,,-0.06243772432208061,,0.06243772432208061,
873,6991,,,-0.06242266669869423,,0.06242266669869423,
874,6999,,,,-0.06644544005393982,,0.06644544005393982
874,6999,,,-0.06244013085961342,,0.06244013085961342,
875,7007,,,-0.06241545453667641,,0.06241545453667641,
876,7015,,,-0.06252638250589371,,0.06252638250589371,
877,7023,,,-0.06237025186419487,,0.06237025186419487,
878,7031,,,-0.06229803338646889,,0.06229803338646889,
879,7039,,,-0.06248217076063156,,0.06248217076063156,
880,7047,,,-0.06246059015393257,,0.06246059015393257,
881,7049,,,,-0.06496791541576385,,0.06496791541576385
881,7055,,,-0.06245172768831253,,0.06245172768831253,
882,7063,,,-0.06240798160433769,,0.06240798160433769,
883,7071,,,-0.06247725337743759,,0.06247725337743759,
884,7079,,,-0.06250862777233124,,0.06250862777233124,
885,7087,,,-0.06232498213648796,,0.06232498213648796,
886,7095,,,-0.06242852658033371,,0.06242852658033371,
887,7099,,,,-0.0452178493142128,,0.0452178493142128
887,7103,,,-0.06244489178061485,,0.06244489178061485,
888,7111,,,-0.062496788799762726,,0.062496788799762726,
889,7119,,,-0.06249257177114487,,0.06249257177114487,
890,7127,,,-0.06248461455106735,,0.06248461455106735,
891,7135,,,-0.06245187297463417,,0.06245187297463417,
892,7143,,,-0.0623970627784729,,0.0623970627784729,
893,7149,,,,-0.0687599629163742,,0.0687599629163742
893,7151,,,-0.06247354671359062,,0.06247354671359062,
894,7159,,,-0.062396202236413956,,0.062396202236413956,
895,7167,,,-0.06239287555217743,,0.06239287555217743,
896,7175,,,-0.062485285103321075,,0.062485285103321075,
897,7183,,,-0.06262528896331787,,0.06262528896331787,
898,7191,,,-0.062431853264570236,,0.062431853264570236,
899,7199,,,,-0.05879974365234375,,0.05879974365234375
899,7199,,,-0.06246042624115944,,0.06246042624115944,
900,7207,,,-0.06252655386924744,,0.06252655386924744,
901,7215,,,-0.06235535442829132,,0.06235535442829132,
902,7223,,,-0.06239057704806328,,0.06239057704806328,
903,7231,,,-0.06227754056453705,,0.06227754056453705,
904,7239,,,-0.0625317394733429,,0.0625317394733429,
905,7247,,,-0.062407173216342926,,0.062407173216342926,
906,7249,,,,-0.04858455806970596,,0.04858455806970596
906,7255,,,-0.06269332766532898,,0.06269332766532898,
907,7263,,,-0.06264019012451172,,0.06264019012451172,
908,7271,,,-0.06248125433921814,,0.06248125433921814,
909,7279,,,-0.062498997896909714,,0.062498997896909714,
910,7287,,,-0.06246694177389145,,0.06246694177389145,
911,7295,,,-0.062340814620256424,,0.062340814620256424,
912,7299,,,,-0.06610260158777237,,0.06610260158777237
912,7303,,,-0.06243143975734711,,0.06243143975734711,
913,7311,,,-0.0626615509390831,,0.0626615509390831,
914,7319,,,-0.06245788559317589,,0.06245788559317589,
915,7327,,,-0.06252267956733704,,0.06252267956733704,
916,7335,,,-0.06247090548276901,,0.06247090548276901,
917,7343,,,-0.06254769116640091,,0.06254769116640091,
918,7349,,,,-0.0751100555062294,,0.0751100555062294
918,7351,,,-0.06271151453256607,,0.06271151453256607,
919,7359,,,-0.06242557242512703,,0.06242557242512703,
920,7367,,,-0.062406547367572784,,0.062406547367572784,
921,7375,,,-0.06250909715890884,,0.06250909715890884,
922,7383,,,-0.06243976950645447,,0.06243976950645447,
923,7391,,,-0.0625237300992012,,0.0625237300992012,
924,7399,,,,-0.06652593612670898,,0.06652593612670898
924,7399,,,-0.062426917254924774,,0.062426917254924774,
925,7407,,,-0.06251447647809982,,0.06251447647809982,
926,7415,,,-0.062326692044734955,,0.062326692044734955,
927,7423,,,-0.062403541058301926,,0.062403541058301926,
928,7431,,,-0.062459155917167664,,0.062459155917167664,
929,7439,,,-0.06238614395260811,,0.06238614395260811,
930,7447,,,-0.06236580014228821,,0.06236580014228821,
931,7449,,,,-0.040624044835567474,,0.040624044835567474
931,7455,,,-0.062192387878894806,,0.062192387878894806,
932,7463,,,-0.06231269612908363,,0.06231269612908363,
933,7471,,,-0.06242706999182701,,0.06242706999182701,
934,7479,,,-0.06244649738073349,,0.06244649738073349,
935,7487,,,-0.06242618337273598,,0.06242618337273598,
936,7495,,,-0.0625457912683487,,0.0625457912683487,
937,7499,,,,-0.06706327944993973,,0.06706327944993973
937,7503,,,-0.062455542385578156,,0.062455542385578156,
938,7511,,,-0.06246975064277649,,0.06246975064277649,
939,7519,,,-0.06241294741630554,,0.06241294741630554,
940,7527,,,-0.062374524772167206,,0.062374524772167206,
941,7535,,,-0.062416259199380875,,0.062416259199380875,
942,7543,,,-0.062418755143880844,,0.062418755143880844,
943,7549,,,,-0.07229261100292206,,0.07229261100292206
943,7551,,,-0.0626571998000145,,0.0626571998000145,
944,7559,,,-0.062463633716106415,,0.062463633716106415,
945,7567,,,-0.06236659362912178,,0.06236659362912178,
946,7575,,,-0.06255020201206207,,0.06255020201206207,
947,7583,,,-0.06242366507649422,,0.06242366507649422,
948,7591,,,-0.062459271401166916,,0.062459271401166916,
949,7599,,,,-0.06261620670557022,,0.06261620670557022
949,7599,,,-0.0624314583837986,,0.0624314583837986,
950,7607,,,-0.06247870624065399,,0.06247870624065399,
951,7615,,,-0.06247377768158913,,0.06247377768158913,
952,7623,,,-0.06258418411016464,,0.06258418411016464,
953,7631,,,-0.0624975711107254,,0.0624975711107254,
954,7639,,,-0.06245097517967224,,0.06245097517967224,
955,7647,,,-0.06240289285778999,,0.06240289285778999,
956,7649,,,,-0.061220407485961914,,0.061220407485961914
956,7655,,,-0.06244201585650444,,0.06244201585650444,
957,7663,,,-0.06247689202427864,,0.06247689202427864,
958,7671,,,-0.06254489719867706,,0.06254489719867706,
959,7679,,,-0.06248931959271431,,0.06248931959271431,
960,7687,,,-0.06244079768657684,,0.06244079768657684,
961,7695,,,-0.062496501952409744,,0.062496501952409744,
962,7699,,,,-0.07997360080480576,,0.07997360080480576
962,7703,,,-0.06262946128845215,,0.06262946128845215,
963,7711,,,-0.06248589977622032,,0.06248589977622032,
964,7719,,,-0.062475841492414474,,0.062475841492414474,
965,7727,,,-0.06238151714205742,,0.06238151714205742,
966,7735,,,-0.06255771219730377,,0.06255771219730377,
967,7743,,,-0.0625363364815712,,0.0625363364815712,
968,7749,,,,-0.059404850006103516,,0.059404850006103516
968,7751,,,-0.06241428107023239,,0.06241428107023239,
969,7759,,,-0.06259359419345856,,0.06259359419345856,
970,7767,,,-0.0624350942671299,,0.0624350942671299,
971,7775,,,-0.062303319573402405,,0.062303319573402405,
972,7783,,,-0.062315937131643295,,0.062315937131643295,
973,7791,,,-0.06239502131938934,,0.06239502131938934,
974,7799,,,,-0.06765098869800568,,0.06765098869800568
974,7799,,,-0.06261242926120758,,0.06261242926120758,
975,7807,,,-0.06244438514113426,,0.06244438514113426,
976,7815,,,-0.06253255158662796,,0.06253255158662796,
977,7823,,,-0.062373463064432144,,0.062373463064432144,
978,7831,,,-0.062439147382974625,,0.062439147382974625,
979,7839,,,-0.06242385879158974,,0.06242385879158974,
980,7847,,,-0.06251546740531921,,0.06251546740531921,
981,7849,,,,-0.05655784532427788,,0.05655784532427788
981,7855,,,-0.06247768551111221,,0.06247768551111221,
982,7863,,,-0.06243681535124779,,0.06243681535124779,
983,7871,,,-0.062406107783317566,,0.062406107783317566,
984,7879,,,-0.06245429068803787,,0.06245429068803787,
985,7887,,,-0.062480609863996506,,0.062480609863996506,
986,7895,,,-0.062588632106781,,0.062588632106781,
987,7899,,,,-0.05706801265478134,,0.05706801265478134
987,7903,,,-0.06255848705768585,,0.06255848705768585,
988,7911,,,-0.0624476857483387,,0.0624476857483387,
989,7919,,,-0.06234115734696388,,0.06234115734696388,
990,7927,,,-0.062378477305173874,,0.062378477305173874,
991,7935,,,-0.06260191649198532,,0.06260191649198532,
992,7943,,,-0.06242182105779648,,0.06242182105779648,
993,7949,,,,-0.05708932876586914,,0.05708932876586914
993,7951,,,-0.06235316023230553,,0.06235316023230553,
994,7959,,,-0.06251382827758789,,0.06251382827758789,
995,7967,,,-0.06244577467441559,,0.06244577467441559,
996,7975,,,-0.06240566447377205,,0.06240566447377205,
997,7983,,,-0.06274198740720749,,0.06274198740720749,
998,7991,,,-0.06248531490564346,,0.06248531490564346,
999,7999,,,,-0.07027316093444824,,0.07027316093444824
999,7999,,,-0.06244638189673424,,0.06244638189673424,
1000,8007,,,-0.06248237192630768,,0.06248237192630768,
1001,8015,,,-0.06253259629011154,,0.06253259629011154,
1002,8023,,,-0.06243673712015152,,0.06243673712015152,
1003,8031,,,-0.06243172660470009,,0.06243172660470009,
1004,8039,,,-0.062476594001054764,,0.062476594001054764,
1005,8047,,,-0.062463752925395966,,0.062463752925395966,
1006,8049,,,,-0.061789512634277344,,0.061789512634277344
1006,8055,,,-0.062402863055467606,,0.062402863055467606,
1007,8063,,,-0.06260059028863907,,0.06260059028863907,
1008,8071,,,-0.062448181211948395,,0.062448181211948395,
1009,8079,,,-0.06240389496088028,,0.06240389496088028,
1010,8087,,,-0.06253857165575027,,0.06253857165575027,
1011,8095,,,-0.06261783093214035,,0.06261783093214035,
1012,8099,,,,-0.07198771834373474,,0.07198771834373474
1012,8103,,,-0.0624704584479332,,0.0624704584479332,
1013,8111,,,-0.06245041638612747,,0.06245041638612747,
1014,8119,,,-0.06268398463726044,,0.06268398463726044,
1015,8127,,,-0.06242915615439415,,0.06242915615439415,
1016,8135,,,-0.06236213818192482,,0.06236213818192482,
1017,8143,,,-0.06255283951759338,,0.06255283951759338,
1018,8149,,,,-0.05189681053161621,,0.05189681053161621
1018,8151,,,-0.06240268424153328,,0.06240268424153328,
1019,8159,,,-0.06240230053663254,,0.06240230053663254,
1020,8167,,,-0.06250420212745667,,0.06250420212745667,
1021,8175,,,-0.06249965727329254,,0.06249965727329254,
1022,8183,,,-0.06257960945367813,,0.06257960945367813,
1023,8191,,,-0.06249862536787987,,0.06249862536787987,
1024,8199,,,,-0.06066002696752548,,0.06066002696752548
1024,8199,,,-0.06242094188928604,,0.06242094188928604,
1025,8207,,,-0.06245465204119682,,0.06245465204119682,
1026,8215,,,-0.062400609254837036,,0.062400609254837036,
1027,8223,,,-0.062443677335977554,,0.062443677335977554,
1028,8231,,,-0.06239601969718933,,0.06239601969718933,
1029,8239,,,-0.062487415969371796,,0.062487415969371796,
1030,8247,,,-0.06241863965988159,,0.06241863965988159,
1031,8249,,,,-0.0730464905500412,,0.0730464905500412
1031,8255,,,-0.06242476776242256,,0.06242476776242256,
1032,8263,,,-0.06248471513390541,,0.06248471513390541,
1033,8271,,,-0.06251725554466248,,0.06251725554466248,
1034,8279,,,-0.06244777888059616,,0.06244777888059616,
1035,8287,,,-0.06254793703556061,,0.06254793703556061,
1036,8295,,,-0.06248017027974129,,0.06248017027974129,
1037,8299,,,,-0.0594630241394043,,0.0594630241394043
1037,8303,,,-0.06243220716714859,,0.06243220716714859,
1038,8311,,,-0.0626402497291565,,0.0626402497291565,
1039,8319,,,-0.06249729171395302,,0.06249729171395302,
1040,8327,,,-0.06254538148641586,,0.06254538148641586,
1041,8335,,,-0.062428344041109085,,0.062428344041109085,
1042,8343,,,-0.06249711290001869,,0.06249711290001869,
1043,8349,,,,-0.0621584877371788,,0.0621584877371788
1043,8351,,,-0.0624762587249279,,0.0624762587249279,
1044,8359,,,-0.06236283481121063,,0.06236283481121063,
1045,8367,,,-0.0624905563890934,,0.0624905563890934,
1046,8375,,,-0.0624459944665432,,0.0624459944665432,
1047,8383,,,-0.06244313344359398,,0.06244313344359398,
1048,8391,,,-0.0625944659113884,,0.0625944659113884,
1049,8399,,,,-0.07056140899658203,,0.07056140899658203
1049,8399,,,-0.06250020116567612,,0.06250020116567612,
1050,8407,,,-0.06249294430017471,,0.06249294430017471,
1051,8415,,,-0.06267952919006348,,0.06267952919006348,
1052,8423,,,-0.06250253319740295,,0.06250253319740295,
1053,8431,,,-0.06243348866701126,,0.06243348866701126,
1054,8439,,,-0.06249701976776123,,0.06249701976776123,
1055,8447,,,-0.062453679740428925,,0.062453679740428925,
1056,8449,,,,-0.05028204992413521,,0.05028204992413521
1056,8455,,,-0.06232474371790886,,0.06232474371790886,
1057,8463,,,-0.06268605589866638,,0.06268605589866638,
1058,8471,,,-0.06247829645872116,,0.06247829645872116,
1059,8479,,,-0.06242458522319794,,0.06242458522319794,
1060,8487,,,-0.062433190643787384,,0.062433190643787384,
1061,8495,,,-0.06250099837779999,,0.06250099837779999,
1062,8499,,,,-0.04832854121923447,,0.04832854121923447
1062,8503,,,-0.06245237961411476,,0.06245237961411476,
1063,8511,,,-0.06253756582736969,,0.06253756582736969,
1064,8519,,,-0.06241826340556145,,0.06241826340556145,
1065,8527,,,-0.06249813735485077,,0.06249813735485077,
1066,8535,,,-0.062499433755874634,,0.062499433755874634,
1067,8543,,,-0.06242108717560768,,0.06242108717560768,
1068,8549,,,,-0.04999956861138344,,0.04999956861138344
1068,8551,,,-0.06243911758065224,,0.06243911758065224,
1069,8559,,,-0.06245714798569679,,0.06245714798569679,
1070,8567,,,-0.06246413663029671,,0.06246413663029671,
1071,8575,,,-0.06244629994034767,,0.06244629994034767,
1072,8583,,,-0.062410954385995865,,0.062410954385995865,
1073,8591,,,-0.06249639764428139,,0.06249639764428139,
1074,8599,,,,-0.058974504470825195,,0.058974504470825195
1074,8599,,,-0.06252889335155487,,0.06252889335155487,
1075,8607,,,-0.06242644041776657,,0.06242644041776657,
1076,8615,,,-0.062467072159051895,,0.062467072159051895,
1077,8623,,,-0.06240195408463478,,0.06240195408463478,
1078,8631,,,-0.06251166015863419,,0.06251166015863419,
1079,8639,,,-0.06256230175495148,,0.06256230175495148,
1080,8647,,,-0.06250155717134476,,0.06250155717134476,
1081,8649,,,,-0.0663653314113617,,0.0663653314113617
1081,8655,,,-0.06252158433198929,,0.06252158433198929,
1082,8663,,,-0.06249202415347099,,0.06249202415347099,
1083,8671,,,-0.06241020932793617,,0.06241020932793617,
1084,8679,,,-0.06246170029044151,,0.06246170029044151,
1085,8687,,,-0.06236535683274269,,0.06236535683274269,
1086,8695,,,-0.06238425150513649,,0.06238425150513649,
1087,8699,,,,-0.07463669776916504,,0.07463669776916504
1087,8703,,,-0.06242356076836586,,0.06242356076836586,
1088,8711,,,-0.06248309463262558,,0.06248309463262558,
1089,8719,,,-0.06250409036874771,,0.06250409036874771,
1090,8727,,,-0.062433890998363495,,0.062433890998363495,
1091,8735,,,-0.06243154779076576,,0.06243154779076576,
1092,8743,,,-0.06245839223265648,,0.06245839223265648,
1093,8749,,,,-0.07261600345373154,,0.07261600345373154
1093,8751,,,-0.06253822147846222,,0.06253822147846222,
1094,8759,,,-0.06243954598903656,,0.06243954598903656,
1095,8767,,,-0.06265302747488022,,0.06265302747488022,
1096,8775,,,-0.06248657405376434,,0.06248657405376434,
1097,8783,,,-0.06250953674316406,,0.06250953674316406,
1098,8791,,,-0.06241932883858681,,0.06241932883858681,
1099,8799,,,,-0.056093502789735794,,0.056093502789735794
1099,8799,,,-0.06248846277594566,,0.06248846277594566,
1100,8807,,,-0.06243627890944481,,0.06243627890944481,
1101,8815,,,-0.06246116757392883,,0.06246116757392883,
1102,8823,,,-0.062416065484285355,,0.062416065484285355,
1103,8831,,,-0.06245196610689163,,0.06245196610689163,
1104,8839,,,-0.062475208193063736,,0.062475208193063736,
1105,8847,,,-0.062488850206136703,,0.062488850206136703,
1106,8849,,,,-0.05936842039227486,,0.05936842039227486
1106,8855,,,-0.06248927116394043,,0.06248927116394043,
1107,8863,,,-0.0623910166323185,,0.0623910166323185,
1108,8871,,,-0.062493450939655304,,0.062493450939655304,
1109,8879,,,-0.06242702528834343,,0.06242702528834343,
1110,8887,,,-0.06245061010122299,,0.06245061010122299,
1111,8895,,,-0.06255355477333069,,0.06255355477333069,
1112,8899,,,,-0.06901893019676208,,0.06901893019676208
1112,8903,,,-0.06239154189825058,,0.06239154189825058,
1113,8911,,,-0.06253110617399216,,0.06253110617399216,
1114,8919,,,-0.06246112659573555,,0.06246112659573555,
1115,8927,,,-0.06245913729071617,,0.06245913729071617,
1116,8935,,,-0.0625896081328392,,0.0625896081328392,
1117,8943,,,-0.06252216547727585,,0.06252216547727585,
1118,8949,,,,-0.05952730029821396,,0.05952730029821396
1118,8951,,,-0.06256423145532608,,0.06256423145532608,
1119,8959,,,-0.06268943101167679,,0.06268943101167679,
1120,8967,,,-0.06242157518863678,,0.06242157518863678,
1121,8975,,,-0.062461841851472855,,0.062461841851472855,
1122,8983,,,-0.06241638958454132,,0.06241638958454132,
1123,8991,,,-0.0625436007976532,,0.0625436007976532,
1124,8999,,,,-0.04997281730175018,,0.04997281730175018
1124,8999,,,-0.062484174966812134,,0.062484174966812134,
1125,9007,,,-0.062383539974689484,,0.062383539974689484,
1126,9015,,,-0.062410868704319,,0.062410868704319,
1127,9023,,,-0.0625852718949318,,0.0625852718949318,
1128,9031,,,-0.062480900436639786,,0.062480900436639786,
1129,9039,,,-0.06249050796031952,,0.06249050796031952,
1130,9047,,,-0.06250380724668503,,0.06250380724668503,
1131,9049,,,,-0.07054443657398224,,0.07054443657398224
1131,9055,,,-0.062498606741428375,,0.062498606741428375,
1132,9063,,,-0.06249673292040825,,0.06249673292040825,
1133,9071,,,-0.06257673352956772,,0.06257673352956772,
1134,9079,,,-0.0625661090016365,,0.0625661090016365,
1135,9087,,,-0.06242445856332779,,0.06242445856332779,
1136,9095,,,-0.06268822401762009,,0.06268822401762009,
1137,9099,,,,-0.0454564094543457,,0.0454564094543457
1137,9103,,,-0.06232118979096413,,0.06232118979096413,
1138,9111,,,-0.06265643984079361,,0.06265643984079361,
1139,9119,,,-0.06245134398341179,,0.06245134398341179,
1140,9127,,,-0.06249423697590828,,0.06249423697590828,
1141,9135,,,-0.06262482702732086,,0.06262482702732086,
1142,9143,,,-0.06236271932721138,,0.06236271932721138,
1143,9149,,,,-0.06827559322118759,,0.06827559322118759
1143,9151,,,-0.0624409057199955,,0.0624409057199955,
1144,9159,,,-0.06249377503991127,,0.06249377503991127,
1145,9167,,,-0.062456678599119186,,0.062456678599119186,
1146,9175,,,-0.06245493143796921,,0.06245493143796921,
1147,9183,,,-0.06241355463862419,,0.06241355463862419,
1148,9191,,,-0.062450189143419266,,0.062450189143419266,
1149,9199,,,,-0.05048413202166557,,0.05048413202166557
1149,9199,,,-0.062482789158821106,,0.062482789158821106,
1150,9207,,,-0.062492016702890396,,0.062492016702890396,
1151,9215,,,-0.06246540695428848,,0.06246540695428848,
1152,9223,,,-0.06242208927869797,,0.06242208927869797,
1153,9231,,,-0.06253376603126526,,0.06253376603126526,
1154,9239,,,-0.0625944584608078,,0.0625944584608078,
1155,9247,,,-0.062627412378788,,0.062627412378788,
1156,9249,,,,-0.05468158796429634,,0.05468158796429634
1156,9255,,,-0.062440305948257446,,0.062440305948257446,
1157,9263,,,-0.06245959922671318,,0.06245959922671318,
1158,9271,,,-0.06257925927639008,,0.06257925927639008,
1159,9279,,,-0.06244499608874321,,0.06244499608874321,
1160,9287,,,-0.06250137090682983,,0.06250137090682983,
1161,9295,,,-0.062426939606666565,,0.062426939606666565,
1162,9299,,,,-0.058980319648981094,,0.058980319648981094
1162,9303,,,-0.06254055351018906,,0.06254055351018906,
1163,9311,,,-0.06248712167143822,,0.06248712167143822,
1164,9319,,,-0.06245460361242294,,0.06245460361242294,
1165,9327,,,-0.06255868822336197,,0.06255868822336197,
1166,9335,,,-0.0625300332903862,,0.0625300332903862,
1167,9343,,,-0.06243986263871193,,0.06243986263871193,
1168,9349,,,,-0.05660567060112953,,0.05660567060112953
1168,9351,,,-0.06241981312632561,,0.06241981312632561,
1169,9359,,,-0.06260912120342255,,0.06260912120342255,
1170,9367,,,-0.06257755309343338,,0.06257755309343338,
1171,9375,,,-0.06238185986876488,,0.06238185986876488,
1172,9383,,,-0.06246679648756981,,0.06246679648756981,
1173,9391,,,-0.062493421137332916,,0.062493421137332916,
1174,9399,,,,-0.05271768569946289,,0.05271768569946289
1174,9399,,,-0.06246970221400261,,0.06246970221400261,
1175,9407,,,-0.06253663450479507,,0.06253663450479507,
1176,9415,,,-0.062411852180957794,,0.062411852180957794,
1177,9423,,,-0.062490928918123245,,0.062490928918123245,
1178,9431,,,-0.06255075335502625,,0.06255075335502625,
1179,9439,,,-0.06264670193195343,,0.06264670193195343,
1180,9447,,,-0.062428150326013565,,0.062428150326013565,
1181,9449,,,,-0.06705836951732635,,0.06705836951732635
1181,9455,,,-0.06251873821020126,,0.06251873821020126,
1182,9463,,,-0.062416624277830124,,0.062416624277830124,
1183,9471,,,-0.06245507672429085,,0.06245507672429085,
1184,9479,,,-0.062476497143507004,,0.062476497143507004,
1185,9487,,,-0.06251590698957443,,0.06251590698957443,
1186,9495,,,-0.06249196082353592,,0.06249196082353592,
1187,9499,,,,-0.06183433532714844,,0.06183433532714844
1187,9503,,,-0.06255931407213211,,0.06255931407213211,
1188,9511,,,-0.06246132776141167,,0.06246132776141167,
1189,9519,,,-0.062308263033628464,,0.062308263033628464,
1190,9527,,,-0.06242842227220535,,0.06242842227220535,
1191,9535,,,-0.06260420382022858,,0.06260420382022858,
1192,9543,,,-0.06240164861083031,,0.06240164861083031,
1193,9549,,,,-0.06446771323680878,,0.06446771323680878
1193,9551,,,-0.06238963082432747,,0.06238963082432747,
1194,9559,,,-0.062470030039548874,,0.062470030039548874,
1195,9567,,,-0.06247364357113838,,0.06247364357113838,
1196,9575,,,-0.06248297169804573,,0.06248297169804573,
1197,9583,,,-0.062466688454151154,,0.062466688454151154,
1198,9591,,,-0.06244277209043503,,0.06244277209043503,
1199,9599,,,,-0.06617116928100586,,0.06617116928100586
1199,9599,,,-0.062275685369968414,,0.062275685369968414,
1200,9607,,,-0.06251946091651917,,0.06251946091651917,
1201,9615,,,-0.06244915723800659,,0.06244915723800659,
1202,9623,,,-0.062397636473178864,,0.062397636473178864,
1203,9631,,,-0.06258497387170792,,0.06258497387170792,
1204,9639,,,-0.06257550418376923,,0.06257550418376923,
1205,9647,,,-0.062462132424116135,,0.062462132424116135,
1206,9649,,,,-0.062026213854551315,,0.062026213854551315
1206,9655,,,-0.06239987909793854,,0.06239987909793854,
1207,9663,,,-0.062415026128292084,,0.062415026128292084,
1208,9671,,,-0.0625048354268074,,0.0625048354268074,
1209,9679,,,-0.062447141855955124,,0.062447141855955124,
1210,9687,,,-0.06263570487499237,,0.06263570487499237,
1211,9695,,,-0.0624997541308403,,0.0624997541308403,
1212,9699,,,,-0.049787137657403946,,0.049787137657403946
1212,9703,,,-0.06251028925180435,,0.06251028925180435,
1213,9711,,,-0.062495093792676926,,0.062495093792676926,
1214,9719,,,-0.062462981790304184,,0.062462981790304184,
1215,9727,,,-0.06254973262548447,,0.06254973262548447,
1216,9735,,,-0.06259912997484207,,0.06259912997484207,
1217,9743,,,-0.06259836256504059,,0.06259836256504059,
1218,9749,,,,-0.07242998480796814,,0.07242998480796814
1218,9751,,,-0.06242746487259865,,0.06242746487259865,
1219,9759,,,-0.06256794184446335,,0.06256794184446335,
1220,9767,,,-0.06250997632741928,,0.06250997632741928,
1221,9775,,,-0.06252957880496979,,0.06252957880496979,
1222,9783,,,-0.06255031377077103,,0.06255031377077103,
1223,9791,,,-0.06241776794195175,,0.06241776794195175,
1224,9799,,,,-0.05898480489850044,,0.05898480489850044
1224,9799,,,-0.06246194615960121,,0.06246194615960121,
1225,9807,,,-0.062414899468421936,,0.062414899468421936,
1226,9815,,,-0.062466662377119064,,0.062466662377119064,
1227,9823,,,-0.06256355345249176,,0.06256355345249176,
1228,9831,,,-0.06255140155553818,,0.06255140155553818,
1229,9839,,,-0.062453508377075195,,0.062453508377075195,
1230,9847,,,-0.06252376735210419,,0.06252376735210419,
1231,9849,,,,-0.05843544006347656,,0.05843544006347656
1231,9855,,,-0.06257548183202744,,0.06257548183202744,
1232,9863,,,-0.062440983951091766,,0.062440983951091766,
1233,9871,,,-0.06236444041132927,,0.06236444041132927,
1234,9879,,,-0.062489915639162064,,0.062489915639162064,
1235,9887,,,-0.06248679384589195,,0.06248679384589195,
1236,9895,,,-0.06240683048963547,,0.06240683048963547,
1237,9899,,,,-0.07060365378856659,,0.07060365378856659
1237,9903,,,-0.06289420276880264,,0.06289420276880264,
1238,9911,,,-0.06265681236982346,,0.06265681236982346,
1239,9919,,,-0.0625641942024231,,0.0625641942024231,
1240,9927,,,-0.06244106590747833,,0.06244106590747833,
1241,9935,,,-0.062465421855449677,,0.062465421855449677,
1242,9943,,,-0.06246650964021683,,0.06246650964021683,
1243,9949,,,,-0.0511200912296772,,0.0511200912296772
1243,9951,,,-0.06247209385037422,,0.06247209385037422,
1244,9959,,,-0.0625004693865776,,0.0625004693865776,
1245,9967,,,-0.0625433623790741,,0.0625433623790741,
1246,9975,,,-0.0625583678483963,,0.0625583678483963,
1247,9983,,,-0.062485985457897186,,0.062485985457897186,
1248,9991,,,-0.06262269616127014,,0.06262269616127014,
1249,9999,,,,-0.05736050382256508,,0.05736050382256508
1249,9999,,,-0.06251072883605957,,0.06251072883605957,
1250,10007,,,-0.062431443482637405,,0.062431443482637405,
1251,10015,,,-0.06251983344554901,,0.06251983344554901,
1252,10023,,,-0.06257332861423492,,0.06257332861423492,
1253,10031,,,-0.06258189678192139,,0.06258189678192139,
1254,10039,,,-0.06260628998279572,,0.06260628998279572,
1255,10047,,,-0.06256962567567825,,0.06256962567567825,
1256,10049,,,,-0.07805824279785156,,0.07805824279785156
1256,10055,,,-0.06265375018119812,,0.06265375018119812,
1257,10063,,,-0.062479130923748016,,0.062479130923748016,
1258,10071,,,-0.0625595673918724,,0.0625595673918724,
1259,10079,,,-0.06247107684612274,,0.06247107684612274,
1260,10087,,,-0.06248541176319122,,0.06248541176319122,
1261,10095,,,-0.06264008581638336,,0.06264008581638336,
1262,10099,,,,-0.07208309322595596,,0.07208309322595596
1262,10103,,,-0.06260552257299423,,0.06260552257299423,
1263,10111,,,-0.06256471574306488,,0.06256471574306488,
1264,10119,,,-0.062427397817373276,,0.062427397817373276,
1265,10127,,,-0.06264957040548325,,0.06264957040548325,
1266,10135,,,-0.06261389702558517,,0.06261389702558517,
1267,10143,,,-0.06247662380337715,,0.06247662380337715,
1268,10149,,,,-0.07240991294384003,,0.07240991294384003
1268,10151,,,-0.0625467523932457,,0.0625467523932457,
1269,10159,,,-0.06241687759757042,,0.06241687759757042,
1270,10167,,,-0.06255526840686798,,0.06255526840686798,
1271,10175,,,-0.0625489130616188,,0.0625489130616188,
1272,10183,,,-0.06261283904314041,,0.06261283904314041,
1273,10191,,,-0.0626007542014122,,0.0626007542014122,
1274,10199,,,,-0.05883011594414711,,0.05883011594414711
1274,10199,,,-0.06259183585643768,,0.06259183585643768,
1275,10207,,,-0.06254292279481888,,0.06254292279481888,
1276,10215,,,-0.062474071979522705,,0.062474071979522705,
1277,10223,,,-0.06257670372724533,,0.06257670372724533,
1278,10231,,,-0.062474511563777924,,0.062474511563777924,
1279,10239,,,-0.06250488013029099,,0.06250488013029099,
1280,10247,,,-0.06259285658597946,,0.06259285658597946,
1281,10249,,,,-0.05968441814184189,,0.05968441814184189
1281,10255,,,-0.06257877498865128,,0.06257877498865128,
1282,10263,,,-0.06254403293132782,,0.06254403293132782,
1283,10271,,,-0.0626220852136612,,0.0626220852136612,
1284,10279,,,-0.06259568780660629,,0.06259568780660629,
1285,10287,,,-0.06257379055023193,,0.06257379055023193,
1286,10295,,,-0.06246325746178627,,0.06246325746178627,
1287,10299,,,,-0.07277093082666397,,0.07277093082666397
1287,10303,,,-0.06257592141628265,,0.06257592141628265,
1288,10311,,,-0.06245375797152519,,0.06245375797152519,
1289,10319,,,-0.062414396554231644,,0.062414396554231644,
1290,10327,,,-0.06247960031032562,,0.06247960031032562,
1291,10335,,,-0.06252629309892654,,0.06252629309892654,
1292,10343,,,-0.06262558698654175,,0.06262558698654175,
1293,10349,,,,-0.06932220607995987,,0.06932220607995987
1293,10351,,,-0.062461238354444504,,0.062461238354444504,
1294,10359,,,-0.0624786801636219,,0.0624786801636219,
1295,10367,,,-0.06247052550315857,,0.06247052550315857,
1296,10375,,,-0.06247744709253311,,0.06247744709253311,
1297,10383,,,-0.06257624924182892,,0.06257624924182892,
1298,10391,,,-0.0624830387532711,,0.0624830387532711,
1299,10399,,,,-0.06640486419200897,,0.06640486419200897
1299,10399,,,-0.06254925578832626,,0.06254925578832626,
1300,10407,,,-0.06251171231269836,,0.06251171231269836,
1301,10415,,,-0.06257364898920059,,0.06257364898920059,
1302,10423,,,-0.06243428960442543,,0.06243428960442543,
1303,10431,,,-0.06234535574913025,,0.06234535574913025,
1304,10439,,,-0.06251674890518188,,0.06251674890518188,
1305,10447,,,-0.06258036196231842,,0.06258036196231842,
1306,10449,,,,-0.07417239993810654,,0.07417239993810654
1306,10455,,,-0.06267052888870239,,0.06267052888870239,
1307,10463,,,-0.06247570738196373,,0.06247570738196373,
1308,10471,,,-0.06248633936047554,,0.06248633936047554,
1309,10479,,,-0.06247919797897339,,0.06247919797897339,
1310,10487,,,-0.06239912286400795,,0.06239912286400795,
1311,10495,,,-0.06250941008329391,,0.06250941008329391,
1312,10499,,,,-0.049379490315914154,,0.049379490315914154
1312,10503,,,-0.06260668486356735,,0.06260668486356735,
1313,10511,,,-0.06254353374242783,,0.06254353374242783,
1314,10519,,,-0.06246642395853996,,0.06246642395853996,
1315,10527,,,-0.06260091066360474,,0.06260091066360474,
1316,10535,,,-0.06251843273639679,,0.06251843273639679,
1317,10543,,,-0.06264396011829376,,0.06264396011829376,
1318,10549,,,,-0.054350946098566055,,0.054350946098566055
1318,10551,,,-0.06257036328315735,,0.06257036328315735,
1319,10559,,,-0.062443725764751434,,0.062443725764751434,
1320,10567,,,-0.06259492039680481,,0.06259492039680481,
1321,10575,,,-0.06256984174251556,,0.06256984174251556,
1322,10583,,,-0.06261258572340012,,0.06261258572340012,
1323,10591,,,-0.0626147985458374,,0.0626147985458374,
1324,10599,,,,-0.06221713870763779,,0.06221713870763779
1324,10599,,,-0.062443025410175323,,0.062443025410175323,
1325,10607,,,-0.06246882304549217,,0.06246882304549217,
1326,10615,,,-0.06247992441058159,,0.06247992441058159,
1327,10623,,,-0.06258613616228104,,0.06258613616228104,
1328,10631,,,-0.06247829645872116,,0.06247829645872116,
1329,10639,,,-0.06254751235246658,,0.06254751235246658,
1330,10647,,,-0.0625343769788742,,0.0625343769788742,
1331,10649,,,,-0.051460932940244675,,0.051460932940244675
1331,10655,,,-0.06255392730236053,,0.06255392730236053,
1332,10663,,,-0.06253518164157867,,0.06253518164157867,
1333,10671,,,-0.0625118762254715,,0.0625118762254715,
1334,10679,,,-0.06257045269012451,,0.06257045269012451,
1335,10687,,,-0.06261014938354492,,0.06261014938354492,
1336,10695,,,-0.06245103105902672,,0.06245103105902672,
1337,10699,,,,-0.05207681655883789,,0.05207681655883789
1337,10703,,,-0.06255713105201721,,0.06255713105201721,
1338,10711,,,-0.06247851997613907,,0.06247851997613907,
1339,10719,,,-0.062497276812791824,,0.062497276812791824,
1340,10727,,,-0.062426842749118805,,0.062426842749118805,
1341,10735,,,-0.06249459832906723,,0.06249459832906723,
1342,10743,,,-0.06260939687490463,,0.06260939687490463,
1343,10749,,,,-0.06013784557580948,,0.06013784557580948
1343,10751,,,-0.06249075382947922,,0.06249075382947922,
1344,10759,,,-0.06248859316110611,,0.06248859316110611,
1345,10767,,,-0.0626264289021492,,0.0626264289021492,
1346,10775,,,-0.0625966489315033,,0.0625966489315033,
1347,10783,,,-0.06249603256583214,,0.06249603256583214,
1348,10791,,,-0.06258004158735275,,0.06258004158735275,
1349,10799,,,,-0.046913765370845795,,0.046913765370845795
1349,10799,,,-0.06250673532485962,,0.06250673532485962,
1350,10807,,,-0.0626005157828331,,0.0626005157828331,
1351,10815,,,-0.0626845583319664,,0.0626845583319664,
1352,10823,,,-0.062491364777088165,,0.062491364777088165,
1353,10831,,,-0.06252189725637436,,0.06252189725637436,
1354,10839,,,-0.06255413591861725,,0.06255413591861725,
1355,10847,,,-0.06245234236121178,,0.06245234236121178,
1356,10849,,,,-0.054928969591856,,0.054928969591856
1356,10855,,,-0.062499530613422394,,0.062499530613422394,
1357,10863,,,-0.06261259317398071,,0.06261259317398071,
1358,10871,,,-0.062472257763147354,,0.062472257763147354,
1359,10879,,,-0.062483496963977814,,0.062483496963977814,
1360,10887,,,-0.06260763853788376,,0.06260763853788376,
1361,10895,,,-0.0625218078494072,,0.0625218078494072,
1362,10899,,,,-0.06753387302160263,,0.06753387302160263
1362,10903,,,-0.06240711733698845,,0.06240711733698845,
1363,10911,,,-0.06256621330976486,,0.06256621330976486,
1364,10919,,,-0.06263051927089691,,0.06263051927089691,
1365,10927,,,-0.0625038743019104,,0.0625038743019104,
1366,10935,,,-0.06249218061566353,,0.06249218061566353,
1367,10943,,,-0.06248531490564346,,0.06248531490564346,
1368,10949,,,,-0.0645180195569992,,0.0645180195569992
1368,10951,,,-0.06273335963487625,,0.06273335963487625,
1369,10959,,,-0.06257850676774979,,0.06257850676774979,
1370,10967,,,-0.062474701553583145,,0.062474701553583145,
1371,10975,,,-0.0625976100564003,,0.0625976100564003,
1372,10983,,,-0.06253807246685028,,0.06253807246685028,
1373,10991,,,-0.06237856298685074,,0.06237856298685074,
1374,10999,,,,-0.06219301372766495,,0.06219301372766495
1374,10999,,,-0.06262467801570892,,0.06262467801570892,
1375,11007,,,-0.06253775954246521,,0.06253775954246521,
1376,11015,,,-0.06259562075138092,,0.06259562075138092,
1377,11023,,,-0.06253117322921753,,0.06253117322921753,
1378,11031,,,-0.062494587153196335,,0.062494587153196335,
1379,11039,,,-0.06253831833600998,,0.06253831833600998,
1380,11047,,,-0.06255423277616501,,0.06255423277616501,
1381,11049,,,,-0.06555924564599991,,0.06555924564599991
1381,11055,,,-0.0625106543302536,,0.0625106543302536,
1382,11063,,,-0.062424011528491974,,0.062424011528491974,
1383,11071,,,-0.06277639418840408,,0.06277639418840408,
1384,11079,,,-0.06256955116987228,,0.06256955116987228,
1385,11087,,,-0.062416162341833115,,0.062416162341833115,
1386,11095,,,-0.062420837581157684,,0.062420837581157684,
1387,11099,,,,-0.05220432206988335,,0.05220432206988335
1387,11103,,,-0.06250569224357605,,0.06250569224357605,
1388,11111,,,-0.06250032782554626,,0.06250032782554626,
1389,11119,,,-0.06248600408434868,,0.06248600408434868,
1390,11127,,,-0.062471117824316025,,0.062471117824316025,
1391,11135,,,-0.06272891163825989,,0.06272891163825989,
1392,11143,,,-0.062483008950948715,,0.062483008950948715,
1393,11149,,,,-0.05770749971270561,,0.05770749971270561
1393,11151,,,-0.06266968697309494,,0.06266968697309494,
1394,11159,,,-0.06257740408182144,,0.06257740408182144,
1395,11167,,,-0.06259691715240479,,0.06259691715240479,
1396,11175,,,-0.06255170702934265,,0.06255170702934265,
1397,11183,,,-0.0626387968659401,,0.0626387968659401,
1398,11191,,,-0.06249947473406792,,0.06249947473406792,
1399,11199,,,,-0.058716341853141785,,0.058716341853141785
1399,11199,,,-0.06245916709303856,,0.06245916709303856,
1400,11207,,,-0.06258789449930191,,0.06258789449930191,
1401,11215,,,-0.06262658536434174,,0.06262658536434174,
1402,11223,,,-0.06254574656486511,,0.06254574656486511,
1403,11231,,,-0.06253094226121902,,0.06253094226121902,
1404,11239,,,-0.06256675720214844,,0.06256675720214844,
1405,11247,,,-0.06253767758607864,,0.06253767758607864,
1406,11249,,,,-0.05651378631591797,,0.05651378631591797
1406,11255,,,-0.062543123960495,,0.062543123960495,
1407,11263,,,-0.06255580484867096,,0.06255580484867096,
1408,11271,,,-0.06265473365783691,,0.06265473365783691,
1409,11279,,,-0.062479082494974136,,0.062479082494974136,
1410,11287,,,-0.06259173899888992,,0.06259173899888992,
1411,11295,,,-0.06253869831562042,,0.06253869831562042,
1412,11299,,,,-0.050957392901182175,,0.050957392901182175
1412,11303,,,-0.06253811717033386,,0.06253811717033386,
1413,11311,,,-0.06265507638454437,,0.06265507638454437,
1414,11319,,,-0.06243298202753067,,0.06243298202753067,
1415,11327,,,-0.06268783658742905,,0.06268783658742905,
1416,11335,,,-0.0625910609960556,,0.0625910609960556,
1417,11343,,,-0.06255216151475906,,0.06255216151475906,
1418,11349,,,,-0.05195336043834686,,0.05195336043834686
1418,11351,,,-0.06243100017309189,,0.06243100017309189,
1419,11359,,,-0.06262640655040741,,0.06262640655040741,
1420,11367,,,-0.06251838803291321,,0.06251838803291321,
1421,11375,,,-0.06263095885515213,,0.06263095885515213,
1422,11383,,,-0.06250704079866409,,0.06250704079866409,
1423,11391,,,-0.06255310773849487,,0.06255310773849487,
1424,11399,,,,-0.05902128294110298,,0.05902128294110298
1424,11399,,,-0.06272006779909134,,0.06272006779909134,
1425,11407,,,-0.06258964538574219,,0.06258964538574219,
1426,11415,,,-0.0624379888176918,,0.0624379888176918,
1427,11423,,,-0.06242593377828598,,0.06242593377828598,
1428,11431,,,-0.062492065131664276,,0.062492065131664276,
1429,11439,,,-0.06256642192602158,,0.06256642192602158,
1430,11447,,,-0.06251934915781021,,0.06251934915781021,
1431,11449,,,,-0.06637902557849884,,0.06637902557849884
1431,11455,,,-0.06257398426532745,,0.06257398426532745,
1432,11463,,,-0.06248030439019203,,0.06248030439019203,
1433,11471,,,-0.06252450495958328,,0.06252450495958328,
1434,11479,,,-0.06251886487007141,,0.06251886487007141,
1435,11487,,,-0.06251706928014755,,0.06251706928014755,
1436,11495,,,-0.06260388344526291,,0.06260388344526291,
1437,11499,,,,-0.0729089230298996,,0.0729089230298996
1437,11503,,,-0.0624702014029026,,0.0624702014029026,
1438,11511,,,-0.06242357939481735,,0.06242357939481735,
1439,11519,,,-0.06248925253748894,,0.06248925253748894,
1440,11527,,,-0.06252695620059967,,0.06252695620059967,
1441,11535,,,-0.06253892928361893,,0.06253892928361893,
1442,11543,,,-0.06248828023672104,,0.06248828023672104,
1443,11549,,,,-0.05809774249792099,,0.05809774249792099
1443,11551,,,-0.062479566782712936,,0.062479566782712936,
1444,11559,,,-0.0626179501414299,,0.0626179501414299,
1445,11567,,,-0.06252150237560272,,0.06252150237560272,
1446,11575,,,-0.06249929964542389,,0.06249929964542389,
1447,11583,,,-0.06250433623790741,,0.06250433623790741,
1448,11591,,,-0.06261046230792999,,0.06261046230792999,
1449,11599,,,,-0.0700611099600792,,0.0700611099600792
1449,11599,,,-0.06256558746099472,,0.06256558746099472,
1450,11607,,,-0.06252757459878922,,0.06252757459878922,
1451,11615,,,-0.062467534095048904,,0.062467534095048904,
1452,11623,,,-0.06243777647614479,,0.06243777647614479,
1453,11631,,,-0.06256288290023804,,0.06256288290023804,
1454,11639,,,-0.06258035451173782,,0.06258035451173782,
1455,11647,,,-0.06258528679609299,,0.06258528679609299,
1456,11649,,,,-0.06606006622314453,,0.06606006622314453
1456,11655,,,-0.0625830590724945,,0.0625830590724945,
1457,11663,,,-0.06248054280877113,,0.06248054280877113,
1458,11671,,,-0.06244489178061485,,0.06244489178061485,
1459,11679,,,-0.06253074109554291,,0.06253074109554291,
1460,11687,,,-0.0625743716955185,,0.0625743716955185,
1461,11695,,,-0.06252297013998032,,0.06252297013998032,
1462,11699,,,,-0.05640349164605141,,0.05640349164605141
1462,11703,,,-0.06261073052883148,,0.06261073052883148,
1463,11711,,,-0.062441740185022354,,0.062441740185022354,
1464,11719,,,-0.06259820610284805,,0.06259820610284805,
1465,11727,,,-0.06253717839717865,,0.06253717839717865,
1466,11735,,,-0.06276323646306992,,0.06276323646306992,
1467,11743,,,-0.06242214888334274,,0.06242214888334274,
1468,11749,,,,-0.06377067416906357,,0.06377067416906357
1468,11751,,,-0.0625373050570488,,0.0625373050570488,
1469,11759,,,-0.06253380328416824,,0.06253380328416824,
1470,11767,,,-0.06255502998828888,,0.06255502998828888,
1471,11775,,,-0.06256766617298126,,0.06256766617298126,
1472,11783,,,-0.06265821307897568,,0.06265821307897568,
1473,11791,,,-0.06251614540815353,,0.06251614540815353,
1474,11799,,,,-0.07823161780834198,,0.07823161780834198
1474,11799,,,-0.06260453909635544,,0.06260453909635544,
1475,11807,,,-0.06251323223114014,,0.06251323223114014,
1476,11815,,,-0.06266176700592041,,0.06266176700592041,
1477,11823,,,-0.06246333569288254,,0.06246333569288254,
1478,11831,,,-0.06268569082021713,,0.06268569082021713,
1479,11839,,,-0.06263580173254013,,0.06263580173254013,
1480,11847,,,-0.06256593018770218,,0.06256593018770218,
1481,11849,,,,-0.06297683715820312,,0.06297683715820312
1481,11855,,,-0.06254906952381134,,0.06254906952381134,
1482,11863,,,-0.06261752545833588,,0.06261752545833588,
1483,11871,,,-0.06262612342834473,,0.06262612342834473,
1484,11879,,,-0.06261445581912994,,0.06261445581912994,
1485,11887,,,-0.062460169196128845,,0.062460169196128845,
1486,11895,,,-0.06260395050048828,,0.06260395050048828,
1487,11899,,,,-0.06107630580663681,,0.06107630580663681
1487,11903,,,-0.0625302866101265,,0.0625302866101265,
1488,11911,,,-0.06254791468381882,,0.06254791468381882,
1489,11919,,,-0.06243838369846344,,0.06243838369846344,
1490,11927,,,-0.06253337115049362,,0.06253337115049362,
1491,11935,,,-0.06254176795482635,,0.06254176795482635,
1492,11943,,,-0.06247218698263168,,0.06247218698263168,
1493,11949,,,,-0.07372760772705078,,0.07372760772705078
1493,11951,,,-0.06250444799661636,,0.06250444799661636,
1494,11959,,,-0.06256449222564697,,0.06256449222564697,
1495,11967,,,-0.06254541873931885,,0.06254541873931885,
1496,11975,,,-0.062509685754776,,0.062509685754776,
1497,11983,,,-0.0627494603395462,,0.0627494603395462,
1498,11991,,,-0.0625382661819458,,0.0625382661819458,
1499,11999,,,,-0.07919397205114365,,0.07919397205114365
1499,11999,,,-0.06262779235839844,,0.06262779235839844,
1500,12007,,,-0.06268106400966644,,0.06268106400966644,
1501,12015,,,-0.06241641193628311,,0.06241641193628311,
1502,12023,,,-0.06255583465099335,,0.06255583465099335,
1503,12031,,,-0.06253642588853836,,0.06253642588853836,
1504,12039,,,-0.062527596950531,,0.062527596950531,
1505,12047,,,-0.06260406225919724,,0.06260406225919724,
1506,12049,,,,-0.0662759318947792,,0.0662759318947792
1506,12055,,,-0.06247836351394653,,0.06247836351394653,
1507,12063,,,-0.06252218782901764,,0.06252218782901764,
1508,12071,,,-0.0626799464225769,,0.0626799464225769,
1509,12079,,,-0.06246866285800934,,0.06246866285800934,
1510,12087,,,-0.06257204711437225,,0.06257204711437225,
1511,12095,,,-0.062504842877388,,0.062504842877388,
1512,12099,,,,-0.04952826350927353,,0.04952826350927353
1512,12103,,,-0.0625772699713707,,0.0625772699713707,
1513,12111,,,-0.06255774199962616,,0.06255774199962616,
1514,12119,,,-0.06251029670238495,,0.06251029670238495,
1515,12127,,,-0.0625932440161705,,0.0625932440161705,
1516,12135,,,-0.06257465481758118,,0.06257465481758118,
1517,12143,,,-0.06256035715341568,,0.06256035715341568,
1518,12149,,,,-0.054296206682920456,,0.054296206682920456
1518,12151,,,-0.06252096593379974,,0.06252096593379974,
1519,12159,,,-0.06258171051740646,,0.06258171051740646,
1520,12167,,,-0.062424756586551666,,0.062424756586551666,
1521,12175,,,-0.062387365847826004,,0.062387365847826004,
1522,12183,,,-0.06255555152893066,,0.06255555152893066,
1523,12191,,,-0.06257914751768112,,0.06257914751768112,
1524,12199,,,,-0.05042886734008789,,0.05042886734008789
1524,12199,,,-0.06264577805995941,,0.06264577805995941,
1525,12207,,,-0.06265253573656082,,0.06265253573656082,
1526,12215,,,-0.06245703622698784,,0.06245703622698784,
1527,12223,,,-0.06247818470001221,,0.06247818470001221,
1528,12231,,,-0.062626414000988,,0.062626414000988,
1529,12239,,,-0.0625041276216507,,0.0625041276216507,
1530,12247,,,-0.06274232268333435,,0.06274232268333435,
1531,12249,,,,-0.06347165256738663,,0.06347165256738663
1531,12255,,,-0.0625479519367218,,0.0625479519367218,
1532,12263,,,-0.06256918609142303,,0.06256918609142303,
1533,12271,,,-0.06248938664793968,,0.06248938664793968,
1534,12279,,,-0.06246405467391014,,0.06246405467391014,
1535,12287,,,-0.06259899586439133,,0.06259899586439133,
1536,12295,,,-0.06257729232311249,,0.06257729232311249,
1537,12299,,,,-0.06362032890319824,,0.06362032890319824
1537,12303,,,-0.06256921589374542,,0.06256921589374542,
1538,12311,,,-0.06253286451101303,,0.06253286451101303,
1539,12319,,,-0.06266748905181885,,0.06266748905181885,
1540,12327,,,-0.062424421310424805,,0.062424421310424805,
1541,12335,,,-0.06245189160108566,,0.06245189160108566,
1542,12343,,,-0.062465693801641464,,0.062465693801641464,
1543,12349,,,,-0.055043697357177734,,0.055043697357177734
1543,12351,,,-0.06267613172531128,,0.06267613172531128,
1544,12359,,,-0.0626617893576622,,0.0626617893576622,
1545,12367,,,-0.06258291006088257,,0.06258291006088257,
1546,12375,,,-0.06276401877403259,,0.06276401877403259,
1547,12383,,,-0.06245968118309975,,0.06245968118309975,
1548,12391,,,-0.06256048381328583,,0.06256048381328583,
1549,12399,,,,-0.06583776324987411,,0.06583776324987411
1549,12399,,,-0.06246565654873848,,0.06246565654873848,
1550,12407,,,-0.06263042986392975,,0.06263042986392975,
1551,12415,,,-0.06256335228681564,,0.06256335228681564,
1552,12423,,,-0.062556192278862,,0.062556192278862,
1553,12431,,,-0.062495604157447815,,0.062495604157447815,
1554,12439,,,-0.06241419166326523,,0.06241419166326523,
1555,12447,,,-0.0625714659690857,,0.0625714659690857,
1556,12449,,,,-0.05283088609576225,,0.05283088609576225
1556,12455,,,-0.06274650245904922,,0.06274650245904922,
1557,12463,,,-0.06265652924776077,,0.06265652924776077,
1558,12471,,,-0.06256698071956635,,0.06256698071956635,
1559,12479,,,-0.06264007836580276,,0.06264007836580276,
1560,12487,,,-0.062495239078998566,,0.062495239078998566,
1561,12495,,,-0.06259478628635406,,0.06259478628635406,
1562,12499,,,,-0.06044960021972656,,0.06044960021972656
1562,12503,,,-0.06238040700554848,,0.06238040700554848,
1563,12511,,,-0.06255683302879333,,0.06255683302879333,
1564,12519,,,-0.06259565055370331,,0.06259565055370331,
1565,12527,,,-0.062474772334098816,,0.062474772334098816,
1566,12535,,,-0.06258125603199005,,0.06258125603199005,
1567,12543,,,-0.06264384090900421,,0.06264384090900421,
1568,12549,,,,-0.06696486473083496,,0.06696486473083496
1568,12551,,,-0.062468983232975006,,0.062468983232975006,
1569,12559,,,-0.06254488229751587,,0.06254488229751587,
1570,12567,,,-0.0625295639038086,,0.0625295639038086,
1571,12575,,,-0.06263267993927002,,0.06263267993927002,
1572,12583,,,-0.06256015598773956,,0.06256015598773956,
1573,12591,,,-0.06243947148323059,,0.06243947148323059,
1574,12599,,,,-0.0634675994515419,,0.0634675994515419
1574,12599,,,-0.06270599365234375,,0.06270599365234375,
1575,12607,,,-0.06271079182624817,,0.06271079182624817,
1576,12615,,,-0.06255382299423218,,0.06255382299423218,
1577,12623,,,-0.0625918060541153,,0.0625918060541153,
1578,12631,,,-0.06248754262924194,,0.06248754262924194,
1579,12639,,,-0.06266738474369049,,0.06266738474369049,
1580,12647,,,-0.06249497830867767,,0.06249497830867767,
1581,12649,,,,-0.0737520232796669,,0.0737520232796669
1581,12655,,,-0.06246630847454071,,0.06246630847454071,
1582,12663,,,-0.0625341534614563,,0.0625341534614563,
1583,12671,,,-0.06253333389759064,,0.06253333389759064,
1584,12679,,,-0.06258177757263184,,0.06258177757263184,
1585,12687,,,-0.06262877583503723,,0.06262877583503723,
1586,12695,,,-0.06256311386823654,,0.06256311386823654,
1587,12699,,,,-0.0647275447845459,,0.0647275447845459
1587,12703,,,-0.06251992285251617,,0.06251992285251617,
1588,12711,,,-0.06257800757884979,,0.06257800757884979,
1589,12719,,,-0.06243376433849335,,0.06243376433849335,
1590,12727,,,-0.06265929341316223,,0.06265929341316223,
1591,12735,,,-0.06250469386577606,,0.06250469386577606,
1592,12743,,,-0.06251595169305801,,0.06251595169305801,
1593,12749,,,,-0.06516170501708984,,0.06516170501708984
1593,12751,,,-0.0625518336892128,,0.0625518336892128,
1594,12759,,,-0.06245864927768707,,0.06245864927768707,
1595,12767,,,-0.06266383081674576,,0.06266383081674576,
1596,12775,,,-0.06254268437623978,,0.06254268437623978,
1597,12783,,,-0.06259039044380188,,0.06259039044380188,
1598,12791,,,-0.06269790977239609,,0.06269790977239609,
1599,12799,,,,-0.05308661609888077,,0.05308661609888077
1599,12799,,,-0.06253843754529953,,0.06253843754529953,
1600,12807,,,-0.06258804351091385,,0.06258804351091385,
1601,12815,,,-0.0624922439455986,,0.0624922439455986,
1602,12823,,,-0.0625319853425026,,0.0625319853425026,
1603,12831,,,-0.062493640929460526,,0.062493640929460526,
1604,12839,,,-0.06253944337368011,,0.06253944337368011,
1605,12847,,,-0.06251098960638046,,0.06251098960638046,
1606,12849,,,,-0.06831040233373642,,0.06831040233373642
1606,12855,,,-0.06252392381429672,,0.06252392381429672,
1607,12863,,,-0.06259897351264954,,0.06259897351264954,
1608,12871,,,-0.06264602392911911,,0.06264602392911911,
1609,12879,,,-0.0626266747713089,,0.0626266747713089,
1610,12887,,,-0.06267884373664856,,0.06267884373664856,
1611,12895,,,-0.062487438321113586,,0.062487438321113586,
1612,12899,,,,-0.061823081225156784,,0.061823081225156784
1612,12903,,,-0.06249763071537018,,0.06249763071537018,
1613,12911,,,-0.06247805804014206,,0.06247805804014206,
1614,12919,,,-0.062479112297296524,,0.062479112297296524,
1615,12927,,,-0.06253279000520706,,0.06253279000520706,
1616,12935,,,-0.06258051842451096,,0.06258051842451096,
1617,12943,,,-0.06247787922620773,,0.06247787922620773,
1618,12949,,,,-0.06044711917638779,,0.06044711917638779
1618,12951,,,-0.06260735541582108,,0.06260735541582108,
1619,12959,,,-0.06248157471418381,,0.06248157471418381,
1620,12967,,,-0.06254304200410843,,0.06254304200410843,
1621,12975,,,-0.06263778358697891,,0.06263778358697891,
1622,12983,,,-0.06247170269489288,,0.06247170269489288,
1623,12991,,,-0.06259758025407791,,0.06259758025407791,
1624,12999,,,,-0.05634693801403046,,0.05634693801403046
1624,12999,,,-0.0624484084546566,,0.0624484084546566,
1625,13007,,,-0.06255531311035156,,0.06255531311035156,
1626,13015,,,-0.06252402067184448,,0.06252402067184448,
1627,13023,,,-0.0625675767660141,,0.0625675767660141,
1628,13031,,,-0.06253544986248016,,0.06253544986248016,
1629,13039,,,-0.06251714378595352,,0.06251714378595352,
1630,13047,,,-0.0625375360250473,,0.0625375360250473,
1631,13049,,,,-0.06600065529346466,,0.06600065529346466
1631,13055,,,-0.06269240379333496,,0.06269240379333496,
1632,13063,,,-0.06285246461629868,,0.06285246461629868,
1633,13071,,,-0.06256356090307236,,0.06256356090307236,
1634,13079,,,-0.06252697855234146,,0.06252697855234146,
1635,13087,,,-0.06255099177360535,,0.06255099177360535,
1636,13095,,,-0.06277289986610413,,0.06277289986610413,
1637,13099,,,,-0.07017655670642853,,0.07017655670642853
1637,13103,,,-0.06257713586091995,,0.06257713586091995,
1638,13111,,,-0.06251244992017746,,0.06251244992017746,
1639,13119,,,-0.06269359588623047,,0.06269359588623047,
1640,13127,,,-0.06256470084190369,,0.06256470084190369,
1641,13135,,,-0.0626368522644043,,0.0626368522644043,
1642,13143,,,-0.06258248537778854,,0.06258248537778854,
1643,13149,,,,-0.07207097858190536,,0.07207097858190536
1643,13151,,,-0.06258580833673477,,0.06258580833673477,
1644,13159,,,-0.06273769587278366,,0.06273769587278366,
1645,13167,,,-0.06240258738398552,,0.06240258738398552,
1646,13175,,,-0.06258021295070648,,0.06258021295070648,
1647,13183,,,-0.062483709305524826,,0.062483709305524826,
1648,13191,,,-0.06272392719984055,,0.06272392719984055,
1649,13199,,,,-0.07031850516796112,,0.07031850516796112
1649,13199,,,-0.0626852959394455,,0.0626852959394455,
1650,13207,,,-0.06260380893945694,,0.06260380893945694,
1651,13215,,,-0.06257525086402893,,0.06257525086402893,
1652,13223,,,-0.0625155121088028,,0.0625155121088028,
1653,13231,,,-0.06250737607479095,,0.06250737607479095,
1654,13239,,,-0.06255219876766205,,0.06255219876766205,
1655,13247,,,-0.06266263127326965,,0.06266263127326965,
1656,13249,,,,-0.05408515781164169,,0.05408515781164169
1656,13255,,,-0.06277486681938171,,0.06277486681938171,
1657,13263,,,-0.06272221356630325,,0.06272221356630325,
1658,13271,,,-0.06250521540641785,,0.06250521540641785,
1659,13279,,,-0.06255339086055756,,0.06255339086055756,
1660,13287,,,-0.06261947751045227,,0.06261947751045227,
1661,13295,,,-0.06268473714590073,,0.06268473714590073,
1662,13299,,,,-0.06522665172815323,,0.06522665172815323
1662,13303,,,-0.06258701533079147,,0.06258701533079147,
1663,13311,,,-0.06253223121166229,,0.06253223121166229,
1664,13319,,,-0.06261184811592102,,0.06261184811592102,
1665,13327,,,-0.06245994195342064,,0.06245994195342064,
1666,13335,,,-0.06259961426258087,,0.06259961426258087,
1667,13343,,,-0.06272479146718979,,0.06272479146718979,
1668,13349,,,,-0.06537475436925888,,0.06537475436925888
1668,13351,,,-0.06260097771883011,,0.06260097771883011,
1669,13359,,,-0.06269484758377075,,0.06269484758377075,
1670,13367,,,-0.06266665458679199,,0.06266665458679199,
1671,13375,,,-0.06268518418073654,,0.06268518418073654,
1672,13383,,,-0.06252618134021759,,0.06252618134021759,
1673,13391,,,-0.06256643682718277,,0.06256643682718277,
1674,13399,,,,-0.07001271098852158,,0.07001271098852158
1674,13399,,,-0.06249077245593071,,0.06249077245593071,
1675,13407,,,-0.0625072568655014,,0.0625072568655014,
1676,13415,,,-0.06272780895233154,,0.06272780895233154,
1677,13423,,,-0.06260974705219269,,0.06260974705219269,
1678,13431,,,-0.062492381781339645,,0.062492381781339645,
1679,13439,,,-0.06244667246937752,,0.06244667246937752,
1680,13447,,,-0.06257946044206619,,0.06257946044206619,
1681,13449,,,,-0.044518183916807175,,0.044518183916807175
1681,13455,,,-0.06278257817029953,,0.06278257817029953,
1682,13463,,,-0.06258038431406021,,0.06258038431406021,
1683,13471,,,-0.06255868077278137,,0.06255868077278137,
1684,13479,,,-0.06248435005545616,,0.06248435005545616,
1685,13487,,,-0.06257335096597672,,0.06257335096597672,
1686,13495,,,-0.062474798411130905,,0.062474798411130905,
1687,13499,,,,-0.06170063093304634,,0.06170063093304634
1687,13503,,,-0.06254009157419205,,0.06254009157419205,
1688,13511,,,-0.06252136081457138,,0.06252136081457138,
1689,13519,,,-0.06261725723743439,,0.06261725723743439,
1690,13527,,,-0.06277970224618912,,0.06277970224618912,
1691,13535,,,-0.06257101893424988,,0.06257101893424988,
1692,13543,,,-0.06264904886484146,,0.06264904886484146,
1693,13549,,,,-0.06673483550548553,,0.06673483550548553
1693,13551,,,-0.06248299032449722,,0.06248299032449722,
1694,13559,,,-0.06252383440732956,,0.06252383440732956,
1695,13567,,,-0.06254616379737854,,0.06254616379737854,
1696,13575,,,-0.06253117322921753,,0.06253117322921753,
1697,13583,,,-0.06269212812185287,,0.06269212812185287,
1698,13591,,,-0.0625973716378212,,0.0625973716378212,
1699,13599,,,,-0.06401167064905167,,0.06401167064905167
1699,13599,,,-0.062466975301504135,,0.062466975301504135,
1700,13607,,,-0.062627874314785,,0.062627874314785,
1701,13615,,,-0.06247440353035927,,0.06247440353035927,
1702,13623,,,-0.06250288337469101,,0.06250288337469101,
1703,13631,,,-0.06254354119300842,,0.06254354119300842,
1704,13639,,,-0.06256061792373657,,0.06256061792373657,
1705,13647,,,-0.06261158734560013,,0.06261158734560013,
1706,13649,,,,-0.07968263328075409,,0.07968263328075409
1706,13655,,,-0.06259743869304657,,0.06259743869304657,
1707,13663,,,-0.06254366785287857,,0.06254366785287857,
1708,13671,,,-0.06256148219108582,,0.06256148219108582,
1709,13679,,,-0.06271431595087051,,0.06271431595087051,
1710,13687,,,-0.06263682246208191,,0.06263682246208191,
1711,13695,,,-0.06270578503608704,,0.06270578503608704,
1712,13699,,,,-0.06746025383472443,,0.06746025383472443
1712,13703,,,-0.06247233226895332,,0.06247233226895332,
1713,13711,,,-0.06252552568912506,,0.06252552568912506,
1714,13719,,,-0.06260903924703598,,0.06260903924703598,
1715,13727,,,-0.06254569441080093,,0.06254569441080093,
1716,13735,,,-0.06264723837375641,,0.06264723837375641,
1717,13743,,,-0.062456127256155014,,0.062456127256155014,
1718,13749,,,,-0.06045722961425781,,0.06045722961425781
1718,13751,,,-0.06254042685031891,,0.06254042685031891,
1719,13759,,,-0.06279869377613068,,0.06279869377613068,
1720,13767,,,-0.06270864605903625,,0.06270864605903625,
1721,13775,,,-0.06270366162061691,,0.06270366162061691,
1722,13783,,,-0.06256057322025299,,0.06256057322025299,
1723,13791,,,-0.06251012533903122,,0.06251012533903122,
1724,13799,,,,-0.05977039411664009,,0.05977039411664009
1724,13799,,,-0.06271091103553772,,0.06271091103553772,
1725,13807,,,-0.06248871609568596,,0.06248871609568596,
1726,13815,,,-0.0626157820224762,,0.0626157820224762,
1727,13823,,,-0.0625777542591095,,0.0625777542591095,
1728,13831,,,-0.062496185302734375,,0.062496185302734375,
1729,13839,,,-0.06262251734733582,,0.06262251734733582,
1730,13847,,,-0.06250644475221634,,0.06250644475221634,
1731,13849,,,,-0.05993695184588432,,0.05993695184588432
1731,13855,,,-0.06260547786951065,,0.06260547786951065,
1732,13863,,,-0.06257279962301254,,0.06257279962301254,
1733,13871,,,-0.06267037242650986,,0.06267037242650986,
1734,13879,,,-0.0624774768948555,,0.0624774768948555,
1735,13887,,,-0.06249866262078285,,0.06249866262078285,
1736,13895,,,-0.06261418759822845,,0.06261418759822845,
1737,13899,,,,-0.06995348632335663,,0.06995348632335663
1737,13903,,,-0.06254736334085464,,0.06254736334085464,
1738,13911,,,-0.06261324137449265,,0.06261324137449265,
1739,13919,,,-0.06254076212644577,,0.06254076212644577,
1740,13927,,,-0.06253623962402344,,0.06253623962402344,
1741,13935,,,-0.06256789714097977,,0.06256789714097977,
1742,13943,,,-0.06258988380432129,,0.06258988380432129,
1743,13949,,,,-0.07141609489917755,,0.07141609489917755
1743,13951,,,-0.06264118105173111,,0.06264118105173111,
1744,13959,,,-0.06251915544271469,,0.06251915544271469,
1745,13967,,,-0.0626327320933342,,0.0626327320933342,
1746,13975,,,-0.06257147341966629,,0.06257147341966629,
1747,13983,,,-0.06272031366825104,,0.06272031366825104,
1748,13991,,,-0.0626155287027359,,0.0626155287027359,
1749,13999,,,,-0.06622114032506943,,0.06622114032506943
1749,13999,,,-0.06255199015140533,,0.06255199015140533,
1750,14007,,,-0.06262092292308807,,0.06262092292308807,
1751,14015,,,-0.06254881620407104,,0.06254881620407104,
1752,14023,,,-0.06251750141382217,,0.06251750141382217,
1753,14031,,,-0.0624760240316391,,0.0624760240316391,
1754,14039,,,-0.06263063848018646,,0.06263063848018646,
1755,14047,,,-0.06260296702384949,,0.06260296702384949,
1756,14049,,,,-0.059377193450927734,,0.059377193450927734
1756,14055,,,-0.06253141164779663,,0.06253141164779663,
1757,14063,,,-0.06252879649400711,,0.06252879649400711,
1758,14071,,,-0.06260497123003006,,0.06260497123003006,
1759,14079,,,-0.06256777793169022,,0.06256777793169022,
1760,14087,,,-0.06271237879991531,,0.06271237879991531,
1761,14095,,,-0.06271553039550781,,0.06271553039550781,
1762,14099,,,,-0.058342598378658295,,0.058342598378658295
1762,14103,,,-0.06260223686695099,,0.06260223686695099,
1763,14111,,,-0.06269902735948563,,0.06269902735948563,
1764,14119,,,-0.06256601214408875,,0.06256601214408875,
1765,14127,,,-0.06252525001764297,,0.06252525001764297,
1766,14135,,,-0.06271246075630188,,0.06271246075630188,
1767,14143,,,-0.062443334609270096,,0.062443334609270096,
1768,14149,,,,-0.06298637390136719,,0.06298637390136719
1768,14151,,,-0.06264840066432953,,0.06264840066432953,
1769,14159,,,-0.06243433058261871,,0.06243433058261871,
1770,14167,,,-0.06256835162639618,,0.06256835162639618,
1771,14175,,,-0.0626014918088913,,0.0626014918088913,
1772,14183,,,-0.06262384355068207,,0.06262384355068207,
1773,14191,,,-0.06259480118751526,,0.06259480118751526,
1774,14199,,,,-0.06573767960071564,,0.06573767960071564
1774,14199,,,-0.06257735937833786,,0.06257735937833786,
1775,14207,,,-0.06258890777826309,,0.06258890777826309,
1776,14215,,,-0.06251448392868042,,0.06251448392868042,
1777,14223,,,-0.06273201107978821,,0.06273201107978821,
1778,14231,,,-0.0625511109828949,,0.0625511109828949,
1779,14239,,,-0.06270583719015121,,0.06270583719015121,
1780,14247,,,-0.06253808736801147,,0.06253808736801147,
1781,14249,,,,-0.06965780258178711,,0.06965780258178711
1781,14255,,,-0.06269257515668869,,0.06269257515668869,
1782,14263,,,-0.06257890909910202,,0.06257890909910202,
1783,14271,,,-0.06255010515451431,,0.06255010515451431,
1784,14279,,,-0.06256183981895447,,0.06256183981895447,
1785,14287,,,-0.06261897087097168,,0.06261897087097168,
1786,14295,,,-0.06268690526485443,,0.06268690526485443,
1787,14299,,,,-0.0713113322854042,,0.0713113322854042
1787,14303,,,-0.06266199052333832,,0.06266199052333832,
1788,14311,,,-0.06247419863939285,,0.06247419863939285,
1789,14319,,,-0.06268962472677231,,0.06268962472677231,
1790,14327,,,-0.06255340576171875,,0.06255340576171875,
1791,14335,,,-0.06253505498170853,,0.06253505498170853,
1792,14343,,,-0.06254086643457413,,0.06254086643457413,
1793,14349,,,,-0.05080099031329155,,0.05080099031329155
1793,14351,,,-0.062485743314027786,,0.062485743314027786,
1794,14359,,,-0.06260716170072556,,0.06260716170072556,
1795,14367,,,-0.06257186084985733,,0.06257186084985733,
1796,14375,,,-0.06257911026477814,,0.06257911026477814,
1797,14383,,,-0.06256890296936035,,0.06256890296936035,
1798,14391,,,-0.06250731647014618,,0.06250731647014618,
1799,14399,,,,-0.07082758098840714,,0.07082758098840714
1799,14399,,,-0.06270885467529297,,0.06270885467529297,
1800,14407,,,-0.06248557195067406,,0.06248557195067406,
1801,14415,,,-0.06247496232390404,,0.06247496232390404,
1802,14423,,,-0.0625096932053566,,0.0625096932053566,
1803,14431,,,-0.06265351176261902,,0.06265351176261902,
1804,14439,,,-0.06261898577213287,,0.06261898577213287,
1805,14447,,,-0.06249783933162689,,0.06249783933162689,
1806,14449,,,,-0.07544679939746857,,0.07544679939746857
1806,14455,,,-0.06263513118028641,,0.06263513118028641,
1807,14463,,,-0.0627778172492981,,0.0627778172492981,
1808,14471,,,-0.06252840906381607,,0.06252840906381607,
1809,14479,,,-0.06252133846282959,,0.06252133846282959,
1810,14487,,,-0.06256894022226334,,0.06256894022226334,
1811,14495,,,-0.06252531707286835,,0.06252531707286835,
1812,14499,,,,-0.05583219602704048,,0.05583219602704048
1812,14503,,,-0.06257958710193634,,0.06257958710193634,
1813,14511,,,-0.06261664628982544,,0.06261664628982544,
1814,14519,,,-0.0625343769788742,,0.0625343769788742,
1815,14527,,,-0.06261369585990906,,0.06261369585990906,
1816,14535,,,-0.06254871934652328,,0.06254871934652328,
1817,14543,,,-0.06254909932613373,,0.06254909932613373,
1818,14549,,,,-0.06836891174316406,,0.06836891174316406
1818,14551,,,-0.0625670924782753,,0.0625670924782753,
1819,14559,,,-0.06253677606582642,,0.06253677606582642,
1820,14567,,,-0.062465742230415344,,0.062465742230415344,
1821,14575,,,-0.06263074278831482,,0.06263074278831482,
1822,14583,,,-0.06257651001214981,,0.06257651001214981,
1823,14591,,,-0.0628669336438179,,0.0628669336438179,
1824,14599,,,,-0.06471867859363556,,0.06471867859363556
1824,14599,,,-0.06264514476060867,,0.06264514476060867,
1825,14607,,,-0.06262554228305817,,0.06262554228305817,
1826,14615,,,-0.06272336095571518,,0.06272336095571518,
1827,14623,,,-0.06249183416366577,,0.06249183416366577,
1828,14631,,,-0.06266969442367554,,0.06266969442367554,
1829,14639,,,-0.06259848177433014,,0.06259848177433014,
1830,14647,,,-0.06244732812047005,,0.06244732812047005,
1831,14649,,,,-0.0641842857003212,,0.0641842857003212
1831,14655,,,-0.06269390881061554,,0.06269390881061554,
1832,14663,,,-0.06249435245990753,,0.06249435245990753,
1833,14671,,,-0.06249920651316643,,0.06249920651316643,
1834,14679,,,-0.062413789331912994,,0.062413789331912994,
1835,14687,,,-0.06256206333637238,,0.06256206333637238,
1836,14695,,,-0.06257014721632004,,0.06257014721632004,
1837,14699,,,,-0.06477804481983185,,0.06477804481983185
1837,14703,,,-0.06258019804954529,,0.06258019804954529,
1838,14711,,,-0.06252646446228027,,0.06252646446228027,
1839,14719,,,-0.06271229684352875,,0.06271229684352875,
1840,14727,,,-0.06260032206773758,,0.06260032206773758,
1841,14735,,,-0.0625784695148468,,0.0625784695148468,
1842,14743,,,-0.06253549456596375,,0.06253549456596375,
1843,14749,,,,-0.0556703582406044,,0.0556703582406044
1843,14751,,,-0.0625050738453865,,0.0625050738453865,
1844,14759,,,-0.06285471469163895,,0.06285471469163895,
1845,14767,,,-0.06254842877388,,0.06254842877388,
1846,14775,,,-0.06263409554958344,,0.06263409554958344,
1847,14783,,,-0.06251304596662521,,0.06251304596662521,
1848,14791,,,-0.06251312047243118,,0.06251312047243118,
1849,14799,,,,-0.06257452815771103,,0.06257452815771103
1849,14799,,,-0.06270013004541397,,0.06270013004541397,
1850,14807,,,-0.06261425465345383,,0.06261425465345383,
1851,14815,,,-0.06239086762070656,,0.06239086762070656,
1852,14823,,,-0.06245402246713638,,0.06245402246713638,
1853,14831,,,-0.06264346092939377,,0.06264346092939377,
1854,14839,,,-0.06265851855278015,,0.06265851855278015,
1855,14847,,,-0.06249900534749031,,0.06249900534749031,
1856,14849,,,,-0.05277752876281738,,0.05277752876281738
1856,14855,,,-0.06259696185588837,,0.06259696185588837,
1857,14863,,,-0.062467969954013824,,0.062467969954013824,
1858,14871,,,-0.06258419901132584,,0.06258419901132584,
1859,14879,,,-0.0625593364238739,,0.0625593364238739,
1860,14887,,,-0.06254635006189346,,0.06254635006189346,
1861,14895,,,-0.06255428493022919,,0.06255428493022919,
1862,14899,,,,-0.04803876951336861,,0.04803876951336861
1862,14903,,,-0.06254658102989197,,0.06254658102989197,
1863,14911,,,-0.06258077919483185,,0.06258077919483185,
1864,14919,,,-0.06270471215248108,,0.06270471215248108,
1865,14927,,,-0.06252314150333405,,0.06252314150333405,
1866,14935,,,-0.06251692771911621,,0.06251692771911621,
1867,14943,,,-0.062579445540905,,0.062579445540905,
1868,14949,,,,-0.05884838104248047,,0.05884838104248047
1868,14951,,,-0.06266777962446213,,0.06266777962446213,
1869,14959,,,-0.06258897483348846,,0.06258897483348846,
1870,14967,,,-0.06266049295663834,,0.06266049295663834,
1871,14975,,,-0.0626189336180687,,0.0626189336180687,
1872,14983,,,-0.0625704973936081,,0.0625704973936081,
1873,14991,,,-0.06252135336399078,,0.06252135336399078,
1874,14999,,,,-0.07233057171106339,,0.07233057171106339
1874,14999,,,-0.06259161978960037,,0.06259161978960037,
1875,15007,,,-0.06259450316429138,,0.06259450316429138,
1876,15015,,,-0.06268003582954407,,0.06268003582954407,
1877,15023,,,-0.062486033886671066,,0.062486033886671066,
1878,15031,,,-0.06257893145084381,,0.06257893145084381,
1879,15039,,,-0.06253431737422943,,0.06253431737422943,
1880,15047,,,-0.06258492171764374,,0.06258492171764374,
1881,15049,,,,-0.06996555626392365,,0.06996555626392365
1881,15055,,,-0.06252297013998032,,0.06252297013998032,
1882,15063,,,-0.0627296045422554,,0.0627296045422554,
1883,15071,,,-0.06250697374343872,,0.06250697374343872,
1884,15079,,,-0.06256823986768723,,0.06256823986768723,
1885,15087,,,-0.06242882087826729,,0.06242882087826729,
1886,15095,,,-0.06247066706418991,,0.06247066706418991,
1887,15099,,,,-0.07921771705150604,,0.07921771705150604
1887,15103,,,-0.06255039572715759,,0.06255039572715759,
1888,15111,,,-0.06257489323616028,,0.06257489323616028,
1889,15119,,,-0.06266351044178009,,0.06266351044178009,
1890,15127,,,-0.06263098865747452,,0.06263098865747452,
1891,15135,,,-0.06256400048732758,,0.06256400048732758,
1892,15143,,,-0.06262529641389847,,0.06262529641389847,
1893,15149,,,,-0.051905013620853424,,0.051905013620853424
1893,15151,,,-0.06251708418130875,,0.06251708418130875,
1894,15159,,,-0.06239921972155571,,0.06239921972155571,
1895,15167,,,-0.06255612522363663,,0.06255612522363663,
1896,15175,,,-0.062534399330616,,0.062534399330616,
1897,15183,,,-0.06263444572687149,,0.06263444572687149,
1898,15191,,,-0.06271065026521683,,0.06271065026521683,
1899,15199,,,,-0.07905769348144531,,0.07905769348144531
1899,15199,,,-0.06258121132850647,,0.06258121132850647,
1900,15207,,,-0.06268177181482315,,0.06268177181482315,
1901,15215,,,-0.06259725987911224,,0.06259725987911224,
1902,15223,,,-0.06273572891950607,,0.06273572891950607,
1903,15231,,,-0.06259582191705704,,0.06259582191705704,
1904,15239,,,-0.06264352053403854,,0.06264352053403854,
1905,15247,,,-0.06258725374937057,,0.06258725374937057,
1906,15249,,,,-0.04919719696044922,,0.04919719696044922
1906,15255,,,-0.06272688508033752,,0.06272688508033752,
1907,15263,,,-0.06258903443813324,,0.06258903443813324,
1908,15271,,,-0.06260614842176437,,0.06260614842176437,
1909,15279,,,-0.06256949156522751,,0.06256949156522751,
1910,15287,,,-0.06279504299163818,,0.06279504299163818,
1911,15295,,,-0.06273160874843597,,0.06273160874843597,
1912,15299,,,,-0.054566241800785065,,0.054566241800785065
1912,15303,,,-0.06251242011785507,,0.06251242011785507,
1913,15311,,,-0.06266734004020691,,0.06266734004020691,
1914,15319,,,-0.06263847649097443,,0.06263847649097443,
1915,15327,,,-0.0626155436038971,,0.0626155436038971,
1916,15335,,,-0.06264443695545197,,0.06264443695545197,
1917,15343,,,-0.06257006525993347,,0.06257006525993347,
1918,15349,,,,-0.07055425643920898,,0.07055425643920898
1918,15351,,,-0.06256810575723648,,0.06256810575723648,
1919,15359,,,-0.0624581053853035,,0.0624581053853035,
1920,15367,,,-0.06257480382919312,,0.06257480382919312,
1921,15375,,,-0.06248550862073898,,0.06248550862073898,
1922,15383,,,-0.06258981674909592,,0.06258981674909592,
1923,15391,,,-0.06259068101644516,,0.06259068101644516,
1924,15399,,,,-0.06533642113208771,,0.06533642113208771
1924,15399,,,-0.062481556087732315,,0.062481556087732315,
1925,15407,,,-0.06265208125114441,,0.06265208125114441,
1926,15415,,,-0.06262753903865814,,0.06262753903865814,
1927,15423,,,-0.06258902698755264,,0.06258902698755264,
1928,15431,,,-0.06264930218458176,,0.06264930218458176,
1929,15439,,,-0.06254201382398605,,0.06254201382398605,
1930,15447,,,-0.06251177936792374,,0.06251177936792374,
1931,15449,,,,-0.06264200061559677,,0.06264200061559677
1931,15455,,,-0.06264514476060867,,0.06264514476060867,
1932,15463,,,-0.06266765296459198,,0.06266765296459198,
1933,15471,,,-0.06258505582809448,,0.06258505582809448,
1934,15479,,,-0.06273666024208069,,0.06273666024208069,
1935,15487,,,-0.06246047466993332,,0.06246047466993332,
1936,15495,,,-0.06264291703701019,,0.06264291703701019,
1937,15499,,,,-0.0774422138929367,,0.0774422138929367
1937,15503,,,-0.06259723007678986,,0.06259723007678986,
1938,15511,,,-0.0626726746559143,,0.0626726746559143,
1939,15519,,,-0.06257309019565582,,0.06257309019565582,
1940,15527,,,-0.06257303804159164,,0.06257303804159164,
1941,15535,,,-0.06262572854757309,,0.06262572854757309,
1942,15543,,,-0.06254556030035019,,0.06254556030035019,
1943,15549,,,,-0.05798740312457085,,0.05798740312457085
1943,15551,,,-0.06263092905282974,,0.06263092905282974,
1944,15559,,,-0.06250472366809845,,0.06250472366809845,
1945,15567,,,-0.06264801323413849,,0.06264801323413849,
1946,15575,,,-0.06253603100776672,,0.06253603100776672,
1947,15583,,,-0.06262648850679398,,0.06262648850679398,
1948,15591,,,-0.06267882138490677,,0.06267882138490677,
1949,15599,,,,-0.06425309181213379,,0.06425309181213379
1949,15599,,,-0.06252274662256241,,0.06252274662256241,
1950,15607,,,-0.0627022236585617,,0.0627022236585617,
1951,15615,,,-0.06261391192674637,,0.06261391192674637,
1952,15623,,,-0.06259145587682724,,0.06259145587682724,
1953,15631,,,-0.06256645172834396,,0.06256645172834396,
1954,15639,,,-0.06264947354793549,,0.06264947354793549,
1955,15647,,,-0.06251890957355499,,0.06251890957355499,
1956,15649,,,,-0.06648001819849014,,0.06648001819849014
1956,15655,,,-0.06261541694402695,,0.06261541694402695,
1957,15663,,,-0.06257026642560959,,0.06257026642560959,
1958,15671,,,-0.06266948580741882,,0.06266948580741882,
1959,15679,,,-0.062590591609478,,0.062590591609478,
1960,15687,,,-0.06261017918586731,,0.06261017918586731,
1961,15695,,,-0.06273628026247025,,0.06273628026247025,
1962,15699,,,,-0.0709863156080246,,0.0709863156080246
1962,15703,,,-0.06256512552499771,,0.06256512552499771,
1963,15711,,,-0.06265346705913544,,0.06265346705913544,
1964,15719,,,-0.062415141612291336,,0.062415141612291336,
1965,15727,,,-0.06256822496652603,,0.06256822496652603,
1966,15735,,,-0.06268396973609924,,0.06268396973609924,
1967,15743,,,-0.06271936744451523,,0.06271936744451523,
1968,15749,,,,-0.05872302129864693,,0.05872302129864693
1968,15751,,,-0.06261878460645676,,0.06261878460645676,
1969,15759,,,-0.06258723884820938,,0.06258723884820938,
1970,15767,,,-0.06265494227409363,,0.06265494227409363,
1971,15775,,,-0.06265343725681305,,0.06265343725681305,
1972,15783,,,-0.06256584823131561,,0.06256584823131561,
1973,15791,,,-0.06255163252353668,,0.06255163252353668,
1974,15799,,,,-0.056960057467222214,,0.056960057467222214
1974,15799,,,-0.0624828115105629,,0.0624828115105629,
1975,15807,,,-0.06267848610877991,,0.06267848610877991,
1976,15815,,,-0.06257052719593048,,0.06257052719593048,
1977,15823,,,-0.06255649775266647,,0.06255649775266647,
1978,15831,,,-0.06261729449033737,,0.06261729449033737,
1979,15839,,,-0.06255710124969482,,0.06255710124969482,
1980,15847,,,-0.06248469278216362,,0.06248469278216362,
1981,15849,,,,-0.06334228813648224,,0.06334228813648224
1981,15855,,,-0.06260998547077179,,0.06260998547077179,
1982,15863,,,-0.06259742379188538,,0.06259742379188538,
1983,15871,,,-0.06249938905239105,,0.06249938905239105,
1984,15879,,,-0.06262103468179703,,0.06262103468179703,
1985,15887,,,-0.06255771219730377,,0.06255771219730377,
1986,15895,,,-0.06259651482105255,,0.06259651482105255,
1987,15899,,,,-0.06586074829101562,,0.06586074829101562
1987,15903,,,-0.06256622076034546,,0.06256622076034546,
1988,15911,,,-0.06254931539297104,,0.06254931539297104,
1989,15919,,,-0.06253381073474884,,0.06253381073474884,
1990,15927,,,-0.06263556331396103,,0.06263556331396103,
1991,15935,,,-0.06259274482727051,,0.06259274482727051,
1992,15943,,,-0.06258969753980637,,0.06258969753980637,
1993,15949,,,,-0.06081352382898331,,0.06081352382898331
1993,15951,,,-0.06260544806718826,,0.06260544806718826,
1994,15959,,,-0.06261952221393585,,0.06261952221393585,
1995,15967,,,-0.06273846328258514,,0.06273846328258514,
1996,15975,,,-0.06258687376976013,,0.06258687376976013,
1997,15983,,,-0.0626230537891388,,0.0626230537891388,
1998,15991,,,-0.06247558072209358,,0.06247558072209358,
1999,15999,,,,-0.06234269216656685,,0.06234269216656685
1999,15999,,,-0.06270468235015869,,0.06270468235015869,
2000,16000,-0.06054000183939934,0.06054000183939934,,,,
